seed,process_noise_scale,donor_fold,client_position,scenario,case,controller,state_source,correction,selected_plant,tracking_rmse_deg_s,tracking_peak_deg_s,beta_rmse_deg,yaw_rmse_deg_s,front_force_rmse,rear_force_rmse,applied_steer_rmse_deg,command_rms_deg,command_rate_rms_deg_s,saturation_samples,beta_violation_samples,steering_violation_samples,finite,design_failed,record_path,record_sha256,command_beta_rms_deg,command_yaw_rate_rms_deg,command_front_force_per_mass_rms_deg,command_rear_force_per_mass_rms_deg,command_applied_steering_rms_deg,command_total_rms_deg,command_joint_force_rms_deg,moment_00_rad2,moment_01_rad2,moment_02_rad2,moment_03_rad2,moment_04_rad2,moment_10_rad2,moment_11_rad2,moment_12_rad2,moment_13_rad2,moment_14_rad2,moment_20_rad2,moment_21_rad2,moment_22_rad2,moment_23_rad2,moment_24_rad2,moment_30_rad2,moment_31_rad2,moment_32_rad2,moment_33_rad2,moment_34_rad2,moment_40_rad2,moment_41_rad2,moment_42_rad2,moment_43_rad2,moment_44_rad2
603,0.01,0,2,broadband,nominal_with_nominal_kf,nominal,nominal_kf,none,0,0.12546493848381993,0.36611063653517034,0.013146958042568853,0.02246609367693602,0.010386655436070915,0.013033118363080801,0.006672360691406454,0.26655896438842697,17.12005034327489,0,0,0,True,False,results/data/experiment_10hq/experiment_10hq_seed603_Q0.01_fold0_client2_broadband_nominal_with_nominal_kf.npz,e02b51275f71d44ab4cb5721a52117c30dc082a004889f39907c7fa9bf7be422,0.05375101825578364,0.24408559433412244,0.1264591007771803,0.14179096617481818,0.07117700419532678,0.27746853756914136,0.21554224388694462,8.800921088516997e-07,-2.8183715454490918e-06,8.75320595554762e-07,2.2491154079199755e-06,2.812825354587269e-07,-2.8183715454490918e-06,1.8148428816469373e-05,6.99576704858063e-08,-7.845821075200616e-06,-3.3096905398574826e-07,8.75320595554762e-07,6.99576704858063e-08,4.871412585550725e-06,1.5782040633649556e-06,1.1067604699425569e-06,2.2491154079199755e-06,-7.845821075200616e-06,1.5782040633649556e-06,6.1242351650491086e-06,7.768785783618213e-07,2.812825354587269e-07,-3.3096905398574826e-07,1.1067604699425569e-06,7.768785783618213e-07,1.5432423926569547e-06
603,0.01,0,2,broadband,nominal_with_learned_kf,nominal,learned_kf,none,0,0.1305646065636557,0.35324929054616133,0.023602877813890248,0.022568074385896225,0.13466801701319536,0.13802481422068416,0.010345247539612912,0.2856578915178706,22.213279986873918,0,0,0,True,False,results/data/experiment_10hq/experiment_10hq_seed603_Q0.01_fold0_client2_broadband_nominal_with_learned_kf.npz,74e9e2cbbeaf54093b4ffb502fbcbff903378d2dce22b0f20dfb207e023528b8,0.09613718316054894,0.24616718358887255,1.5211214305865506,1.4818999999427538,0.11049701875039918,3.135443760038068,2.9973468872118563,2.815383242454088e-06,-1.131859450078292e-06,-2.2070335732365547e-05,-2.003286754928099e-05,-4.865914741391973e-07,-1.131859450078292e-06,1.8459292390445417e-05,6.814697836585183e-05,6.687479476825889e-05,1.9811476687742327e-06,-2.2070335732365547e-05,6.814697836585183e-05,0.0007048269559309818,0.0006814672979176166,1.1961485093947861e-05,-2.003286754928099e-05,6.687479476825889e-05,0.0006814672979176166,0.000668948264286889,1.1253455687432982e-05,-4.865914741391973e-07,1.9811476687742327e-06,1.1961485093947861e-05,1.1253455687432982e-05,3.719254153594039e-06
603,0.01,0,2,broadband,nominal_with_true_state,nominal,true_state,all,0,0.13212883743706275,0.40601821396587295,0.013132558001790964,0.022254484513212464,0.010091122860422654,0.01302299017966355,0.006327607437376163,0.23415341103061887,2.408743960890857,0,0,0,True,False,results/data/experiment_10hq/experiment_10hq_seed603_Q0.01_fold0_client2_broadband_nominal_with_true_state.npz,ad7a4fcd8049e3cf96cef689b7fd14c1b852b97c1fc3c598f96a29015fda6a03,0.0,0.0,0.0,0.0,0.0,0.0,0.0,0.0,0.0,0.0,0.0,0.0,0.0,0.0,0.0,0.0,0.0,0.0,0.0,0.0,0.0,0.0,0.0,0.0,0.0,0.0,0.0,0.0,0.0,0.0,0.0,0.0
603,0.01,0,2,broadband,learned_with_nominal_kf,learned,nominal_kf,none,0,1.5163998809993464,4.562470302961739,0.022826903375232896,0.03781196233025225,0.017319745291380903,0.022474433915764768,0.007625542657342798,0.4738254418817597,29.31201654821609,0,0,0,True,False,results/data/experiment_10hq/experiment_10hq_seed603_Q0.01_fold0_client2_broadband_learned_with_nominal_kf.npz,7e0d132dbae2e3cba5b14245580bb2ca5281cd2b8d018ba85c6722ad98a5dbca,0.04998129945945411,0.45282084178988824,0.2983490282165319,2.183176319480307,0.08966301644771235,2.0393930476436206,2.3010422767469083,7.609740049536247e-07,-5.415627209497204e-06,2.2983591601236736e-06,3.197278020600603e-05,4.980477330972891e-07,-5.415627209497204e-06,6.24608011857201e-05,5.536636669407902e-08,-0.0002560483262155582,-3.778536395142116e-06,2.2983591601236736e-06,5.536636669407902e-08,2.711464921999756e-05,6.694342095410085e-05,1.7382021498597819e-06,3.197278020600603e-05,-0.0002560483262155582,6.694342095410085e-05,0.0014518854704672205,2.287169771026154e-05,4.980477330972891e-07,-3.778536395142116e-06,1.7382021498597819e-06,2.287169771026154e-05,2.4489585011537385e-06
603,0.01,0,2,broadband,learned_with_learned_kf,learned,learned_kf,none,0,0.15509734161344557,0.45432967728291684,0.02609441616239156,0.023922648936055183,0.14886738512589612,0.15285112945890983,0.011792466803701097,0.379986888601983,36.30052083882096,0,0,0,True,False,results/data/experiment_10hq/experiment_10hq_seed603_Q0.01_fold0_client2_broadband_learned_with_learned_kf.npz,3cc338eb3971d45e3f1e4a3c118d4b783b70f4d3e682968af34f2adb262f1af7,0.057117598149011475,0.28876048420761435,2.4762682799462152,14.679936962899932,0.13599733913086545,17.325762668469192,17.140072406071983,9.937899682386953e-07,-8.302407113138817e-07,-2.220561554191418e-05,-0.00012309891452172748,-3.8537807318182025e-07,-8.302407113138817e-07,2.5399797718655447e-05,0.000134696702737791,0.0008047511251438604,2.4398405450902407e-06,-2.220561554191418e-05,0.000134696702737791,0.0018678849558841173,0.01098901679901844,2.4262795412710556e-05,-0.00012309891452172748,0.0008047511251438604,0.01098901679901844,0.06564522127049764,0.0001391270672708371,-3.8537807318182025e-07,2.4398405450902407e-06,2.4262795412710556e-05,0.0001391270672708371,5.633983329723199e-06
603,0.01,0,2,broadband,learned_with_true_state,learned,true_state,all,0,1.4009177153599064,4.21844310977143,0.02209186810374914,0.03669101237757483,0.01660803673051121,0.021782028871723647,0.007168137650562177,0.4134845790828498,3.166805971638073,0,0,0,True,False,results/data/experiment_10hq/experiment_10hq_seed603_Q0.01_fold0_client2_broadband_learned_with_true_state.npz,e1a312eb632fa4856b5780c1fc043c109b33935ae7b45aff1ecd5bcef5a4c3af,0.0,0.0,0.0,0.0,0.0,0.0,0.0,0.0,0.0,0.0,0.0,0.0,0.0,0.0,0.0,0.0,0.0,0.0,0.0,0.0,0.0,0.0,0.0,0.0,0.0,0.0,0.0,0.0,0.0,0.0,0.0,0.0
603,0.01,0,2,broadband,oracle_with_nominal_kf,oracle,nominal_kf,none,0,0.13895909223322614,0.4032991551416435,0.013330789965116161,0.022751145527748453,0.010500674162447073,0.013212425498422236,0.006680018655389645,0.26421450632111804,15.210328434147154,0,0,0,True,False,results/data/experiment_10hq/experiment_10hq_seed603_Q0.01_fold0_client2_broadband_oracle_with_nominal_kf.npz,b383140c0198878e8d173ee8fe8dfb75719fe2d1440d0a1635e5c7f2fb6f9942,0.06437181659504006,0.2217863300664066,0.10316705401125785,0.12818972913565316,0.06948118007343455,0.25017645335242844,0.18635661700304254,1.262252575979893e-06,-3.0816398563693517e-06,8.553838563534904e-07,2.4322200796686053e-06,3.330139008224085e-07,-3.0816398563693517e-06,1.4983879936795261e-05,5.8151393829467064e-08,-6.465436552893349e-06,-3.1568842682883095e-07,8.553838563534904e-07,5.8151393829467064e-08,3.242177545234649e-06,1.1655791106224393e-06,8.738921333360209e-07,2.4322200796686053e-06,-6.465436552893349e-06,1.1655791106224393e-06,5.0056582398816605e-06,6.949862494074039e-07,3.330139008224085e-07,-3.1568842682883095e-07,8.738921333360209e-07,6.949862494074039e-07,1.4705815298486213e-06
603,0.01,0,2,broadband,oracle_with_learned_kf,oracle,learned_kf,none,0,0.11751800890587372,0.3178165701351186,0.024105837982512795,0.022835366495510302,0.1375285326817763,0.14102841591439008,0.010246092129393876,0.275789788157264,19.52827221857227,0,0,0,True,False,results/data/experiment_10hq/experiment_10hq_seed603_Q0.01_fold0_client2_broadband_oracle_with_learned_kf.npz,031d7cd8d478c5ced993bd49d89b35798cddf0246d5ec2fe6b68802ce9ffafd3,0.11600733641898522,0.22357388794710936,1.2454079747311733,1.3494209307398826,0.10685114413969304,2.706715580842186,2.590024760295214,4.099450490882434e-06,-1.2653826878293727e-06,-2.175500316412656e-05,-2.2075145693719277e-05,-5.857112096148414e-07,-1.2653826878293727e-06,1.5226388048021106e-05,5.1026679972880976e-05,5.570885018597532e-05,1.8247293404434442e-06,-2.175500316412656e-05,5.1026679972880976e-05,0.00047247411456921725,0.0005081399923403117,9.652601820821715e-06,-2.2075145693719277e-05,5.570885018597532e-05,0.0005081399923403117,0.0005546890843294418,1.020564434908518e-05,-5.857112096148414e-07,1.8247293404434442e-06,9.652601820821715e-06,1.020564434908518e-05,3.477867954020685e-06
603,0.01,0,2,broadband,oracle_with_true_state,oracle,true_state,all,0,0.1443464755839581,0.4386241741303925,0.0133120860960049,0.02253666053481038,0.010211318285301791,0.013198371488037715,0.006346896942284103,0.23761957843070938,2.195793971329602,0,0,0,True,False,results/data/experiment_10hq/experiment_10hq_seed603_Q0.01_fold0_client2_broadband_oracle_with_true_state.npz,3900df9901d35091dc0fa5dc271ba034ad902e9ff47d22f18a02e9a7d09f49be,0.0,0.0,0.0,0.0,0.0,0.0,0.0,0.0,0.0,0.0,0.0,0.0,0.0,0.0,0.0,0.0,0.0,0.0,0.0,0.0,0.0,0.0,0.0,0.0,0.0,0.0,0.0,0.0,0.0,0.0,0.0,0.0
603,0.01,0,2,broadband,learned_with_learned_kf_correct_beta,learned,learned_kf,beta,0,0.154129237448663,0.449547090794712,0.026089517491073126,0.023917831808277466,0.14871390340511126,0.152712671141011,0.011798334460281217,0.3803528035222418,36.337476811226175,0,0,0,True,False,results/data/experiment_10hq/experiment_10hq_seed603_Q0.01_fold0_client2_broadband_learned_with_learned_kf_correct_beta.npz,6523ef0ded47e9d4712d4d0163c2d39fab3f1e968c7fbf772490cf798cc2b5de,0.0,0.2886968777378816,2.47393706550601,14.668182352482374,0.13607363970023945,17.339297028052318,17.125976418227562,0.0,0.0,0.0,0.0,0.0,0.0,2.5388609113450503e-05,0.00013444731837928097,0.0008035256338244005,2.451152362197359e-06,0.0,0.00013444731837928097,0.0018643696738501166,0.010969750035311861,2.4302284396729435e-05,0.0,0.0008035256338244005,0.010969750035311861,0.06554013566012068,0.00013955611412725798,0.0,2.451152362197359e-06,2.4302284396729435e-05,0.00013955611412725798,5.6403069347067465e-06
603,0.01,0,2,broadband,learned_with_learned_kf_correct_forces,learned,learned_kf,forces,0,1.3633942825002634,4.092347691552149,0.04558718248756864,0.03332258812948202,0.2540350886678064,0.2642260751730126,0.014041763803627266,0.44229963546834006,23.74859008043287,0,0,0,True,False,results/data/experiment_10hq/experiment_10hq_seed603_Q0.01_fold0_client2_broadband_learned_with_learned_kf_correct_forces.npz,5b15dad9f39ecd6ee8ffccd537c89bf6b62c63d260f564516b76ab8a6b1475b2,0.09974963702572075,0.39921419738482367,0.0,0.0,0.16652496534985006,0.4557297426985859,0.0,3.030940307133086e-06,-2.7686647251152068e-06,0.0,0.0,-1.6429047702970785e-06,-2.7686647251152068e-06,4.854747993071196e-05,0.0,0.0,6.0316877236685265e-06,0.0,0.0,0.0,0.0,0.0,0.0,0.0,0.0,0.0,0.0,-1.6429047702970785e-06,6.0316877236685265e-06,0.0,0.0,8.44721288073223e-06
603,0.01,0,2,broadband,learned_with_learned_kf_correct_beta_forces,learned,learned_kf,beta_forces,0,1.36378414805961,4.0792270005705715,0.045643723541747054,0.03334057256823775,0.2538078274389125,0.2640784139384587,0.014088327443336362,0.4427724858863384,23.78052237824261,0,0,0,True,False,results/data/experiment_10hq/experiment_10hq_seed603_Q0.01_fold0_client2_broadband_learned_with_learned_kf_correct_beta_forces.npz,fc7494c22b9d4d6297c48c2c58726ded9a615a613920318c310b2a5240632a61,0.0,0.399435560094987,0.0,0.0,0.16708189833985165,0.4768687935301949,0.0,0.0,0.0,0.0,0.0,0.0,0.0,4.860133363267839e-05,0.0,0.0,6.083014738526424e-06,0.0,0.0,0.0,0.0,0.0,0.0,0.0,0.0,0.0,0.0,0.0,6.083014738526424e-06,0.0,0.0,8.503809782367655e-06
603,0.01,0,2,transient,nominal_with_nominal_kf,nominal,nominal_kf,none,0,0.1156031882858625,0.40391243294405993,0.021410123273828085,0.023097802853458325,0.019015186501799414,0.02201615543793348,0.0067251092730546864,0.5151673578574739,17.90829728401328,0,0,0,True,False,results/data/experiment_10hq/experiment_10hq_seed603_Q0.01_fold0_client2_transient_nominal_with_nominal_kf.npz,f2a5786c5bdd4c73346cd2d5233eb2eadc1655ae1eaf38b465a71bc32734126e,0.09237303960653946,0.2531997037683054,0.2716196412214895,0.30387657251729,0.06950707624035052,0.5861850476584731,0.5515262167613192,2.5992329538782517e-06,-3.97075525565876e-06,6.6032658083760526e-06,8.091099881706829e-06,2.705274233642391e-07,-3.97075525565876e-06,1.952905019454719e-05,-4.612230151845243e-06,-1.351386140407049e-05,8.531746229950023e-08,6.6032658083760526e-06,-4.612230151845243e-06,2.2473829288476536e-05,2.1028192380646108e-05,1.076385802997337e-06,8.091099881706829e-06,-1.351386140407049e-05,2.1028192380646108e-05,2.812866842557602e-05,1.7606769668740635e-07,2.705274233642391e-07,8.531746229950023e-08,1.076385802997337e-06,1.7606769668740635e-07,1.4716779280826651e-06
603,0.01,0,2,transient,nominal_with_learned_kf,nominal,learned_kf,none,0,0.2006280378956605,0.5041815481946587,0.048767340406748134,0.02169695556081669,0.24350978880304364,0.24124603633483088,0.01188090227232282,0.5153858677579568,23.4448782732279,0,0,0,True,False,results/data/experiment_10hq/experiment_10hq_seed603_Q0.01_fold0_client2_transient_nominal_with_learned_kf.npz,03ce924004c060fb057125217e526f893dc796ab6d72da0f23d74d4463a08494,0.21720851342105427,0.23988954306567964,3.356287189426974,3.219936245657424,0.12230398118776417,6.773828081589916,6.571776800214767,1.4371709224461422e-05,-5.569647849993086e-06,0.0001139302438617839,0.00011359561064715411,1.7747759837001565e-06,-5.569647849993086e-06,1.7529816485232128e-05,6.961588528148281e-05,6.29708751642884e-05,-5.909737436191553e-09,0.0001139302438617839,6.961588528148281e-05,0.00343141279042284,0.003283105198659353,1.8181036257680737e-05,0.00011359561064715411,6.29708751642884e-05,0.003283105198659353,0.00315827018735398,1.797800703879212e-05,1.7747759837001565e-06,-5.909737436191553e-09,1.8181036257680737e-05,1.797800703879212e-05,4.5565477276244025e-06
603,0.01,0,2,transient,nominal_with_true_state,nominal,true_state,all,0,0.12072638613003714,0.39595864573737166,0.021376246673989165,0.022935936454793974,0.01884918261842446,0.021980409238667467,0.006367928999209382,0.4960924159643113,2.487074290620642,0,0,0,True,False,results/data/experiment_10hq/experiment_10hq_seed603_Q0.01_fold0_client2_transient_nominal_with_true_state.npz,33510f40aa0de8205d4f0078700577820df00ba4dea47bde874772b8c11d1aab,0.0,0.0,0.0,0.0,0.0,0.0,0.0,0.0,0.0,0.0,0.0,0.0,0.0,0.0,0.0,0.0,0.0,0.0,0.0,0.0,0.0,0.0,0.0,0.0,0.0,0.0,0.0,0.0,0.0,0.0,0.0,0.0
603,0.01,0,2,transient,learned_with_nominal_kf,learned,nominal_kf,none,0,2.3989251007046684,7.309205776769435,0.03472865168402972,0.04656588672789363,0.03030158057236413,0.03536382066497214,0.008542502691044162,0.874105896095822,29.683586159925962,0,0,0,True,False,results/data/experiment_10hq/experiment_10hq_seed603_Q0.01_fold0_client2_transient_learned_with_nominal_kf.npz,2686c29cd81afa60019c3af01a1cb99f02a8fa55b8215057bd968f1f963efecb,0.07359381779561984,0.5676296765480411,0.602611589930244,4.150490674696876,0.09438165865383784,4.305247703212997,4.545440281131131,1.6498231818381598e-06,-6.642796857744743e-06,1.0386782639276281e-05,8.478718128960542e-05,2.4441369365212024e-07,-6.642796857744743e-06,9.814878349339157e-05,7.115960949610836e-06,-0.00046182872578804345,5.907195036127016e-07,1.0386782639276281e-05,7.115960949610836e-06,0.00011061899167977345,0.000467787839549915,1.9012422693741019e-06,8.478718128960542e-05,-0.00046182872578804345,0.000467787839549915,0.005247514170515753,-1.1599282000651816e-05,2.4441369365212024e-07,5.907195036127016e-07,1.9012422693741019e-06,-1.1599282000651816e-05,2.713500749204319e-06
603,0.01,0,2,transient,learned_with_learned_kf,learned,learned_kf,none,0,0.1576419591111353,0.5824694198006254,0.05049262113225561,0.02238764515023378,0.25803216375294213,0.2554077268282483,0.013862387403870736,0.5958265661284604,37.86173842746064,0,0,0,True,False,results/data/experiment_10hq/experiment_10hq_seed603_Q0.01_fold0_client2_transient_learned_with_learned_kf.npz,0e807f1f75daf15d6fa0e2bf3d6978bee50e92c70e0b8a43b341b4d61a99f2ac,0.10114740700437733,0.27579092658704113,5.034970415105074,29.294927745092327,0.15296753623810877,34.47296319163178,34.31705223105624,3.116479271971848e-06,-2.7997329405807725e-06,7.374283504020604e-05,0.00044344971631877367,8.956635312558077e-07,-2.7997329405807725e-06,2.31693944382271e-05,0.00013009987650551653,0.0007214635176566616,-3.8682961989911867e-07,7.374283504020604e-05,0.00013009987650551653,0.007722333996610148,0.04479648261263203,3.5969284928423494e-05,0.00044344971631877367,0.0007214635176566616,0.04479648261263203,0.26142047385375317,0.00021438764198748156,8.956635312558077e-07,-3.8682961989911867e-07,3.5969284928423494e-05,0.00021438764198748156,7.1277634584426255e-06
603,0.01,0,2,transient,learned_with_true_state,learned,true_state,all,0,2.036299433463363,6.083740032487062,0.032581216994460836,0.042394977165962584,0.028332843856830874,0.033257912605645375,0.0077075992787563035,0.7847330164485282,3.792912411544621,0,0,0,True,False,results/data/experiment_10hq/experiment_10hq_seed603_Q0.01_fold0_client2_transient_learned_with_true_state.npz,df58e32e924e9f70e4beb0f13bcd82c695c56a8d074d40ed35f8e5104f760094,0.0,0.0,0.0,0.0,0.0,0.0,0.0,0.0,0.0,0.0,0.0,0.0,0.0,0.0,0.0,0.0,0.0,0.0,0.0,0.0,0.0,0.0,0.0,0.0,0.0,0.0,0.0,0.0,0.0,0.0,0.0,0.0
603,0.01,0,2,transient,oracle_with_nominal_kf,oracle,nominal_kf,none,0,0.12449821531721039,0.4181513836785748,0.021544803220423386,0.02329600083013468,0.01910568516852357,0.022150533486307022,0.006714053855306821,0.514327783034661,15.872145296117218,0,0,0,True,False,results/data/experiment_10hq/experiment_10hq_seed603_Q0.01_fold0_client2_transient_oracle_with_nominal_kf.npz,335404a9139189159fab912a298cf2aa9ad474d8e9abfa125d9b2c5d6b881dd2,0.10912645714620553,0.2293744361908853,0.22293795862498664,0.27477216430902196,0.06781757556681756,0.5301363676922813,0.4769640780254845,3.627562024558661e-06,-4.269027739689975e-06,6.37749964546833e-06,8.620782855504952e-06,3.1350998631073706e-07,-4.269027739689975e-06,1.6026724201291463e-05,-3.3871265205413106e-06,-1.1093130842910563e-05,8.162146576767084e-08,6.37749964546833e-06,-3.3871265205413106e-06,1.5139891939010796e-05,1.5580214783518092e-05,8.467134762657398e-07,8.620782855504952e-06,-1.1093130842910563e-05,1.5580214783518092e-05,2.2998536687609998e-05,1.3761928569971776e-07,3.1350998631073706e-07,8.162146576767084e-08,8.467134762657398e-07,1.3761928569971776e-07,1.40100361257817e-06
603,0.01,0,2,transient,oracle_with_learned_kf,oracle,learned_kf,none,0,0.1739176852856066,0.45293430179566896,0.048803437118099,0.02173916926197435,0.2455969487077808,0.24336128000830712,0.011802248843491485,0.5098918375936262,20.55917343398145,0,0,0,True,False,results/data/experiment_10hq/experiment_10hq_seed603_Q0.01_fold0_client2_transient_oracle_with_learned_kf.npz,276e69636f0ab38fdeefa67ff7a6c45748bbbe3ad49feec3191f682b99993e85,0.2538723721567507,0.21612840656490506,2.760947859818391,2.9165847701772813,0.1188503110863102,5.889993994550163,5.673640346527983,1.9632952563365532e-05,-5.819791359960396e-06,0.00011087922609725993,0.00012059849933098505,2.0444612595780816e-06,-5.819791359960396e-06,1.4229132986817144e-05,5.1076167690747576e-05,5.154831326811874e-05,5.08288059796315e-09,0.00011087922609725993,5.1076167690747576e-05,0.0023220477457065,0.002446214193448678,1.5114268756764901e-05,0.00012059849933098505,5.154831326811874e-05,0.002446214193448678,0.0025912179442444524,1.6522489506378407e-05,2.0444612595780816e-06,5.08288059796315e-09,1.5114268756764901e-05,1.6522489506378407e-05,4.302841818635501e-06
603,0.01,0,2,transient,oracle_with_true_state,oracle,true_state,all,0,0.12692315303923918,0.41213239303317384,0.02150952323568337,0.023132360857076397,0.018944416212700283,0.02211376516719255,0.006374977167232005,0.49871265862739644,2.2651876865192535,0,0,0,True,False,results/data/experiment_10hq/experiment_10hq_seed603_Q0.01_fold0_client2_transient_oracle_with_true_state.npz,b6e9d48eb1e8460283ebbee795e3b9dab47f56ab23c2f53529045850d6e0f345,0.0,0.0,0.0,0.0,0.0,0.0,0.0,0.0,0.0,0.0,0.0,0.0,0.0,0.0,0.0,0.0,0.0,0.0,0.0,0.0,0.0,0.0,0.0,0.0,0.0,0.0,0.0,0.0,0.0,0.0,0.0,0.0
603,0.01,0,2,transient,learned_with_learned_kf_correct_beta,learned,learned_kf,beta,0,0.15880257102830408,0.5887432582196104,0.050534139607811446,0.022382251753494155,0.25807091145350314,0.2554322616147951,0.013872190014118204,0.5964179318174991,37.916420724506274,0,0,0,True,False,results/data/experiment_10hq/experiment_10hq_seed603_Q0.01_fold0_client2_transient_learned_with_learned_kf_correct_beta.npz,f42c29f7a1819cf5a9257074398cc3bb53f32a4404d1d5a43eaaddeb157d1acc,0.0,0.2757320981973727,5.036801322051794,29.30454857489601,0.15306889625387116,34.4349546678752,34.328477089431445,0.0,0.0,0.0,0.0,0.0,0.0,2.3159511061642e-05,0.00012983871417454447,0.0007198339435124125,-3.9708665342191256e-07,0.0,0.00012983871417454447,0.007727951287084581,0.04482725649386903,3.600371293157677e-05,0.0,0.0007198339435124125,0.04482725649386903,0.2615922097187876,0.00021474073731912475,0.0,-3.9708665342191256e-07,3.600371293157677e-05,0.00021474073731912475,7.137212647433362e-06
603,0.01,0,2,transient,learned_with_learned_kf_correct_forces,learned,learned_kf,forces,0,1.9960318694913999,5.9789481981808175,0.07597957253229218,0.03039711828019416,0.3845509967955743,0.38030683331415055,0.022255783431807515,0.7995770032947074,24.9477696334825,0,0,0,True,False,results/data/experiment_10hq/experiment_10hq_seed603_Q0.01_fold0_client2_transient_learned_with_learned_kf_correct_forces.npz,97a160878ef7f2ab746c9185a7cac5ae942ad15fa5ec6be2b2f41cf8d20da81e,0.15355065750463331,0.3717818281468968,0.0,0.0,0.24455207070633225,0.4478046242870213,0.0,7.182209946688098e-06,-4.8285057799315655e-06,0.0,0.0,3.0600137249264437e-06,-4.8285057799315655e-06,4.2104746062695484e-05,0.0,0.0,-1.4416068157664212e-06,0.0,0.0,0.0,0.0,0.0,0.0,0.0,0.0,0.0,0.0,3.0600137249264437e-06,-1.4416068157664212e-06,0.0,0.0,1.82178626791498e-05
603,0.01,0,2,transient,learned_with_learned_kf_correct_beta_forces,learned,learned_kf,beta_forces,0,2.001412474370914,6.011894683982102,0.07629437605156826,0.030380492734431414,0.384632341843529,0.38027972612579386,0.022338254998626766,0.8010990911744245,24.995614413111706,0,0,0,True,False,results/data/experiment_10hq/experiment_10hq_seed603_Q0.01_fold0_client2_transient_learned_with_learned_kf_correct_beta_forces.npz,25740eecbc683f2390968cc6d80e94f73cb2b307d4a0c8e37eff8058f0339daf,0.0,0.3716215648208925,0.0,0.0,0.24536813763572168,0.433958326502001,0.0,0.0,0.0,0.0,0.0,0.0,0.0,4.206845385181941e-05,0.0,0.0,-1.5213022337273062e-06,0.0,0.0,0.0,0.0,0.0,0.0,0.0,0.0,0.0,0.0,0.0,-1.5213022337273062e-06,0.0,0.0,1.8339651063062883e-05
603,0.01,0,5,broadband,nominal_with_nominal_kf,nominal,nominal_kf,none,0,0.1245209534865651,0.3625037883258008,0.022034319915972253,0.020633576933965347,0.012331728603004985,0.008920307850753385,0.008955949242409573,0.2695293678591117,18.942876424299165,0,0,0,True,False,results/data/experiment_10hq/experiment_10hq_seed603_Q0.01_fold0_client5_broadband_nominal_with_nominal_kf.npz,be7bf326024b9e5d507d5f83218f13fea7e276634b55eeed9a7dbe01cc809f1e,0.09012467410098275,0.22423128604952647,0.14668049569114341,0.09818253308524394,0.09621954696616405,0.34875455880548095,0.16919488958343867,2.4742418576652542e-06,-3.751752821534121e-06,9.250341559179244e-07,2.333232973990536e-06,-1.3929218111926676e-07,-3.751752821534121e-06,1.5316063234508084e-05,3.027206951467048e-06,-3.5897698370778267e-06,2.7561489881553713e-06,9.250341559179244e-07,3.027206951467048e-06,6.553894906448739e-06,-3.850466169095724e-07,2.4721818765921715e-06,2.333232973990536e-06,-3.5897698370778267e-06,-3.850466169095724e-07,2.936453989435147e-06,-1.7310603452810911e-07,-1.3929218111926676e-07,2.7561489881553713e-06,2.4721818765921715e-06,-1.7310603452810911e-07,2.820209367007204e-06
603,0.01,0,5,broadband,nominal_with_learned_kf,nominal,learned_kf,none,0,0.13233374383636393,0.36544581665203135,0.029805431822997157,0.02320399764456471,0.1379991036119335,0.14298979750281463,0.015080257568721311,0.2982224307121503,24.725360405240494,0,0,0,True,False,results/data/experiment_10hq/experiment_10hq_seed603_Q0.01_fold0_client5_broadband_nominal_with_learned_kf.npz,bfde57b20208f4e70ef94d5f75c57eb685f8c7c64039a1b592eedaa2568c25f0,0.12080961975329117,0.2529416722803626,1.5605859900261156,1.534443257201882,0.1615591944653099,3.1912586609609943,3.088102399792757,4.445880344078958e-06,-2.264229238272259e-06,-4.138167496721488e-05,-3.856653695140839e-05,-1.471266463824548e-06,-2.264229238272259e-06,1.9489267033907576e-05,6.206828227132417e-05,6.15009137412883e-05,2.912432479099653e-06,-4.138167496721488e-05,6.206828227132417e-05,0.0007418739860354782,0.0007229228872654472,2.1148228259125405e-05,-3.856653695140839e-05,6.15009137412883e-05,0.0007229228872654472,0.0007172266221441597,1.8769601440066366e-05,-1.471266463824548e-06,2.912432479099653e-06,2.1148228259125405e-05,1.8769601440066366e-05,7.950932992494803e-06
603,0.01,0,5,broadband,nominal_with_true_state,nominal,true_state,all,0,0.1377373247150348,0.42000295675324506,0.022025725359127037,0.020478890245020902,0.012015406560468561,0.008909150632283553,0.00770885203398679,0.23055984724091536,2.673034590037215,0,0,0,True,False,results/data/experiment_10hq/experiment_10hq_seed603_Q0.01_fold0_client5_broadband_nominal_with_true_state.npz,f640b9468c9c7e5bf244ca38d19ce8a08e4376b09c1ce37fb9a12d2f23ee1dc9,0.0,0.0,0.0,0.0,0.0,0.0,0.0,0.0,0.0,0.0,0.0,0.0,0.0,0.0,0.0,0.0,0.0,0.0,0.0,0.0,0.0,0.0,0.0,0.0,0.0,0.0,0.0,0.0,0.0,0.0,0.0,0.0
603,0.01,0,5,broadband,learned_with_nominal_kf,learned,nominal_kf,none,0,1.5286119529337086,4.624282028803998,0.0391548395951131,0.03340161580955768,0.020463436869789114,0.0154768941589616,0.011738919169142699,0.47339115736718135,32.02841326960835,0,0,0,True,False,results/data/experiment_10hq/experiment_10hq_seed603_Q0.01_fold0_client5_broadband_learned_with_nominal_kf.npz,48469b0748fdb7d2789354c724b837c03d1c84bf7c42dbd8c095c64b7d8ca3cb,0.08579695693987945,0.39983722170978364,0.35035766114831535,1.5079773361609072,0.13751087096184206,1.3443605246077739,1.4843498897263063,2.2423247171180818e-06,-7.970124011445872e-06,1.7373464115265648e-06,3.364644363250525e-05,-6.587439901563795e-07,-7.970124011445872e-06,4.869912715504121e-05,1.352403710551911e-05,-0.00013326296604389436,8.194934676488145e-06,1.7373464115265648e-06,1.352403710551911e-05,3.7391937762298595e-05,-2.946435478429507e-05,6.61644535595623e-06,3.364644363250525e-05,-0.00013326296604389436,-2.946435478429507e-05,0.0006926986864049447,-1.049077180485958e-05,-6.587439901563795e-07,8.194934676488145e-06,6.61644535595623e-06,-1.049077180485958e-05,5.760083787036884e-06
603,0.01,0,5,broadband,learned_with_learned_kf,learned,learned_kf,none,0,0.15492113418277562,0.46700049729637927,0.03303279366302363,0.02478117194384844,0.15282397153787472,0.15847381546711434,0.01835158164131975,0.40653914567861077,40.45274305070297,0,0,0,True,False,results/data/experiment_10hq/experiment_10hq_seed603_Q0.01_fold0_client5_broadband_learned_with_learned_kf.npz,352e3e099561aaf6c3db8641376824f11cede8bab1a56ad9c78b9e307c0e89a8,0.07253024317810879,0.2989355101338232,2.544587397148229,15.213704972928424,0.2103654220799883,17.90634743385808,17.738261479226267,1.6024814182099946e-06,-1.6443726612224858e-06,-4.0873271772924884e-05,-0.00023164101610315878,-1.118090972276293e-06,-1.6443726612224858e-06,2.7221355660728942e-05,0.00012558357582380324,0.0007564056239175046,3.307690870772846e-06,-4.0873271772924884e-05,0.00012558357582380324,0.0019723749534304503,0.01168423721979447,4.372268495820691e-05,-0.00023164101610315878,0.0007564056239175046,0.01168423721979447,0.07050577899682661,0.00023764107228321608,-1.118090972276293e-06,3.307690870772846e-06,4.372268495820691e-05,0.00023764107228321608,1.3480420740240528e-05
603,0.01,0,5,broadband,learned_with_true_state,learned,true_state,all,0,1.492931130903,4.508562816016636,0.038486297732001865,0.0332285018176472,0.02018541803251838,0.015220961121245933,0.010441131423615102,0.415802642808064,3.5272556449255585,0,0,0,True,False,results/data/experiment_10hq/experiment_10hq_seed603_Q0.01_fold0_client5_broadband_learned_with_true_state.npz,2b2b33d9e29210139e9b76daac19f3d84849f482c979359fa34797d6a5441a1d,0.0,0.0,0.0,0.0,0.0,0.0,0.0,0.0,0.0,0.0,0.0,0.0,0.0,0.0,0.0,0.0,0.0,0.0,0.0,0.0,0.0,0.0,0.0,0.0,0.0,0.0,0.0,0.0,0.0,0.0,0.0,0.0
603,0.01,0,5,broadband,oracle_with_nominal_kf,oracle,nominal_kf,none,0,0.134481691822261,0.38231436576843053,0.022318807746253857,0.020867264086117117,0.012472749906576479,0.009026606024576373,0.008949292472224469,0.26394429364697364,15.359263539216307,0,0,0,True,False,results/data/experiment_10hq/experiment_10hq_seed603_Q0.01_fold0_client5_broadband_oracle_with_nominal_kf.npz,c4312bf58a5daeb9263e95d45ba7b935f67461708f1fbbd4ccde3c951d91534f,0.14172362650401388,0.19281150353371873,0.12377086520884416,0.0710159139228247,0.0820474893330133,0.3127355737565849,0.13708134891453816,6.11841947648766e-06,-5.0913821098599556e-06,1.220821174061197e-06,2.6469751453723275e-06,-1.970062149677371e-07,-5.0913821098599556e-06,1.1324541240393372e-05,2.2163736428037364e-06,-2.2346140327369037e-06,2.0512847023176403e-06,1.220821174061197e-06,2.2163736428037364e-06,4.666503424574851e-06,-2.3930605663123355e-07,1.7841806775523564e-06,2.6469751453723275e-06,-2.2346140327369037e-06,-2.3930605663123355e-07,1.5362648577416105e-06,-1.0917089249085693e-07,-1.970062149677371e-07,2.0512847023176403e-06,1.7841806775523564e-06,-1.0917089249085693e-07,2.0506206544369725e-06
603,0.01,0,5,broadband,oracle_with_learned_kf,oracle,learned_kf,none,0,0.11734105299749056,0.32503235271127345,0.030562834380329553,0.02349510975798966,0.1413320239798542,0.14648496022335206,0.015125122889764604,0.2870930076651126,20.255820861481894,0,0,0,True,False,results/data/experiment_10hq/experiment_10hq_seed603_Q0.01_fold0_client5_broadband_oracle_with_learned_kf.npz,07d5e7437345200dc781d96ec94edd92d27a3874b8189d6527d0878f8e1bbfc4,0.19212191662922157,0.21803008064815516,1.3303833409501649,1.1202455064332169,0.13834311555858775,2.47879406922475,2.445124110895853,1.1243682055493014e-05,-3.1168965530961745e-06,-5.598151457760225e-05,-4.4528128935322344e-05,-2.056124259314968e-06,-3.1168965530961745e-06,1.4480633640565178e-05,4.6040057685578183e-05,3.899395611548928e-05,2.2059300439104805e-06,-5.598151457760225e-05,4.6040057685578183e-05,0.0005391484130251518,0.00044988369312617683,1.5835885450758206e-05,-4.4528128935322344e-05,3.899395611548928e-05,0.00044988369312617683,0.0003822796293419273,1.2080643224249195e-05,-2.056124259314968e-06,2.2059300439104805e-06,1.5835885450758206e-05,1.2080643224249195e-05,5.830017241921168e-06
603,0.01,0,5,broadband,oracle_with_true_state,oracle,true_state,all,0,0.14544510941214714,0.4411965520406002,0.02227331393557319,0.020690264712115686,0.012138749293571244,0.009001876818465917,0.0077487636607412634,0.23320636288232394,2.2287113224956725,0,0,0,True,False,results/data/experiment_10hq/experiment_10hq_seed603_Q0.01_fold0_client5_broadband_oracle_with_true_state.npz,896cdac9bc9b63dd5fb1187c0b44fd19f0081df029b996f199cf767fcc06fbe2,0.0,0.0,0.0,0.0,0.0,0.0,0.0,0.0,0.0,0.0,0.0,0.0,0.0,0.0,0.0,0.0,0.0,0.0,0.0,0.0,0.0,0.0,0.0,0.0,0.0,0.0,0.0,0.0,0.0,0.0,0.0,0.0
603,0.01,0,5,broadband,learned_with_learned_kf_correct_beta,learned,learned_kf,beta,0,0.15359655627969293,0.46177294107759015,0.032988540014149394,0.024775498824560174,0.15256435318085254,0.15822132002124314,0.018389085756843254,0.4072958990441556,40.50279701215185,0,0,0,True,False,results/data/experiment_10hq/experiment_10hq_seed603_Q0.01_fold0_client5_broadband_learned_with_learned_kf_correct_beta.npz,6cd002a9a5181055bb6ed8248f4b33399fd79454396afe049fb4e34f08d6ad3c,0.0,0.29887289344794604,2.5405699486727036,15.19122542177506,0.21073864718717555,17.929898334033542,17.711705986139226,0.0,0.0,0.0,0.0,0.0,0.0,2.7209952983558633e-05,0.00012521110328612113,0.0007541175942872576,3.3064961231264858e-06,0.0,0.00012521110328612113,0.0019661518152222822,0.011648068040913055,4.3726048556437504e-05,0.0,0.0007541175942872576,0.011648068040913055,0.07029757628388872,0.00023773263514787802,0.0,3.3064961231264858e-06,4.3726048556437504e-05,0.00023773263514787802,1.3528296427878537e-05
603,0.01,0,5,broadband,learned_with_learned_kf_correct_forces,learned,learned_kf,forces,0,1.4476198658083272,4.365413346666239,0.059489265352774094,0.03527453140732434,0.2660119725022996,0.27904575009288024,0.02156269893602308,0.4532560287172753,27.077010314880685,0,0,0,True,False,results/data/experiment_10hq/experiment_10hq_seed603_Q0.01_fold0_client5_broadband_learned_with_learned_kf_correct_forces.npz,07b06150d949a120b0f891d1cb7bba8b5bc6253266dd90616339ad8ea1df99cd,0.13041828847481957,0.4227149845829019,0.0,0.0,0.25692659821213937,0.5196159313382853,0.0,5.181216360398598e-06,-4.6922288943387765e-06,0.0,0.0,-4.055697880466505e-06,-4.6922288943387765e-06,5.443146477107423e-05,0.0,0.0,1.0010954530316588e-05,0.0,0.0,0.0,0.0,0.0,0.0,0.0,0.0,0.0,0.0,-4.055697880466505e-06,1.0010954530316588e-05,0.0,0.0,2.0108184836618817e-05
603,0.01,0,5,broadband,learned_with_learned_kf_correct_beta_forces,learned,learned_kf,beta_forces,0,1.4463138643901874,4.342997014125489,0.05946101011700669,0.035299809735657495,0.2656161351147425,0.278733833193168,0.021634061325832985,0.45363684113229463,27.107507291824312,0,0,0,True,False,results/data/experiment_10hq/experiment_10hq_seed603_Q0.01_fold0_client5_broadband_learned_with_learned_kf_correct_beta_forces.npz,2d0395079192609311c8af9afe1e1ccd9f810c30691af04773b935650a9be4fb,0.0,0.42302645006648215,0.0,0.0,0.2577721726805328,0.5581976982092605,0.0,0.0,0.0,0.0,0.0,0.0,0.0,5.4511706867878365e-05,0.0,0.0,1.0080826092831765e-05,0.0,0.0,0.0,0.0,0.0,0.0,0.0,0.0,0.0,0.0,0.0,1.0080826092831765e-05,0.0,0.0,2.0240759254107305e-05
603,0.01,0,5,transient,nominal_with_nominal_kf,nominal,nominal_kf,none,0,0.12445331875411336,0.43714352908898896,0.03726506361448996,0.018311958770744048,0.018157813592727032,0.01624123806808369,0.00878170386861409,0.5085892903248596,18.311200266046793,0,0,0,True,False,results/data/experiment_10hq/experiment_10hq_seed603_Q0.01_fold0_client5_transient_nominal_with_nominal_kf.npz,26e52958d7ed8a93fc65772e58044e0a663e0de5d52a01732d6ff3cef379a7fd,0.16056896040495577,0.20092779011133924,0.25619111303080994,0.22739259149387833,0.09033615267827251,0.6319497135177221,0.42947774074763806,7.853765436220757e-06,-2.1686471242291043e-06,9.02738838832371e-06,1.0099473855659652e-05,-2.5308528930976075e-07,-2.1686471242291043e-06,1.2298007416392978e-05,4.841446483808463e-06,-1.829065353717131e-06,1.08083715541973e-06,9.02738838832371e-06,4.841446483808463e-06,1.9993225124512886e-05,1.0221415091266065e-05,2.24160511752628e-06,1.0099473855659652e-05,-1.829065353717131e-06,1.0221415091266065e-05,1.57509719286722e-05,-1.6262133929234915e-06,-2.5308528930976075e-07,1.08083715541973e-06,2.24160511752628e-06,-1.6262133929234915e-06,2.485867154693108e-06
603,0.01,0,5,transient,nominal_with_learned_kf,nominal,learned_kf,none,0,0.19844454273035603,0.4968302912831653,0.04599551058292411,0.02258429073933838,0.2493913175955296,0.2481344760986532,0.01480992701413982,0.5061157701404198,23.808239576426075,0,0,0,True,False,results/data/experiment_10hq/experiment_10hq_seed603_Q0.01_fold0_client5_transient_nominal_with_learned_kf.npz,815a02cb442f0fce90ac51c5052c72748a11cfb4354345db568961c10a248cec,0.200161548307797,0.2511090339284093,3.4373093652604414,3.3138431120424987,0.15305707625963355,6.805961005738532,6.747554171193702,1.220438891280664e-05,-1.0408723034679986e-05,3.6513378790641215e-05,3.882202481933468e-05,1.1701308653197796e-06,-1.0408723034679986e-05,1.9207878929633916e-05,-6.56453607719526e-06,-9.799608034551211e-06,-1.600533885014898e-06,3.6513378790641215e-05,-6.56453607719526e-06,0.0035990839582922315,0.0034624088395243833,2.7937848133763016e-05,3.882202481933468e-05,-9.799608034551211e-06,0.0034624088395243833,0.00334517330612335,2.5226133178431108e-05,1.1701308653197796e-06,-1.600533885014898e-06,2.7937848133763016e-05,2.5226133178431108e-05,7.1361104175588894e-06
603,0.01,0,5,transient,nominal_with_true_state,nominal,true_state,all,0,0.13004105529155122,0.4407499618326553,0.03721687365183801,0.01815860260593355,0.017957054998853805,0.016216357050479892,0.007773530054598598,0.4902164732841873,2.6230277770589363,0,0,0,True,False,results/data/experiment_10hq/experiment_10hq_seed603_Q0.01_fold0_client5_transient_nominal_with_true_state.npz,90f06b2ef8a3bbf68923799bce4050bc1c21a20c4d266583b15ef1b964d46cdb,0.0,0.0,0.0,0.0,0.0,0.0,0.0,0.0,0.0,0.0,0.0,0.0,0.0,0.0,0.0,0.0,0.0,0.0,0.0,0.0,0.0,0.0,0.0,0.0,0.0,0.0,0.0,0.0,0.0,0.0,0.0,0.0
603,0.01,0,5,transient,learned_with_nominal_kf,learned,nominal_kf,none,0,2.4540807527382125,7.44251753966705,0.060386976339492374,0.03358259277610754,0.03291688189931449,0.026043268342477947,0.017847653612625438,0.8623097405677242,29.415102933961524,0,0,0,True,False,results/data/experiment_10hq/experiment_10hq_seed603_Q0.01_fold0_client5_transient_learned_with_nominal_kf.npz,63caa5fe3deefe89141d9842ee89bc6bcbd7a4f9901c9630deddf5360fbdb779,0.12817342151839708,0.4067434189820674,0.6593852880953142,3.1117525711951037,0.19238283682387464,3.2306788244186397,3.290354561901439,5.004384734321574e-06,-6.52304854048637e-06,1.2898928572809015e-05,0.00010372329296015815,-1.774770300204087e-06,-6.52304854048637e-06,5.039596955959031e-05,3.717956696153081e-05,-0.0001654272192150366,1.1793076149089022e-05,1.2898928572809015e-05,3.717956696153081e-05,0.00013244429058539657,0.00010793206253655379,1.8011628947337348e-05,0.00010372329296015815,-0.0001654272192150366,0.00010793206253655379,0.0029496117138632615,-0.0001024893041903247,-1.774770300204087e-06,1.1793076149089022e-05,1.8011628947337348e-05,-0.0001024893041903247,1.127424281492241e-05
603,0.01,0,5,transient,learned_with_learned_kf,learned,learned_kf,none,0,0.16620447830372462,0.5937968169145426,0.047120928373530366,0.023001877750050866,0.2643534807555093,0.2629333917990936,0.01798691681025615,0.5797679354565087,38.17842478489071,0,0,0,True,False,results/data/experiment_10hq/experiment_10hq_seed603_Q0.01_fold0_client5_transient_learned_with_learned_kf.npz,f8995b6c4d002697986917b8c01b85259a38b5c75de9cb8ad6c308cb18801ab9,0.0970759406462008,0.2857653527348413,5.157742745090423,30.16943717595115,0.19912503567269602,35.35839403549193,35.316725339486474,2.8706348311745497e-06,-5.4359573886724604e-06,1.3104607790572942e-05,8.91327134466715e-05,3.9947843169518493e-07,-5.4359573886724604e-06,2.487561802826906e-05,1.0148223886169428e-07,-2.6724557471641207e-05,-2.9526766069349475e-06,1.3104607790572942e-05,1.0148223886169428e-07,0.008103527100962786,0.04728786986862931,5.593949168827588e-05,8.91327134466715e-05,-2.6724557471641207e-05,0.04728786986862931,0.2772612339775713,0.0003050631542388,3.9947843169518493e-07,-2.9526766069349475e-06,5.593949168827588e-05,0.0003050631542388,1.2078318244848836e-05
603,0.01,0,5,transient,learned_with_true_state,learned,true_state,all,0,2.187818121340118,6.481174763834655,0.05775275212056927,0.03159149765597162,0.03095696040629979,0.024908064966947304,0.015500204136144257,0.7917369876646138,4.009649056034952,0,0,0,True,False,results/data/experiment_10hq/experiment_10hq_seed603_Q0.01_fold0_client5_transient_learned_with_true_state.npz,d4a13d50557a3f7500826e172171d76686a6aeb2906fe588a6bfec0ea1183f8c,0.0,0.0,0.0,0.0,0.0,0.0,0.0,0.0,0.0,0.0,0.0,0.0,0.0,0.0,0.0,0.0,0.0,0.0,0.0,0.0,0.0,0.0,0.0,0.0,0.0,0.0,0.0,0.0,0.0,0.0,0.0,0.0
603,0.01,0,5,transient,oracle_with_nominal_kf,oracle,nominal_kf,none,0,0.1281718403518225,0.43667316792785904,0.037435627748304647,0.018369727316393292,0.01824608408319103,0.01630629264305834,0.00875264360424851,0.5060529156908321,14.788155677331826,0,0,0,True,False,results/data/experiment_10hq/experiment_10hq_seed603_Q0.01_fold0_client5_transient_oracle_with_nominal_kf.npz,16830162681bfa1d5d2d6d633ed8686db6b7c9f6773cacfc32992def429df22e,0.25279493838129224,0.1719222445711996,0.2159965781831046,0.16675890518669545,0.07693505644885393,0.6112352316072146,0.340094470703551,1.946666176973026e-05,-2.877498919205936e-06,1.1980200806129265e-05,1.162371474421204e-05,-3.695339141671073e-07,-2.877498919205936e-06,9.003655722273605e-06,3.505309661079996e-06,-1.099011098318855e-06,8.107892426468172e-07,1.1980200806129265e-05,3.505309661079996e-06,1.4211780048080851e-05,6.275300819542063e-06,1.6247534926740866e-06,1.162371474421204e-05,-1.099011098318855e-06,6.275300819542063e-06,8.470963405735402e-06,-1.0482410915235306e-06,-3.695339141671073e-07,8.107892426468172e-07,1.6247534926740866e-06,-1.0482410915235306e-06,1.803031394394362e-06
603,0.01,0,5,transient,oracle_with_learned_kf,oracle,learned_kf,none,0,0.1688941912729364,0.4320983598411575,0.045997017975046905,0.02265932383213502,0.25166199235156334,0.25047305492884364,0.014837480902524066,0.5013102956138755,19.33518809967888,0,0,0,True,False,results/data/experiment_10hq/experiment_10hq_seed603_Q0.01_fold0_client5_transient_oracle_with_learned_kf.npz,86ffcae6dca7f0f426ef9f58d01d46dca1c5c1c5d778326ae447085ff9275880,0.31597292882837175,0.2159508719099007,2.9089731315653116,2.4321824703687334,0.13105429785993933,5.4210414703190555,5.338232391723285,3.0412665599974282e-05,-1.4025481272082571e-05,5.0632055448462505e-05,4.8600211578543364e-05,1.5947807443760214e-06,-1.4025481272082571e-05,1.4205766075260423e-05,-4.984130682384881e-06,-7.4685573447904505e-06,-1.21009655402353e-06,5.0632055448462505e-05,-4.984130682384881e-06,0.002577710585986476,0.00215046020284677,2.1038901921703667e-05,4.8600211578543364e-05,-7.4685573447904505e-06,0.00215046020284677,0.0018019678709186708,1.659897757583128e-05,1.5947807443760214e-06,-1.21009655402353e-06,2.1038901921703667e-05,1.659897757583128e-05,5.231873938436928e-06
603,0.01,0,5,transient,oracle_with_true_state,oracle,true_state,all,0,0.13072014138799176,0.4334337189529681,0.03736434540372271,0.018204286638538222,0.018031183089415745,0.01627263913039341,0.007791198227833485,0.4916711303537243,2.190048367280496,0,0,0,True,False,results/data/experiment_10hq/experiment_10hq_seed603_Q0.01_fold0_client5_transient_oracle_with_true_state.npz,4c7a64f454254affd5b074745d1f2c635730d02650e62764afc5431c09275e49,0.0,0.0,0.0,0.0,0.0,0.0,0.0,0.0,0.0,0.0,0.0,0.0,0.0,0.0,0.0,0.0,0.0,0.0,0.0,0.0,0.0,0.0,0.0,0.0,0.0,0.0,0.0,0.0,0.0,0.0,0.0,0.0
603,0.01,0,5,transient,learned_with_learned_kf_correct_beta,learned,learned_kf,beta,0,0.166696491323686,0.598535431655261,0.04712288754085195,0.022997172280477887,0.26430268593332823,0.26286767857907123,0.018012907687764482,0.580303643359469,38.248882928538315,0,0,0,True,False,results/data/experiment_10hq/experiment_10hq_seed603_Q0.01_fold0_client5_transient_learned_with_learned_kf_correct_beta.npz,4a9ca829d14ea0af32f7b92181d971c71d9adfe729284697f7cac3a8180b5bd8,0.0,0.28571444208283814,5.1579173567904295,30.16931942243152,0.19937779535328637,35.34898770685865,35.31676658771258,0.0,0.0,0.0,0.0,0.0,0.0,2.48667553644812e-05,-3.309702542338838e-07,-2.9363894231377087e-05,-2.970458676917948e-06,0.0,-3.309702542338838e-07,0.008104075788504797,0.047289121445996604,5.592402125639824e-05,0.0,-2.9363894231377087e-05,0.047289121445996604,0.2772590696400497,0.00030504964713800665,0.0,-2.970458676917948e-06,5.592402125639824e-05,0.00030504964713800665,1.2109000971012113e-05
603,0.01,0,5,transient,learned_with_learned_kf_correct_forces,learned,learned_kf,forces,0,2.1468059018888654,6.371674728258901,0.07540363501459967,0.03141713526587427,0.4044954836405464,0.4036607568943798,0.03095146551897283,0.8060792490412034,25.926558075843904,0,0,0,True,False,results/data/experiment_10hq/experiment_10hq_seed603_Q0.01_fold0_client5_transient_learned_with_learned_kf_correct_forces.npz,f6824492bb95326d197d4b0380df139d9826b5c7c832b44eee982b4dff3fe5ca,0.15629927019008535,0.38691820526874615,0.0,0.0,0.3414309444220755,0.4345071722155808,0.0,7.441639639166016e-06,-8.469349442648005e-06,0.0,0.0,1.202232447239047e-06,-8.469349442648005e-06,4.5602963320651555e-05,0.0,0.0,-8.255237305530288e-06,0.0,0.0,0.0,0.0,0.0,0.0,0.0,0.0,0.0,0.0,1.202232447239047e-06,-8.255237305530288e-06,0.0,0.0,3.5510803069006304e-05
603,0.01,0,5,transient,learned_with_learned_kf_correct_beta_forces,learned,learned_kf,beta_forces,0,2.1473556777400042,6.394449508379487,0.07552742974876721,0.031378015985924816,0.4041283841712972,0.40316247360306534,0.031045972224123967,0.8069570723400258,26.002766916500136,0,0,0,True,False,results/data/experiment_10hq/experiment_10hq_seed603_Q0.01_fold0_client5_transient_learned_with_learned_kf_correct_beta_forces.npz,0946cab762a16d1d76a2473f0c4923a8816a053d60e8e9b778477066559c3387,0.0,0.38650850887186927,0.0,0.0,0.3423295384221916,0.459697582578914,0.0,0.0,0.0,0.0,0.0,0.0,0.0,4.550643915679688e-05,0.0,0.0,-8.41604209727625e-06,0.0,0.0,0.0,0.0,0.0,0.0,0.0,0.0,0.0,0.0,0.0,-8.41604209727625e-06,0.0,0.0,3.5697967038455234e-05
603,0.01,0,8,broadband,nominal_with_nominal_kf,nominal,nominal_kf,none,0,0.14167513404104332,0.4280312334101789,0.02391268405831606,0.02010817666909882,0.01016643168477642,0.0089003508007883,0.007922913936732943,0.27584027870551714,18.69719419683801,0,0,0,True,False,results/data/experiment_10hq/experiment_10hq_seed603_Q0.01_fold0_client8_broadband_nominal_with_nominal_kf.npz,9edbc76ef263f6530ebb7e2c0cc8dde8aaa398427cc177c126836fbbf9c4e2c7,0.09792121692598268,0.21838066537930118,0.12131299109429881,0.09961169332287535,0.08468989231222902,0.2575754884161102,0.1635150723403965,2.9208438457635657e-06,-5.379181914721637e-06,4.1428331989763305e-07,2.717529882943887e-06,5.149271024210487e-07,-5.379181914721637e-06,1.452723978413643e-05,-9.953352778562327e-08,-4.585442575515873e-06,2.766938431078436e-07,4.1428331989763305e-07,-9.953352778562327e-08,4.483006379036879e-06,3.195204657109303e-07,1.636245857804776e-06,2.717529882943887e-06,-4.585442575515873e-06,3.195204657109303e-07,3.0225631330995425e-06,7.206568544977549e-07,5.149271024210487e-07,2.766938431078436e-07,1.636245857804776e-06,7.206568544977549e-07,2.1848312374049384e-06
603,0.01,0,8,broadband,nominal_with_learned_kf,nominal,learned_kf,none,0,0.14202338199605166,0.3617856467620113,0.03059903459078031,0.023271712924720554,0.13778486816765564,0.14314072729455996,0.012425030427921759,0.29076959519162193,24.102919573965387,0,0,0,True,False,results/data/experiment_10hq/experiment_10hq_seed603_Q0.01_fold0_client8_broadband_nominal_with_learned_kf.npz,899e168623ff5fb3d90b7164657d81c7ca57511dcc90d6a76f5488ed8cc5d681,0.12438181165575234,0.2532978785087493,1.55796811822877,1.5358150548115603,0.13343285830285614,3.2049483919203725,3.0872789991388667,4.71268586120278e-06,-1.5105295323980506e-06,-3.842986963727539e-05,-3.579778671751109e-05,-7.458545076049124e-07,-1.5105295323980506e-06,1.954419737758933e-05,7.334089246704444e-05,7.2338163067271e-05,1.4860066468126803e-06,-3.842986963727539e-05,7.334089246704444e-05,0.0007393870970819254,0.0007227503807076183,1.3230241181095725e-05,-3.579778671751109e-05,7.2338163067271e-05,0.0007227503807076183,0.0007185096015722639,1.4018302439938096e-05,-7.458545076049124e-07,1.4860066468126803e-06,1.3230241181095725e-05,1.4018302439938096e-05,5.423508357356015e-06
603,0.01,0,8,broadband,nominal_with_true_state,nominal,true_state,all,0,0.15006917262368322,0.4655157573589657,0.023922142147443124,0.0201156577113838,0.009968625413338365,0.00889718087609326,0.007102075849914107,0.24074878422345358,2.575801287197355,0,0,0,True,False,results/data/experiment_10hq/experiment_10hq_seed603_Q0.01_fold0_client8_broadband_nominal_with_true_state.npz,e1f616d2e88e3280043611f3399e09a99c462ec857377a63d3e5699bd9f68662,0.0,0.0,0.0,0.0,0.0,0.0,0.0,0.0,0.0,0.0,0.0,0.0,0.0,0.0,0.0,0.0,0.0,0.0,0.0,0.0,0.0,0.0,0.0,0.0,0.0,0.0,0.0,0.0,0.0,0.0,0.0,0.0
603,0.01,0,8,broadband,learned_with_nominal_kf,learned,nominal_kf,none,0,1.5186239379014734,4.556533849754075,0.04203772282539664,0.03304224616284327,0.018713650948499857,0.014688803279556246,0.009877612552958987,0.48189510404979524,30.53884440672593,0,0,0,True,False,results/data/experiment_10hq/experiment_10hq_seed603_Q0.01_fold0_client8_broadband_learned_with_nominal_kf.npz,d7a3c0b33adf40d197428cd63df29271c16678e63f0ef0fb266d37c6d1d05824,0.09213088312221764,0.3948108454306836,0.32251454839594723,1.4287903405325586,0.1151765296479716,1.29970846989058,1.4660808512872043,2.5856230066233914e-06,-1.0317605801837624e-05,4.6826075396406475e-07,3.728927790718015e-05,4.275642148680216e-07,-1.0317605801837624e-05,4.7482424197556934e-05,-1.197185912160605e-06,-0.00013980401708368342,-2.2408458157549398e-07,4.6826075396406475e-07,-1.197185912160605e-06,3.1684974024334296e-05,5.994248464904094e-07,5.646833044870795e-06,3.728927790718015e-05,-0.00013980401708368342,5.994248464904094e-07,0.0006218587450922415,1.057146397595465e-05,4.275642148680216e-07,-2.2408458157549398e-07,5.646833044870795e-06,1.057146397595465e-05,4.040942890738171e-06
603,0.01,0,8,broadband,learned_with_learned_kf,learned,learned_kf,none,0,0.17037625306786164,0.5225484512814749,0.03385917415907224,0.024872404960632435,0.15237090923915322,0.1584799898382826,0.014347753180921496,0.3857991400967916,39.07107908774739,0,0,0,True,False,results/data/experiment_10hq/experiment_10hq_seed603_Q0.01_fold0_client8_broadband_learned_with_learned_kf.npz,f69886ca9de92542448221de32fcf487900418d578839f2f8a00ba7977f9e624,0.07426437740469187,0.29909390564288013,2.535696514236622,15.214613792127752,0.1667337413616463,17.915991321896875,17.732528278897785,1.6800253086164461e-06,-1.0780735474906838e-06,-3.788379791449287e-05,-0.00021457814062165656,-6.399480314122125e-07,-1.0780735474906838e-06,2.7250210598743378e-05,0.00014527469960553844,0.000877107760947472,1.7746188532617775e-06,-3.788379791449287e-05,0.00014527469960553844,0.0019586159300224192,0.011655931137351475,2.7935746731007296e-05,-0.00021457814062165656,0.000877107760947472,0.011655931137351475,0.07051420283830506,0.00017951508700018903,-6.399480314122125e-07,1.7746188532617775e-06,2.7935746731007296e-05,0.00017951508700018903,8.468407071392712e-06
603,0.01,0,8,broadband,learned_with_true_state,learned,true_state,all,0,1.4654842545559272,4.479912961279007,0.04125878720404847,0.03252825691809005,0.018247795778990404,0.01440200378165197,0.008703357248757863,0.42443014766643333,3.3645812970492073,0,0,0,True,False,results/data/experiment_10hq/experiment_10hq_seed603_Q0.01_fold0_client8_broadband_learned_with_true_state.npz,a8733aa57e8f7a0ea5ed92b89b208b67c226756bb4631bdd2d0791a844bf4e49,0.0,0.0,0.0,0.0,0.0,0.0,0.0,0.0,0.0,0.0,0.0,0.0,0.0,0.0,0.0,0.0,0.0,0.0,0.0,0.0,0.0,0.0,0.0,0.0,0.0,0.0,0.0,0.0,0.0,0.0,0.0,0.0
603,0.01,0,8,broadband,oracle_with_nominal_kf,oracle,nominal_kf,none,0,0.15091254002073234,0.4461473552928079,0.024299046752945915,0.020378781277986154,0.010331871189568177,0.009026754466346789,0.007926637194197332,0.27296151284411513,15.817269977912371,0,0,0,True,False,results/data/experiment_10hq/experiment_10hq_seed603_Q0.01_fold0_client8_broadband_oracle_with_nominal_kf.npz,9c910a8a3e019ed23474e176e5bfe9a7cb123627978d12278e3247a276d21e5d,0.15716423923952522,0.1987708795165862,0.10411844071066194,0.0791114883562553,0.07400961065906377,0.24074443564388315,0.1360110633757434,7.524232459112414e-06,-7.889438402239663e-06,5.560826492583785e-07,3.4547309683108436e-06,7.189811252539642e-07,-7.889438402239663e-06,1.2035392384219035e-05,-7.525939382071735e-08,-3.3153786226801846e-06,2.174675412577704e-07,5.560826492583785e-07,-7.525939382071735e-08,3.3022507392130655e-06,2.1319138648460583e-07,1.2278046167563218e-06,3.4547309683108436e-06,-3.3153786226801846e-06,2.1319138648460583e-07,1.9064869878540133e-06,5.00868128868464e-07,7.189811252539642e-07,2.174675412577704e-07,1.2278046167563218e-06,5.00868128868464e-07,1.6685182998645684e-06
603,0.01,0,8,broadband,oracle_with_learned_kf,oracle,learned_kf,none,0,0.12568648304865349,0.34144781390633056,0.03141035060595247,0.023725442073331087,0.14142084459681614,0.14693777157229038,0.012528420046481815,0.2841700438426123,20.489127398667986,0,0,0,True,False,results/data/experiment_10hq/experiment_10hq_seed603_Q0.01_fold0_client8_broadband_oracle_with_learned_kf.npz,342aaa1d96b555e8e14e2d1b2382ee2cc0d8c76a48ea93d0b30a579f5d2f738c,0.2017698141988559,0.23210398508826482,1.3486447525074636,1.2311037061361159,0.11747768761813321,2.6327289674563747,2.5742911086148554,1.2401297420938396e-05,-2.2473687531411164e-06,-5.400323145808941e-05,-4.64812862103437e-05,-1.1259470302667131e-06,-2.2473687531411164e-06,1.6410428806944624e-05,5.849304704282546e-05,5.335189410466598e-05,1.181111131089153e-06,-5.400323145808941e-05,5.849304704282546e-05,0.0005540511606660597,0.0005014788198142918,1.045242481435005e-05,-4.64812862103437e-05,5.335189410466598e-05,0.0005014788198142918,0.0004616831374341217,1.0217055936576067e-05,-1.1259470302667131e-06,1.181111131089153e-06,1.045242481435005e-05,1.0217055936576067e-05,4.204027169636222e-06
603,0.01,0,8,broadband,oracle_with_true_state,oracle,true_state,all,0,0.15718237012832775,0.4823839011600188,0.02426501445915782,0.020355648542063724,0.010119733388484004,0.009008849804720423,0.007140897237221335,0.24425125291682823,2.2581343683803836,0,0,0,True,False,results/data/experiment_10hq/experiment_10hq_seed603_Q0.01_fold0_client8_broadband_oracle_with_true_state.npz,e3de6bb9d165e7ff766c371739b95f28013a9600cb6ca164784c23b1b30988e5,0.0,0.0,0.0,0.0,0.0,0.0,0.0,0.0,0.0,0.0,0.0,0.0,0.0,0.0,0.0,0.0,0.0,0.0,0.0,0.0,0.0,0.0,0.0,0.0,0.0,0.0,0.0,0.0,0.0,0.0,0.0,0.0
603,0.01,0,8,broadband,learned_with_learned_kf_correct_beta,learned,learned_kf,beta,0,0.16906067169824468,0.5180872573271907,0.033832419724664824,0.024860863186546556,0.1521295938265826,0.15825844632033928,0.014369061048008405,0.3862761339799083,39.13070056360616,0,0,0,True,False,results/data/experiment_10hq/experiment_10hq_seed603_Q0.01_fold0_client8_broadband_learned_with_learned_kf_correct_beta.npz,3c2ad0ac2b5d276ed61fac4ca96da5288186f71a26ad0c79e1596a3ae42f4cb1,0.0,0.2989576010732461,2.5319247143911716,15.194924962793346,0.16698145540430856,17.938674476546268,17.709013319050232,0.0,0.0,0.0,0.0,0.0,0.0,2.722537905385446e-05,0.000144795166692326,0.0008743490003501795,1.7877787028725751e-06,0.0,0.000144795166692326,0.0019527934565259637,0.011623098838857869,2.799616949425133e-05,0.0,0.0008743490003501795,0.011623098838857869,0.07033181979317617,0.000180146939321018,0.0,1.7877787028725751e-06,2.799616949425133e-05,0.000180146939321018,8.493588556888631e-06
603,0.01,0,8,broadband,learned_with_learned_kf_correct_forces,learned,learned_kf,forces,0,1.4229542986821913,4.333729007209216,0.059746766777507544,0.0382933372425346,0.26425848473953556,0.27716906009252934,0.018302014700859865,0.45951106220149446,26.36661990769693,0,0,0,True,False,results/data/experiment_10hq/experiment_10hq_seed603_Q0.01_fold0_client8_broadband_learned_with_learned_kf_correct_forces.npz,0bc57572f4b8608f452daead56b61351d6cdc2731f2773da904a14af0eb193f9,0.13095244988956972,0.458146237565206,0.0,0.0,0.21781110528648795,0.5048388863630265,0.0,5.223745266612793e-06,-2.944305782479775e-06,0.0,0.0,-3.3929072984359994e-06,-2.944305782479775e-06,6.393857956147892e-05,0.0,0.0,3.3480182523775384e-06,0.0,0.0,0.0,0.0,0.0,0.0,0.0,0.0,0.0,0.0,-3.3929072984359994e-06,3.3480182523775384e-06,0.0,0.0,1.4451561416637269e-05
603,0.01,0,8,broadband,learned_with_learned_kf_correct_beta_forces,learned,learned_kf,beta_forces,0,1.4224057610333158,4.3151750033626755,0.059769083817388595,0.03830379347925735,0.2638541771383658,0.2768915657456546,0.018380911879709045,0.4599801825247107,26.426848209177738,0,0,0,True,False,results/data/experiment_10hq/experiment_10hq_seed603_Q0.01_fold0_client8_broadband_learned_with_learned_kf_correct_beta_forces.npz,979f530ad1b552d079f2a1545dfec8de50045a81654d2d93ae45a52f3ca74000,0.0,0.45828528086030595,0.0,0.0,0.21875359550142434,0.5293464326358026,0.0,0.0,0.0,0.0,0.0,0.0,0.0,6.397739502741555e-05,0.0,0.0,3.4009181726726265e-06,0.0,0.0,0.0,0.0,0.0,0.0,0.0,0.0,0.0,0.0,0.0,3.4009181726726265e-06,0.0,0.0,1.4576898678360846e-05
603,0.01,0,8,transient,nominal_with_nominal_kf,nominal,nominal_kf,none,0,0.13427821049760713,0.47449808572800894,0.040560572618624106,0.024023391526345684,0.01602003722564754,0.017488948783392255,0.009191165125784669,0.5224688330830289,18.759664494376658,0,0,0,True,False,results/data/experiment_10hq/experiment_10hq_seed603_Q0.01_fold0_client8_transient_nominal_with_nominal_kf.npz,69546b3a203425a304980ba1fe72784a5370a577544447408e92c86517a7d021,0.17491618888800123,0.26333095945068863,0.22596362775972673,0.24379309633734284,0.09525702222658874,0.5182536850430102,0.42136089079802713,9.31997500705257e-06,-1.0267686766223888e-05,7.397732349330972e-06,1.235216236542384e-05,8.09908481501274e-07,-1.0267686766223888e-05,2.1123144898562825e-05,-5.3242965951589665e-06,-1.115549635640225e-05,-4.6290611900181393e-07,7.397732349330972e-06,-5.3242965951589665e-06,1.555363174868773e-05,1.0212354652259916e-05,3.495561278220452e-06,1.235216236542384e-05,-1.115549635640225e-05,1.0212354652259916e-05,1.810495883241371e-05,4.178989217523248e-07,8.09908481501274e-07,-4.6290611900181393e-07,3.495561278220452e-06,4.178989217523248e-07,2.764068091754593e-06
603,0.01,0,8,transient,nominal_with_learned_kf,nominal,learned_kf,none,0,0.20635478230846374,0.5306839865167751,0.045208452591491054,0.02380643334509487,0.24864123123681856,0.24663393360259303,0.014456329069174236,0.5180613544763285,24.47724750188701,0,0,0,True,False,results/data/experiment_10hq/experiment_10hq_seed603_Q0.01_fold0_client8_transient_nominal_with_learned_kf.npz,7abb8d287a06dfa245de1763aaf1a5e16b8e015677a54925d79ddb7f5232184a,0.19715916751801793,0.26326939839860375,3.426163394542052,3.2931355476681246,0.1495603419651746,6.874307730097836,6.716366673880708,1.184100833004018e-05,-6.937683664454892e-06,5.6750002367052325e-05,5.741729298795444e-05,9.931695782291633e-07,-6.937683664454892e-06,2.1113269789098213e-05,7.85335082320891e-05,7.399750597026828e-05,-1.0923895523549105e-06,5.6750002367052325e-05,7.85335082320891e-05,0.0035757807054497518,0.003430943155772722,2.413652995700546e-05,5.741729298795444e-05,7.399750597026828e-05,0.003430943155772722,0.003303497245665021,2.325256387451759e-05,9.931695782291633e-07,-1.0923895523549105e-06,2.413652995700546e-05,2.325256387451759e-05,6.813772578653611e-06
603,0.01,0,8,transient,nominal_with_true_state,nominal,true_state,all,0,0.1398183324658497,0.4603858093452989,0.04053562263078395,0.024036204055258657,0.015833888197946632,0.017471450443892842,0.008484615291289344,0.5036799015250099,2.6695688546840444,0,0,0,True,False,results/data/experiment_10hq/experiment_10hq_seed603_Q0.01_fold0_client8_transient_nominal_with_true_state.npz,5dd0356e20c623b08524cedc4387ea98335badc64054ec3b03a2cc7b15eee077,0.0,0.0,0.0,0.0,0.0,0.0,0.0,0.0,0.0,0.0,0.0,0.0,0.0,0.0,0.0,0.0,0.0,0.0,0.0,0.0,0.0,0.0,0.0,0.0,0.0,0.0,0.0,0.0,0.0,0.0,0.0,0.0
603,0.01,0,8,transient,learned_with_nominal_kf,learned,nominal_kf,none,0,2.4542320672938547,7.435740284839565,0.06416743040409438,0.03870685995062888,0.032039960779993104,0.02601500168543571,0.01654610065003622,0.8925275900511725,30.898447497573517,0,0,0,True,False,results/data/experiment_10hq/experiment_10hq_seed603_Q0.01_fold0_client8_transient_learned_with_nominal_kf.npz,204e4d01e4c86ddf799c87548ccf17d988f7ca596a896f1895c7f8c244003cc4,0.13619660288073765,0.4686757420640036,0.6459988592197138,3.1225593445086384,0.1796444309351878,3.316447709171706,3.438363944889355,5.650505286791285e-06,-1.5503566165733254e-05,1.0631688911073343e-05,0.0001203309378104781,-3.751854707924584e-07,-1.5503566165733254e-05,6.69113337125288e-05,-2.296262173661637e-05,-0.0002540117295935613,-2.1961927296706663e-06,1.0631688911073343e-05,-2.296262173661637e-05,0.00012712127418410734,0.0002520184036164329,2.2172913081436714e-05,0.0001203309378104781,-0.0002540117295935613,0.0002520184036164329,0.002970134641034594,-2.4711941848798437e-05,-3.751854707924584e-07,-2.1961927296706663e-06,2.2172913081436714e-05,-2.4711941848798437e-05,9.830650402486279e-06
603,0.01,0,8,transient,learned_with_learned_kf,learned,learned_kf,none,0,0.17467699741389717,0.6266168938301173,0.04637699202688246,0.024831571126966576,0.2633043320631348,0.26135563534997386,0.01720188677158807,0.5972594808086175,40.27594749260792,0,0,0,True,False,results/data/experiment_10hq/experiment_10hq_seed603_Q0.01_fold0_client8_transient_learned_with_learned_kf.npz,3887f637a0182a50bb6425699c4412cfd1268d30d290beb52058316fc0f9c039,0.09551480314870807,0.3060113062400798,5.135729196780158,29.988388813878363,0.19085736777601753,35.258839532204235,35.11558903943786,2.7790483652816787e-06,-3.7124248529088415e-06,2.9458049801800848e-05,0.00018209704550697508,2.4228977205199777e-07,-3.7124248529088415e-06,2.852526453362834e-05,0.00014383892735676584,0.0008286308180675027,-2.1555847631236842e-06,2.9458049801800848e-05,0.00014383892735676584,0.00803450206027712,0.04682356843110534,4.922039223354262e-05,0.00018209704550697508,0.0008286308180675027,0.04682356843110534,0.27394350070302736,0.00028663048810003734,2.4228977205199777e-07,-2.1555847631236842e-06,4.922039223354262e-05,0.00028663048810003734,1.1096157053022548e-05
603,0.01,0,8,transient,learned_with_true_state,learned,true_state,all,0,2.2044946839972317,6.4447325020362864,0.06187640933684515,0.03745265080142626,0.029978379981428757,0.025109813134832678,0.01448858091841551,0.8204180029983882,4.044691215338026,0,0,0,True,False,results/data/experiment_10hq/experiment_10hq_seed603_Q0.01_fold0_client8_transient_learned_with_true_state.npz,81fcb9f45d8839b581cc5cea6e0e13522ba92c82843bbcc6309c500f20866338,0.0,0.0,0.0,0.0,0.0,0.0,0.0,0.0,0.0,0.0,0.0,0.0,0.0,0.0,0.0,0.0,0.0,0.0,0.0,0.0,0.0,0.0,0.0,0.0,0.0,0.0,0.0,0.0,0.0,0.0,0.0,0.0
603,0.01,0,8,transient,oracle_with_nominal_kf,oracle,nominal_kf,none,0,0.1369337928770866,0.4688051036005399,0.040792997991554614,0.024156914823789632,0.016141982209658137,0.017564212473784195,0.00918789154697118,0.5215749463779089,15.938269158138299,0,0,0,True,False,results/data/experiment_10hq/experiment_10hq_seed603_Q0.01_fold0_client8_transient_oracle_with_nominal_kf.npz,6a3c868c5c6a03f8904d58916a7eb90960750f8c50a5e6b382899072464a3961,0.2774981720033814,0.23852143881968826,0.1931418851487579,0.1943109401876042,0.0832209926947911,0.5252653232337001,0.34702152680654774,2.345713613748273e-05,-1.4804918655353888e-05,9.968401340508334e-06,1.5578386639742936e-05,1.10243418389444e-06,-1.4804918655353888e-05,1.7330439480967485e-05,-4.1373094620167145e-06,-8.030550339220997e-06,-3.4425322142330563e-07,9.968401340508334e-06,-4.1373094620167145e-06,1.1363383587546229e-05,6.9092425740523106e-06,2.6351041100488364e-06,1.5578386639742936e-05,-8.030550339220997e-06,6.9092425740523106e-06,1.1501361168152858e-05,2.649835669328907e-07,1.10243418389444e-06,-3.4425322142330563e-07,2.6351041100488364e-06,2.649835669328907e-07,2.109699107009981e-06
603,0.01,0,8,transient,oracle_with_learned_kf,oracle,learned_kf,none,0,0.17252165600348984,0.46238446028878416,0.045182366425921515,0.02395446677203837,0.25109688631702914,0.24918720903421235,0.01455102359991918,0.5157259679066262,20.908371221768817,0,0,0,True,False,results/data/experiment_10hq/experiment_10hq_seed603_Q0.01_fold0_client8_transient_oracle_with_learned_kf.npz,9e17ea08c93d5f36000238b238ae60cdde83541bfec37d3d1c23c5f015cb94ee,0.31109107994240365,0.2393544729558081,2.935402535522949,2.634532302129493,0.13160238380476938,5.7511226373208935,5.567419504940804,2.9480161088205748e-05,-9.830390118344143e-06,7.625109381256595e-05,7.345441840757874e-05,1.2733812674314073e-06,-9.830390118344143e-06,1.7451703699716468e-05,6.115287952859413e-05,5.299091235077397e-05,-8.819855323630942e-07,7.625109381256595e-05,6.115287952859413e-05,0.0026247628178018272,0.0023514654538519756,1.9029549513165318e-05,7.345441840757874e-05,5.299091235077397e-05,0.0023514654538519756,0.002114276539930202,1.7144480955011657e-05,1.2733812674314073e-06,-8.819855323630942e-07,1.9029549513165318e-05,1.7144480955011657e-05,5.275726185626474e-06
603,0.01,0,8,transient,oracle_with_true_state,oracle,true_state,all,0,0.1394123225067591,0.44881536133569777,0.04073968814684724,0.024151973848420077,0.0159381988981609,0.017536853618740855,0.008502093783903522,0.5057604131077983,2.338541344597354,0,0,0,True,False,results/data/experiment_10hq/experiment_10hq_seed603_Q0.01_fold0_client8_transient_oracle_with_true_state.npz,727fdfe2d476ca12dfb2da46f42c333683a892a3a176dda9cf214674f90b4af7,0.0,0.0,0.0,0.0,0.0,0.0,0.0,0.0,0.0,0.0,0.0,0.0,0.0,0.0,0.0,0.0,0.0,0.0,0.0,0.0,0.0,0.0,0.0,0.0,0.0,0.0,0.0,0.0,0.0,0.0,0.0,0.0
603,0.01,0,8,transient,learned_with_learned_kf_correct_beta,learned,learned_kf,beta,0,0.1751019259959768,0.6299112993934531,0.04637743919092605,0.024825677563575253,0.2632640180891101,0.261303582493591,0.01722025187821576,0.5976834711021624,40.32270138054569,0,0,0,True,False,results/data/experiment_10hq/experiment_10hq_seed603_Q0.01_fold0_client8_transient_learned_with_learned_kf_correct_beta.npz,ded7dad0427499cc3ecce95d1e8704ce4ee12c7a816d9f17e6d6ecaed0aa9d8e,0.0,0.30595069904328276,5.136043147160751,29.989570013205654,0.19104163270967478,35.240509427367584,35.117074258805566,0.0,0.0,0.0,0.0,0.0,0.0,2.8513966486246906e-05,0.00014338320267630789,0.0008257950154175509,-2.1739872256119974e-06,0.0,0.00014338320267630789,0.008035484398707389,0.04682817427091061,4.921744407499246e-05,0.0,0.0008257950154175509,0.04682817427091061,0.2739650816057872,0.00028670279792658544,0.0,-2.1739872256119974e-06,4.921744407499246e-05,0.00028670279792658544,1.1117593161792111e-05
603,0.01,0,8,transient,learned_with_learned_kf_correct_forces,learned,learned_kf,forces,0,2.1606622940711064,6.350981239082455,0.07771860111411152,0.040613203606500815,0.40375484765615005,0.4052308587927324,0.02966113870705523,0.836225002708105,26.585031475393798,0,0,0,True,False,results/data/experiment_10hq/experiment_10hq_seed603_Q0.01_fold0_client8_transient_learned_with_learned_kf_correct_forces.npz,94f4b37d4d771a0dab9e40a299bcfce9a0bd74867f96e1a5d2457f275aa8c70c,0.16102405783496418,0.49898333261317457,0.0,0.0,0.3282097705932163,0.49502722279286093,0.0,7.898348070864774e-06,-6.506783299644856e-06,0.0,0.0,5.719639103707189e-08,-6.506783299644856e-06,7.584497520691688e-05,0.0,0.0,-1.4505474244136524e-05,0.0,0.0,0.0,0.0,0.0,0.0,0.0,0.0,0.0,0.0,5.719639103707189e-08,-1.4505474244136524e-05,0.0,0.0,3.281389214824271e-05
603,0.01,0,8,transient,learned_with_learned_kf_correct_beta_forces,learned,learned_kf,beta_forces,0,2.1625001930626393,6.38016705853392,0.07788159193425674,0.040581308014531,0.4034095728067366,0.4047855227066042,0.02976049952308572,0.8372006864119726,26.632514950414738,0,0,0,True,False,results/data/experiment_10hq/experiment_10hq_seed603_Q0.01_fold0_client8_transient_learned_with_learned_kf_correct_beta_forces.npz,fcfd90fd511cfc6f2b0781512e18cc58cde1770f36f3074f1f1f7df7a7a2bf40,0.0,0.4986868807910137,0.0,0.0,0.3291592728047225,0.5104137849877854,0.0,0.0,0.0,0.0,0.0,0.0,0.0,7.575488120771457e-05,0.0,0.0,-1.4699648677190753e-05,0.0,0.0,0.0,0.0,0.0,0.0,0.0,0.0,0.0,0.0,0.0,-1.4699648677190753e-05,0.0,0.0,3.300402622681236e-05
603,0.01,0,11,broadband,nominal_with_nominal_kf,nominal,nominal_kf,none,2,0.2260349737927834,0.7016700559379905,0.02921384406916474,0.04012346320210199,0.021553207705639028,0.008974794924837763,0.013881258034530128,0.3240226396200019,17.173370268291478,0,0,0,True,False,results/data/experiment_10hq/experiment_10hq_seed603_Q0.01_fold0_client11_broadband_nominal_with_nominal_kf.npz,1ef4e938f6c228b00a285ad718b8183c7df70916961405c77978c59e7b26585d,0.11964429461000312,0.4355494702691553,0.249537616423436,0.10240867959733345,0.15260477472916323,0.7230138704756702,0.24478990550149546,4.36052441310588e-06,5.233333786320814e-06,1.7841651095866507e-06,8.51760464187312e-08,-3.7715413989767046e-06,5.233333786320814e-06,5.778694227609957e-05,2.8817748726133185e-05,-5.503419624597163e-07,5.4663775996528e-07,1.7841651095866507e-06,2.8817748726133185e-05,1.8968228817416266e-05,-1.9548003237660023e-06,2.090735549554051e-06,8.51760464187312e-08,-5.503419624597163e-07,-1.9548003237660023e-06,3.194686660951469e-06,1.6359317497446927e-06,-3.7715413989767046e-06,5.4663775996528e-07,2.090735549554051e-06,1.6359317497446927e-06,7.093996656261904e-06
603,0.01,0,11,broadband,nominal_with_learned_kf,nominal,learned_kf,none,2,0.17116667635699417,0.5251476448275425,0.019265248115402575,0.028831448756455203,0.0058091727541055675,0.013300159478517844,0.007188772508660748,0.31872448965114564,14.682234669196628,0,0,0,True,False,results/data/experiment_10hq/experiment_10hq_seed603_Q0.01_fold0_client11_broadband_nominal_with_learned_kf.npz,ee00000ca87828cf56de676029f4bc4188747f343b90426fb47198046b8198aa,0.0791018989110488,0.31290803291779445,0.07219578990483157,0.14459738961485655,0.07688371888331533,0.32332349171121044,0.18078937013585436,1.9060248288210478e-06,2.3212872625467867e-06,-1.131138732145926e-06,-1.4509469702751359e-06,-4.591589970243549e-07,2.3212872625467867e-06,2.982552932619168e-05,3.78213105129443e-08,-5.7893344581664065e-06,-1.2514994576368022e-06,-1.131138732145926e-06,3.78213105129443e-08,1.5877366875338023e-06,9.997786178709968e-07,8.273453245071664e-07,-1.4509469702751359e-06,-5.7893344581664065e-06,9.997786178709968e-07,6.369064408369938e-06,1.0734156545734244e-06,-4.591589970243549e-07,-1.2514994576368022e-06,8.273453245071664e-07,1.0734156545734244e-06,1.8006259276632356e-06
603,0.01,0,11,broadband,nominal_with_true_state,nominal,true_state,all,2,0.18393505520551007,0.5616115760100191,0.029208519281897258,0.03925882452099424,0.02109771927543503,0.008637045865721612,0.0135396427634793,0.2933517462015093,2.314010950755644,0,0,0,True,False,results/data/experiment_10hq/experiment_10hq_seed603_Q0.01_fold0_client11_broadband_nominal_with_true_state.npz,d8b161ab8584c0248d79a2ac8f1b66068cd01496fc8c664797d1f5c7cb519c70,0.0,0.0,0.0,0.0,0.0,0.0,0.0,0.0,0.0,0.0,0.0,0.0,0.0,0.0,0.0,0.0,0.0,0.0,0.0,0.0,0.0,0.0,0.0,0.0,0.0,0.0,0.0,0.0,0.0,0.0,0.0,0.0
603,0.01,0,11,broadband,learned_with_nominal_kf,learned,nominal_kf,none,2,0.23617065596405504,0.7167647032588429,0.030021107716415564,0.040404505238873144,0.02188749914472587,0.008980056509847269,0.014064290643983998,0.3440746149824687,23.361227284131495,0,0,0,True,False,results/data/experiment_10hq/experiment_10hq_seed603_Q0.01_fold0_client11_broadband_learned_with_nominal_kf.npz,aea2e789caab35400280cc4df893f90d6d83638159705218d2634998c0549456,0.053530773100969334,0.5990059953311391,0.30778341216126676,0.2127362986092701,0.17732754589445324,0.9284808950624911,0.3222483562208413,8.728945186721753e-07,3.393036756625527e-06,1.0544535432212215e-06,5.99656719862483e-08,-1.9645900412228645e-06,3.393036756625527e-06,0.0001092992227340382,4.8806793012500684e-05,-2.3224972436873936e-06,1.3597908015048287e-07,1.0544535432212215e-06,4.8806793012500684e-05,2.885659972032567e-05,-5.504948298342549e-06,2.7637889085813036e-06,5.99656719862483e-08,-2.3224972436873936e-06,-5.504948298342549e-06,1.3785989157054796e-05,3.6831102953666316e-06,-1.9645900412228645e-06,1.3597908015048287e-07,2.7637889085813036e-06,3.6831102953666316e-06,9.578712595349077e-06
603,0.01,0,11,broadband,learned_with_learned_kf,learned,learned_kf,none,2,0.1816165131435954,0.5312892553322011,0.019659923941258355,0.028914178366744696,0.005855051424718389,0.013501995635547258,0.007215019701148812,0.33723947195573306,19.617642076349792,0,0,0,True,False,results/data/experiment_10hq/experiment_10hq_seed603_Q0.01_fold0_client11_broadband_learned_with_learned_kf.npz,dc02317b3ed41e9110f09a8fe80247e86fdfad1ce5472ae0b906a161e283d12b,0.03487211193807699,0.4286081146508676,0.08836853574075834,0.3074944819171764,0.08857390048989551,0.45169141634250265,0.3467872680685786,3.7043433616406316e-07,1.5914225268981345e-06,-5.903838951895775e-07,-1.4033909486063205e-06,-2.489647015795901e-07,1.5914225268981345e-06,5.5959717497169484e-05,-2.467204558793385e-07,-1.7447870770965273e-05,-2.074614450452251e-06,-5.903838951895775e-07,-2.467204558793385e-07,2.3787568550724136e-06,2.726258095596432e-06,1.1690479729186162e-06,-1.4033909486063205e-06,-1.7447870770965273e-05,2.726258095596432e-06,2.880244715292891e-05,2.6494309135749937e-06,-2.489647015795901e-07,-2.074614450452251e-06,1.1690479729186162e-06,2.6494309135749937e-06,2.3898259633760744e-06
603,0.01,0,11,broadband,learned_with_true_state,learned,true_state,all,2,0.19647564170883206,0.5670687126719779,0.029988201786362398,0.039523919181514475,0.021362330778357322,0.008628986266788785,0.013602818755810733,0.29763259397598774,2.704028130771914,0,0,0,True,False,results/data/experiment_10hq/experiment_10hq_seed603_Q0.01_fold0_client11_broadband_learned_with_true_state.npz,a227100436ca301811961a9eb7d7e091bc2352e62643242c1def8f09ae2030ed,0.0,0.0,0.0,0.0,0.0,0.0,0.0,0.0,0.0,0.0,0.0,0.0,0.0,0.0,0.0,0.0,0.0,0.0,0.0,0.0,0.0,0.0,0.0,0.0,0.0,0.0,0.0,0.0,0.0,0.0,0.0,0.0
603,0.01,0,11,broadband,oracle_with_nominal_kf,oracle,nominal_kf,none,2,0.24345174057921776,0.7548570791871858,0.029528480751890275,0.0401367844795045,0.021664258237796042,0.008974149507529674,0.013992589591210202,0.3452325193900566,24.133613552517012,0,0,0,True,False,results/data/experiment_10hq/experiment_10hq_seed603_Q0.01_fold0_client11_broadband_oracle_with_nominal_kf.npz,52583264af77f896d6fdc0e9ba993dd567646667d07b67bba04919298e359465,0.12817703650439136,0.5690965182103775,0.4163400347759235,0.19716460007871414,0.166772954185934,1.0144647864733722,0.41029423511281965,5.004667024294412e-06,7.499166415068244e-06,3.2842387293340842e-06,1.5937734095764455e-07,-4.421595739491783e-06,7.499166415068244e-06,9.865670176920912e-05,6.296418842001313e-05,-1.8165899970066174e-06,4.466445299656732e-07,3.2842387293340842e-06,6.296418842001313e-05,5.280208640896442e-05,-6.68201837650976e-06,3.5985691602730094e-06,1.5937734095764455e-07,-1.8165899970066174e-06,-6.68201837650976e-06,1.1841660877760947e-05,3.3260694732392054e-06,-4.421595739491783e-06,4.466445299656732e-07,3.5985691602730094e-06,3.3260694732392054e-06,8.472390778641006e-06
603,0.01,0,11,broadband,oracle_with_learned_kf,oracle,learned_kf,none,2,0.18390098816319608,0.561218056280378,0.019408210510223855,0.028807677344731983,0.005823373473869496,0.013369966257016622,0.007208801951057008,0.3369118380165556,19.89651898394153,0,0,0,True,False,results/data/experiment_10hq/experiment_10hq_seed603_Q0.01_fold0_client11_broadband_oracle_with_learned_kf.npz,295e47cb350f161c831403291062967711299db0ed1db846e9e37ae0cfd3c0f3,0.08422605704864088,0.40837158671035834,0.11901223873072489,0.2817514978046528,0.08346893287631309,0.44260699798095465,0.33966827624703844,2.1609647142103063e-06,3.4241169819919383e-06,-1.983703666912667e-06,-3.0669325933578225e-06,-5.488775936675806e-07,3.4241169819919383e-06,5.080024072444574e-05,-1.059548735563299e-07,-1.4969965537901842e-05,-1.7979484561604026e-06,-1.983703666912667e-06,-1.059548735563299e-07,4.314574622303988e-06,3.324399321588369e-06,1.4867470681738503e-06,-3.0669325933578225e-06,-1.4969965537901842e-05,3.324399321588369e-06,2.418172077523893e-05,2.2856462630671426e-06,-5.488775936675806e-07,-1.7979484561604026e-06,1.4867470681738503e-06,2.2856462630671426e-06,2.1222886800756727e-06
603,0.01,0,11,broadband,oracle_with_true_state,oracle,true_state,all,2,0.19846929155174453,0.596140083548317,0.02953886036473203,0.03927269647474392,0.02118980108718492,0.008625902785707159,0.013544008740932475,0.29505383218726805,2.704382549729533,0,0,0,True,False,results/data/experiment_10hq/experiment_10hq_seed603_Q0.01_fold0_client11_broadband_oracle_with_true_state.npz,909fee2d535f0d6331c1e6657e7fda9cbb0ab13e8531e4bfc10dead4abc0cd98,0.0,0.0,0.0,0.0,0.0,0.0,0.0,0.0,0.0,0.0,0.0,0.0,0.0,0.0,0.0,0.0,0.0,0.0,0.0,0.0,0.0,0.0,0.0,0.0,0.0,0.0,0.0,0.0,0.0,0.0,0.0,0.0
603,0.01,0,11,broadband,learned_with_learned_kf_correct_beta,learned,learned_kf,beta,2,0.18059129761537487,0.528674400937857,0.01964516768012015,0.028903656343886995,0.005852701977836527,0.013493023730812412,0.007213951611595827,0.3369656782165594,19.581707984749247,0,0,0,True,False,results/data/experiment_10hq/experiment_10hq_seed603_Q0.01_fold0_client11_broadband_learned_with_learned_kf_correct_beta.npz,f364092ab00c39f256606a3ce222d78ef1dc4f5b0400c25aca1d80f431f0f7c9,0.0,0.4284521008700451,0.08833468858024751,0.30729313168360584,0.08856020851432798,0.45495000486762854,0.34654347703046723,0.0,0.0,0.0,0.0,0.0,0.0,5.5918986125787956e-05,-2.416405404779314e-07,-1.7422865513404992e-05,-2.0703050536827915e-06,0.0,-2.416405404779314e-07,2.376934968016434e-06,2.7202785637682935e-06,1.1682787747712775e-06,0.0,-1.7422865513404992e-05,2.7202785637682935e-06,2.8764739284600234e-05,2.646161669597477e-06,0.0,-2.0703050536827915e-06,1.1682787747712775e-06,2.646161669597477e-06,2.389087169906684e-06
603,0.01,0,11,broadband,learned_with_learned_kf_correct_forces,learned,learned_kf,forces,2,0.1879821285466259,0.5384612027630762,0.019797946614631363,0.029107850096653263,0.00589710371692479,0.01361674683877348,0.007179173644190654,0.3280647670611473,16.32342096856734,0,0,0,True,False,results/data/experiment_10hq/experiment_10hq_seed603_Q0.01_fold0_client11_broadband_learned_with_learned_kf_correct_forces.npz,a135e89dee0ef766464f3e6d7a2305c5ada62882957db562c0e2bbcd128e7f55,0.03511378386320601,0.4314704270623686,0.0,0.0,0.08818879704153662,0.4361189270838736,0.0,3.755865213272588e-07,1.5786749028614707e-06,0.0,0.0,-2.501085936273363e-07,1.5786749028614707e-06,5.6709628768908876e-05,0.0,0.0,-2.086645232988061e-06,0.0,0.0,0.0,0.0,0.0,0.0,0.0,0.0,0.0,0.0,-2.501085936273363e-07,-2.086645232988061e-06,0.0,0.0,2.3690900694174405e-06
603,0.01,0,11,broadband,learned_with_learned_kf_correct_beta_forces,learned,learned_kf,beta_forces,2,0.18693139029213598,0.5358352545819187,0.01978304328745067,0.029097370062154265,0.005894853566984465,0.013607666990751305,0.007178248006828191,0.3278382942073387,16.296820626571048,0,0,0,True,False,results/data/experiment_10hq/experiment_10hq_seed603_Q0.01_fold0_client11_broadband_learned_with_learned_kf_correct_beta_forces.npz,5788022ba77ec9ba20dae7147f0de3f7dc7cc1a6a8e433da8cb3b76c85e63e10,0.0,0.4313150167704551,0.0,0.0,0.08817680838002297,0.4244235215142788,0.0,0.0,0.0,0.0,0.0,0.0,0.0,5.666878391746514e-05,0.0,0.0,-2.0824359032257322e-06,0.0,0.0,0.0,0.0,0.0,0.0,0.0,0.0,0.0,0.0,0.0,-2.0824359032257322e-06,0.0,0.0,2.368445990138734e-06
603,0.01,0,11,transient,nominal_with_nominal_kf,nominal,nominal_kf,none,2,0.18289172994720734,0.5800153601989819,0.049795238139139046,0.07068539050863687,0.031760658737942773,0.007657706950486661,0.017048956461466695,0.5861713859984772,16.589953731551628,0,0,0,True,False,results/data/experiment_10hq/experiment_10hq_seed603_Q0.01_fold0_client11_transient_nominal_with_nominal_kf.npz,597ee7be8d5e9c26933e3f7800f535f958d0cc0d769147863eb239ebfcae10a1,0.21502080183807115,0.7816502987072997,0.44134400139045604,0.12052607285344467,0.17889540654010433,1.3500098496650343,0.4616797771727888,1.4083665100416804e-05,4.4753749714400245e-05,2.0880988779198808e-05,2.845206968751161e-06,-7.645994513370934e-06,4.4753749714400245e-05,0.00018611429500464598,9.671612654380858e-05,9.417431954812625e-06,-1.9275036450143127e-05,2.0880988779198808e-05,9.671612654380858e-05,5.933476020071731e-05,5.84432104788852e-07,-3.509092365562409e-06,2.845206968751161e-06,9.417431954812625e-06,5.84432104788852e-07,4.425035377862568e-06,-4.034438193430176e-06,-7.645994513370934e-06,-1.9275036450143127e-05,-3.509092365562409e-06,-4.034438193430176e-06,9.748843845460063e-06
603,0.01,0,11,transient,nominal_with_learned_kf,nominal,learned_kf,none,2,0.1540792955451534,0.47921171800329126,0.03133890340075899,0.0333168343044364,0.010630559167034271,0.021509076130701927,0.007866080245356835,0.5866621396961862,14.2615681800041,0,0,0,True,False,results/data/experiment_10hq/experiment_10hq_seed603_Q0.01_fold0_client11_transient_nominal_with_learned_kf.npz,8899265ffc73f2e76fa9782c207a6f4c783074be4719968804d886c78291832e,0.13483145093296978,0.3665880917026164,0.15741691244293216,0.2928579555244419,0.08209638188420311,0.3018824328540576,0.420953552086588,5.537798524309788e-06,1.1737381993091443e-05,-5.43849951025324e-06,-7.655000016608926e-06,-1.6406575890609438e-06,1.1737381993091443e-05,4.093656909664657e-05,-1.2101374650808462e-05,-2.3999928657347962e-05,-2.8089840939896885e-06,-5.43849951025324e-06,-1.2101374650808462e-05,7.5484453485893615e-06,1.0152293414604784e-05,2.385920358456444e-06,-7.655000016608926e-06,-2.3999928657347962e-05,1.0152293414604784e-05,2.6125751253542303e-05,2.1483841290443388e-06,-1.6406575890609438e-06,-2.8089840939896885e-06,2.385920358456444e-06,2.1483841290443388e-06,2.0530653349238225e-06
603,0.01,0,11,transient,nominal_with_true_state,nominal,true_state,all,2,0.15348183260443657,0.5043916634515879,0.04984208405762178,0.07076465410099307,0.031777396733132575,0.007648658706950164,0.01710324239271603,0.5727905821353592,2.1656426475169357,0,0,0,True,False,results/data/experiment_10hq/experiment_10hq_seed603_Q0.01_fold0_client11_transient_nominal_with_true_state.npz,57b48c0b3568f8a907307443aee7f78061a1f3090fbe00249afb8406546ef7dc,0.0,0.0,0.0,0.0,0.0,0.0,0.0,0.0,0.0,0.0,0.0,0.0,0.0,0.0,0.0,0.0,0.0,0.0,0.0,0.0,0.0,0.0,0.0,0.0,0.0,0.0,0.0,0.0,0.0,0.0,0.0,0.0
603,0.01,0,11,transient,learned_with_nominal_kf,learned,nominal_kf,none,2,0.20470122353880557,0.6675129209911999,0.05062666958124892,0.07160466929514998,0.03233292492557623,0.007796422000592852,0.01744749834437224,0.6028609954156631,22.58622043138536,0,0,0,True,False,results/data/experiment_10hq/experiment_10hq_seed603_Q0.01_fold0_client11_transient_learned_with_nominal_kf.npz,ab878f697b5ca70ac2a0f7bfd4806fda9d4b3f2905a70b659929b81c7bbb04ed,0.07922034502120041,1.0758095369853502,0.5432978370087176,0.24127300415313843,0.21010936154133536,1.6437144236584649,0.5977782755429997,1.9117372138796984e-06,2.2034336155086998e-05,8.998886916827501e-06,1.9470428821940325e-06,-3.4057593877616493e-06,2.2034336155086998e-05,0.0003525538933676344,0.0001634955171133154,2.4979155217163242e-05,-3.068633860567533e-05,8.998886916827501e-06,0.0001634955171133154,8.991469743480151e-05,6.02177536259014e-07,-4.6434819811311184e-06,1.9470428821940325e-06,2.4979155217163242e-05,6.02177536259014e-07,1.7732591059741338e-05,-9.594575441478703e-06,-3.4057593877616493e-06,-3.068633860567533e-05,-4.6434819811311184e-06,-9.594575441478703e-06,1.3447623496631061e-05
603,0.01,0,11,transient,learned_with_learned_kf,learned,learned_kf,none,2,0.18274219860296453,0.5668948394600141,0.03179018562562506,0.03357589744467734,0.010757051850174655,0.021841752008152325,0.007924787789381476,0.6024113984997503,19.023399872091876,0,0,0,True,False,results/data/experiment_10hq/experiment_10hq_seed603_Q0.01_fold0_client11_transient_learned_with_learned_kf.npz,14e9b04be6047ae83556569b49b7c63501bccb0df6e6090023ad6c6dd624f495,0.04971640729990452,0.5027132401757151,0.19226301535226406,0.6007430130084225,0.09496127108332862,0.511367688544545,0.7518898974246869,7.529293206104457e-07,5.9955218003056534e-06,-2.2272859869724358e-06,-5.5593069823344234e-06,-6.987553038974617e-07,5.9955218003056534e-06,7.698309766187154e-05,-2.037968837719647e-05,-6.764114917504372e-05,-4.531752375173139e-06,-2.2272859869724358e-06,-2.037968837719647e-05,1.1260203353820334e-05,2.550884292914877e-05,3.3560131019730856e-06,-5.5593069823344234e-06,-6.764114917504372e-05,2.550884292914877e-05,0.00010993404093943786,5.16721660180706e-06,-6.987553038974617e-07,-4.531752375173139e-06,3.3560131019730856e-06,5.16721660180706e-06,2.7469311449727045e-06
603,0.01,0,11,transient,learned_with_true_state,learned,true_state,all,2,0.18482117570084008,0.5972452624916234,0.05067433951208917,0.07169392747505349,0.032323240804049067,0.007783769245072234,0.017415758139638617,0.5815732062598724,2.5894660646077354,0,0,0,True,False,results/data/experiment_10hq/experiment_10hq_seed603_Q0.01_fold0_client11_transient_learned_with_true_state.npz,0bde084205d6c2d1e8a330481a347a97988b80473a21b196ba301b6a00232541,0.0,0.0,0.0,0.0,0.0,0.0,0.0,0.0,0.0,0.0,0.0,0.0,0.0,0.0,0.0,0.0,0.0,0.0,0.0,0.0,0.0,0.0,0.0,0.0,0.0,0.0,0.0,0.0,0.0,0.0,0.0,0.0
603,0.01,0,11,transient,oracle_with_nominal_kf,oracle,nominal_kf,none,2,0.20620987428835574,0.6683717322836829,0.050189460232413545,0.0711421185943437,0.032023951396818504,0.007729093748926065,0.017292591009485006,0.6008385536071255,23.227207021242897,0,0,0,True,False,results/data/experiment_10hq/experiment_10hq_seed603_Q0.01_fold0_client11_transient_oracle_with_nominal_kf.npz,0c9858214fb54deb3e1c404b2aac0521861466cf5cc04f757d1165b4625ec55a,0.21652200788258708,1.021440820734477,0.7223333850957646,0.22484151962593682,0.19593968556552,1.8785014379854048,0.7621972612570742,1.4281006827386996e-05,5.853133650048862e-05,3.4012765956228e-05,5.280816513232414e-06,-8.479365253937201e-06,5.853133650048862e-05,0.0003178199500738109,0.00020677808941812497,2.2618175733696904e-05,-2.7316812778811547e-05,3.4012765956228e-05,0.00020677808941812497,0.00015893886619965857,1.3137291659234421e-06,-6.078052044317797e-06,5.280816513232414e-06,2.2618175733696904e-05,1.3137291659234421e-06,1.539954038029678e-05,-8.265807162678141e-06,-8.479365253937201e-06,-2.7316812778811547e-05,-6.078052044317797e-06,-8.265807162678141e-06,1.1694981758329272e-05
603,0.01,0,11,transient,oracle_with_learned_kf,oracle,learned_kf,none,2,0.17758892272489357,0.5582866602986912,0.03155556677543028,0.033437351227223515,0.010703441653840986,0.021664708069170133,0.007904345901002141,0.5999587075516227,19.278341746153025,0,0,0,True,False,results/data/experiment_10hq/experiment_10hq_seed603_Q0.01_fold0_client11_transient_oracle_with_learned_kf.npz,d4572e26e1203d6932d82e05106a021e2272f95c28abcf02999eb7ec1e3ce9a2,0.13566978971275603,0.478419626900596,0.2552409955508387,0.5562904947648875,0.0890873416816029,0.4939896157435655,0.762543580265857,5.606877128356231e-06,1.551269289446732e-05,-8.715073391048388e-06,-1.451668615622561e-05,-1.801658779634041e-06,1.551269289446732e-05,6.97224615161618e-05,-2.5778188428612997e-05,-5.9624041613499685e-05,-4.00124816712254e-06,-8.715073391048388e-06,-2.5778188428612997e-05,1.9845205249328883e-05,3.150743744424412e-05,4.193135866090226e-06,-1.451668615622561e-05,-5.9624041613499685e-05,3.150743744424412e-05,9.426663700850227e-05,4.461479221819895e-06,-1.801658779634041e-06,-4.00124816712254e-06,4.193135866090226e-06,4.461479221819895e-06,2.4176127379143974e-06
603,0.01,0,11,transient,oracle_with_true_state,oracle,true_state,all,2,0.17724304044084171,0.5875632125342208,0.05026523476688787,0.0712622449238577,0.032055291222520425,0.007720848569348901,0.017266988343016824,0.5778221374497778,2.5763978728684918,0,0,0,True,False,results/data/experiment_10hq/experiment_10hq_seed603_Q0.01_fold0_client11_transient_oracle_with_true_state.npz,91c2e40d33495497720108f4b0eb7349cd90b73005f2d8321cde1a3e9c728ae0,0.0,0.0,0.0,0.0,0.0,0.0,0.0,0.0,0.0,0.0,0.0,0.0,0.0,0.0,0.0,0.0,0.0,0.0,0.0,0.0,0.0,0.0,0.0,0.0,0.0,0.0,0.0,0.0,0.0,0.0,0.0,0.0
603,0.01,0,11,transient,learned_with_learned_kf_correct_beta,learned,learned_kf,beta,2,0.1816896259184126,0.5632587374309099,0.031777136945210116,0.03356813193907096,0.010753677813441404,0.021832136830621296,0.007923411565478922,0.6021625244320995,18.991873137671966,0,0,0,True,False,results/data/experiment_10hq/experiment_10hq_seed603_Q0.01_fold0_client11_transient_learned_with_learned_kf_correct_beta.npz,95c95ae967e17f50963ef17fc85dc85386588125fa6af0be3bba9e69fa30a7c9,0.0,0.5025968142871127,0.19220789187750797,0.6004815306621774,0.0949439669501088,0.5245039168089249,0.7515868202161289,0.0,0.0,0.0,0.0,0.0,0.0,7.6947443985129e-05,-2.0369415249570915e-05,-6.760265080788638e-05,-4.527982833150347e-06,0.0,-2.0369415249570915e-05,1.1253747483418761e-05,2.549050844190145e-05,3.3543833453679694e-06,0.0,-6.760265080788638e-05,2.549050844190145e-05,0.00010983836090883079,5.163205817681671e-06,0.0,-4.527982833150347e-06,3.3543833453679694e-06,5.163205817681671e-06,2.745930127797853e-06
603,0.01,0,11,transient,learned_with_learned_kf_correct_forces,learned,learned_kf,forces,2,0.18463291324936107,0.5780147555143913,0.03189496890021778,0.03361218927922489,0.010779409714276825,0.02194215634530605,0.007881766765931573,0.5980023793186406,15.858780194466904,0,0,0,True,False,results/data/experiment_10hq/experiment_10hq_seed603_Q0.01_fold0_client11_transient_learned_with_learned_kf_correct_forces.npz,8fc5169428533178df35d1841ec6293d1fd1b793937b7ba4c4eebdd8e4a9a3a6,0.04985492260804913,0.5032785405546336,0.0,0.0,0.09445574299806524,0.5193197781101372,0.0,7.571306508060326e-07,6.001541620698564e-06,0.0,0.0,-7.024800555492442e-07,6.001541620698564e-06,7.71563297913981e-05,0.0,0.0,-4.538075182268205e-06,0.0,0.0,0.0,0.0,0.0,0.0,0.0,0.0,0.0,0.0,-7.024800555492442e-07,-4.538075182268205e-06,0.0,0.0,2.717762314942712e-06
603,0.01,0,11,transient,learned_with_learned_kf_correct_beta_forces,learned,learned_kf,beta_forces,2,0.18350207815438577,0.5753005915012992,0.03188175545069619,0.033604462481327535,0.01077607936324162,0.021932367257235505,0.007880381885332756,0.5977768566518574,15.836444045006518,0,0,0,True,False,results/data/experiment_10hq/experiment_10hq_seed603_Q0.01_fold0_client11_transient_learned_with_learned_kf_correct_beta_forces.npz,0fb9a1dfb6a9d524da3aa1cdab1201bd404bb7b451505fcaa4d2e028b5fde43c,0.0,0.5031626844548225,0.0,0.0,0.09443829074838685,0.4819961722947679,0.0,0.0,0.0,0.0,0.0,0.0,0.0,7.712081068287125e-05,0.0,0.0,-4.534377679686473e-06,0.0,0.0,0.0,0.0,0.0,0.0,0.0,0.0,0.0,0.0,0.0,-4.534377679686473e-06,0.0,0.0,2.716758105285419e-06
603,0.01,0,14,broadband,nominal_with_nominal_kf,nominal,nominal_kf,none,2,0.22923735292077632,0.7193766985935196,0.025887168472901727,0.04396845828238819,0.02035133149175932,0.010768896549206397,0.01394849236910027,0.32623505935826164,16.606546213186967,0,0,0,True,False,results/data/experiment_10hq/experiment_10hq_seed603_Q0.01_fold0_client14_broadband_nominal_with_nominal_kf.npz,fe197e51e58601b11c2527c76337c786b2a4778bc1bb1f9a26f3de2f5af885cf,0.10612157727576836,0.4771511439155999,0.2374873378691498,0.12195302915493157,0.15334620624076362,0.7313806062823975,0.23539612524307404,3.4305371571663336e-06,4.334895184496117e-06,2.3816476310343174e-06,1.3824350464450453e-06,-3.050202157410346e-06,4.334895184496117e-06,6.935322704586308e-05,3.0586152068096066e-05,-3.166074378305117e-06,-5.284595518494915e-07,2.3816476310343174e-06,3.0586152068096066e-05,1.7180494258509627e-05,-2.4158356445133574e-06,7.75001316674793e-07,1.3824350464450453e-06,-3.166074378305117e-06,-2.4158356445133574e-06,4.530435162588979e-06,3.441536006595209e-07,-3.050202157410346e-06,-5.284595518494915e-07,7.75001316674793e-07,3.441536006595209e-07,7.163096589096913e-06
603,0.01,0,14,broadband,nominal_with_learned_kf,nominal,learned_kf,none,2,0.17366103584723372,0.536053893148745,0.022154760214340152,0.025953990340070583,0.009285240706964085,0.015536112170843452,0.007771582774755169,0.32388971463442606,14.446660473366896,0,0,0,True,False,results/data/experiment_10hq/experiment_10hq_seed603_Q0.01_fold0_client14_broadband_nominal_with_learned_kf.npz,8ef18bf1bb1a0a51760c5165422a0f9a180c81b222877f1cea668b6603109726,0.09079033959718512,0.2823215853064339,0.11112578368681404,0.16970863466413474,0.08348985907754738,0.35193721237237935,0.24493594334101634,2.5109265930787272e-06,3.2666134553308972e-06,-2.4818945342983214e-06,-3.047994918244639e-06,-7.557070003530972e-07,3.2666134553308972e-06,2.4279676908037204e-05,-3.706205500970291e-07,-4.671705075850354e-06,-9.619428256798449e-08,-2.4818945342983214e-06,-3.706205500970291e-07,3.7617021789800086e-06,2.8700529138297798e-06,1.6628766223485463e-06,-3.047994918244639e-06,-4.671705075850354e-06,2.8700529138297798e-06,8.773292606632653e-06,1.7650243151753748e-06,-7.557070003530972e-07,-9.619428256798449e-08,1.6628766223485463e-06,1.7650243151753748e-06,2.1233529564617125e-06
603,0.01,0,14,broadband,nominal_with_true_state,nominal,true_state,all,2,0.1905533314449909,0.5929091542586971,0.025924071999342487,0.043213059145862924,0.02012942871777711,0.010538393002917631,0.013743497759370971,0.2962683245027802,2.326383015051103,0,0,0,True,False,results/data/experiment_10hq/experiment_10hq_seed603_Q0.01_fold0_client14_broadband_nominal_with_true_state.npz,fb4478c7ea5b5e5e70377eb066e370c49f909069941fcc3f66204a8af89d851c,0.0,0.0,0.0,0.0,0.0,0.0,0.0,0.0,0.0,0.0,0.0,0.0,0.0,0.0,0.0,0.0,0.0,0.0,0.0,0.0,0.0,0.0,0.0,0.0,0.0,0.0,0.0,0.0,0.0,0.0,0.0,0.0
603,0.01,0,14,broadband,learned_with_nominal_kf,learned,nominal_kf,none,2,0.238936999527712,0.7280583782131981,0.02657338190383039,0.04423122640594045,0.02071074549831753,0.010832110448603835,0.014120718448333175,0.3451851041381261,22.391432119969817,0,0,0,True,False,results/data/experiment_10hq/experiment_10hq_seed603_Q0.01_fold0_client14_broadband_learned_with_nominal_kf.npz,66f388729fa03d8d0a7333f0e03a7e012fe19b9fba093ee83566801042355add,0.0472933962766882,0.6555950082194809,0.2934242465864903,0.25499191789140285,0.17802547483261275,0.9376810373076786,0.3307974173320962,6.813272221725365e-07,2.836943381474695e-06,1.3833304767499886e-06,1.2796227248839632e-06,-1.5977127015127264e-06,2.836943381474695e-06,0.00013092603369698115,5.196047124101382e-05,-9.201927113372248e-06,-1.4143052975376931e-06,1.3833304767499886e-06,5.196047124101382e-05,2.6226886177596635e-05,-6.350014426079565e-06,8.868827802203002e-07,1.2796227248839632e-06,-9.201927113372248e-06,-6.350014426079565e-06,1.980649214648416e-05,4.859912248450924e-07,-1.5977127015127264e-06,-1.4143052975376931e-06,8.868827802203002e-07,4.859912248450924e-07,9.654261113898435e-06
603,0.01,0,14,broadband,learned_with_learned_kf,learned,learned_kf,none,2,0.18367147716196253,0.5350571474801094,0.022656024946878996,0.026083936013486877,0.00937992598276254,0.01579710288498162,0.007803727626553542,0.3426875234617552,19.148338471278173,0,0,0,True,False,results/data/experiment_10hq/experiment_10hq_seed603_Q0.01_fold0_client14_broadband_learned_with_learned_kf.npz,f954fbba16ac0fb21ff9c72264ae7a6de29bbc26c9bd74ab19e7d47daa4620fd,0.04033822974504093,0.3872478362323028,0.13617761579405147,0.361161270543116,0.09622526837857263,0.5301254126485772,0.4461274126771772,4.95665173475092e-07,2.128022897388927e-06,-1.3216515503453756e-06,-2.9175492946930757e-06,-4.037638502013571e-07,2.128022897388927e-06,4.568069836530684e-05,-1.1296084268029085e-06,-1.4731254780717764e-05,-3.345202652781089e-07,-1.3216515503453756e-06,-1.1296084268029085e-06,5.648929929505574e-06,7.6227252877988374e-06,2.3538155699661815e-06,-2.9175492946930757e-06,-1.4731254780717764e-05,7.6227252877988374e-06,3.973352352625101e-05,4.347870061306234e-06,-4.037638502013571e-07,-3.345202652781089e-07,2.3538155699661815e-06,4.347870061306234e-06,2.8205447678920225e-06
603,0.01,0,14,broadband,learned_with_true_state,learned,true_state,all,2,0.20408950113650526,0.5984321373323017,0.026615406069303602,0.04348450829593373,0.0204482865749441,0.010591925692658696,0.013796248998962986,0.3006409415450485,2.7048127021612465,0,0,0,True,False,results/data/experiment_10hq/experiment_10hq_seed603_Q0.01_fold0_client14_broadband_learned_with_true_state.npz,e26785c97d4513b0517816786481782e05928cd9932a548c1c319fec8da75d75,0.0,0.0,0.0,0.0,0.0,0.0,0.0,0.0,0.0,0.0,0.0,0.0,0.0,0.0,0.0,0.0,0.0,0.0,0.0,0.0,0.0,0.0,0.0,0.0,0.0,0.0,0.0,0.0,0.0,0.0,0.0,0.0
603,0.01,0,14,broadband,oracle_with_nominal_kf,oracle,nominal_kf,none,2,0.23513377923371317,0.7322615815948084,0.02605625204848818,0.04383937731687252,0.020390476095017426,0.010736846440656169,0.013991499106854358,0.34152909971147777,22.296531865066747,0,0,0,True,False,results/data/experiment_10hq/experiment_10hq_seed603_Q0.01_fold0_client14_broadband_oracle_with_nominal_kf.npz,6fce140bc5dbf1e4ed4b847f029a811f6e54e0f1f17a517b3ce3b2737cc3aa3d,0.08953384684210418,0.6147325012556175,0.3486931025042725,0.2132627994128605,0.1701436474612106,0.9617913028951951,0.3548880005383586,2.4419075862688915e-06,4.870079305366046e-06,3.0386916149694352e-06,2.0469496154995833e-06,-2.8713553285487303e-06,4.870079305366046e-06,0.00011511371911981222,5.80249035562682e-05,-7.213862867124368e-06,-9.987715420430873e-07,3.0386916149694352e-06,5.80249035562682e-05,3.703748158450471e-05,-6.2633009743635704e-06,1.0952322318913792e-06,2.0469496154995833e-06,-7.213862867124368e-06,-6.2633009743635704e-06,1.3854311453140469e-05,5.305922233327621e-07,-2.8713553285487303e-06,-9.987715420430873e-07,1.0952322318913792e-06,5.305922233327621e-07,8.818327273949971e-06
603,0.01,0,14,broadband,oracle_with_learned_kf,oracle,learned_kf,none,2,0.17635944873026324,0.5366890952317159,0.02225077545234396,0.02587866588748583,0.009280988601092877,0.01556471943603804,0.007780383479043304,0.3380503415730709,18.861555961143246,0,0,0,True,False,results/data/experiment_10hq/experiment_10hq_seed603_Q0.01_fold0_client14_broadband_oracle_with_learned_kf.npz,769feb33ad51c570ec9d913f6f5d268347acf58dc265a294257f17f1d0bb2a98,0.07645829298545165,0.3633934612208075,0.16235147568900962,0.2998098233848844,0.09239150856192616,0.49080379330916246,0.4066618377572991,1.7807540082978852e-06,3.6649459225648407e-06,-3.0445423870265015e-06,-4.573226617539712e-06,-7.151316828900898e-07,3.6649459225648407e-06,4.022619477922178e-05,-9.853636426137302e-07,-1.1071370601933207e-05,-2.0864661896299247e-07,-3.0445423870265015e-06,-9.853636426137302e-07,8.029106455915315e-06,7.482914493493257e-06,2.6896812373733326e-06,-4.573226617539712e-06,-1.1071370601933207e-05,7.482914493493257e-06,2.7380820132065964e-05,3.4415618704224346e-06,-7.151316828900898e-07,-2.0864661896299247e-07,2.6896812373733326e-06,3.4415618704224346e-06,2.6002724328585317e-06
603,0.01,0,14,broadband,oracle_with_true_state,oracle,true_state,all,2,0.19601623099242949,0.5999405731976848,0.026113288307478857,0.04310622102423932,0.020168659303229433,0.010506015564783963,0.013698346858111035,0.2967792142397866,2.675850202974183,0,0,0,True,False,results/data/experiment_10hq/experiment_10hq_seed603_Q0.01_fold0_client14_broadband_oracle_with_true_state.npz,40b81c7495548f573dbb457126b89553940b8e418cde18f41ed6ac46baba1471,0.0,0.0,0.0,0.0,0.0,0.0,0.0,0.0,0.0,0.0,0.0,0.0,0.0,0.0,0.0,0.0,0.0,0.0,0.0,0.0,0.0,0.0,0.0,0.0,0.0,0.0,0.0,0.0,0.0,0.0,0.0,0.0
603,0.01,0,14,broadband,learned_with_learned_kf_correct_beta,learned,learned_kf,beta,2,0.18258746138687895,0.5327764994227026,0.022634871775526772,0.02606988824727595,0.009373950499579398,0.015783964870728324,0.007801566344263566,0.3423821858821465,19.12224297018538,0,0,0,True,False,results/data/experiment_10hq/experiment_10hq_seed603_Q0.01_fold0_client14_broadband_learned_with_learned_kf_correct_beta.npz,3e4d7479a909f26a907ac8dac9d55cdcd61d809e1bad4e613213da81066eac47,0.0,0.38704046506795264,0.13609769237204913,0.3608701389041043,0.09619775014677276,0.5437748476910567,0.44575541488106857,0.0,0.0,0.0,0.0,0.0,0.0,4.563178744901635e-05,-1.1196648884226707e-06,-1.4695968144634412e-05,-3.2867854300754464e-07,0.0,-1.1196648884226707e-06,5.642301096721914e-06,7.607523190326226e-06,2.3515227255524802e-06,0.0,-1.4695968144634412e-05,7.607523190326226e-06,3.966949105974577e-05,4.340337650115004e-06,0.0,-3.2867854300754464e-07,2.3515227255524802e-06,4.340337650115004e-06,2.8189317756339216e-06
603,0.01,0,14,broadband,learned_with_learned_kf_correct_forces,learned,learned_kf,forces,2,0.19604021438159133,0.5624653847455211,0.022875896142477717,0.026289340359366923,0.00946495786957905,0.01597571844838277,0.00777338197799363,0.33343426882612365,16.08504968547157,0,0,0,True,False,results/data/experiment_10hq/experiment_10hq_seed603_Q0.01_fold0_client14_broadband_learned_with_learned_kf_correct_forces.npz,d4e0657a67eb4eec8933a5e5775728f312bb94ee880880a4caa54c0fc69991ab,0.04072845525886671,0.39027779634278875,0.0,0.0,0.09589461150266244,0.4149306866204936,0.0,5.053015289091216e-07,2.137401087763987e-06,0.0,0.0,-4.1034415759701677e-07,2.137401087763987e-06,4.639833790916068e-05,0.0,0.0,-3.5686754965132455e-07,0.0,0.0,0.0,0.0,0.0,0.0,0.0,0.0,0.0,0.0,-4.1034415759701677e-07,-3.5686754965132455e-07,0.0,0.0,2.801193715009617e-06
603,0.01,0,14,broadband,learned_with_learned_kf_correct_beta_forces,learned,learned_kf,beta_forces,2,0.19490515168472644,0.5603514891241855,0.022854422107172465,0.026275385718710832,0.00945892447392807,0.015962369269771848,0.007771300032839065,0.3331787305830932,16.06724790442883,0,0,0,True,False,results/data/experiment_10hq/experiment_10hq_seed603_Q0.01_fold0_client14_broadband_learned_with_learned_kf_correct_beta_forces.npz,4d3b850bacb93771df4c278ab6abc1e997e2e3a5b9bad53da09a03eaf5ddf444,0.0,0.39007179190811997,0.0,0.0,0.09586810721789764,0.39880057590734724,0.0,0.0,0.0,0.0,0.0,0.0,0.0,4.634936899091453e-05,0.0,0.0,-3.510407307323966e-07,0.0,0.0,0.0,0.0,0.0,0.0,0.0,0.0,0.0,0.0,0.0,-3.510407307323966e-07,0.0,0.0,2.799645486706652e-06
603,0.01,0,14,transient,nominal_with_nominal_kf,nominal,nominal_kf,none,2,0.18459864380354,0.5833261847959345,0.043382714767188565,0.07154077580463024,0.03317879545378824,0.012091949871347596,0.016745988236384107,0.5863500367785475,16.94391896531781,0,0,0,True,False,results/data/experiment_10hq/experiment_10hq_seed603_Q0.01_fold0_client14_transient_nominal_with_nominal_kf.npz,05662b2cc21a02053c353451522b303e12f640f9c9428bea1a8f64515c80b725,0.1872048064271791,0.7920491812395752,0.4614703198347429,0.17782493735147353,0.17472024071754125,1.405406593283346,0.5425864207043504,1.0675512294324709e-05,3.806717439726779e-05,2.0958765700239052e-05,5.4120553319887705e-06,-6.476578665701461e-06,3.806717439726779e-05,0.00019109927257818216,0.00010808368234106172,1.8468372848051065e-05,-1.864767102607585e-05,2.0958765700239052e-05,0.00010808368234106172,6.486975879269214e-05,7.588546838917983e-06,-8.031781269343698e-06,5.4120553319887705e-06,1.8468372848051065e-05,7.588546838917983e-06,9.632523205014017e-06,-7.37540961186392e-06,-6.476578665701461e-06,-1.864767102607585e-05,-8.031781269343698e-06,-7.37540961186392e-06,9.299105479153942e-06
603,0.01,0,14,transient,nominal_with_learned_kf,nominal,learned_kf,none,2,0.15526682557697358,0.4907797738204456,0.036603379389907015,0.03353273969210316,0.016155174842324437,0.02464766940165847,0.007775311088652915,0.5869117100396998,14.644352196455879,0,0,0,True,False,results/data/experiment_10hq/experiment_10hq_seed603_Q0.01_fold0_client14_transient_nominal_with_learned_kf.npz,3d7b7bbe002585023f59d9a1a9a4d0f092c04aacddf75e78d03f1f26b579f611,0.15750909300117602,0.3681006695565776,0.2390087962486818,0.3310009918103318,0.08155242354325001,0.3053499062692452,0.5357317704822756,7.557288409035874e-06,1.4466288470454145e-05,-1.0535708152134705e-05,-1.3271523307701643e-05,-2.094286915259311e-06,1.4466288470454145e-05,4.127508249992145e-05,-1.7455361447626246e-05,-2.8834678027921926e-05,-3.976481700237088e-06,-1.0535708152134705e-05,-1.7455361447626246e-05,1.740133245570197e-05,1.832603812283596e-05,3.359135830133868e-06,-1.3271523307701643e-05,-2.8834678027921926e-05,1.832603812283596e-05,3.337438913478141e-05,3.4006020340735145e-06,-2.094286915259311e-06,-3.976481700237088e-06,3.359135830133868e-06,3.4006020340735145e-06,2.0259488610267388e-06
603,0.01,0,14,transient,nominal_with_true_state,nominal,true_state,all,2,0.15873833512529884,0.5086020080095155,0.04349484381257607,0.0717067552477014,0.03325555273491309,0.012112522446169435,0.01682772315280729,0.5732761408075603,2.178515466641973,0,0,0,True,False,results/data/experiment_10hq/experiment_10hq_seed603_Q0.01_fold0_client14_transient_nominal_with_true_state.npz,93b2c60b177d7bf92bf7cc0b4dbd0139fc20f71b58b8e65fbd4f5c16a87f8037,0.0,0.0,0.0,0.0,0.0,0.0,0.0,0.0,0.0,0.0,0.0,0.0,0.0,0.0,0.0,0.0,0.0,0.0,0.0,0.0,0.0,0.0,0.0,0.0,0.0,0.0,0.0,0.0,0.0,0.0,0.0,0.0
603,0.01,0,14,transient,learned_with_nominal_kf,learned,nominal_kf,none,2,0.20607635131066,0.6615872116363166,0.044104499669327356,0.07243900042297757,0.03367846085969726,0.012315011146987584,0.01715354453724751,0.6035546274169544,22.987047773765546,0,0,0,True,False,results/data/experiment_10hq/experiment_10hq_seed603_Q0.01_fold0_client14_transient_learned_with_nominal_kf.npz,2a73937ee5da5397f755050f00373a29aa747ea70d27256a242495d2a807a45e,0.06912601613391423,1.089297435839065,0.5661338035724947,0.35975407124121356,0.20543899205013547,1.7696856431299974,0.7533733713643659,1.455585738869146e-06,1.8530430436757327e-05,9.116629309773511e-06,4.027181482982776e-06,-2.8643030317854955e-06,1.8530430436757327e-05,0.000361449557852024,0.0001821885590763768,5.016418924242978e-05,-2.965991012513111e-05,9.116629309773511e-06,0.0001821885590763768,9.763216266055819e-05,1.791774305517621e-05,-1.1182076623849849e-05,4.027181482982776e-06,5.016418924242978e-05,1.791774305517621e-05,3.9424497815463636e-05,-1.7649081697837714e-05,-2.8643030317854955e-06,-2.965991012513111e-05,-1.1182076623849849e-05,-1.7649081697837714e-05,1.285643286708783e-05
603,0.01,0,14,transient,learned_with_learned_kf,learned,learned_kf,none,2,0.1834233692934946,0.5808340381262805,0.0371156167927059,0.033798797865482406,0.016373397526107964,0.025005777141543353,0.007831110863730695,0.6034830083651941,19.498721826662752,0,0,0,True,False,results/data/experiment_10hq/experiment_10hq_seed603_Q0.01_fold0_client14_transient_learned_with_learned_kf.npz,bb37e993db2825e96bc9f242bae2650bf2402519ee968efffea9225f5256e03f,0.05824051175229048,0.5051847448878934,0.29247772349989665,0.6796207177796554,0.09430572236014292,0.6156248889311633,0.9212018413536677,1.0332492530838897e-06,7.584230304262694e-06,-4.409636813630042e-06,-9.721750457973354e-06,-9.432462387540452e-07,7.584230304262694e-06,7.774190715408265e-05,-2.94358484356666e-05,-8.192668502616635e-05,-6.36257071453086e-06,-4.409636813630042e-06,-2.94358484356666e-05,2.6057954573950424e-05,4.587314352753315e-05,4.769608611688066e-06,-9.721750457973354e-06,-8.192668502616635e-05,4.587314352753315e-05,0.00014069800980910177,8.176714573273358e-06,-9.432462387540452e-07,-6.36257071453086e-06,4.769608611688066e-06,8.176714573273358e-06,2.7091361236816624e-06
603,0.01,0,14,transient,learned_with_true_state,learned,true_state,all,2,0.19221137738096408,0.6093397157151575,0.04424625651036402,0.07265593934415882,0.033754014667764,0.012342441375019442,0.017169609713566934,0.5823988490472002,2.605324036079005,0,0,0,True,False,results/data/experiment_10hq/experiment_10hq_seed603_Q0.01_fold0_client14_transient_learned_with_true_state.npz,0b8ef0498b41d443a059b48cf74e5fe00fbdf4112b9094d9486c44aa59be160d,0.0,0.0,0.0,0.0,0.0,0.0,0.0,0.0,0.0,0.0,0.0,0.0,0.0,0.0,0.0,0.0,0.0,0.0,0.0,0.0,0.0,0.0,0.0,0.0,0.0,0.0,0.0,0.0,0.0,0.0,0.0,0.0
603,0.01,0,14,transient,oracle_with_nominal_kf,oracle,nominal_kf,none,2,0.19745793848122503,0.6370329163793076,0.0436129879763481,0.07184747779426619,0.03333817858301323,0.012158849368330603,0.016920627852186895,0.5982190640809698,22.827958087015535,0,0,0,True,False,results/data/experiment_10hq/experiment_10hq_seed603_Q0.01_fold0_client14_transient_oracle_with_nominal_kf.npz,e91095d11b967e51537c5f30c301bb88171fde807305c3ca5daa2d3a00bdda05,0.14830177241906253,1.0212413419761013,0.6687568103054556,0.303120146902419,0.19468063884453704,1.8503586789568345,0.8127477734492222,6.6995775436332805e-06,3.849303300456619e-05,2.3867567505065012e-05,7.3874432696045926e-06,-5.747873741193749e-06,3.849303300456619e-05,0.0003176958270954415,0.0002019243265896787,4.0416122541990024e-05,-2.6572975684579248e-05,2.3867567505065012e-05,0.0002019243265896787,0.0001362357762370989,1.849659034230914e-05,-1.2826451262233228e-05,7.3874432696045926e-06,4.0416122541990024e-05,1.849659034230914e-05,2.7988803987117726e-05,-1.4041649102791241e-05,-5.747873741193749e-06,-2.6572975684579248e-05,-1.2826451262233228e-05,-1.4041649102791241e-05,1.154516809704035e-05
603,0.01,0,14,transient,oracle_with_learned_kf,oracle,learned_kf,none,2,0.1685281840642759,0.54177631674964,0.03674975429410956,0.03361071170058028,0.016228210924674157,0.024745157993747387,0.007806343094775174,0.5978764888134173,19.17514219461017,0,0,0,True,False,results/data/experiment_10hq/experiment_10hq_seed603_Q0.01_fold0_client14_transient_oracle_with_learned_kf.npz,8acc0a157c49206fb76d2a85f090e1a19e4f7d4a51a7ff167dd1e19c5387b718,0.12466181743663711,0.4749879976460537,0.3443650155096714,0.571250440292423,0.09036301060779504,0.5345382232235215,0.8629995015357825,4.733927947516563e-06,1.4993243153358436e-05,-1.1825648410945643e-05,-1.8014987865525246e-05,-1.8729394873919055e-06,1.4993243153358436e-05,6.872583206347228e-05,-3.274625287020081e-05,-6.463871228915699e-05,-5.714547788015187e-06,-1.1825648410945643e-05,-3.274625287020081e-05,3.612374635090858e-05,4.56703469896531e-05,5.386615013524914e-06,-1.8014987865525246e-05,-6.463871228915699e-05,4.56703469896531e-05,9.940490870962271e-05,6.544340314498696e-06,-1.8729394873919055e-06,-5.714547788015187e-06,5.386615013524914e-06,6.544340314498696e-06,2.487345525597411e-06
603,0.01,0,14,transient,oracle_with_true_state,oracle,true_state,all,2,0.1744572532672482,0.5642796392866808,0.043761126381920035,0.0720706112895583,0.03343256681616602,0.012189961858065259,0.016951900296753575,0.5769244520339872,2.563337614639774,0,0,0,True,False,results/data/experiment_10hq/experiment_10hq_seed603_Q0.01_fold0_client14_transient_oracle_with_true_state.npz,5648f95efdb639d9896a3af7dd56525eba10bf472048e5b4dfe5b64a8c0c1dd4,0.0,0.0,0.0,0.0,0.0,0.0,0.0,0.0,0.0,0.0,0.0,0.0,0.0,0.0,0.0,0.0,0.0,0.0,0.0,0.0,0.0,0.0,0.0,0.0,0.0,0.0,0.0,0.0,0.0,0.0,0.0,0.0
603,0.01,0,14,transient,learned_with_learned_kf_correct_beta,learned,learned_kf,beta,2,0.18234831678062366,0.5760386761380306,0.037099073699208805,0.03379009446275501,0.016367021174788717,0.024994034166348527,0.007828995727345228,0.6031540669225367,19.45487654252585,0,0,0,True,False,results/data/experiment_10hq/experiment_10hq_seed603_Q0.01_fold0_client14_transient_learned_with_learned_kf_correct_beta.npz,21702531e8746e53a9abb457842557e6739a9c3c8f2a55fd34ba6fcc48fd007f,0.0,0.505054168262164,0.2923800883764324,0.6793144012821776,0.09427961369873368,0.6514494546137333,0.9208281260801542,0.0,0.0,0.0,0.0,0.0,0.0,7.770172397713126e-05,-2.9418064867496325e-05,-8.187348320197891e-05,-6.3575664785986935e-06,0.0,-2.9418064867496325e-05,2.6040560107575217e-05,4.584039291730352e-05,4.766148046222292e-06,0.0,-8.187348320197891e-05,4.584039291730352e-05,0.00014057120846854476,8.169753019206393e-06,0.0,-6.3575664785986935e-06,4.766148046222292e-06,8.169753019206393e-06,2.707636275636743e-06
603,0.01,0,14,transient,learned_with_learned_kf_correct_forces,learned,learned_kf,forces,2,0.19310578432264822,0.605232716544756,0.03731363376646905,0.033867365074610085,0.016457692446669395,0.025166376230421755,0.007778073630617581,0.5996992706188532,16.33682882565163,0,0,0,True,False,results/data/experiment_10hq/experiment_10hq_seed603_Q0.01_fold0_client14_transient_learned_with_learned_kf_correct_forces.npz,4a6f92328250103ceaa50687fdcdec0a9bf9c5ffc8fced2726be9e0f0e05c0ad,0.05852062186408825,0.5062372539962984,0.0,0.0,0.09370783671799025,0.5199854211810946,0.0,1.0432120625535379e-06,7.618432063481268e-06,0.0,0.0,-9.51170302389138e-07,7.618432063481268e-06,7.806618179984815e-05,0.0,0.0,-6.3774397523349705e-06,0.0,0.0,0.0,0.0,0.0,0.0,0.0,0.0,0.0,0.0,-9.51170302389138e-07,-6.3774397523349705e-06,0.0,0.0,2.6748938944674903e-06
603,0.01,0,14,transient,learned_with_learned_kf_correct_beta_forces,learned,learned_kf,beta_forces,2,0.19190535122290966,0.6003855137219991,0.0372967861431076,0.033858622875395934,0.016451196719766317,0.025154366166558258,0.00777598733341592,0.5994038900366347,16.302419535188147,0,0,0,True,False,results/data/experiment_10hq/experiment_10hq_seed603_Q0.01_fold0_client14_transient_learned_with_learned_kf_correct_beta_forces.npz,d069981135449f43d262f2682ccd9acfb5c79b5b3e9b913059f36003d3f17bb7,0.0,0.5061060595735417,0.0,0.0,0.0936820677832974,0.4723140019528512,0.0,0.0,0.0,0.0,0.0,0.0,0.0,7.802572440379891e-05,0.0,0.0,-6.372468013586027e-06,0.0,0.0,0.0,0.0,0.0,0.0,0.0,0.0,0.0,0.0,0.0,-6.372468013586027e-06,0.0,0.0,2.67342294623103e-06
603,0.01,0,17,broadband,nominal_with_nominal_kf,nominal,nominal_kf,none,2,0.23656953009090437,0.7403696900408792,0.05233704151281995,0.05486122143487899,0.03298217420329704,0.013148612436430007,0.014921990112288583,0.33133324195663094,16.516785092787845,0,0,0,True,False,results/data/experiment_10hq/experiment_10hq_seed603_Q0.01_fold0_client17_broadband_nominal_with_nominal_kf.npz,b9bd7dffe7835130ff35d013da61d626ccbba770cee6c869a41d8e579c3a0de4,0.2146058972419001,0.5955482398123947,0.3791582431472132,0.14533839647009628,0.16453005560908723,1.0455198466418447,0.3852485117364656,1.4029365798819118e-05,1.949393711621151e-05,1.0046384358616445e-05,3.377455066627324e-06,-7.470896464175296e-06,1.949393711621151e-05,0.00010804100764042107,6.161807751338645e-05,4.440675234128938e-06,-8.929156616940278e-06,1.0046384358616445e-05,6.161807751338645e-05,4.37920967668309e-05,-2.5081904450074496e-06,-5.085074221441378e-06,3.377455066627324e-06,4.440675234128938e-06,-2.5081904450074496e-06,6.4345097566974454e-06,1.2357208686403285e-06,-7.470896464175296e-06,-8.929156616940278e-06,-5.085074221441378e-06,1.2357208686403285e-06,8.246035955983969e-06
603,0.01,0,17,broadband,nominal_with_learned_kf,nominal,learned_kf,none,2,0.17791128475763276,0.5550626617863121,0.010607498239271195,0.019321903862135906,0.016394509869444615,0.01537663850571489,0.007081183238250857,0.3269301767205521,14.349599163448406,0,0,0,True,False,results/data/experiment_10hq/experiment_10hq_seed603_Q0.01_fold0_client17_broadband_nominal_with_learned_kf.npz,56c654cd54c4836cc55ee1a5fc1d70268e6dee678613dad4c678172d6aa65814,0.043786427855097,0.21024367832067453,0.18964935256895177,0.169113209551224,0.07603449752117952,0.4574207735503375,0.3482818336021135,5.840281332167996e-07,-8.345383363475835e-07,1.9272061896673987e-06,2.08919174961489e-06,2.5641849919210164e-07,-8.345383363475835e-07,1.3464822338256148e-05,-2.150237374333865e-07,-9.377568100646522e-07,1.029023835070198e-06,1.9272061896673987e-06,-2.150237374333865e-07,1.0956137248148645e-05,8.641094690600402e-06,1.2005386296783044e-06,2.08919174961489e-06,-9.377568100646522e-07,8.641094690600402e-06,8.711838163897144e-06,9.730230816248314e-07,2.5641849919210164e-07,1.029023835070198e-06,1.2005386296783044e-06,9.730230816248314e-07,1.7610678781822064e-06
603,0.01,0,17,broadband,nominal_with_true_state,nominal,true_state,all,2,0.1914594743724385,0.5982768714908928,0.053063017510542904,0.05455886400361085,0.032890251895746646,0.012982412422960143,0.014749598635087636,0.3048093960400073,2.3680355959527972,0,0,0,True,False,results/data/experiment_10hq/experiment_10hq_seed603_Q0.01_fold0_client17_broadband_nominal_with_true_state.npz,a77cc26cb34dc56cafa24ff82afae4c591d000b59a434edadac50b6ec05a8fec,0.0,0.0,0.0,0.0,0.0,0.0,0.0,0.0,0.0,0.0,0.0,0.0,0.0,0.0,0.0,0.0,0.0,0.0,0.0,0.0,0.0,0.0,0.0,0.0,0.0,0.0,0.0,0.0,0.0,0.0,0.0,0.0
603,0.01,0,17,broadband,learned_with_nominal_kf,learned,nominal_kf,none,2,0.24197921723972177,0.7468109357071945,0.0537823856955901,0.05543166083444142,0.03357332766149794,0.013252413531149112,0.01510765573424324,0.3501605065149347,22.506774166033466,0,0,0,True,False,results/data/experiment_10hq/experiment_10hq_seed603_Q0.01_fold0_client17_broadband_learned_with_nominal_kf.npz,920b648c4b791f01faafef0eee50fcdf8a570e2b564c24453b7ac0ea3ed2e613,0.09569637245746951,0.8217739460244966,0.4686354430968573,0.305971396309524,0.19108376221554702,1.319041302260913,0.5177831983031764,2.7896240975304455e-06,1.2352663308237866e-05,5.686260314081112e-06,3.1438483547915736e-06,-3.9318905318458234e-06,1.2352663308237866e-05,0.00020571192643216877,0.000104959723760504,1.2663756939535359e-05,-1.5382589738373756e-05,5.686260314081112e-06,0.000104959723760504,6.689982749844567e-05,-6.874946102282218e-06,-7.685633480829482e-06,3.1438483547915736e-06,1.2663756939535359e-05,-6.874946102282218e-06,2.851782450075524e-05,2.5453058939346713e-06,-3.9318905318458234e-06,-1.5382589738373756e-05,-7.685633480829482e-06,2.5453058939346713e-06,1.1122497122718519e-05
603,0.01,0,17,broadband,learned_with_learned_kf,learned,learned_kf,none,2,0.1831811641696146,0.5515158702488636,0.010800455750582642,0.019124378520994346,0.01675513689532954,0.015684969048792817,0.007126923650932283,0.3454144972530416,19.23822982487703,0,0,0,True,False,results/data/experiment_10hq/experiment_10hq_seed603_Q0.01_fold0_client17_broadband_learned_with_learned_kf.npz,34fb01d17d3434ed10de06547285074d5dd48f514c87d230c11334e0bec59326,0.018954005370513255,0.2839635713051629,0.23526573368644998,0.3606847647138146,0.08781059704517068,0.6760650320280964,0.5800187884092012,1.0943512387934795e-07,-5.10217439879074e-07,1.0389980527423647e-06,1.9221863524924997e-06,1.2354331669168866e-07,-5.10217439879074e-07,2.4562920023623647e-05,-4.302782747608597e-07,-2.885245827394353e-06,1.5966488825958614e-06,1.0389980527423647e-06,-4.302782747608597e-07,1.6860563659755807e-05,2.2995314658669135e-05,1.6642871239893375e-06,1.9221863524924997e-06,-2.885245827394353e-06,2.2995314658669135e-05,3.9628746147695984e-05,2.3443409038449395e-06,1.2354331669168866e-07,1.5966488825958614e-06,1.6642871239893375e-06,2.3443409038449395e-06,2.3488138291805586e-06
603,0.01,0,17,broadband,learned_with_true_state,learned,true_state,all,2,0.19999584812094898,0.593677246636867,0.05446614637651005,0.05509128069847321,0.03340993694281456,0.013058392550696407,0.014835807812544219,0.3085320807585081,2.75308154207482,0,0,0,True,False,results/data/experiment_10hq/experiment_10hq_seed603_Q0.01_fold0_client17_broadband_learned_with_true_state.npz,4f51ec28660e481ff7f16e507e153434fce5add65b18112ea950fbdaef0ef44e,0.0,0.0,0.0,0.0,0.0,0.0,0.0,0.0,0.0,0.0,0.0,0.0,0.0,0.0,0.0,0.0,0.0,0.0,0.0,0.0,0.0,0.0,0.0,0.0,0.0,0.0,0.0,0.0,0.0,0.0,0.0,0.0
603,0.01,0,17,broadband,oracle_with_nominal_kf,oracle,nominal_kf,none,2,0.242542232445553,0.7550152328588409,0.05278507410022885,0.05478974425465655,0.03309367433965262,0.013124144061465701,0.014967301394713955,0.3485708044727166,22.314405183327192,0,0,0,True,False,results/data/experiment_10hq/experiment_10hq_seed603_Q0.01_fold0_client17_broadband_oracle_with_nominal_kf.npz,0e7e6d96ef80419d2bb2cfe2efe7c3cf936b3d0c98e08eddb5978b309e6c305a,0.17688073861968773,0.7805225484698299,0.5939139489295867,0.2762257715725874,0.171627589809419,1.4297001724422345,0.6148610246292434,9.530502977897056e-06,2.1448359761508163e-05,1.3195670863840648e-05,5.299067342279093e-06,-6.473484516200917e-06,2.1448359761508163e-05,0.0001855776380680081,0.00012645787760254932,1.0851156749626037e-05,-1.2705385324717393e-05,1.3195670863840648e-05,0.00012645787760254932,0.00010744885354930359,-7.764755299334279e-06,-8.603550033480414e-06,5.299067342279093e-06,1.0851156749626037e-05,-7.764755299334279e-06,2.3242515319430355e-05,2.234366828323297e-06,-6.473484516200917e-06,-1.2705385324717393e-05,-8.603550033480414e-06,2.234366828323297e-06,8.972819728975122e-06
603,0.01,0,17,broadband,oracle_with_learned_kf,oracle,learned_kf,none,2,0.17981656382065203,0.5538788597003055,0.01064896617736477,0.019126923599262286,0.016491993353429494,0.015447666429769679,0.007125856083278852,0.3441363018432295,19.02608683577317,0,0,0,True,False,results/data/experiment_10hq/experiment_10hq_seed603_Q0.01_fold0_client17_broadband_oracle_with_learned_kf.npz,bd35ed300f2aef0b3d0506e8d446981d8608aed1636f28338a762cca215ab1de,0.035591856036035596,0.27274666464596825,0.2976338204499231,0.3239036156300864,0.07951579177170555,0.7033705443923444,0.6039067368458535,3.8588332086214945e-07,-8.931495990872882e-07,2.470665909931082e-06,3.255733597119735e-06,2.1306490434641141e-07,-8.931495990872882e-07,2.266071621167485e-05,-5.167687150113479e-07,-2.4292713341782053e-06,1.3929983480551245e-06,2.470665909931082e-06,-5.167687150113479e-07,2.698480556896089e-05,2.6075845672915586e-05,1.9192092306105977e-06,3.255733597119735e-06,-2.4292713341782053e-06,2.6075845672915586e-05,3.195849557737922e-05,1.9054167901765294e-06,2.1306490434641141e-07,1.3929983480551245e-06,1.9192092306105977e-06,1.9054167901765294e-06,1.9260231847238313e-06
603,0.01,0,17,broadband,oracle_with_true_state,oracle,true_state,all,2,0.19477928073256684,0.5951619557952158,0.053584641318290424,0.05455712041281476,0.03301429410581524,0.01295895666422878,0.014726957975547197,0.305399984417074,2.7289288161950895,0,0,0,True,False,results/data/experiment_10hq/experiment_10hq_seed603_Q0.01_fold0_client17_broadband_oracle_with_true_state.npz,21c406b9acf3aaa2c1e3eb766f95c6c16facec8f0cc82f5bb665ffbf2a38e214,0.0,0.0,0.0,0.0,0.0,0.0,0.0,0.0,0.0,0.0,0.0,0.0,0.0,0.0,0.0,0.0,0.0,0.0,0.0,0.0,0.0,0.0,0.0,0.0,0.0,0.0,0.0,0.0,0.0,0.0,0.0,0.0
603,0.01,0,17,broadband,learned_with_learned_kf_correct_beta,learned,learned_kf,beta,2,0.1831234900538138,0.5510504556393144,0.01080518846217996,0.019126511394172607,0.016760776982827585,0.015691309230968026,0.007126572184373834,0.3453736153767341,19.20544766095685,0,0,0,True,False,results/data/experiment_10hq/experiment_10hq_seed603_Q0.01_fold0_client17_broadband_learned_with_learned_kf_correct_beta.npz,1d62df306375e8efe8b39e7d1f178eed2d5a51d37b823a32ab3718ce7f7651b9,0.0,0.28399529390145944,0.23534257019369187,0.360827337749148,0.08780687466368575,0.6633730780663264,0.5802454326454514,0.0,0.0,0.0,0.0,0.0,0.0,2.4568408355213457e-05,-4.30622198498497e-07,-2.8897831152209287e-06,1.5964654028026914e-06,0.0,-4.30622198498497e-07,1.687157859469068e-05,2.3014191667573675e-05,1.6653208297742548e-06,0.0,-2.8897831152209287e-06,2.3014191667573675e-05,3.9660081584365135e-05,2.3456416465842517e-06,0.0,1.5964654028026914e-06,1.6653208297742548e-06,2.3456416465842517e-06,2.3486146961354077e-06
603,0.01,0,17,broadband,learned_with_learned_kf_correct_forces,learned,learned_kf,forces,2,0.18866604277446242,0.5511168208826127,0.010915177432712453,0.019301768151831867,0.01694111268609868,0.0158668302246145,0.0070717614059112215,0.3377633801365763,16.0609447453518,0,0,0,True,False,results/data/experiment_10hq/experiment_10hq_seed603_Q0.01_fold0_client17_broadband_learned_with_learned_kf_correct_forces.npz,1b09e86fe03fbedb1b62cbed02864bad2105982efaedad857bc6ca82a13f4cd2,0.019159780401182908,0.28660244099256643,0.0,0.0,0.08717358246780524,0.3132431625554469,0.0,1.1182419731222931e-07,-5.242951487495215e-07,0.0,0.0,1.26458886487628e-07,-5.242951487495215e-07,2.5021567045099593e-05,0.0,0.0,1.6184365939749005e-06,0.0,0.0,0.0,0.0,0.0,0.0,0.0,0.0,0.0,0.0,1.26458886487628e-07,1.6184365939749005e-06,0.0,0.0,2.3148588951169944e-06
603,0.01,0,17,broadband,learned_with_learned_kf_correct_beta_forces,learned,learned_kf,beta_forces,2,0.188662846443545,0.5506098182493101,0.010919985464671643,0.019304055037421115,0.016946876157954153,0.015873260809091443,0.007071610185899941,0.33777779240579137,16.037006845824695,0,0,0,True,False,results/data/experiment_10hq/experiment_10hq_seed603_Q0.01_fold0_client17_broadband_learned_with_learned_kf_correct_beta_forces.npz,ff16378d075d459f57e681de7db6b64d41797b7c95e773f71f904447b707308c,0.0,0.28663644523223863,0.0,0.0,0.08717245385936036,0.3168333072896269,0.0,0.0,0.0,0.0,0.0,0.0,0.0,2.502750481614007e-05,0.0,0.0,1.6181058259511207e-06,0.0,0.0,0.0,0.0,0.0,0.0,0.0,0.0,0.0,0.0,0.0,1.6181058259511207e-06,0.0,0.0,2.314798956031971e-06
603,0.01,0,17,transient,nominal_with_nominal_kf,nominal,nominal_kf,none,2,0.185941946305281,0.5858864468517772,0.09443956216429106,0.1013730636248383,0.05424786234690584,0.01741311972134491,0.01945223026498791,0.6069938724758137,15.743207658905447,0,0,0,True,False,results/data/experiment_10hq/experiment_10hq_seed603_Q0.01_fold0_client17_transient_nominal_with_nominal_kf.npz,c06ce648eebecbc67a8b9be07a0d3e72d9e757f9c33f7ba9713b2f2ef8ff52b2,0.40686604371696,1.120586108176643,0.752356266407515,0.25571170066978344,0.20471401577648338,2.2108529183442003,0.8741942240899844,5.042636082670517e-05,0.00012681102081777486,7.453861154411004e-05,2.221974662949118e-05,-2.2539953648044995e-05,0.00012681102081777486,0.0003825121228469608,0.0002432766039167561,5.1797442648653475e-05,-5.224083465063524e-05,7.453861154411004e-05,0.0002432766039167561,0.00017242562955339434,2.0224634323880573e-05,-2.688186138394382e-05,2.221974662949118e-05,5.1797442648653475e-05,2.0224634323880573e-05,1.99184681908511e-05,-1.1764358907385555e-05,-2.2539953648044995e-05,-5.224083465063524e-05,-2.688186138394382e-05,-1.1764358907385555e-05,1.2765854512004452e-05
603,0.01,0,17,transient,nominal_with_learned_kf,nominal,learned_kf,none,2,0.15326042879665439,0.4908294803135271,0.02292097783032508,0.014416741914636147,0.03110250264241009,0.02999628478801404,0.00793711665523441,0.6078918467502419,13.693584565791431,0,0,0,True,False,results/data/experiment_10hq/experiment_10hq_seed603_Q0.01_fold0_client17_transient_nominal_with_learned_kf.npz,a7f65fd3daae27f2e854b833c4957eab98a24f6f22bd41a23b1d354258ba5bfd,0.09966904693315902,0.1588388621231049,0.43661328817708295,0.4056910742689775,0.08299725172308346,0.9477023431665744,0.8363687653827007,3.0260447487341785e-06,-5.125822665933756e-07,1.2131138418157276e-05,1.197116176919348e-05,4.493745180448484e-07,-5.125822665933756e-07,7.685431740581491e-06,-1.2264168188719197e-06,-9.235552188526001e-07,6.286854727577087e-07,1.2131138418157276e-05,-1.2264168188719197e-06,5.8069573129746904e-05,5.243932535835227e-05,4.610155112936236e-07,1.197116176919348e-05,-9.235552188526001e-07,5.243932535835227e-05,5.0135533501977113e-05,8.688802474026318e-07,4.493745180448484e-07,6.286854727577087e-07,4.610155112936236e-07,8.688802474026318e-07,2.098370436489572e-06
603,0.01,0,17,transient,nominal_with_true_state,nominal,true_state,all,2,0.15597492120921197,0.5182719408490447,0.09517139207138381,0.10203767936386393,0.054646976866662,0.01753052972362105,0.019695096601235588,0.5986761063760816,2.195205492276752,0,0,0,True,False,results/data/experiment_10hq/experiment_10hq_seed603_Q0.01_fold0_client17_transient_nominal_with_true_state.npz,ab5e3536ed53393beebe6cd06323742c737f0ec06d5a2f83d213422611caae8f,0.0,0.0,0.0,0.0,0.0,0.0,0.0,0.0,0.0,0.0,0.0,0.0,0.0,0.0,0.0,0.0,0.0,0.0,0.0,0.0,0.0,0.0,0.0,0.0,0.0,0.0,0.0,0.0,0.0,0.0,0.0,0.0
603,0.01,0,17,transient,learned_with_nominal_kf,learned,nominal_kf,none,2,0.19959495958134643,0.6648175504857599,0.09579916644812332,0.10256793166374127,0.05506280892503705,0.017663643228968785,0.019826956221245983,0.6227120656810858,21.365642917759242,0,0,0,True,False,results/data/experiment_10hq/experiment_10hq_seed603_Q0.01_fold0_client17_transient_learned_with_nominal_kf.npz,abf9bc604e9fb2830c37595fae981148706f3627b39af871cf02e8040b006562,0.1506361631579193,1.5406943868782106,0.9234770073347623,0.5148833022577024,0.23951404116317754,2.6834515605274967,1.1993244334559936,6.9121511388748555e-06,6.227814393730278e-05,3.2197371164531297e-05,1.5795052859780718e-05,-9.629490592541364e-06,6.227814393730278e-05,0.0007230823084491515,0.00041007571417525814,0.00014291889406263777,-8.364386246669516e-05,3.2197371164531297e-05,0.00041007571417525814,0.0002597807156894642,4.880953435825231e-05,-3.809931172902585e-05,1.5795052859780718e-05,0.00014291889406263777,4.880953435825231e-05,8.075554470121214e-05,-2.7943236779529455e-05,-9.629490592541364e-06,-8.364386246669516e-05,-3.809931172902585e-05,-2.7943236779529455e-05,1.7474980183985287e-05
603,0.01,0,17,transient,learned_with_learned_kf,learned,learned_kf,none,2,0.17424965816967866,0.5677565370766198,0.02314091270960418,0.014464403050554457,0.031516717680452486,0.030362370702446878,0.008037588680578403,0.623163600842542,18.27193098656116,0,0,0,True,False,results/data/experiment_10hq/experiment_10hq_seed603_Q0.01_fold0_client17_transient_learned_with_learned_kf.npz,39ca56736ad72034c993fac6a8ba2ef5b6d06c08228cd4183a017e6a1a0276c4,0.035080316836953986,0.21680813533517695,0.5350313127134487,0.8294258439300563,0.09645029539715977,1.4057484834497065,1.3553172002945442,3.748709177977174e-07,-3.575564495912085e-07,5.131632038011468e-06,8.485538837821519e-06,1.9309436651402517e-07,-3.575564495912085e-07,1.431877562541825e-05,-1.9143614236716215e-06,-2.728865678540679e-06,1.0170171274611048e-06,5.131632038011468e-06,-1.9143614236716215e-06,8.719932736295947e-05,0.00013139352207726068,5.832914884396224e-07,8.485538837821519e-06,-2.728865678540679e-06,0.00013139352207726068,0.00020956071032841303,2.0345973510122254e-06,1.9309436651402517e-07,1.0170171274611048e-06,5.832914884396224e-07,2.0345973510122254e-06,2.8337521286219334e-06
603,0.01,0,17,transient,learned_with_true_state,learned,true_state,all,2,0.18594210683589446,0.6074428680912559,0.09653960413968539,0.10325795058812422,0.055452799671776506,0.017780639031348407,0.02001688973478407,0.6074055998256087,2.6148180212378467,0,0,0,True,False,results/data/experiment_10hq/experiment_10hq_seed603_Q0.01_fold0_client17_transient_learned_with_true_state.npz,f1064090d80eb885e43789684513d62f4bb98095396112c7f3a740f1a469de57,0.0,0.0,0.0,0.0,0.0,0.0,0.0,0.0,0.0,0.0,0.0,0.0,0.0,0.0,0.0,0.0,0.0,0.0,0.0,0.0,0.0,0.0,0.0,0.0,0.0,0.0,0.0,0.0,0.0,0.0,0.0,0.0
603,0.01,0,17,transient,oracle_with_nominal_kf,oracle,nominal_kf,none,2,0.1993508087549586,0.6442781764731165,0.09494058540272253,0.10183613815108246,0.05454756118719441,0.01750521955880984,0.019627912704584027,0.6189622575521633,21.238934185943574,0,0,0,True,False,results/data/experiment_10hq/experiment_10hq_seed603_Q0.01_fold0_client17_transient_oracle_with_nominal_kf.npz,9ffbd68de5786488105cc20f3c7722c4c8dffbb73fa7f3751c36b43015bf3ec8,0.3111001679634023,1.4681059364531903,1.1626336589797657,0.47037960504292625,0.21454952938145166,2.98032048259875,1.3965698493664487,2.9481883543484328e-05,0.00012577166441924738,8.678091739535565e-05,3.1059081750188225e-05,-1.798317966926158e-05,0.00012577166441924738,0.0006565525988584091,0.0004924761960691067,0.00012531709203527784,-7.151214302369794e-05,8.678091739535565e-05,0.0004924761960691067,0.0004117565524350354,5.7486386049706815e-05,-4.3332784516629114e-05,3.1059081750188225e-05,0.00012531709203527784,5.7486386049706815e-05,6.7398728176442e-05,-2.2815906244653164e-05,-1.798317966926158e-05,-7.151214302369794e-05,-4.3332784516629114e-05,-2.2815906244653164e-05,1.40219969288282e-05
603,0.01,0,17,transient,oracle_with_learned_kf,oracle,learned_kf,none,2,0.16753650019405342,0.5406087614258699,0.023010852887086188,0.01441969541062256,0.03125180853911154,0.030130583805331745,0.008018493633850352,0.6194854146585916,18.081314033092816,0,0,0,True,False,results/data/experiment_10hq/experiment_10hq_seed603_Q0.01_fold0_client17_transient_oracle_with_learned_kf.npz,9b7e343fce7151b9132561f173fc1d55a8bbfd5d3c887d2d28832fde2f9dfbbb,0.07479520283329932,0.2073614708831487,0.6735899203388765,0.7559238102654026,0.08706466105651381,1.5034332256344431,1.4196388119787002,1.7041280448523487e-06,-5.876065668880317e-07,1.4006853330772708e-05,1.670417002845124e-05,3.6256472875567815e-07,-5.876065668880317e-07,1.3098177297807746e-05,-2.5289794534555887e-06,-2.4715623679020445e-06,8.587695980450932e-07,1.4006853330772708e-05,-2.5289794534555887e-06,0.00013821204555075598,0.00015082067950253196,7.13478476667211e-07,1.670417002845124e-05,-2.4715623679020445e-06,0.00015082067950253196,0.00017406473181828713,1.6926755063535704e-06,3.6256472875567815e-07,8.587695980450932e-07,7.13478476667211e-07,1.6926755063535704e-06,2.3090777818370293e-06
603,0.01,0,17,transient,oracle_with_true_state,oracle,true_state,all,2,0.1725012359127423,0.575315899244313,0.09577003875525551,0.10260148623243828,0.05500034263250223,0.0176393181603907,0.019833079534758498,0.6028765118129326,2.578860601500623,0,0,0,True,False,results/data/experiment_10hq/experiment_10hq_seed603_Q0.01_fold0_client17_transient_oracle_with_true_state.npz,37cd2d7116b64220b21aa3e33052ce4d526327d17e248991a116c6755afa9c0a,0.0,0.0,0.0,0.0,0.0,0.0,0.0,0.0,0.0,0.0,0.0,0.0,0.0,0.0,0.0,0.0,0.0,0.0,0.0,0.0,0.0,0.0,0.0,0.0,0.0,0.0,0.0,0.0,0.0,0.0,0.0,0.0
603,0.01,0,17,transient,learned_with_learned_kf_correct_beta,learned,learned_kf,beta,2,0.17440850449175177,0.5679438068069476,0.02314411195862257,0.014465726689791226,0.031522138954772905,0.03036749862279374,0.008037046445820295,0.6231974788558488,18.24870551587881,0,0,0,True,False,results/data/experiment_10hq/experiment_10hq_seed603_Q0.01_fold0_client17_transient_learned_with_learned_kf_correct_beta.npz,4eedea4229bff0c608245283d5b0fe827c763cff53a88c6045abda8267f0da49,0.0,0.21682796796930337,0.5351192873242128,0.8295595607044333,0.09644438205022374,1.3737514778248447,1.3555379882457703,0.0,0.0,0.0,0.0,0.0,0.0,1.4321395379757643e-05,-1.9135755130867224e-06,-2.727839218986134e-06,1.0179442670235776e-06,0.0,-1.9135755130867224e-06,8.722800589969277e-05,0.00013143655597470705,5.828789061259335e-07,0.0,-2.727839218986134e-06,0.00013143655597470705,0.00020962828488304538,2.034440027297363e-06,0.0,1.0179442670235776e-06,5.828789061259335e-07,2.034440027297363e-06,2.8334046658025516e-06
603,0.01,0,17,transient,learned_with_learned_kf_correct_forces,learned,learned_kf,forces,2,0.1793865635696044,0.5891317942541697,0.023228060902923467,0.014497928538693217,0.031725564302473905,0.030535509367206302,0.007962178268062187,0.620913588399105,15.291996543757884,0,0,0,True,False,results/data/experiment_10hq/experiment_10hq_seed603_Q0.01_fold0_client17_transient_learned_with_learned_kf_correct_forces.npz,6e7095cb4c52309fad0708832d8ca4cb1000c8bd348f668115de9e58fb0ddd8f,0.03521804949765251,0.21732296728879308,0.0,0.0,0.0955859417934435,0.25209349220053406,0.0,3.7782033972691234e-07,-3.5371904307016973e-07,0.0,0.0,1.934601016988957e-07,-3.5371904307016973e-07,1.4386859008919873e-05,0.0,0.0,1.0657149424045014e-06,0.0,0.0,0.0,0.0,0.0,0.0,0.0,0.0,0.0,0.0,1.934601016988957e-07,1.0657149424045014e-06,0.0,0.0,2.783189531879296e-06
603,0.01,0,17,transient,learned_with_learned_kf_correct_beta_forces,learned,learned_kf,beta_forces,2,0.1796623775205941,0.5895138285960654,0.023231273016291434,0.014499383559003664,0.03173105767378748,0.030540674121003572,0.007961806662604286,0.6209790828873146,15.278235983658691,0,0,0,True,False,results/data/experiment_10hq/experiment_10hq_seed603_Q0.01_fold0_client17_transient_learned_with_learned_kf_correct_beta_forces.npz,eaaf08ccacf960d386adba06863d61c22b53b4d4e098216e67ad0bea890e4165,0.0,0.21734478942989904,0.0,0.0,0.09558216563415242,0.2517484078803828,0.0,0.0,0.0,0.0,0.0,0.0,0.0,1.4389748421242746e-05,0.0,0.0,1.0665498119681659e-06,0.0,0.0,0.0,0.0,0.0,0.0,0.0,0.0,0.0,0.0,0.0,1.0665498119681659e-06,0.0,0.0,2.7829696342831386e-06
603,0.01,0,20,broadband,nominal_with_nominal_kf,nominal,nominal_kf,none,1,0.11829366068474609,0.3727113994271903,0.06212088479526418,0.050595917582023205,0.03545353863023065,0.011565305795840834,0.017417804374487995,0.23332276382078893,19.927328092441222,0,0,0,True,False,results/data/experiment_10hq/experiment_10hq_seed603_Q0.01_fold0_client20_broadband_nominal_with_nominal_kf.npz,fdbc4592a621658a1dbbf4d6666e88f24699050441096b92894e3dddc81b16d5,0.2541955146444661,0.5488280548961112,0.4200773577527889,0.12494812243135771,0.18883267832915598,0.9607550051863744,0.3754817530308725,1.9682964139853646e-05,3.068101893237106e-05,7.018818560138322e-06,-3.1545745894700113e-06,-9.266692968807535e-06,3.068101893237106e-05,9.1754493480851e-05,4.860117167866456e-05,-7.80805328854744e-06,-1.2840636595799222e-05,7.018818560138322e-06,4.860117167866456e-05,5.3754308869279885e-05,-7.781524020807126e-06,1.238852226312384e-06,-3.1545745894700113e-06,-7.80805328854744e-06,-7.781524020807126e-06,4.755697301202584e-06,3.495479720418509e-06,-9.266692968807535e-06,-1.2840636595799222e-05,1.238852226312384e-06,3.495479720418509e-06,1.0861981062280733e-05
603,0.01,0,20,broadband,nominal_with_learned_kf,nominal,learned_kf,none,1,0.11340549738537128,0.3487324185974418,0.03249152650233005,0.02374142294642913,0.027605259936758237,0.028875933498790012,0.009449496396397796,0.2428454489254793,26.972262032578627,0,0,0,True,False,results/data/experiment_10hq/experiment_10hq_seed603_Q0.01_fold0_client20_broadband_nominal_with_learned_kf.npz,ced83340753d5027a62f4b9c2ab7102dd5098dee0ef08257039190c03c61a710,0.1326075255363948,0.25812795570214125,0.32337148263606513,0.3084647357908217,0.101936669696382,0.45964168063031735,0.5932852683700602,5.356622948174415e-06,8.426371849320707e-06,-9.531117199840393e-06,-1.187464584926024e-05,-2.2220637653078893e-06,8.426371849320707e-06,2.0296671326570397e-05,-1.364500536012456e-05,-1.7901804276822916e-05,-2.2297041329387672e-06,-9.531117199840393e-06,-1.364500536012456e-05,3.185357423896565e-05,2.3191712276242126e-05,7.310916175415427e-06,-1.187464584926024e-05,-1.7901804276822916e-05,2.3191712276242126e-05,2.8984497738089554e-05,5.825337883931897e-06,-2.2220637653078893e-06,-2.2297041329387672e-06,7.310916175415427e-06,5.825337883931897e-06,3.165305388407121e-06
603,0.01,0,20,broadband,nominal_with_true_state,nominal,true_state,all,1,0.14121941465176233,0.4800551242003152,0.06143375689609179,0.05707304331568989,0.06788970412022813,0.011580035190055077,0.2788227448051359,6.772936446356039,1354.4333057307667,94,0,0,True,False,results/data/experiment_10hq/experiment_10hq_seed603_Q0.01_fold0_client20_broadband_nominal_with_true_state.npz,a9458bdfc0e87bbbfca7d55f6bdea26819c7a7fb448b97f8b9c3a6d1e515a11b,0.0,0.0,0.0,0.0,0.0,0.0,0.0,0.0,0.0,0.0,0.0,0.0,0.0,0.0,0.0,0.0,0.0,0.0,0.0,0.0,0.0,0.0,0.0,0.0,0.0,0.0,0.0,0.0,0.0,0.0,0.0,0.0
603,0.01,0,20,broadband,learned_with_nominal_kf,learned,nominal_kf,none,1,0.13529221195457566,0.41334106026230133,0.06262059682513733,0.05100976176457982,0.03559920748082826,0.011745085007900056,0.016805833203285523,0.2156466963897633,13.715598823062418,0,0,0,True,False,results/data/experiment_10hq/experiment_10hq_seed603_Q0.01_fold0_client20_broadband_learned_with_nominal_kf.npz,1261323598d3a81bce40cd15be91e0d3ccb45dc27e3e5af78c32c172a26866b5,0.1988183620950618,0.3891921118494326,0.30625324076927757,0.0956086546351409,0.1538382413487387,0.6932530055987604,0.2727395664463438,1.2041143123176209e-05,1.6849892615388597e-05,3.896563030993131e-06,-1.874451133161947e-06,-6.175793715695737e-06,1.6849892615388597e-05,4.61405528612065e-05,2.5394415706421873e-05,-4.22325740135483e-06,-7.5349533605846095e-06,3.896563030993131e-06,2.5394415706421873e-05,2.857038688296359e-05,-4.347681247994581e-06,5.544573295649185e-07,-1.874451133161947e-06,-4.22325740135483e-06,-4.347681247994581e-06,2.7845123551405785e-06,2.2874663061431745e-06,-6.175793715695737e-06,-7.5349533605846095e-06,5.544573295649185e-07,2.2874663061431745e-06,7.209138151322301e-06
603,0.01,0,20,broadband,learned_with_learned_kf,learned,learned_kf,none,1,0.1286142310980528,0.39151819984782094,0.03275859336997636,0.02383213917886687,0.02785476754032762,0.029176668720514644,0.009088880295718686,0.2138571305957282,16.74556707164047,0,0,0,True,False,results/data/experiment_10hq/experiment_10hq_seed603_Q0.01_fold0_client20_broadband_learned_with_learned_kf.npz,eef93a320869031d8ed6ef1bf2e388f1a812064be942098a397b9341a47b8cd9,0.10346088952728133,0.18274677367978845,0.236802143121052,0.23457058848784715,0.08277265024863278,0.3499429779122563,0.44280273044877555,3.2606722786855876e-06,4.63668539355392e-06,-5.457671005489579e-06,-7.042627158588763e-06,-1.4831737907817795e-06,4.63668539355392e-06,1.0173120108121014e-05,-7.004107041690495e-06,-9.59020275567805e-06,-1.3143478850721562e-06,-5.457671005489579e-06,-7.004107041690495e-06,1.708149948793738e-05,1.2942530424057577e-05,4.495932686330948e-06,-7.042627158588763e-06,-9.59020275567805e-06,1.2942530424057577e-05,1.676107425079706e-05,3.7870216200064556e-06,-1.4831737907817795e-06,-1.3143478850721562e-06,4.495932686330948e-06,3.7870216200064556e-06,2.08702887063624e-06
603,0.01,0,20,broadband,learned_with_true_state,learned,true_state,all,1,0.15312469167489923,0.45344817575965046,0.06201833175529692,0.05011113437005817,0.03350091918209007,0.011820991707199385,0.014153333595077687,0.1875509308511123,3.155000570069915,0,0,0,True,False,results/data/experiment_10hq/experiment_10hq_seed603_Q0.01_fold0_client20_broadband_learned_with_true_state.npz,2c5db8bfc8cdd37ce58a52670c6d60cb6e10391fe659a6ed726959079397abb3,0.0,0.0,0.0,0.0,0.0,0.0,0.0,0.0,0.0,0.0,0.0,0.0,0.0,0.0,0.0,0.0,0.0,0.0,0.0,0.0,0.0,0.0,0.0,0.0,0.0,0.0,0.0,0.0,0.0,0.0,0.0,0.0
603,0.01,0,20,broadband,oracle_with_nominal_kf,oracle,nominal_kf,none,1,0.10423342438548419,0.31560350027531786,0.06113239768533735,0.04997389046854229,0.03451156547607514,0.01143693328651044,0.015909203576462753,0.19839214666960842,9.109825651430743,0,0,0,True,False,results/data/experiment_10hq/experiment_10hq_seed603_Q0.01_fold0_client20_broadband_oracle_with_nominal_kf.npz,91d03b1d7cd5119398dae7233ad48b4081fad3161a1d4d50bff18838118c8300,0.10391063269991747,0.26462667344317153,0.15029476279343273,0.0329368243853734,0.1250842877285148,0.41057192077799404,0.13769296909584572,3.2890820952806224e-06,5.937532810120486e-06,9.619498269760796e-07,-3.2313458030562754e-07,-2.6703092858055624e-06,5.937532810120486e-06,2.133152822046553e-05,8.38065083854295e-06,-9.68003685358518e-07,-4.143690108792387e-06,9.619498269760796e-07,8.38065083854295e-06,6.880855376392642e-06,-7.179827078866184e-07,2.67233401327092e-07,-3.2313458030562754e-07,-9.68003685358518e-07,-7.179827078866184e-07,3.3045945600447826e-07,6.513297394102556e-07,-2.6703092858055624e-06,-4.143690108792387e-06,2.67233401327092e-07,6.513297394102556e-07,4.766068225892733e-06
603,0.01,0,20,broadband,oracle_with_learned_kf,oracle,learned_kf,none,1,0.11057266908723988,0.3529487774672885,0.03223586441219821,0.02363205544247355,0.027341612458000136,0.028690068871568636,0.008773018682940961,0.19529789404429,10.322100469181512,0,0,0,True,False,results/data/experiment_10hq/experiment_10hq_seed603_Q0.01_fold0_client20_broadband_oracle_with_learned_kf.npz,1a4d0828a91711d7c8723810680655001ee5ce116b94770d54ef904702486963,0.05400329041732143,0.12602693351336353,0.11739556374028105,0.08124915475536033,0.06868635302752044,0.17960816999914778,0.18642522682546703,8.883726497870115e-07,1.6483332187897508e-06,-1.3986882975407993e-06,-1.2713594237462537e-06,-6.482474494123547e-07,1.6483332187897508e-06,4.83817389067891e-06,-2.2836288503501616e-06,-2.267484051343284e-06,-7.12473666518973e-07,-1.3986882975407993e-06,-2.2836288503501616e-06,4.198151494939411e-06,2.18886223101715e-06,1.8736372516836785e-06,-1.2713594237462537e-06,-2.267484051343284e-06,2.18886223101715e-06,2.010909095639125e-06,1.0980222424086622e-06,-6.482474494123547e-07,-7.12473666518973e-07,1.8736372516836785e-06,1.0980222424086622e-06,1.437128660423204e-06
603,0.01,0,20,broadband,oracle_with_true_state,oracle,true_state,all,1,0.12491290720674382,0.3894592631161149,0.06067858412943449,0.04912555812417042,0.03268117040090324,0.011519066078760729,0.01385756567397655,0.1826870273090623,1.7201963077966627,0,0,0,True,False,results/data/experiment_10hq/experiment_10hq_seed603_Q0.01_fold0_client20_broadband_oracle_with_true_state.npz,06b3c9939a4455435d826065f0b98d00ca25177e59d5e124e5a7722e17926c4b,0.0,0.0,0.0,0.0,0.0,0.0,0.0,0.0,0.0,0.0,0.0,0.0,0.0,0.0,0.0,0.0,0.0,0.0,0.0,0.0,0.0,0.0,0.0,0.0,0.0,0.0,0.0,0.0,0.0,0.0,0.0,0.0
603,0.01,0,20,broadband,learned_with_learned_kf_correct_beta,learned,learned_kf,beta,1,0.1248697738301752,0.38567484342251235,0.0326254012493087,0.023771415005729532,0.027729404937673653,0.029055826831346405,0.00905143394038916,0.21295828130644748,16.67193974198917,0,0,0,True,False,results/data/experiment_10hq/experiment_10hq_seed603_Q0.01_fold0_client20_broadband_learned_with_learned_kf_correct_beta.npz,162654ec31c8b2e2b78378b59c0076a43547d7bea9b2f0b2152a062e37dee551,0.0,0.1822867366407995,0.2356951275302174,0.2336227251119795,0.08243603734366181,0.4142412463232307,0.44088657007662535,0.0,0.0,0.0,0.0,0.0,0.0,1.012196602916688e-05,-6.952536339411432e-06,-9.522442304411234e-06,-1.298647089925784e-06,0.0,-6.952536339411432e-06,1.6922165738252185e-05,1.2831886480814915e-05,4.4541194636055475e-06,0.0,-9.522442304411234e-06,1.2831886480814915e-05,1.6625890128594484e-05,3.753100970853682e-06,0.0,-1.298647089925784e-06,4.4541194636055475e-06,3.753100970853682e-06,2.0700886766900806e-06
603,0.01,0,20,broadband,learned_with_learned_kf_correct_forces,learned,learned_kf,forces,1,0.15773911784576175,0.4583378742503804,0.033330033017426514,0.023972314826712533,0.028048722056440302,0.02974986282433129,0.008843956778785186,0.21367502596394608,16.937354769918517,0,0,0,True,False,results/data/experiment_10hq/experiment_10hq_seed603_Q0.01_fold0_client20_broadband_learned_with_learned_kf_correct_forces.npz,691c1e5bda94b14664b5f1a383953edb5325787488bb165ee097b93a3d76131d,0.10526555326191671,0.18377888482858903,0.0,0.0,0.08074692515540409,0.25230849211154477,0.0,3.375415885709427e-06,4.777012260576414e-06,0.0,0.0,-1.5477981976695206e-06,4.777012260576414e-06,1.0288355421488377e-05,0.0,0.0,-1.3582547757214238e-06,0.0,0.0,0.0,0.0,0.0,0.0,0.0,0.0,0.0,0.0,-1.5477981976695206e-06,-1.3582547757214238e-06,0.0,0.0,1.986125658014858e-06
603,0.01,0,20,broadband,learned_with_learned_kf_correct_beta_forces,learned,learned_kf,beta_forces,1,0.15337019530848695,0.4516887194781,0.03319266943677243,0.023911718263261425,0.027924865800648662,0.02962464574844369,0.008807670890718123,0.21249567726379454,16.759768805327617,0,0,0,True,False,results/data/experiment_10hq/experiment_10hq_seed603_Q0.01_fold0_client20_broadband_learned_with_learned_kf_correct_beta_forces.npz,c3d911856d37167af16ccd068ac79493a4000b834dccad00e3f52ad5327a39c5,0.0,0.1833205886412475,0.0,0.0,0.08041735486934458,0.17681325917371019,0.0,0.0,0.0,0.0,0.0,0.0,0.0,1.0237106498728827e-05,0.0,0.0,-1.3419098821187657e-06,0.0,0.0,0.0,0.0,0.0,0.0,0.0,0.0,0.0,0.0,0.0,-1.3419098821187657e-06,0.0,0.0,1.9699459165963176e-06
603,0.01,0,20,transient,nominal_with_nominal_kf,nominal,nominal_kf,none,1,0.117488734591886,0.358159540533654,0.10359338417947699,0.0881456187810838,0.044969714518663696,0.008538238288115292,0.020934543424727604,0.44105062059491107,20.94982005099354,0,0,0,True,False,results/data/experiment_10hq/experiment_10hq_seed603_Q0.01_fold0_client20_transient_nominal_with_nominal_kf.npz,404d6c8f26ca9e01984f10e1f28cc982c4a732cb3fe6d36c56112d5509cce435,0.447186489099199,0.9740901192058264,0.630438157965163,0.10864090401181209,0.21916732419517979,1.7295975361157625,0.56064490756707,6.091609882262858e-05,0.00012064773067318981,4.4167478594083546e-05,-3.814938989355336e-06,-2.3052794147802114e-05,0.00012064773067318981,0.0002890367140696638,0.00014506161097474328,-1.4874834287254534e-05,-3.9406219760273376e-05,4.4167478594083546e-05,0.00014506161097474328,0.00012107088528602545,-1.445903208116182e-05,-4.173062863219493e-06,-3.814938989355336e-06,-1.4874834287254534e-05,-1.445903208116182e-05,3.5953525021241485e-06,9.111606651402163e-07,-2.3052794147802114e-05,-3.9406219760273376e-05,-4.173062863219493e-06,9.111606651402163e-07,1.463208939957826e-05
603,0.01,0,20,transient,nominal_with_learned_kf,nominal,learned_kf,none,1,0.10215908356084599,0.3351783065154281,0.04844357940885541,0.03875372034913316,0.0364974442017059,0.042821025202753854,0.011749433780815433,0.44582537933092187,28.058310710613892,0,0,0,True,False,results/data/experiment_10hq/experiment_10hq_seed603_Q0.01_fold0_client20_transient_nominal_with_learned_kf.npz,349b1d8435d94327480fa68b433010c3c0d0f10c06c918afdf33e0fcd5303557,0.2074584690345117,0.4291521702225469,0.5115681558443135,0.5735189723988074,0.12240110891484135,0.6795546667467466,1.0484894304926422,1.3110434118049478e-05,2.4105260142466315e-05,-2.3684714190894178e-05,-3.320140894216692e-05,-5.067013286834758e-06,2.4105260142466315e-05,5.610187308369957e-05,-4.894648503564376e-05,-6.98715213529375e-05,-9.62040256324841e-06,-2.3684714190894178e-05,-4.894648503564376e-05,7.971898131396498e-05,7.748006459132594e-05,1.6227965174268774e-05,-3.320140894216692e-05,-6.98715213529375e-05,7.748006459132594e-05,0.00010019598375036876,1.606805684637866e-05,-5.067013286834758e-06,-9.62040256324841e-06,1.6227965174268774e-05,1.606805684637866e-05,4.563787767599894e-06
603,0.01,0,20,transient,nominal_with_true_state,nominal,true_state,all,1,0.12810226271109262,0.4147432060073984,0.10332749302624485,0.08861194030638234,0.049517910984391234,0.0084683577556849,0.13426262732587468,4.368619890676691,870.0262896593459,22,0,0,True,False,results/data/experiment_10hq/experiment_10hq_seed603_Q0.01_fold0_client20_transient_nominal_with_true_state.npz,729d32ef79f9acae9ad02e7ee4ebbe75f65d01eda8950921110fd61381b173e6,0.0,0.0,0.0,0.0,0.0,0.0,0.0,0.0,0.0,0.0,0.0,0.0,0.0,0.0,0.0,0.0,0.0,0.0,0.0,0.0,0.0,0.0,0.0,0.0,0.0,0.0,0.0,0.0,0.0,0.0,0.0,0.0
603,0.01,0,20,transient,learned_with_nominal_kf,learned,nominal_kf,none,1,0.13642881715508098,0.41253281107432105,0.10406886434576086,0.08855464012215705,0.045170763219451404,0.008628212276943008,0.0203528953682866,0.43195034533142584,14.418501063695519,0,0,0,True,False,results/data/experiment_10hq/experiment_10hq_seed603_Q0.01_fold0_client20_transient_learned_with_nominal_kf.npz,1775d94223dfaf46477f64f0acd2ae28c85d7a1afa27e2fee7c93ee5219aaff2,0.36720611222974203,0.6995481675292828,0.466422246992855,0.08410666701190811,0.18043529704450312,1.2772042332530338,0.4119509739400639,4.107471306018387e-05,7.128295961146773e-05,2.6774814581440798e-05,-2.4188433415267143e-06,-1.607693740501533e-05,7.128295961146773e-05,0.00014906990742595184,7.72331611067664e-05,-8.298367252357517e-06,-2.380853567175296e-05,2.6774814581440798e-05,7.72331611067664e-05,6.62694320940026e-05,-8.364800286704715e-06,-2.6975704752559233e-06,-2.4188433415267143e-06,-8.298367252357517e-06,-8.364800286704715e-06,2.1548427417373206e-06,5.846551182660132e-07,-1.607693740501533e-05,-2.380853567175296e-05,-2.6975704752559233e-06,5.846551182660132e-07,9.91739778358282e-06
603,0.01,0,20,transient,learned_with_learned_kf,learned,learned_kf,none,1,0.11513067832437499,0.3765967218717134,0.048655674999270274,0.03888120435757571,0.03671616167666776,0.04304235721474663,0.01144055723322766,0.4304387132220008,17.670633505325505,0,0,0,True,False,results/data/experiment_10hq/experiment_10hq_seed603_Q0.01_fold0_client20_transient_learned_with_learned_kf.npz,fae2babc7ca952a9960e8675bed4858892ae32db692c98e44e10e38bcf84626f,0.16882135163946224,0.3086557691495632,0.37954594044822204,0.44373417916503605,0.10088536646517782,0.5269755677680604,0.7959405090178899,8.68179409037423e-06,1.4185794852172739e-05,-1.4252692128247332e-05,-2.093163565878366e-05,-3.4987104823678742e-06,1.4185794852172739e-05,2.9020409269333738e-05,-2.612050925904796e-05,-3.888332207178335e-05,-5.861179265346883e-06,-1.4252692128247332e-05,-2.612050925904796e-05,4.3881699238887477e-05,4.4560373051644934e-05,1.0181359934387433e-05,-2.093163565878366e-05,-3.888332207178335e-05,4.4560373051644934e-05,5.997917658425508e-05,1.058542873350038e-05,-3.4987104823678742e-06,-5.861179265346883e-06,1.0181359934387433e-05,1.058542873350038e-05,3.100352589112305e-06
603,0.01,0,20,transient,learned_with_true_state,learned,true_state,all,1,0.14217616849752263,0.4595855164439812,0.1038329006109563,0.08810092658221014,0.043679926812489,0.008562934385944304,0.018247733360477907,0.4185437269387457,3.1248685107474223,0,0,0,True,False,results/data/experiment_10hq/experiment_10hq_seed603_Q0.01_fold0_client20_transient_learned_with_true_state.npz,04b8bccc487cccf6b4b3ef3dc8fff73d791cafe3908fc70ca949ab5577682a79,0.0,0.0,0.0,0.0,0.0,0.0,0.0,0.0,0.0,0.0,0.0,0.0,0.0,0.0,0.0,0.0,0.0,0.0,0.0,0.0,0.0,0.0,0.0,0.0,0.0,0.0,0.0,0.0,0.0,0.0,0.0,0.0
603,0.01,0,20,transient,oracle_with_nominal_kf,oracle,nominal_kf,none,1,0.09436529011327269,0.3150781341351469,0.10282210930268097,0.08750392667763314,0.04409434504314716,0.008414938308645726,0.019504329196894443,0.42022058474092916,9.575500802058846,0,0,0,True,False,results/data/experiment_10hq/experiment_10hq_seed603_Q0.01_fold0_client20_transient_oracle_with_nominal_kf.npz,5f945a3a3a42bb5f8308b8c5ed98876095557892da5df4895039301779ed2c5f,0.22615628413157837,0.48460084439237877,0.24117791217001638,0.029827794525886235,0.1502454535903699,0.790466971111853,0.22151579580273353,1.5580165077973677e-05,3.060059758405497e-05,8.541736146662784e-06,-4.941614627636251e-07,-8.381960665305099e-06,3.060059758405497e-05,7.15357390438112e-05,2.761060830723512e-05,-1.9931622328705792e-06,-1.409131794247048e-05,8.541736146662784e-06,2.761060830723512e-05,1.7718616061066184e-05,-1.5211428561438842e-06,-1.2598547788299348e-06,-4.941614627636251e-07,-1.9931622328705792e-06,-1.5211428561438842e-06,2.710173039220867e-07,1.6599320232485046e-07,-8.381960665305099e-06,-1.409131794247048e-05,-1.2598547788299348e-06,1.6599320232485046e-07,6.876341129441044e-06
603,0.01,0,20,transient,oracle_with_learned_kf,oracle,learned_kf,none,1,0.09500897424459893,0.31465906945593747,0.0482624037371002,0.03863034296174482,0.03621343608020538,0.042650000891972954,0.011092373901303475,0.4183703458311714,10.92778738259602,0,0,0,True,False,results/data/experiment_10hq/experiment_10hq_seed603_Q0.01_fold0_client20_transient_oracle_with_learned_kf.npz,c472d7b819527df118e8dbd80d3bbed18eb8c62bc9810bd14fc10399cda29ce0,0.10162397330600219,0.21549585602521135,0.19975655217608915,0.16056811195605314,0.08508443413440786,0.23445611750708137,0.3486080951650046,3.1459156737838344e-06,6.058202025997271e-06,-4.481332432532345e-06,-4.587443047656309e-06,-1.790569191288967e-06,6.058202025997271e-06,1.414596507158349e-05,-9.60428910494518e-06,-9.824138226811463e-06,-3.499054274294649e-06,-4.481332432532345e-06,-9.60428910494518e-06,1.2155051465992161e-05,8.505345632093535e-06,4.559651509583993e-06,-4.587443047656309e-06,-9.824138226811463e-06,8.505345632093535e-06,7.8536824376008e-06,3.2830617402034354e-06,-1.790569191288967e-06,-3.499054274294649e-06,4.559651509583993e-06,3.2830617402034354e-06,2.2052354480021306e-06
603,0.01,0,20,transient,oracle_with_true_state,oracle,true_state,all,1,0.11099604019149471,0.3699959531704711,0.10263809226632929,0.08707960941247354,0.04282028870561011,0.008360027048040654,0.017958001231940513,0.4133384062802696,1.7656606304247875,0,0,0,True,False,results/data/experiment_10hq/experiment_10hq_seed603_Q0.01_fold0_client20_transient_oracle_with_true_state.npz,ead152c68af19a493d5667e65b84f912413b470d2ed30c311516dbbc345798b5,0.0,0.0,0.0,0.0,0.0,0.0,0.0,0.0,0.0,0.0,0.0,0.0,0.0,0.0,0.0,0.0,0.0,0.0,0.0,0.0,0.0,0.0,0.0,0.0,0.0,0.0,0.0,0.0,0.0,0.0,0.0,0.0
603,0.01,0,20,transient,learned_with_learned_kf_correct_beta,learned,learned_kf,beta,1,0.11259016368110975,0.375218706231737,0.0485776275881452,0.038839382045434516,0.0366269407598146,0.04296801707691793,0.01141483736271913,0.4298943174563642,17.59619541656955,0,0,0,True,False,results/data/experiment_10hq/experiment_10hq_seed603_Q0.01_fold0_client20_transient_learned_with_learned_kf_correct_beta.npz,024e1580665a121400c465b3e9eb383bc59e30aba0281a01ad64ceda1e91f7d5,0.0,0.30833880939882924,0.3787221776237551,0.44309678416888687,0.10065111234557501,0.6389052088032215,0.7945960960312215,0.0,0.0,0.0,0.0,0.0,0.0,2.8960837541071352e-05,-2.6061256534095693e-05,-3.879269264048587e-05,-5.843442175773641e-06,0.0,-2.6061256534095693e-05,4.369142511971989e-05,4.441591686669653e-05,1.0134015912948227e-05,0.0,-3.879269264048587e-05,4.441591686669653e-05,5.980698804853559e-05,1.054724247408364e-05,0.0,-5.843442175773641e-06,1.0134015912948227e-05,1.054724247408364e-05,3.08597137213571e-06
603,0.01,0,20,transient,learned_with_learned_kf_correct_forces,learned,learned_kf,forces,1,0.14703647792173558,0.4643564276617193,0.04909864828774836,0.03909754757426336,0.03696616679344624,0.043484675134216666,0.01127701263710414,0.43300710347822996,18.08252075268877,0,0,0,True,False,results/data/experiment_10hq/experiment_10hq_seed603_Q0.01_fold0_client20_transient_learned_with_learned_kf_correct_forces.npz,2e73b4cbfe01e0812bfba1e3a02268d572161dc5ffbdae892b32c1b4b462e3f3,0.1704114381779717,0.31032768022619606,0.0,0.0,0.09952491162983854,0.40930304237389264,0.0,8.846107618190995e-06,1.4438778291462805e-05,0.0,0.0,-3.569827304330584e-06,1.4438778291462805e-05,2.9335653354706003e-05,0.0,0.0,-5.952358041431207e-06,0.0,0.0,0.0,0.0,0.0,0.0,0.0,0.0,0.0,0.0,-3.569827304330584e-06,-5.952358041431207e-06,0.0,0.0,3.017298914050089e-06
603,0.01,0,20,transient,learned_with_learned_kf_correct_beta_forces,learned,learned_kf,beta_forces,1,0.14348774793697436,0.4621368845885821,0.0490177258413944,0.0390568203359335,0.03687799049254677,0.04340730067409421,0.011251138424201515,0.4323325107287436,17.924499638621235,0,0,0,True,False,results/data/experiment_10hq/experiment_10hq_seed603_Q0.01_fold0_client20_transient_learned_with_learned_kf_correct_beta_forces.npz,483b8de71963f417e2e90992a4701cb62afc2525eadb0e1bc62268e87dca5234,0.0,0.3100201616466374,0.0,0.0,0.09929001906887273,0.2588648873726208,0.0,0.0,0.0,0.0,0.0,0.0,0.0,2.927754195036919e-05,0.0,0.0,-5.933944077987617e-06,0.0,0.0,0.0,0.0,0.0,0.0,0.0,0.0,0.0,0.0,0.0,-5.933944077987617e-06,0.0,0.0,3.003073235392592e-06
603,0.01,0,23,broadband,nominal_with_nominal_kf,nominal,nominal_kf,none,1,0.12651942171710498,0.34833707862000196,0.048166722719435826,0.06290803926843483,0.03368550127679494,0.010041044106278686,0.01770771062993651,0.23008539852783916,20.319738130829016,0,0,0,True,False,results/data/experiment_10hq/experiment_10hq_seed603_Q0.01_fold0_client23_broadband_nominal_with_nominal_kf.npz,653cdb64978e962b26d067843e5ef1ebde22d209c88cfb6f81306676861898f1,0.19705359918554105,0.6819814037841566,0.39374895111083125,0.1083232733161073,0.1934139686596012,1.0513727884497963,0.353576645729671,1.18283312543967e-05,3.0178492621513732e-05,1.0518450011133588e-05,-9.074254728546622e-08,-8.386408356134793e-06,3.0178492621513732e-05,0.00014167714617273878,6.731340780983278e-05,-7.0415768206450645e-06,-2.2545076387490966e-05,1.0518450011133588e-05,6.731340780983278e-05,4.722734757117949e-05,-6.359760397868312e-06,-5.069118093561593e-06,-9.074254728546622e-08,-7.0415768206450645e-06,-6.359760397868312e-06,3.5743599502523534e-06,1.990752481497763e-06,-8.386408356134793e-06,-2.2545076387490966e-05,-5.069118093561593e-06,1.990752481497763e-06,1.1395421869012578e-05
603,0.01,0,23,broadband,nominal_with_learned_kf,nominal,learned_kf,none,1,0.11718147150375402,0.3380903969720894,0.018797423198273322,0.03433113573805323,0.0187484463100065,0.02520351073195521,0.009807779975371614,0.23924116757946154,27.209661087748287,0,0,0,True,False,results/data/experiment_10hq/experiment_10hq_seed603_Q0.01_fold0_client23_broadband_nominal_with_learned_kf.npz,0789400beb690305392c46f6a0bcd3f15794626eb85e85ed0d5f1c46e59992f3,0.07655413806779127,0.37257917445312666,0.2197002564690544,0.2700164275547078,0.1069554414204409,0.36564976135317356,0.45066153581716634,1.7852213717332065e-06,7.786109862710802e-06,-3.314528852729414e-06,-5.918698972555611e-06,-1.8207617552378704e-06,7.786109862710802e-06,4.2285540612432654e-05,-1.0259942319784685e-05,-2.5979021721781945e-05,-6.932070629240182e-06,-3.314528852729414e-06,-1.0259942319784685e-05,1.4703335361952008e-05,1.2476938522861552e-05,5.2691639227258095e-06,-5.918698972555611e-06,-2.5979021721781945e-05,1.2476938522861552e-05,2.2209312209093878e-05,6.8224129161828e-06,-1.8207617552378704e-06,-6.932070629240182e-06,5.2691639227258095e-06,6.8224129161828e-06,3.4846607535654492e-06
603,0.01,0,23,broadband,nominal_with_true_state,nominal,true_state,all,1,0.133188891048418,0.38418313296969936,0.047430675869879035,0.061574443151049464,0.0309900437092887,0.01000635540803421,0.015112486952971054,0.1777521421820226,5.294026885520829,0,0,0,True,False,results/data/experiment_10hq/experiment_10hq_seed603_Q0.01_fold0_client23_broadband_nominal_with_true_state.npz,ef79d08813b9f5aa986a8d27db76e844568e1fdfdd116ed946a1dd7a75cc8054,0.0,0.0,0.0,0.0,0.0,0.0,0.0,0.0,0.0,0.0,0.0,0.0,0.0,0.0,0.0,0.0,0.0,0.0,0.0,0.0,0.0,0.0,0.0,0.0,0.0,0.0,0.0,0.0,0.0,0.0,0.0,0.0
603,0.01,0,23,broadband,learned_with_nominal_kf,learned,nominal_kf,none,1,0.1442542300253286,0.3945351538740808,0.04856746216549257,0.06343503595487873,0.03374321782284725,0.010200767443348465,0.017309106929571313,0.21066247849934822,14.09324832355709,0,0,0,True,False,results/data/experiment_10hq/experiment_10hq_seed603_Q0.01_fold0_client23_broadband_learned_with_nominal_kf.npz,08667f6052785d8ac06d9e8c0c69c742bb6f0dfae5208c3119733202da9f70d0,0.1541379763983053,0.48338373927765427,0.285730105056915,0.08291781110120147,0.15960339598222675,0.7498239924225995,0.25490576548231986,7.237257771260107e-06,1.6623561320086366e-05,5.945395980226027e-06,-5.60600652504137e-08,-5.572759721678892e-06,1.6623561320086366e-05,7.117685738520985e-05,3.5001740719114916e-05,-3.854027120747383e-06,-1.33827744735897e-05,5.945395980226027e-06,3.5001740719114916e-05,2.4869481849133017e-05,-3.585363336682736e-06,-3.365231109508859e-06,-5.60600652504137e-08,-3.854027120747383e-06,-3.585363336682736e-06,2.09435545833824e-06,1.3101874470062234e-06,-5.572759721678892e-06,-1.33827744735897e-05,-3.365231109508859e-06,1.3101874470062234e-06,7.75959386363693e-06
603,0.01,0,23,broadband,learned_with_learned_kf,learned,learned_kf,none,1,0.133862300142655,0.3821089380286018,0.01895480868581668,0.034536877462479416,0.01886045268130015,0.025453700096753813,0.009704851326546965,0.20907519628098248,17.165541888607834,0,0,0,True,False,results/data/experiment_10hq/experiment_10hq_seed603_Q0.01_fold0_client23_broadband_learned_with_learned_kf.npz,8506e9aa05c9137dccb6adcb57201f9b1e524fe4bd05b7e5c2df81839db9aeb1,0.05961477756731098,0.2637663619093258,0.16023161658291418,0.20529336451980457,0.0892776343358012,0.27576258854681795,0.3369618504901132,1.0825864597182985e-06,4.294624000044053e-06,-1.8914143103778561e-06,-3.5030077486238354e-06,-1.2070762008430431e-06,4.294624000044053e-06,2.1193054434853443e-05,-5.2841470932562414e-06,-1.3953699439974046e-05,-4.154658302772247e-06,-1.8914143103778561e-06,-5.2841470932562414e-06,7.820799710796883e-06,6.9641257116677675e-06,3.2263066837740493e-06,-3.5030077486238354e-06,-1.3953699439974046e-05,6.9641257116677675e-06,1.2838212499409409e-05,4.409960828378496e-06,-1.2070762008430431e-06,-4.154658302772247e-06,3.2263066837740493e-06,4.409960828378496e-06,2.4279519236852074e-06
603,0.01,0,23,broadband,learned_with_true_state,learned,true_state,all,1,0.15123556877786035,0.4319633938839186,0.04788581680295423,0.062217851505259346,0.03140333793542382,0.010183725675886544,0.015270169902763394,0.17844732392832985,2.6218467270768637,0,0,0,True,False,results/data/experiment_10hq/experiment_10hq_seed603_Q0.01_fold0_client23_broadband_learned_with_true_state.npz,c631fd338c9bdf5ca6dc83ad8f95b90452f3d196694a5d6b328026301c88c1d9,0.0,0.0,0.0,0.0,0.0,0.0,0.0,0.0,0.0,0.0,0.0,0.0,0.0,0.0,0.0,0.0,0.0,0.0,0.0,0.0,0.0,0.0,0.0,0.0,0.0,0.0,0.0,0.0,0.0,0.0,0.0,0.0
603,0.01,0,23,broadband,oracle_with_nominal_kf,oracle,nominal_kf,none,1,0.10218604019455388,0.2917658065092056,0.04703869542102945,0.06155808748685813,0.03231198837890756,0.009842758496193314,0.016408864944135963,0.19203020129833545,10.234904532145476,0,0,0,True,False,results/data/experiment_10hq/experiment_10hq_seed603_Q0.01_fold0_client23_broadband_oracle_with_nominal_kf.npz,b2f9f7b2241ce0e3b48fad73eae6265207c1bf1d513dee0065bf4b225f02bb20,0.04476254811119263,0.3423345893550271,0.14177294397046641,0.03299546081255284,0.14157551992517936,0.4311215158915714,0.12877343882527012,6.103575720814805e-07,3.3793433215444926e-06,8.545127677361347e-07,-1.1985294710081048e-09,-1.4229143064944404e-06,3.3793433215444926e-06,3.56990204641391e-05,1.2308316109981766e-05,-1.061213251061873e-06,-8.416298458980146e-06,8.545127677361347e-07,1.2308316109981766e-05,6.122678433950606e-06,-7.014835842180658e-07,-1.530822591671499e-06,-1.1985294710081048e-09,-1.061213251061873e-06,-7.014835842180658e-07,3.316371171966375e-07,4.6606697276650226e-07,-1.4229143064944404e-06,-8.416298458980146e-06,-1.530822591671499e-06,4.6606697276650226e-07,6.105638196420925e-06
603,0.01,0,23,broadband,oracle_with_learned_kf,oracle,learned_kf,none,1,0.10847544585623249,0.3326553016598016,0.018521760790310867,0.033905210669488026,0.018292230641520114,0.024862379688370812,0.009455652411402718,0.18990293745150952,11.830683634825425,0,0,0,True,False,results/data/experiment_10hq/experiment_10hq_seed603_Q0.01_fold0_client23_broadband_oracle_with_learned_kf.npz,56ac28f6935a9625d660a82dab659b130744e4011ce4b431e9d63c95b5018750,0.016890165917578505,0.1891109542994333,0.08105189748133351,0.0824985146297132,0.08136398049467722,0.17002008631545934,0.15015818388123253,8.690055833549549e-08,8.737649806177124e-07,-2.670086246330595e-07,-3.977378220184906e-07,-3.0691856010483765e-07,8.737649806177124e-07,1.0894018477792458e-05,-1.8604262014550844e-06,-4.003088963284131e-06,-2.6586916876178276e-06,-2.670086246330595e-07,-1.8604262014550844e-06,2.00115674971236e-06,1.3969854153967427e-06,1.4840617283112418e-06,-3.977378220184906e-07,-4.003088963284131e-06,1.3969854153967427e-06,2.0732276566007783e-06,1.6058714775327487e-06,-3.0691856010483765e-07,-2.6586916876178276e-06,1.4840617283112418e-06,1.6058714775327487e-06,2.016596964945719e-06
603,0.01,0,23,broadband,oracle_with_true_state,oracle,true_state,all,1,0.12028506583071334,0.36795162067901854,0.046644076274224955,0.060707004954162626,0.03051268079669746,0.009874638038226503,0.01489453576647419,0.17315640746186214,1.7021438491086531,0,0,0,True,False,results/data/experiment_10hq/experiment_10hq_seed603_Q0.01_fold0_client23_broadband_oracle_with_true_state.npz,873c7469775531238f563857f6bc6cb2ccdcdab390eda5ec153cd8e506b085bb,0.0,0.0,0.0,0.0,0.0,0.0,0.0,0.0,0.0,0.0,0.0,0.0,0.0,0.0,0.0,0.0,0.0,0.0,0.0,0.0,0.0,0.0,0.0,0.0,0.0,0.0,0.0,0.0,0.0,0.0,0.0,0.0
603,0.01,0,23,broadband,learned_with_learned_kf_correct_beta,learned,learned_kf,beta,1,0.13143033909315843,0.3791631010342964,0.018909039026365357,0.0344652691888405,0.01880019864009503,0.02539561877724073,0.009681600500233934,0.20858669078890943,17.138138889749673,0,0,0,True,False,results/data/experiment_10hq/experiment_10hq_seed603_Q0.01_fold0_client23_broadband_learned_with_learned_kf_correct_beta.npz,af3f38518ae8d6b72a63d7d67bcca67cae86ab3e0c2f8fa18727ac274afe8982,0.0,0.26322238061035025,0.1596685023068143,0.20484422812777286,0.08906553061378977,0.29514108443991727,0.33608178661634003,0.0,0.0,0.0,0.0,0.0,0.0,2.1105729143582364e-05,-5.2647531731393355e-06,-1.3894692035320238e-05,-4.1332585428292305e-06,0.0,-5.2647531731393355e-06,7.76592583013919e-06,6.929403385140916e-06,3.2064802638252598e-06,0.0,-1.3894692035320238e-05,6.929403385140916e-06,1.27820996194652e-05,4.389074923067106e-06,0.0,-4.1332585428292305e-06,3.2064802638252598e-06,4.389074923067106e-06,2.4164290846724915e-06
603,0.01,0,23,broadband,learned_with_learned_kf_correct_forces,learned,learned_kf,forces,1,0.15618695963512855,0.43175742761420477,0.019204441992485718,0.03482095100911854,0.01871633651656996,0.025812739728310816,0.009639948686252618,0.20574026341656723,16.63360126729077,0,0,0,True,False,results/data/experiment_10hq/experiment_10hq_seed603_Q0.01_fold0_client23_broadband_learned_with_learned_kf_correct_forces.npz,bbc88dc8ff84c27c7a7f0518da6fc8bf4534527551fa493eda7cb68bbcbbe172,0.0603976317682378,0.26589019655062524,0.0,0.0,0.0887943712699126,0.27358459366510957,0.0,1.1112059421959499e-06,4.394669558519289e-06,0.0,0.0,-1.2428213597932534e-06,4.394669558519289e-06,2.1535719468032957e-05,0.0,0.0,-4.276096819609706e-06,0.0,0.0,0.0,0.0,0.0,0.0,0.0,0.0,0.0,0.0,-1.2428213597932534e-06,-4.276096819609706e-06,0.0,0.0,2.40173788173368e-06
603,0.01,0,23,broadband,learned_with_learned_kf_correct_beta_forces,learned,learned_kf,beta_forces,1,0.15354360717658863,0.4292610867459105,0.019157670567438823,0.03474972116363734,0.018664023628348136,0.025753145098502475,0.009618316642852627,0.20508171154495222,16.532808397865217,0,0,0,True,False,results/data/experiment_10hq/experiment_10hq_seed603_Q0.01_fold0_client23_broadband_learned_with_learned_kf_correct_beta_forces.npz,ba7e13ddce7091e68874d3ba2551e064cd3d7a5e4301fa17e9c9ebcf22d9df1b,0.0,0.26535011200232894,0.0,0.0,0.08859577716192044,0.22434460357060415,0.0,0.0,0.0,0.0,0.0,0.0,0.0,2.1448320257878334e-05,0.0,0.0,-4.253889742722975e-06,0.0,0.0,0.0,0.0,0.0,0.0,0.0,0.0,0.0,0.0,0.0,-4.253889742722975e-06,0.0,0.0,2.391006624833836e-06
603,0.01,0,23,transient,nominal_with_nominal_kf,nominal,nominal_kf,none,1,0.12823941690599935,0.40583704483939986,0.08091506572306316,0.10825876168998283,0.04787787554219066,0.009224178859706712,0.022500020795401657,0.4257287338296466,20.60239870765746,0,0,0,True,False,results/data/experiment_10hq/experiment_10hq_seed603_Q0.01_fold0_client23_transient_nominal_with_nominal_kf.npz,ba9ba7c11fe4b9a9c35b60683e4bb5e5d5f44902a241ee74a6ed9c39ef9926cd,0.34944059844207187,1.195564231778174,0.6643391379974408,0.1322099920897071,0.23683119796627597,1.983673581763645,0.653085167747605,3.719644682639184e-05,0.00011799163910201795,5.149189276520807e-05,4.990052191854799e-06,-2.123209986461135e-05,0.00011799163910201795,0.00043541216870810005,0.00021680025736313098,5.651964081250664e-06,-6.219268230775616e-05,5.149189276520807e-05,0.00021680025736313098,0.00013444182909954584,-4.920444964947478e-06,-2.037291212081428e-05,4.990052191854799e-06,5.651964081250664e-06,-4.920444964947478e-06,5.324554708594944e-06,-3.6091966737501737e-06,-2.123209986461135e-05,-6.219268230775616e-05,-2.037291212081428e-05,-3.6091966737501737e-06,1.7085691432862232e-05
603,0.01,0,23,transient,nominal_with_learned_kf,nominal,learned_kf,none,1,0.10376292046911759,0.33455400789690853,0.02629888711623718,0.060571034723982814,0.023329442757699624,0.03774994790603197,0.01372844933233763,0.428633474679562,27.19453271333662,0,0,0,True,False,results/data/experiment_10hq/experiment_10hq_seed603_Q0.01_fold0_client23_transient_nominal_with_learned_kf.npz,29fa9580fc3dd60363e367dc546d52c340432ee0f614586f62101da665135d33,0.11225594154141691,0.6690350052358526,0.33170297683948236,0.49887876435320355,0.14468415265588985,0.4738887307611442,0.7857194946934035,3.8386048605349295e-06,2.0633249086814014e-05,-6.31222537468794e-06,-1.4683841197488736e-05,-3.85168609862565e-06,2.0633249086814014e-05,0.00013634914475821458,-4.124948499890268e-05,-9.592537064430807e-05,-2.316206512112185e-05,-6.31222537468794e-06,-4.124948499890268e-05,3.3516099676053255e-05,3.9363917700107314e-05,1.2157578716425519e-05,-1.4683841197488736e-05,-9.592537064430807e-05,3.9363917700107314e-05,7.581318999266858e-05,1.9287100869481608e-05,-3.85168609862565e-06,-2.316206512112185e-05,1.2157578716425519e-05,1.9287100869481608e-05,6.376709984637977e-06
603,0.01,0,23,transient,nominal_with_true_state,nominal,true_state,all,1,0.12150608862513325,0.39184881951481043,0.08049092836056203,0.10736860644137106,0.04600582230793901,0.009132475409989597,0.020361006954347286,0.39842951955124245,5.37720591116141,0,0,0,True,False,results/data/experiment_10hq/experiment_10hq_seed603_Q0.01_fold0_client23_transient_nominal_with_true_state.npz,ab417083ed2a6dcd4718ceed4608edfc20c9dc8ce40df71e63daa09bedd26e29,0.0,0.0,0.0,0.0,0.0,0.0,0.0,0.0,0.0,0.0,0.0,0.0,0.0,0.0,0.0,0.0,0.0,0.0,0.0,0.0,0.0,0.0,0.0,0.0,0.0,0.0,0.0,0.0,0.0,0.0,0.0,0.0
603,0.01,0,23,transient,learned_with_nominal_kf,learned,nominal_kf,none,1,0.14853819740182103,0.4565927738934596,0.08128777345894095,0.10876511204332633,0.04799518055338124,0.0093093630765573,0.022160085153886025,0.4160634762323093,14.323820855937027,0,0,0,True,False,results/data/experiment_10hq/experiment_10hq_seed603_Q0.01_fold0_client23_transient_learned_with_nominal_kf.npz,e72cf832e2218ffaf3c84a5554c0296953834e00bc31a9d1b4f8350857b930d7,0.28704822426096416,0.8581257300368189,0.4900756044302633,0.1033992208544729,0.19730079468250802,1.45033609850396,0.480971622738454,2.509946499009239e-05,6.964332984915676e-05,3.1249581864080015e-05,3.239990070701798e-06,-1.4799592290763166e-05,6.964332984915676e-05,0.00022431410507920736,0.00011510952799513874,3.0652936859849633e-06,-3.7692794355157015e-05,3.1249581864080015e-05,0.00011510952799513874,7.316121404993282e-05,-2.9748625061707252e-06,-1.2902091604952808e-05,3.239990070701798e-06,3.0652936859849633e-06,-2.9748625061707252e-06,3.2567863386988434e-06,-2.4056481462945615e-06,-1.4799592290763166e-05,-3.7692794355157015e-05,-1.2902091604952808e-05,-2.4056481462945615e-06,1.1858026161735041e-05
603,0.01,0,23,transient,learned_with_learned_kf,learned,learned_kf,none,1,0.11979783850291313,0.3722606919214408,0.02640536232472988,0.060821130719333025,0.023437440453601997,0.03794137614694629,0.013673613470418887,0.41365310807840033,17.29873778322393,0,0,0,True,False,results/data/experiment_10hq/experiment_10hq_seed603_Q0.01_fold0_client23_transient_learned_with_learned_kf.npz,7fbcdd9ce92bd2da6021318baddb89abab09c2f2aa55763196e2e5b74fc5803f,0.09100140745131434,0.4802647311914914,0.24598828578518028,0.3855223160593787,0.12185037970024513,0.3684938102362168,0.5981692264092477,2.522614883479345e-06,1.2045942928904905e-05,-3.7403305256610322e-06,-9.158114214935857e-06,-2.645826086843189e-06,1.2045942928904905e-05,7.026129093042917e-05,-2.196506179312712e-05,-5.3169187493584804e-05,-1.4104205145104631e-05,-3.7403305256610322e-06,-2.196506179312712e-05,1.8432472187497462e-05,2.264354254389499e-05,7.612769324860556e-06,-9.158114214935857e-06,-5.3169187493584804e-05,2.264354254389499e-05,4.5274512210948956e-05,1.265526710206918e-05,-2.645826086843189e-06,-1.4104205145104631e-05,7.612769324860556e-06,1.265526710206918e-05,4.522811719625435e-06
603,0.01,0,23,transient,learned_with_true_state,learned,true_state,all,1,0.1383425675027637,0.4368795182991235,0.08089848331753169,0.10793455645216399,0.046349451188776994,0.009222740815091,0.020480478659700763,0.3998855812848166,2.70251906919257,0,0,0,True,False,results/data/experiment_10hq/experiment_10hq_seed603_Q0.01_fold0_client23_transient_learned_with_true_state.npz,5d1b383eb0fc6ff40ee6caaaa3c4c48981d1f97bab6ecfa94574823a1703d1da,0.0,0.0,0.0,0.0,0.0,0.0,0.0,0.0,0.0,0.0,0.0,0.0,0.0,0.0,0.0,0.0,0.0,0.0,0.0,0.0,0.0,0.0,0.0,0.0,0.0,0.0,0.0,0.0,0.0,0.0,0.0,0.0
603,0.01,0,23,transient,oracle_with_nominal_kf,oracle,nominal_kf,none,1,0.09284771701638872,0.29741422673110196,0.0800709929661264,0.10714764289197586,0.04675999513319256,0.009072373872801682,0.021340965161114302,0.40333920731510353,10.339863536468382,0,0,0,True,False,results/data/experiment_10hq/experiment_10hq_seed603_Q0.01_fold0_client23_transient_oracle_with_nominal_kf.npz,bc448be1d80af7b349e5918f9075ef54ec8d9d2168324670ac3bb633bce96630,0.11296768643541202,0.6208660543890165,0.26033268378131985,0.04347808892717216,0.17998255991674683,0.8495749005018935,0.2563842928072897,3.887435571252602e-06,1.977702778598818e-05,6.5770423419762275e-06,6.130272046428792e-07,-5.278394659064737e-06,1.977702778598818e-05,0.00011742229555855654,4.441309376613414e-05,1.0916241865943424e-06,-2.533828452960674e-05,6.5770423419762275e-06,4.441309376613414e-05,2.0644868755216773e-05,-5.986562172995146e-07,-6.5557915905396135e-06,6.130272046428792e-07,1.0916241865943424e-06,-5.986562172995146e-07,5.758317778178807e-07,-9.667484913823566e-07,-5.278394659064737e-06,-2.533828452960674e-05,-6.5557915905396135e-06,-9.667484913823566e-07,9.867691974602607e-06
603,0.01,0,23,transient,oracle_with_learned_kf,oracle,learned_kf,none,1,0.09145469761591805,0.3124552161522349,0.026139124934544154,0.060214576538673105,0.022930890875902846,0.03749095955282665,0.013445847674538344,0.40168936891584783,11.925627571654212,0,0,0,True,False,results/data/experiment_10hq/experiment_10hq_seed603_Q0.01_fold0_client23_transient_oracle_with_learned_kf.npz,6389885badeb11023a5c3b506a639abbd634990aba9d39335c2d30a38e53e3d4,0.03364936724454423,0.3494017571629935,0.13365373687583,0.16129352671227937,0.11338232425217525,0.21737140193072937,0.2788334892829971,3.449121864755e-07,3.282555525549273e-06,-7.030755998211151e-07,-1.3978558881582883e-06,-8.851314864851419e-07,3.282555525549273e-06,3.718817831217816e-05,-8.684648349995172e-06,-1.6168196584436126e-05,-9.578122676593676e-06,-7.030755998211151e-07,-8.684648349995172e-06,5.441478867862459e-06,5.1585728785756285e-06,3.8299056833239375e-06,-1.3978558881582883e-06,-1.6168196584436126e-05,5.1585728785756285e-06,7.924805482111885e-06,4.934932869550387e-06,-8.851314864851419e-07,-9.578122676593676e-06,3.8299056833239375e-06,4.934932869550387e-06,3.916024913494948e-06
603,0.01,0,23,transient,oracle_with_true_state,oracle,true_state,all,1,0.10417916880041334,0.3412470403971827,0.07985379701337807,0.10654721764958767,0.045556479064282424,0.009017112089222125,0.02015834956124482,0.39459098234513545,1.7742445618123932,0,0,0,True,False,results/data/experiment_10hq/experiment_10hq_seed603_Q0.01_fold0_client23_transient_oracle_with_true_state.npz,57022ceefd1dc0d0734eae9c830cbcda3c0ba359f743fc89fd50d97d4cf88601,0.0,0.0,0.0,0.0,0.0,0.0,0.0,0.0,0.0,0.0,0.0,0.0,0.0,0.0,0.0,0.0,0.0,0.0,0.0,0.0,0.0,0.0,0.0,0.0,0.0,0.0,0.0,0.0,0.0,0.0,0.0,0.0
603,0.01,0,23,transient,learned_with_learned_kf_correct_beta,learned,learned_kf,beta,1,0.11828496071105729,0.37373413799380856,0.02638365306170447,0.060784127607010026,0.023392783099695377,0.03790908744071236,0.013656369540324875,0.4134059384621593,17.253430638601838,0,0,0,True,False,results/data/experiment_10hq/experiment_10hq_seed603_Q0.01_fold0_client23_transient_learned_with_learned_kf_correct_beta.npz,a3a94fc906298c9a975b074c6757122719f662d346f01d0a222dad6617764ed9,0.0,0.4799805787220827,0.24551438413414087,0.38526480320508605,0.12169640908562596,0.38710961901909197,0.5976111573680299,0.0,0.0,0.0,0.0,0.0,0.0,7.017817421656971e-05,-2.194806401033431e-05,-5.3109797380701414e-05,-1.4082682909629044e-05,0.0,-2.194806401033431e-05,1.8361519501919706e-05,2.260761040699294e-05,7.589992584381819e-06,0.0,-5.3109797380701414e-05,2.260761040699294e-05,4.5214049433078105e-05,1.2634422958527744e-05,0.0,-1.4082682909629044e-05,7.589992584381819e-06,1.2634422958527744e-05,4.511388856148351e-06
603,0.01,0,23,transient,learned_with_learned_kf_correct_forces,learned,learned_kf,forces,1,0.14509429227230614,0.4494665339893076,0.02657892086977209,0.06115489581045243,0.023314418198726764,0.03822686527043932,0.013633876727797855,0.4131771937541531,16.684871310066644,0,0,0,True,False,results/data/experiment_10hq/experiment_10hq_seed603_Q0.01_fold0_client23_transient_learned_with_learned_kf_correct_forces.npz,60c7434ba500d54b6e9f3859a74fe8dc39172f2a47b0ada85f44f4abc1eef4fe,0.09162319456457439,0.4828925407459132,0.0,0.0,0.12156811986679851,0.47434256143760517,0.0,2.557205295459424e-06,1.2205251627458091e-05,0.0,0.0,-2.685073884965358e-06,1.2205251627458091e-05,7.103227575614056e-05,0.0,0.0,-1.4296267850108902e-05,0.0,0.0,0.0,0.0,0.0,0.0,0.0,0.0,0.0,0.0,-2.685073884965358e-06,-1.4296267850108902e-05,0.0,0.0,4.501882289796173e-06
603,0.01,0,23,transient,learned_with_learned_kf_correct_beta_forces,learned,learned_kf,beta_forces,1,0.1432775643603055,0.4399373857424007,0.0265567627891134,0.061118257066301265,0.023278546365818,0.038193606615919126,0.013618022356729376,0.4128441869551653,16.56121195299785,0,0,0,True,False,results/data/experiment_10hq/experiment_10hq_seed603_Q0.01_fold0_client23_transient_learned_with_learned_kf_correct_beta_forces.npz,730aaac4597addbbc7793fac257d2bfc1231621627e833535e11c65ea4688e2f,0.0,0.4826124152952099,0.0,0.0,0.12142478169488582,0.3923504696113078,0.0,0.0,0.0,0.0,0.0,0.0,0.0,7.094988816390064e-05,0.0,0.0,-1.4274346399107241e-05,0.0,0.0,0.0,0.0,0.0,0.0,0.0,0.0,0.0,0.0,0.0,-1.4274346399107241e-05,0.0,0.0,4.491272416844794e-06
603,0.01,0,26,broadband,nominal_with_nominal_kf,nominal,nominal_kf,none,1,0.0999112165518956,0.273125935435006,0.042353891332828957,0.04153071556753665,0.022329793512539733,0.013798261025415938,0.014604914746223366,0.23868600305075102,19.86199971552629,0,0,0,True,False,results/data/experiment_10hq/experiment_10hq_seed603_Q0.01_fold0_client26_broadband_nominal_with_nominal_kf.npz,9ede614822aa757625903ae62343b609da414cc1c60b3e045e87415ead0aa6b8,0.17324736582500894,0.4510639039448,0.26639405395056825,0.1491601331737448,0.15855743338283168,0.6585856848294913,0.2245158587001482,9.142985167308786e-06,8.043230597221101e-06,-7.675676288447053e-07,-3.1818415264142184e-06,-4.479597272639424e-06,8.043230597221101e-06,6.19770476078176e-05,2.702732079494609e-05,-1.2484577382091178e-05,-2.3965427016088507e-06,-7.675676288447053e-07,2.702732079494609e-05,2.1617416446134392e-05,-6.519904303921179e-06,4.159837391993688e-06,-3.1818415264142184e-06,-1.2484577382091178e-05,-6.519904303921179e-06,6.777355395431621e-06,3.0747629085359075e-06,-4.479597272639424e-06,-2.3965427016088507e-06,4.159837391993688e-06,3.0747629085359075e-06,7.658221960263105e-06
603,0.01,0,26,broadband,nominal_with_learned_kf,nominal,learned_kf,none,1,0.09979622653233154,0.3020504691574421,0.01409316328849469,0.013666896646685784,0.0309155119428054,0.03026658208293277,0.007388262396243427,0.24960034674034445,27.205600578709948,0,0,0,True,False,results/data/experiment_10hq/experiment_10hq_seed603_Q0.01_fold0_client26_broadband_nominal_with_learned_kf.npz,f6a5f9d73e3a573624a78e57f39c6fdf759d57ac7f48de5cc89c42465d4d9d53,0.05730772051270824,0.1497888128752833,0.35150027963846076,0.32382702894431603,0.07911712893677879,0.7028731273670719,0.6643211668731813,1.0004168629535312e-06,-4.65897164779292e-07,-5.650624928347509e-06,-5.09095085651627e-06,-2.5745452587820055e-07,-4.65897164779292e-07,6.834606148031356e-06,4.86294327951646e-06,2.9614632212037286e-06,1.6940307877604496e-06,-5.650624928347509e-06,4.86294327951646e-06,3.7636227487336894e-05,3.242747192416097e-05,3.510456807003304e-06,-5.09095085651627e-06,2.9614632212037286e-06,3.242747192416097e-05,3.194338425552508e-05,1.5930330359567986e-06,-2.5745452587820055e-07,1.6940307877604496e-06,3.510456807003304e-06,1.5930330359567986e-06,1.9067588592840655e-06
603,0.01,0,26,broadband,nominal_with_true_state,nominal,true_state,all,1,0.12372931625240985,0.35934958989171567,0.042328937235329635,0.041362927836304075,0.020486220453007603,0.01397449024849431,0.011604860553966088,0.19783454484658364,5.718891666470236,0,0,0,True,False,results/data/experiment_10hq/experiment_10hq_seed603_Q0.01_fold0_client26_broadband_nominal_with_true_state.npz,1010b7dea5a661f225135f3dbbb60df8a9f42ced78768d7b88411749d1a16d76,0.0,0.0,0.0,0.0,0.0,0.0,0.0,0.0,0.0,0.0,0.0,0.0,0.0,0.0,0.0,0.0,0.0,0.0,0.0,0.0,0.0,0.0,0.0,0.0,0.0,0.0,0.0,0.0,0.0,0.0,0.0,0.0
603,0.01,0,26,broadband,learned_with_nominal_kf,learned,nominal_kf,none,1,0.11578001935926513,0.31663098640825527,0.04268411773034619,0.04199889130893249,0.02233931087301944,0.013989045377657619,0.013993742602056785,0.222002191805782,13.618044989190533,0,0,0,True,False,results/data/experiment_10hq/experiment_10hq_seed603_Q0.01_fold0_client26_broadband_learned_with_nominal_kf.npz,dc582b6f5cd7f848db89a1ba7d9cc61ec2fabbfaf3d24296e54906c3a6118494,0.1354291939336708,0.3211944015365435,0.19364037968974676,0.11400353194079531,0.128303333819565,0.47720776864799863,0.16270937542634126,5.587008374544604e-06,4.3859475618412865e-06,-4.746862079687226e-07,-1.8806831517877091e-06,-2.970475930330192e-06,4.3859475618412865e-06,3.142611308097697e-05,1.4205087008393214e-05,-6.770683944721235e-06,-1.2753540958607584e-06,-4.746862079687226e-07,1.4205087008393214e-05,1.1422116521206055e-05,-3.658312207427223e-06,2.4229620867042544e-06,-1.8806831517877091e-06,-6.770683944721235e-06,-3.658312207427223e-06,3.959053294425802e-06,1.9966303646253764e-06,-2.970475930330192e-06,-1.2753540958607584e-06,2.4229620867042544e-06,1.9966303646253764e-06,5.0145344300177315e-06
603,0.01,0,26,broadband,learned_with_learned_kf,learned,learned_kf,none,1,0.11341155539005272,0.34221749686329517,0.014210462450327126,0.013710272362261865,0.03115607135345605,0.030534949557532,0.007074768926265321,0.2210981763497983,16.85720032038278,0,0,0,True,False,results/data/experiment_10hq/experiment_10hq_seed603_Q0.01_fold0_client26_broadband_learned_with_learned_kf.npz,b6ab0a779cdd0b7812b6c6abb91c7750087824f3c7043c81e594001cf52cc411,0.0445691082524551,0.10681981984180192,0.2564001267889937,0.24590950074793175,0.0639499981862855,0.5225836123569183,0.49411550738443794,6.050936907722125e-07,-2.5344902135281625e-07,-3.204590476925735e-06,-3.0021257202149403e-06,-1.703496564017702e-07,-2.5344902135281625e-07,3.4758291213230405e-06,2.546415605370035e-06,1.6001576690718553e-06,1.042465992976667e-06,-3.204590476925735e-06,2.546415605370035e-06,2.0025861414937518e-05,1.796292782573811e-05,2.148952124995077e-06,-3.0021257202149403e-06,1.6001576690718553e-06,1.796292782573811e-05,1.8420666987524476e-05,1.037526759434648e-06,-1.703496564017702e-07,1.042465992976667e-06,2.148952124995077e-06,1.037526759434648e-06,1.2457640908399267e-06
603,0.01,0,26,broadband,learned_with_true_state,learned,true_state,all,1,0.1398366980030749,0.4044112475287668,0.04268351176060355,0.04192688492161326,0.02078855156674468,0.014184910737563672,0.011681234810082545,0.19826814082721644,2.6827874910325646,0,0,0,True,False,results/data/experiment_10hq/experiment_10hq_seed603_Q0.01_fold0_client26_broadband_learned_with_true_state.npz,47dbf69844efdb11169abca46e769c1962e14d4435304b010d4a134620fc8724,0.0,0.0,0.0,0.0,0.0,0.0,0.0,0.0,0.0,0.0,0.0,0.0,0.0,0.0,0.0,0.0,0.0,0.0,0.0,0.0,0.0,0.0,0.0,0.0,0.0,0.0,0.0,0.0,0.0,0.0,0.0,0.0
603,0.01,0,26,broadband,oracle_with_nominal_kf,oracle,nominal_kf,none,1,0.0922121076676838,0.27336046731226094,0.04193285504407606,0.04133971229624548,0.021905242378212283,0.013720592767127343,0.0135429793271307,0.209833528197274,9.971744240279556,0,0,0,True,False,results/data/experiment_10hq/experiment_10hq_seed603_Q0.01_fold0_client26_broadband_oracle_with_nominal_kf.npz,f1248d30e45d98e7a3bde0c064331ed9de87690c870136a98cfa48bbc3ecccdb,0.10588863959447833,0.24648469554293734,0.11694474932669287,0.049093136974390925,0.10793039965787168,0.3587467429424312,0.09995370701708015,3.4154935746146625e-06,2.6583943289973665e-06,-2.0981739504405337e-07,-6.285713223329473e-07,-1.9579850391195458e-06,2.6583943289973665e-06,1.8506941518703098e-05,6.481539191804306e-06,-2.221224239987546e-06,-7.939224936003465e-07,-2.0981739504405337e-07,6.481539191804306e-06,4.165970495041264e-06,-9.283927068362167e-07,1.2870554710347896e-06,-6.285713223329473e-07,-2.221224239987546e-06,-9.283927068362167e-07,7.341694395033954e-07,7.294099317335759e-07,-1.9579850391195458e-06,-7.939224936003465e-07,1.2870554710347896e-06,7.294099317335759e-07,3.5484795410689504e-06
603,0.01,0,26,broadband,oracle_with_learned_kf,oracle,learned_kf,none,1,0.09905495631230381,0.30566611927686665,0.014047890790141652,0.013682377842750488,0.030789354972219046,0.03017936648794194,0.006921648605490387,0.20666387018665938,11.561566088837017,0,0,0,True,False,results/data/experiment_10hq/experiment_10hq_seed603_Q0.01_fold0_client26_broadband_oracle_with_learned_kf.npz,815da66aeafd4fabd3870f80f4ed39177e07ec57bbeada3dd78b75e04f3d4d53,0.03484169016226222,0.08327598884923199,0.1532543849131174,0.10644775384129772,0.05456544354336077,0.28970256739437084,0.2552717750092949,3.697882981610344e-07,-1.4385522767467552e-07,-1.4815279040590087e-06,-1.0128427732694352e-06,-1.0949809402079678e-07,-1.4385522767467552e-07,2.1124883954219842e-06,1.1782751443699192e-06,5.238022757171723e-07,7.088998875590607e-07,-1.4815279040590087e-06,1.1782751443699192e-06,7.154520855308424e-06,4.621906547020668e-06,1.1194592987379317e-06,-1.0128427732694352e-06,5.238022757171723e-07,4.621906547020668e-06,3.4516578468958357e-06,3.805721409470868e-07,-1.0949809402079678e-07,7.088998875590607e-07,1.1194592987379317e-06,3.805721409470868e-07,9.069641372763398e-07
603,0.01,0,26,broadband,oracle_with_true_state,oracle,true_state,all,1,0.11557071041081597,0.34742120864632325,0.04189432299987219,0.04112010374856046,0.020328489433080105,0.013873672259878093,0.011499543773491386,0.19406658177482028,1.8039486335266777,0,0,0,True,False,results/data/experiment_10hq/experiment_10hq_seed603_Q0.01_fold0_client26_broadband_oracle_with_true_state.npz,4cfaf6b895c156ab09460e160543858be9c90517253e2ec437344fe13dcfb020,0.0,0.0,0.0,0.0,0.0,0.0,0.0,0.0,0.0,0.0,0.0,0.0,0.0,0.0,0.0,0.0,0.0,0.0,0.0,0.0,0.0,0.0,0.0,0.0,0.0,0.0,0.0,0.0,0.0,0.0,0.0,0.0
603,0.01,0,26,broadband,learned_with_learned_kf_correct_beta,learned,learned_kf,beta,1,0.11171620196163091,0.33745928890782834,0.014183531111584553,0.013699388471757066,0.031097424525612146,0.030481429088639007,0.007060745480684972,0.22045550604596625,16.72253395878647,0,0,0,True,False,results/data/experiment_10hq/experiment_10hq_seed603_Q0.01_fold0_client26_broadband_learned_with_learned_kf_correct_beta.npz,06416b3adaf75e14ce8767397c33b21c048c1218c97e9fa096cbfed5fbe79f3b,0.0,0.1067397771540139,0.25593674824203194,0.24549964519217715,0.06381931295814353,0.5599748988056413,0.49325701843198355,0.0,0.0,0.0,0.0,0.0,0.0,3.4706220264402106e-06,2.5384077288320466e-06,1.5931703893476394e-06,1.0414683038038103e-06,0.0,2.5384077288320466e-06,1.995354343714819e-05,1.7900658584658767e-05,2.1401776588317227e-06,0.0,1.5931703893476394e-06,1.7900658584658767e-05,1.8359314977342255e-05,1.0337678650307506e-06,0.0,1.0414683038038103e-06,2.1401776588317227e-06,1.0337678650307506e-06,1.2406777227157783e-06
603,0.01,0,26,broadband,learned_with_learned_kf_correct_forces,learned,learned_kf,forces,1,0.13523851998908198,0.38658131082062364,0.014498500134899017,0.013685130009310377,0.03166502921378778,0.031151112722205027,0.006814641548111512,0.2190129978122961,15.680902911762518,0,0,0,True,False,results/data/experiment_10hq/experiment_10hq_seed603_Q0.01_fold0_client26_broadband_learned_with_learned_kf_correct_forces.npz,57e7d32b6769ea40bac11c2e6ffff15a5e4eb10002650f69c6706adbbc42962d,0.04546880731869836,0.10658117466398613,0.0,0.0,0.06163693759340519,0.14597441718787318,0.0,6.297698427985316e-07,-2.7474294881524606e-07,0.0,0.0,-1.8064510545903577e-07,-2.7474294881524606e-07,3.460315833955445e-06,0.0,0.0,1.0771821429952462e-06,0.0,0.0,0.0,0.0,0.0,0.0,0.0,0.0,0.0,0.0,-1.8064510545903577e-07,1.0771821429952462e-06,0.0,0.0,1.1572757180391508e-06
603,0.01,0,26,broadband,learned_with_learned_kf_correct_beta_forces,learned,learned_kf,beta_forces,1,0.13316204321728345,0.38150395511015395,0.014470660862860071,0.01367662592366981,0.031605773391585455,0.031095694951953298,0.006801030649319232,0.21818259288992664,15.460134414056634,0,0,0,True,False,results/data/experiment_10hq/experiment_10hq_seed603_Q0.01_fold0_client26_broadband_learned_with_learned_kf_correct_beta_forces.npz,dc1203c012be1b56f7ca5dfb315d3eaaf528eb41b3cbb53aa37d8337467b137d,0.0,0.10652057372105316,0.0,0.0,0.061511894222884,0.14898462968946258,0.0,0.0,0.0,0.0,0.0,0.0,0.0,3.456381953757866e-06,0.0,0.0,1.0762246342875859e-06,0.0,0.0,0.0,0.0,0.0,0.0,0.0,0.0,0.0,0.0,0.0,1.0762246342875859e-06,0.0,0.0,1.152584931143969e-06
603,0.01,0,26,transient,nominal_with_nominal_kf,nominal,nominal_kf,none,1,0.09979472842312558,0.34859625652539944,0.06873312786145959,0.063921144806037,0.026637949991223635,0.014565887748688241,0.016731255079742772,0.46039179520226653,20.24957615911042,0,0,0,True,False,results/data/experiment_10hq/experiment_10hq_seed603_Q0.01_fold0_client26_transient_nominal_with_nominal_kf.npz,8e211b7b2dbf4ac728c941269a55902426c480c76c58c7f8be5b81f382285375,0.2958300132242298,0.7067786651744122,0.37597006984321835,0.1934964783113497,0.17535239659322066,1.0237123239178754,0.2537063896083047,2.665871434175059e-05,4.9591049219928684e-05,8.999874389319879e-06,-1.072026459479975e-05,-1.0352253729638545e-05,4.9591049219928684e-05,0.00015216739225082127,5.943623437431558e-05,-3.62530781303331e-05,-1.2487622747772403e-05,8.999874389319879e-06,5.943623437431558e-05,4.305873644280261e-05,-1.7428297043521748e-05,4.979875577698014e-06,-1.072026459479975e-05,-3.62530781303331e-05,-1.7428297043521748e-05,1.1405146428683093e-05,2.5237653198681605e-06,-1.0352253729638545e-05,-1.2487622747772403e-05,4.979875577698014e-06,2.5237653198681605e-06,9.366517458721298e-06
603,0.01,0,26,transient,nominal_with_learned_kf,nominal,learned_kf,none,1,0.09503100024525961,0.3187089693129805,0.01714599979183913,0.01380411416724841,0.04831008436559787,0.04858611744639062,0.00799839555680598,0.4632573664159808,26.814882412197665,0,0,0,True,False,results/data/experiment_10hq/experiment_10hq_seed603_Q0.01_fold0_client26_transient_nominal_with_learned_kf.npz,e634cd1b11739ad39bf43735db242c73fb25b5f0e9b8ac0acb7f7db185fc324f,0.07221284938178235,0.15301978448222137,0.655416251395596,0.6457661948136499,0.0829228873640566,1.2447328938771718,1.2928221918318246,1.5884871234690183e-06,3.2713043642787196e-07,-1.0141988680044214e-05,-9.600190813720325e-06,-2.016589147739669e-07,3.2713043642787196e-07,7.132633468587542e-06,-6.687020527952752e-06,-8.988358338007202e-06,1.1060257240506441e-06,-1.0141988680044214e-05,-6.687020527952752e-06,0.0001308546459318011,0.00012562495176304486,6.24265430202241e-06,-9.600190813720325e-06,-8.988358338007202e-06,0.00012562495176304486,0.00012702972210426274,3.949424056960285e-06,-2.016589147739669e-07,1.1060257240506441e-06,6.24265430202241e-06,3.949424056960285e-06,2.0946119008108475e-06
603,0.01,0,26,transient,nominal_with_true_state,nominal,true_state,all,1,0.11537956623249972,0.3704706815212837,0.06878329895038762,0.063583962140839,0.025141931211903133,0.0145823014133369,0.013976588648665775,0.439357755797284,5.169898414360906,0,0,0,True,False,results/data/experiment_10hq/experiment_10hq_seed603_Q0.01_fold0_client26_transient_nominal_with_true_state.npz,3c2549b11a786a6411875b4fe5de928eff92b162638433c2be98325253dbf8f6,0.0,0.0,0.0,0.0,0.0,0.0,0.0,0.0,0.0,0.0,0.0,0.0,0.0,0.0,0.0,0.0,0.0,0.0,0.0,0.0,0.0,0.0,0.0,0.0,0.0,0.0,0.0,0.0,0.0,0.0,0.0,0.0
603,0.01,0,26,transient,learned_with_nominal_kf,learned,nominal_kf,none,1,0.11702691219841592,0.3898388066568479,0.0690389538859132,0.06429296147256028,0.026734817080628453,0.014691500186493057,0.01618672293149032,0.4524184122348172,14.006741153796023,0,0,0,True,False,results/data/experiment_10hq/experiment_10hq_seed603_Q0.01_fold0_client26_transient_learned_with_nominal_kf.npz,19b0e09644cce2cab863fa4f7d8b164e8a860c8d93171cc0c54889d3f2520d88,0.24221234564593974,0.5083829414119512,0.27815179737497436,0.14995697280307577,0.14361688807434375,0.7526515428304426,0.18374487044727156,1.7870935452253626e-05,2.9262127439587954e-05,5.495905275957512e-06,-6.800848252095594e-06,-7.184149472583193e-06,2.9262127439587954e-05,7.87293515250276e-05,3.186338278876578e-05,-2.022371378791249e-05,-7.408775852778378e-06,5.495905275957512e-06,3.186338278876578e-05,2.3567769199256e-05,-1.0066591143774009e-05,3.075509913047175e-06,-6.800848252095594e-06,-2.022371378791249e-05,-1.0066591143774009e-05,6.8499604590389435e-06,1.6171539304364432e-06,-7.184149472583193e-06,-7.408775852778378e-06,3.075509913047175e-06,1.6171539304364432e-06,6.282981187752606e-06
603,0.01,0,26,transient,learned_with_learned_kf,learned,learned_kf,none,1,0.10447015388740172,0.3518199551368394,0.017196180405963452,0.013818793737400357,0.04853516579482846,0.04881517622200831,0.007715140798020792,0.4501862087878309,16.996301854567093,0,0,0,True,False,results/data/experiment_10hq/experiment_10hq_seed603_Q0.01_fold0_client26_transient_learned_with_learned_kf.npz,c8e216c2ae0585015d0ac8d756d6eab4e593c80c6aae9f10f3873c3f492864fe,0.05777368370564497,0.10997558769300511,0.48425731783340237,0.4989656043003969,0.06770064968634636,0.9425756918259138,0.9769598931216688,1.0167515756474537e-06,2.079263505509626e-07,-5.901235786210375e-06,-5.840223042343591e-06,-1.1996005348877849e-07,2.079263505509626e-07,3.684234949886273e-06,-3.602197753453655e-06,-5.058543370202607e-06,6.875763208732613e-07,-5.901235786210375e-06,-3.602197753453655e-06,7.143435368167908e-05,7.173417472775339e-05,3.907540211653754e-06,-5.840223042343591e-06,-5.058543370202607e-06,7.173417472775339e-05,7.583958593048586e-05,2.617902009492279e-06,-1.1996005348877849e-07,6.875763208732613e-07,3.907540211653754e-06,2.617902009492279e-06,1.3961767705052089e-06
603,0.01,0,26,transient,learned_with_true_state,learned,true_state,all,1,0.13005444619446638,0.40934936675239275,0.06909913114968734,0.063976768353404,0.025413180823604005,0.014711879622463587,0.01406080134109921,0.44100087108042957,2.6360326440008794,0,0,0,True,False,results/data/experiment_10hq/experiment_10hq_seed603_Q0.01_fold0_client26_transient_learned_with_true_state.npz,d16cfd5ed68bb8f0785aabe2f2b5af08bf3747b2b2468cd430559711daa04d43,0.0,0.0,0.0,0.0,0.0,0.0,0.0,0.0,0.0,0.0,0.0,0.0,0.0,0.0,0.0,0.0,0.0,0.0,0.0,0.0,0.0,0.0,0.0,0.0,0.0,0.0,0.0,0.0,0.0,0.0,0.0,0.0
603,0.01,0,26,transient,oracle_with_nominal_kf,oracle,nominal_kf,none,1,0.08466765330987935,0.31026449214064905,0.06836752488106415,0.06358496608191151,0.026250282168449976,0.01445688616231053,0.015705833237099256,0.44316882627151044,10.272657925895636,0,0,0,True,False,results/data/experiment_10hq/experiment_10hq_seed603_Q0.01_fold0_client26_transient_oracle_with_nominal_kf.npz,1698297283302e39b6e31cd281cac9c9537d24a4360576592e5676a31f6fc0c0,0.20245654361832552,0.39291390982405966,0.17346344489109383,0.06619111595275186,0.12232010515950499,0.5982943352491435,0.12791511177252388,1.2485857429187777e-05,1.9087375508349274e-05,2.926949612155531e-06,-2.5061970455414904e-06,-5.159301668486253e-06,1.9087375508349274e-05,4.702724561644551e-05,1.525441367176742e-05,-6.869816101734026e-06,-5.016265098394586e-06,2.926949612155531e-06,1.525441367176742e-05,9.165806174762e-06,-2.7580906081642775e-06,1.6608807423532691e-06,-2.5061970455414904e-06,-6.869816101734026e-06,-2.7580906081642775e-06,1.3346092836255688e-06,6.14250673721852e-07,-5.159301668486253e-06,-5.016265098394586e-06,1.6608807423532691e-06,6.14250673721852e-07,4.557749233724626e-06
603,0.01,0,26,transient,oracle_with_learned_kf,oracle,learned_kf,none,1,0.0904916150622739,0.2980703667592719,0.01711233110743598,0.013803703837693334,0.04817510412754126,0.04847151509187735,0.007511375059321258,0.4407691853403782,11.79133034597067,0,0,0,True,False,results/data/experiment_10hq/experiment_10hq_seed603_Q0.01_fold0_client26_transient_oracle_with_learned_kf.npz,905fd4c62525e1f58d3830f43fa089354d6c9b854700862c389fbf8b0081f922,0.04731095891667313,0.08594424719458207,0.30330430762340393,0.22267135180113792,0.05798344012903095,0.5040433446889421,0.5227192878978206,6.818333446951951e-07,1.4481576237943553e-07,-2.8847346949595473e-06,-2.065240932613771e-06,-6.755247050808969e-08,1.4481576237943553e-07,2.250030260181812e-06,-1.8324943866896997e-06,-1.793628944964933e-06,4.6742776261867443e-07,-2.8847346949595473e-06,-1.8324943866896997e-06,2.8022823527980358e-05,2.0052876406199695e-05,2.1212324224681456e-06,-2.065240932613771e-06,-1.793628944964933e-06,2.0052876406199695e-05,1.5103702633196367e-05,1.011534354118954e-06,-6.755247050808969e-08,4.6742776261867443e-07,2.1212324224681456e-06,1.011534354118954e-06,1.0241479303781927e-06
603,0.01,0,26,transient,oracle_with_true_state,oracle,true_state,all,1,0.10229370089578742,0.3270408541868289,0.06839596029597485,0.06318071078364111,0.024902654246138828,0.014458740865843861,0.01385050954350371,0.43616828716783834,1.8310758537353655,0,0,0,True,False,results/data/experiment_10hq/experiment_10hq_seed603_Q0.01_fold0_client26_transient_oracle_with_true_state.npz,628c223f2ff8b0cced59b0a2cbf41d569e5a2828a52a0b0f1634913b93965750,0.0,0.0,0.0,0.0,0.0,0.0,0.0,0.0,0.0,0.0,0.0,0.0,0.0,0.0,0.0,0.0,0.0,0.0,0.0,0.0,0.0,0.0,0.0,0.0,0.0,0.0,0.0,0.0,0.0,0.0,0.0,0.0
603,0.01,0,26,transient,learned_with_learned_kf_correct_beta,learned,learned_kf,beta,1,0.1041367776424449,0.3541938398331942,0.017184270838124086,0.013813636924414436,0.04850495864052693,0.04878843052751008,0.007702221096004974,0.4499370130644314,16.89170455700301,0,0,0,True,False,results/data/experiment_10hq/experiment_10hq_seed603_Q0.01_fold0_client26_transient_learned_with_learned_kf_correct_beta.npz,aea907bcdc408da2eb08d1448f2a6a55f3bc7de85db34fa64a62d4afe53fbef7,0.0,0.10993247311903853,0.4840242838677528,0.49878652878857105,0.06758615684274488,0.9801164336319671,0.9765687579857952,0.0,0.0,0.0,0.0,0.0,0.0,3.681346798304108e-06,-3.6120422192618935e-06,-5.06580838451177e-06,6.870384981868493e-07,0.0,-3.6120422192618935e-06,7.13656190450749e-05,7.167937737137501e-05,3.897503027160547e-06,0.0,-5.06580838451177e-06,7.167937737137501e-05,7.57851590301883e-05,2.614185455846787e-06,0.0,6.870384981868493e-07,3.897503027160547e-06,2.614185455846787e-06,1.3914584382218493e-06
603,0.01,0,26,transient,learned_with_learned_kf_correct_forces,learned,learned_kf,forces,1,0.12745692276859932,0.4157422835266352,0.01731608799533869,0.013765607080990434,0.04895533137247421,0.04929406118138112,0.007487563330784997,0.45080545326345467,15.6581486323359,0,0,0,True,False,results/data/experiment_10hq/experiment_10hq_seed603_Q0.01_fold0_client26_transient_learned_with_learned_kf_correct_forces.npz,38b19f145f0ad4b685d0538549a5ae26b5ce0594c1276474a80a17a2af942c6a,0.05820179254638484,0.10950391173278505,0.0,0.0,0.06574233629464794,0.15789467916258035,0.0,1.0318758691326096e-06,2.057383379577052e-07,0.0,0.0,-1.239439742602326e-07,2.057383379577052e-07,3.652699978705318e-06,0.0,0.0,7.147984030313484e-07,0.0,0.0,0.0,0.0,0.0,0.0,0.0,0.0,0.0,0.0,-1.239439742602326e-07,7.147984030313484e-07,0.0,0.0,1.316573175710813e-06
603,0.01,0,26,transient,learned_with_learned_kf_correct_beta_forces,learned,learned_kf,beta_forces,1,0.12660366624823138,0.4075507552245099,0.017303783720859233,0.013762926747349575,0.04892536275305972,0.049266330713755066,0.007476165939307728,0.45048484399911576,15.474884441678565,0,0,0,True,False,results/data/experiment_10hq/experiment_10hq_seed603_Q0.01_fold0_client26_transient_learned_with_learned_kf_correct_beta_forces.npz,1e7ec0aa0d5df6d100b9631fe00fc453a315a193cc057fb422fddf66c7bf692d,0.0,0.10948174774364824,0.0,0.0,0.06564068687208897,0.14486320176041556,0.0,0.0,0.0,0.0,0.0,0.0,0.0,3.6512214888828107e-06,0.0,0.0,7.143879142031363e-07,0.0,0.0,0.0,0.0,0.0,0.0,0.0,0.0,0.0,0.0,0.0,7.143879142031363e-07,0.0,0.0,1.3125050074989098e-06
603,0.01,0,29,broadband,nominal_with_nominal_kf,nominal,nominal_kf,none,1,0.12407552073042477,0.3809365346980933,0.05152501153933282,0.0679644654358251,0.0320608695230273,0.01468045110054764,0.019533315076144944,0.22494886111953102,20.106620166158013,0,0,0,True,False,results/data/experiment_10hq/experiment_10hq_seed603_Q0.01_fold0_client29_broadband_nominal_with_nominal_kf.npz,42aaffd1169979319ff602c56617427702bebd8780abd2740a98021cb5df3904,0.21066193355155394,0.737076247305789,0.37791844615206527,0.15744672313499272,0.21298867792056367,1.0018277816556451,0.3051640410951089,1.3518449008580893e-05,3.284974031161507e-05,5.941360202757377e-06,-4.663439740032676e-06,-1.0079759118348772e-05,3.284974031161507e-05,0.00016549297656270255,6.375983684075283e-05,-2.297321345906228e-05,-2.6461192449365776e-05,5.941360202757377e-06,6.375983684075283e-05,4.350617633643864e-05,-1.1344977840403948e-05,-2.1305863382621044e-06,-4.663439740032676e-06,-2.297321345906228e-05,-1.1344977840403948e-05,7.551304579954395e-06,6.024411940097753e-06,-1.0079759118348772e-05,-2.6461192449365776e-05,-2.1305863382621044e-06,6.024411940097753e-06,1.3818718524833889e-05
603,0.01,0,29,broadband,nominal_with_learned_kf,nominal,learned_kf,none,1,0.11094220107700097,0.32968509776531807,0.02198102400594508,0.038299481972043664,0.024202074030678818,0.03269269939419307,0.011750709774295867,0.2349503601183107,27.496573139424424,0,0,0,True,False,results/data/experiment_10hq/experiment_10hq_seed603_Q0.01_fold0_client29_broadband_nominal_with_learned_kf.npz,c4e78dd5253ccc9a7c456bd184b9f5e8769a8f87d6ce9703bf442fafd53acf51,0.08948016639728838,0.4155915045151032,0.28238024038389126,0.34991080594213103,0.12818889271272738,0.46495146544939897,0.5917862666761373,2.4389803493763114e-06,9.460348401670174e-06,-6.055258436670326e-06,-8.845116132926344e-06,-2.6516797506040954e-06,9.460348401670174e-06,5.2612393242296836e-05,-1.5937943233638527e-05,-3.6736868146271785e-05,-9.641739111820512e-06,-6.055258436670326e-06,-1.5937943233638527e-05,2.4289766637919096e-05,2.2546991410506852e-05,8.838449128858884e-06,-8.845116132926344e-06,-3.6736868146271785e-05,2.2546991410506852e-05,3.729661730264219e-05,1.1127217023180289e-05,-2.6516797506040954e-06,-9.641739111820512e-06,8.838449128858884e-06,1.1127217023180289e-05,5.005592917430643e-06
603,0.01,0,29,broadband,nominal_with_true_state,nominal,true_state,all,1,0.13425428373095938,0.3687404991673685,0.05097277197635521,0.06674128963869477,0.02946452995874249,0.014678816603581083,0.01675723813929643,0.17510124254110204,6.965231231827729,0,0,0,True,False,results/data/experiment_10hq/experiment_10hq_seed603_Q0.01_fold0_client29_broadband_nominal_with_true_state.npz,3e49529bf8a13e1e5850c6675f8d1a6fcc4933c0c4050952051d12de5679c9a5,0.0,0.0,0.0,0.0,0.0,0.0,0.0,0.0,0.0,0.0,0.0,0.0,0.0,0.0,0.0,0.0,0.0,0.0,0.0,0.0,0.0,0.0,0.0,0.0,0.0,0.0,0.0,0.0,0.0,0.0,0.0,0.0
603,0.01,0,29,broadband,learned_with_nominal_kf,learned,nominal_kf,none,1,0.14151949553875326,0.4260247918677369,0.05195032943398513,0.06856086326898496,0.03217349160109618,0.014895987710179697,0.019106494568280504,0.20599276749933212,13.917905754681819,0,0,0,True,False,results/data/experiment_10hq/experiment_10hq_seed603_Q0.01_fold0_client29_broadband_learned_with_nominal_kf.npz,8f72ab189e96e893292cb3106397b846fa4ce532144fd7f28970b8b629684a09,0.16465992590587222,0.5228141745062538,0.2746069002785261,0.1203004422313772,0.17599141702137205,0.7125329428722015,0.21987964494490322,8.25905896009685e-06,1.805757859874411e-05,3.3154605038690264e-06,-2.7704090509489566e-06,-6.699406708516735e-06,1.805757859874411e-05,8.326249919178988e-05,3.325802212305795e-05,-1.2401858050538759e-05,-1.5684996726320373e-05,3.3154605038690264e-06,3.325802212305795e-05,2.2970879680524132e-05,-6.326003332545034e-06,-1.5113113737912905e-06,-2.7704090509489566e-06,-1.2401858050538759e-05,-6.326003332545034e-06,4.408483126338887e-06,3.922627675262835e-06,-6.699406708516735e-06,-1.5684996726320373e-05,-1.5113113737912905e-06,3.922627675262835e-06,9.434908905022582e-06
603,0.01,0,29,broadband,learned_with_learned_kf,learned,learned_kf,none,1,0.12752037567957453,0.37311742850154184,0.02216445605707527,0.03854999180921293,0.024411773884032678,0.03301719951549249,0.011617849332982214,0.20379373928393302,16.99834094885012,0,0,0,True,False,results/data/experiment_10hq/experiment_10hq_seed603_Q0.01_fold0_client29_broadband_learned_with_learned_kf.npz,ea077d1ad705f18ba647b89bdf298b642b7a9fc93fb3bb7c39b116a0563e3aed,0.06964005903056117,0.29432595867452055,0.20646341054006484,0.26600112494133354,0.10693695937965159,0.35587649672661964,0.44255960543560857,1.4773146219126492e-06,5.2039639555008864e-06,-3.453738246976569e-06,-5.231734794480327e-06,-1.7575490764753316e-06,5.2039639555008864e-06,2.6388327763946737e-05,-8.166680860991728e-06,-1.9701522605902215e-05,-5.754903389074964e-06,-3.453738246976569e-06,-8.166680860991728e-06,1.2984969366737965e-05,1.25617013627892e-05,5.4490635567848146e-06,-5.231734794480327e-06,-1.9701522605902215e-05,1.25617013627892e-05,2.1553692458832304e-05,7.1971255340199965e-06,-1.7575490764753316e-06,-5.754903389074964e-06,5.4490635567848146e-06,7.1971255340199965e-06,3.483456549706121e-06
603,0.01,0,29,broadband,learned_with_true_state,learned,true_state,all,1,0.152639995941903,0.41621010701078087,0.05146321504018421,0.06746267154960749,0.02990572596594204,0.01492375689023699,0.016909878102722216,0.17431765369064747,2.8002915903481784,0,0,0,True,False,results/data/experiment_10hq/experiment_10hq_seed603_Q0.01_fold0_client29_broadband_learned_with_true_state.npz,07a692d7c43eaa763ad3da34bed579fc6e132551d611106522415b5a5ec6fbf0,0.0,0.0,0.0,0.0,0.0,0.0,0.0,0.0,0.0,0.0,0.0,0.0,0.0,0.0,0.0,0.0,0.0,0.0,0.0,0.0,0.0,0.0,0.0,0.0,0.0,0.0,0.0,0.0,0.0,0.0,0.0,0.0
603,0.01,0,29,broadband,oracle_with_nominal_kf,oracle,nominal_kf,none,1,0.09281239760807607,0.2794932582067476,0.05009492865071939,0.06620183077217281,0.030691137349912658,0.014282091394313075,0.01805484608271445,0.18675224485954248,9.788901237198653,0,0,0,True,False,results/data/experiment_10hq/experiment_10hq_seed603_Q0.01_fold0_client29_broadband_oracle_with_nominal_kf.npz,54b8210463b1ed4ca45d5536f9aaf2ef2660ea82bb80ebb65eb92a064b110412,0.04697412136274248,0.35918511359723965,0.14564627398904773,0.04654228768643503,0.1481173533715366,0.4292921409401585,0.12205752489869118,6.721590744436587e-07,3.4859981435162597e-06,4.926648154314296e-07,-2.99274982177779e-07,-1.6069650798687918e-06,3.4859981435162597e-06,3.9299895295194735e-05,1.2124995612708477e-05,-3.2754886889438957e-06,-9.058675611156698e-06,4.926648154314296e-07,1.2124995612708477e-05,6.4617997119497704e-06,-1.2917274705458466e-06,-6.796024331673794e-07,-2.99274982177779e-07,-3.2754886889438957e-06,-1.2917274705458466e-06,6.598575462969763e-07,1.2889946243636726e-06,-1.6069650798687918e-06,-9.058675611156698e-06,-6.796024331673794e-07,1.2889946243636726e-06,6.682925530989715e-06
603,0.01,0,29,broadband,oracle_with_learned_kf,oracle,learned_kf,none,1,0.09735065089364417,0.3014460593492689,0.021552116478625313,0.03762043837004271,0.023647623143952995,0.032065739946325465,0.011245629669638619,0.18364842813610524,11.23338547945432,0,0,0,True,False,results/data/experiment_10hq/experiment_10hq_seed603_Q0.01_fold0_client29_broadband_oracle_with_learned_kf.npz,69d038f9e6bf21d0d26fe561760fc12efb97b1b00d7330eee54aa5747d48d327,0.019350508734730047,0.20451565774032598,0.11139956695574922,0.10416471281110481,0.09211153983293481,0.20909208383193326,0.20134947186317334,1.1406161325706108e-07,9.99848813807679e-07,-5.159973160222518e-07,-5.696533127836982e-07,-4.1892886761195195e-07,9.99848813807679e-07,1.2741127499283814e-05,-2.9836003623148696e-06,-5.32935784509409e-06,-3.3788324930587157e-06,-5.159973160222518e-07,-2.9836003623148696e-06,3.7802606047365712e-06,2.6321167111439002e-06,2.53837634821133e-06,-5.696533127836982e-07,-5.32935784509409e-06,2.6321167111439002e-06,3.3051865502152233e-06,2.422302061997636e-06,-4.1892886761195195e-07,-3.3788324930587157e-06,2.53837634821133e-06,2.422302061997636e-06,2.5845373944655567e-06
603,0.01,0,29,broadband,oracle_with_true_state,oracle,true_state,all,1,0.11528895884293108,0.34356116710901685,0.04983981610602717,0.06538687269791195,0.028810216636317935,0.014356518241775128,0.016386729992668422,0.1679969584792186,1.6995912210022632,0,0,0,True,False,results/data/experiment_10hq/experiment_10hq_seed603_Q0.01_fold0_client29_broadband_oracle_with_true_state.npz,5b528e0c3eeb06d60609a849fbcebbf6c1ec0191ccb76b99436285e97dd67603,0.0,0.0,0.0,0.0,0.0,0.0,0.0,0.0,0.0,0.0,0.0,0.0,0.0,0.0,0.0,0.0,0.0,0.0,0.0,0.0,0.0,0.0,0.0,0.0,0.0,0.0,0.0,0.0,0.0,0.0,0.0,0.0
603,0.01,0,29,broadband,learned_with_learned_kf_correct_beta,learned,learned_kf,beta,1,0.12430645834967398,0.36009943197508537,0.022101397802922328,0.03845125628245495,0.024341911082918916,0.03292692168762446,0.011590409350702135,0.20318894560179984,16.922636234771748,0,0,0,True,False,results/data/experiment_10hq/experiment_10hq_seed603_Q0.01_fold0_client29_broadband_learned_with_learned_kf_correct_beta.npz,122db08fa43f447c8580e21523f784ee7174034e6aa4a48f3313d8161e80e156,0.0,0.2935785742454886,0.20588288991603976,0.26530457408209907,0.10668017631183338,0.39424155276910183,0.44136308389548634,0.0,0.0,0.0,0.0,0.0,0.0,2.625448170456523e-05,-8.121393243685644e-06,-1.959457146243002e-05,-5.720039183389559e-06,0.0,-8.121393243685644e-06,1.2912051409925082e-05,1.2493440320714715e-05,5.4199942255663486e-06,0.0,-1.959457146243002e-05,1.2493440320714715e-05,2.1440959205111865e-05,7.158244299650882e-06,0.0,-5.720039183389559e-06,5.4199942255663486e-06,7.158244299650882e-06,3.4667472901297214e-06
603,0.01,0,29,broadband,learned_with_learned_kf_correct_forces,learned,learned_kf,forces,1,0.15592443351491417,0.4528028751459813,0.022549336058785577,0.03901267890691952,0.0245399182756414,0.033639619629714415,0.01152933505582154,0.20038200990576935,16.298132448630152,0,0,0,True,False,results/data/experiment_10hq/experiment_10hq_seed603_Q0.01_fold0_client29_broadband_learned_with_learned_kf_correct_forces.npz,a56712ee8a050f9062f83e3b64a9bd803afc067bf6dc0321b90ef4856c0f1e15,0.07084551500462635,0.29779697061893806,0.0,0.0,0.10633479841741554,0.29859969960867133,0.0,1.5289013304890136e-06,5.366392119625473e-06,0.0,0.0,-1.8236247336003173e-06,5.366392119625473e-06,2.7014397516776897e-05,0.0,0.0,-5.956469225933321e-06,0.0,0.0,0.0,0.0,0.0,0.0,0.0,0.0,0.0,0.0,-1.8236247336003173e-06,-5.956469225933321e-06,0.0,0.0,3.4443363844571416e-06
603,0.01,0,29,broadband,learned_with_learned_kf_correct_beta_forces,learned,learned_kf,beta_forces,1,0.15240397196539718,0.4389949596331685,0.022484461078414782,0.03891384567122793,0.02447200572471341,0.0335464516463292,0.011500338662282446,0.19952727219294125,16.13104313028084,0,0,0,True,False,results/data/experiment_10hq/experiment_10hq_seed603_Q0.01_fold0_client29_broadband_learned_with_learned_kf_correct_beta_forces.npz,15b21e728e730985dd17ee79a98f0c807fe66795493e6de94d7d24a618b6cb87,0.0,0.29705060378399206,0.0,0.0,0.10606403044165658,0.246208875654787,0.0,0.0,0.0,0.0,0.0,0.0,0.0,2.6879155149714688e-05,0.0,0.0,-5.92021355609804e-06,0.0,0.0,0.0,0.0,0.0,0.0,0.0,0.0,0.0,0.0,0.0,-5.92021355609804e-06,0.0,0.0,3.4268175926637916e-06
603,0.01,0,29,transient,nominal_with_nominal_kf,nominal,nominal_kf,none,1,0.13032672471153434,0.38700564323332987,0.08378542320126088,0.11777275228741772,0.04243347682055901,0.01387364059586057,0.023107283880283085,0.41855093242164443,20.862691948721658,0,0,0,True,False,results/data/experiment_10hq/experiment_10hq_seed603_Q0.01_fold0_client29_transient_nominal_with_nominal_kf.npz,c8e7524de7dbb943daa9682175e3920d5263439e53577ef517dd8f960275a266,0.36128148011590083,1.3005056486242164,0.5922262440809953,0.18277645761670727,0.24338789642278383,1.8320721339490522,0.44282387177568866,3.975997788424806e-05,0.00013130372145250284,3.885405599721403e-05,-1.295520542691629e-05,-2.2220331765142235e-05,0.00013130372145250284,0.0005152039937102726,0.00019375331414968133,-5.8642683353982116e-05,-6.856917101937458e-05,3.885405599721403e-05,0.00019375331414968133,0.00010683905378001595,-2.8641070500870413e-05,-1.339342256989071e-05,-1.295520542691629e-05,-5.8642683353982116e-05,-2.8641070500870413e-05,1.017642525846597e-05,6.721058264301841e-06,-2.2220331765142235e-05,-6.856917101937458e-05,-1.339342256989071e-05,6.721058264301841e-06,1.8044825618451673e-05
603,0.01,0,29,transient,nominal_with_learned_kf,nominal,learned_kf,none,1,0.10141508998819307,0.32983258620387695,0.028993117433548297,0.0705931530456349,0.030679014009444776,0.05042969719186537,0.014779939427508023,0.42314340009863255,28.05380298930461,0,0,0,True,False,results/data/experiment_10hq/experiment_10hq_seed603_Q0.01_fold0_client29_transient_nominal_with_learned_kf.npz,808c5a07eb8ceeccfeeb2b34b085c12f230b0485dfa9bb7379feaa5d25c3171e,0.12320635175279412,0.7794843937920297,0.4352002680240051,0.6662344766389134,0.1556710912169582,0.5860632272518601,1.0597898146256466,4.624033066153576e-06,2.6470402928423532e-05,-1.1281426340610474e-05,-2.2236869017016383e-05,-4.630444827713133e-06,2.6470402928423532e-05,0.0001850843014736932,-7.16972322926293e-05,-0.00015043410576719924,-2.8427097911813755e-05,-1.1281426340610474e-05,-7.16972322926293e-05,5.769431793851877e-05,7.461402650692713e-05,1.770221505044833e-05,-2.2236869017016383e-05,-0.00015043410576719924,7.461402650692713e-05,0.0001352100399893338,2.7236702829357692e-05,-4.630444827713133e-06,-2.8427097911813755e-05,1.770221505044833e-05,2.7236702829357692e-05,7.381942782154006e-06
603,0.01,0,29,transient,nominal_with_true_state,nominal,true_state,all,1,0.12392113244605403,0.39558792172909296,0.08344886118895109,0.11695151220775418,0.040540308853534615,0.013760968397352654,0.020721335549584264,0.39265874266968787,6.681440393883343,0,0,0,True,False,results/data/experiment_10hq/experiment_10hq_seed603_Q0.01_fold0_client29_transient_nominal_with_true_state.npz,9128366227bf3c68e304cd359fbed0895bbd8da938ab782736292c7ebba6d932,0.0,0.0,0.0,0.0,0.0,0.0,0.0,0.0,0.0,0.0,0.0,0.0,0.0,0.0,0.0,0.0,0.0,0.0,0.0,0.0,0.0,0.0,0.0,0.0,0.0,0.0,0.0,0.0,0.0,0.0,0.0,0.0
603,0.01,0,29,transient,learned_with_nominal_kf,learned,nominal_kf,none,1,0.15084397568236813,0.43510053804388654,0.08416781576542105,0.11833350711961729,0.04257633891472524,0.013999199886764515,0.022659177424459186,0.4086372885399055,14.388902637681444,0,0,0,True,False,results/data/experiment_10hq/experiment_10hq_seed603_Q0.01_fold0_client29_transient_learned_with_nominal_kf.npz,be93b12ffdc00b0047ced02c3ca851b86749e2fca8c99733443e438074f75fc5,0.2963532358640295,0.9334632281728649,0.4375804990327061,0.14161467957471038,0.2019630994630206,1.3318116415355246,0.32157584877097567,2.675309812495242e-05,7.736390266985836e-05,2.3505652167087786e-05,-8.163764969993227e-06,-1.5474732524095175e-05,7.736390266985836e-05,0.000265429484851517,0.0001030354756613443,-3.254618676489603e-05,-4.151085042758547e-05,2.3505652167087786e-05,0.0001030354756613443,5.832713621168276e-05,-1.6467676214224423e-05,-8.489415154693446e-06,-8.163764969993227e-06,-3.254618676489603e-05,-1.6467676214224423e-05,6.109016290582037e-06,4.379040984991186e-06,-1.5474732524095175e-05,-4.151085042758547e-05,-8.489415154693446e-06,4.379040984991186e-06,1.2425068431028238e-05
603,0.01,0,29,transient,learned_with_learned_kf,learned,learned_kf,none,1,0.11812168263640944,0.36941072640451666,0.029106306892508843,0.0708845798088187,0.030843744231351083,0.0506772809005055,0.014652489301884711,0.4068790189118375,17.57832300870013,0,0,0,True,False,results/data/experiment_10hq/experiment_10hq_seed603_Q0.01_fold0_client29_transient_learned_with_learned_kf.npz,6a9395603045c5c6fb32f2f1d93683894f96938bc4ab366cb3008c71404fc329,0.09942155909771384,0.559333276665284,0.3229284905524641,0.5146206626039326,0.13052316397577773,0.4640400052486119,0.806432414262641,3.0110354859600063e-06,1.5417007752862932e-05,-6.723539418065967e-06,-1.3888850717491989e-05,-3.1797158612443077e-06,1.5417007752862932e-05,9.530069124668408e-05,-3.803200469427721e-05,-8.328574468609255e-05,-1.727166295814486e-05,-6.723539418065967e-06,-3.803200469427721e-05,3.1766360513503884e-05,4.28316465244839e-05,1.109338128783954e-05,-1.3888850717491989e-05,-8.328574468609255e-05,4.28316465244839e-05,8.067317963423678e-05,1.7866183704028583e-05,-3.1797158612443077e-06,-1.727166295814486e-05,1.109338128783954e-05,1.7866183704028583e-05,5.189552632060314e-06
603,0.01,0,29,transient,learned_with_true_state,learned,true_state,all,1,0.1419921196674068,0.4418578416303457,0.08386940130441206,0.11755789805586736,0.0408896185647076,0.013896168203550293,0.020833218105373107,0.39356498041085164,2.9017498574302008,0,0,0,True,False,results/data/experiment_10hq/experiment_10hq_seed603_Q0.01_fold0_client29_transient_learned_with_true_state.npz,c5f71f786cb926d022ba4ee13bf10a9d3bea26689ffab0b9d6d3076fcf4e3b77,0.0,0.0,0.0,0.0,0.0,0.0,0.0,0.0,0.0,0.0,0.0,0.0,0.0,0.0,0.0,0.0,0.0,0.0,0.0,0.0,0.0,0.0,0.0,0.0,0.0,0.0,0.0,0.0,0.0,0.0,0.0,0.0
603,0.01,0,29,transient,oracle_with_nominal_kf,oracle,nominal_kf,none,1,0.08705099936533853,0.2714872361793517,0.08273699599318385,0.11642974993825896,0.041391354531709036,0.013588523273371714,0.02179575857662203,0.39560620677928304,10.041193602799108,0,0,0,True,False,results/data/experiment_10hq/experiment_10hq_seed603_Q0.01_fold0_client29_transient_oracle_with_nominal_kf.npz,e2c130330cd241fafc5085a7af091b4ce745f71705a4acb7253b6f2ee428b38b,0.11584406767678655,0.6603330753299911,0.24740191012743884,0.05694323319687664,0.174772155858289,0.8216195213281201,0.19971544053540058,4.087919476534427e-06,2.1358698402578087e-05,5.201468709500013e-06,-1.22956631191648e-06,-5.187432060059222e-06,2.1358698402578087e-05,0.0001328253097759494,4.1236687839749774e-05,-9.18718571427975e-06,-2.581056940030326e-05,5.201468709500013e-06,4.1236687839749774e-05,1.8644933209199606e-05,-3.7413080660822777e-06,-4.283191423369036e-06,-1.22956631191648e-06,-9.18718571427975e-06,-3.7413080660822777e-06,9.87731672598438e-07,1.5344449661745116e-06,-5.187432060059222e-06,-2.581056940030326e-05,-4.283191423369036e-06,1.5344449661745116e-06,9.30463244146119e-06
603,0.01,0,29,transient,oracle_with_learned_kf,oracle,learned_kf,none,1,0.08481398719847043,0.26787262685073615,0.0287552319696302,0.07007806494589587,0.03022288991213347,0.04997305069505948,0.014319498402527909,0.3938379645063747,11.592044073876597,0,0,0,True,False,results/data/experiment_10hq/experiment_10hq_seed603_Q0.01_fold0_client29_transient_oracle_with_learned_kf.npz,a1716ddeba1f72cd352869e661cdad00b212c50267dcaa98aff4071e49e2ec9a,0.0358299355376028,0.3977832647302062,0.18616309155805094,0.21080378677203374,0.1147170182504251,0.2504071302309165,0.3814931657035588,3.910630551278724e-07,4.065832857654724e-06,-1.3681650049160858e-06,-2.0807254982016385e-06,-1.0018516924018104e-06,4.065832857654724e-06,4.820007908747198e-05,-1.5524602967237676e-05,-2.4234558530726052e-05,-1.0831962957694666e-05,-1.3681650049160858e-06,-1.5524602967237676e-05,1.0557033514428067e-05,1.0119710884317764e-05,5.606339235475342e-06,-2.0807254982016385e-06,-2.4234558530726052e-05,1.0119710884317764e-05,1.3536660947810733e-05,6.453507975271801e-06,-1.0018516924018104e-06,-1.0831962957694666e-05,5.606339235475342e-06,6.453507975271801e-06,4.008763500844724e-06
603,0.01,0,29,transient,oracle_with_true_state,oracle,true_state,all,1,0.10072644922805664,0.3319821009905849,0.08256598890750236,0.11577981500575461,0.03994902835014566,0.013522630426795136,0.02042556380831129,0.38748754216949477,1.7858740624402825,0,0,0,True,False,results/data/experiment_10hq/experiment_10hq_seed603_Q0.01_fold0_client29_transient_oracle_with_true_state.npz,84803ec731bc5029b83abe9625e7f20c480c7f6fa24a5ffe268ef2dce89edd65,0.0,0.0,0.0,0.0,0.0,0.0,0.0,0.0,0.0,0.0,0.0,0.0,0.0,0.0,0.0,0.0,0.0,0.0,0.0,0.0,0.0,0.0,0.0,0.0,0.0,0.0,0.0,0.0,0.0,0.0,0.0,0.0
603,0.01,0,29,transient,learned_with_learned_kf_correct_beta,learned,learned_kf,beta,1,0.115675478234796,0.35819984680399897,0.02907431413771396,0.07082946372332487,0.03079542095807101,0.05062510361443196,0.014632959754745692,0.4065353185444375,17.491624732458707,0,0,0,True,False,results/data/experiment_10hq/experiment_10hq_seed603_Q0.01_fold0_client29_transient_learned_with_learned_kf_correct_beta.npz,b9afc7bf6f00eb99d40975194b3b9b602e55fa3c05504709466ab302cbedc0d3,0.0,0.5589093535430051,0.32249518118006354,0.5141933282364958,0.13034516967005175,0.5095001825185453,0.8056742626762364,0.0,0.0,0.0,0.0,0.0,0.0,9.515628769170083e-05,-3.798453636925188e-05,-8.316323894700194e-05,-1.7238777192046424e-05,0.0,-3.798453636925188e-05,3.168116873052531e-05,4.2755049631637e-05,1.1064272293979446e-05,0.0,-8.316323894700194e-05,4.2755049631637e-05,8.053925532402445e-05,1.7829054961471323e-05,0.0,-1.7238777192046424e-05,1.1064272293979446e-05,1.7829054961471323e-05,5.175408307667552e-06
603,0.01,0,29,transient,learned_with_learned_kf_correct_forces,learned,learned_kf,forces,1,0.1507729660228347,0.4523004281593448,0.029347018518032224,0.07137248144919787,0.030964131954329652,0.05115333246397951,0.01458446614739232,0.4070805799285508,16.889450160869302,0,0,0,True,False,results/data/experiment_10hq/experiment_10hq_seed603_Q0.01_fold0_client29_transient_learned_with_learned_kf_correct_forces.npz,77210a3a8189d91f6631e5ae2c31c27f1b3ff998f8b4b5a6af69c9bedf73e3ee,0.10028126216017333,0.5631908649264279,0.0,0.0,0.12999781719842804,0.5572740117341467,0.0,3.063333766367741e-06,1.567462431568008e-05,0.0,0.0,-3.2415620937538378e-06,1.567462431568008e-05,9.661975654928386e-05,0.0,0.0,-1.7548409674416226e-05,0.0,0.0,0.0,0.0,0.0,0.0,0.0,0.0,0.0,0.0,-3.2415620937538378e-06,-1.7548409674416226e-05,0.0,0.0,5.147861516807246e-06
603,0.01,0,29,transient,learned_with_learned_kf_correct_beta_forces,learned,learned_kf,beta_forces,1,0.14792485657873178,0.4407910487800368,0.029314004708088898,0.07131780956606185,0.030919083688231853,0.05109928552111957,0.014563975009262516,0.406614970371822,16.71310411163,0,0,0,True,False,results/data/experiment_10hq/experiment_10hq_seed603_Q0.01_fold0_client29_transient_learned_with_learned_kf_correct_beta_forces.npz,4a32ebbe635cfe8db16c5b5c41e75b449d58796a5d1ce1b3d2765040a3912467,0.0,0.5627713767316406,0.0,0.0,0.12981118013273307,0.46750945243908243,0.0,0.0,0.0,0.0,0.0,0.0,0.0,9.647587725279413e-05,0.0,0.0,-1.7515117337880227e-05,0.0,0.0,0.0,0.0,0.0,0.0,0.0,0.0,0.0,0.0,0.0,-1.7515117337880227e-05,0.0,0.0,5.133090621502117e-06
603,0.01,1,2,broadband,nominal_with_nominal_kf,nominal,nominal_kf,none,0,0.12546493848381993,0.36611063653517034,0.013146958042568853,0.02246609367693602,0.010386655436070915,0.013033118363080801,0.006672360691406454,0.26655896438842697,17.12005034327489,0,0,0,True,False,results/data/experiment_10hq/experiment_10hq_seed603_Q0.01_fold1_client2_broadband_nominal_with_nominal_kf.npz,e02b51275f71d44ab4cb5721a52117c30dc082a004889f39907c7fa9bf7be422,0.05375101825578364,0.24408559433412244,0.1264591007771803,0.14179096617481818,0.07117700419532678,0.27746853756914136,0.21554224388694462,8.800921088516997e-07,-2.8183715454490918e-06,8.75320595554762e-07,2.2491154079199755e-06,2.812825354587269e-07,-2.8183715454490918e-06,1.8148428816469373e-05,6.99576704858063e-08,-7.845821075200616e-06,-3.3096905398574826e-07,8.75320595554762e-07,6.99576704858063e-08,4.871412585550725e-06,1.5782040633649556e-06,1.1067604699425569e-06,2.2491154079199755e-06,-7.845821075200616e-06,1.5782040633649556e-06,6.1242351650491086e-06,7.768785783618213e-07,2.812825354587269e-07,-3.3096905398574826e-07,1.1067604699425569e-06,7.768785783618213e-07,1.5432423926569547e-06
603,0.01,1,2,broadband,nominal_with_learned_kf,nominal,learned_kf,none,0,0.1410718107501756,0.4134733886791904,0.021158587842277404,0.03802504342162204,0.025617635240828225,0.02944006481426303,0.010108889971188788,0.288318874292152,29.063854271208495,0,0,0,True,False,results/data/experiment_10hq/experiment_10hq_seed603_Q0.01_fold1_client2_broadband_nominal_with_learned_kf.npz,54915ced245569f8b1e76dbbab135e41275a785608290abae0bf39c80c94755b,0.08687879406969712,0.4117508851620892,0.30282029480066175,0.3183708295632022,0.11108527345213201,0.46869811669668116,0.5926890074907079,2.29922939529401e-06,-9.7635958096104e-06,4.948279670891752e-06,7.916483874450289e-06,2.3423757957732354e-06,-9.7635958096104e-06,5.1644469199700864e-05,-2.151495975118417e-05,-3.419008052478729e-05,-1.0434806944241752e-05,4.948279670891752e-06,-2.151495975118417e-05,2.793345728200862e-05,2.409830594177956e-05,4.480484372270325e-06,7.916483874450289e-06,-3.419008052478729e-05,2.409830594177956e-05,3.0876017135887084e-05,7.320308121746301e-06,2.3423757957732354e-06,-1.0434806944241752e-05,4.480484372270325e-06,7.320308121746301e-06,3.7589600671665568e-06
603,0.01,1,2,broadband,nominal_with_true_state,nominal,true_state,all,0,0.13212883743706275,0.40601821396587295,0.013132558001790964,0.022254484513212464,0.010091122860422654,0.01302299017966355,0.006327607437376163,0.23415341103061887,2.408743960890857,0,0,0,True,False,results/data/experiment_10hq/experiment_10hq_seed603_Q0.01_fold1_client2_broadband_nominal_with_true_state.npz,ad7a4fcd8049e3cf96cef689b7fd14c1b852b97c1fc3c598f96a29015fda6a03,0.0,0.0,0.0,0.0,0.0,0.0,0.0,0.0,0.0,0.0,0.0,0.0,0.0,0.0,0.0,0.0,0.0,0.0,0.0,0.0,0.0,0.0,0.0,0.0,0.0,0.0,0.0,0.0,0.0,0.0,0.0,0.0
603,0.01,1,2,broadband,learned_with_nominal_kf,learned,nominal_kf,none,0,0.0965712505118045,0.29223583466097863,0.012946624894674724,0.022243744919130087,0.010253435352002172,0.01284247604545568,0.006601687437236493,0.24420092494518372,10.75467762356752,0,0,0,True,False,results/data/experiment_10hq/experiment_10hq_seed603_Q0.01_fold1_client2_broadband_learned_with_nominal_kf.npz,b754941cb7dbc1997adbcffa71fe2171933330d0eff068cf113f5b9bfe1f3fd4,0.02210122259005368,0.15973771713878102,0.009220631705555291,0.041631178928383084,0.07279147331672849,0.16339322097467063,0.044801449238982584,1.4879465551580635e-07,7.46907806524737e-07,-2.3693402593453168e-08,-2.7299758322229447e-07,-1.1302782685194184e-07,7.46907806524737e-07,7.772660204772033e-06,1.1997943154167826e-08,-1.5056910645213624e-06,-1.646082509106087e-07,-2.3693402593453168e-08,1.1997943154167826e-08,2.5898587971595505e-08,2.8785545924132494e-08,9.27526280747987e-08,-2.7299758322229447e-07,-1.5056910645213624e-06,2.8785545924132494e-08,5.279492221528227e-07,2.2113827690811067e-07,-1.1302782685194184e-07,-1.646082509106087e-07,9.27526280747987e-08,2.2113827690811067e-07,1.6140454302463013e-06
603,0.01,1,2,broadband,learned_with_learned_kf,learned,learned_kf,none,0,0.10145252272577433,0.30454219050990206,0.020640229440392302,0.03715347338947221,0.024780272084281588,0.028720619622728115,0.009905263548816663,0.24498693667259858,12.037577920862221,0,0,0,True,False,results/data/experiment_10hq/experiment_10hq_seed603_Q0.01_fold1_client2_broadband_learned_with_learned_kf.npz,e0607e95f50f41eeeff6465225ce14309025438a162dbe651306ed99d259d8be,0.03575368852998192,0.26737190987417386,0.02021711030148005,0.09245720473643598,0.10885986298246149,0.15873694975993724,0.10903495204648472,3.8940044194028915e-07,2.552167255817139e-06,-1.3075431873220053e-07,-9.470266215095543e-07,-9.11571625516574e-07,2.552167255817139e-06,2.1776410353753462e-05,-8.433707557520643e-07,-6.435947063229646e-06,-6.459297205105359e-06,-1.3075431873220053e-07,-8.433707557520643e-07,1.2450674982420102e-07,4.4650128557709205e-07,2.745379532786031e-07,-9.470266215095543e-07,-6.435947063229646e-06,4.4650128557709205e-07,2.6039716621252e-06,2.040473143172798e-06,-9.11571625516574e-07,-6.459297205105359e-06,2.745379532786031e-07,2.040473143172798e-06,3.609859524159229e-06
603,0.01,1,2,broadband,learned_with_true_state,learned,true_state,all,0,0.10474965327240902,0.321031986805949,0.01299872841022865,0.022127143766554044,0.010013807255279533,0.01289758832042518,0.006313182984384404,0.2317425275249296,1.701247812986635,0,0,0,True,False,results/data/experiment_10hq/experiment_10hq_seed603_Q0.01_fold1_client2_broadband_learned_with_true_state.npz,9b74a1024b641da313797a1aa3c03e9a988a887bd4ba624af3e6d8b85ab59388,0.0,0.0,0.0,0.0,0.0,0.0,0.0,0.0,0.0,0.0,0.0,0.0,0.0,0.0,0.0,0.0,0.0,0.0,0.0,0.0,0.0,0.0,0.0,0.0,0.0,0.0,0.0,0.0,0.0,0.0,0.0,0.0
603,0.01,1,2,broadband,oracle_with_nominal_kf,oracle,nominal_kf,none,0,0.13895909223322614,0.4032991551416435,0.013330789965116161,0.022751145527748453,0.010500674162447073,0.013212425498422236,0.006680018655389645,0.26421450632111804,15.210328434147154,0,0,0,True,False,results/data/experiment_10hq/experiment_10hq_seed603_Q0.01_fold1_client2_broadband_oracle_with_nominal_kf.npz,b383140c0198878e8d173ee8fe8dfb75719fe2d1440d0a1635e5c7f2fb6f9942,0.06437181659504006,0.2217863300664066,0.10316705401125785,0.12818972913565316,0.06948118007343455,0.25017645335242844,0.18635661700304254,1.262252575979893e-06,-3.0816398563693517e-06,8.553838563534904e-07,2.4322200796686053e-06,3.330139008224085e-07,-3.0816398563693517e-06,1.4983879936795261e-05,5.8151393829467064e-08,-6.465436552893349e-06,-3.1568842682883095e-07,8.553838563534904e-07,5.8151393829467064e-08,3.242177545234649e-06,1.1655791106224393e-06,8.738921333360209e-07,2.4322200796686053e-06,-6.465436552893349e-06,1.1655791106224393e-06,5.0056582398816605e-06,6.949862494074039e-07,3.330139008224085e-07,-3.1568842682883095e-07,8.738921333360209e-07,6.949862494074039e-07,1.4705815298486213e-06
603,0.01,1,2,broadband,oracle_with_learned_kf,oracle,learned_kf,none,0,0.15533330049795652,0.4494755057844932,0.021460363264234925,0.03857498249293931,0.02591038272532316,0.0298581753194094,0.010226309733876605,0.2756519825241231,22.90980631123964,0,0,0,True,False,results/data/experiment_10hq/experiment_10hq_seed603_Q0.01_fold1_client2_broadband_oracle_with_learned_kf.npz,60e27642cf7c45bbec5e075ca3bad44501b65509ef5d4fdc5c986793430f1fe7,0.10402449848330618,0.37465505951487005,0.2463679873648117,0.2878831409528824,0.10935739221262412,0.4185184638508473,0.510171892768393,3.2962944295098784e-06,-1.0659136873886603e-05,4.820585846217554e-06,8.565028045678319e-06,2.775053425744342e-06,-1.0659136873886603e-05,4.275805474166597e-05,-1.589846532175663e-05,-2.812211411920501e-05,-9.405601278218734e-06,4.820585846217554e-06,-1.589846532175663e-05,1.8489419943388036e-05,1.7774650662440383e-05,3.5763299455836634e-06,8.565028045678319e-06,-2.812211411920501e-05,1.7774650662440383e-05,2.524568738104234e-05,6.535519595760282e-06,2.775053425744342e-06,-9.405601278218734e-06,3.5763299455836634e-06,6.535519595760282e-06,3.642931673841474e-06
603,0.01,1,2,broadband,oracle_with_true_state,oracle,true_state,all,0,0.1443464755839581,0.4386241741303925,0.0133120860960049,0.02253666053481038,0.010211318285301791,0.013198371488037715,0.006346896942284103,0.23761957843070938,2.195793971329602,0,0,0,True,False,results/data/experiment_10hq/experiment_10hq_seed603_Q0.01_fold1_client2_broadband_oracle_with_true_state.npz,3900df9901d35091dc0fa5dc271ba034ad902e9ff47d22f18a02e9a7d09f49be,0.0,0.0,0.0,0.0,0.0,0.0,0.0,0.0,0.0,0.0,0.0,0.0,0.0,0.0,0.0,0.0,0.0,0.0,0.0,0.0,0.0,0.0,0.0,0.0,0.0,0.0,0.0,0.0,0.0,0.0,0.0,0.0
603,0.01,1,2,broadband,learned_with_learned_kf_correct_beta,learned,learned_kf,beta,0,0.10254682834055616,0.3071463325735748,0.020669830290851846,0.03719563351387996,0.02481481439099636,0.02876385641023583,0.00991395431040038,0.24543650437382444,12.123177194527026,0,0,0,True,False,results/data/experiment_10hq/experiment_10hq_seed603_Q0.01_fold1_client2_broadband_learned_with_learned_kf_correct_beta.npz,74b69b1124057a30633949143a83d1f775ef21981aa07f8b1f4a0ca27d536c91,0.0,0.26767474175697986,0.020248451878572188,0.09259880729393029,0.10895550100111766,0.14223450187592976,0.1092043089737597,0.0,0.0,0.0,0.0,0.0,0.0,2.1825767265988607e-05,-8.461949854608642e-07,-6.454604483462203e-06,-6.477108812063764e-06,0.0,-8.461949854608642e-07,1.2489308224878598e-07,4.479463405888322e-07,2.7517522364481917e-07,0.0,-6.454604483462203e-06,4.479463405888322e-07,2.61195398023638e-06,2.0466817207555835e-06,0.0,-6.477108812063764e-06,2.7517522364481917e-07,2.0466817207555835e-06,3.6162051405688557e-06
603,0.01,1,2,broadband,learned_with_learned_kf_correct_forces,learned,learned_kf,forces,0,0.09841519631655084,0.29436543959597194,0.020546269241346973,0.03698866746280103,0.02467259060582341,0.028590042134393038,0.009871096781759231,0.24320990751219548,11.440634349064025,0,0,0,True,False,results/data/experiment_10hq/experiment_10hq_seed603_Q0.01_fold1_client2_broadband_learned_with_learned_kf_correct_forces.npz,f274c7ac9c81de7aa019ace7b518bfe2905d53e40046f3815c39d4f50f8b35ab,0.035587426992806884,0.2661856327646976,0.0,0.0,0.10848467031020753,0.22934537816656456,0.0,3.8578728835583904e-07,2.5283733948629687e-06,0.0,0.0,-9.0295375524587e-07,2.5283733948629687e-06,2.158360364146638e-05,0.0,0.0,-6.391292785949471e-06,0.0,0.0,0.0,0.0,0.0,0.0,0.0,0.0,0.0,0.0,-9.0295375524587e-07,-6.391292785949471e-06,0.0,0.0,3.5850191688194833e-06
603,0.01,1,2,broadband,learned_with_learned_kf_correct_beta_forces,learned,learned_kf,beta_forces,0,0.09940415537734215,0.2969801326320042,0.020575598079116523,0.03702984693781386,0.02470589395160641,0.028632910028917255,0.009879716622712555,0.2436192340175468,11.509495889775382,0,0,0,True,False,results/data/experiment_10hq/experiment_10hq_seed603_Q0.01_fold1_client2_broadband_learned_with_learned_kf_correct_beta_forces.npz,5c4c8920fe6d4707d2d2348f6841fcac6e30611f641e8cf315ab028069bc5c15,0.0,0.2664817771949872,0.0,0.0,0.10857945945221356,0.20180166768235608,0.0,0.0,0.0,0.0,0.0,0.0,0.0,2.1631655969212065e-05,0.0,0.0,-6.408864706930256e-06,0.0,0.0,0.0,0.0,0.0,0.0,0.0,0.0,0.0,0.0,0.0,-6.408864706930256e-06,0.0,0.0,3.591286770507408e-06
603,0.01,1,2,transient,nominal_with_nominal_kf,nominal,nominal_kf,none,0,0.1156031882858625,0.40391243294405993,0.021410123273828085,0.023097802853458325,0.019015186501799414,0.02201615543793348,0.0067251092730546864,0.5151673578574739,17.90829728401328,0,0,0,True,False,results/data/experiment_10hq/experiment_10hq_seed603_Q0.01_fold1_client2_transient_nominal_with_nominal_kf.npz,f2a5786c5bdd4c73346cd2d5233eb2eadc1655ae1eaf38b465a71bc32734126e,0.09237303960653946,0.2531997037683054,0.2716196412214895,0.30387657251729,0.06950707624035052,0.5861850476584731,0.5515262167613192,2.5992329538782517e-06,-3.97075525565876e-06,6.6032658083760526e-06,8.091099881706829e-06,2.705274233642391e-07,-3.97075525565876e-06,1.952905019454719e-05,-4.612230151845243e-06,-1.351386140407049e-05,8.531746229950023e-08,6.6032658083760526e-06,-4.612230151845243e-06,2.2473829288476536e-05,2.1028192380646108e-05,1.076385802997337e-06,8.091099881706829e-06,-1.351386140407049e-05,2.1028192380646108e-05,2.812866842557602e-05,1.7606769668740635e-07,2.705274233642391e-07,8.531746229950023e-08,1.076385802997337e-06,1.7606769668740635e-07,1.4716779280826651e-06
603,0.01,1,2,transient,nominal_with_learned_kf,nominal,learned_kf,none,0,0.13945182401005954,0.49122634334431703,0.037849550264136,0.04070383717525874,0.04948222486381091,0.052994469249846916,0.010452097238440311,0.5282947458160381,29.686597620077492,0,0,0,True,False,results/data/experiment_10hq/experiment_10hq_seed603_Q0.01_fold1_client2_transient_nominal_with_learned_kf.npz,dcae906f269fb167bc909bc002abd0c1aa53fc3c7ee855268c5c229f15c5dca0,0.16444953871773074,0.4433418624048455,0.7180212604394509,0.7296869720092924,0.11302982362963385,1.3830119830442864,1.4332160737189596,8.237967123579398e-06,-1.6083935197678367e-05,3.153429045261864e-05,3.5409168154129245e-05,3.250714741051721e-06,-1.6083935197678367e-05,5.9873165214236234e-05,-5.347197997837693e-05,-6.57855170824553e-05,-1.1547214854766755e-05,3.153429045261864e-05,-5.347197997837693e-05,0.00015704689082291233,0.00015323942370216927,7.858376229543583e-06,3.5409168154129245e-05,-6.57855170824553e-05,0.00015323942370216927,0.00016219143633561727,1.1300329777996257e-05,3.250714741051721e-06,-1.1547214854766755e-05,7.858376229543583e-06,1.1300329777996257e-05,3.891713268344453e-06
603,0.01,1,2,transient,nominal_with_true_state,nominal,true_state,all,0,0.12072638613003714,0.39595864573737166,0.021376246673989165,0.022935936454793974,0.01884918261842446,0.021980409238667467,0.006367928999209382,0.4960924159643113,2.487074290620642,0,0,0,True,False,results/data/experiment_10hq/experiment_10hq_seed603_Q0.01_fold1_client2_transient_nominal_with_true_state.npz,33510f40aa0de8205d4f0078700577820df00ba4dea47bde874772b8c11d1aab,0.0,0.0,0.0,0.0,0.0,0.0,0.0,0.0,0.0,0.0,0.0,0.0,0.0,0.0,0.0,0.0,0.0,0.0,0.0,0.0,0.0,0.0,0.0,0.0,0.0,0.0,0.0,0.0,0.0,0.0,0.0,0.0
603,0.01,1,2,transient,learned_with_nominal_kf,learned,nominal_kf,none,0,0.09117199785906663,0.3163439966264602,0.02124884278198964,0.022864649929135224,0.018852301622781804,0.021855176041926744,0.006604840270223427,0.500027749918982,11.061407301338441,0,0,0,True,False,results/data/experiment_10hq/experiment_10hq_seed603_Q0.01_fold1_client2_transient_learned_with_nominal_kf.npz,18a22a71d6c86f56c969ce4b927c7ffb3ba7f9f19a5452a20f8c6cd83147f6e0,0.04328889567544469,0.1636448060300851,0.02215548475191263,0.09109679630879881,0.07349956916623085,0.163244741202215,0.11042767124712079,5.708312611229199e-07,1.133634656660473e-06,-2.534171454965316e-07,-1.1561509049778727e-06,-8.723592625493427e-08,1.133634656660473e-06,8.157539521186917e-06,-2.271753901199391e-07,-2.587459442108202e-06,1.0656746910913952e-07,-2.534171454965316e-07,-2.271753901199391e-07,1.495261834711868e-07,5.185774626534071e-07,7.532320556996337e-08,-1.1561509049778727e-06,-2.587459442108202e-06,5.185774626534071e-07,2.5279061305876587e-06,1.0485667680354004e-08,-8.723592625493427e-08,1.0656746910913952e-07,7.532320556996337e-08,1.0485667680354004e-08,1.6456001638970348e-06
603,0.01,1,2,transient,learned_with_learned_kf,learned,learned_kf,none,0,0.09734213345857037,0.3478791898568621,0.03730995698263842,0.0401485531016494,0.04865160858264797,0.052307658689184786,0.010303084340430584,0.5010682697352066,12.375882824884776,0,0,0,True,False,results/data/experiment_10hq/experiment_10hq_seed603_Q0.01_fold1_client2_transient_learned_with_learned_kf.npz,bb8e1502d8ca1c4a8439b898fdc7201a5e9a1484864eee5b003822be9652a182,0.08066242456201728,0.2885029510532183,0.05981827190959002,0.21737346121914372,0.11384017211054676,0.18654097809659417,0.27482243584886706,1.981970924419545e-06,4.510202652473113e-06,-1.3075650938428476e-06,-5.1664371365095515e-06,-1.3799817688117928e-06,4.510202652473113e-06,2.535451193035432e-05,-2.427278758552376e-06,-1.2565050757801126e-05,-7.345534056834428e-06,-1.3075650938428476e-06,-2.427278758552376e-06,1.0899898662121348e-06,3.7617089337566465e-06,5.285878377997797e-07,-5.1664371365095515e-06,-1.2565050757801126e-05,3.7617089337566465e-06,1.4393545218474902e-05,3.307449432247063e-06,-1.3799817688117928e-06,-7.345534056834428e-06,5.285878377997797e-07,3.307449432247063e-06,3.947715279066811e-06
603,0.01,1,2,transient,learned_with_true_state,learned,true_state,all,0,0.09662125218454846,0.3280322505461117,0.02128099243817606,0.022794440028731034,0.018771452657582448,0.021888295187483014,0.006356749756204391,0.49376906417350414,1.7520533692467637,0,0,0,True,False,results/data/experiment_10hq/experiment_10hq_seed603_Q0.01_fold1_client2_transient_learned_with_true_state.npz,6868422696ab73f8c872189b44829cab185b13dc700f543f2fa9a2f53da705b3,0.0,0.0,0.0,0.0,0.0,0.0,0.0,0.0,0.0,0.0,0.0,0.0,0.0,0.0,0.0,0.0,0.0,0.0,0.0,0.0,0.0,0.0,0.0,0.0,0.0,0.0,0.0,0.0,0.0,0.0,0.0,0.0
603,0.01,1,2,transient,oracle_with_nominal_kf,oracle,nominal_kf,none,0,0.12449821531721039,0.4181513836785748,0.021544803220423386,0.02329600083013468,0.01910568516852357,0.022150533486307022,0.006714053855306821,0.514327783034661,15.872145296117218,0,0,0,True,False,results/data/experiment_10hq/experiment_10hq_seed603_Q0.01_fold1_client2_transient_oracle_with_nominal_kf.npz,335404a9139189159fab912a298cf2aa9ad474d8e9abfa125d9b2c5d6b881dd2,0.10912645714620553,0.2293744361908853,0.22293795862498664,0.27477216430902196,0.06781757556681756,0.5301363676922813,0.4769640780254845,3.627562024558661e-06,-4.269027739689975e-06,6.37749964546833e-06,8.620782855504952e-06,3.1350998631073706e-07,-4.269027739689975e-06,1.6026724201291463e-05,-3.3871265205413106e-06,-1.1093130842910563e-05,8.162146576767084e-08,6.37749964546833e-06,-3.3871265205413106e-06,1.5139891939010796e-05,1.5580214783518092e-05,8.467134762657398e-07,8.620782855504952e-06,-1.1093130842910563e-05,1.5580214783518092e-05,2.2998536687609998e-05,1.3761928569971776e-07,3.1350998631073706e-07,8.162146576767084e-08,8.467134762657398e-07,1.3761928569971776e-07,1.40100361257817e-06
603,0.01,1,2,transient,oracle_with_learned_kf,oracle,learned_kf,none,0,0.15097466480825011,0.5087964698109291,0.03806926549020626,0.04099241483099579,0.04973370463231483,0.053293483550588765,0.010510256776051946,0.5220401935437283,23.341146135393604,0,0,0,True,False,results/data/experiment_10hq/experiment_10hq_seed603_Q0.01_fold1_client2_transient_oracle_with_learned_kf.npz,1acaf79cef8360ddf623dfa94e2d108157f194b4ae54b317893d585918a67e04,0.19390696632309432,0.40070663882208196,0.5905661665361821,0.65947614868097,0.11073565813345744,1.2365890499787044,1.2375201677689278,1.1453588052335505e-05,-1.7292572849534108e-05,3.049758175068698e-05,3.7699446654171405e-05,3.7963644626966366e-06,-1.7292572849534108e-05,4.891114286881894e-05,-3.941377464548714e-05,-5.3669765623307304e-05,-1.023783467782393e-05,3.049758175068698e-05,-3.941377464548714e-05,0.00010624092921472322,0.00011389325140909301,6.233406735723511e-06,3.7699446654171405e-05,-5.3669765623307304e-05,0.00011389325140909301,0.0001324807936592206,9.986242931769292e-06,3.7963644626966366e-06,-1.023783467782393e-05,6.233406735723511e-06,9.986242931769292e-06,3.735336378341687e-06
603,0.01,1,2,transient,oracle_with_true_state,oracle,true_state,all,0,0.12692315303923918,0.41213239303317384,0.02150952323568337,0.023132360857076397,0.018944416212700283,0.02211376516719255,0.006374977167232005,0.49871265862739644,2.2651876865192535,0,0,0,True,False,results/data/experiment_10hq/experiment_10hq_seed603_Q0.01_fold1_client2_transient_oracle_with_true_state.npz,b6e9d48eb1e8460283ebbee795e3b9dab47f56ab23c2f53529045850d6e0f345,0.0,0.0,0.0,0.0,0.0,0.0,0.0,0.0,0.0,0.0,0.0,0.0,0.0,0.0,0.0,0.0,0.0,0.0,0.0,0.0,0.0,0.0,0.0,0.0,0.0,0.0,0.0,0.0,0.0,0.0,0.0,0.0
603,0.01,1,2,transient,learned_with_learned_kf_correct_beta,learned,learned_kf,beta,0,0.09974651445930159,0.3574621162339354,0.037348199992342505,0.04018129330534694,0.04870663081034662,0.052356383193116494,0.010311742344490085,0.5016628565901088,12.45093990150465,0,0,0,True,False,results/data/experiment_10hq/experiment_10hq_seed603_Q0.01_fold1_client2_transient_learned_with_learned_kf_correct_beta.npz,6a60f512f4e1861a546bb53044e8d9e84cd07d68bc0e50790a55125e2902d20d,0.0,0.2887390607841273,0.05989450435029654,0.21758501422849205,0.11393588747206032,0.22432955081091632,0.27510014715977504,0.0,0.0,0.0,0.0,0.0,0.0,2.539602898666311e-05,-2.430670722375085e-06,-1.2585754783301934e-05,-7.3616695852979035e-06,0.0,-2.430670722375085e-06,1.0927698039072142e-06,3.769564552453812e-06,5.28565073316018e-07,0.0,-1.2585754783301934e-05,3.769564552453812e-06,1.4421575130876581e-05,3.3123453195098683e-06,0.0,-7.3616695852979035e-06,5.28565073316018e-07,3.3123453195098683e-06,3.954356446885621e-06
603,0.01,1,2,transient,learned_with_learned_kf_correct_forces,learned,learned_kf,forces,0,0.09331157443910275,0.3257148455801908,0.037196115224955695,0.04005755592294542,0.048498640463171046,0.052162783148911866,0.01027932469793867,0.4992738515284102,11.82427226048398,0,0,0,True,False,results/data/experiment_10hq/experiment_10hq_seed603_Q0.01_fold1_client2_transient_learned_with_learned_kf_correct_forces.npz,e32037ac71235eb3f0da1cff4b6a54fdebfb64f204f495f62f48789adeb963df,0.08040746559835289,0.2878514376335758,0.0,0.0,0.11357571753175555,0.2733232393207887,0.0,1.9694614407965843e-06,4.480346484207494e-06,0.0,0.0,-1.3710661318499255e-06,4.480346484207494e-06,2.5240127291522984e-05,0.0,0.0,-7.300459818610902e-06,0.0,0.0,0.0,0.0,0.0,0.0,0.0,0.0,0.0,0.0,-1.3710661318499255e-06,-7.300459818610902e-06,0.0,0.0,3.929395230031457e-06
603,0.01,1,2,transient,learned_with_learned_kf_correct_beta_forces,learned,learned_kf,beta_forces,0,0.0953770742401585,0.3351455106559661,0.037233902551094177,0.040089376835641635,0.04855255858952049,0.052211019682226786,0.010287844037215227,0.499846349800498,11.886386999251954,0,0,0,True,False,results/data/experiment_10hq/experiment_10hq_seed603_Q0.01_fold1_client2_transient_learned_with_learned_kf_correct_beta_forces.npz,98721285b7fdd16f4f39e4a88a10c17465a2e05abd28eb93e2ef8d5f22ee797f,0.0,0.2880811216119054,0.0,0.0,0.11366989429619345,0.2188069751344054,0.0,0.0,0.0,0.0,0.0,0.0,0.0,2.5280422839707413e-05,0.0,0.0,-7.316161845922034e-06,0.0,0.0,0.0,0.0,0.0,0.0,0.0,0.0,0.0,0.0,0.0,-7.316161845922034e-06,0.0,0.0,3.935914425552871e-06
603,0.01,1,5,broadband,nominal_with_nominal_kf,nominal,nominal_kf,none,0,0.1245209534865651,0.3625037883258008,0.022034319915972253,0.020633576933965347,0.012331728603004985,0.008920307850753385,0.008955949242409573,0.2695293678591117,18.942876424299165,0,0,0,True,False,results/data/experiment_10hq/experiment_10hq_seed603_Q0.01_fold1_client5_broadband_nominal_with_nominal_kf.npz,be7bf326024b9e5d507d5f83218f13fea7e276634b55eeed9a7dbe01cc809f1e,0.09012467410098275,0.22423128604952647,0.14668049569114341,0.09818253308524394,0.09621954696616405,0.34875455880548095,0.16919488958343867,2.4742418576652542e-06,-3.751752821534121e-06,9.250341559179244e-07,2.333232973990536e-06,-1.3929218111926676e-07,-3.751752821534121e-06,1.5316063234508084e-05,3.027206951467048e-06,-3.5897698370778267e-06,2.7561489881553713e-06,9.250341559179244e-07,3.027206951467048e-06,6.553894906448739e-06,-3.850466169095724e-07,2.4721818765921715e-06,2.333232973990536e-06,-3.5897698370778267e-06,-3.850466169095724e-07,2.936453989435147e-06,-1.7310603452810911e-07,-1.3929218111926676e-07,2.7561489881553713e-06,2.4721818765921715e-06,-1.7310603452810911e-07,2.820209367007204e-06
603,0.01,1,5,broadband,nominal_with_learned_kf,nominal,learned_kf,none,0,0.1386396448773817,0.3845745594779505,0.029126345506281574,0.03563946355214441,0.024071123789049065,0.02496442190987523,0.009192198905166205,0.2903818399903733,30.721008931307736,0,0,0,True,False,results/data/experiment_10hq/experiment_10hq_seed603_Q0.01_fold1_client5_broadband_nominal_with_learned_kf.npz,5b637716523685e75546d86216b044d169c411ff8de3ff25940a134075a470b0,0.1194004633311688,0.3857233033939013,0.2830063822894839,0.27069496392529796,0.10023854861375739,0.46453303328615464,0.5134935005898669,4.342769302748175e-06,-1.1901327896889597e-05,6.5954027542614715e-06,9.698548042764252e-06,1.906433076345412e-06,-1.1901327896889597e-05,4.532173114036147e-05,-1.528396719924211e-05,-2.5533959446403586e-05,-5.141198140312823e-06,6.5954027542614715e-06,-1.528396719924211e-05,2.4397604938315956e-05,1.6800747207726884e-05,2.162746328648407e-06,9.698548042764252e-06,-2.5533959446403586e-05,1.6800747207726884e-05,2.2321074008601275e-05,3.841462733541999e-06,1.906433076345412e-06,-5.141198140312823e-06,2.162746328648407e-06,3.841462733541999e-06,3.0607247448990274e-06
603,0.01,1,5,broadband,nominal_with_true_state,nominal,true_state,all,0,0.1377373247150348,0.42000295675324506,0.022025725359127037,0.020478890245020902,0.012015406560468561,0.008909150632283553,0.00770885203398679,0.23055984724091536,2.673034590037215,0,0,0,True,False,results/data/experiment_10hq/experiment_10hq_seed603_Q0.01_fold1_client5_broadband_nominal_with_true_state.npz,f640b9468c9c7e5bf244ca38d19ce8a08e4376b09c1ce37fb9a12d2f23ee1dc9,0.0,0.0,0.0,0.0,0.0,0.0,0.0,0.0,0.0,0.0,0.0,0.0,0.0,0.0,0.0,0.0,0.0,0.0,0.0,0.0,0.0,0.0,0.0,0.0,0.0,0.0,0.0,0.0,0.0,0.0,0.0,0.0
603,0.01,1,5,broadband,learned_with_nominal_kf,learned,nominal_kf,none,0,0.0952835074333132,0.27272133718951796,0.02167821784772291,0.020395504108069246,0.012121148631768289,0.008793867202867475,0.008536236120096312,0.2423052799325505,11.578590809593408,0,0,0,True,False,results/data/experiment_10hq/experiment_10hq_seed603_Q0.01_fold1_client5_broadband_learned_with_nominal_kf.npz,866c77004b59bbb94b7bee6a219c69d252dcca6848174450f4e4df4e590b8887,0.03698671010295678,0.1463452348569554,0.010266688847231087,0.02887557883930351,0.09438122534658001,0.2162160520127781,0.029684576031822087,4.1672172476310447e-07,9.848540527659777e-07,-2.528168482400204e-08,-2.833949388556039e-07,5.830451708785694e-08,9.848540527659777e-07,6.523969275635406e-06,1.4028285214028843e-07,-6.872763086484548e-07,1.8457657584386647e-06,-2.528168482400204e-08,1.4028285214028843e-07,3.2108168636106754e-08,-8.83845905218532e-09,1.7745182744630812e-07,-2.833949388556039e-07,-6.872763086484548e-07,-8.83845905218532e-09,2.539897162383184e-07,-5.166204509015861e-08,5.830451708785694e-08,1.8457657584386647e-06,1.7745182744630812e-07,-5.166204509015861e-08,2.713475833836513e-06
603,0.01,1,5,broadband,learned_with_learned_kf,learned,learned_kf,none,0,0.0992373347354226,0.281604346421434,0.028390034089649487,0.03481987465545539,0.023297845200588318,0.024345642825976937,0.009002546142545377,0.24303743604447148,12.892005710854912,0,0,0,True,False,results/data/experiment_10hq/experiment_10hq_seed603_Q0.01_fold1_client5_broadband_learned_with_learned_kf.npz,20b8609347f6e41405c663cfdb99ca7ab22b20980226719e0b1c88fe6c6d6b88,0.048808196669601296,0.2505661896629437,0.018862105263561284,0.07860502214668916,0.0992442757105686,0.2055310505193784,0.09263009119004453,7.256718210411519e-07,3.0836865813358017e-06,-1.736606226623575e-07,-1.1553224216154472e-06,-7.249057759535586e-07,3.0836865813358017e-06,1.9124922005217178e-05,-5.849310601864386e-07,-4.795127729480613e-06,-3.1464941547874883e-06,-1.736606226623575e-07,-5.849310601864386e-07,1.0837648555553498e-07,3.115939617049734e-07,1.3565483953606805e-07,-1.1553224216154472e-06,-4.795127729480613e-06,3.115939617049734e-07,1.882154732233715e-06,1.062769223583796e-06,-7.249057759535586e-07,-3.1464941547874883e-06,1.3565483953606805e-07,1.062769223583796e-06,3.0003068141013312e-06
603,0.01,1,5,broadband,learned_with_true_state,learned,true_state,all,0,0.10828752856952084,0.3292975157992697,0.021797188542186825,0.020352088624507367,0.011921120230841301,0.008831020162525793,0.007671251106108153,0.2280725950859818,1.8539173020330388,0,0,0,True,False,results/data/experiment_10hq/experiment_10hq_seed603_Q0.01_fold1_client5_broadband_learned_with_true_state.npz,25d1877f3ff03228054fd68e1c7b20302019a3e7e2d9aa093cb6834281f8af39,0.0,0.0,0.0,0.0,0.0,0.0,0.0,0.0,0.0,0.0,0.0,0.0,0.0,0.0,0.0,0.0,0.0,0.0,0.0,0.0,0.0,0.0,0.0,0.0,0.0,0.0,0.0,0.0,0.0,0.0,0.0,0.0
603,0.01,1,5,broadband,oracle_with_nominal_kf,oracle,nominal_kf,none,0,0.134481691822261,0.38231436576843053,0.022318807746253857,0.020867264086117117,0.012472749906576479,0.009026606024576373,0.008949292472224469,0.26394429364697364,15.359263539216307,0,0,0,True,False,results/data/experiment_10hq/experiment_10hq_seed603_Q0.01_fold1_client5_broadband_oracle_with_nominal_kf.npz,c4312bf58a5daeb9263e95d45ba7b935f67461708f1fbbd4ccde3c951d91534f,0.14172362650401388,0.19281150353371873,0.12377086520884416,0.0710159139228247,0.0820474893330133,0.3127355737565849,0.13708134891453816,6.11841947648766e-06,-5.0913821098599556e-06,1.220821174061197e-06,2.6469751453723275e-06,-1.970062149677371e-07,-5.0913821098599556e-06,1.1324541240393372e-05,2.2163736428037364e-06,-2.2346140327369037e-06,2.0512847023176403e-06,1.220821174061197e-06,2.2163736428037364e-06,4.666503424574851e-06,-2.3930605663123355e-07,1.7841806775523564e-06,2.6469751453723275e-06,-2.2346140327369037e-06,-2.3930605663123355e-07,1.5362648577416105e-06,-1.0917089249085693e-07,-1.970062149677371e-07,2.0512847023176403e-06,1.7841806775523564e-06,-1.0917089249085693e-07,2.0506206544369725e-06
603,0.01,1,5,broadband,oracle_with_learned_kf,oracle,learned_kf,none,0,0.14961964546651116,0.4083276903107933,0.02949326923401778,0.03611125388459717,0.024241669356018115,0.025270418597146738,0.009220269667140216,0.2699082289703303,21.608282097258307,0,0,0,True,False,results/data/experiment_10hq/experiment_10hq_seed603_Q0.01_fold1_client5_broadband_oracle_with_learned_kf.npz,af7f8bf57d5c6dd387165b26492e9b96dfbe23351a33efbe77740841fb18695b,0.18777606236339478,0.33179729361729127,0.23744874171988906,0.19553330806392702,0.08580442272923096,0.42433451176331993,0.4022832572730895,1.0740764406214633e-05,-1.6103762800511986e-05,8.7399523434944e-06,1.1009998787398596e-05,2.5870325634549592e-06,-1.6103762800511986e-05,3.3535162392800037e-05,-1.103570742241549e-05,-1.5823345462905174e-05,-3.8451744690561825e-06,8.7399523434944e-06,-1.103570742241549e-05,1.717491040680998e-05,1.0237679657105734e-05,1.6046752972871672e-06,1.1009998787398596e-05,-1.5823345462905174e-05,1.0237679657105734e-05,1.164652144720197e-05,2.3832871639164382e-06,2.5870325634549592e-06,-3.8451744690561825e-06,1.6046752972871672e-06,2.3832871639164382e-06,2.2427149746040387e-06
603,0.01,1,5,broadband,oracle_with_true_state,oracle,true_state,all,0,0.14544510941214714,0.4411965520406002,0.02227331393557319,0.020690264712115686,0.012138749293571244,0.009001876818465917,0.0077487636607412634,0.23320636288232394,2.2287113224956725,0,0,0,True,False,results/data/experiment_10hq/experiment_10hq_seed603_Q0.01_fold1_client5_broadband_oracle_with_true_state.npz,896cdac9bc9b63dd5fb1187c0b44fd19f0081df029b996f199cf767fcc06fbe2,0.0,0.0,0.0,0.0,0.0,0.0,0.0,0.0,0.0,0.0,0.0,0.0,0.0,0.0,0.0,0.0,0.0,0.0,0.0,0.0,0.0,0.0,0.0,0.0,0.0,0.0,0.0,0.0,0.0,0.0,0.0,0.0
603,0.01,1,5,broadband,learned_with_learned_kf_correct_beta,learned,learned_kf,beta,0,0.100633609772378,0.28044060743491334,0.028451833556526057,0.03488165592144693,0.02334553250561316,0.024399080265590678,0.009011654337163982,0.24364948763289795,12.992354302857178,0,0,0,True,False,results/data/experiment_10hq/experiment_10hq_seed603_Q0.01_fold1_client5_broadband_learned_with_learned_kf_correct_beta.npz,d155b81f05493a3603bd91591460f8b9e7758463c455c1bc8f15e0bf78c1d235,0.0,0.25101086106049536,0.018905850925690398,0.07877843354215903,0.09934420729102142,0.18207174448484545,0.0928377555461225,0.0,0.0,0.0,0.0,0.0,0.0,1.9192862950964476e-05,-5.875056001100233e-07,-4.815695794149511e-06,-3.1639173563679183e-06,0.0,-5.875056001100233e-07,1.088797696590144e-07,3.1305167669324353e-07,1.3616570780286764e-07,0.0,-4.815695794149511e-06,3.1305167669324353e-07,1.8904683766479753e-06,1.0676718356454702e-06,0.0,-3.1639173563679183e-06,1.3616570780286764e-07,1.0676718356454702e-06,3.006352026291812e-06
603,0.01,1,5,broadband,learned_with_learned_kf_correct_forces,learned,learned_kf,forces,0,0.09730212196845384,0.2839787220108525,0.028277180339683017,0.03468827076133469,0.023224897136455282,0.02424930459546727,0.00898391927957484,0.24149880216665223,12.303685010931291,0,0,0,True,False,results/data/experiment_10hq/experiment_10hq_seed603_Q0.01_fold1_client5_broadband_learned_with_learned_kf_correct_forces.npz,6a4ec7443a1f49ce0e2891eb4dd33f94be650fa5601d54b1eb708928d999c37d,0.0486116051857577,0.24962167456836318,0.0,0.0,0.09904006729656122,0.2634806651901195,0.0,7.198378176426798e-07,3.059260145036627e-06,0.0,0.0,-7.19279079026489e-07,3.059260145036627e-06,1.8981010078188406e-05,0.0,0.0,-3.1108067003201286e-06,0.0,0.0,0.0,0.0,0.0,0.0,0.0,0.0,0.0,0.0,-7.19279079026489e-07,-3.1108067003201286e-06,0.0,0.0,2.9879724492650264e-06
603,0.01,1,5,broadband,learned_with_learned_kf_correct_beta_forces,learned,learned_kf,beta_forces,0,0.09855659700609344,0.2828119385176951,0.028338500855508878,0.0347490466563212,0.023271183511892828,0.024302331032219918,0.008992483782405032,0.24206793893582285,12.388015680310332,0,0,0,True,False,results/data/experiment_10hq/experiment_10hq_seed603_Q0.01_fold1_client5_broadband_learned_with_learned_kf_correct_beta_forces.npz,fa73eddd24f93b6cb6ffab725ffd8589ad3555102be4f03082b9893bbc16b429,0.0,0.2500592601299928,0.0,0.0,0.09913395271842114,0.22764393997953164,0.0,0.0,0.0,0.0,0.0,0.0,0.0,1.9047615640360792e-05,0.0,0.0,-3.1277219183001023e-06,0.0,0.0,0.0,0.0,0.0,0.0,0.0,0.0,0.0,0.0,0.0,-3.1277219183001023e-06,0.0,0.0,2.993640054809508e-06
603,0.01,1,5,transient,nominal_with_nominal_kf,nominal,nominal_kf,none,0,0.12445331875411336,0.43714352908898896,0.03726506361448996,0.018311958770744048,0.018157813592727032,0.01624123806808369,0.00878170386861409,0.5085892903248596,18.311200266046793,0,0,0,True,False,results/data/experiment_10hq/experiment_10hq_seed603_Q0.01_fold1_client5_transient_nominal_with_nominal_kf.npz,26e52958d7ed8a93fc65772e58044e0a663e0de5d52a01732d6ff3cef379a7fd,0.16056896040495577,0.20092779011133924,0.25619111303080994,0.22739259149387833,0.09033615267827251,0.6319497135177221,0.42947774074763806,7.853765436220757e-06,-2.1686471242291043e-06,9.02738838832371e-06,1.0099473855659652e-05,-2.5308528930976075e-07,-2.1686471242291043e-06,1.2298007416392978e-05,4.841446483808463e-06,-1.829065353717131e-06,1.08083715541973e-06,9.02738838832371e-06,4.841446483808463e-06,1.9993225124512886e-05,1.0221415091266065e-05,2.24160511752628e-06,1.0099473855659652e-05,-1.829065353717131e-06,1.0221415091266065e-05,1.57509719286722e-05,-1.6262133929234915e-06,-2.5308528930976075e-07,1.08083715541973e-06,2.24160511752628e-06,-1.6262133929234915e-06,2.485867154693108e-06
603,0.01,1,5,transient,nominal_with_learned_kf,nominal,learned_kf,none,0,0.14755790112173997,0.5291038487370431,0.05281954773574109,0.0357959816889744,0.04607668810013805,0.047279036994059734,0.009153723296388848,0.524747532458083,31.002549301122578,0,0,0,True,False,results/data/experiment_10hq/experiment_10hq_seed603_Q0.01_fold1_client5_transient_nominal_with_learned_kf.npz,8189ac743be16c4ceef53430fe97e0059dd0dfa61823e9a2ac28a79ac54411ab,0.22856101866961187,0.3899410918292501,0.6670942855100689,0.6531886467988581,0.09750972155071674,1.41115590313025,1.2942051811751354,1.5913256429244993e-05,-1.4962496977510884e-05,4.04032603718545e-05,4.481921738082357e-05,2.2199893681972734e-06,-1.4962496977510884e-05,4.63183139317504e-05,-2.312576441098501e-05,-3.35617162898061e-05,-7.549346492394562e-06,4.04032603718545e-05,-2.312576441098501e-05,0.00013555925580520376,0.00012234910793787433,2.995168265968678e-06,4.481921738082357e-05,-3.35617162898061e-05,0.00012234910793787433,0.00012996666961649961,4.3872817782798615e-06,2.2199893681972734e-06,-7.549346492394562e-06,2.995168265968678e-06,4.3872817782798615e-06,2.8963468396070023e-06
603,0.01,1,5,transient,nominal_with_true_state,nominal,true_state,all,0,0.13004105529155122,0.4407499618326553,0.03721687365183801,0.01815860260593355,0.017957054998853805,0.016216357050479892,0.007773530054598598,0.4902164732841873,2.6230277770589363,0,0,0,True,False,results/data/experiment_10hq/experiment_10hq_seed603_Q0.01_fold1_client5_transient_nominal_with_true_state.npz,90f06b2ef8a3bbf68923799bce4050bc1c21a20c4d266583b15ef1b964d46cdb,0.0,0.0,0.0,0.0,0.0,0.0,0.0,0.0,0.0,0.0,0.0,0.0,0.0,0.0,0.0,0.0,0.0,0.0,0.0,0.0,0.0,0.0,0.0,0.0,0.0,0.0,0.0,0.0,0.0,0.0,0.0,0.0
603,0.01,1,5,transient,learned_with_nominal_kf,learned,nominal_kf,none,0,0.09773442525650064,0.3554725385442809,0.036969822610587816,0.018118153272514845,0.017968487846197853,0.01611489326802158,0.008395643401037826,0.49383489611346865,11.323514893823322,0,0,0,True,False,results/data/experiment_10hq/experiment_10hq_seed603_Q0.01_fold1_client5_transient_learned_with_nominal_kf.npz,77fb970a238a2ad848c1c4970f8b0cbf556d292abf3801fcd3b6a354bb0b4008,0.07494717620294607,0.1295568451088657,0.020261629480162944,0.0681968190042286,0.09366220459042297,0.17948659024338787,0.08195369887924868,1.7110601789762438e-06,4.957911406740283e-07,-3.4515854624888943e-07,-1.4461082302752038e-06,2.0510162764773986e-07,4.957911406740283e-07,5.112996115199598e-06,2.521366368342952e-07,-3.605432362538872e-07,7.244375183993311e-07,-3.4515854624888943e-07,2.521366368342952e-07,1.2505569485996008e-07,2.520814254696637e-07,1.6458354529699975e-07,-1.4461082302752038e-06,-3.605432362538872e-07,2.520814254696637e-07,1.4167165609018867e-06,-5.546893424470125e-07,2.0510162764773986e-07,7.244375183993311e-07,1.6458354529699975e-07,-5.546893424470125e-07,2.672289387007817e-06
603,0.01,1,5,transient,learned_with_learned_kf,learned,learned_kf,none,0,0.1030982250408371,0.38493257540680104,0.05209338931449769,0.03530372226759719,0.04526295721104466,0.04665507262297931,0.008974994171604913,0.4950400015601675,12.759226496455625,0,0,0,True,False,results/data/experiment_10hq/experiment_10hq_seed603_Q0.01_fold1_client5_transient_learned_with_learned_kf.npz,19a954cdbdc41813d259d1a25d250cb8b11777363fcb6fe3815e170223958204,0.10971876114986046,0.25360293924080296,0.05486963866519775,0.1945569952354414,0.09947805594895373,0.2065189499250045,0.24608188060935013,3.66704741759046e-06,3.91424288633978e-06,-1.623930622399368e-06,-6.466970430711385e-06,-7.255855654205752e-07,3.91424288633978e-06,1.9591302055128637e-05,-8.81713271881592e-07,-6.486085728704065e-06,-4.858804773346563e-06,-1.623930622399368e-06,-8.81713271881592e-07,9.171047348676517e-07,2.999444411619201e-06,1.0410473060886793e-07,-6.466970430711385e-06,-6.486085728704065e-06,2.999444411619201e-06,1.1530507851889638e-05,1.1610662231417854e-06,-7.255855654205752e-07,-4.858804773346563e-06,1.0410473060886793e-07,1.1610662231417854e-06,3.0144585334275864e-06
603,0.01,1,5,transient,learned_with_true_state,learned,true_state,all,0,0.10365463940362703,0.36476520053321,0.037036817527753826,0.01798702525014796,0.01786514309689203,0.016140278177306153,0.007724486854865015,0.48774249959685445,1.8509890463725922,0,0,0,True,False,results/data/experiment_10hq/experiment_10hq_seed603_Q0.01_fold1_client5_transient_learned_with_true_state.npz,a4fb23a73fa685cee1c87ad419f8f7a22407a01930d8d876d7d43e951f0bc2b7,0.0,0.0,0.0,0.0,0.0,0.0,0.0,0.0,0.0,0.0,0.0,0.0,0.0,0.0,0.0,0.0,0.0,0.0,0.0,0.0,0.0,0.0,0.0,0.0,0.0,0.0,0.0,0.0,0.0,0.0,0.0,0.0
603,0.01,1,5,transient,oracle_with_nominal_kf,oracle,nominal_kf,none,0,0.1281718403518225,0.43667316792785904,0.037435627748304647,0.018369727316393292,0.01824608408319103,0.01630629264305834,0.00875264360424851,0.5060529156908321,14.788155677331826,0,0,0,True,False,results/data/experiment_10hq/experiment_10hq_seed603_Q0.01_fold1_client5_transient_oracle_with_nominal_kf.npz,16830162681bfa1d5d2d6d633ed8686db6b7c9f6773cacfc32992def429df22e,0.25279493838129224,0.1719222445711996,0.2159965781831046,0.16675890518669545,0.07693505644885393,0.6112352316072146,0.340094470703551,1.946666176973026e-05,-2.877498919205936e-06,1.1980200806129265e-05,1.162371474421204e-05,-3.695339141671073e-07,-2.877498919205936e-06,9.003655722273605e-06,3.505309661079996e-06,-1.099011098318855e-06,8.107892426468172e-07,1.1980200806129265e-05,3.505309661079996e-06,1.4211780048080851e-05,6.275300819542063e-06,1.6247534926740866e-06,1.162371474421204e-05,-1.099011098318855e-06,6.275300819542063e-06,8.470963405735402e-06,-1.0482410915235306e-06,-3.695339141671073e-07,8.107892426468172e-07,1.6247534926740866e-06,-1.0482410915235306e-06,1.803031394394362e-06
603,0.01,1,5,transient,oracle_with_learned_kf,oracle,learned_kf,none,0,0.15400597304639244,0.5325139983457744,0.05303883047459934,0.03593975426815606,0.04620852768943586,0.047466705394460317,0.009126449639633449,0.5135145440321098,21.615298513439047,0,0,0,True,False,results/data/experiment_10hq/experiment_10hq_seed603_Q0.01_fold1_client5_transient_oracle_with_learned_kf.npz,0ef497dc0509daaeb45158c67550f4e3339a5c3960d19cf1e9d2e63725921640,0.36066528278843707,0.33308924739081897,0.5618330211148601,0.4783850344227838,0.08302444538025511,1.2729250266191738,1.0199377029318895,3.9624465271427884e-05,-1.9988959458364523e-05,5.376380872191725e-05,5.1765221660112794e-05,2.9448029039194913e-06,-1.9988959458364523e-05,3.379682957143826e-05,-1.6654965147988853e-05,-2.056818112134493e-05,-5.509058730004489e-06,5.376380872191725e-05,-1.6654965147988853e-05,9.615442093132348e-05,7.550922598365662e-05,2.198339623037063e-06,5.1765221660112794e-05,-2.056818112134493e-05,7.550922598365662e-05,6.971237921446976e-05,2.637454383770851e-06,2.9448029039194913e-06,-5.509058730004489e-06,2.198339623037063e-06,2.637454383770851e-06,2.099745704060279e-06
603,0.01,1,5,transient,oracle_with_true_state,oracle,true_state,all,0,0.13072014138799176,0.4334337189529681,0.03736434540372271,0.018204286638538222,0.018031183089415745,0.01627263913039341,0.007791198227833485,0.4916711303537243,2.190048367280496,0,0,0,True,False,results/data/experiment_10hq/experiment_10hq_seed603_Q0.01_fold1_client5_transient_oracle_with_true_state.npz,4c7a64f454254affd5b074745d1f2c635730d02650e62764afc5431c09275e49,0.0,0.0,0.0,0.0,0.0,0.0,0.0,0.0,0.0,0.0,0.0,0.0,0.0,0.0,0.0,0.0,0.0,0.0,0.0,0.0,0.0,0.0,0.0,0.0,0.0,0.0,0.0,0.0,0.0,0.0,0.0,0.0
603,0.01,1,5,transient,learned_with_learned_kf_correct_beta,learned,learned_kf,beta,0,0.10605350038382552,0.3963718987562086,0.05216022062592253,0.035337484560204954,0.04532932164258423,0.04671293904046778,0.008982923567484905,0.49575473528590686,12.824347706753725,0,0,0,True,False,results/data/experiment_10hq/experiment_10hq_seed603_Q0.01_fold1_client5_transient_learned_with_learned_kf_correct_beta.npz,4c89004568f35f9a4694385e5eb64f87c4b50d9fc4d8f6a6c4c43cfa072293cf,0.0,0.2538480290673764,0.054950624936949584,0.19480306591280108,0.09956617159312968,0.2507902491392002,0.2463959067702619,0.0,0.0,0.0,0.0,0.0,0.0,1.9629187649512453e-05,-8.834365674793137e-07,-6.502439032490006e-06,-4.869589453807412e-06,0.0,-8.834365674793137e-07,9.198139820067373e-07,3.0070517566594472e-06,1.0313253329666331e-07,0.0,-6.502439032490006e-06,3.0070517566594472e-06,1.155969327550843e-05,1.1606031123955297e-06,0.0,-4.869589453807412e-06,1.0313253329666331e-07,1.1606031123955297e-06,3.0198011910379903e-06
603,0.01,1,5,transient,learned_with_learned_kf_correct_forces,learned,learned_kf,forces,0,0.09886598056008987,0.3643390997625794,0.05196199609172381,0.03525666915357505,0.045136570859027066,0.04654166842235102,0.008961656730476176,0.493385772221127,12.180122288703576,0,0,0,True,False,results/data/experiment_10hq/experiment_10hq_seed603_Q0.01_fold1_client5_transient_learned_with_learned_kf_correct_forces.npz,4f331a6b63af51f17c1c6907f640b1f25137d2b13e0d6ee21d3a3bb322a8fa2b,0.10942439486306349,0.2532600922233616,0.0,0.0,0.0993291789659831,0.27382208244321443,0.0,3.6473970482921725e-06,3.894395947299798e-06,0.0,0.0,-7.267049286386329e-07,3.894395947299798e-06,1.9538366712601296e-05,0.0,0.0,-4.843410554266978e-06,0.0,0.0,0.0,0.0,0.0,0.0,0.0,0.0,0.0,0.0,-7.267049286386329e-07,-4.843410554266978e-06,0.0,0.0,3.0054425214636875e-06
603,0.01,1,5,transient,learned_with_learned_kf_correct_beta_forces,learned,learned_kf,beta_forces,0,0.10141824024429222,0.3751259853196165,0.05202821395536256,0.03528962161857652,0.04520145633149274,0.046599035175287205,0.008968973768047957,0.4940755561155936,12.2309454878035,0,0,0,True,False,results/data/experiment_10hq/experiment_10hq_seed603_Q0.01_fold1_client5_transient_learned_with_learned_kf_correct_beta_forces.npz,825fe124c9c9dda581e147efd601f203d27c5fd1a877915f9196c048494eccee,0.0,0.25349948446477844,0.0,0.0,0.0994104310301673,0.2056135152749056,0.0,0.0,0.0,0.0,0.0,0.0,0.0,1.9575321164977813e-05,0.0,0.0,-4.853698537182099e-06,0.0,0.0,0.0,0.0,0.0,0.0,0.0,0.0,0.0,0.0,0.0,-4.853698537182099e-06,0.0,0.0,3.010361484638988e-06
603,0.01,1,8,broadband,nominal_with_nominal_kf,nominal,nominal_kf,none,0,0.14167513404104332,0.4280312334101789,0.02391268405831606,0.02010817666909882,0.01016643168477642,0.0089003508007883,0.007922913936732943,0.27584027870551714,18.69719419683801,0,0,0,True,False,results/data/experiment_10hq/experiment_10hq_seed603_Q0.01_fold1_client8_broadband_nominal_with_nominal_kf.npz,9edbc76ef263f6530ebb7e2c0cc8dde8aaa398427cc177c126836fbbf9c4e2c7,0.09792121692598268,0.21838066537930118,0.12131299109429881,0.09961169332287535,0.08468989231222902,0.2575754884161102,0.1635150723403965,2.9208438457635657e-06,-5.379181914721637e-06,4.1428331989763305e-07,2.717529882943887e-06,5.149271024210487e-07,-5.379181914721637e-06,1.452723978413643e-05,-9.953352778562327e-08,-4.585442575515873e-06,2.766938431078436e-07,4.1428331989763305e-07,-9.953352778562327e-08,4.483006379036879e-06,3.195204657109303e-07,1.636245857804776e-06,2.717529882943887e-06,-4.585442575515873e-06,3.195204657109303e-07,3.0225631330995425e-06,7.206568544977549e-07,5.149271024210487e-07,2.766938431078436e-07,1.636245857804776e-06,7.206568544977549e-07,2.1848312374049384e-06
603,0.01,1,8,broadband,nominal_with_learned_kf,nominal,learned_kf,none,0,0.15680700038667303,0.4655473962094037,0.030978782007864327,0.03655681473188689,0.022367598205656588,0.025258024528923635,0.009828643695653014,0.30074919638205094,31.582511947479446,0,0,0,True,False,results/data/experiment_10hq/experiment_10hq_seed603_Q0.01_fold1_client8_broadband_nominal_with_learned_kf.npz,12331100e021d2033de68e87cf3e6ab84496a4ca8ac23b63cb3cbf2343ac36e5,0.12714510018181885,0.39570243204042543,0.2644295861826918,0.27573290189228883,0.10754470722938096,0.41911727469888604,0.506923702309924,4.924407588095144e-06,-1.349894760285203e-05,6.549700577008907e-06,1.0355728106343585e-05,2.971756839364571e-06,-1.349894760285203e-05,4.769712192196392e-05,-1.8575298590217267e-05,-2.8344853422757968e-05,-8.71372007478771e-06,6.549700577008907e-06,-1.8575298590217267e-05,2.129976568630053e-05,1.6909313083379263e-05,2.9906562198373345e-06,1.0355728106343585e-05,-2.8344853422757968e-05,1.6909313083379263e-05,2.3159646071011946e-05,5.808052231495833e-06,2.971756839364571e-06,-8.71372007478771e-06,2.9906562198373345e-06,5.808052231495833e-06,3.5231636654449297e-06
603,0.01,1,8,broadband,nominal_with_true_state,nominal,true_state,all,0,0.15006917262368322,0.4655157573589657,0.023922142147443124,0.0201156577113838,0.009968625413338365,0.00889718087609326,0.007102075849914107,0.24074878422345358,2.575801287197355,0,0,0,True,False,results/data/experiment_10hq/experiment_10hq_seed603_Q0.01_fold1_client8_broadband_nominal_with_true_state.npz,e1f616d2e88e3280043611f3399e09a99c462ec857377a63d3e5699bd9f68662,0.0,0.0,0.0,0.0,0.0,0.0,0.0,0.0,0.0,0.0,0.0,0.0,0.0,0.0,0.0,0.0,0.0,0.0,0.0,0.0,0.0,0.0,0.0,0.0,0.0,0.0,0.0,0.0,0.0,0.0,0.0,0.0
603,0.01,1,8,broadband,learned_with_nominal_kf,learned,nominal_kf,none,0,0.11116248335850373,0.3352112300416745,0.023534689609878423,0.019870316529931778,0.00998705662653662,0.008778992603259237,0.007638817700186692,0.25017289036087514,11.446632549269893,0,0,0,True,False,results/data/experiment_10hq/experiment_10hq_seed603_Q0.01_fold1_client8_broadband_learned_with_nominal_kf.npz,658c5058e77219efd040d0504c661672e573bd651d4dbe6806821ca154794418,0.04027686768480208,0.14268057858245403,0.00842543182752235,0.029346847703612122,0.08446406603340197,0.18408876965581508,0.031187995953807925,4.94158319906153e-07,1.428719695331783e-06,-1.1917966964886938e-08,-3.329095582714305e-07,-2.0294184205059124e-07,1.428719695331783e-06,6.201324517527819e-06,2.9822891834135433e-09,-8.77400946003814e-07,2.4131320546242034e-07,-1.1917966964886938e-08,2.9822891834135433e-09,2.16241513849797e-08,6.163281607421518e-09,1.2088158040512315e-07,-3.329095582714305e-07,-8.77400946003814e-07,6.163281607421518e-09,2.623479359773759e-07,2.1032566941334879e-07,-2.0294184205059124e-07,2.4131320546242034e-07,1.2088158040512315e-07,2.1032566941334879e-07,2.1731950320095384e-06
603,0.01,1,8,broadband,learned_with_learned_kf,learned,learned_kf,none,0,0.11584308850484186,0.3512595747338196,0.03020999694053348,0.03571540450277865,0.02154310781353921,0.024649946798382782,0.009675924886583257,0.25205510619673194,12.88790315333492,0,0,0,True,False,results/data/experiment_10hq/experiment_10hq_seed603_Q0.01_fold1_client8_broadband_learned_with_learned_kf.npz,119ca9ac7803e5cb999de379987f085e60bd0cb2205b3786e299ff600ed8e870,0.052127717946486844,0.2570186114136838,0.01753032349540362,0.0801696074411233,0.10657973118964693,0.17808361710845283,0.09387955100082605,8.277366035613905e-07,3.5117845634606296e-06,-1.7365796338001204e-07,-1.239538412141269e-06,-1.1520968523635791e-06,3.5117845634606296e-06,2.012259011646602e-05,-7.289343159945872e-07,-5.331135567823982e-06,-5.409304211290591e-06,-1.7365796338001204e-07,-7.289343159945872e-07,9.361266218228223e-08,3.166333428397248e-07,1.8179151386540197e-07,-1.239538412141269e-06,-5.331135567823982e-06,3.166333428397248e-07,1.957826710442673e-06,1.6237479114707126e-06,-1.1520968523635791e-06,-5.409304211290591e-06,1.8179151386540197e-07,1.6237479114707126e-06,3.4602221055216253e-06
603,0.01,1,8,broadband,learned_with_true_state,learned,true_state,all,0,0.1185600401269945,0.36816254690319355,0.023665631759040625,0.019962805233664848,0.00988138536407741,0.008818275131971474,0.007118562257202568,0.23827453065334292,1.8133223494801405,0,0,0,True,False,results/data/experiment_10hq/experiment_10hq_seed603_Q0.01_fold1_client8_broadband_learned_with_true_state.npz,d5609b9aaa5016cb28a3e7e923b3191fd753fb77b5859aa41d05250c237f51a5,0.0,0.0,0.0,0.0,0.0,0.0,0.0,0.0,0.0,0.0,0.0,0.0,0.0,0.0,0.0,0.0,0.0,0.0,0.0,0.0,0.0,0.0,0.0,0.0,0.0,0.0,0.0,0.0,0.0,0.0,0.0,0.0
603,0.01,1,8,broadband,oracle_with_nominal_kf,oracle,nominal_kf,none,0,0.15091254002073234,0.4461473552928079,0.024299046752945915,0.020378781277986154,0.010331871189568177,0.009026754466346789,0.007926637194197332,0.27296151284411513,15.817269977912371,0,0,0,True,False,results/data/experiment_10hq/experiment_10hq_seed603_Q0.01_fold1_client8_broadband_oracle_with_nominal_kf.npz,9c910a8a3e019ed23474e176e5bfe9a7cb123627978d12278e3247a276d21e5d,0.15716423923952522,0.1987708795165862,0.10411844071066194,0.0791114883562553,0.07400961065906377,0.24074443564388315,0.1360110633757434,7.524232459112414e-06,-7.889438402239663e-06,5.560826492583785e-07,3.4547309683108436e-06,7.189811252539642e-07,-7.889438402239663e-06,1.2035392384219035e-05,-7.525939382071735e-08,-3.3153786226801846e-06,2.174675412577704e-07,5.560826492583785e-07,-7.525939382071735e-08,3.3022507392130655e-06,2.1319138648460583e-07,1.2278046167563218e-06,3.4547309683108436e-06,-3.3153786226801846e-06,2.1319138648460583e-07,1.9064869878540133e-06,5.00868128868464e-07,7.189811252539642e-07,2.174675412577704e-07,1.2278046167563218e-06,5.00868128868464e-07,1.6685182998645684e-06
603,0.01,1,8,broadband,oracle_with_learned_kf,oracle,learned_kf,none,0,0.16720276252800972,0.4913709568674717,0.03147135915663766,0.037134835858823184,0.022584299329997927,0.02564686851331028,0.009913572220976644,0.282174431090822,22.82077360723674,0,0,0,True,False,results/data/experiment_10hq/experiment_10hq_seed603_Q0.01_fold1_client8_broadband_oracle_with_learned_kf.npz,1a1f92ba2e0459a92f1c102f812a7fd85d01b68b8f9c89abcd2ee88751290c0e,0.20400394764227067,0.36060469895811387,0.22519367696192108,0.21889521606197998,0.09474016258345952,0.40494346188674835,0.41729763106234186,1.2677449174996703e-05,-1.9770542572559085e-05,8.98419900148088e-06,1.3176708968329526e-05,4.224232863560019e-06,-1.9770542572559085e-05,3.9611154313201185e-05,-1.4491033242410712e-05,-2.04798303108482e-05,-7.047540683349843e-06,8.98419900148088e-06,-1.4491033242410712e-05,1.5447817122520383e-05,1.1500831465663715e-05,2.274036873315554e-06,1.3176708968329526e-05,-2.04798303108482e-05,1.1500831465663715e-05,1.4595778887368571e-05,4.071222360092075e-06,4.224232863560019e-06,-7.047540683349843e-06,2.274036873315554e-06,4.071222360092075e-06,2.7341540893230675e-06
603,0.01,1,8,broadband,oracle_with_true_state,oracle,true_state,all,0,0.15718237012832775,0.4823839011600188,0.02426501445915782,0.020355648542063724,0.010119733388484004,0.009008849804720423,0.007140897237221335,0.24425125291682823,2.2581343683803836,0,0,0,True,False,results/data/experiment_10hq/experiment_10hq_seed603_Q0.01_fold1_client8_broadband_oracle_with_true_state.npz,e3de6bb9d165e7ff766c371739b95f28013a9600cb6ca164784c23b1b30988e5,0.0,0.0,0.0,0.0,0.0,0.0,0.0,0.0,0.0,0.0,0.0,0.0,0.0,0.0,0.0,0.0,0.0,0.0,0.0,0.0,0.0,0.0,0.0,0.0,0.0,0.0,0.0,0.0,0.0,0.0,0.0,0.0
603,0.01,1,8,broadband,learned_with_learned_kf_correct_beta,learned,learned_kf,beta,0,0.11716808844216449,0.355167579808761,0.03027926464974577,0.03579033594603732,0.02158668233725913,0.024706774059407455,0.009687766994496966,0.2526731408292805,12.968104213888804,0,0,0,True,False,results/data/experiment_10hq/experiment_10hq_seed603_Q0.01_fold1_client8_broadband_learned_with_learned_kf_correct_beta.npz,6d08d507d0648a6ad82302f6d5fcfa98fd6b21603364b1907575fa4d855e3daa,0.0,0.2575577192518479,0.01756909035172541,0.08035474683679908,0.10670926057285911,0.151072513554466,0.09409700627939561,0.0,0.0,0.0,0.0,0.0,0.0,2.0207094684697557e-05,-7.323334737542883e-07,-5.35671860502841e-06,-5.434922913068436e-06,0.0,-7.323334737542883e-07,9.402715325745201e-08,3.1812542274142654e-07,1.8238021644041e-07,0.0,-5.35671860502841e-06,3.1812542274142654e-07,1.9668797518875805e-06,1.6312767609058102e-06,0.0,-5.434922913068436e-06,1.8238021644041e-07,1.6312767609058102e-06,3.4686378293272173e-06
603,0.01,1,8,broadband,learned_with_learned_kf_correct_forces,learned,learned_kf,forces,0,0.11443956182408245,0.34538212610410307,0.030092864031866104,0.03558480793187081,0.021476342715669516,0.024555147105623804,0.009650538737627485,0.2504257710203183,12.288432061978304,0,0,0,True,False,results/data/experiment_10hq/experiment_10hq_seed603_Q0.01_fold1_client8_broadband_learned_with_learned_kf_correct_forces.npz,08e96f0cc05c19937a06d77212659e08357ff8debde82f16db052761a2432c64,0.051923197362800974,0.25607768945406,0.0,0.0,0.1063014752252127,0.24439218606814667,0.0,8.21254176130961e-07,3.4842097768289707e-06,0.0,0.0,-1.1439796093766364e-06,3.4842097768289707e-06,1.9975525828958935e-05,0.0,0.0,-5.362684489853084e-06,0.0,0.0,0.0,0.0,0.0,0.0,0.0,0.0,0.0,0.0,-1.1439796093766364e-06,-5.362684489853084e-06,0.0,0.0,3.4421779508913418e-06
603,0.01,1,8,broadband,learned_with_learned_kf_correct_beta_forces,learned,learned_kf,beta_forces,0,0.1156336103984543,0.3493021194407779,0.03016161017680366,0.035658774618860176,0.021517923690901528,0.02461154632866324,0.009662068618357892,0.2510069013292102,12.354829078597227,0,0,0,True,False,results/data/experiment_10hq/experiment_10hq_seed603_Q0.01_fold1_client8_broadband_learned_with_learned_kf_correct_beta_forces.npz,85d0749fa54e32f10dcd19cab503cf22bd8f67edd38b84a57b5e43db134487ea,0.0,0.2566099649486609,0.0,0.0,0.10642753650247189,0.20445545542774168,0.0,0.0,0.0,0.0,0.0,0.0,0.0,2.0058653204054333e-05,0.0,0.0,-5.387686267672494e-06,0.0,0.0,0.0,0.0,0.0,0.0,0.0,0.0,0.0,0.0,0.0,-5.387686267672494e-06,0.0,0.0,3.4503468430126754e-06
603,0.01,1,8,transient,nominal_with_nominal_kf,nominal,nominal_kf,none,0,0.13427821049760713,0.47449808572800894,0.040560572618624106,0.024023391526345684,0.01602003722564754,0.017488948783392255,0.009191165125784669,0.5224688330830289,18.759664494376658,0,0,0,True,False,results/data/experiment_10hq/experiment_10hq_seed603_Q0.01_fold1_client8_transient_nominal_with_nominal_kf.npz,69546b3a203425a304980ba1fe72784a5370a577544447408e92c86517a7d021,0.17491618888800123,0.26333095945068863,0.22596362775972673,0.24379309633734284,0.09525702222658874,0.5182536850430102,0.42136089079802713,9.31997500705257e-06,-1.0267686766223888e-05,7.397732349330972e-06,1.235216236542384e-05,8.09908481501274e-07,-1.0267686766223888e-05,2.1123144898562825e-05,-5.3242965951589665e-06,-1.115549635640225e-05,-4.6290611900181393e-07,7.397732349330972e-06,-5.3242965951589665e-06,1.555363174868773e-05,1.0212354652259916e-05,3.495561278220452e-06,1.235216236542384e-05,-1.115549635640225e-05,1.0212354652259916e-05,1.810495883241371e-05,4.178989217523248e-07,8.09908481501274e-07,-4.6290611900181393e-07,3.495561278220452e-06,4.178989217523248e-07,2.764068091754593e-06
603,0.01,1,8,transient,nominal_with_learned_kf,nominal,learned_kf,none,0,0.1574042117532942,0.5590847413972754,0.056130121656387616,0.04519700784177702,0.04360200179588285,0.04839811941508497,0.010762213972234758,0.5393636993278433,32.10658312212511,0,0,0,True,False,results/data/experiment_10hq/experiment_10hq_seed603_Q0.01_fold1_client8_transient_nominal_with_learned_kf.npz,397b8e67b8814a46d3d21076d9a63d9cba4bea0558e6750cdf8bba0a373d9a2c,0.24304161986852266,0.49375235197657946,0.6356407120533785,0.6689846688043608,0.11561893458775335,1.3070336394320525,1.28139039682444,1.7993516123210907e-05,-2.4644181860891733e-05,4.043683582348822e-05,4.8547884795574265e-05,4.3017039536465615e-06,-2.4644181860891733e-05,7.426310269002977e-05,-5.04806666184732e-05,-6.154729731440393e-05,-1.2433245618064288e-05,4.043683582348822e-05,-5.04806666184732e-05,0.00012307735264929063,0.0001203820242330258,7.775240165921104e-06,4.8547884795574265e-05,-6.154729731440393e-05,0.0001203820242330258,0.00013632862842905105,9.98897413321047e-06,4.3017039536465615e-06,-1.2433245618064288e-05,7.775240165921104e-06,9.98897413321047e-06,4.072045868669459e-06
603,0.01,1,8,transient,nominal_with_true_state,nominal,true_state,all,0,0.1398183324658497,0.4603858093452989,0.04053562263078395,0.024036204055258657,0.015833888197946632,0.017471450443892842,0.008484615291289344,0.5036799015250099,2.6695688546840444,0,0,0,True,False,results/data/experiment_10hq/experiment_10hq_seed603_Q0.01_fold1_client8_transient_nominal_with_true_state.npz,5dd0356e20c623b08524cedc4387ea98335badc64054ec3b03a2cc7b15eee077,0.0,0.0,0.0,0.0,0.0,0.0,0.0,0.0,0.0,0.0,0.0,0.0,0.0,0.0,0.0,0.0,0.0,0.0,0.0,0.0,0.0,0.0,0.0,0.0,0.0,0.0,0.0,0.0,0.0,0.0,0.0,0.0
603,0.01,1,8,transient,learned_with_nominal_kf,learned,nominal_kf,none,0,0.10744990374619319,0.3917007556142554,0.04026190511014241,0.023827613953926564,0.015840977448147983,0.017374058625148726,0.008950813757820546,0.5070824875358101,11.604084171243963,0,0,0,True,False,results/data/experiment_10hq/experiment_10hq_seed603_Q0.01_fold1_client8_transient_learned_with_nominal_kf.npz,90f68c55a4cb10cfbc6708c0f5cc8d3123d8e46c811e3ced9ed90d1821b34bf1,0.08195649463603213,0.17060277688425188,0.017896813469844244,0.0731212587767703,0.09970896609405026,0.2037527647082988,0.08544457767849756,2.0460746985584256e-06,2.9288684330378367e-06,-2.910685846252088e-07,-1.7743133176918377e-06,-3.027849559495752e-07,2.9288684330378367e-06,8.86598366684459e-06,-2.565216721874811e-07,-2.153638920141627e-06,-2.8183524538754425e-07,-2.910685846252088e-07,-2.565216721874811e-07,9.756772048806734e-08,2.4883609677085543e-07,2.8695859997435314e-07,-1.7743133176918377e-06,-2.153638920141627e-06,2.4883609677085543e-07,1.6287035892568803e-06,8.522502558481722e-08,-3.027849559495752e-07,-2.8183524538754425e-07,2.8695859997435314e-07,8.522502558481722e-08,3.028469199686085e-06
603,0.01,1,8,transient,learned_with_learned_kf,learned,learned_kf,none,0,0.11316560655771359,0.4105540348510216,0.05537954184678619,0.0446026789132525,0.042764036740588526,0.047791887809251234,0.010658867675062016,0.5084265837705693,13.039396916293718,0,0,0,True,False,results/data/experiment_10hq/experiment_10hq_seed603_Q0.01_fold1_client8_transient_learned_with_learned_kf.npz,7ab4b1757804c35f82630c319f40c1acf58c9fcf10fc4738c52c0ca0eaac1704,0.11693648936240134,0.320155350058957,0.05250058000432704,0.1993630149993595,0.11799569511176186,0.21412345032932148,0.2487308263483044,4.1653820196717e-06,6.828739772729245e-06,-1.6357324825750392e-06,-7.016790650844057e-06,-1.7217299748010357e-06,6.828739772729245e-06,3.1223117431525207e-05,-2.252758486683601e-06,-1.1845798830359665e-05,-8.032944396177946e-06,-1.6357324825750392e-06,-2.252758486683601e-06,8.396203147288549e-07,2.9494735998386727e-06,5.216500141100527e-07,-7.016790650844057e-06,-1.1845798830359665e-05,2.9494735998386727e-06,1.2107205699018051e-05,2.9008164568069583e-06,-1.7217299748010357e-06,-8.032944396177946e-06,5.216500141100527e-07,2.9008164568069583e-06,4.241183481583692e-06
603,0.01,1,8,transient,learned_with_true_state,learned,true_state,all,0,0.11122537087530898,0.37700216976975304,0.040342698422851875,0.023872426886098568,0.015742976218207482,0.01739680598957663,0.008457981508496264,0.5010141854752002,1.9017870150716938,0,0,0,True,False,results/data/experiment_10hq/experiment_10hq_seed603_Q0.01_fold1_client8_transient_learned_with_true_state.npz,632007bd48fa649b114d3dd6db44d5862382d0853391933fb9d863cd49a7cee5,0.0,0.0,0.0,0.0,0.0,0.0,0.0,0.0,0.0,0.0,0.0,0.0,0.0,0.0,0.0,0.0,0.0,0.0,0.0,0.0,0.0,0.0,0.0,0.0,0.0,0.0,0.0,0.0,0.0,0.0,0.0,0.0
603,0.01,1,8,transient,oracle_with_nominal_kf,oracle,nominal_kf,none,0,0.1369337928770866,0.4688051036005399,0.040792997991554614,0.024156914823789632,0.016141982209658137,0.017564212473784195,0.00918789154697118,0.5215749463779089,15.938269158138299,0,0,0,True,False,results/data/experiment_10hq/experiment_10hq_seed603_Q0.01_fold1_client8_transient_oracle_with_nominal_kf.npz,6a3c868c5c6a03f8904d58916a7eb90960750f8c50a5e6b382899072464a3961,0.2774981720033814,0.23852143881968826,0.1931418851487579,0.1943109401876042,0.0832209926947911,0.5252653232337001,0.34702152680654774,2.345713613748273e-05,-1.4804918655353888e-05,9.968401340508334e-06,1.5578386639742936e-05,1.10243418389444e-06,-1.4804918655353888e-05,1.7330439480967485e-05,-4.1373094620167145e-06,-8.030550339220997e-06,-3.4425322142330563e-07,9.968401340508334e-06,-4.1373094620167145e-06,1.1363383587546229e-05,6.9092425740523106e-06,2.6351041100488364e-06,1.5578386639742936e-05,-8.030550339220997e-06,6.9092425740523106e-06,1.1501361168152858e-05,2.649835669328907e-07,1.10243418389444e-06,-3.4425322142330563e-07,2.6351041100488364e-06,2.649835669328907e-07,2.109699107009981e-06
603,0.01,1,8,transient,oracle_with_learned_kf,oracle,learned_kf,none,0,0.1636840457447447,0.5550751120944256,0.05642842357976915,0.04544507393972267,0.0437892192459954,0.04863777333409505,0.010775210079242398,0.5295619756593631,23.348436981114855,0,0,0,True,False,results/data/experiment_10hq/experiment_10hq_seed603_Q0.01_fold1_client8_transient_oracle_with_learned_kf.npz,e9c648b872674530c70271bb571d814a9db552cad82fc69eab3a39f569781759,0.3855891356043606,0.4466679266562719,0.5420698818457144,0.5333755919605585,0.10110546969255893,1.2306178806897632,1.0564323981683648,4.5290207719863244e-05,-3.549696780116172e-05,5.4638081642245455e-05,6.132225165125893e-05,6.000605433803555e-06,-3.549696780116172e-05,6.077490276046864e-05,-3.9150236784337e-05,-4.414530795510372e-05,-9.840468817453082e-06,5.4638081642245455e-05,-3.9150236784337e-05,8.950870854845751e-05,8.189945974034314e-05,5.84823194693847e-06,6.132225165125893e-05,-4.414530795510372e-05,8.189945974034314e-05,8.666046417823535e-05,6.909674105538994e-06,6.000605433803555e-06,-9.840468817453082e-06,5.84823194693847e-06,6.909674105538994e-06,3.1138955246983675e-06
603,0.01,1,8,transient,oracle_with_true_state,oracle,true_state,all,0,0.1394123225067591,0.44881536133569777,0.04073968814684724,0.024151973848420077,0.0159381988981609,0.017536853618740855,0.008502093783903522,0.5057604131077983,2.338541344597354,0,0,0,True,False,results/data/experiment_10hq/experiment_10hq_seed603_Q0.01_fold1_client8_transient_oracle_with_true_state.npz,727fdfe2d476ca12dfb2da46f42c333683a892a3a176dda9cf214674f90b4af7,0.0,0.0,0.0,0.0,0.0,0.0,0.0,0.0,0.0,0.0,0.0,0.0,0.0,0.0,0.0,0.0,0.0,0.0,0.0,0.0,0.0,0.0,0.0,0.0,0.0,0.0,0.0,0.0,0.0,0.0,0.0,0.0
603,0.01,1,8,transient,learned_with_learned_kf_correct_beta,learned,learned_kf,beta,0,0.1160097061230058,0.42289774573735767,0.055452675218653595,0.044656159224345675,0.04283587618338234,0.04785147839298437,0.010666552270215015,0.5092422873117203,13.139748103218167,0,0,0,True,False,results/data/experiment_10hq/experiment_10hq_seed603_Q0.01_fold1_client8_transient_learned_with_learned_kf_correct_beta.npz,07529e71b41e6b80a800c9e51043333098f82cb8df77ed6be3990aeebf56226e,0.0,0.3205380851167398,0.05259642114497093,0.19961404698311647,0.11808149080028321,0.23578165525172573,0.2490586494861898,0.0,0.0,0.0,0.0,0.0,0.0,3.1297814447671816e-05,-2.256885060720101e-06,-1.1870764571027056e-05,-8.052839951219472e-06,0.0,-2.256885060720101e-06,8.426886091679604e-07,2.9575396083869384e-06,5.220292484964676e-07,0.0,-1.1870764571027056e-05,2.9575396083869384e-06,1.2137714962332543e-05,2.905431480038298e-06,0.0,-8.052839951219472e-06,5.220292484964676e-07,2.905431480038298e-06,4.247353326085619e-06
603,0.01,1,8,transient,learned_with_learned_kf_correct_forces,learned,learned_kf,forces,0,0.1101454217266731,0.3925940449968582,0.055246847138477044,0.04452725767800543,0.04263789700854421,0.047684486203008546,0.010643866520462888,0.5067088213873826,12.389050851988568,0,0,0,True,False,results/data/experiment_10hq/experiment_10hq_seed603_Q0.01_fold1_client8_transient_learned_with_learned_kf_correct_forces.npz,ed5eb235610814d904ae69ad668ef6b81062f30fecc7ab1a4cce55528ca5b35f,0.11663708285599916,0.3196156748416556,0.0,0.0,0.11782676279960691,0.3324201433645936,0.0,4.144079073414898e-06,6.803620761396324e-06,0.0,0.0,-1.7179794106565572e-06,6.803620761396324e-06,3.1117942611546814e-05,0.0,0.0,-8.000583777799706e-06,0.0,0.0,0.0,0.0,0.0,0.0,0.0,0.0,0.0,0.0,-1.7179794106565572e-06,-8.000583777799706e-06,0.0,0.0,4.229048122739608e-06
603,0.01,1,8,transient,learned_with_learned_kf_correct_beta_forces,learned,learned_kf,beta_forces,0,0.11257643080702784,0.40480621727642574,0.05531934064985946,0.04458000192222972,0.042708182697606886,0.04774359081559014,0.010651109471807264,0.5074995566172651,12.475166555787293,0,0,0,True,False,results/data/experiment_10hq/experiment_10hq_seed603_Q0.01_fold1_client8_transient_learned_with_learned_kf_correct_beta_forces.npz,2c4de86db2e2eed6255578bf30dad727185fc6a5d75e0efda29e4777c72e83c9,0.0,0.3199932297168466,0.0,0.0,0.11790758334588694,0.25227650248128286,0.0,0.0,0.0,0.0,0.0,0.0,0.0,3.119150389856297e-05,0.0,0.0,-8.019728542731249e-06,0.0,0.0,0.0,0.0,0.0,0.0,0.0,0.0,0.0,0.0,0.0,-8.019728542731249e-06,0.0,0.0,4.234851748235939e-06
603,0.01,1,11,broadband,nominal_with_nominal_kf,nominal,nominal_kf,none,2,0.2260349737927834,0.7016700559379905,0.02921384406916474,0.04012346320210199,0.021553207705639028,0.008974794924837763,0.013881258034530128,0.3240226396200019,17.173370268291478,0,0,0,True,False,results/data/experiment_10hq/experiment_10hq_seed603_Q0.01_fold1_client11_broadband_nominal_with_nominal_kf.npz,1ef4e938f6c228b00a285ad718b8183c7df70916961405c77978c59e7b26585d,0.11964429461000312,0.4355494702691553,0.249537616423436,0.10240867959733345,0.15260477472916323,0.7230138704756702,0.24478990550149546,4.36052441310588e-06,5.233333786320814e-06,1.7841651095866507e-06,8.51760464187312e-08,-3.7715413989767046e-06,5.233333786320814e-06,5.778694227609957e-05,2.8817748726133185e-05,-5.503419624597163e-07,5.4663775996528e-07,1.7841651095866507e-06,2.8817748726133185e-05,1.8968228817416266e-05,-1.9548003237660023e-06,2.090735549554051e-06,8.51760464187312e-08,-5.503419624597163e-07,-1.9548003237660023e-06,3.194686660951469e-06,1.6359317497446927e-06,-3.7715413989767046e-06,5.4663775996528e-07,2.090735549554051e-06,1.6359317497446927e-06,7.093996656261904e-06
603,0.01,1,11,broadband,nominal_with_learned_kf,nominal,learned_kf,none,2,0.17010479116670535,0.5137720676642633,0.03958692843864642,0.01938634565128495,0.10132901918651935,0.11640201580724877,0.007249144223512424,0.31581605469956203,19.561737801154504,0,0,0,True,False,results/data/experiment_10hq/experiment_10hq_seed603_Q0.01_fold1_client11_broadband_nominal_with_learned_kf.npz,2ca3d591a6622e7a99d085f0016242747befe039124393fd7afb5b0f2f4c83ef,0.16305022924034746,0.21220374002010087,1.1425017630567949,1.2492687039283548,0.07821254133352717,2.4349165441814993,2.3701070885849345,8.098369023574832e-06,2.0929021541464553e-06,1.0080820995320174e-05,9.411166435994346e-06,-3.251708379717787e-07,2.0929021541464553e-06,1.371705256947534e-05,1.9198688484065465e-05,1.3084216116862606e-05,5.0576927464140707e-08,1.0080820995320174e-05,1.9198688484065465e-05,0.00039762024908451116,0.00041906599793009353,-7.35932803288526e-06,9.411166435994346e-06,1.3084216116862606e-05,0.00041906599793009353,0.0004754079675181718,-1.0642683683901443e-05,-3.251708379717787e-07,5.0576927464140707e-08,-7.35932803288526e-06,-1.0642683683901443e-05,1.863406174362619e-06
603,0.01,1,11,broadband,nominal_with_true_state,nominal,true_state,all,2,0.18393505520551007,0.5616115760100191,0.029208519281897258,0.03925882452099424,0.02109771927543503,0.008637045865721612,0.0135396427634793,0.2933517462015093,2.314010950755644,0,0,0,True,False,results/data/experiment_10hq/experiment_10hq_seed603_Q0.01_fold1_client11_broadband_nominal_with_true_state.npz,d8b161ab8584c0248d79a2ac8f1b66068cd01496fc8c664797d1f5c7cb519c70,0.0,0.0,0.0,0.0,0.0,0.0,0.0,0.0,0.0,0.0,0.0,0.0,0.0,0.0,0.0,0.0,0.0,0.0,0.0,0.0,0.0,0.0,0.0,0.0,0.0,0.0,0.0,0.0,0.0,0.0,0.0,0.0
603,0.01,1,11,broadband,learned_with_nominal_kf,learned,nominal_kf,none,2,0.6574935694601336,1.8947152724425764,0.0384368119245556,0.04973817757530229,0.027760561640480796,0.011134306547325676,0.017009632504612012,0.41269462838804727,21.25561371559084,0,0,0,True,False,results/data/experiment_10hq/experiment_10hq_seed603_Q0.01_fold1_client11_broadband_learned_with_nominal_kf.npz,467778c7e8462b94c2e665ad271523de813686cba29920a970e334e33c5efe07,0.14812956479818293,0.5916548274467031,0.3545739465076202,0.6451760395447758,0.2016915357794455,1.0460068229386608,0.6108248282917176,6.684027514209168e-06,-9.512777465310247e-06,-3.081030750335409e-06,1.6134148541113415e-07,6.70350218662339e-06,-9.512777465310247e-06,0.00010663298334357605,5.707437015836339e-05,-1.8332425881027008e-05,-5.484028823357139e-07,-3.081030750335409e-06,5.707437015836339e-05,3.829731946922149e-05,-2.5720042043671053e-05,3.371555861615701e-06,1.6134148541113415e-07,-1.8332425881027008e-05,-2.5720042043671053e-05,0.00012679764738519924,1.1127652458508662e-05,6.70350218662339e-06,-5.484028823357139e-07,3.371555861615701e-06,1.1127652458508662e-05,1.239167689709319e-05
603,0.01,1,11,broadband,learned_with_learned_kf,learned,learned_kf,none,2,0.22078147636316145,0.6633119463806952,0.04307989900277117,0.02066759065813638,0.10960458184971224,0.12617687378980677,0.0075616088731338075,0.3570549639149341,25.57672901296868,0,0,0,True,False,results/data/experiment_10hq/experiment_10hq_seed603_Q0.01_fold1_client11_broadband_learned_with_learned_kf.npz,95e36fa633dc34501e9c58cf1dcb41144b67d23dff00090dd04e6ac17dde2e46,0.16590770531659552,0.24953395888825106,1.3652935306398957,7.042619713133194,0.08767327205111311,8.362472126785502,8.367819809104775,8.384706177785913e-06,-2.7801836989253086e-06,-1.2008280225148163e-05,-5.1578550009350896e-05,3.215556124422059e-07,-2.7801836989253086e-06,1.8967672777354233e-05,2.6880028136078777e-05,9.183595794222375e-05,2.8925164316768808e-08,-1.2008280225148163e-05,2.6880028136078777e-05,0.0005678149199389977,0.0028265282094632957,-1.0545889925984553e-05,-5.1578550009350896e-05,9.183595794222375e-05,0.0028265282094632957,0.015108564787452306,-7.06272882787822e-05,3.215556124422059e-07,2.8925164316768808e-08,-1.0545889925984553e-05,-7.06272882787822e-05,2.341473060730796e-06
603,0.01,1,11,broadband,learned_with_true_state,learned,true_state,all,2,0.603652985741349,1.7539645415330372,0.03811455941354785,0.04808968356020051,0.026776132134716576,0.010518199491718781,0.016299529266691083,0.37274280812887345,2.5935705333774064,0,0,0,True,False,results/data/experiment_10hq/experiment_10hq_seed603_Q0.01_fold1_client11_broadband_learned_with_true_state.npz,69ea01ebc33c6aa5184663a20d4cdabca6f2fab23b62af14bf946cc443d65331,0.0,0.0,0.0,0.0,0.0,0.0,0.0,0.0,0.0,0.0,0.0,0.0,0.0,0.0,0.0,0.0,0.0,0.0,0.0,0.0,0.0,0.0,0.0,0.0,0.0,0.0,0.0,0.0,0.0,0.0,0.0,0.0
603,0.01,1,11,broadband,oracle_with_nominal_kf,oracle,nominal_kf,none,2,0.24345174057921776,0.7548570791871858,0.029528480751890275,0.0401367844795045,0.021664258237796042,0.008974149507529674,0.013992589591210202,0.3452325193900566,24.133613552517012,0,0,0,True,False,results/data/experiment_10hq/experiment_10hq_seed603_Q0.01_fold1_client11_broadband_oracle_with_nominal_kf.npz,52583264af77f896d6fdc0e9ba993dd567646667d07b67bba04919298e359465,0.12817703650439136,0.5690965182103775,0.4163400347759235,0.19716460007871414,0.166772954185934,1.0144647864733722,0.41029423511281965,5.004667024294412e-06,7.499166415068244e-06,3.2842387293340842e-06,1.5937734095764455e-07,-4.421595739491783e-06,7.499166415068244e-06,9.865670176920912e-05,6.296418842001313e-05,-1.8165899970066174e-06,4.466445299656732e-07,3.2842387293340842e-06,6.296418842001313e-05,5.280208640896442e-05,-6.68201837650976e-06,3.5985691602730094e-06,1.5937734095764455e-07,-1.8165899970066174e-06,-6.68201837650976e-06,1.1841660877760947e-05,3.3260694732392054e-06,-4.421595739491783e-06,4.466445299656732e-07,3.5985691602730094e-06,3.3260694732392054e-06,8.472390778641006e-06
603,0.01,1,11,broadband,oracle_with_learned_kf,oracle,learned_kf,none,2,0.1766781953131807,0.5327444601387069,0.0386850235550539,0.01907114031093196,0.09906719809900727,0.1137725310671465,0.00733660210785277,0.34351554398260226,28.200578050196544,0,0,0,True,False,results/data/experiment_10hq/experiment_10hq_seed603_Q0.01_fold1_client11_broadband_oracle_with_learned_kf.npz,ad24e5e7a87da732e3c2b88da8d8ab944dcb64634e10accc9456eac69feccbff,0.16781939153491077,0.27182688951540146,1.8612796593170287,2.372915252185189,0.08557178858219133,4.268062823747679,4.196442311556167,8.579046453668193e-06,2.8009133163822013e-06,1.6277784322941128e-05,1.7689902835223197e-05,-3.525738314985827e-07,2.8009133163822013e-06,2.2508137850822037e-05,4.0577563666196646e-05,3.2923187748994855e-05,3.803089568221474e-08,1.6277784322941128e-05,4.0577563666196646e-05,0.0010553050045656578,0.0012969146519940151,-1.2765702253111635e-05,1.7689902835223197e-05,3.2923187748994855e-05,0.0012969146519940151,0.0017152174675283411,-2.1513540855074037e-05,-3.525738314985827e-07,3.803089568221474e-08,-1.2765702253111635e-05,-2.1513540855074037e-05,2.230570499880097e-06
603,0.01,1,11,broadband,oracle_with_true_state,oracle,true_state,all,2,0.19846929155174453,0.596140083548317,0.02953886036473203,0.03927269647474392,0.02118980108718492,0.008625902785707159,0.013544008740932475,0.29505383218726805,2.704382549729533,0,0,0,True,False,results/data/experiment_10hq/experiment_10hq_seed603_Q0.01_fold1_client11_broadband_oracle_with_true_state.npz,909fee2d535f0d6331c1e6657e7fda9cbb0ab13e8531e4bfc10dead4abc0cd98,0.0,0.0,0.0,0.0,0.0,0.0,0.0,0.0,0.0,0.0,0.0,0.0,0.0,0.0,0.0,0.0,0.0,0.0,0.0,0.0,0.0,0.0,0.0,0.0,0.0,0.0,0.0,0.0,0.0,0.0,0.0,0.0
603,0.01,1,11,broadband,learned_with_learned_kf_correct_beta,learned,learned_kf,beta,2,0.22208627148303975,0.6727703901790035,0.0428989193489313,0.020631673605964563,0.10964612525228387,0.12611702838962074,0.00753788404511178,0.35564348991960765,25.42523903968929,0,0,0,True,False,results/data/experiment_10hq/experiment_10hq_seed603_Q0.01_fold1_client11_broadband_learned_with_learned_kf_correct_beta.npz,0a4683ce88ef788802446fdc98c27784523fc18ad31251bb9f13c7522421ac45,0.0,0.2490949742778564,1.3657424978215744,7.038862589101124,0.08739189444168184,8.384753452629731,8.365176398905245,0.0,0.0,0.0,0.0,0.0,0.0,1.890099493997383e-05,2.7002451277661307e-05,9.329209095360738e-05,1.5079673225439462e-08,0.0,2.7002451277661307e-05,0.0005681884252323444,0.00282766253728789,-1.056523987953776e-05,0.0,9.329209095360738e-05,0.00282766253728789,0.015092448736146173,-7.041391296463872e-05,0.0,1.5079673225439462e-08,-1.056523987953776e-05,-7.041391296463872e-05,2.3264677839065165e-06
603,0.01,1,11,broadband,learned_with_learned_kf_correct_forces,learned,learned_kf,forces,2,0.6118038587580003,1.7558695039270797,0.0550592753285491,0.02539373199729823,0.14117388268990563,0.16299457321110494,0.00803166412805317,0.3988380999983709,17.193777589573234,0,0,0,True,False,results/data/experiment_10hq/experiment_10hq_seed603_Q0.01_fold1_client11_broadband_learned_with_learned_kf_correct_forces.npz,e9d54d2a21bf40c9540486e6bb93b7e4c3600b21787290e7717d2f733ecad3f2,0.21206325978371487,0.3061633972205551,0.0,0.0,0.0936443603096144,0.33184664034132594,0.0,1.3698897027518685e-05,-5.748051575356144e-06,0.0,0.0,-2.5082315788206242e-09,-5.748051575356144e-06,2.855362631953483e-05,0.0,0.0,6.123161071579087e-08,0.0,0.0,0.0,0.0,0.0,0.0,0.0,0.0,0.0,0.0,-2.5082315788206242e-09,6.123161071579087e-08,0.0,0.0,2.671271248688036e-06
603,0.01,1,11,broadband,learned_with_learned_kf_correct_beta_forces,learned,learned_kf,beta_forces,2,0.609249335693891,1.7558306085856945,0.05474408468258441,0.025348988765464844,0.14132893628595886,0.16293451074708257,0.008002468573153197,0.39695711615253754,17.028566455894772,0,0,0,True,False,results/data/experiment_10hq/experiment_10hq_seed603_Q0.01_fold1_client11_broadband_learned_with_learned_kf_correct_beta_forces.npz,b16bbe3d16cdf38ae61c65b7c543c16ef0544ca2a448c223c0620e5a0b53df1f,0.0,0.30559494063462056,0.0,0.0,0.09330456999775746,0.31989137387779726,0.0,0.0,0.0,0.0,0.0,0.0,0.0,2.844769315775911e-05,0.0,0.0,3.601804862479051e-08,0.0,0.0,0.0,0.0,0.0,0.0,0.0,0.0,0.0,0.0,0.0,3.601804862479051e-08,0.0,0.0,2.6519209037216828e-06
603,0.01,1,11,transient,nominal_with_nominal_kf,nominal,nominal_kf,none,2,0.18289172994720734,0.5800153601989819,0.049795238139139046,0.07068539050863687,0.031760658737942773,0.007657706950486661,0.017048956461466695,0.5861713859984772,16.589953731551628,0,0,0,True,False,results/data/experiment_10hq/experiment_10hq_seed603_Q0.01_fold1_client11_transient_nominal_with_nominal_kf.npz,597ee7be8d5e9c26933e3f7800f535f958d0cc0d769147863eb239ebfcae10a1,0.21502080183807115,0.7816502987072997,0.44134400139045604,0.12052607285344467,0.17889540654010433,1.3500098496650343,0.4616797771727888,1.4083665100416804e-05,4.4753749714400245e-05,2.0880988779198808e-05,2.845206968751161e-06,-7.645994513370934e-06,4.4753749714400245e-05,0.00018611429500464598,9.671612654380858e-05,9.417431954812625e-06,-1.9275036450143127e-05,2.0880988779198808e-05,9.671612654380858e-05,5.933476020071731e-05,5.84432104788852e-07,-3.509092365562409e-06,2.845206968751161e-06,9.417431954812625e-06,5.84432104788852e-07,4.425035377862568e-06,-4.034438193430176e-06,-7.645994513370934e-06,-1.9275036450143127e-05,-3.509092365562409e-06,-4.034438193430176e-06,9.748843845460063e-06
603,0.01,1,11,transient,nominal_with_learned_kf,nominal,learned_kf,none,2,0.18505637764163455,0.4666320637772065,0.07156470256367198,0.053284167687718195,0.18952748983470394,0.19667234484234777,0.007866104956641334,0.5732591889860754,18.91801613651665,0,0,0,True,False,results/data/experiment_10hq/experiment_10hq_seed603_Q0.01_fold1_client11_transient_nominal_with_learned_kf.npz,8738d3504fcc8aed7fce1c61e167aec6471d97de53e13f5d97890e203573da9e,0.31437997618595254,0.5983852019884718,2.589251424791644,2.6026723155095786,0.08296234945271268,5.131918196641692,5.183440764366905,3.0106792447969562e-05,-2.3773365267339976e-05,0.0001921354911774697,0.000185610770262814,2.7515303888544673e-06,-2.3773365267339976e-05,0.00010907279071075981,-0.0002471853390430639,-0.00026140759642596684,7.402004692295468e-07,0.0001921354911774697,-0.0002471853390430639,0.0020422230938969563,0.0020394032738097856,1.6519755729936382e-06,0.000185610770262814,-0.00026140759642596684,0.0020394032738097856,0.002063448909161443,-2.109847581952224e-06,2.7515303888544673e-06,7.402004692295468e-07,1.6519755729936382e-06,-2.109847581952224e-06,2.0966059806389107e-06
603,0.01,1,11,transient,nominal_with_true_state,nominal,true_state,all,2,0.15348183260443657,0.5043916634515879,0.04984208405762178,0.07076465410099307,0.031777396733132575,0.007648658706950164,0.01710324239271603,0.5727905821353592,2.1656426475169357,0,0,0,True,False,results/data/experiment_10hq/experiment_10hq_seed603_Q0.01_fold1_client11_transient_nominal_with_true_state.npz,57b48c0b3568f8a907307443aee7f78061a1f3090fbe00249afb8406546ef7dc,0.0,0.0,0.0,0.0,0.0,0.0,0.0,0.0,0.0,0.0,0.0,0.0,0.0,0.0,0.0,0.0,0.0,0.0,0.0,0.0,0.0,0.0,0.0,0.0,0.0,0.0,0.0,0.0,0.0,0.0,0.0,0.0
603,0.01,1,11,transient,learned_with_nominal_kf,learned,nominal_kf,none,2,0.7847405658313104,2.078066041884017,0.06049831153847438,0.08244418298463604,0.03976445540264828,0.010017884459196793,0.021856064107910127,0.7067242771310824,20.591129694405453,0,0,0,True,False,results/data/experiment_10hq/experiment_10hq_seed603_Q0.01_fold1_client11_transient_learned_with_nominal_kf.npz,a04563c34ce4142c0a74958bae688f8ae8d228f808199ad7b55d46ad685d64d6,0.23096769164020883,1.0089229251104717,0.6027703837264199,0.7267022950445925,0.24392688318995373,1.4545322981927156,0.8190971593913282,1.625014359479832e-05,-5.953278473598203e-05,-2.660749459950011e-05,-1.3756209990027528e-05,1.061581118850618e-05,-5.953278473598203e-05,0.00031007782984513507,0.00016675161138480357,2.7392005609802426e-05,-2.4618355318751175e-05,-2.660749459950011e-05,0.00016675161138480357,0.0001106772976409028,-3.3585320163195364e-05,1.938151243757464e-06,-1.3756209990027528e-05,2.7392005609802426e-05,-3.3585320163195364e-05,0.00016086730964840151,-3.436203676551823e-05,1.061581118850618e-05,-2.4618355318751175e-05,1.938151243757464e-06,-3.436203676551823e-05,1.8124835277765463e-05
603,0.01,1,11,transient,learned_with_learned_kf,learned,learned_kf,none,2,0.24724935398933776,0.8524850756455276,0.07704770855234394,0.057057818795583116,0.19879079881561842,0.20755088126112797,0.008279809006281079,0.6205439038345721,24.73473349116612,0,0,0,True,False,results/data/experiment_10hq/experiment_10hq_seed603_Q0.01_fold1_client11_transient_learned_with_learned_kf.npz,8fbc6ab6e40200036b424e486becf8c9de4e56023960824032fcdf6245af6c4c,0.2940423510510891,0.7177724579623574,2.944158672610624,13.460710573324416,0.0933248746368001,15.801819745836328,16.386411889566638,2.6337497553379176e-05,2.2365491877965472e-05,-0.0001995049417569406,-0.0008605121480719816,-2.9614493472998036e-06,2.2365491877965472e-05,0.00015693807263638353,-0.0003349329466873736,-0.0015648656973063888,2.3712216252877344e-06,-0.0001995049417569406,-0.0003349329466873736,0.002640445206119862,0.011979947459577272,1.0335166046532458e-06,-0.0008605121480719816,-0.0015648656973063888,0.011979947459577272,0.055193852399536,-2.1948434666694684e-05,-2.9614493472998036e-06,2.3712216252877344e-06,1.0335166046532458e-06,-2.1948434666694684e-05,2.653075234225527e-06
603,0.01,1,11,transient,learned_with_true_state,learned,true_state,all,2,0.7854299684462475,2.062808307374474,0.06044833107493799,0.0824027186362177,0.03963425442543367,0.00993596757389303,0.02178934536477893,0.6901515312917842,2.6482844254095834,0,0,0,True,False,results/data/experiment_10hq/experiment_10hq_seed603_Q0.01_fold1_client11_transient_learned_with_true_state.npz,d76e03a65e6f2d6f8c0315b52a6d63163f25879c36a495f262615c877a9fa237,0.0,0.0,0.0,0.0,0.0,0.0,0.0,0.0,0.0,0.0,0.0,0.0,0.0,0.0,0.0,0.0,0.0,0.0,0.0,0.0,0.0,0.0,0.0,0.0,0.0,0.0,0.0,0.0,0.0,0.0,0.0,0.0
603,0.01,1,11,transient,oracle_with_nominal_kf,oracle,nominal_kf,none,2,0.20620987428835574,0.6683717322836829,0.050189460232413545,0.0711421185943437,0.032023951396818504,0.007729093748926065,0.017292591009485006,0.6008385536071255,23.227207021242897,0,0,0,True,False,results/data/experiment_10hq/experiment_10hq_seed603_Q0.01_fold1_client11_transient_oracle_with_nominal_kf.npz,0c9858214fb54deb3e1c404b2aac0521861466cf5cc04f757d1165b4625ec55a,0.21652200788258708,1.021440820734477,0.7223333850957646,0.22484151962593682,0.19593968556552,1.8785014379854048,0.7621972612570742,1.4281006827386996e-05,5.853133650048862e-05,3.4012765956228e-05,5.280816513232414e-06,-8.479365253937201e-06,5.853133650048862e-05,0.0003178199500738109,0.00020677808941812497,2.2618175733696904e-05,-2.7316812778811547e-05,3.4012765956228e-05,0.00020677808941812497,0.00015893886619965857,1.3137291659234421e-06,-6.078052044317797e-06,5.280816513232414e-06,2.2618175733696904e-05,1.3137291659234421e-06,1.539954038029678e-05,-8.265807162678141e-06,-8.479365253937201e-06,-2.7316812778811547e-05,-6.078052044317797e-06,-8.265807162678141e-06,1.1694981758329272e-05
603,0.01,1,11,transient,oracle_with_learned_kf,oracle,learned_kf,none,2,0.21389381776344654,0.5289586642718092,0.07085252624771304,0.053059246473113254,0.18790355646444915,0.1947056782692116,0.007987968158549756,0.5855518614752526,27.134611343247443,0,0,0,True,False,results/data/experiment_10hq/experiment_10hq_seed603_Q0.01_fold1_client11_transient_oracle_with_learned_kf.npz,23d5037c69dc7720d44660ec8d104577e393ca179c16732104b5c0004b9f4321,0.30452872754915555,0.7689076484330303,4.1708446334565155,4.866023003134858,0.09097465656896309,8.874828734393667,9.022571764022022,2.8249532873718265e-05,-2.9122067279254864e-05,0.0002953489556798664,0.0003310531982963399,2.9020452908197916e-06,-2.9122067279254864e-05,0.00018009559772439742,-0.0004987576322466787,-0.0006080519099306379,7.710745846978557e-07,0.0002953489556798664,-0.0004987576322466787,0.00529910786738023,0.006143017911079736,2.3796763345767767e-06,0.0003310531982963399,-0.0006080519099306379,0.006143017911079736,0.007212786056342578,-4.693625881546116e-06,2.9020452908197916e-06,7.710745846978557e-07,2.3796763345767767e-06,-4.693625881546116e-06,2.5211319997023792e-06
603,0.01,1,11,transient,oracle_with_true_state,oracle,true_state,all,2,0.17724304044084171,0.5875632125342208,0.05026523476688787,0.0712622449238577,0.032055291222520425,0.007720848569348901,0.017266988343016824,0.5778221374497778,2.5763978728684918,0,0,0,True,False,results/data/experiment_10hq/experiment_10hq_seed603_Q0.01_fold1_client11_transient_oracle_with_true_state.npz,91c2e40d33495497720108f4b0eb7349cd90b73005f2d8321cde1a3e9c728ae0,0.0,0.0,0.0,0.0,0.0,0.0,0.0,0.0,0.0,0.0,0.0,0.0,0.0,0.0,0.0,0.0,0.0,0.0,0.0,0.0,0.0,0.0,0.0,0.0,0.0,0.0,0.0,0.0,0.0,0.0,0.0,0.0
603,0.01,1,11,transient,learned_with_learned_kf_correct_beta,learned,learned_kf,beta,2,0.24850973391578132,0.8563182293964585,0.07697210225507095,0.0570391925405025,0.19875408376825557,0.20746600005376162,0.008269779504855971,0.6198682156279972,24.59295776034483,0,0,0,True,False,results/data/experiment_10hq/experiment_10hq_seed603_Q0.01_fold1_client11_transient_learned_with_learned_kf_correct_beta.npz,f610be2ac4065139870c40c128ee3f256631953a90a807d3bd7b5843290aff68,0.0,0.7175727765437991,2.9429267125334166,13.451382995807906,0.09321816675273482,16.004394059249424,16.375964071542835,0.0,0.0,0.0,0.0,0.0,0.0,0.00015685076569774974,-0.00033409781685241085,-0.0015596700443108137,2.333731815695691e-06,0.0,-0.00033409781685241085,0.002638235921321329,0.011967150778925469,1.0262580648601666e-06,0.0,-0.0015596700443108137,0.011967150778925469,0.055117385921732105,-2.1853932543819057e-05,0.0,2.333731815695691e-06,1.0262580648601666e-06,-2.1853932543819057e-05,2.6470116376829813e-06
603,0.01,1,11,transient,learned_with_learned_kf_correct_forces,learned,learned_kf,forces,2,0.8261703634749423,2.22693573487592,0.09378637521118799,0.06658011441577824,0.22529154298928025,0.2410556599665993,0.009157707331229264,0.7114611977466277,16.748542257764946,0,0,0,True,False,results/data/experiment_10hq/experiment_10hq_seed603_Q0.01_fold1_client11_transient_learned_with_learned_kf_correct_forces.npz,4df2d8aac0b4f4b0a83d3796f868033914e62e73b41b1cc9b24a9e394ca84e76,0.35772372303868527,0.8373662620871641,0.0,0.0,0.102931637180937,0.9941569322989203,0.0,3.8980752557701204e-05,1.888161836290308e-05,0.0,0.0,-4.2444367598198224e-06,1.888161836290308e-05,0.0002135923298915639,0.0,0.0,7.996588006603526e-06,0.0,0.0,0.0,0.0,0.0,0.0,0.0,0.0,0.0,0.0,-4.2444367598198224e-06,7.996588006603526e-06,0.0,0.0,3.2273977819953185e-06
603,0.01,1,11,transient,learned_with_learned_kf_correct_beta_forces,learned,learned_kf,beta_forces,2,0.819724737623371,2.1950627054892604,0.09361960822041968,0.06652051445487671,0.22527903124706192,0.24092865670318062,0.009139308788904,0.7103541260872387,16.585787825528577,0,0,0,True,False,results/data/experiment_10hq/experiment_10hq_seed603_Q0.01_fold1_client11_transient_learned_with_learned_kf_correct_beta_forces.npz,86dbacb02110b1e04734e0378d569a1fdc035ccdfbc478527b7d7bee69d7344c,0.0,0.8366669407349682,0.0,0.0,0.10274029931847128,0.8731741299377846,0.0,0.0,0.0,0.0,0.0,0.0,0.0,0.00021323571818858777,0.0,0.0,7.899631723565096e-06,0.0,0.0,0.0,0.0,0.0,0.0,0.0,0.0,0.0,0.0,0.0,7.899631723565096e-06,0.0,0.0,3.2154102248557277e-06
603,0.01,1,14,broadband,nominal_with_nominal_kf,nominal,nominal_kf,none,2,0.22923735292077632,0.7193766985935196,0.025887168472901727,0.04396845828238819,0.02035133149175932,0.010768896549206397,0.01394849236910027,0.32623505935826164,16.606546213186967,0,0,0,True,False,results/data/experiment_10hq/experiment_10hq_seed603_Q0.01_fold1_client14_broadband_nominal_with_nominal_kf.npz,fe197e51e58601b11c2527c76337c786b2a4778bc1bb1f9a26f3de2f5af885cf,0.10612157727576836,0.4771511439155999,0.2374873378691498,0.12195302915493157,0.15334620624076362,0.7313806062823975,0.23539612524307404,3.4305371571663336e-06,4.334895184496117e-06,2.3816476310343174e-06,1.3824350464450453e-06,-3.050202157410346e-06,4.334895184496117e-06,6.935322704586308e-05,3.0586152068096066e-05,-3.166074378305117e-06,-5.284595518494915e-07,2.3816476310343174e-06,3.0586152068096066e-05,1.7180494258509627e-05,-2.4158356445133574e-06,7.75001316674793e-07,1.3824350464450453e-06,-3.166074378305117e-06,-2.4158356445133574e-06,4.530435162588979e-06,3.441536006595209e-07,-3.050202157410346e-06,-5.284595518494915e-07,7.75001316674793e-07,3.441536006595209e-07,7.163096589096913e-06
603,0.01,1,14,broadband,nominal_with_learned_kf,nominal,learned_kf,none,2,0.17397591670990475,0.5419746539631748,0.0389134163654447,0.022423193632979493,0.10425285584436625,0.11965752297879498,0.007552134459223508,0.3191847435974211,19.0075379905193,0,0,0,True,False,results/data/experiment_10hq/experiment_10hq_seed603_Q0.01_fold1_client14_broadband_nominal_with_learned_kf.npz,253b7c6c14ee69f9d164d9d95beeedf2da443801e4d3f91f0c841f59cf2fbb43,0.16030485925562407,0.24539639341078312,1.1756217169387224,1.2849751516239871,0.0816916592619162,2.5062114456457927,2.4379914438393158,7.827951198179419e-06,3.391816715991368e-06,4.433823424572927e-06,4.1475907455191885e-06,-2.064055315167707e-07,3.391816715991368e-06,1.834387517216921e-05,2.432970004660452e-05,1.6335487047318585e-05,2.2404131247545509e-07,4.433823424572927e-06,2.432970004660452e-05,0.00042100759959021194,0.000443302834264693,-6.3616663839251075e-06,4.1475907455191885e-06,1.6335487047318585e-05,0.000443302834264693,0.0005029724462075509,-9.023994461778148e-06,-2.064055315167707e-07,2.2404131247545509e-07,-6.3616663839251075e-06,-9.023994461778148e-06,2.03287263439744e-06
603,0.01,1,14,broadband,nominal_with_true_state,nominal,true_state,all,2,0.1905533314449909,0.5929091542586971,0.025924071999342487,0.043213059145862924,0.02012942871777711,0.010538393002917631,0.013743497759370971,0.2962683245027802,2.326383015051103,0,0,0,True,False,results/data/experiment_10hq/experiment_10hq_seed603_Q0.01_fold1_client14_broadband_nominal_with_true_state.npz,fb4478c7ea5b5e5e70377eb066e370c49f909069941fcc3f66204a8af89d851c,0.0,0.0,0.0,0.0,0.0,0.0,0.0,0.0,0.0,0.0,0.0,0.0,0.0,0.0,0.0,0.0,0.0,0.0,0.0,0.0,0.0,0.0,0.0,0.0,0.0,0.0,0.0,0.0,0.0,0.0,0.0,0.0
603,0.01,1,14,broadband,learned_with_nominal_kf,learned,nominal_kf,none,2,0.659523802302698,1.8963721686408066,0.033931144343477486,0.05432248424919565,0.026048317771869868,0.013422392136864804,0.016887015444555578,0.4136827915956009,20.16656048278552,0,0,0,True,False,results/data/experiment_10hq/experiment_10hq_seed603_Q0.01_fold1_client14_broadband_learned_with_nominal_kf.npz,7145212f5ee835a9456c1891f094381a60d9a8c2cd378ce94deade48f922bd74,0.13075128053820004,0.6462572504763703,0.3338019946915282,0.7741722680943464,0.2001903342259393,1.0231091861184465,0.7310249669716785,5.207708143466314e-06,-7.66427367832825e-06,-4.276464865777145e-06,-1.0393674988322582e-05,5.4944274966015705e-06,-7.66427367832825e-06,0.00012722298828006832,6.019974796977276e-05,-3.610431066981454e-05,-1.1526623956779036e-06,-4.276464865777145e-06,6.019974796977276e-05,3.3941621825985694e-05,-2.6862530287510383e-05,6.793910496333482e-07,-1.0393674988322582e-05,-3.610431066981454e-05,-2.6862530287510383e-05,0.00018257022705107185,-1.0653633731939047e-06,5.4944274966015705e-06,-1.1526623956779036e-06,6.793910496333482e-07,-1.0653633731939047e-06,1.220789947520051e-05
603,0.01,1,14,broadband,learned_with_learned_kf,learned,learned_kf,none,2,0.22403718155909874,0.6787327381113042,0.042447301730964115,0.02367636532149419,0.11281188134087015,0.12970894202179145,0.007836591093073822,0.3597490539983226,24.729375508032525,0,0,0,True,False,results/data/experiment_10hq/experiment_10hq_seed603_Q0.01_fold1_client14_broadband_learned_with_learned_kf.npz,6c007d877d9b5f6ba9c6f07a9c408d648f011ee8c26cf095d22ab14872f5ec11,0.1635168081779076,0.2855649443136844,1.4053046069087658,7.242527303998308,0.09106869259973747,8.631001168787362,8.606328384006455,8.14478336701005e-06,-4.1714391974938755e-06,-5.000986953498063e-06,-2.0616428289286835e-05,1.611934174014419e-07,-4.1714391974938755e-06,2.4840739515623857e-05,3.3613513970902376e-05,0.0001117692737643283,3.1120943018699585e-07,-5.000986953498063e-06,3.3613513970902376e-05,0.0006015831662418758,0.002991313433082169,-9.073995368556459e-06,-2.0616428289286835e-05,0.0001117692737643283,0.002991313433082169,0.01597846359380088,-5.997245921697961e-05,1.611934174014419e-07,3.1120943018699585e-07,-9.073995368556459e-06,-5.997245921697961e-05,2.5263466338170725e-06
603,0.01,1,14,broadband,learned_with_true_state,learned,true_state,all,2,0.6260380844282176,1.8275895752096705,0.03392485951342342,0.05290571604640294,0.02558299544894597,0.012967089979111172,0.01637691270887235,0.37738829096731313,2.6047991446928225,0,0,0,True,False,results/data/experiment_10hq/experiment_10hq_seed603_Q0.01_fold1_client14_broadband_learned_with_true_state.npz,5c1dc19ee1ae6e3f56dccad3ba7a1397ff630d7020914aa93f0715712e60e52e,0.0,0.0,0.0,0.0,0.0,0.0,0.0,0.0,0.0,0.0,0.0,0.0,0.0,0.0,0.0,0.0,0.0,0.0,0.0,0.0,0.0,0.0,0.0,0.0,0.0,0.0,0.0,0.0,0.0,0.0,0.0,0.0
603,0.01,1,14,broadband,oracle_with_nominal_kf,oracle,nominal_kf,none,2,0.23513377923371317,0.7322615815948084,0.02605625204848818,0.04383937731687252,0.020390476095017426,0.010736846440656169,0.013991499106854358,0.34152909971147777,22.296531865066747,0,0,0,True,False,results/data/experiment_10hq/experiment_10hq_seed603_Q0.01_fold1_client14_broadband_oracle_with_nominal_kf.npz,6fce140bc5dbf1e4ed4b847f029a811f6e54e0f1f17a517b3ce3b2737cc3aa3d,0.08953384684210418,0.6147325012556175,0.3486931025042725,0.2132627994128605,0.1701436474612106,0.9617913028951951,0.3548880005383586,2.4419075862688915e-06,4.870079305366046e-06,3.0386916149694352e-06,2.0469496154995833e-06,-2.8713553285487303e-06,4.870079305366046e-06,0.00011511371911981222,5.80249035562682e-05,-7.213862867124368e-06,-9.987715420430873e-07,3.0386916149694352e-06,5.80249035562682e-05,3.703748158450471e-05,-6.2633009743635704e-06,1.0952322318913792e-06,2.0469496154995833e-06,-7.213862867124368e-06,-6.2633009743635704e-06,1.3854311453140469e-05,5.305922233327621e-07,-2.8713553285487303e-06,-9.987715420430873e-07,1.0952322318913792e-06,5.305922233327621e-07,8.818327273949971e-06
603,0.01,1,14,broadband,oracle_with_learned_kf,oracle,learned_kf,none,2,0.17230103803251562,0.5353610124325757,0.038142829134251176,0.022150441776635634,0.10250372659414521,0.11757269658231304,0.007625688394652509,0.34009419483438175,26.102090645902575,0,0,0,True,False,results/data/experiment_10hq/experiment_10hq_seed603_Q0.01_fold1_client14_broadband_oracle_with_learned_kf.npz,424eeb9159bcb20c2ad93acc4549c1f26945b297266683e062914986638cd973,0.13100502846093218,0.312262011267543,1.7005741859344239,2.2330328814940636,0.09107408833485774,3.972599149783707,3.898586922959501,5.227940868942284e-06,3.5621115592708746e-06,4.721753925365069e-06,5.190083696697944e-06,-1.9377533387332783e-07,3.5621115592708746e-06,2.9702502458149053e-05,4.5562888322270325e-05,3.8100568343227594e-05,3.028121026909871e-07,4.721753925365069e-06,4.5562888322270325e-05,0.0008809391275413437,0.0011149898598411746,-1.0080955585603544e-05,5.190083696697944e-06,3.8100568343227594e-05,0.0011149898598411746,0.001518955222508279,-1.7164459058836873e-05,-1.9377533387332783e-07,3.028121026909871e-07,-1.0080955585603544e-05,-1.7164459058836873e-05,2.526646010050455e-06
603,0.01,1,14,broadband,oracle_with_true_state,oracle,true_state,all,2,0.19601623099242949,0.5999405731976848,0.026113288307478857,0.04310622102423932,0.020168659303229433,0.010506015564783963,0.013698346858111035,0.2967792142397866,2.675850202974183,0,0,0,True,False,results/data/experiment_10hq/experiment_10hq_seed603_Q0.01_fold1_client14_broadband_oracle_with_true_state.npz,40b81c7495548f573dbb457126b89553940b8e418cde18f41ed6ac46baba1471,0.0,0.0,0.0,0.0,0.0,0.0,0.0,0.0,0.0,0.0,0.0,0.0,0.0,0.0,0.0,0.0,0.0,0.0,0.0,0.0,0.0,0.0,0.0,0.0,0.0,0.0,0.0,0.0,0.0,0.0,0.0,0.0
603,0.01,1,14,broadband,learned_with_learned_kf_correct_beta,learned,learned_kf,beta,2,0.22534917432585974,0.683981968254606,0.042265742054088985,0.023645425939334497,0.11289685121165413,0.12968930336819218,0.007809619895663289,0.35837249224966927,24.574763448750456,0,0,0,True,False,results/data/experiment_10hq/experiment_10hq_seed603_Q0.01_fold1_client14_broadband_learned_with_learned_kf_correct_beta.npz,ec60ef71e79e767154192684759dee036db40dd73bf1eb092cda37e6b82b21ac,0.0,0.28518774281839615,1.406252691006355,7.240717518627204,0.0907439405635285,8.641379403950294,8.60616118995341,0.0,0.0,0.0,0.0,0.0,0.0,2.477515880690334e-05,3.3816206461996055e-05,0.0001137573875251564,3.151739503540192e-07,0.0,3.3816206461996055e-05,0.0006023951522317303,0.002994461371727334,-9.11453529941652e-06,0.0,0.0001137573875251564,0.002994461371727334,0.015970479094621993,-5.98994820529161e-05,0.0,3.151739503540192e-07,-9.11453529941652e-06,-5.98994820529161e-05,2.5083607959292927e-06
603,0.01,1,14,broadband,learned_with_learned_kf_correct_forces,learned,learned_kf,forces,2,0.6337849998830813,1.8089961488063666,0.05480596214616963,0.028283719605787818,0.14672406599428495,0.16889173368945565,0.008225448384318062,0.4045763231380664,16.80227925200905,0,0,0,True,False,results/data/experiment_10hq/experiment_10hq_seed603_Q0.01_fold1_client14_broadband_learned_with_learned_kf_correct_forces.npz,8cfe053b45d5513f72c5bd514ac4dce31509ea731a13260297c4ab920816531a,0.21110006301085266,0.3406060045588808,0.0,0.0,0.09595349171331218,0.3512856413566853,0.0,1.3574738151407114e-05,-7.167924850561458e-06,0.0,0.0,-3.9729101700368265e-07,-7.167924850561458e-06,3.533941328618098e-05,0.0,0.0,5.009615759308933e-07,0.0,0.0,0.0,0.0,0.0,0.0,0.0,0.0,0.0,0.0,-3.9729101700368265e-07,5.009615759308933e-07,0.0,0.0,2.8046346906645076e-06
603,0.01,1,14,broadband,learned_with_learned_kf_correct_beta_forces,learned,learned_kf,beta_forces,2,0.6316550357016204,1.817654540565775,0.05447350691178718,0.02823444944961023,0.1469459382773996,0.16888744853803983,0.00819487960632721,0.40270348646925574,16.628100607350948,0,0,0,True,False,results/data/experiment_10hq/experiment_10hq_seed603_Q0.01_fold1_client14_broadband_learned_with_learned_kf_correct_beta_forces.npz,d86071fe22b58d30ac939da064e1d07f491b4fa6a6eaeade0c8e525922ae0bb9,0.0,0.33998092520839934,0.0,0.0,0.09559553466708001,0.35773250182735655,0.0,0.0,0.0,0.0,0.0,0.0,0.0,3.520982268879361e-05,0.0,0.0,4.945474639105536e-07,0.0,0.0,0.0,0.0,0.0,0.0,0.0,0.0,0.0,0.0,0.0,4.945474639105536e-07,0.0,0.0,2.7837481940572597e-06
603,0.01,1,14,transient,nominal_with_nominal_kf,nominal,nominal_kf,none,2,0.18459864380354,0.5833261847959345,0.043382714767188565,0.07154077580463024,0.03317879545378824,0.012091949871347596,0.016745988236384107,0.5863500367785475,16.94391896531781,0,0,0,True,False,results/data/experiment_10hq/experiment_10hq_seed603_Q0.01_fold1_client14_transient_nominal_with_nominal_kf.npz,05662b2cc21a02053c353451522b303e12f640f9c9428bea1a8f64515c80b725,0.1872048064271791,0.7920491812395752,0.4614703198347429,0.17782493735147353,0.17472024071754125,1.405406593283346,0.5425864207043504,1.0675512294324709e-05,3.806717439726779e-05,2.0958765700239052e-05,5.4120553319887705e-06,-6.476578665701461e-06,3.806717439726779e-05,0.00019109927257818216,0.00010808368234106172,1.8468372848051065e-05,-1.864767102607585e-05,2.0958765700239052e-05,0.00010808368234106172,6.486975879269214e-05,7.588546838917983e-06,-8.031781269343698e-06,5.4120553319887705e-06,1.8468372848051065e-05,7.588546838917983e-06,9.632523205014017e-06,-7.37540961186392e-06,-6.476578665701461e-06,-1.864767102607585e-05,-8.031781269343698e-06,-7.37540961186392e-06,9.299105479153942e-06
603,0.01,1,14,transient,nominal_with_learned_kf,nominal,learned_kf,none,2,0.18634098932014775,0.4758178428889966,0.06572370449158939,0.05002749336450005,0.19511422809455078,0.20152199954556438,0.007130595702393064,0.5736446206823707,19.220966664934046,0,0,0,True,False,results/data/experiment_10hq/experiment_10hq_seed603_Q0.01_fold1_client14_transient_nominal_with_learned_kf.npz,7265af04fdc332284c2f08ac6661814d17b086a7afe490669b361d1e565a376a,0.2886116216423709,0.5618341155553371,2.669492563972059,2.662918052641907,0.07432222780574164,5.247997495696425,5.324810346293422,2.5373616127780755e-05,-2.0058503917847862e-05,0.0001749227318621824,0.00016734796785654817,2.3364003122760993e-06,-2.0058503917847862e-05,9.615479554580447e-05,-0.00025265066394950295,-0.00026170308702765896,2.009540848136032e-06,0.0001749227318621824,-0.00025265066394950295,0.0021707617779759144,0.0021530788923560186,3.0728335254290963e-06,0.00016734796785654817,-0.00026170308702765896,0.0021530788923560186,0.0021600825022958783,-5.768404037502591e-07,2.3364003122760993e-06,2.009540848136032e-06,3.0728335254290963e-06,-5.768404037502591e-07,1.6826437374195997e-06
603,0.01,1,14,transient,nominal_with_true_state,nominal,true_state,all,2,0.15873833512529884,0.5086020080095155,0.04349484381257607,0.0717067552477014,0.03325555273491309,0.012112522446169435,0.01682772315280729,0.5732761408075603,2.178515466641973,0,0,0,True,False,results/data/experiment_10hq/experiment_10hq_seed603_Q0.01_fold1_client14_transient_nominal_with_true_state.npz,93b2c60b177d7bf92bf7cc0b4dbd0139fc20f71b58b8e65fbd4f5c16a87f8037,0.0,0.0,0.0,0.0,0.0,0.0,0.0,0.0,0.0,0.0,0.0,0.0,0.0,0.0,0.0,0.0,0.0,0.0,0.0,0.0,0.0,0.0,0.0,0.0,0.0,0.0,0.0,0.0,0.0,0.0,0.0,0.0
603,0.01,1,14,transient,learned_with_nominal_kf,learned,nominal_kf,none,2,0.7844057544655356,2.02918620300176,0.05271540241432589,0.0833657771248193,0.03964726201402572,0.015460303596456153,0.021739829493708205,0.7070454417427726,21.019159455949165,0,0,0,True,False,results/data/experiment_10hq/experiment_10hq_seed603_Q0.01_fold1_client14_transient_learned_with_nominal_kf.npz,d33881ad1c41a89d91278095b283c35851899a353a7b50011304f1c2e2739afa,0.20124823712104828,1.0216129718278213,0.5963027533795319,1.078827051193947,0.24147658596741356,1.7737999190098674,1.256364979763811,1.2337265323062626e-05,-5.0152775176920134e-05,-2.668257681006729e-05,-3.011184102142381e-05,9.170310354010998e-06,-5.0152775176920134e-05,0.0003179270882679811,0.0001789737712692567,7.670628571055054e-05,-2.343281991237234e-05,-2.668257681006729e-05,0.0001789737712692567,0.00010831494026040822,8.987460119429612e-06,-6.8811652082138295e-06,-3.011184102142381e-05,7.670628571055054e-05,8.987460119429612e-06,0.0003545344081546765,-6.279579504386323e-05,9.170310354010998e-06,-2.343281991237234e-05,-6.8811652082138295e-06,-6.279579504386323e-05,1.776252856653243e-05
603,0.01,1,14,transient,learned_with_learned_kf,learned,learned_kf,none,2,0.24685102750341673,0.859164085183521,0.07083460409929657,0.05385502516064589,0.20471372301312143,0.2126433942294378,0.007625104282514334,0.6213085826855759,24.860835794484125,0,0,0,True,False,results/data/experiment_10hq/experiment_10hq_seed603_Q0.01_fold1_client14_transient_learned_with_learned_kf.npz,a2c06b4328f471245df24fc0224ab24aa978898ee4dd0f85188c0e9f786b4635,0.27032288401061433,0.6774685413569634,3.0355476016555953,13.776907901060916,0.08471900260229046,16.24181925751733,16.795093636226675,2.225975395093123e-05,1.8840440751698287e-05,-0.0001806325965945212,-0.0007709594110382109,-2.5276242412966787e-06,1.8840440751698287e-05,0.0001398083150797761,-0.0003436435287154285,-0.0015797104477174178,3.9721339476671715e-06,-0.0001806325965945212,-0.0003436435287154285,0.0028069122145703393,0.012650369963658181,2.350474512356549e-06,-0.0007709594110382109,-0.0015797104477174178,0.012650369963658181,0.057817358405449555,-1.378796225740785e-05,-2.5276242412966787e-06,3.9721339476671715e-06,2.350474512356549e-06,-1.378796225740785e-05,2.186333471025856e-06
603,0.01,1,14,transient,learned_with_true_state,learned,true_state,all,2,0.8133965417493966,2.132981640208302,0.053086107438010906,0.0838152702620086,0.039831740728605014,0.015532021037630224,0.021896385099947725,0.6948127512423334,2.672517344589519,0,0,0,True,False,results/data/experiment_10hq/experiment_10hq_seed603_Q0.01_fold1_client14_transient_learned_with_true_state.npz,0cec7d3767d95b266161ed9390624e5c99ad1d98e39ac1cbf3807e3abf9deee6,0.0,0.0,0.0,0.0,0.0,0.0,0.0,0.0,0.0,0.0,0.0,0.0,0.0,0.0,0.0,0.0,0.0,0.0,0.0,0.0,0.0,0.0,0.0,0.0,0.0,0.0,0.0,0.0,0.0,0.0,0.0,0.0
603,0.01,1,14,transient,oracle_with_nominal_kf,oracle,nominal_kf,none,2,0.19745793848122503,0.6370329163793076,0.0436129879763481,0.07184747779426619,0.03333817858301323,0.012158849368330603,0.016920627852186895,0.5982190640809698,22.827958087015535,0,0,0,True,False,results/data/experiment_10hq/experiment_10hq_seed603_Q0.01_fold1_client14_transient_oracle_with_nominal_kf.npz,e91095d11b967e51537c5f30c301bb88171fde807305c3ca5daa2d3a00bdda05,0.14830177241906253,1.0212413419761013,0.6687568103054556,0.303120146902419,0.19468063884453704,1.8503586789568345,0.8127477734492222,6.6995775436332805e-06,3.849303300456619e-05,2.3867567505065012e-05,7.3874432696045926e-06,-5.747873741193749e-06,3.849303300456619e-05,0.0003176958270954415,0.0002019243265896787,4.0416122541990024e-05,-2.6572975684579248e-05,2.3867567505065012e-05,0.0002019243265896787,0.0001362357762370989,1.849659034230914e-05,-1.2826451262233228e-05,7.3874432696045926e-06,4.0416122541990024e-05,1.849659034230914e-05,2.7988803987117726e-05,-1.4041649102791241e-05,-5.747873741193749e-06,-2.6572975684579248e-05,-1.2826451262233228e-05,-1.4041649102791241e-05,1.154516809704035e-05
603,0.01,1,14,transient,oracle_with_learned_kf,oracle,learned_kf,none,2,0.20249556741385208,0.5131422075732414,0.06522463094708467,0.04985306204606507,0.19388483501435025,0.20003644533759263,0.007219851412232823,0.5846897764052057,26.42528658793193,0,0,0,True,False,results/data/experiment_10hq/experiment_10hq_seed603_Q0.01_fold1_client14_transient_oracle_with_learned_kf.npz,f03a8c6af9b152b865f3cdad8c8cbd8d7565fcb82e8c93bde2e95aa25a6194aa,0.22052814634442475,0.7149585604611945,3.8299541451106087,4.545879653237083,0.082946815089879,8.153214966017185,8.363970120605343,1.4814356420973182e-05,-1.903908065128526e-05,0.0001881964316630496,0.00021355024084404906,1.985038936215819e-06,-1.903908065128526e-05,0.00015570998976985497,-0.00045424715703884944,-0.0005535798921067261,2.6626869696555196e-06,0.0001881964316630496,-0.00045424715703884944,0.004468295473352382,0.005273296976973726,4.91614525581654e-06,0.00021355024084404906,-0.0005535798921067261,0.005273296976973726,0.006294925627166822,-9.535900708640883e-07,1.985038936215819e-06,2.6626869696555196e-06,4.91614525581654e-06,-9.535900708640883e-07,2.095820892246649e-06
603,0.01,1,14,transient,oracle_with_true_state,oracle,true_state,all,2,0.1744572532672482,0.5642796392866808,0.043761126381920035,0.0720706112895583,0.03343256681616602,0.012189961858065259,0.016951900296753575,0.5769244520339872,2.563337614639774,0,0,0,True,False,results/data/experiment_10hq/experiment_10hq_seed603_Q0.01_fold1_client14_transient_oracle_with_true_state.npz,5648f95efdb639d9896a3af7dd56525eba10bf472048e5b4dfe5b64a8c0c1dd4,0.0,0.0,0.0,0.0,0.0,0.0,0.0,0.0,0.0,0.0,0.0,0.0,0.0,0.0,0.0,0.0,0.0,0.0,0.0,0.0,0.0,0.0,0.0,0.0,0.0,0.0,0.0,0.0,0.0,0.0,0.0,0.0
603,0.01,1,14,transient,learned_with_learned_kf_correct_beta,learned,learned_kf,beta,2,0.2481335263642496,0.8661157016412847,0.07077304869439983,0.05383230895515863,0.20469253594800488,0.21258669560732044,0.007611042070128777,0.6207594184594932,24.73353221786768,0,0,0,True,False,results/data/experiment_10hq/experiment_10hq_seed603_Q0.01_fold1_client14_transient_learned_with_learned_kf_correct_beta.npz,371fd626915da441fa24ed3dcf3193e603b42ec673b043a55b5cf3708876cc10,0.0,0.6772175096332249,3.0344592637085293,13.768985740520984,0.08457097924793043,16.419648866196844,16.78616419324135,0.0,0.0,0.0,0.0,0.0,0.0,0.00013970472408528952,-0.00034277149236554847,-0.0015745304516114466,3.945882694258387e-06,0.0,-0.00034277149236554847,0.002804899845241731,0.012638941827376522,2.3622357264309083e-06,0.0,-0.0015745304516114466,0.012638941827376522,0.05775088388079668,-1.3611815452390536e-05,0.0,3.945882694258387e-06,2.3622357264309083e-06,-1.3611815452390536e-05,2.178700102407287e-06
603,0.01,1,14,transient,learned_with_learned_kf_correct_forces,learned,learned_kf,forces,2,0.8538009143810239,2.2944138414698507,0.08745998369061195,0.0640551293458211,0.23370304748963763,0.24864824367437952,0.008805577621820219,0.7165547211135583,17.003528978305052,0,0,0,True,False,results/data/experiment_10hq/experiment_10hq_seed603_Q0.01_fold1_client14_transient_learned_with_learned_kf_correct_forces.npz,8d10c70dee0185159f10d8bc4348ddd5f81b2665381b429104330be454a107a1,0.33358634249279645,0.8055811915595952,0.0,0.0,0.09745787121730805,0.9562276543817411,0.0,3.389778014086125e-05,1.5717830368275163e-05,0.0,0.0,-3.7826276785974316e-06,1.5717830368275163e-05,0.0001976848424800493,0.0,0.0,1.0093569468841608e-05,0.0,0.0,0.0,0.0,0.0,0.0,0.0,0.0,0.0,0.0,-3.7826276785974316e-06,1.0093569468841608e-05,0.0,0.0,2.893267421081789e-06
603,0.01,1,14,transient,learned_with_learned_kf_correct_beta_forces,learned,learned_kf,beta_forces,2,0.8481254642070597,2.2645348511725127,0.08731199264622767,0.06398188426838558,0.23371785469733,0.2485693254616081,0.008779308903142595,0.7155407525470397,16.854391758184722,0,0,0,True,False,results/data/experiment_10hq/experiment_10hq_seed603_Q0.01_fold1_client14_transient_learned_with_learned_kf_correct_beta_forces.npz,715e8465399830cdb88dbf0c9af9356a841ba3bc356405fa575abca1779e4edf,0.0,0.8047082929357622,0.0,0.0,0.09717994097804009,0.850111798719403,0.0,0.0,0.0,0.0,0.0,0.0,0.0,0.00019725666630237627,0.0,0.0,1.0005264653155687e-05,0.0,0.0,0.0,0.0,0.0,0.0,0.0,0.0,0.0,0.0,0.0,1.0005264653155687e-05,0.0,0.0,2.8767889182563473e-06
603,0.01,1,17,broadband,nominal_with_nominal_kf,nominal,nominal_kf,none,0,0.23656953009090437,0.7403696900408792,0.05233704151281995,0.05486122143487899,0.03298217420329704,0.013148612436430007,0.014921990112288583,0.33133324195663094,16.516785092787845,0,0,0,True,False,results/data/experiment_10hq/experiment_10hq_seed603_Q0.01_fold1_client17_broadband_nominal_with_nominal_kf.npz,b9bd7dffe7835130ff35d013da61d626ccbba770cee6c869a41d8e579c3a0de4,0.2146058972419001,0.5955482398123947,0.3791582431472132,0.14533839647009628,0.16453005560908723,1.0455198466418447,0.3852485117364656,1.4029365798819118e-05,1.949393711621151e-05,1.0046384358616445e-05,3.377455066627324e-06,-7.470896464175296e-06,1.949393711621151e-05,0.00010804100764042107,6.161807751338645e-05,4.440675234128938e-06,-8.929156616940278e-06,1.0046384358616445e-05,6.161807751338645e-05,4.37920967668309e-05,-2.5081904450074496e-06,-5.085074221441378e-06,3.377455066627324e-06,4.440675234128938e-06,-2.5081904450074496e-06,6.4345097566974454e-06,1.2357208686403285e-06,-7.470896464175296e-06,-8.929156616940278e-06,-5.085074221441378e-06,1.2357208686403285e-06,8.246035955983969e-06
603,0.01,1,17,broadband,nominal_with_learned_kf,nominal,learned_kf,none,0,0.2698319661858148,0.82465208055842,0.04921690849195355,0.07257800054804163,0.03669673514854574,0.017924795515559606,0.020853590507647637,0.3533353269903221,27.00703837142358,0,0,0,True,False,results/data/experiment_10hq/experiment_10hq_seed603_Q0.01_fold1_client17_broadband_nominal_with_learned_kf.npz,c9421111afcef9b3502ca49786781a20d7c0cb951be252ee342cba66cd05403c,0.20191500160503062,0.7877581740979754,0.431406423182326,0.1949106152502936,0.23071906623675684,1.2375595986360013,0.5214151133010734,1.2419151033082919e-05,2.8961501241745266e-05,-8.506354229555748e-07,-7.900561510296082e-06,-1.1380249124613855e-05,2.8961501241745266e-05,0.00018903428185946945,6.716872541778844e-05,-1.8765611289485481e-06,-1.3899448403018975e-05,-8.506354229555748e-07,6.716872541778844e-05,5.669280552058832e-05,7.276102423523096e-06,1.1668417190559253e-05,-7.900561510296082e-06,-1.8765611289485481e-06,7.276102423523096e-06,1.157246084195983e-05,1.1134748304484926e-05,-1.1380249124613855e-05,-1.3899448403018975e-05,1.1668417190559253e-05,1.1134748304484926e-05,1.621517745783895e-05
603,0.01,1,17,broadband,nominal_with_true_state,nominal,true_state,all,0,0.1914594743724385,0.5982768714908928,0.053063017510542904,0.05455886400361085,0.032890251895746646,0.012982412422960143,0.014749598635087636,0.3048093960400073,2.3680355959527972,0,0,0,True,False,results/data/experiment_10hq/experiment_10hq_seed603_Q0.01_fold1_client17_broadband_nominal_with_true_state.npz,a77cc26cb34dc56cafa24ff82afae4c591d000b59a434edadac50b6ec05a8fec,0.0,0.0,0.0,0.0,0.0,0.0,0.0,0.0,0.0,0.0,0.0,0.0,0.0,0.0,0.0,0.0,0.0,0.0,0.0,0.0,0.0,0.0,0.0,0.0,0.0,0.0,0.0,0.0,0.0,0.0,0.0,0.0
603,0.01,1,17,broadband,learned_with_nominal_kf,learned,nominal_kf,none,0,0.20247889386954157,0.6173637402963404,0.05158794937482318,0.054753047347605596,0.03264783261063135,0.013086822382738707,0.014812266663576408,0.3144819880535054,10.442418866269614,0,0,0,True,False,results/data/experiment_10hq/experiment_10hq_seed603_Q0.01_fold1_client17_broadband_learned_with_nominal_kf.npz,4e825d495b65a607c01331132ba5c8388be416e182a39c0bb45ff26f92b9267a,0.08864045451177864,0.3937474623551806,0.02477580737454693,0.04320235515819863,0.16301588707459233,0.40003214358243183,0.046798281966847766,2.3934187211580693e-06,-5.257726885813163e-06,-2.608317278165554e-07,-4.1959705415770836e-07,2.9981451985996832e-06,-5.257726885813163e-06,4.722699044084332e-05,2.6141284302425103e-06,9.203705085676723e-07,-5.522030123842619e-06,-2.608317278165554e-07,2.6141284302425103e-06,1.8698654919394133e-07,-4.420073807066925e-08,-2.788849972415687e-07,-4.1959705415770836e-07,9.203705085676723e-07,-4.420073807066925e-08,5.685512004716497e-07,3.8848528527435207e-07,2.9981451985996832e-06,-5.522030123842619e-06,-2.788849972415687e-07,3.8848528527435207e-07,8.094957973570746e-06
603,0.01,1,17,broadband,learned_with_learned_kf,learned,learned_kf,none,0,0.2192968881828538,0.6569895827958957,0.047980972313978465,0.07138283771087962,0.03573788304521149,0.01758303767428527,0.020303949789791016,0.32047719942033925,11.699763910502659,0,0,0,True,False,results/data/experiment_10hq/experiment_10hq_seed603_Q0.01_fold1_client17_broadband_learned_with_learned_kf.npz,b274f609e9a613e6b1424e07e4c7d25b452182914a0393bfc2c89dacbcc7de24,0.08254288825374703,0.5134738957268559,0.028584516595349854,0.05699299782632205,0.22327509368475953,0.5449466303779242,0.07084118714592205,2.0754585177545417e-06,-7.655193024913738e-06,2.8820208337624033e-08,9.262551208870855e-07,4.443955427813364e-06,-7.655193024913738e-06,8.03140403307587e-05,2.8038030300290214e-06,-2.6603310567307985e-07,-8.49822274915905e-06,2.8820208337624033e-08,2.8038030300290214e-06,2.4889515307136777e-07,1.451802671849893e-07,7.485092838218438e-07,9.262551208870855e-07,-2.6603310567307985e-07,1.451802671849893e-07,9.894588516375724e-07,3.146775479699573e-06,4.443955427813364e-06,-8.49822274915905e-06,7.485092838218438e-07,3.146775479699573e-06,1.5185716775453357e-05
603,0.01,1,17,broadband,learned_with_true_state,learned,true_state,all,0,0.16202947538129167,0.503229946192545,0.05146829801125379,0.053741342519350976,0.032117097868441746,0.012771509457715938,0.014534020516066816,0.29860079777728665,1.945232062002002,0,0,0,True,False,results/data/experiment_10hq/experiment_10hq_seed603_Q0.01_fold1_client17_broadband_learned_with_true_state.npz,c3ad67c038659f18d6247ce5d5ce8ecf4a6499159ff3c6a6d0886f9dbcd31ce7,0.0,0.0,0.0,0.0,0.0,0.0,0.0,0.0,0.0,0.0,0.0,0.0,0.0,0.0,0.0,0.0,0.0,0.0,0.0,0.0,0.0,0.0,0.0,0.0,0.0,0.0,0.0,0.0,0.0,0.0,0.0,0.0
603,0.01,1,17,broadband,oracle_with_nominal_kf,oracle,nominal_kf,none,0,0.242542232445553,0.7550152328588409,0.05278507410022885,0.05478974425465655,0.03309367433965262,0.013124144061465701,0.014967301394713955,0.3485708044727166,22.314405183327192,0,0,0,True,False,results/data/experiment_10hq/experiment_10hq_seed603_Q0.01_fold1_client17_broadband_oracle_with_nominal_kf.npz,0e7e6d96ef80419d2bb2cfe2efe7c3cf936b3d0c98e08eddb5978b309e6c305a,0.17688073861968773,0.7805225484698299,0.5939139489295867,0.2762257715725874,0.171627589809419,1.4297001724422345,0.6148610246292434,9.530502977897056e-06,2.1448359761508163e-05,1.3195670863840648e-05,5.299067342279093e-06,-6.473484516200917e-06,2.1448359761508163e-05,0.0001855776380680081,0.00012645787760254932,1.0851156749626037e-05,-1.2705385324717393e-05,1.3195670863840648e-05,0.00012645787760254932,0.00010744885354930359,-7.764755299334279e-06,-8.603550033480414e-06,5.299067342279093e-06,1.0851156749626037e-05,-7.764755299334279e-06,2.3242515319430355e-05,2.234366828323297e-06,-6.473484516200917e-06,-1.2705385324717393e-05,-8.603550033480414e-06,2.234366828323297e-06,8.972819728975122e-06
603,0.01,1,17,broadband,oracle_with_learned_kf,oracle,learned_kf,none,0,0.2817393544450394,0.8541794656992062,0.04985113489690647,0.07287690094193872,0.03731091803084964,0.017950857752108404,0.02146676392162152,0.44381628174560855,58.47673181792721,0,0,0,True,False,results/data/experiment_10hq/experiment_10hq_seed603_Q0.01_fold1_client17_broadband_oracle_with_learned_kf.npz,0501fbc354a20a47b7ca7a3ee4f824b038d1528d383ec98351c2db79f354f050,0.16701300930340235,1.0381010358794236,0.6844587399457102,0.372504275619833,0.2467718981912642,1.722938412976877,0.8627772004569475,8.496798867371075e-06,3.2165419883515436e-05,-8.863554017926848e-07,-1.2674697925918861e-05,-9.951601062782783e-06,3.2165419883515436e-05,0.0003282721080060288,0.0001370087382713964,-7.130166118708312e-06,-2.0448577644714235e-05,-8.863554017926848e-07,0.0001370087382713964,0.00014270831622047804,2.088781380368526e-05,2.0591233505395812e-05,-1.2674697925918861e-05,-7.130166118708312e-06,2.088781380368526e-05,4.22685411689179e-05,2.2421223330224933e-05,-9.951601062782783e-06,-2.0448577644714235e-05,2.0591233505395812e-05,2.2421223330224933e-05,1.8550095023637867e-05
603,0.01,1,17,broadband,oracle_with_true_state,oracle,true_state,all,0,0.19477928073256684,0.5951619557952158,0.053584641318290424,0.05455712041281476,0.03301429410581524,0.01295895666422878,0.014726957975547197,0.305399984417074,2.7289288161950895,0,0,0,True,False,results/data/experiment_10hq/experiment_10hq_seed603_Q0.01_fold1_client17_broadband_oracle_with_true_state.npz,21c406b9acf3aaa2c1e3eb766f95c6c16facec8f0cc82f5bb665ffbf2a38e214,0.0,0.0,0.0,0.0,0.0,0.0,0.0,0.0,0.0,0.0,0.0,0.0,0.0,0.0,0.0,0.0,0.0,0.0,0.0,0.0,0.0,0.0,0.0,0.0,0.0,0.0,0.0,0.0,0.0,0.0,0.0,0.0
603,0.01,1,17,broadband,learned_with_learned_kf_correct_beta,learned,learned_kf,beta,0,0.21789244044823328,0.6493123314023262,0.04782287279151507,0.07121391518554988,0.03564034542251057,0.01753789880842938,0.020250394841056996,0.3197432861428455,11.774834656553667,0,0,0,True,False,results/data/experiment_10hq/experiment_10hq_seed603_Q0.01_fold1_client17_broadband_learned_with_learned_kf_correct_beta.npz,dda18879606d8f37e7e03c2c6a910ba47a34ae16f1b23d6bdb76e2a728885303,0.0,0.5122583375469842,0.028503193369553072,0.056841883300457835,0.22268657243508103,0.5511330264439722,0.07066029274277356,0.0,0.0,0.0,0.0,0.0,0.0,7.993423199801638e-05,2.789948241164337e-06,-2.550862504254795e-07,-8.42622149689479e-06,0.0,2.789948241164337e-06,2.474809494197633e-07,1.4460877978471969e-07,7.449813958573116e-07,0.0,-2.550862504254795e-07,1.4460877978471969e-07,9.842187910752973e-07,3.129326744713248e-06,0.0,-8.42622149689479e-06,7.449813958573116e-07,3.129326744713248e-06,1.5105767521957908e-05
603,0.01,1,17,broadband,learned_with_learned_kf_correct_forces,learned,learned_kf,forces,0,0.21212109668283932,0.6380834819548815,0.04787935765538084,0.07090233405675203,0.03544105886092947,0.017432621288106184,0.020199468365450713,0.31798294866699184,11.097420110571141,0,0,0,True,False,results/data/experiment_10hq/experiment_10hq_seed603_Q0.01_fold1_client17_broadband_learned_with_learned_kf_correct_forces.npz,e8326ad001395d6b476d81c194bc1463ae5b64c2f455637dd34cbddc8428a362,0.08236275115376428,0.5100329107293997,0.0,0.0,0.2221248842682901,0.48767427546084535,0.0,2.066409667324005e-06,-7.66887009675921e-06,0.0,0.0,4.420072301931177e-06,-7.66887009675921e-06,7.924121690156143e-05,0.0,0.0,-8.6968440901069e-06,0.0,0.0,0.0,0.0,0.0,0.0,0.0,0.0,0.0,0.0,4.420072301931177e-06,-8.6968440901069e-06,0.0,0.0,1.5029660281674783e-05
603,0.01,1,17,broadband,learned_with_learned_kf_correct_beta_forces,learned,learned_kf,beta_forces,0,0.21080330689668467,0.6306201983978043,0.04772199345723356,0.07073263941557802,0.035343213502431615,0.017387674051378057,0.020145564486315548,0.3172273672522892,11.157671431377661,0,0,0,True,False,results/data/experiment_10hq/experiment_10hq_seed603_Q0.01_fold1_client17_broadband_learned_with_learned_kf_correct_beta_forces.npz,289c894b8e8d354da54aebbdfd73392fb3dac81e4d94f0549817ef7c746d6c92,0.0,0.5088117605842549,0.0,0.0,0.22153256017122927,0.5013393800674664,0.0,0.0,0.0,0.0,0.0,0.0,0.0,7.886222338637887e-05,0.0,0.0,-8.624466825195844e-06,0.0,0.0,0.0,0.0,0.0,0.0,0.0,0.0,0.0,0.0,0.0,-8.624466825195844e-06,0.0,0.0,1.4949610176014116e-05
603,0.01,1,17,transient,nominal_with_nominal_kf,nominal,nominal_kf,none,0,0.185941946305281,0.5858864468517772,0.09443956216429106,0.1013730636248383,0.05424786234690584,0.01741311972134491,0.01945223026498791,0.6069938724758137,15.743207658905447,0,0,0,True,False,results/data/experiment_10hq/experiment_10hq_seed603_Q0.01_fold1_client17_transient_nominal_with_nominal_kf.npz,c06ce648eebecbc67a8b9be07a0d3e72d9e757f9c33f7ba9713b2f2ef8ff52b2,0.40686604371696,1.120586108176643,0.752356266407515,0.25571170066978344,0.20471401577648338,2.2108529183442003,0.8741942240899844,5.042636082670517e-05,0.00012681102081777486,7.453861154411004e-05,2.221974662949118e-05,-2.2539953648044995e-05,0.00012681102081777486,0.0003825121228469608,0.0002432766039167561,5.1797442648653475e-05,-5.224083465063524e-05,7.453861154411004e-05,0.0002432766039167561,0.00017242562955339434,2.0224634323880573e-05,-2.688186138394382e-05,2.221974662949118e-05,5.1797442648653475e-05,2.0224634323880573e-05,1.99184681908511e-05,-1.1764358907385555e-05,-2.2539953648044995e-05,-5.224083465063524e-05,-2.688186138394382e-05,-1.1764358907385555e-05,1.2765854512004452e-05
603,0.01,1,17,transient,nominal_with_learned_kf,nominal,learned_kf,none,0,0.21115242949291135,0.7199254244223765,0.08795774427761188,0.12260079702529929,0.043688497526701925,0.01608404386830003,0.029912642370253647,0.6201134724921147,25.77769818937656,0,0,0,True,False,results/data/experiment_10hq/experiment_10hq_seed603_Q0.01_fold1_client17_transient_nominal_with_learned_kf.npz,e747d9b0f77f623f50ce5e273746a192adc5e648d70762b3d0f03b7a65b8d757,0.3799637163954267,1.3518381764471832,0.6278462149974054,0.2126973058876536,0.3165628727280359,1.7861280952409513,0.6187430996363242,4.397835582854522e-05,0.00014493890615025878,2.5852958805656502e-05,-2.074704428784889e-05,-2.9699484515128717e-05,0.00014493890615025878,0.0005566781163602624,0.00013470114071262128,-7.035832429478904e-05,-9.715032015312085e-05,2.5852958805656502e-05,0.00013470114071262128,0.00012007740562740108,-8.618843793613583e-06,6.9969834857606155e-06,-2.074704428784889e-05,-7.035832429478904e-05,-8.618843793613583e-06,1.3780935915304368e-05,1.746685848593948e-05,-2.9699484515128717e-05,-9.715032015312085e-05,6.9969834857606155e-06,1.746685848593948e-05,3.0526336830519455e-05
603,0.01,1,17,transient,nominal_with_true_state,nominal,true_state,all,0,0.15597492120921197,0.5182719408490447,0.09517139207138381,0.10203767936386393,0.054646976866662,0.01753052972362105,0.019695096601235588,0.5986761063760816,2.195205492276752,0,0,0,True,False,results/data/experiment_10hq/experiment_10hq_seed603_Q0.01_fold1_client17_transient_nominal_with_true_state.npz,ab5e3536ed53393beebe6cd06323742c737f0ec06d5a2f83d213422611caae8f,0.0,0.0,0.0,0.0,0.0,0.0,0.0,0.0,0.0,0.0,0.0,0.0,0.0,0.0,0.0,0.0,0.0,0.0,0.0,0.0,0.0,0.0,0.0,0.0,0.0,0.0,0.0,0.0,0.0,0.0,0.0,0.0
603,0.01,1,17,transient,learned_with_nominal_kf,learned,nominal_kf,none,0,0.15893787554488298,0.501166748980737,0.09386376812081597,0.10089342917333884,0.05392716271341649,0.017303384356310837,0.019297816431816738,0.5960868364086709,10.013761491798917,0,0,0,True,False,results/data/experiment_10hq/experiment_10hq_seed603_Q0.01_fold1_client17_transient_learned_with_nominal_kf.npz,aa19aeacd69addb4114aed1b2d14fe0ff4c875bce92c78eecaff7e898ae64780,0.1907421602014563,0.7203959869313803,0.05832798516901434,0.07712314724985422,0.21463377888894347,0.5177239397516089,0.11229666395452292,1.1082765109854213e-05,-3.848183177335601e-05,-2.73265173043259e-06,-3.2525394891642204e-06,1.1005108890275256e-05,-3.848183177335601e-05,0.00015808741748808328,1.2011601401479876e-05,9.962641415678374e-06,-3.5254938292626564e-05,-2.73265173043259e-06,1.2011601401479876e-05,1.0363553286853444e-06,4.965883899462919e-07,-2.1505135323295047e-06,-3.2525394891642204e-06,9.962641415678374e-06,4.965883899462919e-07,1.8118582723289232e-06,-3.8046352643755888e-06,1.1005108890275256e-05,-3.5254938292626564e-05,-2.1505135323295047e-06,-3.8046352643755888e-06,1.4033011432423685e-05
603,0.01,1,17,transient,learned_with_learned_kf,learned,learned_kf,none,0,0.16652481786211942,0.5442637645770707,0.08665682573553973,0.1213093900274759,0.04256674654052513,0.01582193172826326,0.02939092507346579,0.5984736166853244,11.243518524097334,0,0,0,True,False,results/data/experiment_10hq/experiment_10hq_seed603_Q0.01_fold1_client17_transient_learned_with_learned_kf.npz,46cb68c2734357a305d165e2c6af278eac7e630e1f46f20f1c558631341f0475,0.1763267643810264,0.8675333941567438,0.04992920106532621,0.06302250519920448,0.3264732300182935,0.5351645278167242,0.07281904654317718,9.470899139990628e-06,-4.275898563427951e-05,-8.71994597026308e-07,2.792332675692268e-06,1.373775767380708e-05,-4.275898563427951e-05,0.00022925939264569406,6.194665665874738e-06,-1.3375777749973096e-05,-6.466063800154556e-05,-8.71994597026308e-07,6.194665665874738e-06,7.593884174778855e-07,-1.770052231597459e-07,8.053450747556897e-07,2.792332675692268e-06,-1.3375777749973096e-05,-1.770052231597459e-07,1.2098904833571882e-06,5.352103735019511e-06,1.373775767380708e-05,-6.466063800154556e-05,8.053450747556897e-07,5.352103735019511e-06,3.246757760115709e-05
603,0.01,1,17,transient,learned_with_true_state,learned,true_state,all,0,0.13694259475145257,0.428917644469744,0.0938456981931415,0.10091833516116569,0.053860645131936474,0.01727398188828632,0.019367836592551157,0.5905636333565171,1.7373755842497878,0,0,0,True,False,results/data/experiment_10hq/experiment_10hq_seed603_Q0.01_fold1_client17_transient_learned_with_true_state.npz,2c253d571828f918c67c56e9cd5fdae89892c65770f19fb51251f696eb6c0004,0.0,0.0,0.0,0.0,0.0,0.0,0.0,0.0,0.0,0.0,0.0,0.0,0.0,0.0,0.0,0.0,0.0,0.0,0.0,0.0,0.0,0.0,0.0,0.0,0.0,0.0,0.0,0.0,0.0,0.0,0.0,0.0
603,0.01,1,17,transient,oracle_with_nominal_kf,oracle,nominal_kf,none,0,0.1993508087549586,0.6442781764731165,0.09494058540272253,0.10183613815108246,0.05454756118719441,0.01750521955880984,0.019627912704584027,0.6189622575521633,21.238934185943574,0,0,0,True,False,results/data/experiment_10hq/experiment_10hq_seed603_Q0.01_fold1_client17_transient_oracle_with_nominal_kf.npz,9ffbd68de5786488105cc20f3c7722c4c8dffbb73fa7f3751c36b43015bf3ec8,0.3111001679634023,1.4681059364531903,1.1626336589797657,0.47037960504292625,0.21454952938145166,2.98032048259875,1.3965698493664487,2.9481883543484328e-05,0.00012577166441924738,8.678091739535565e-05,3.1059081750188225e-05,-1.798317966926158e-05,0.00012577166441924738,0.0006565525988584091,0.0004924761960691067,0.00012531709203527784,-7.151214302369794e-05,8.678091739535565e-05,0.0004924761960691067,0.0004117565524350354,5.7486386049706815e-05,-4.3332784516629114e-05,3.1059081750188225e-05,0.00012531709203527784,5.7486386049706815e-05,6.7398728176442e-05,-2.2815906244653164e-05,-1.798317966926158e-05,-7.151214302369794e-05,-4.3332784516629114e-05,-2.2815906244653164e-05,1.40219969288282e-05
603,0.01,1,17,transient,oracle_with_learned_kf,oracle,learned_kf,none,0,0.233247121249557,0.8082589509804167,0.08875100989438074,0.12341787008423523,0.0446598780213784,0.016218717414809482,0.030532038213568327,0.6809993360841453,58.68166218122024,0,0,0,True,False,results/data/experiment_10hq/experiment_10hq_seed603_Q0.01_fold1_client17_transient_oracle_with_learned_kf.npz,b539c677c4a68096483440cba7a5aceba60698bd426cda5517cc5502b94ff910,0.2907279573378497,1.7763961764524139,0.9841167935580731,0.3985218703540451,0.33563612115865726,2.284940318615237,0.9812205042080726,2.574710054936264e-05,0.00014582963429917716,3.0227282941100437e-05,-3.0094542709430073e-05,-2.4109259017701163e-05,0.00014582963429917716,0.0009612456658320606,0.00027541440060303114,-0.000173992171708632,-0.00013349683096479647,3.0227282941100437e-05,0.00027541440060303114,0.0002950176647975469,-2.505659016934958e-05,1.3632777873969145e-05,-3.0094542709430073e-05,-0.000173992171708632,-2.505659016934958e-05,4.8379241483408904e-05,3.448914485017507e-05,-2.4109259017701163e-05,-0.00013349683096479647,1.3632777873969145e-05,3.448914485017507e-05,3.43156415016761e-05
603,0.01,1,17,transient,oracle_with_true_state,oracle,true_state,all,0,0.1725012359127423,0.575315899244313,0.09577003875525551,0.10260148623243828,0.05500034263250223,0.0176393181603907,0.019833079534758498,0.6028765118129326,2.578860601500623,0,0,0,True,False,results/data/experiment_10hq/experiment_10hq_seed603_Q0.01_fold1_client17_transient_oracle_with_true_state.npz,37cd2d7116b64220b21aa3e33052ce4d526327d17e248991a116c6755afa9c0a,0.0,0.0,0.0,0.0,0.0,0.0,0.0,0.0,0.0,0.0,0.0,0.0,0.0,0.0,0.0,0.0,0.0,0.0,0.0,0.0,0.0,0.0,0.0,0.0,0.0,0.0,0.0,0.0,0.0,0.0,0.0,0.0
603,0.01,1,17,transient,learned_with_learned_kf_correct_beta,learned,learned_kf,beta,0,0.1690358232510311,0.5396282389573663,0.08652064513340678,0.12118423048754164,0.04242790341585103,0.015782095864990547,0.029339423275043932,0.5978107214073226,11.29882512536456,0,0,0,True,False,results/data/experiment_10hq/experiment_10hq_seed603_Q0.01_fold1_client17_transient_learned_with_learned_kf_correct_beta.npz,2ea60477ad90d6ee5dee614d879715d2c36b00e009bf9521ae728ed01a02e592,0.0,0.8666302130271822,0.04976556907180446,0.06285291261084251,0.32589746523798646,0.6571978642087747,0.07259910968215529,0.0,0.0,0.0,0.0,0.0,0.0,0.000228782281394348,6.169128333728663e-06,-1.3340593163430614e-05,-6.454433015499272e-05,0.0,6.169128333728663e-06,7.544191161417977e-07,-1.7614041749081509e-07,7.951538544335045e-07,0.0,-1.3340593163430614e-05,-1.7614041749081509e-07,1.203387651437945e-06,5.33366522097412e-06,0.0,-6.454433015499272e-05,7.951538544335045e-07,5.33366522097412e-06,3.23531596215429e-05
603,0.01,1,17,transient,learned_with_learned_kf_correct_forces,learned,learned_kf,forces,0,0.16358369088840768,0.5305163531234248,0.08655002485337521,0.12119339764428906,0.042474070926254416,0.0157899548620951,0.029354346638285598,0.5974544245763647,10.698235521095318,0,0,0,True,False,results/data/experiment_10hq/experiment_10hq_seed603_Q0.01_fold1_client17_transient_learned_with_learned_kf_correct_forces.npz,e65601767f6848856894234f4d7d9d145c7373f796d0d1dcc4bc856c668da476,0.1760901268651227,0.8667051530522036,0.0,0.0,0.3260654309883557,0.5235576305899585,0.0,9.445495552688962e-06,-4.268730360772344e-05,0.0,0.0,1.3705233949349497e-05,-4.268730360772344e-05,0.00022882185003832357,0.0,0.0,-6.459512654771209e-05,0.0,0.0,0.0,0.0,0.0,0.0,0.0,0.0,0.0,0.0,1.3705233949349497e-05,-6.459512654771209e-05,0.0,0.0,3.238651749447293e-05
603,0.01,1,17,transient,learned_with_learned_kf_correct_beta_forces,learned,learned_kf,beta_forces,0,0.16626558553176124,0.5262435457472685,0.086414796742483,0.12106873848553461,0.04233565947876861,0.015750433508972376,0.02930275101425716,0.5967852149696711,10.739483196072365,0,0,0,True,False,results/data/experiment_10hq/experiment_10hq_seed603_Q0.01_fold1_client17_transient_learned_with_learned_kf_correct_beta_forces.npz,7666ca0b1778964621f6942fab8a728ab0bd1048f7c030292e2f480e7104c6d5,0.0,0.8658056176238597,0.0,0.0,0.3254886237307549,0.6574319100425898,0.0,0.0,0.0,0.0,0.0,0.0,0.0,0.00022834711755274608,0.0,0.0,-6.44792062351486e-05,0.0,0.0,0.0,0.0,0.0,0.0,0.0,0.0,0.0,0.0,0.0,-6.44792062351486e-05,0.0,0.0,3.227203583841061e-05
603,0.01,1,20,broadband,nominal_with_nominal_kf,nominal,nominal_kf,none,1,0.11829366068474609,0.3727113994271903,0.06212088479526418,0.050595917582023205,0.03545353863023065,0.011565305795840834,0.017417804374487995,0.23332276382078893,19.927328092441222,0,0,0,True,False,results/data/experiment_10hq/experiment_10hq_seed603_Q0.01_fold1_client20_broadband_nominal_with_nominal_kf.npz,fdbc4592a621658a1dbbf4d6666e88f24699050441096b92894e3dddc81b16d5,0.2541955146444661,0.5488280548961112,0.4200773577527889,0.12494812243135771,0.18883267832915598,0.9607550051863744,0.3754817530308725,1.9682964139853646e-05,3.068101893237106e-05,7.018818560138322e-06,-3.1545745894700113e-06,-9.266692968807535e-06,3.068101893237106e-05,9.1754493480851e-05,4.860117167866456e-05,-7.80805328854744e-06,-1.2840636595799222e-05,7.018818560138322e-06,4.860117167866456e-05,5.3754308869279885e-05,-7.781524020807126e-06,1.238852226312384e-06,-3.1545745894700113e-06,-7.80805328854744e-06,-7.781524020807126e-06,4.755697301202584e-06,3.495479720418509e-06,-9.266692968807535e-06,-1.2840636595799222e-05,1.238852226312384e-06,3.495479720418509e-06,1.0861981062280733e-05
603,0.01,1,20,broadband,nominal_with_learned_kf,nominal,learned_kf,none,1,0.14080921322476012,0.49023621176028725,0.02996516806905566,0.018622166285800667,0.3373915396220854,0.023682106960438112,0.26891170666843434,11.314535348725109,2263.0599926381337,497,0,0,True,False,results/data/experiment_10hq/experiment_10hq_seed603_Q0.01_fold1_client20_broadband_nominal_with_learned_kf.npz,54cb12163326e593f4b80498feeb4484393d6b25a05b25a420ae63f3a0fdda4d,0.12248522170235006,0.20400029016858198,3.9815917563394594,0.25494125935018175,2.9458048542431237,1.1805896216933272,4.098123851826982,4.570062299111909e-06,1.0623766566616109e-06,3.26950599188331e-05,-6.675290404601428e-06,-3.135153836839974e-05,1.0623766566616109e-06,1.2676994605154449e-05,-8.765918162689615e-05,-4.479813750325661e-06,5.73714552687132e-05,3.26950599188331e-05,-8.765918162689615e-05,0.004829122166799035,0.00013350637405716662,-0.003551725447057479,-6.675290404601428e-06,-4.479813750325661e-06,0.00013350637405716662,1.979862312585819e-05,-8.524065949738313e-05,-3.135153836839974e-05,5.73714552687132e-05,-0.003551725447057479,-8.524065949738313e-05,0.0026433987613223996
603,0.01,1,20,broadband,nominal_with_true_state,nominal,true_state,all,1,0.14121941465176233,0.4800551242003152,0.06143375689609179,0.05707304331568989,0.06788970412022813,0.011580035190055077,0.2788227448051359,6.772936446356039,1354.4333057307667,94,0,0,True,False,results/data/experiment_10hq/experiment_10hq_seed603_Q0.01_fold1_client20_broadband_nominal_with_true_state.npz,a9458bdfc0e87bbbfca7d55f6bdea26819c7a7fb448b97f8b9c3a6d1e515a11b,0.0,0.0,0.0,0.0,0.0,0.0,0.0,0.0,0.0,0.0,0.0,0.0,0.0,0.0,0.0,0.0,0.0,0.0,0.0,0.0,0.0,0.0,0.0,0.0,0.0,0.0,0.0,0.0,0.0,0.0,0.0,0.0
603,0.01,1,20,broadband,learned_with_nominal_kf,learned,nominal_kf,none,1,0.09917345643265693,0.30600717872446087,0.06062381109085948,0.04949230615021958,0.03359793181316577,0.011310569463787236,0.015203429362491914,0.19277984348694793,9.047568824525078,0,0,0,True,False,results/data/experiment_10hq/experiment_10hq_seed603_Q0.01_fold1_client20_broadband_learned_with_nominal_kf.npz,a96ab47833d28cfcc415c505f778c9ebeb0330f3dcd6483abb773abcf9a99a05,0.1277816189513064,0.2298306210726796,0.025917767918163477,0.03334618111829636,0.15297270856968181,0.2427399049490569,0.0311506698254773,4.9738365291508765e-06,-6.450242196281959e-06,-1.9498256265949262e-07,4.156765162143229e-07,4.088352817751383e-06,-6.450242196281959e-06,1.609053619092234e-05,1.2159676782454436e-06,-8.662436199841433e-07,-4.375722665222566e-06,-1.9498256265949262e-07,1.2159676782454436e-06,2.0462087075510284e-07,-1.2387789161782212e-07,7.360571911534317e-08,4.156765162143229e-07,-8.662436199841433e-07,-1.2387789161782212e-07,3.3872476065188753e-07,8.239188321058402e-07,4.088352817751383e-06,-4.375722665222566e-06,7.360571911534317e-08,8.239188321058402e-07,7.128245492476609e-06
603,0.01,1,20,broadband,learned_with_learned_kf,learned,learned_kf,none,1,0.11347901876671207,0.35983748114850755,0.02903199034270849,0.015860631554895564,0.022838911619119794,0.022317415242186164,0.008838112304115556,0.19610412730084398,12.071126429852455,0,0,0,True,False,results/data/experiment_10hq/experiment_10hq_seed603_Q0.01_fold1_client20_broadband_learned_with_learned_kf.npz,ebb10dea5e076220046dd1b03b6d7767b553f35c903b451a86afb87eca01a23d,0.060874535296517644,0.07373564548157881,0.01716168327927563,0.06493522994314663,0.08938490207875421,0.19029596105519225,0.07864828392670595,1.1288235285501126e-06,-3.609736464345661e-07,2.5335346157453867e-07,1.0955134170832523e-06,4.683818621770237e-07,-3.609736464345661e-07,1.6561882837120812e-06,-1.1230099201161309e-07,-2.989101678320055e-07,-5.726589902563741e-08,2.5335346157453867e-07,-1.1230099201161309e-07,8.97169499434882e-08,2.550325735574178e-07,2.7637897129505293e-07,1.0955134170832523e-06,-2.989101678320055e-07,2.550325735574178e-07,1.2844449651299843e-06,6.997958372433042e-07,4.683818621770237e-07,-5.726589902563741e-08,2.7637897129505293e-07,6.997958372433042e-07,2.4337898333844443e-06
603,0.01,1,20,broadband,learned_with_true_state,learned,true_state,all,1,0.1274899835825026,0.3910098558809943,0.06107648875530841,0.04944230659909534,0.03294564384601277,0.011613768860873733,0.013956279256702694,0.1841081892500361,2.0003026796727643,0,0,0,True,False,results/data/experiment_10hq/experiment_10hq_seed603_Q0.01_fold1_client20_broadband_learned_with_true_state.npz,2e7a7afe1cd68321d935e35260236d1d91a35d9c166706cdf261ca4cf1337cc0,0.0,0.0,0.0,0.0,0.0,0.0,0.0,0.0,0.0,0.0,0.0,0.0,0.0,0.0,0.0,0.0,0.0,0.0,0.0,0.0,0.0,0.0,0.0,0.0,0.0,0.0,0.0,0.0,0.0,0.0,0.0,0.0
603,0.01,1,20,broadband,oracle_with_nominal_kf,oracle,nominal_kf,none,1,0.10423342438548419,0.31560350027531786,0.06113239768533735,0.04997389046854229,0.03451156547607514,0.01143693328651044,0.015909203576462753,0.19839214666960842,9.109825651430743,0,0,0,True,False,results/data/experiment_10hq/experiment_10hq_seed603_Q0.01_fold1_client20_broadband_oracle_with_nominal_kf.npz,91d03b1d7cd5119398dae7233ad48b4081fad3161a1d4d50bff18838118c8300,0.10391063269991747,0.26462667344317153,0.15029476279343273,0.0329368243853734,0.1250842877285148,0.41057192077799404,0.13769296909584572,3.2890820952806224e-06,5.937532810120486e-06,9.619498269760796e-07,-3.2313458030562754e-07,-2.6703092858055624e-06,5.937532810120486e-06,2.133152822046553e-05,8.38065083854295e-06,-9.68003685358518e-07,-4.143690108792387e-06,9.619498269760796e-07,8.38065083854295e-06,6.880855376392642e-06,-7.179827078866184e-07,2.67233401327092e-07,-3.2313458030562754e-07,-9.68003685358518e-07,-7.179827078866184e-07,3.3045945600447826e-07,6.513297394102556e-07,-2.6703092858055624e-06,-4.143690108792387e-06,2.67233401327092e-07,6.513297394102556e-07,4.766068225892733e-06
603,0.01,1,20,broadband,oracle_with_learned_kf,oracle,learned_kf,none,1,0.11404270091834263,0.36481608831990137,0.02895249955230729,0.015853653247416263,0.022839829342711244,0.022249972912550802,0.008910993016662634,0.20229737537466747,14.805410821232243,0,0,0,True,False,results/data/experiment_10hq/experiment_10hq_seed603_Q0.01_fold1_client20_broadband_oracle_with_learned_kf.npz,8920605453260ce576923e7ffd26cf266de5d085b8546b6aa49a6702f455ada7,0.04862694544217863,0.08592195938446771,0.09659234026259257,0.06308183947755032,0.0696823767271936,0.16626451783629156,0.15158146519700644,7.202922045731263e-07,3.330730956168408e-07,-1.215030758397033e-06,-8.487324155809889e-07,-3.026524108418978e-07,3.330730956168408e-07,2.248863416643418e-06,-7.679804553077131e-07,-3.38708560788406e-07,-5.533798104584008e-08,-1.215030758397033e-06,-7.679804553077131e-07,2.8421049561364113e-06,1.472450837979036e-06,1.1482165407992844e-06,-8.487324155809889e-07,-3.38708560788406e-07,1.472450837979036e-06,1.2121697254110615e-06,5.338368686235666e-07,-3.026524108418978e-07,-5.533798104584008e-08,1.1482165407992844e-06,5.338368686235666e-07,1.4791105866884781e-06
603,0.01,1,20,broadband,oracle_with_true_state,oracle,true_state,all,1,0.12491290720674382,0.3894592631161149,0.06067858412943449,0.04912555812417042,0.03268117040090324,0.011519066078760729,0.01385756567397655,0.1826870273090623,1.7201963077966627,0,0,0,True,False,results/data/experiment_10hq/experiment_10hq_seed603_Q0.01_fold1_client20_broadband_oracle_with_true_state.npz,06b3c9939a4455435d826065f0b98d00ca25177e59d5e124e5a7722e17926c4b,0.0,0.0,0.0,0.0,0.0,0.0,0.0,0.0,0.0,0.0,0.0,0.0,0.0,0.0,0.0,0.0,0.0,0.0,0.0,0.0,0.0,0.0,0.0,0.0,0.0,0.0,0.0,0.0,0.0,0.0,0.0,0.0
603,0.01,1,20,broadband,learned_with_learned_kf_correct_beta,learned,learned_kf,beta,1,0.1167175545150195,0.365972243285559,0.029144739868431316,0.015877176226429444,0.02292037009165221,0.02240148845265193,0.008860021636166723,0.1969065526683367,12.163970362169692,0,0,0,True,False,results/data/experiment_10hq/experiment_10hq_seed603_Q0.01_fold1_client20_broadband_learned_with_learned_kf_correct_beta.npz,6ee1a76e2a8bafe9a0c54aee27dd7451b842065ed5ef7d55992ed157662ed21b,0.0,0.07381212598111908,0.017211766519384407,0.0651752858581949,0.08960595060216277,0.15181450086987622,0.07893991440753985,0.0,0.0,0.0,0.0,0.0,0.0,1.6596257472918269e-06,-1.1313437475314071e-07,-3.000866053091156e-07,-6.112357228770974e-08,0.0,-1.1313437475314071e-07,9.024135910933102e-08,2.5701292024862513e-07,2.775305143488338e-07,0.0,-3.000866053091156e-07,2.5701292024862513e-07,1.2939593243695974e-06,7.053235122986581e-07,0.0,-6.112357228770974e-08,2.775305143488338e-07,7.053235122986581e-07,2.4458422237694616e-06
603,0.01,1,20,broadband,learned_with_learned_kf_correct_forces,learned,learned_kf,forces,1,0.12014572954372886,0.37794492294364007,0.029162287757674297,0.01586638680637106,0.022947500060266333,0.02243925178453791,0.008822480227987704,0.1956732633740962,11.268054843682638,0,0,0,True,False,results/data/experiment_10hq/experiment_10hq_seed603_Q0.01_fold1_client20_broadband_learned_with_learned_kf_correct_forces.npz,514c4a30f75c2e46eedb9984d62d41696dac6307a170c7b9113399e52f777581,0.06114663691102004,0.07376305053723661,0.0,0.0,0.08921067936308369,0.13227767745651262,0.0,1.1389374842395873e-06,-3.6324422438106687e-07,0.0,0.0,4.754603800795003e-07,-3.6324422438106687e-07,1.6574196112845521e-06,0.0,0.0,-5.754649618928494e-08,0.0,0.0,0.0,0.0,0.0,0.0,0.0,0.0,0.0,0.0,4.754603800795003e-07,-5.754649618928494e-08,0.0,0.0,2.424311538325877e-06
603,0.01,1,20,broadband,learned_with_learned_kf_correct_beta_forces,learned,learned_kf,beta_forces,1,0.12358936076667752,0.38409975462884666,0.02927588796689405,0.015882726416230075,0.023029117775412108,0.022524060791620594,0.008843711226770629,0.19644618022399238,11.346555608656718,0,0,0,True,False,results/data/experiment_10hq/experiment_10hq_seed603_Q0.01_fold1_client20_broadband_learned_with_learned_kf_correct_beta_forces.npz,0afb418efe8dbbbe0640d47bcc7a8afae06d5984604e2cfb283a4116a8331460,0.0,0.07383849096433545,0.0,0.0,0.08942480411389156,0.11421889118121017,0.0,0.0,0.0,0.0,0.0,0.0,0.0,1.6608115638227466e-06,0.0,0.0,-6.137481061463546e-08,0.0,0.0,0.0,0.0,0.0,0.0,0.0,0.0,0.0,0.0,0.0,-6.137481061463546e-08,0.0,0.0,2.435963239433623e-06
603,0.01,1,20,transient,nominal_with_nominal_kf,nominal,nominal_kf,none,1,0.117488734591886,0.358159540533654,0.10359338417947699,0.0881456187810838,0.044969714518663696,0.008538238288115292,0.020934543424727604,0.44105062059491107,20.94982005099354,0,0,0,True,False,results/data/experiment_10hq/experiment_10hq_seed603_Q0.01_fold1_client20_transient_nominal_with_nominal_kf.npz,404d6c8f26ca9e01984f10e1f28cc982c4a732cb3fe6d36c56112d5509cce435,0.447186489099199,0.9740901192058264,0.630438157965163,0.10864090401181209,0.21916732419517979,1.7295975361157625,0.56064490756707,6.091609882262858e-05,0.00012064773067318981,4.4167478594083546e-05,-3.814938989355336e-06,-2.3052794147802114e-05,0.00012064773067318981,0.0002890367140696638,0.00014506161097474328,-1.4874834287254534e-05,-3.9406219760273376e-05,4.4167478594083546e-05,0.00014506161097474328,0.00012107088528602545,-1.445903208116182e-05,-4.173062863219493e-06,-3.814938989355336e-06,-1.4874834287254534e-05,-1.445903208116182e-05,3.5953525021241485e-06,9.111606651402163e-07,-2.3052794147802114e-05,-3.9406219760273376e-05,-4.173062863219493e-06,9.111606651402163e-07,1.463208939957826e-05
603,0.01,1,20,transient,nominal_with_learned_kf,nominal,learned_kf,none,1,0.11995804064540043,0.4153798657269533,0.04388862235480179,0.022350933524003164,0.2640738441169159,0.03196883120601642,0.21337686200192996,10.710971393048458,2139.519798411809,463,0,0,True,False,results/data/experiment_10hq/experiment_10hq_seed603_Q0.01_fold1_client20_transient_nominal_with_learned_kf.npz,4adc7edb21dddd4d61ab5c8892ba88f0b97d257c8cdd31d6cf74c4fb4a8634fa,0.18754009273673405,0.24936959547591903,3.212699286518392,0.4256165926079784,2.3186096023526708,1.1043984357173489,3.364852686666636,1.0713786508782946e-05,4.445332366496877e-06,3.937203102337399e-06,-2.160237277778042e-05,-2.105627551578231e-05,4.445332366496877e-06,1.8942693694862948e-05,-7.963165153767098e-05,-1.7202906457708833e-05,4.032356987703065e-05,3.937203102337399e-06,-7.963165153767098e-05,0.0031440894177504133,0.00012483944011283798,-0.002233795179721907,-2.160237277778042e-05,-1.7202906457708833e-05,0.00012483944011283798,5.518128838229455e-05,-4.7754526187872575e-05,-2.105627551578231e-05,4.032356987703065e-05,-0.002233795179721907,-4.7754526187872575e-05,0.0016376081665928231
603,0.01,1,20,transient,nominal_with_true_state,nominal,true_state,all,1,0.12810226271109262,0.4147432060073984,0.10332749302624485,0.08861194030638234,0.049517910984391234,0.0084683577556849,0.13426262732587468,4.368619890676691,870.0262896593459,22,0,0,True,False,results/data/experiment_10hq/experiment_10hq_seed603_Q0.01_fold1_client20_transient_nominal_with_true_state.npz,729d32ef79f9acae9ad02e7ee4ebbe75f65d01eda8950921110fd61381b173e6,0.0,0.0,0.0,0.0,0.0,0.0,0.0,0.0,0.0,0.0,0.0,0.0,0.0,0.0,0.0,0.0,0.0,0.0,0.0,0.0,0.0,0.0,0.0,0.0,0.0,0.0,0.0,0.0,0.0,0.0,0.0,0.0
603,0.01,1,20,transient,learned_with_nominal_kf,learned,nominal_kf,none,1,0.09273080955246056,0.31407068044503844,0.1025617307913721,0.08724162593827195,0.04346690546175397,0.008341623320582095,0.01894847482966867,0.4178706101532398,9.571919916652178,0,0,0,True,False,results/data/experiment_10hq/experiment_10hq_seed603_Q0.01_fold1_client20_transient_learned_with_nominal_kf.npz,2753137f4836a9a0c01d55bf364025bd4983119a540af0cf2d9f89088a7baa0f,0.24543254048206045,0.4073686748615322,0.04721841274574627,0.029629184573702217,0.19383356861864454,0.2635129565232212,0.03417305567232261,1.8349279703099986e-05,-2.786120916519131e-05,-1.7228125585371663e-06,5.389203792622298e-07,1.2034864861789354e-05,-2.786120916519131e-05,5.055102846923855e-05,4.430348885808587e-06,-1.6895646435363686e-06,-1.5473002821584467e-05,-1.7228125585371663e-06,4.430348885808587e-06,6.791684505605022e-07,-2.954285358226458e-07,-2.4076531234593767e-07,5.389203792622298e-07,-1.6895646435363686e-06,-2.954285358226458e-07,2.6742015364365697e-07,2.0891751497924325e-07,1.2034864861789354e-05,-1.5473002821584467e-05,-2.4076531234593767e-07,2.0891751497924325e-07,1.1444918864405258e-05
603,0.01,1,20,transient,learned_with_learned_kf,learned,learned_kf,none,1,0.10240608105570295,0.3531595393471969,0.04338301698016903,0.020319963669833956,0.0310074202283151,0.031195484826529982,0.010635582693791164,0.420011843082194,12.785104623545438,0,0,0,True,False,results/data/experiment_10hq/experiment_10hq_seed603_Q0.01_fold1_client20_transient_learned_with_learned_kf.npz,bb8d2f62825ed32b3444ce68f7f80b717c788c9f7a41eaf99699d345e0076570,0.10143737735634083,0.09493583640819937,0.03411553813394868,0.11690484807873953,0.10958948147475263,0.2745946324983513,0.14830553317168493,3.134373590113189e-06,-1.2113620771424268e-06,8.780544503138774e-07,3.430271829080684e-06,1.4136236817928442e-06,-1.2113620771424268e-06,2.745459851596836e-06,-6.536601013139109e-07,-1.8792702618014204e-06,-1.499705295171934e-06,8.780544503138774e-07,-6.536601013139109e-07,3.5453505875079806e-07,1.0911270661502829e-06,8.331320472281052e-07,3.430271829080684e-06,-1.8792702618014204e-06,1.0911270661502829e-06,4.163128143170637e-06,2.0542485645916395e-06,1.4136236817928442e-06,-1.499705295171934e-06,8.331320472281052e-07,2.0542485645916395e-06,3.6584108745440275e-06
603,0.01,1,20,transient,learned_with_true_state,learned,true_state,all,1,0.1152762502117036,0.386019616378659,0.10302032357089953,0.08741808877369399,0.04312696232164517,0.008419331962164102,0.018053344783175152,0.41486248053993796,2.04537618144473,0,0,0,True,False,results/data/experiment_10hq/experiment_10hq_seed603_Q0.01_fold1_client20_transient_learned_with_true_state.npz,fa99fac8d129845a0ef53917ce2653959ed5c73d7f81387a241b9d7056ca960b,0.0,0.0,0.0,0.0,0.0,0.0,0.0,0.0,0.0,0.0,0.0,0.0,0.0,0.0,0.0,0.0,0.0,0.0,0.0,0.0,0.0,0.0,0.0,0.0,0.0,0.0,0.0,0.0,0.0,0.0,0.0,0.0
603,0.01,1,20,transient,oracle_with_nominal_kf,oracle,nominal_kf,none,1,0.09436529011327269,0.3150781341351469,0.10282210930268097,0.08750392667763314,0.04409434504314716,0.008414938308645726,0.019504329196894443,0.42022058474092916,9.575500802058846,0,0,0,True,False,results/data/experiment_10hq/experiment_10hq_seed603_Q0.01_fold1_client20_transient_oracle_with_nominal_kf.npz,5f945a3a3a42bb5f8308b8c5ed98876095557892da5df4895039301779ed2c5f,0.22615628413157837,0.48460084439237877,0.24117791217001638,0.029827794525886235,0.1502454535903699,0.790466971111853,0.22151579580273353,1.5580165077973677e-05,3.060059758405497e-05,8.541736146662784e-06,-4.941614627636251e-07,-8.381960665305099e-06,3.060059758405497e-05,7.15357390438112e-05,2.761060830723512e-05,-1.9931622328705792e-06,-1.409131794247048e-05,8.541736146662784e-06,2.761060830723512e-05,1.7718616061066184e-05,-1.5211428561438842e-06,-1.2598547788299348e-06,-4.941614627636251e-07,-1.9931622328705792e-06,-1.5211428561438842e-06,2.710173039220867e-07,1.6599320232485046e-07,-8.381960665305099e-06,-1.409131794247048e-05,-1.2598547788299348e-06,1.6599320232485046e-07,6.876341129441044e-06
603,0.01,1,20,transient,oracle_with_learned_kf,oracle,learned_kf,none,1,0.10186196067111167,0.3429967397493533,0.0433080473685464,0.020299221416261868,0.03099680355973203,0.031125216487848356,0.010728488814431314,0.4229437341472687,15.769581837819501,0,0,0,True,False,results/data/experiment_10hq/experiment_10hq_seed603_Q0.01_fold1_client20_transient_oracle_with_learned_kf.npz,666a91b1f90ea99bf6ca3ef2cb3f3eee7d5b7dac0fbde13380726a8827bdc836,0.09122150009728604,0.11648966421613202,0.16409833481386685,0.1170677878798438,0.08144549136719594,0.20342619302509565,0.2752367833829937,2.5348318459203014e-06,1.454922895601861e-06,-4.070810790508926e-06,-3.124038702706779e-06,-9.684493132449138e-07,1.454922895601861e-06,4.133610217105448e-06,-3.47567890087761e-06,-2.3670905076802354e-06,-1.315279060103041e-06,-4.070810790508926e-06,-3.47567890087761e-06,8.202818143259536e-06,5.349410342027525e-06,2.771484047031621e-06,-3.124038702706779e-06,-2.3670905076802354e-06,5.349410342027525e-06,4.174741211595095e-06,1.5150814822486756e-06,-9.684493132449138e-07,-1.315279060103041e-06,2.771484047031621e-06,1.5150814822486756e-06,2.020639464164634e-06
603,0.01,1,20,transient,oracle_with_true_state,oracle,true_state,all,1,0.11099604019149471,0.3699959531704711,0.10263809226632929,0.08707960941247354,0.04282028870561011,0.008360027048040654,0.017958001231940513,0.4133384062802696,1.7656606304247875,0,0,0,True,False,results/data/experiment_10hq/experiment_10hq_seed603_Q0.01_fold1_client20_transient_oracle_with_true_state.npz,ead152c68af19a493d5667e65b84f912413b470d2ed30c311516dbbc345798b5,0.0,0.0,0.0,0.0,0.0,0.0,0.0,0.0,0.0,0.0,0.0,0.0,0.0,0.0,0.0,0.0,0.0,0.0,0.0,0.0,0.0,0.0,0.0,0.0,0.0,0.0,0.0,0.0,0.0,0.0,0.0,0.0
603,0.01,1,20,transient,learned_with_learned_kf_correct_beta,learned,learned_kf,beta,1,0.10530946246981546,0.35930222054121363,0.043455328671402366,0.020335003131410987,0.03107278900654854,0.0312553805073816,0.010663184348288775,0.4206838083106855,12.915226408286628,0,0,0,True,False,results/data/experiment_10hq/experiment_10hq_seed603_Q0.01_fold1_client20_transient_learned_with_learned_kf_correct_beta.npz,3836d0a535ccced998a9ca702a96dd3067f28c2ea9866905a36f888c392020b1,0.0,0.09500632976885125,0.03417843008411055,0.11710121601153367,0.10987277957385753,0.18879593839434625,0.14855665154961353,0.0,0.0,0.0,0.0,0.0,0.0,2.7495385757723475e-06,-6.556294031469501e-07,-1.8835934821607505e-06,-1.507244798584777e-06,0.0,-6.556294031469501e-07,3.558434334727828e-07,1.0948283387494503e-06,8.36616131633235e-07,0.0,-1.8835934821607505e-06,1.0948283387494503e-06,4.1771257056727735e-06,2.0639717849623092e-06,0.0,-1.507244798584777e-06,8.36616131633235e-07,2.0639717849623092e-06,3.6773499269130816e-06
603,0.01,1,20,transient,learned_with_learned_kf_correct_forces,learned,learned_kf,forces,1,0.10887585499468905,0.3739753307969623,0.04347844720258085,0.02034739400798033,0.031097667497853483,0.03128168926484366,0.010636930771148455,0.42033331671114665,11.921380460453248,0,0,0,True,False,results/data/experiment_10hq/experiment_10hq_seed603_Q0.01_fold1_client20_transient_learned_with_learned_kf_correct_forces.npz,ba5e5588127554bef4779224eca05949c3dd8e9e6b995cfa74220fe1dfd628fc,0.10167400358615213,0.09506459855586985,0.0,0.0,0.10960512857528372,0.1510730400720355,0.0,3.149013954234581e-06,-1.2194456838801603e-06,0.0,0.0,1.425456534280034e-06,-1.2194456838801603e-06,2.7529122753635356e-06,0.0,0.0,-1.510550436963142e-06,0.0,0.0,0.0,0.0,0.0,0.0,0.0,0.0,0.0,0.0,1.425456534280034e-06,-1.510550436963142e-06,0.0,0.0,3.6594556392159705e-06
603,0.01,1,20,transient,learned_with_learned_kf_correct_beta_forces,learned,learned_kf,beta_forces,1,0.11216027645273233,0.38015968227673674,0.04355136645512729,0.020361934179020418,0.03116314523777513,0.03134216840635842,0.010663836382330835,0.42098731396786004,12.032783178426152,0,0,0,True,False,results/data/experiment_10hq/experiment_10hq_seed603_Q0.01_fold1_client20_transient_learned_with_learned_kf_correct_beta_forces.npz,4cfcb2b30c121eaba5984e408df92e425d81e4139d5e5f1bd6e3cf37c5fe0e52,0.0,0.09513276506549084,0.0,0.0,0.10988117273352357,0.10562910684981873,0.0,0.0,0.0,0.0,0.0,0.0,0.0,2.756861667753719e-06,0.0,0.0,-1.5180010384063984e-06,0.0,0.0,0.0,0.0,0.0,0.0,0.0,0.0,0.0,0.0,0.0,-1.5180010384063984e-06,0.0,0.0,3.6779117724233876e-06
603,0.01,1,23,broadband,nominal_with_nominal_kf,nominal,nominal_kf,none,1,0.12651942171710498,0.34833707862000196,0.048166722719435826,0.06290803926843483,0.03368550127679494,0.010041044106278686,0.01770771062993651,0.23008539852783916,20.319738130829016,0,0,0,True,False,results/data/experiment_10hq/experiment_10hq_seed603_Q0.01_fold1_client23_broadband_nominal_with_nominal_kf.npz,653cdb64978e962b26d067843e5ef1ebde22d209c88cfb6f81306676861898f1,0.19705359918554105,0.6819814037841566,0.39374895111083125,0.1083232733161073,0.1934139686596012,1.0513727884497963,0.353576645729671,1.18283312543967e-05,3.0178492621513732e-05,1.0518450011133588e-05,-9.074254728546622e-08,-8.386408356134793e-06,3.0178492621513732e-05,0.00014167714617273878,6.731340780983278e-05,-7.0415768206450645e-06,-2.2545076387490966e-05,1.0518450011133588e-05,6.731340780983278e-05,4.722734757117949e-05,-6.359760397868312e-06,-5.069118093561593e-06,-9.074254728546622e-08,-7.0415768206450645e-06,-6.359760397868312e-06,3.5743599502523534e-06,1.990752481497763e-06,-8.386408356134793e-06,-2.2545076387490966e-05,-5.069118093561593e-06,1.990752481497763e-06,1.1395421869012578e-05
603,0.01,1,23,broadband,nominal_with_learned_kf,nominal,learned_kf,none,1,0.13796738007412615,0.45147639591880195,0.01767246920135072,0.02251719330109254,0.33354301629057254,0.02007825626260592,0.17395690900679092,10.98327434584889,2196.79409243968,440,0,0,True,False,results/data/experiment_10hq/experiment_10hq_seed603_Q0.01_fold1_client23_broadband_nominal_with_learned_kf.npz,dc429c21496a4c2307908780f09486db917bc5d11759206b6b44b2b775057300,0.07214591667200329,0.24594839048194458,3.8918764677890985,0.21675780547781368,1.9115377290489908,2.0291474598238732,3.9949610556167836,1.585543811448099e-06,2.074159539411153e-06,3.3607881132357696e-05,-2.488290884907746e-06,-1.9067963518454396e-05,2.074159539411153e-06,1.842649377732643e-05,-0.00012340468781965816,-1.1679629764885005e-05,5.402166658687921e-05,3.3607881132357696e-05,-0.00012340468781965816,0.0046139494157114574,0.0001166726525196832,-0.0022535665425616616,-2.488290884907746e-06,-1.1679629764885005e-05,0.0001166726525196832,1.4312128473673031e-05,-4.971659605778517e-05,-1.9067963518454396e-05,5.402166658687921e-05,-0.0022535665425616616,-4.971659605778517e-05,0.0011130648902164765
603,0.01,1,23,broadband,nominal_with_true_state,nominal,true_state,all,1,0.133188891048418,0.38418313296969936,0.047430675869879035,0.061574443151049464,0.0309900437092887,0.01000635540803421,0.015112486952971054,0.1777521421820226,5.294026885520829,0,0,0,True,False,results/data/experiment_10hq/experiment_10hq_seed603_Q0.01_fold1_client23_broadband_nominal_with_true_state.npz,ef79d08813b9f5aa986a8d27db76e844568e1fdfdd116ed946a1dd7a75cc8054,0.0,0.0,0.0,0.0,0.0,0.0,0.0,0.0,0.0,0.0,0.0,0.0,0.0,0.0,0.0,0.0,0.0,0.0,0.0,0.0,0.0,0.0,0.0,0.0,0.0,0.0,0.0,0.0,0.0,0.0,0.0,0.0
603,0.01,1,23,broadband,learned_with_nominal_kf,learned,nominal_kf,none,1,0.10281852062665053,0.2931836139541507,0.04700590355899983,0.06145193951201301,0.03179397683025537,0.009847420733475217,0.016021878185372256,0.18670617934120787,9.54438455184061,0,0,0,True,False,results/data/experiment_10hq/experiment_10hq_seed603_Q0.01_fold1_client23_broadband_learned_with_nominal_kf.npz,57b5e46bb0f8a7278c68f258cf163da4644bbacaa431f877f2a80706d6d64b33,0.09903749451183697,0.28535220199059147,0.023284223926211964,0.02898104138594901,0.16076340110135454,0.23022465969392888,0.026818530395611738,2.987817212899886e-06,-6.335870490047055e-06,-3.065477903517865e-07,1.0756828792136816e-08,3.6866741426604598e-06,-6.335870490047055e-06,2.480374121994373e-05,1.6569790200177533e-06,-7.873321511668942e-07,-7.985885364386367e-06,-3.065477903517865e-07,1.6569790200177533e-06,1.651498827654096e-07,-1.0095360499673527e-07,-2.8071533863388866e-07,1.0756828792136816e-08,-7.873321511668942e-07,-1.0095360499673527e-07,2.55848402331464e-07,4.7309595904018216e-07,3.6866741426604598e-06,-7.985885364386367e-06,-2.8071533863388866e-07,4.7309595904018216e-07,7.872797959460064e-06
603,0.01,1,23,broadband,learned_with_learned_kf,learned,learned_kf,none,1,0.11563757285485354,0.3512227021549537,0.015946207965196687,0.019152196303446837,0.014312835898292665,0.018307362929271456,0.008893137560746167,0.19050290683066376,12.699449122343847,0,0,0,True,False,results/data/experiment_10hq/experiment_10hq_seed603_Q0.01_fold1_client23_broadband_learned_with_learned_kf.npz,df57ecef7d9ba944c21859443e82223fae8d544e2a79ed41f11909823047a5fd,0.03327697461255277,0.0890413699756079,0.01096996056339817,0.053548187359728924,0.08961057460755444,0.13927027078549434,0.06154228805347771,3.373202441138571e-07,-6.350468317924697e-07,8.342895454617556e-08,4.670220900503291e-07,5.012463566688806e-07,-6.350468317924697e-07,2.4151182621858656e-06,-1.1969291550408235e-07,-1.0512257164401695e-06,-6.731860350314647e-07,8.342895454617556e-08,-1.1969291550408235e-07,3.665767088639894e-08,1.2180200860450073e-07,2.0982381496327215e-07,4.670220900503291e-07,-1.0512257164401695e-06,1.2180200860450073e-07,8.734625389957511e-07,9.957130527613005e-07,5.012463566688806e-07,-6.731860350314647e-07,2.0982381496327215e-07,9.957130527613005e-07,2.4460946596704837e-06
603,0.01,1,23,broadband,learned_with_true_state,learned,true_state,all,1,0.12646509794532435,0.37477774086469356,0.047155970032053816,0.06136378790186751,0.030895085217511314,0.010016362381677607,0.015061778871546248,0.17527566031391698,1.6361923530215028,0,0,0,True,False,results/data/experiment_10hq/experiment_10hq_seed603_Q0.01_fold1_client23_broadband_learned_with_true_state.npz,accbc95f8361cd2718b38bd571c4fe398925f2bd36cccd8798fd22cf551d034a,0.0,0.0,0.0,0.0,0.0,0.0,0.0,0.0,0.0,0.0,0.0,0.0,0.0,0.0,0.0,0.0,0.0,0.0,0.0,0.0,0.0,0.0,0.0,0.0,0.0,0.0,0.0,0.0,0.0,0.0,0.0,0.0
603,0.01,1,23,broadband,oracle_with_nominal_kf,oracle,nominal_kf,none,1,0.10218604019455388,0.2917658065092056,0.04703869542102945,0.06155808748685813,0.03231198837890756,0.009842758496193314,0.016408864944135963,0.19203020129833545,10.234904532145476,0,0,0,True,False,results/data/experiment_10hq/experiment_10hq_seed603_Q0.01_fold1_client23_broadband_oracle_with_nominal_kf.npz,b2f9f7b2241ce0e3b48fad73eae6265207c1bf1d513dee0065bf4b225f02bb20,0.04476254811119263,0.3423345893550271,0.14177294397046641,0.03299546081255284,0.14157551992517936,0.4311215158915714,0.12877343882527012,6.103575720814805e-07,3.3793433215444926e-06,8.545127677361347e-07,-1.1985294710081048e-09,-1.4229143064944404e-06,3.3793433215444926e-06,3.56990204641391e-05,1.2308316109981766e-05,-1.061213251061873e-06,-8.416298458980146e-06,8.545127677361347e-07,1.2308316109981766e-05,6.122678433950606e-06,-7.014835842180658e-07,-1.530822591671499e-06,-1.1985294710081048e-09,-1.061213251061873e-06,-7.014835842180658e-07,3.316371171966375e-07,4.6606697276650226e-07,-1.4229143064944404e-06,-8.416298458980146e-06,-1.530822591671499e-06,4.6606697276650226e-07,6.105638196420925e-06
603,0.01,1,23,broadband,oracle_with_learned_kf,oracle,learned_kf,none,1,0.11116737439126191,0.3427082739545792,0.015801687028004326,0.019066525257118203,0.014337579412598032,0.01812766575299064,0.00890046545544196,0.20041315247349867,17.231886017051878,0,0,0,True,False,results/data/experiment_10hq/experiment_10hq_seed603_Q0.01_fold1_client23_broadband_oracle_with_learned_kf.npz,7029d44aafa35ebfba0a4fa7bb57702c6c8c0e35e75927a1f5c3221bfb53c304,0.014462168606914417,0.10777515305467078,0.06343885345055292,0.060359716680927454,0.07637977423372962,0.14899567620387152,0.11487772012536492,6.371204954385221e-08,3.3620160722796633e-07,-2.2528605331030875e-07,-2.281186788485222e-07,-1.8896605264640129e-07,3.3620160722796633e-07,3.538278648667826e-06,-8.867476019783805e-07,-1.4160827397362637e-06,-6.766627249724136e-07,-2.2528605331030875e-07,-8.867476019783805e-07,1.22592918924576e-06,8.421311626041134e-07,1.0092348521584233e-06,-2.281186788485222e-07,-1.4160827397362637e-06,8.421311626041134e-07,1.109811243599184e-06,9.580908867421565e-07,-1.8896605264640129e-07,-6.766627249724136e-07,1.0092348521584233e-06,9.580908867421565e-07,1.777098399963384e-06
603,0.01,1,23,broadband,oracle_with_true_state,oracle,true_state,all,1,0.12028506583071334,0.36795162067901854,0.046644076274224955,0.060707004954162626,0.03051268079669746,0.009874638038226503,0.01489453576647419,0.17315640746186214,1.7021438491086531,0,0,0,True,False,results/data/experiment_10hq/experiment_10hq_seed603_Q0.01_fold1_client23_broadband_oracle_with_true_state.npz,873c7469775531238f563857f6bc6cb2ccdcdab390eda5ec153cd8e506b085bb,0.0,0.0,0.0,0.0,0.0,0.0,0.0,0.0,0.0,0.0,0.0,0.0,0.0,0.0,0.0,0.0,0.0,0.0,0.0,0.0,0.0,0.0,0.0,0.0,0.0,0.0,0.0,0.0,0.0,0.0,0.0,0.0
603,0.01,1,23,broadband,learned_with_learned_kf_correct_beta,learned,learned_kf,beta,1,0.11758379563585822,0.35342110666402227,0.01598098711280933,0.019173306158382197,0.014340594428147594,0.018341795409092292,0.0089085854276929,0.19096529847664123,12.77674038139171,0,0,0,True,False,results/data/experiment_10hq/experiment_10hq_seed603_Q0.01_fold1_client23_broadband_learned_with_learned_kf_correct_beta.npz,6d4df737ffff732bfeb41ff4592ade43cf6ad25cb1850d6bfcaf4424c1f966b8,0.0,0.08913930124195764,0.011001408974870872,0.05364478537737671,0.08976592341599078,0.12482027162959602,0.06165720035653852,0.0,0.0,0.0,0.0,0.0,0.0,2.4204336712934787e-06,-1.202080036435388e-07,-1.055035250379421e-06,-6.778298847094749e-07,0.0,-1.202080036435388e-07,3.686815076129495e-08,1.2227592379707117e-07,2.102113714510446e-07,0.0,-1.055035250379421e-06,1.2227592379707117e-07,8.766167392647193e-07,9.99319972814124e-07,0.0,-6.778298847094749e-07,2.102113714510446e-07,9.99319972814124e-07,2.454583105913846e-06
603,0.01,1,23,broadband,learned_with_learned_kf_correct_forces,learned,learned_kf,forces,1,0.12108870182408181,0.3659353780228181,0.016003536097449825,0.0191819896115492,0.014358394701912584,0.018380246803303142,0.008891015028800658,0.1896271900164121,11.840767636661981,0,0,0,True,False,results/data/experiment_10hq/experiment_10hq_seed603_Q0.01_fold1_client23_broadband_learned_with_learned_kf_correct_forces.npz,42651184d4f9135e65e1206e4cd222b63e71367d5767b527bc2144950e68559c,0.03339628964168805,0.08918001626700661,0.0,0.0,0.08958144202607961,0.10843075427080968,0.0,3.3974351299385386e-07,-6.389316902040196e-07,0.0,0.0,5.056115471416603e-07,-6.389316902040196e-07,2.422645277676861e-06,0.0,0.0,-6.793981805346356e-07,0.0,0.0,0.0,0.0,0.0,0.0,0.0,0.0,0.0,0.0,5.056115471416603e-07,-6.793981805346356e-07,0.0,0.0,2.444504457426541e-06
603,0.01,1,23,broadband,learned_with_learned_kf_correct_beta_forces,learned,learned_kf,beta_forces,1,0.12309195297107198,0.3681059172203372,0.016038506368429746,0.01920296849078411,0.014385469293167507,0.018414862564185227,0.008905927179638722,0.1900538178989379,11.903846760156782,0,0,0,True,False,results/data/experiment_10hq/experiment_10hq_seed603_Q0.01_fold1_client23_broadband_learned_with_learned_kf_correct_beta_forces.npz,7d4f1ac6b3cbd51e65aba5d93d5d63a08a766a83c85380c6eb6c6f207b40d97c,0.0,0.08927733689099696,0.0,0.0,0.08973120518603617,0.10738712837197206,0.0,0.0,0.0,0.0,0.0,0.0,0.0,2.4279357453783565e-06,0.0,0.0,-6.838869320593073e-07,0.0,0.0,0.0,0.0,0.0,0.0,0.0,0.0,0.0,0.0,0.0,-6.838869320593073e-07,0.0,0.0,2.4526847841968256e-06
603,0.01,1,23,transient,nominal_with_nominal_kf,nominal,nominal_kf,none,1,0.12823941690599935,0.40583704483939986,0.08091506572306316,0.10825876168998283,0.04787787554219066,0.009224178859706712,0.022500020795401657,0.4257287338296466,20.60239870765746,0,0,0,True,False,results/data/experiment_10hq/experiment_10hq_seed603_Q0.01_fold1_client23_transient_nominal_with_nominal_kf.npz,ba9ba7c11fe4b9a9c35b60683e4bb5e5d5f44902a241ee74a6ed9c39ef9926cd,0.34944059844207187,1.195564231778174,0.6643391379974408,0.1322099920897071,0.23683119796627597,1.983673581763645,0.653085167747605,3.719644682639184e-05,0.00011799163910201795,5.149189276520807e-05,4.990052191854799e-06,-2.123209986461135e-05,0.00011799163910201795,0.00043541216870810005,0.00021680025736313098,5.651964081250664e-06,-6.219268230775616e-05,5.149189276520807e-05,0.00021680025736313098,0.00013444182909954584,-4.920444964947478e-06,-2.037291212081428e-05,4.990052191854799e-06,5.651964081250664e-06,-4.920444964947478e-06,5.324554708594944e-06,-3.6091966737501737e-06,-2.123209986461135e-05,-6.219268230775616e-05,-2.037291212081428e-05,-3.6091966737501737e-06,1.7085691432862232e-05
603,0.01,1,23,transient,nominal_with_learned_kf,nominal,learned_kf,none,1,0.1184469940345926,0.4226268216169165,0.022200902112698633,0.035786038710682914,0.26197240778624736,0.026572456808953836,0.1400902531405694,10.48169032989086,2094.149894104934,445,0,0,True,False,results/data/experiment_10hq/experiment_10hq_seed603_Q0.01_fold1_client23_transient_nominal_with_learned_kf.npz,70b473eaf53fe3385ed84529782684fe6faf31235ab587b695e860e8971b0369,0.09392582681503303,0.39702789077345446,3.164611912590166,0.3464616667247656,1.5244387784720115,1.6790542776070831,3.278322900615649,2.6873534416235114e-06,7.73383968096735e-06,1.6884560326631793e-05,-7.915965848479665e-06,-1.381373784439318e-05,7.73383968096735e-06,4.8017192988387564e-05,-0.0001125674310562959,-3.793273909183011e-05,3.2126391249254745e-05,1.6884560326631793e-05,-0.0001125674310562959,0.003050672957688095,9.330382781815814e-05,-0.0014483880967522498,-7.915965848479665e-06,-3.793273909183011e-05,9.330382781815814e-05,3.656496110691181e-05,-2.2961903064555785e-05,-1.381373784439318e-05,3.2126391249254745e-05,-0.0014483880967522498,-2.2961903064555785e-05,0.000707904561382649
603,0.01,1,23,transient,nominal_with_true_state,nominal,true_state,all,1,0.12150608862513325,0.39184881951481043,0.08049092836056203,0.10736860644137106,0.04600582230793901,0.009132475409989597,0.020361006954347286,0.39842951955124245,5.37720591116141,0,0,0,True,False,results/data/experiment_10hq/experiment_10hq_seed603_Q0.01_fold1_client23_transient_nominal_with_true_state.npz,ab417083ed2a6dcd4718ceed4608edfc20c9dc8ce40df71e63daa09bedd26e29,0.0,0.0,0.0,0.0,0.0,0.0,0.0,0.0,0.0,0.0,0.0,0.0,0.0,0.0,0.0,0.0,0.0,0.0,0.0,0.0,0.0,0.0,0.0,0.0,0.0,0.0,0.0,0.0,0.0,0.0,0.0,0.0
603,0.01,1,23,transient,learned_with_nominal_kf,learned,nominal_kf,none,1,0.09636081374553762,0.312376495297951,0.08010512823742363,0.10716508380301062,0.046380600142147864,0.009074219274264826,0.02095714270669458,0.40091639383128697,9.527743432641104,0,0,0,True,False,results/data/experiment_10hq/experiment_10hq_seed603_Q0.01_fold1_client23_transient_learned_with_nominal_kf.npz,32993e5c8228639a8284ade66d63708a546d7a33f9c7a1b8eb3222bb2420d395,0.19184606823829867,0.5003073506211622,0.04857716742676145,0.03698999828412798,0.21409887405453212,0.2862707290602023,0.05530801414259852,1.1211417907231197e-05,-2.7187853029704455e-05,-2.061708909916391e-06,-8.236191042922958e-07,1.1057482364396236e-05,-2.7187853029704455e-05,7.624800807536852e-05,6.639089184901861e-06,7.052279729086573e-07,-2.4547136845143602e-05,-2.061708909916391e-06,6.639089184901861e-06,7.188182742485472e-07,-1.0189829501626466e-07,-1.4443712940773082e-06,-8.236191042922958e-07,7.052279729086573e-07,-1.0189829501626466e-07,4.1679582259090486e-07,-1.032468194449698e-06,1.1057482364396236e-05,-2.4547136845143602e-05,-1.4443712940773082e-06,-1.032468194449698e-06,1.3963153163528645e-05
603,0.01,1,23,transient,learned_with_learned_kf,learned,learned_kf,none,1,0.10228315923771976,0.3466718695082712,0.02139266582286803,0.0342768298545502,0.01840314670375248,0.025710919848512245,0.012879144777741072,0.4029504259302908,12.750643898175321,0,0,0,True,False,results/data/experiment_10hq/experiment_10hq_seed603_Q0.01_fold1_client23_transient_learned_with_learned_kf.npz,86b8cb3382ceb11aa236dc28302303296211f6213c6266366e31a732dee90c0b,0.04884512922624581,0.16005566885078135,0.020284533200971195,0.09425003266404759,0.1323108983170003,0.16730905540917118,0.11133016647692018,7.267704502643347e-07,-1.961194197586439e-06,2.369573453649185e-07,1.283783739505263e-06,1.4603943702253558e-06,-1.961194197586439e-06,7.803633355095506e-06,-7.308657234290153e-07,-4.214879257207279e-06,-4.4834272041329996e-06,2.369573453649185e-07,-7.308657234290153e-07,1.2533858026070615e-07,4.7213796564825165e-07,7.205175745051173e-07,1.283783739505263e-06,-4.214879257207279e-06,4.7213796564825165e-07,2.7059374541365382e-06,3.1328668679915417e-06,1.4603943702253558e-06,-4.4834272041329996e-06,7.205175745051173e-07,3.1328668679915417e-06,5.332685497391267e-06
603,0.01,1,23,transient,learned_with_true_state,learned,true_state,all,1,0.11182656977411141,0.3586378298649873,0.0802837819050505,0.10712606719851345,0.04589143217083496,0.00910085048368894,0.02028791038168848,0.3965265953407,1.6828816039191152,0,0,0,True,False,results/data/experiment_10hq/experiment_10hq_seed603_Q0.01_fold1_client23_transient_learned_with_true_state.npz,0b11125282ca8bd0790e609b9958d8876ee73f9cb4e71c9e0898166aef49a19c,0.0,0.0,0.0,0.0,0.0,0.0,0.0,0.0,0.0,0.0,0.0,0.0,0.0,0.0,0.0,0.0,0.0,0.0,0.0,0.0,0.0,0.0,0.0,0.0,0.0,0.0,0.0,0.0,0.0,0.0,0.0,0.0
603,0.01,1,23,transient,oracle_with_nominal_kf,oracle,nominal_kf,none,1,0.09284771701638872,0.29741422673110196,0.0800709929661264,0.10714764289197586,0.04675999513319256,0.009072373872801682,0.021340965161114302,0.40333920731510353,10.339863536468382,0,0,0,True,False,results/data/experiment_10hq/experiment_10hq_seed603_Q0.01_fold1_client23_transient_oracle_with_nominal_kf.npz,bc448be1d80af7b349e5918f9075ef54ec8d9d2168324670ac3bb633bce96630,0.11296768643541202,0.6208660543890165,0.26033268378131985,0.04347808892717216,0.17998255991674683,0.8495749005018935,0.2563842928072897,3.887435571252602e-06,1.977702778598818e-05,6.5770423419762275e-06,6.130272046428792e-07,-5.278394659064737e-06,1.977702778598818e-05,0.00011742229555855654,4.441309376613414e-05,1.0916241865943424e-06,-2.533828452960674e-05,6.5770423419762275e-06,4.441309376613414e-05,2.0644868755216773e-05,-5.986562172995146e-07,-6.5557915905396135e-06,6.130272046428792e-07,1.0916241865943424e-06,-5.986562172995146e-07,5.758317778178807e-07,-9.667484913823566e-07,-5.278394659064737e-06,-2.533828452960674e-05,-6.5557915905396135e-06,-9.667484913823566e-07,9.867691974602607e-06
603,0.01,1,23,transient,oracle_with_learned_kf,oracle,learned_kf,none,1,0.09720299734594949,0.33922142625703405,0.021315089587983123,0.034146557322663855,0.018434519838035887,0.02557968333254991,0.012870908383216485,0.40691839575689903,17.25716425887323,0,0,0,True,False,results/data/experiment_10hq/experiment_10hq_seed603_Q0.01_fold1_client23_transient_oracle_with_learned_kf.npz,8f49333c7f4b97e48f70c44d4b12561a7a5cdb783e43090c5951df211038892c,0.026422503943596288,0.20072654061157078,0.10101360242281168,0.10912213282612782,0.10735661638363256,0.1614352005915552,0.20140639012510758,2.1266826008389554e-07,1.4108771967117497e-06,-7.06943427103129e-07,-8.309110988778412e-07,-6.830892802010006e-07,1.4108771967117497e-06,1.227338435779023e-05,-4.558864873911231e-06,-6.115823287033268e-06,-4.523342986203497e-06,-7.06943427103129e-07,-4.558864873911231e-06,3.108239349664156e-06,2.8105748967197025e-06,2.853267660176472e-06,-8.309110988778412e-07,-6.115823287033268e-06,2.8105748967197025e-06,3.6272745337173122e-06,2.9474132174607566e-06,-6.830892802010006e-07,-4.523342986203497e-06,2.853267660176472e-06,2.9474132174607566e-06,3.5108507333371064e-06
603,0.01,1,23,transient,oracle_with_true_state,oracle,true_state,all,1,0.10417916880041334,0.3412470403971827,0.07985379701337807,0.10654721764958767,0.045556479064282424,0.009017112089222125,0.02015834956124482,0.39459098234513545,1.7742445618123932,0,0,0,True,False,results/data/experiment_10hq/experiment_10hq_seed603_Q0.01_fold1_client23_transient_oracle_with_true_state.npz,57022ceefd1dc0d0734eae9c830cbcda3c0ba359f743fc89fd50d97d4cf88601,0.0,0.0,0.0,0.0,0.0,0.0,0.0,0.0,0.0,0.0,0.0,0.0,0.0,0.0,0.0,0.0,0.0,0.0,0.0,0.0,0.0,0.0,0.0,0.0,0.0,0.0,0.0,0.0,0.0,0.0,0.0,0.0
603,0.01,1,23,transient,learned_with_learned_kf_correct_beta,learned,learned_kf,beta,1,0.10421491457751118,0.3492375011695654,0.021412454242454332,0.0342928320092942,0.01842214410581066,0.02573606036914919,0.012892821592395798,0.40328337530427105,12.840144555962857,0,0,0,True,False,results/data/experiment_10hq/experiment_10hq_seed603_Q0.01_fold1_client23_transient_learned_with_learned_kf_correct_beta.npz,a759a6409f8bbe085460e5ba922643aadf4d2b142d4ea81f17941356fe35ab69,0.0,0.16013090080638223,0.0202998537149713,0.09433021904563683,0.13244959151170624,0.13763070276005016,0.11142423504748263,0.0,0.0,0.0,0.0,0.0,0.0,7.810971059249868e-06,-7.318140234449612e-07,-4.220976764442127e-06,-4.490465725865724e-06,0.0,-7.318140234449612e-07,1.255279833511227e-07,4.729316229479221e-07,7.210883636819839e-07,0.0,-4.220976764442127e-06,4.729316229479221e-07,2.710543747171073e-06,3.138843154637953e-06,0.0,-4.490465725865724e-06,7.210883636819839e-07,3.138843154637953e-06,5.343871194703607e-06
603,0.01,1,23,transient,learned_with_learned_kf_correct_forces,learned,learned_kf,forces,1,0.10794106194097534,0.361385883683247,0.02142689746640575,0.034330047285575364,0.018445771455938266,0.02576514105069256,0.01289316568280154,0.4029744143765522,11.888773638180027,0,0,0,True,False,results/data/experiment_10hq/experiment_10hq_seed603_Q0.01_fold1_client23_transient_learned_with_learned_kf_correct_forces.npz,7dbb0d826347992f2e4b044c5b7bb1fa7a25bd90d0b8cd321160d320d0843123,0.048929617930206976,0.16030411306205106,0.0,0.0,0.13245482231807743,0.11310555300697386,0.0,7.292868526306669e-07,-1.9682702755941167e-06,0.0,0.0,1.4676792019817607e-06,-1.9682702755941167e-06,7.827878322618366e-06,0.0,0.0,-4.501673225283847e-06,0.0,0.0,0.0,0.0,0.0,0.0,0.0,0.0,0.0,0.0,1.4676792019817607e-06,-4.501673225283847e-06,0.0,0.0,5.3442932920032565e-06
603,0.01,1,23,transient,learned_with_learned_kf_correct_beta_forces,learned,learned_kf,beta_forces,1,0.1099714486178233,0.3640016686770648,0.02144681176351502,0.034346006329462636,0.018463847055940563,0.02579046951411091,0.012906641322090627,0.40328847140327323,11.96220186726673,0,0,0,True,False,results/data/experiment_10hq/experiment_10hq_seed603_Q0.01_fold1_client23_transient_learned_with_learned_kf_correct_beta_forces.npz,c992d5dc80aa77c4a154b1e6be8f4b38a2b8374f6f47c706d78317df2a00f1f1,0.0,0.16037918327141498,0.0,0.0,0.13259137838210414,0.11704557499151678,0.0,0.0,0.0,0.0,0.0,0.0,0.0,7.835211609942848e-06,0.0,0.0,-4.508686511903414e-06,0.0,0.0,0.0,0.0,0.0,0.0,0.0,0.0,0.0,0.0,0.0,-4.508686511903414e-06,0.0,0.0,5.3553185131384364e-06
603,0.01,1,26,broadband,nominal_with_nominal_kf,nominal,nominal_kf,none,1,0.0999112165518956,0.273125935435006,0.042353891332828957,0.04153071556753665,0.022329793512539733,0.013798261025415938,0.014604914746223366,0.23868600305075102,19.86199971552629,0,0,0,True,False,results/data/experiment_10hq/experiment_10hq_seed603_Q0.01_fold1_client26_broadband_nominal_with_nominal_kf.npz,9ede614822aa757625903ae62343b609da414cc1c60b3e045e87415ead0aa6b8,0.17324736582500894,0.4510639039448,0.26639405395056825,0.1491601331737448,0.15855743338283168,0.6585856848294913,0.2245158587001482,9.142985167308786e-06,8.043230597221101e-06,-7.675676288447053e-07,-3.1818415264142184e-06,-4.479597272639424e-06,8.043230597221101e-06,6.19770476078176e-05,2.702732079494609e-05,-1.2484577382091178e-05,-2.3965427016088507e-06,-7.675676288447053e-07,2.702732079494609e-05,2.1617416446134392e-05,-6.519904303921179e-06,4.159837391993688e-06,-3.1818415264142184e-06,-1.2484577382091178e-05,-6.519904303921179e-06,6.777355395431621e-06,3.0747629085359075e-06,-4.479597272639424e-06,-2.3965427016088507e-06,4.159837391993688e-06,3.0747629085359075e-06,7.658221960263105e-06
603,0.01,1,26,broadband,nominal_with_learned_kf,nominal,learned_kf,none,1,0.13189435260272292,0.4155911166946984,0.014284686714905334,0.026118454338511444,0.35383851769420593,0.02548648286640148,0.21275165260012766,10.950430504028507,2190.1025830364874,452,0,0,True,False,results/data/experiment_10hq/experiment_10hq_seed603_Q0.01_fold1_client26_broadband_nominal_with_learned_kf.npz,ca9aab31dfe889f42812cf9c6c7d852ff27a74183c580a74ca1722d4a578dc53,0.05843688237936703,0.2841023252092991,4.121376632925972,0.27386250873773327,2.3374877199628044,1.9343548432030238,4.24486355186107,1.0402286513816937e-06,-2.9651321044045076e-06,3.699346226762426e-05,-1.5783180830057641e-06,-2.2966807946539472e-05,-2.9651321044045076e-06,2.4586930383219717e-05,-0.00012392939103924563,1.2070689216703506e-05,7.79043229880547e-05,3.699346226762426e-05,-0.00012392939103924563,0.0051741539218015265,0.000145930104862081,-0.002922662427549101,-1.5783180830057641e-06,1.2070689216703506e-05,0.000145930104862081,2.2846511702360003e-05,-7.240420201519855e-05,-2.2966807946539472e-05,7.79043229880547e-05,-0.002922662427549101,-7.240420201519855e-05,0.0016643835360429847
603,0.01,1,26,broadband,nominal_with_true_state,nominal,true_state,all,1,0.12372931625240985,0.35934958989171567,0.042328937235329635,0.041362927836304075,0.020486220453007603,0.01397449024849431,0.011604860553966088,0.19783454484658364,5.718891666470236,0,0,0,True,False,results/data/experiment_10hq/experiment_10hq_seed603_Q0.01_fold1_client26_broadband_nominal_with_true_state.npz,1010b7dea5a661f225135f3dbbb60df8a9f42ced78768d7b88411749d1a16d76,0.0,0.0,0.0,0.0,0.0,0.0,0.0,0.0,0.0,0.0,0.0,0.0,0.0,0.0,0.0,0.0,0.0,0.0,0.0,0.0,0.0,0.0,0.0,0.0,0.0,0.0,0.0,0.0,0.0,0.0,0.0,0.0
603,0.01,1,26,broadband,learned_with_nominal_kf,learned,nominal_kf,none,1,0.08579441916317053,0.26425844633348505,0.04130596242077529,0.040604219230452945,0.020887728242624238,0.013493824236312455,0.012676677403020899,0.2010861234853562,9.156547922500874,0,0,0,True,False,results/data/experiment_10hq/experiment_10hq_seed603_Q0.01_fold1_client26_broadband_learned_with_nominal_kf.npz,edc1dd7fcf8b17fb5130aeae8bb101261e7bca0875433469282181e5bcc3c4ae,0.08700277185478006,0.1886244202677207,0.016769637425384815,0.03980896977646417,0.12756768058935525,0.25044300861092317,0.034175478465061505,2.305796170519723e-06,-1.6874553392132497e-06,2.3983340163957034e-08,4.224505602243877e-07,1.9570017455404425e-06,-1.6874553392132497e-06,1.083803554882439e-05,6.850732950543454e-07,-1.3930069498553052e-06,-6.248769870793707e-07,2.3983340163957034e-08,6.850732950543454e-07,8.566473602010093e-08,-1.0631322888173487e-07,2.2511698610743643e-07,4.224505602243877e-07,-1.3930069498553052e-06,-1.0631322888173487e-07,4.827436972204493e-07,7.163700061688901e-07,1.9570017455404425e-06,-6.248769870793707e-07,2.2511698610743643e-07,7.163700061688901e-07,4.957195580814429e-06
603,0.01,1,26,broadband,learned_with_learned_kf,learned,learned_kf,none,1,0.10212019654496782,0.31199806062853025,0.012003721023511658,0.02274336358800233,0.027584134623057262,0.02408197892007388,0.008437175034354791,0.20484755720941555,12.32906974462874,0,0,0,True,False,results/data/experiment_10hq/experiment_10hq_seed603_Q0.01_fold1_client26_broadband_learned_with_learned_kf.npz,f11e1dcbf6daabdb5f77a411c34c348d52a2a6a7b307de6fb364e4736d80e5c2,0.02514310022732834,0.10560959487905698,0.019274343137295945,0.07011458320159958,0.08517089728464106,0.20056614428292674,0.08782670542445271,1.925716663242158e-07,4.34667435107958e-07,1.0411418981827272e-07,3.5889591361971277e-07,-6.624433795453142e-08,4.34667435107958e-07,3.3975158268103866e-06,4.967384932977285e-07,1.8162647984337074e-06,-4.785468516844594e-07,1.0411418981827272e-07,4.967384932977285e-07,1.1316546386383659e-07,3.6949713844629527e-07,-8.802242533807458e-08,3.5889591361971277e-07,1.8162647984337074e-06,3.6949713844629527e-07,1.4975159218625382e-06,-5.257199293467694e-07,-6.624433795453142e-08,-4.785468516844594e-07,-8.802242533807458e-08,-5.257199293467694e-07,2.209719663861661e-06
603,0.01,1,26,broadband,learned_with_true_state,learned,true_state,all,1,0.11502012770725048,0.3477655169624826,0.041731404553657134,0.041020252885968674,0.020260452862793446,0.013823196002854385,0.011470492084392596,0.1934673880343282,1.7790062382668475,0,0,0,True,False,results/data/experiment_10hq/experiment_10hq_seed603_Q0.01_fold1_client26_broadband_learned_with_true_state.npz,e64a29fd2ae900302bd174e6456fd9c6433d72a86fde52570563912c74e189aa,0.0,0.0,0.0,0.0,0.0,0.0,0.0,0.0,0.0,0.0,0.0,0.0,0.0,0.0,0.0,0.0,0.0,0.0,0.0,0.0,0.0,0.0,0.0,0.0,0.0,0.0,0.0,0.0,0.0,0.0,0.0,0.0
603,0.01,1,26,broadband,oracle_with_nominal_kf,oracle,nominal_kf,none,1,0.0922121076676838,0.27336046731226094,0.04193285504407606,0.04133971229624548,0.021905242378212283,0.013720592767127343,0.0135429793271307,0.209833528197274,9.971744240279556,0,0,0,True,False,results/data/experiment_10hq/experiment_10hq_seed603_Q0.01_fold1_client26_broadband_oracle_with_nominal_kf.npz,f1248d30e45d98e7a3bde0c064331ed9de87690c870136a98cfa48bbc3ecccdb,0.10588863959447833,0.24648469554293734,0.11694474932669287,0.049093136974390925,0.10793039965787168,0.3587467429424312,0.09995370701708015,3.4154935746146625e-06,2.6583943289973665e-06,-2.0981739504405337e-07,-6.285713223329473e-07,-1.9579850391195458e-06,2.6583943289973665e-06,1.8506941518703098e-05,6.481539191804306e-06,-2.221224239987546e-06,-7.939224936003465e-07,-2.0981739504405337e-07,6.481539191804306e-06,4.165970495041264e-06,-9.283927068362167e-07,1.2870554710347896e-06,-6.285713223329473e-07,-2.221224239987546e-06,-9.283927068362167e-07,7.341694395033954e-07,7.294099317335759e-07,-1.9579850391195458e-06,-7.939224936003465e-07,1.2870554710347896e-06,7.294099317335759e-07,3.5484795410689504e-06
603,0.01,1,26,broadband,oracle_with_learned_kf,oracle,learned_kf,none,1,0.10367290647596962,0.3159595467396844,0.012018418402660049,0.02277597282813982,0.0277363710413154,0.024107025343635995,0.008575169060513114,0.21710609082070426,17.45823150918889,0,0,0,True,False,results/data/experiment_10hq/experiment_10hq_seed603_Q0.01_fold1_client26_broadband_oracle_with_learned_kf.npz,75e7067413ee061b2aa06ce658ece039cbe2464ab30be6786a286d91cb4ff1cb,0.03009457385703502,0.13565885091216298,0.13720391115823788,0.0850351187880903,0.06806768702239671,0.3097381268521352,0.21803356990556091,2.758869330301179e-07,-6.561236209099639e-07,-9.223463480147428e-07,-5.185867476476762e-07,6.309343550102204e-08,-6.561236209099639e-07,5.60597302084012e-06,4.682828288144306e-06,2.798148045164801e-06,-5.07268382485554e-07,-9.223463480147428e-07,4.682828288144306e-06,5.734396497999429e-06,3.2720103854532885e-06,-6.959164356672908e-07,-5.185867476476762e-07,2.798148045164801e-06,3.2720103854532885e-06,2.202679858736949e-06,-5.188365974331005e-07,6.309343550102204e-08,-5.07268382485554e-07,-6.959164356672908e-07,-5.188365974331005e-07,1.4113564805802144e-06
603,0.01,1,26,broadband,oracle_with_true_state,oracle,true_state,all,1,0.11557071041081597,0.34742120864632325,0.04189432299987219,0.04112010374856046,0.020328489433080105,0.013873672259878093,0.011499543773491386,0.19406658177482028,1.8039486335266777,0,0,0,True,False,results/data/experiment_10hq/experiment_10hq_seed603_Q0.01_fold1_client26_broadband_oracle_with_true_state.npz,4cfaf6b895c156ab09460e160543858be9c90517253e2ec437344fe13dcfb020,0.0,0.0,0.0,0.0,0.0,0.0,0.0,0.0,0.0,0.0,0.0,0.0,0.0,0.0,0.0,0.0,0.0,0.0,0.0,0.0,0.0,0.0,0.0,0.0,0.0,0.0,0.0,0.0,0.0,0.0,0.0,0.0
603,0.01,1,26,broadband,learned_with_learned_kf_correct_beta,learned,learned_kf,beta,1,0.10364249227178517,0.316993919041455,0.012019589773215027,0.02277149638234729,0.027626915901321217,0.024115094078834266,0.008443612472988917,0.20530982667099393,12.470322922525105,0,0,0,True,False,results/data/experiment_10hq/experiment_10hq_seed603_Q0.01_fold1_client26_broadband_learned_with_learned_kf_correct_beta.npz,4878cc1b3eb0620fcf04f134abc488a0e08c6fabdc0579df05ce54e9e92fb8a9,0.0,0.10573993419010214,0.0193010297920184,0.07020688190607774,0.08523386315298573,0.18492157823668695,0.08794588332373116,0.0,0.0,0.0,0.0,0.0,0.0,3.405907169177717e-06,4.982411359058881e-07,1.8216518505139075e-06,-4.822327513222011e-07,0.0,4.982411359058881e-07,1.1347905155326906e-07,3.7055831447022476e-07,-8.886137606639537e-08,0.0,1.8216518505139075e-06,3.7055831447022476e-07,1.5014611711581197e-06,-5.279277903770735e-07,0.0,-4.822327513222011e-07,-8.886137606639537e-08,-5.279277903770735e-07,2.2129881124288395e-06
603,0.01,1,26,broadband,learned_with_learned_kf_correct_forces,learned,learned_kf,forces,1,0.10605984691125844,0.32213665542925823,0.012073578356444587,0.022828859977779403,0.027721490689174046,0.024210563175495758,0.008436752851323092,0.20436287556776714,11.388177008653171,0,0,0,True,False,results/data/experiment_10hq/experiment_10hq_seed603_Q0.01_fold1_client26_broadband_learned_with_learned_kf_correct_forces.npz,3e430e29989a6566df94f69879e4e83c679b88705da14e911d2f7836979f8581,0.02528976389305569,0.10600574438100206,0.0,0.0,0.08515928949114113,0.13567595721700956,0.0,1.9482482046624996e-07,4.3918764254929274e-07,0.0,0.0,-6.588797266482222e-08,4.3918764254929274e-07,3.42305230454125e-06,0.0,0.0,-4.831034692189095e-07,0.0,0.0,0.0,0.0,0.0,0.0,0.0,0.0,0.0,0.0,-6.588797266482222e-08,-4.831034692189095e-07,0.0,0.0,2.209117387204407e-06
603,0.01,1,26,broadband,learned_with_learned_kf_correct_beta_forces,learned,learned_kf,beta_forces,1,0.10764868290718074,0.32713524341017264,0.012089574198099702,0.022856828080473696,0.02776388884847942,0.024243955634045692,0.008442539529025479,0.20477381911183756,11.50919124590983,0,0,0,True,False,results/data/experiment_10hq/experiment_10hq_seed603_Q0.01_fold1_client26_broadband_learned_with_learned_kf_correct_beta_forces.npz,f8c39949c4fa858f042c1dbadc1b5ee707ad2d64d0a649d2ce5b8025104e8988,0.0,0.10613530524430131,0.0,0.0,0.08521555482101584,0.12381790082906494,0.0,0.0,0.0,0.0,0.0,0.0,0.0,3.431424768403021e-06,0.0,0.0,-4.867057170501366e-07,0.0,0.0,0.0,0.0,0.0,0.0,0.0,0.0,0.0,0.0,0.0,-4.867057170501366e-07,0.0,0.0,2.2120375097445447e-06
603,0.01,1,26,transient,nominal_with_nominal_kf,nominal,nominal_kf,none,1,0.09979472842312558,0.34859625652539944,0.06873312786145959,0.063921144806037,0.026637949991223635,0.014565887748688241,0.016731255079742772,0.46039179520226653,20.24957615911042,0,0,0,True,False,results/data/experiment_10hq/experiment_10hq_seed603_Q0.01_fold1_client26_transient_nominal_with_nominal_kf.npz,8e211b7b2dbf4ac728c941269a55902426c480c76c58c7f8be5b81f382285375,0.2958300132242298,0.7067786651744122,0.37597006984321835,0.1934964783113497,0.17535239659322066,1.0237123239178754,0.2537063896083047,2.665871434175059e-05,4.9591049219928684e-05,8.999874389319879e-06,-1.072026459479975e-05,-1.0352253729638545e-05,4.9591049219928684e-05,0.00015216739225082127,5.943623437431558e-05,-3.62530781303331e-05,-1.2487622747772403e-05,8.999874389319879e-06,5.943623437431558e-05,4.305873644280261e-05,-1.7428297043521748e-05,4.979875577698014e-06,-1.072026459479975e-05,-3.62530781303331e-05,-1.7428297043521748e-05,1.1405146428683093e-05,2.5237653198681605e-06,-1.0352253729638545e-05,-1.2487622747772403e-05,4.979875577698014e-06,2.5237653198681605e-06,9.366517458721298e-06
603,0.01,1,26,transient,nominal_with_learned_kf,nominal,learned_kf,none,1,0.11543402841816065,0.3661840995004831,0.014727533175921351,0.03173019700160347,0.28118713285697183,0.03829789821841826,0.1724263203823423,10.62487062452316,2122.345031243426,466,0,0,True,False,results/data/experiment_10hq/experiment_10hq_seed603_Q0.01_fold1_client26_transient_nominal_with_learned_kf.npz,f28cb96d50cf7ec86f976d15e0ad2858ee6aa2c9c13e5f869210510597ebfe86,0.06116333612966372,0.3483216712575792,3.406871747636812,0.5050802979230663,1.8752337123598344,1.957592314680368,3.600630544322365,1.1395596595263212e-06,-3.51824186733369e-06,1.9650721248666463e-05,-3.6091583809429725e-06,-1.4064370108982083e-05,-3.51824186733369e-06,3.695861824662274e-05,-6.206270081627051e-05,3.665587525000373e-05,5.466605373328814e-05,1.9650721248666463e-05,-6.206270081627051e-05,0.0035356258844827645,0.0001679445856602636,-0.0019203922681258893,-3.6091583809429725e-06,3.665587525000373e-05,0.0001679445856602636,7.770976419280438e-05,-5.290869903864598e-05,-1.4064370108982083e-05,5.466605373328814e-05,-0.0019203922681258893,-5.290869903864598e-05,0.0010711876062863917
603,0.01,1,26,transient,nominal_with_true_state,nominal,true_state,all,1,0.11537956623249972,0.3704706815212837,0.06878329895038762,0.063583962140839,0.025141931211903133,0.0145823014133369,0.013976588648665775,0.439357755797284,5.169898414360906,0,0,0,True,False,results/data/experiment_10hq/experiment_10hq_seed603_Q0.01_fold1_client26_transient_nominal_with_true_state.npz,3c2549b11a786a6411875b4fe5de928eff92b162638433c2be98325253dbf8f6,0.0,0.0,0.0,0.0,0.0,0.0,0.0,0.0,0.0,0.0,0.0,0.0,0.0,0.0,0.0,0.0,0.0,0.0,0.0,0.0,0.0,0.0,0.0,0.0,0.0,0.0,0.0,0.0,0.0,0.0,0.0,0.0
603,0.01,1,26,transient,learned_with_nominal_kf,learned,nominal_kf,none,1,0.08455977003585259,0.293346614813349,0.06803895083494516,0.06323752719002834,0.025510664408809308,0.014332473588550363,0.01498858761953932,0.4389868028599767,9.437392132592882,0,0,0,True,False,results/data/experiment_10hq/experiment_10hq_seed603_Q0.01_fold1_client26_transient_learned_with_nominal_kf.npz,e8058bf7f6498945ce3bc4fd6baa00494a8daedae1bc957c7a828e086e40b521,0.16163758079261004,0.29534935952948166,0.028441142547348596,0.05315917966984066,0.15319725893166258,0.2566338386454986,0.0350116642776788,7.958650233631379e-06,-1.1460915899980406e-05,-3.543255437862347e-07,1.6021120387429395e-06,5.321234969941899e-06,-1.1460915899980406e-05,2.6572156525212936e-05,1.8499783807315804e-06,-4.167789788088728e-06,-4.765838754435082e-06,-3.543255437862347e-07,1.8499783807315804e-06,2.464046011717105e-07,-3.6690868729852045e-07,3.657231220068289e-07,1.6021120387429395e-06,-4.167789788088728e-06,-3.6690868729852045e-07,8.608178740607991e-07,6.143143319545182e-07,5.321234969941899e-06,-4.765838754435082e-06,3.657231220068289e-07,6.143143319545182e-07,7.1491881158603545e-06
603,0.01,1,26,transient,learned_with_learned_kf,learned,learned_kf,none,1,0.09748883437996315,0.3410765300961096,0.0133817333406221,0.029449801311968164,0.04402574170143869,0.03766495987296081,0.010868822636489705,0.44091365513214453,12.413435885780975,0,0,0,True,False,results/data/experiment_10hq/experiment_10hq_seed603_Q0.01_fold1_client26_transient_learned_with_learned_kf.npz,1af693980611a07d9588d70a9b70d08129e0c76325b02240db0cd622b909dd1f,0.028968650707784253,0.13725796169400242,0.04448165795683519,0.13928798594611083,0.11150727541682057,0.28547737387277766,0.18284700179969457,2.556296760625576e-07,6.153643099830808e-07,1.9314079740137366e-07,6.09139161583445e-07,-7.348976286404219e-08,6.153643099830808e-07,5.738915439932921e-06,1.4042635915281441e-06,4.5907206426330776e-06,-2.4007954691895257e-06,1.9314079740137366e-07,1.4042635915281441e-06,6.02721477793474e-07,1.8358172640280084e-06,-5.235727376864749e-07,6.09139161583445e-07,4.5907206426330776e-06,1.8358172640280084e-06,5.909926130383707e-06,-1.985217891181202e-06,-7.348976286404219e-08,-2.4007954691895257e-06,-5.235727376864749e-07,-1.985217891181202e-06,3.7875741500372677e-06
603,0.01,1,26,transient,learned_with_true_state,learned,true_state,all,1,0.10520996431962673,0.3485551922499429,0.06837292726679801,0.06322951037517328,0.024931947670582502,0.014452626251331386,0.013858756621284572,0.43645407262208336,1.7770752249441764,0,0,0,True,False,results/data/experiment_10hq/experiment_10hq_seed603_Q0.01_fold1_client26_transient_learned_with_true_state.npz,5e9fe6f37f85270ac40f1148ce5b9b2eb02e7ea0aa4f824564b11575ead71c97,0.0,0.0,0.0,0.0,0.0,0.0,0.0,0.0,0.0,0.0,0.0,0.0,0.0,0.0,0.0,0.0,0.0,0.0,0.0,0.0,0.0,0.0,0.0,0.0,0.0,0.0,0.0,0.0,0.0,0.0,0.0,0.0
603,0.01,1,26,transient,oracle_with_nominal_kf,oracle,nominal_kf,none,1,0.08466765330987935,0.31026449214064905,0.06836752488106415,0.06358496608191151,0.026250282168449976,0.01445688616231053,0.015705833237099256,0.44316882627151044,10.272657925895636,0,0,0,True,False,results/data/experiment_10hq/experiment_10hq_seed603_Q0.01_fold1_client26_transient_oracle_with_nominal_kf.npz,1698297283302e39b6e31cd281cac9c9537d24a4360576592e5676a31f6fc0c0,0.20245654361832552,0.39291390982405966,0.17346344489109383,0.06619111595275186,0.12232010515950499,0.5982943352491435,0.12791511177252388,1.2485857429187777e-05,1.9087375508349274e-05,2.926949612155531e-06,-2.5061970455414904e-06,-5.159301668486253e-06,1.9087375508349274e-05,4.702724561644551e-05,1.525441367176742e-05,-6.869816101734026e-06,-5.016265098394586e-06,2.926949612155531e-06,1.525441367176742e-05,9.165806174762e-06,-2.7580906081642775e-06,1.6608807423532691e-06,-2.5061970455414904e-06,-6.869816101734026e-06,-2.7580906081642775e-06,1.3346092836255688e-06,6.14250673721852e-07,-5.159301668486253e-06,-5.016265098394586e-06,1.6608807423532691e-06,6.14250673721852e-07,4.557749233724626e-06
603,0.01,1,26,transient,oracle_with_learned_kf,oracle,learned_kf,none,1,0.09882450765655114,0.33197286601912795,0.013394966063917425,0.029454890456348682,0.0440887712066598,0.03763448231958232,0.010980778883376577,0.4467292741089132,17.916127556024627,0,0,0,True,False,results/data/experiment_10hq/experiment_10hq_seed603_Q0.01_fold1_client26_transient_oracle_with_learned_kf.npz,057155856e927953e00b34499c0b3b5a381315ae9761e3bb80d8e7d53d9ccd55,0.03517873391735885,0.17944499928545193,0.2705754810764008,0.17200332072282512,0.08529906776440496,0.539854921034637,0.4397424642034754,3.769772530213081e-07,-9.537467883661941e-07,-1.6384978508153949e-06,-9.039900206533175e-07,7.753981872119215e-08,-9.537467883661941e-07,9.808835592279346e-06,1.208923445595422e-05,7.359047103254251e-06,-2.4289053434871263e-06,-1.6384978508153949e-06,1.208923445595422e-05,2.230137362792168e-05,1.3795696709922594e-05,-2.9553662895038585e-06,-9.039900206533175e-07,7.359047103254251e-06,1.3795696709922594e-05,9.012149723535537e-06,-1.909509073990226e-06,7.753981872119215e-08,-2.4289053434871263e-06,-2.9553662895038585e-06,-1.909509073990226e-06,2.2163753160312126e-06
603,0.01,1,26,transient,oracle_with_true_state,oracle,true_state,all,1,0.10229370089578742,0.3270408541868289,0.06839596029597485,0.06318071078364111,0.024902654246138828,0.014458740865843861,0.01385050954350371,0.43616828716783834,1.8310758537353655,0,0,0,True,False,results/data/experiment_10hq/experiment_10hq_seed603_Q0.01_fold1_client26_transient_oracle_with_true_state.npz,628c223f2ff8b0cced59b0a2cbf41d569e5a2828a52a0b0f1634913b93965750,0.0,0.0,0.0,0.0,0.0,0.0,0.0,0.0,0.0,0.0,0.0,0.0,0.0,0.0,0.0,0.0,0.0,0.0,0.0,0.0,0.0,0.0,0.0,0.0,0.0,0.0,0.0,0.0,0.0,0.0,0.0,0.0
603,0.01,1,26,transient,learned_with_learned_kf_correct_beta,learned,learned_kf,beta,1,0.09892604985164855,0.344512808460641,0.013394351094293312,0.0294682081394367,0.04405240853911046,0.037687319188586574,0.010876581720538403,0.44119674974286044,12.535288616406456,0,0,0,True,False,results/data/experiment_10hq/experiment_10hq_seed603_Q0.01_fold1_client26_transient_learned_with_learned_kf_correct_beta.npz,c43e59cb24cc98622de65321e3c9603f195378131a35a3f30171825a595a7deb,0.0,0.13734339987893487,0.044499927913674756,0.13935121195566028,0.1115875968777103,0.26815349485661777,0.18292684281712202,0.0,0.0,0.0,0.0,0.0,0.0,5.746062203832866e-06,1.405705089652006e-06,4.5962098391750605e-06,-2.40436637111436e-06,0.0,1.405705089652006e-06,6.032166912054271e-07,1.8373343839126093e-06,-5.247474819811907e-07,0.0,4.5962098391750605e-06,1.8373343839126093e-06,5.915292649973668e-06,-1.986982274158711e-06,0.0,-2.40436637111436e-06,-5.247474819811907e-07,-1.986982274158711e-06,3.793032682813544e-06
603,0.01,1,26,transient,learned_with_learned_kf_correct_forces,learned,learned_kf,forces,1,0.09988607037028771,0.3499893391152604,0.01341399382419432,0.02950976613369767,0.04412435839034876,0.03776342951366393,0.010868624418063669,0.44123510784184167,11.498306956372685,0,0,0,True,False,results/data/experiment_10hq/experiment_10hq_seed603_Q0.01_fold1_client26_transient_learned_with_learned_kf_correct_forces.npz,84f25f50f19b7d34ebd05feda8b8cb05a7463083759f9f5eca255e973c52afe7,0.029049879067497005,0.13753854066995141,0.0,0.0,0.11150450351133473,0.1412805063505995,0.0,2.5706526180966527e-07,6.166292550900486e-07,0.0,0.0,-7.061646187865313e-08,6.166292550900486e-07,5.7624020891613695e-06,0.0,0.0,-2.4093299017639304e-06,0.0,0.0,0.0,0.0,0.0,0.0,0.0,0.0,0.0,0.0,-7.061646187865313e-08,-2.4093299017639304e-06,0.0,0.0,3.7873858454260573e-06
603,0.01,1,26,transient,learned_with_learned_kf_correct_beta_forces,learned,learned_kf,beta_forces,1,0.10139970456023101,0.35346850430028365,0.013426740144911407,0.029528091476703884,0.044150887212902286,0.03778602668271283,0.010876182136718161,0.441499082220998,11.602216769632903,0,0,0,True,False,results/data/experiment_10hq/experiment_10hq_seed603_Q0.01_fold1_client26_transient_learned_with_learned_kf_correct_beta_forces.npz,8062889f66c729641e503fa19b04b391941f2198840a1118eb687f647cc9c32c,0.0,0.13762359325320586,0.0,0.0,0.11158281213257097,0.12469568650474877,0.0,0.0,0.0,0.0,0.0,0.0,0.0,5.769531126883586e-06,0.0,0.0,-2.412868969622471e-06,0.0,0.0,0.0,0.0,0.0,0.0,0.0,0.0,0.0,0.0,0.0,-2.412868969622471e-06,0.0,0.0,3.792707408211296e-06
603,0.01,1,29,broadband,nominal_with_nominal_kf,nominal,nominal_kf,none,1,0.12407552073042477,0.3809365346980933,0.05152501153933282,0.0679644654358251,0.0320608695230273,0.01468045110054764,0.019533315076144944,0.22494886111953102,20.106620166158013,0,0,0,True,False,results/data/experiment_10hq/experiment_10hq_seed603_Q0.01_fold1_client29_broadband_nominal_with_nominal_kf.npz,42aaffd1169979319ff602c56617427702bebd8780abd2740a98021cb5df3904,0.21066193355155394,0.737076247305789,0.37791844615206527,0.15744672313499272,0.21298867792056367,1.0018277816556451,0.3051640410951089,1.3518449008580893e-05,3.284974031161507e-05,5.941360202757377e-06,-4.663439740032676e-06,-1.0079759118348772e-05,3.284974031161507e-05,0.00016549297656270255,6.375983684075283e-05,-2.297321345906228e-05,-2.6461192449365776e-05,5.941360202757377e-06,6.375983684075283e-05,4.350617633643864e-05,-1.1344977840403948e-05,-2.1305863382621044e-06,-4.663439740032676e-06,-2.297321345906228e-05,-1.1344977840403948e-05,7.551304579954395e-06,6.024411940097753e-06,-1.0079759118348772e-05,-2.6461192449365776e-05,-2.1305863382621044e-06,6.024411940097753e-06,1.3818718524833889e-05
603,0.01,1,29,broadband,nominal_with_learned_kf,nominal,learned_kf,none,1,0.13184504395497823,0.42505665247137303,0.021234450838429862,0.0239791305650952,0.3439622953955778,0.026956939740151974,0.22833115118107322,11.120377968485021,2224.2191792044177,489,0,0,True,False,results/data/experiment_10hq/experiment_10hq_seed603_Q0.01_fold1_client29_broadband_nominal_with_learned_kf.npz,df2f283c09c8ecfc1424f4ba34989526141554762782205227e0c3e960662950,0.08667064296359303,0.26170530740660786,4.028331365871216,0.29005332988804367,2.505862621681526,1.6477110776530675,4.146775735947584,2.2882252410946334e-06,3.208395243857666e-06,3.488401641201611e-05,-4.5643828680454425e-06,-2.693146260628809e-05,3.208395243857666e-06,2.0863145925297145e-05,-8.422315620016127e-05,-1.570425415813026e-05,4.11442450310429e-05,3.488401641201611e-05,-8.422315620016127e-05,0.004943165043287979,0.00013466595079534153,-0.0030546451401539053,-4.5643828680454425e-06,-1.570425415813026e-05,0.00013466595079534153,2.5627748093895733e-05,-6.669480084576679e-05,-2.693146260628809e-05,4.11442450310429e-05,-0.0030546451401539053,-6.669480084576679e-05,0.0019127986269181386
603,0.01,1,29,broadband,nominal_with_true_state,nominal,true_state,all,1,0.13425428373095938,0.3687404991673685,0.05097277197635521,0.06674128963869477,0.02946452995874249,0.014678816603581083,0.01675723813929643,0.17510124254110204,6.965231231827729,0,0,0,True,False,results/data/experiment_10hq/experiment_10hq_seed603_Q0.01_fold1_client29_broadband_nominal_with_true_state.npz,3e49529bf8a13e1e5850c6675f8d1a6fcc4933c0c4050952051d12de5679c9a5,0.0,0.0,0.0,0.0,0.0,0.0,0.0,0.0,0.0,0.0,0.0,0.0,0.0,0.0,0.0,0.0,0.0,0.0,0.0,0.0,0.0,0.0,0.0,0.0,0.0,0.0,0.0,0.0,0.0,0.0,0.0,0.0
603,0.01,1,29,broadband,learned_with_nominal_kf,learned,nominal_kf,none,1,0.097495946057518,0.2891793804436987,0.05027589401400618,0.06633301228124332,0.03025437897985786,0.014349312713498678,0.017628525177751746,0.18177942023820626,9.31008682640165,0,0,0,True,False,results/data/experiment_10hq/experiment_10hq_seed603_Q0.01_fold1_client29_broadband_learned_with_nominal_kf.npz,b285727ac8a09aebdeabc68472748b60f70b71ccaf2ec34a2d9160e9b7a66e15,0.10575891715606077,0.30805835641386176,0.022778714834398067,0.04191592582324899,0.17698351938761156,0.2580772135307359,0.033349608720615584,3.407130170191888e-06,-6.878014867763533e-06,-1.6873965679948474e-07,6.199857767372405e-07,4.44275397228426e-06,-6.878014867763533e-06,2.8908178198226762e-05,1.582517394978923e-06,-2.552240977047457e-06,-9.311004472391037e-06,-1.6873965679948474e-07,1.582517394978923e-06,1.5805679476188728e-07,-1.7722919984369724e-07,-1.0487031605241421e-07,6.199857767372405e-07,-2.552240977047457e-06,-1.7722919984369724e-07,5.35196003143416e-07,1.4161169236781979e-06,4.44275397228426e-06,-9.311004472391037e-06,-1.0487031605241421e-07,1.4161169236781979e-06,9.541582047540825e-06
603,0.01,1,29,broadband,learned_with_learned_kf,learned,learned_kf,none,1,0.10817190094943871,0.31835600923462426,0.01961439488210766,0.02176710550449654,0.020378135308515035,0.025524739294668575,0.010721171636955448,0.1854031786768214,12.66996438575866,0,0,0,True,False,results/data/experiment_10hq/experiment_10hq_seed603_Q0.01_fold1_client29_broadband_learned_with_learned_kf.npz,330a23fd263b5805b66aadafb4321b7e7d3cee8e407147015642f695cbe86d08,0.04092568188912358,0.10118010882236539,0.0151544380504916,0.07447454428608942,0.10809352142006626,0.18114568048118534,0.08641603621479395,5.102072006421415e-07,-7.99253570764931e-07,1.5735137924387104e-07,7.676998595097837e-07,8.462474429722244e-07,-7.99253570764931e-07,3.1184947663053835e-06,-2.01705256507895e-07,-1.6305793585624686e-06,-1.0959433196177937e-06,1.5735137924387104e-07,-2.01705256507895e-07,6.995752052976444e-08,2.5764793829883525e-07,3.787795792936017e-07,7.676998595097837e-07,-1.6305793585624686e-06,2.5764793829883525e-07,1.6895476477315974e-06,1.8438659630650465e-06,8.462474429722244e-07,-1.0959433196177937e-06,3.787795792936017e-07,1.8438659630650465e-06,3.5592137114479877e-06
603,0.01,1,29,broadband,learned_with_true_state,learned,true_state,all,1,0.1252630259172279,0.3560297262220916,0.05060524224255529,0.06640982156158588,0.029336584688904082,0.014632946816820723,0.016631709192390928,0.17084828187899165,1.8615934377935852,0,0,0,True,False,results/data/experiment_10hq/experiment_10hq_seed603_Q0.01_fold1_client29_broadband_learned_with_true_state.npz,3386ae240a4c72bb5ed02bc453d82b222481ca75e741c5d071ff4abc368e74b0,0.0,0.0,0.0,0.0,0.0,0.0,0.0,0.0,0.0,0.0,0.0,0.0,0.0,0.0,0.0,0.0,0.0,0.0,0.0,0.0,0.0,0.0,0.0,0.0,0.0,0.0,0.0,0.0,0.0,0.0,0.0,0.0
603,0.01,1,29,broadband,oracle_with_nominal_kf,oracle,nominal_kf,none,1,0.09281239760807607,0.2794932582067476,0.05009492865071939,0.06620183077217281,0.030691137349912658,0.014282091394313075,0.01805484608271445,0.18675224485954248,9.788901237198653,0,0,0,True,False,results/data/experiment_10hq/experiment_10hq_seed603_Q0.01_fold1_client29_broadband_oracle_with_nominal_kf.npz,54b8210463b1ed4ca45d5536f9aaf2ef2660ea82bb80ebb65eb92a064b110412,0.04697412136274248,0.35918511359723965,0.14564627398904773,0.04654228768643503,0.1481173533715366,0.4292921409401585,0.12205752489869118,6.721590744436587e-07,3.4859981435162597e-06,4.926648154314296e-07,-2.99274982177779e-07,-1.6069650798687918e-06,3.4859981435162597e-06,3.9299895295194735e-05,1.2124995612708477e-05,-3.2754886889438957e-06,-9.058675611156698e-06,4.926648154314296e-07,1.2124995612708477e-05,6.4617997119497704e-06,-1.2917274705458466e-06,-6.796024331673794e-07,-2.99274982177779e-07,-3.2754886889438957e-06,-1.2917274705458466e-06,6.598575462969763e-07,1.2889946243636726e-06,-1.6069650798687918e-06,-9.058675611156698e-06,-6.796024331673794e-07,1.2889946243636726e-06,6.682925530989715e-06
603,0.01,1,29,broadband,oracle_with_learned_kf,oracle,learned_kf,none,1,0.10019649887842691,0.30574181540548917,0.01934045695979488,0.021559597526965568,0.020199128034293436,0.025143524681261784,0.01067570981897878,0.1927968723230669,16.473053898786734,0,0,0,True,False,results/data/experiment_10hq/experiment_10hq_seed603_Q0.01_fold1_client29_broadband_oracle_with_learned_kf.npz,ea94e2e59da564b2c1cc704f69a625e6b6256d3b136710663a5eaf0b9187bde2,0.017519075112879562,0.11876028268821584,0.09435670904978115,0.08184191803407095,0.08716134737368264,0.1946173357556159,0.1665024768134318,9.349256705611591e-08,3.9077185191719823e-07,-4.4851109340286775e-07,-3.5871703767301053e-07,-2.980351199838999e-07,3.9077185191719823e-07,4.296325533833112e-06,-1.5327289835411475e-06,-2.062592290335834e-06,-1.0178417641481104e-06,-4.4851109340286775e-07,-1.5327289835411475e-06,2.712066321753399e-06,1.846253693088445e-06,1.8820982755121618e-06,-3.5871703767301053e-07,-2.062592290335834e-06,1.846253693088445e-06,2.040357801632627e-06,1.6399073725726119e-06,-2.980351199838999e-07,-1.0178417641481104e-06,1.8820982755121618e-06,1.6399073725726119e-06,2.314209144858208e-06
603,0.01,1,29,broadband,oracle_with_true_state,oracle,true_state,all,1,0.11528895884293108,0.34356116710901685,0.04983981610602717,0.06538687269791195,0.028810216636317935,0.014356518241775128,0.016386729992668422,0.1679969584792186,1.6995912210022632,0,0,0,True,False,results/data/experiment_10hq/experiment_10hq_seed603_Q0.01_fold1_client29_broadband_oracle_with_true_state.npz,5b528e0c3eeb06d60609a849fbcebbf6c1ec0191ccb76b99436285e97dd67603,0.0,0.0,0.0,0.0,0.0,0.0,0.0,0.0,0.0,0.0,0.0,0.0,0.0,0.0,0.0,0.0,0.0,0.0,0.0,0.0,0.0,0.0,0.0,0.0,0.0,0.0,0.0,0.0,0.0,0.0,0.0,0.0
603,0.01,1,29,broadband,learned_with_learned_kf_correct_beta,learned,learned_kf,beta,1,0.11084296456900923,0.3236492406998988,0.01966547463253867,0.02180343026046249,0.0204259932142064,0.02558531804236562,0.010738435402547167,0.1859306546260637,12.767786510718166,0,0,0,True,False,results/data/experiment_10hq/experiment_10hq_seed603_Q0.01_fold1_client29_broadband_learned_with_learned_kf_correct_beta.npz,f3933f074677a223e8c43e3f5257bb24ca2dfb27f23226aa9f49c7581ab896ad,0.0,0.10134842425095276,0.015186846249861198,0.07464403583412445,0.1082659909017831,0.15749467221885302,0.08661571845632798,0.0,0.0,0.0,0.0,0.0,0.0,3.128878771089975e-06,-2.030394683388327e-07,-1.6391672405047229e-06,-1.1041396149604393e-06,0.0,-2.030394683388327e-07,7.025705278537006e-08,2.589111445877427e-07,3.798690773542745e-07,0.0,-1.6391672405047229e-06,2.589111445877427e-07,1.6972466516601325e-06,1.8520368728253018e-06,0.0,-1.1041396149604393e-06,3.798690773542745e-07,1.8520368728253018e-06,3.5705806362605116e-06
603,0.01,1,29,broadband,learned_with_learned_kf_correct_forces,learned,learned_kf,forces,1,0.11537164413686715,0.33374814034098693,0.019713954033211384,0.02183150040580242,0.020471104549376885,0.025668743088923737,0.01074328030484412,0.1846413396315018,11.73042951311244,0,0,0,True,False,results/data/experiment_10hq/experiment_10hq_seed603_Q0.01_fold1_client29_broadband_learned_with_learned_kf_correct_forces.npz,f9b3506baa633021539e4c1b35b539821376373fa33056a92da307e07328345b,0.041133346734461965,0.10147899457840763,0.0,0.0,0.10830822517913494,0.12950645582525208,0.0,5.153981177023799e-07,-8.059436766507619e-07,0.0,0.0,8.555754351902708e-07,-8.059436766507619e-07,3.136946028085892e-06,0.0,0.0,-1.1079774777795932e-06,0.0,0.0,0.0,0.0,0.0,0.0,0.0,0.0,0.0,0.0,8.555754351902708e-07,-1.1079774777795932e-06,0.0,0.0,3.573366927784892e-06
603,0.01,1,29,broadband,learned_with_learned_kf_correct_beta_forces,learned,learned_kf,beta_forces,1,0.1181316389805963,0.33907094385711095,0.01976545354583971,0.02186752464470002,0.020518497074115852,0.025729805630250725,0.010759898107121177,0.18512658157605266,11.812052616204417,0,0,0,True,False,results/data/experiment_10hq/experiment_10hq_seed603_Q0.01_fold1_client29_broadband_learned_with_learned_kf_correct_beta_forces.npz,7fd3682555f5aedaf9598272394ebc9fbf155892b4ec943bbaf8d70ac8e5574c,0.0,0.10164589087704447,0.0,0.0,0.10847411900015853,0.12153533277044655,0.0,0.0,0.0,0.0,0.0,0.0,0.0,3.1472727997346143e-06,0.0,0.0,-1.1160701747453346e-06,0.0,0.0,0.0,0.0,0.0,0.0,0.0,0.0,0.0,0.0,0.0,-1.1160701747453346e-06,0.0,0.0,3.5843218387884686e-06
603,0.01,1,29,transient,nominal_with_nominal_kf,nominal,nominal_kf,none,1,0.13032672471153434,0.38700564323332987,0.08378542320126088,0.11777275228741772,0.04243347682055901,0.01387364059586057,0.023107283880283085,0.41855093242164443,20.862691948721658,0,0,0,True,False,results/data/experiment_10hq/experiment_10hq_seed603_Q0.01_fold1_client29_transient_nominal_with_nominal_kf.npz,c8e7524de7dbb943daa9682175e3920d5263439e53577ef517dd8f960275a266,0.36128148011590083,1.3005056486242164,0.5922262440809953,0.18277645761670727,0.24338789642278383,1.8320721339490522,0.44282387177568866,3.975997788424806e-05,0.00013130372145250284,3.885405599721403e-05,-1.295520542691629e-05,-2.2220331765142235e-05,0.00013130372145250284,0.0005152039937102726,0.00019375331414968133,-5.8642683353982116e-05,-6.856917101937458e-05,3.885405599721403e-05,0.00019375331414968133,0.00010683905378001595,-2.8641070500870413e-05,-1.339342256989071e-05,-1.295520542691629e-05,-5.8642683353982116e-05,-2.8641070500870413e-05,1.017642525846597e-05,6.721058264301841e-06,-2.2220331765142235e-05,-6.856917101937458e-05,-1.339342256989071e-05,6.721058264301841e-06,1.8044825618451673e-05
603,0.01,1,29,transient,nominal_with_learned_kf,nominal,learned_kf,none,1,0.11938901563090343,0.40032505342335784,0.025608208401968327,0.04392044339797496,0.26750674039808964,0.03879285726722488,0.1814794914939118,10.587950733720431,2115.046215700135,454,0,0,True,False,results/data/experiment_10hq/experiment_10hq_seed603_Q0.01_fold1_client29_transient_nominal_with_learned_kf.npz,581c898d51ab7d410bd2c286cd1abb15cdf80f84ccaaa5b563b9dd8c6d713c5a,0.10807387835516936,0.4865956812402835,3.2433190181014426,0.5088194498245427,1.9724103603913725,1.3995176413143282,3.407140642242599,3.55792024792634e-06,1.207661683853845e-05,1.4037089544719343e-05,-1.3741404095237613e-05,-1.8717807164657192e-05,1.207661683853845e-05,7.21258983189333e-05,-0.00010489725907673308,-6.987766547041213e-05,2.089025087572448e-05,1.4037089544719343e-05,-0.00010489725907673308,0.003204306660714506,0.00012650637621681212,-0.00191285064497014,-1.3741404095237613e-05,-6.987766547041213e-05,0.00012650637621681212,7.88646069600859e-05,-2.707590329963699e-05,-1.8717807164657192e-05,2.089025087572448e-05,-0.00191285064497014,-2.707590329963699e-05,0.0011850844110147727
603,0.01,1,29,transient,nominal_with_true_state,nominal,true_state,all,1,0.12392113244605403,0.39558792172909296,0.08344886118895109,0.11695151220775418,0.040540308853534615,0.013760968397352654,0.020721335549584264,0.39265874266968787,6.681440393883343,0,0,0,True,False,results/data/experiment_10hq/experiment_10hq_seed603_Q0.01_fold1_client29_transient_nominal_with_true_state.npz,9128366227bf3c68e304cd359fbed0895bbd8da938ab782736292c7ebba6d932,0.0,0.0,0.0,0.0,0.0,0.0,0.0,0.0,0.0,0.0,0.0,0.0,0.0,0.0,0.0,0.0,0.0,0.0,0.0,0.0,0.0,0.0,0.0,0.0,0.0,0.0,0.0,0.0,0.0,0.0,0.0,0.0
603,0.01,1,29,transient,learned_with_nominal_kf,learned,nominal_kf,none,1,0.09577348405211453,0.29960982287806026,0.08292322216547658,0.11667578681702513,0.04120438596458466,0.01363031841747422,0.02151255242401779,0.3941724660775418,9.566501644197146,0,0,0,True,False,results/data/experiment_10hq/experiment_10hq_seed603_Q0.01_fold1_client29_transient_learned_with_nominal_kf.npz,f2a9c74bc1040cb2358a24e7419802b132b18af39fe8f08caf4188dfdcd45ee6,0.19791462241903254,0.5446896427668695,0.0444215989287818,0.050036010849337655,0.21978334669175573,0.2969347492136305,0.02492073437984708,1.193192457640034e-05,-3.022487992345626e-05,-1.5216025740578993e-06,1.906354624792525e-06,1.1529715326359262e-05,-3.022487992345626e-05,9.037596961405855e-05,5.955523553348437e-06,-6.714115357567538e-06,-2.695321213385397e-05,-1.5216025740578993e-06,5.955523553348437e-06,6.010949903829963e-07,-5.872776856088236e-07,-8.526769941797315e-07,1.906354624792525e-06,-6.714115357567538e-06,-5.872776856088236e-07,7.626408976898924e-07,1.698222929923725e-06,1.1529715326359262e-05,-2.695321213385397e-05,-8.526769941797315e-07,1.698222929923725e-06,1.4714459012440889e-05
603,0.01,1,29,transient,learned_with_learned_kf,learned,learned_kf,none,1,0.09884414957766018,0.32186914658998417,0.024803076183772088,0.04287257797942697,0.02662548937668296,0.0380978591350788,0.014292521536694443,0.39605810608753744,12.867765331711325,0,0,0,True,False,results/data/experiment_10hq/experiment_10hq_seed603_Q0.01_fold1_client29_transient_learned_with_learned_kf.npz,69032eac1371b7a20ea1c03dd94d1c741754e7628900901ed38aebc3e2270823,0.056269312819643855,0.2001788938326203,0.02982089592395898,0.1399422513401593,0.14678738059395588,0.20424372951062558,0.1665102486591305,9.644905083065924e-07,-2.8970192492679002e-06,4.178619768345051e-07,2.1724629374391053e-06,1.931750933527882e-06,-2.8970192492679002e-06,1.2206504211224069e-05,-1.4366972367429492e-06,-8.040679506583719e-06,-6.256262360520373e-06,4.178619768345051e-07,-1.4366972367429492e-06,2.7089195611687897e-07,1.104625523317818e-06,1.1947843140685453e-06,2.1724629374391053e-06,-8.040679506583719e-06,1.104625523317818e-06,5.965576894318565e-06,5.177350065571053e-06,1.931750933527882e-06,-6.256262360520373e-06,1.1947843140685453e-06,5.177350065571053e-06,6.563449928003756e-06
603,0.01,1,29,transient,learned_with_true_state,learned,true_state,all,1,0.11193209074474607,0.35469376651864115,0.08315652399650057,0.11658751660853324,0.04038813813357662,0.013699366361281507,0.02060983022967685,0.3899037884440048,1.8940801425915088,0,0,0,True,False,results/data/experiment_10hq/experiment_10hq_seed603_Q0.01_fold1_client29_transient_learned_with_true_state.npz,b0706d28d6ba303431800d1202b9ec548ddfd98fe3a9828e52e531c51aea3943,0.0,0.0,0.0,0.0,0.0,0.0,0.0,0.0,0.0,0.0,0.0,0.0,0.0,0.0,0.0,0.0,0.0,0.0,0.0,0.0,0.0,0.0,0.0,0.0,0.0,0.0,0.0,0.0,0.0,0.0,0.0,0.0
603,0.01,1,29,transient,oracle_with_nominal_kf,oracle,nominal_kf,none,1,0.08705099936533853,0.2714872361793517,0.08273699599318385,0.11642974993825896,0.041391354531709036,0.013588523273371714,0.02179575857662203,0.39560620677928304,10.041193602799108,0,0,0,True,False,results/data/experiment_10hq/experiment_10hq_seed603_Q0.01_fold1_client29_transient_oracle_with_nominal_kf.npz,e2c130330cd241fafc5085a7af091b4ce745f71705a4acb7253b6f2ee428b38b,0.11584406767678655,0.6603330753299911,0.24740191012743884,0.05694323319687664,0.174772155858289,0.8216195213281201,0.19971544053540058,4.087919476534427e-06,2.1358698402578087e-05,5.201468709500013e-06,-1.22956631191648e-06,-5.187432060059222e-06,2.1358698402578087e-05,0.0001328253097759494,4.1236687839749774e-05,-9.18718571427975e-06,-2.581056940030326e-05,5.201468709500013e-06,4.1236687839749774e-05,1.8644933209199606e-05,-3.7413080660822777e-06,-4.283191423369036e-06,-1.22956631191648e-06,-9.18718571427975e-06,-3.7413080660822777e-06,9.87731672598438e-07,1.5344449661745116e-06,-5.187432060059222e-06,-2.581056940030326e-05,-4.283191423369036e-06,1.5344449661745116e-06,9.30463244146119e-06
603,0.01,1,29,transient,oracle_with_learned_kf,oracle,learned_kf,none,1,0.09078893967463512,0.29308006937740294,0.024656178971924302,0.042656441656654956,0.02651291237543747,0.03782490757983071,0.014245008845989037,0.39907579590154363,17.036119097977068,0,0,0,True,False,results/data/experiment_10hq/experiment_10hq_seed603_Q0.01_fold1_client29_transient_oracle_with_learned_kf.npz,906cc44dfb2ab51be12f0b4b35bd78d1dcbaad22ab8725fbeaf7e28f06a37d42,0.029910743568422556,0.2447125154298197,0.15654471463128852,0.1587168276337579,0.11301328081247014,0.2122236036374526,0.307455497294336,2.725267607736687e-07,1.9865659613130327e-06,-1.3231701359238297e-06,-1.3718315104782309e-06,-8.483281010730796e-07,1.9865659613130327e-06,1.8241775122609812e-05,-9.484478337008936e-06,-1.1128909176038723e-05,-5.869771210346661e-06,-1.3231701359238297e-06,-9.484478337008936e-06,7.4650299366284255e-06,6.828243731652259e-06,4.770822501793566e-06,-1.3718315104782309e-06,-1.1128909176038723e-05,6.828243731652259e-06,7.673626978951683e-06,4.5289001321283145e-06,-8.483281010730796e-07,-5.869771210346661e-06,4.770822501793566e-06,4.5289001321283145e-06,3.8905741850878715e-06
603,0.01,1,29,transient,oracle_with_true_state,oracle,true_state,all,1,0.10072644922805664,0.3319821009905849,0.08256598890750236,0.11577981500575461,0.03994902835014566,0.013522630426795136,0.02042556380831129,0.38748754216949477,1.7858740624402825,0,0,0,True,False,results/data/experiment_10hq/experiment_10hq_seed603_Q0.01_fold1_client29_transient_oracle_with_true_state.npz,84803ec731bc5029b83abe9625e7f20c480c7f6fa24a5ffe268ef2dce89edd65,0.0,0.0,0.0,0.0,0.0,0.0,0.0,0.0,0.0,0.0,0.0,0.0,0.0,0.0,0.0,0.0,0.0,0.0,0.0,0.0,0.0,0.0,0.0,0.0,0.0,0.0,0.0,0.0,0.0,0.0,0.0,0.0
603,0.01,1,29,transient,learned_with_learned_kf_correct_beta,learned,learned_kf,beta,1,0.1016499705203589,0.32874508916499257,0.024833684589081386,0.042903213384450155,0.026657340810358195,0.038141568219104305,0.014311952714719182,0.3964929158414818,12.998246672053586,0,0,0,True,False,results/data/experiment_10hq/experiment_10hq_seed603_Q0.01_fold1_client29_transient_learned_with_learned_kf_correct_beta.npz,96a6624febc812f5d466ec19e5721cae47fca7a62becc4777561f4b267b8bbb3,0.0,0.20032193939492657,0.02984720729911701,0.14008184156387982,0.14698562639294935,0.16717845124428654,0.16667244104158507,0.0,0.0,0.0,0.0,0.0,0.0,1.222395570265699e-05,-1.438981533654393e-06,-8.054721782899995e-06,-6.268730032380416e-06,0.0,-1.438981533654393e-06,2.7137019018903645e-07,1.1066635842303463e-06,1.1966360219906163e-06,0.0,-8.054721782899995e-06,1.1066635842303463e-06,5.977483970645336e-06,5.1889539729074155e-06,0.0,-6.268730032380416e-06,1.1966360219906163e-06,5.1889539729074155e-06,6.581190622483837e-06
603,0.01,1,29,transient,learned_with_learned_kf_correct_forces,learned,learned_kf,forces,1,0.10653195887225819,0.34200102771983,0.02486148917906313,0.04295963447815502,0.026690426054893305,0.038202316628784615,0.014305159541356397,0.3962258677761221,11.964442664321533,0,0,0,True,False,results/data/experiment_10hq/experiment_10hq_seed603_Q0.01_fold1_client29_transient_learned_with_learned_kf_correct_forces.npz,8a29a788549d928e1cec669f4c02f0ad6a8052de8d09a7bbd6618cce7821488b,0.056414783972766884,0.20058675141688517,0.0,0.0,0.14691572573785897,0.13188110619641163,0.0,9.694838840197106e-07,-2.910075298705214e-06,0.0,0.0,1.9442513948915024e-06,-2.910075298705214e-06,1.2256295545375485e-05,0.0,0.0,-6.285483653818423e-06,0.0,0.0,0.0,0.0,0.0,0.0,0.0,0.0,0.0,0.0,1.9442513948915024e-06,-6.285483653818423e-06,0.0,0.0,6.574932593573357e-06
603,0.01,1,29,transient,learned_with_learned_kf_correct_beta_forces,learned,learned_kf,beta_forces,1,0.10948747362706288,0.34892541737204585,0.024892393502737253,0.04299047902504587,0.02672210543115295,0.03824645892346267,0.014324341984835197,0.3966356064007049,12.072660380789317,0,0,0,True,False,results/data/experiment_10hq/experiment_10hq_seed603_Q0.01_fold1_client29_transient_learned_with_learned_kf_correct_beta_forces.npz,b6f6f3b50da0c6e6ef5bce58d6575911e518af72b35e024b58bd08e769e48040,0.0,0.20073078004586037,0.0,0.0,0.14711144083620648,0.14347202463237801,0.0,0.0,0.0,0.0,0.0,0.0,0.0,1.2273902801996053e-05,0.0,0.0,-6.298026112698151e-06,0.0,0.0,0.0,0.0,0.0,0.0,0.0,0.0,0.0,0.0,0.0,-6.298026112698151e-06,0.0,0.0,6.592461972308315e-06
