centering,kind,lag,output,correlation,method,seed,process_noise_scale
pooled,autocorrelation,1,yaw,0.6885144269600948,global,604,0.01
pooled,autocorrelation,1,acceleration,0.8399451698569462,global,604,0.01
pooled,autocorrelation,1,steering,0.6088558118685539,global,604,0.01
pooled,past_input,1,yaw,0.16013152566486286,global,604,0.01
pooled,past_input,1,acceleration,-0.05064167642490289,global,604,0.01
pooled,past_input,1,steering,0.13509388822585094,global,604,0.01
pooled,autocorrelation,2,yaw,0.685681768695306,global,604,0.01
pooled,autocorrelation,2,acceleration,0.8347320291018625,global,604,0.01
pooled,autocorrelation,2,steering,0.6225770662273492,global,604,0.01
pooled,past_input,2,yaw,0.15099798784754231,global,604,0.01
pooled,past_input,2,acceleration,-0.06291313466003916,global,604,0.01
pooled,past_input,2,steering,0.10962208501974902,global,604,0.01
pooled,autocorrelation,3,yaw,0.6878563358374878,global,604,0.01
pooled,autocorrelation,3,acceleration,0.8293758560415658,global,604,0.01
pooled,autocorrelation,3,steering,0.626794563198262,global,604,0.01
pooled,past_input,3,yaw,0.1423513104871865,global,604,0.01
pooled,past_input,3,acceleration,-0.07553729986043148,global,604,0.01
pooled,past_input,3,steering,0.08383745246262304,global,604,0.01
pooled,autocorrelation,4,yaw,0.6949698605091067,global,604,0.01
pooled,autocorrelation,4,acceleration,0.8198643255721446,global,604,0.01
pooled,autocorrelation,4,steering,0.6251318468407957,global,604,0.01
pooled,past_input,4,yaw,0.13269044464504573,global,604,0.01
pooled,past_input,4,acceleration,-0.0869309331193061,global,604,0.01
pooled,past_input,4,steering,0.05888882370204974,global,604,0.01
pooled,autocorrelation,5,yaw,0.6945895307356673,global,604,0.01
pooled,autocorrelation,5,acceleration,0.8090936625711447,global,604,0.01
pooled,autocorrelation,5,steering,0.6082102523682547,global,604,0.01
pooled,past_input,5,yaw,0.12440030230040294,global,604,0.01
pooled,past_input,5,acceleration,-0.09957863427306315,global,604,0.01
pooled,past_input,5,steering,0.03186857559865064,global,604,0.01
pooled,autocorrelation,6,yaw,0.6920037157633185,global,604,0.01
pooled,autocorrelation,6,acceleration,0.7933123190866685,global,604,0.01
pooled,autocorrelation,6,steering,0.6058659926704519,global,604,0.01
pooled,past_input,6,yaw,0.11644954412685149,global,604,0.01
pooled,past_input,6,acceleration,-0.11103498948237646,global,604,0.01
pooled,past_input,6,steering,0.0040699526922214554,global,604,0.01
pooled,autocorrelation,7,yaw,0.6876121393914809,global,604,0.01
pooled,autocorrelation,7,acceleration,0.7724059232015229,global,604,0.01
pooled,autocorrelation,7,steering,0.5862172934732786,global,604,0.01
pooled,past_input,7,yaw,0.10650340764266482,global,604,0.01
pooled,past_input,7,acceleration,-0.12177692410373538,global,604,0.01
pooled,past_input,7,steering,-0.023314530362419355,global,604,0.01
pooled,autocorrelation,8,yaw,0.6781864023318019,global,604,0.01
pooled,autocorrelation,8,acceleration,0.7530470163905556,global,604,0.01
pooled,autocorrelation,8,steering,0.5837758272030382,global,604,0.01
pooled,past_input,8,yaw,0.09867180795483439,global,604,0.01
pooled,past_input,8,acceleration,-0.1309350058689904,global,604,0.01
pooled,past_input,8,steering,-0.05057526367487637,global,604,0.01
pooled,autocorrelation,9,yaw,0.659900530227502,global,604,0.01
pooled,autocorrelation,9,acceleration,0.7365707497204509,global,604,0.01
pooled,autocorrelation,9,steering,0.5556637102328751,global,604,0.01
pooled,past_input,9,yaw,0.09096400959243449,global,604,0.01
pooled,past_input,9,acceleration,-0.1394190441290893,global,604,0.01
pooled,past_input,9,steering,-0.07927969388737942,global,604,0.01
pooled,autocorrelation,10,yaw,0.6734606780997056,global,604,0.01
pooled,autocorrelation,10,acceleration,0.7084911828016556,global,604,0.01
pooled,autocorrelation,10,steering,0.5353057681145738,global,604,0.01
pooled,past_input,10,yaw,0.08197074677346954,global,604,0.01
pooled,past_input,10,acceleration,-0.147860022416085,global,604,0.01
pooled,past_input,10,steering,-0.10545090330777647,global,604,0.01
pooled,autocorrelation,11,yaw,0.650179157276595,global,604,0.01
pooled,autocorrelation,11,acceleration,0.6834512536645506,global,604,0.01
pooled,autocorrelation,11,steering,0.4942440191462203,global,604,0.01
pooled,past_input,11,yaw,0.07357645575539618,global,604,0.01
pooled,past_input,11,acceleration,-0.1549581704867951,global,604,0.01
pooled,past_input,11,steering,-0.13480923539275655,global,604,0.01
pooled,autocorrelation,12,yaw,0.650223957716092,global,604,0.01
pooled,autocorrelation,12,acceleration,0.659152474810459,global,604,0.01
pooled,autocorrelation,12,steering,0.4827521427805042,global,604,0.01
pooled,past_input,12,yaw,0.06597095643551634,global,604,0.01
pooled,past_input,12,acceleration,-0.16324487295255025,global,604,0.01
pooled,past_input,12,steering,-0.16200986880996576,global,604,0.01
pooled,autocorrelation,13,yaw,0.6350517855814067,global,604,0.01
pooled,autocorrelation,13,acceleration,0.6262917187110095,global,604,0.01
pooled,autocorrelation,13,steering,0.4378950835314591,global,604,0.01
pooled,past_input,13,yaw,0.05597894386005831,global,604,0.01
pooled,past_input,13,acceleration,-0.1698794584019308,global,604,0.01
pooled,past_input,13,steering,-0.18803525176452332,global,604,0.01
pooled,autocorrelation,14,yaw,0.6105204123633212,global,604,0.01
pooled,autocorrelation,14,acceleration,0.5937398747510213,global,604,0.01
pooled,autocorrelation,14,steering,0.43048907030079453,global,604,0.01
pooled,past_input,14,yaw,0.048217206432613915,global,604,0.01
pooled,past_input,14,acceleration,-0.17561835318805377,global,604,0.01
pooled,past_input,14,steering,-0.21449724114734645,global,604,0.01
pooled,autocorrelation,15,yaw,0.6053368857164795,global,604,0.01
pooled,autocorrelation,15,acceleration,0.5631185787593516,global,604,0.01
pooled,autocorrelation,15,steering,0.40468758926891346,global,604,0.01
pooled,past_input,15,yaw,0.04029770001040861,global,604,0.01
pooled,past_input,15,acceleration,-0.18079613891986762,global,604,0.01
pooled,past_input,15,steering,-0.24124395060509113,global,604,0.01
pooled,autocorrelation,16,yaw,0.5892159304993351,global,604,0.01
pooled,autocorrelation,16,acceleration,0.5221157268025292,global,604,0.01
pooled,autocorrelation,16,steering,0.3661294312165533,global,604,0.01
pooled,past_input,16,yaw,0.035565491754545195,global,604,0.01
pooled,past_input,16,acceleration,-0.1846142284226205,global,604,0.01
pooled,past_input,16,steering,-0.2680561839268233,global,604,0.01
pooled,autocorrelation,17,yaw,0.5654803515862485,global,604,0.01
pooled,autocorrelation,17,acceleration,0.48336538963959796,global,604,0.01
pooled,autocorrelation,17,steering,0.31601549127573575,global,604,0.01
pooled,past_input,17,yaw,0.028833352263488876,global,604,0.01
pooled,past_input,17,acceleration,-0.18977794359908207,global,604,0.01
pooled,past_input,17,steering,-0.2935201221493363,global,604,0.01
pooled,autocorrelation,18,yaw,0.5445430681356295,global,604,0.01
pooled,autocorrelation,18,acceleration,0.44345971691605357,global,604,0.01
pooled,autocorrelation,18,steering,0.2873150599558852,global,604,0.01
pooled,past_input,18,yaw,0.021511682736092223,global,604,0.01
pooled,past_input,18,acceleration,-0.19399952163932,global,604,0.01
pooled,past_input,18,steering,-0.3138389695613277,global,604,0.01
pooled,autocorrelation,19,yaw,0.5420311454330152,global,604,0.01
pooled,autocorrelation,19,acceleration,0.40765473213831016,global,604,0.01
pooled,autocorrelation,19,steering,0.2540416569086043,global,604,0.01
pooled,past_input,19,yaw,0.014261663031909691,global,604,0.01
pooled,past_input,19,acceleration,-0.1959254858911712,global,604,0.01
pooled,past_input,19,steering,-0.3381874729905125,global,604,0.01
pooled,autocorrelation,20,yaw,0.5186869626480317,global,604,0.01
pooled,autocorrelation,20,acceleration,0.36734562040720836,global,604,0.01
pooled,autocorrelation,20,steering,0.20704938553715557,global,604,0.01
pooled,past_input,20,yaw,0.008087159571691599,global,604,0.01
pooled,past_input,20,acceleration,-0.19781458624092407,global,604,0.01
pooled,past_input,20,steering,-0.36049731575521904,global,604,0.01
within_record,autocorrelation,1,yaw,0.5425570651616672,global,604,0.01
within_record,autocorrelation,1,acceleration,0.8224377398007003,global,604,0.01
within_record,autocorrelation,1,steering,0.5771600650021483,global,604,0.01
within_record,past_input,1,yaw,0.2299848069990764,global,604,0.01
within_record,past_input,1,acceleration,-0.01355378645401403,global,604,0.01
within_record,past_input,1,steering,0.22368048651909328,global,604,0.01
within_record,autocorrelation,2,yaw,0.5372838783241571,global,604,0.01
within_record,autocorrelation,2,acceleration,0.8165824921356281,global,604,0.01
within_record,autocorrelation,2,steering,0.5910703931125809,global,604,0.01
within_record,past_input,2,yaw,0.21275010185068322,global,604,0.01
within_record,past_input,2,acceleration,-0.028349132663093413,global,604,0.01
within_record,past_input,2,steering,0.19335047998706179,global,604,0.01
within_record,autocorrelation,3,yaw,0.5383634968707511,global,604,0.01
within_record,autocorrelation,3,acceleration,0.810407010711499,global,604,0.01
within_record,autocorrelation,3,steering,0.5948289622846817,global,604,0.01
within_record,past_input,3,yaw,0.19507799884197816,global,604,0.01
within_record,past_input,3,acceleration,-0.04341706809484487,global,604,0.01
within_record,past_input,3,steering,0.16123031592152592,global,604,0.01
within_record,autocorrelation,4,yaw,0.5467575441014315,global,604,0.01
within_record,autocorrelation,4,acceleration,0.7996865860221871,global,604,0.01
within_record,autocorrelation,4,steering,0.5920734352453889,global,604,0.01
within_record,past_input,4,yaw,0.17754760353074434,global,604,0.01
within_record,past_input,4,acceleration,-0.05750838623389481,global,604,0.01
within_record,past_input,4,steering,0.12982554033788668,global,604,0.01
within_record,autocorrelation,5,yaw,0.5444088447374505,global,604,0.01
within_record,autocorrelation,5,acceleration,0.7875631948571535,global,604,0.01
within_record,autocorrelation,5,steering,0.5726840767497327,global,604,0.01
within_record,past_input,5,yaw,0.16088176428776269,global,604,0.01
within_record,past_input,5,acceleration,-0.07150348304570789,global,604,0.01
within_record,past_input,5,steering,0.09556077475557291,global,604,0.01
within_record,autocorrelation,6,yaw,0.5380157962458588,global,604,0.01
within_record,autocorrelation,6,acceleration,0.7699472959067512,global,604,0.01
within_record,autocorrelation,6,steering,0.5692563862222509,global,604,0.01
within_record,past_input,6,yaw,0.1456635626403378,global,604,0.01
within_record,past_input,6,acceleration,-0.08525430521694374,global,604,0.01
within_record,past_input,6,steering,0.06281851141093629,global,604,0.01
within_record,autocorrelation,7,yaw,0.5287828341717605,global,604,0.01
within_record,autocorrelation,7,acceleration,0.7463580026907919,global,604,0.01
within_record,autocorrelation,7,steering,0.5473124033625424,global,604,0.01
within_record,past_input,7,yaw,0.12699681066704294,global,604,0.01
within_record,past_input,7,acceleration,-0.09920419880000815,global,604,0.01
within_record,past_input,7,steering,0.02797737630137979,global,604,0.01
within_record,autocorrelation,8,yaw,0.511668214938783,global,604,0.01
within_record,autocorrelation,8,acceleration,0.724810560389087,global,604,0.01
within_record,autocorrelation,8,steering,0.543925585954329,global,604,0.01
within_record,past_input,8,yaw,0.11189498828491974,global,604,0.01
within_record,past_input,8,acceleration,-0.11136726531846282,global,604,0.01
within_record,past_input,8,steering,-0.00784643805286181,global,604,0.01
within_record,autocorrelation,9,yaw,0.48229212616507583,global,604,0.01
within_record,autocorrelation,9,acceleration,0.7064234349688092,global,604,0.01
within_record,autocorrelation,9,steering,0.512528780502993,global,604,0.01
within_record,past_input,9,yaw,0.09563105002522448,global,604,0.01
within_record,past_input,9,acceleration,-0.12103804672207939,global,604,0.01
within_record,past_input,9,steering,-0.04482786733651132,global,604,0.01
within_record,autocorrelation,10,yaw,0.5020424780343213,global,604,0.01
within_record,autocorrelation,10,acceleration,0.6750666195993509,global,604,0.01
within_record,autocorrelation,10,steering,0.48973128444656105,global,604,0.01
within_record,past_input,10,yaw,0.07534025785874647,global,604,0.01
within_record,past_input,10,acceleration,-0.13049428265169705,global,604,0.01
within_record,past_input,10,steering,-0.07909654099321105,global,604,0.01
within_record,autocorrelation,11,yaw,0.46621998999557224,global,604,0.01
within_record,autocorrelation,11,acceleration,0.6470160929308953,global,604,0.01
within_record,autocorrelation,11,steering,0.44295221786117656,global,604,0.01
within_record,past_input,11,yaw,0.05942415105463665,global,604,0.01
within_record,past_input,11,acceleration,-0.1393532378546203,global,604,0.01
within_record,past_input,11,steering,-0.11370915030455248,global,604,0.01
within_record,autocorrelation,12,yaw,0.46400615479023527,global,604,0.01
within_record,autocorrelation,12,acceleration,0.6200285515147032,global,604,0.01
within_record,autocorrelation,12,steering,0.4291171465189198,global,604,0.01
within_record,past_input,12,yaw,0.04286042159554213,global,604,0.01
within_record,past_input,12,acceleration,-0.14798286892643323,global,604,0.01
within_record,past_input,12,steering,-0.15076796594759095,global,604,0.01
within_record,autocorrelation,13,yaw,0.43817098603758337,global,604,0.01
within_record,autocorrelation,13,acceleration,0.5834808463279179,global,604,0.01
within_record,autocorrelation,13,steering,0.3794194972065474,global,604,0.01
within_record,past_input,13,yaw,0.02298928145914257,global,604,0.01
within_record,past_input,13,acceleration,-0.15622601800478728,global,604,0.01
within_record,past_input,13,steering,-0.18576436822853085,global,604,0.01
within_record,autocorrelation,14,yaw,0.39903585815600284,global,604,0.01
within_record,autocorrelation,14,acceleration,0.5472127206901558,global,604,0.01
within_record,autocorrelation,14,steering,0.3704492944103357,global,604,0.01
within_record,past_input,14,yaw,0.006523739136377728,global,604,0.01
within_record,past_input,14,acceleration,-0.16338388145684926,global,604,0.01
within_record,past_input,14,steering,-0.2201874935014131,global,604,0.01
within_record,autocorrelation,15,yaw,0.39053706593875626,global,604,0.01
within_record,autocorrelation,15,acceleration,0.5127692460358007,global,604,0.01
within_record,autocorrelation,15,steering,0.341649008750893,global,604,0.01
within_record,past_input,15,yaw,-0.009321481336183454,global,604,0.01
within_record,past_input,15,acceleration,-0.16845898624635086,global,604,0.01
within_record,past_input,15,steering,-0.2536981853735392,global,604,0.01
within_record,autocorrelation,16,yaw,0.36251903263435875,global,604,0.01
within_record,autocorrelation,16,acceleration,0.4667073443084029,global,604,0.01
within_record,autocorrelation,16,steering,0.29885318245655906,global,604,0.01
within_record,past_input,16,yaw,-0.021661689724072057,global,604,0.01
within_record,past_input,16,acceleration,-0.17296674349929486,global,604,0.01
within_record,past_input,16,steering,-0.28675270089687893,global,604,0.01
within_record,autocorrelation,17,yaw,0.3240894945338669,global,604,0.01
within_record,autocorrelation,17,acceleration,0.42312368321835603,global,604,0.01
within_record,autocorrelation,17,steering,0.2428937929173521,global,604,0.01
within_record,past_input,17,yaw,-0.03493899492060523,global,604,0.01
within_record,past_input,17,acceleration,-0.18035501837141918,global,604,0.01
within_record,past_input,17,steering,-0.31873030614937725,global,604,0.01
within_record,autocorrelation,18,yaw,0.2908462295896885,global,604,0.01
within_record,autocorrelation,18,acceleration,0.37837106480732213,global,604,0.01
within_record,autocorrelation,18,steering,0.21148175928058202,global,604,0.01
within_record,past_input,18,yaw,-0.05082445163719414,global,604,0.01
within_record,past_input,18,acceleration,-0.18553642948942595,global,604,0.01
within_record,past_input,18,steering,-0.3470815357486118,global,604,0.01
within_record,autocorrelation,19,yaw,0.28711364202826567,global,604,0.01
within_record,autocorrelation,19,acceleration,0.3382394618872154,global,604,0.01
within_record,autocorrelation,19,steering,0.17439030439558695,global,604,0.01
within_record,past_input,19,yaw,-0.06496984504873023,global,604,0.01
within_record,past_input,19,acceleration,-0.18895726372514118,global,604,0.01
within_record,past_input,19,steering,-0.3766974568925721,global,604,0.01
within_record,autocorrelation,20,yaw,0.24831223925906132,global,604,0.01
within_record,autocorrelation,20,acceleration,0.2928605011650882,global,604,0.01
within_record,autocorrelation,20,steering,0.12140904306359955,global,604,0.01
within_record,past_input,20,yaw,-0.08105472087714281,global,604,0.01
within_record,past_input,20,acceleration,-0.19071164791644177,global,604,0.01
within_record,past_input,20,steering,-0.4058720310648283,global,604,0.01
pooled,autocorrelation,1,yaw,0.6583261879451567,likelihood_MAP,604,0.01
pooled,autocorrelation,1,acceleration,0.7947506198028775,likelihood_MAP,604,0.01
pooled,autocorrelation,1,steering,0.3119124777390608,likelihood_MAP,604,0.01
pooled,past_input,1,yaw,0.40051312188108484,likelihood_MAP,604,0.01
pooled,past_input,1,acceleration,-0.05924477836125702,likelihood_MAP,604,0.01
pooled,past_input,1,steering,0.010810042397885572,likelihood_MAP,604,0.01
pooled,autocorrelation,2,yaw,0.6578319928126082,likelihood_MAP,604,0.01
pooled,autocorrelation,2,acceleration,0.788810207823335,likelihood_MAP,604,0.01
pooled,autocorrelation,2,steering,0.34030233058397563,likelihood_MAP,604,0.01
pooled,past_input,2,yaw,0.3989651351910298,likelihood_MAP,604,0.01
pooled,past_input,2,acceleration,-0.06607648920754733,likelihood_MAP,604,0.01
pooled,past_input,2,steering,-0.00697319929647925,likelihood_MAP,604,0.01
pooled,autocorrelation,3,yaw,0.6628649308007359,likelihood_MAP,604,0.01
pooled,autocorrelation,3,acceleration,0.7836014257482311,likelihood_MAP,604,0.01
pooled,autocorrelation,3,steering,0.3540851375877344,likelihood_MAP,604,0.01
pooled,past_input,3,yaw,0.39764897350405964,likelihood_MAP,604,0.01
pooled,past_input,3,acceleration,-0.07291525871519568,likelihood_MAP,604,0.01
pooled,past_input,3,steering,-0.02461350598584884,likelihood_MAP,604,0.01
pooled,autocorrelation,4,yaw,0.6724609668409799,likelihood_MAP,604,0.01
pooled,autocorrelation,4,acceleration,0.7735901336119496,likelihood_MAP,604,0.01
pooled,autocorrelation,4,steering,0.3621741137031124,likelihood_MAP,604,0.01
pooled,past_input,4,yaw,0.3959387785798452,likelihood_MAP,604,0.01
pooled,past_input,4,acceleration,-0.07799705136853866,likelihood_MAP,604,0.01
pooled,past_input,4,steering,-0.041063225945756114,likelihood_MAP,604,0.01
pooled,autocorrelation,5,yaw,0.6732736908972577,likelihood_MAP,604,0.01
pooled,autocorrelation,5,acceleration,0.7624778995604409,likelihood_MAP,604,0.01
pooled,autocorrelation,5,steering,0.34451584566376964,likelihood_MAP,604,0.01
pooled,past_input,5,yaw,0.3953774841050307,likelihood_MAP,604,0.01
pooled,past_input,5,acceleration,-0.08416918213089532,likelihood_MAP,604,0.01
pooled,past_input,5,steering,-0.06005571446127495,likelihood_MAP,604,0.01
pooled,autocorrelation,6,yaw,0.673299639709321,likelihood_MAP,604,0.01
pooled,autocorrelation,6,acceleration,0.745442993193492,likelihood_MAP,604,0.01
pooled,autocorrelation,6,steering,0.3553539336704686,likelihood_MAP,604,0.01
pooled,past_input,6,yaw,0.3950713986080001,likelihood_MAP,604,0.01
pooled,past_input,6,acceleration,-0.08877876474915386,likelihood_MAP,604,0.01
pooled,past_input,6,steering,-0.0797258857766395,likelihood_MAP,604,0.01
pooled,autocorrelation,7,yaw,0.6698885223809341,likelihood_MAP,604,0.01
pooled,autocorrelation,7,acceleration,0.7226724204091888,likelihood_MAP,604,0.01
pooled,autocorrelation,7,steering,0.33916209028295635,likelihood_MAP,604,0.01
pooled,past_input,7,yaw,0.3930645757942012,likelihood_MAP,604,0.01
pooled,past_input,7,acceleration,-0.09223390441778982,likelihood_MAP,604,0.01
pooled,past_input,7,steering,-0.09841612422662153,likelihood_MAP,604,0.01
pooled,autocorrelation,8,yaw,0.6618409465453214,likelihood_MAP,604,0.01
pooled,autocorrelation,8,acceleration,0.702185774482721,likelihood_MAP,604,0.01
pooled,autocorrelation,8,steering,0.356143232794802,likelihood_MAP,604,0.01
pooled,past_input,8,yaw,0.3930167943224303,likelihood_MAP,604,0.01
pooled,past_input,8,acceleration,-0.09381526334776295,likelihood_MAP,604,0.01
pooled,past_input,8,steering,-0.11699959870545869,likelihood_MAP,604,0.01
pooled,autocorrelation,9,yaw,0.6459454409420526,likelihood_MAP,604,0.01
pooled,autocorrelation,9,acceleration,0.6862225556300201,likelihood_MAP,604,0.01
pooled,autocorrelation,9,steering,0.3314409700591331,likelihood_MAP,604,0.01
pooled,past_input,9,yaw,0.393015794761294,likelihood_MAP,604,0.01
pooled,past_input,9,acceleration,-0.09445803267514956,likelihood_MAP,604,0.01
pooled,past_input,9,steering,-0.13747574403547586,likelihood_MAP,604,0.01
pooled,autocorrelation,10,yaw,0.6650312278160951,likelihood_MAP,604,0.01
pooled,autocorrelation,10,acceleration,0.6560770844319872,likelihood_MAP,604,0.01
pooled,autocorrelation,10,steering,0.32236162625131315,likelihood_MAP,604,0.01
pooled,past_input,10,yaw,0.3918349934431612,likelihood_MAP,604,0.01
pooled,past_input,10,acceleration,-0.0947368993834494,likelihood_MAP,604,0.01
pooled,past_input,10,steering,-0.15445047831249575,likelihood_MAP,604,0.01
pooled,autocorrelation,11,yaw,0.6430691807641937,likelihood_MAP,604,0.01
pooled,autocorrelation,11,acceleration,0.6298495112189313,likelihood_MAP,604,0.01
pooled,autocorrelation,11,steering,0.2779549851776492,likelihood_MAP,604,0.01
pooled,past_input,11,yaw,0.39124676942541176,likelihood_MAP,604,0.01
pooled,past_input,11,acceleration,-0.09353010748149139,likelihood_MAP,604,0.01
pooled,past_input,11,steering,-0.17591545326283695,likelihood_MAP,604,0.01
pooled,autocorrelation,12,yaw,0.6476125649169895,likelihood_MAP,604,0.01
pooled,autocorrelation,12,acceleration,0.604560487130634,likelihood_MAP,604,0.01
pooled,autocorrelation,12,steering,0.28907855537216526,likelihood_MAP,604,0.01
pooled,past_input,12,yaw,0.3917032800781,likelihood_MAP,604,0.01
pooled,past_input,12,acceleration,-0.09365644633876292,likelihood_MAP,604,0.01
pooled,past_input,12,steering,-0.19459872453239055,likelihood_MAP,604,0.01
pooled,autocorrelation,13,yaw,0.6363449709654501,likelihood_MAP,604,0.01
pooled,autocorrelation,13,acceleration,0.5689679858024179,likelihood_MAP,604,0.01
pooled,autocorrelation,13,steering,0.24297413042659352,likelihood_MAP,604,0.01
pooled,past_input,13,yaw,0.38997396473562845,likelihood_MAP,604,0.01
pooled,past_input,13,acceleration,-0.0919247346228022,likelihood_MAP,604,0.01
pooled,past_input,13,steering,-0.21212147077912552,likelihood_MAP,604,0.01
pooled,autocorrelation,14,yaw,0.6152763526572728,likelihood_MAP,604,0.01
pooled,autocorrelation,14,acceleration,0.5341900420399945,likelihood_MAP,604,0.01
pooled,autocorrelation,14,steering,0.264000497173332,likelihood_MAP,604,0.01
pooled,past_input,14,yaw,0.3906545822560951,likelihood_MAP,604,0.01
pooled,past_input,14,acceleration,-0.08903747543019647,likelihood_MAP,604,0.01
pooled,past_input,14,steering,-0.23052697314187,likelihood_MAP,604,0.01
pooled,autocorrelation,15,yaw,0.6161807200146557,likelihood_MAP,604,0.01
pooled,autocorrelation,15,acceleration,0.502186959846593,likelihood_MAP,604,0.01
pooled,autocorrelation,15,steering,0.2563791087728636,likelihood_MAP,604,0.01
pooled,past_input,15,yaw,0.3907644711754469,likelihood_MAP,604,0.01
pooled,past_input,15,acceleration,-0.08566830581917605,likelihood_MAP,604,0.01
pooled,past_input,15,steering,-0.2491368678864051,likelihood_MAP,604,0.01
pooled,autocorrelation,16,yaw,0.605665211994056,likelihood_MAP,604,0.01
pooled,autocorrelation,16,acceleration,0.45757123972088776,likelihood_MAP,604,0.01
pooled,autocorrelation,16,steering,0.22793801232585223,likelihood_MAP,604,0.01
pooled,past_input,16,yaw,0.39379965511340853,likelihood_MAP,604,0.01
pooled,past_input,16,acceleration,-0.08069289187993176,likelihood_MAP,604,0.01
pooled,past_input,16,steering,-0.26863000681649435,likelihood_MAP,604,0.01
pooled,autocorrelation,17,yaw,0.5863923181224528,likelihood_MAP,604,0.01
pooled,autocorrelation,17,acceleration,0.4157033889831718,likelihood_MAP,604,0.01
pooled,autocorrelation,17,steering,0.18131684484463997,likelihood_MAP,604,0.01
pooled,past_input,17,yaw,0.3950680038661026,likelihood_MAP,604,0.01
pooled,past_input,17,acceleration,-0.07744647964261811,likelihood_MAP,604,0.01
pooled,past_input,17,steering,-0.2866464114085831,likelihood_MAP,604,0.01
pooled,autocorrelation,18,yaw,0.5684757139557969,likelihood_MAP,604,0.01
pooled,autocorrelation,18,acceleration,0.3747017169826374,likelihood_MAP,604,0.01
pooled,autocorrelation,18,steering,0.16981892346324803,likelihood_MAP,604,0.01
pooled,past_input,18,yaw,0.39490904527459525,likelihood_MAP,604,0.01
pooled,past_input,18,acceleration,-0.07334552968506562,likelihood_MAP,604,0.01
pooled,past_input,18,steering,-0.29894251364459273,likelihood_MAP,604,0.01
pooled,autocorrelation,19,yaw,0.5753134883091529,likelihood_MAP,604,0.01
pooled,autocorrelation,19,acceleration,0.3364045236227056,likelihood_MAP,604,0.01
pooled,autocorrelation,19,steering,0.155280157861361,likelihood_MAP,604,0.01
pooled,past_input,19,yaw,0.3953147950649742,likelihood_MAP,604,0.01
pooled,past_input,19,acceleration,-0.06622074786969938,likelihood_MAP,604,0.01
pooled,past_input,19,steering,-0.31654245624195354,likelihood_MAP,604,0.01
pooled,autocorrelation,20,yaw,0.5572286085935279,likelihood_MAP,604,0.01
pooled,autocorrelation,20,acceleration,0.29519858320755477,likelihood_MAP,604,0.01
pooled,autocorrelation,20,steering,0.11553290006035703,likelihood_MAP,604,0.01
pooled,past_input,20,yaw,0.39642647753479643,likelihood_MAP,604,0.01
pooled,past_input,20,acceleration,-0.05976049607640593,likelihood_MAP,604,0.01
pooled,past_input,20,steering,-0.3331691015582833,likelihood_MAP,604,0.01
within_record,autocorrelation,1,yaw,0.443220309728734,likelihood_MAP,604,0.01
within_record,autocorrelation,1,acceleration,0.7814037403768573,likelihood_MAP,604,0.01
within_record,autocorrelation,1,steering,0.27442451573510795,likelihood_MAP,604,0.01
within_record,past_input,1,yaw,0.16798867833418044,likelihood_MAP,604,0.01
within_record,past_input,1,acceleration,-0.13747234810509723,likelihood_MAP,604,0.01
within_record,past_input,1,steering,0.12794673771363052,likelihood_MAP,604,0.01
within_record,autocorrelation,2,yaw,0.4400241902692286,likelihood_MAP,604,0.01
within_record,autocorrelation,2,acceleration,0.7751019335861754,likelihood_MAP,604,0.01
within_record,autocorrelation,2,steering,0.3035092156491714,likelihood_MAP,604,0.01
within_record,past_input,2,yaw,0.15903448029916958,likelihood_MAP,604,0.01
within_record,past_input,2,acceleration,-0.14604737582923433,likelihood_MAP,604,0.01
within_record,past_input,2,steering,0.10794626833341955,likelihood_MAP,604,0.01
within_record,autocorrelation,3,yaw,0.44561414163368473,likelihood_MAP,604,0.01
within_record,autocorrelation,3,acceleration,0.7694050843454712,likelihood_MAP,604,0.01
within_record,autocorrelation,3,steering,0.31713331214436524,likelihood_MAP,604,0.01
within_record,past_input,3,yaw,0.14950648220002738,likelihood_MAP,604,0.01
within_record,past_input,3,acceleration,-0.1544566221748118,likelihood_MAP,604,0.01
within_record,past_input,3,steering,0.08668535030180197,likelihood_MAP,604,0.01
within_record,autocorrelation,4,yaw,0.45915561292104834,likelihood_MAP,604,0.01
within_record,autocorrelation,4,acceleration,0.7586916557355479,likelihood_MAP,604,0.01
within_record,autocorrelation,4,steering,0.3247344454612612,likelihood_MAP,604,0.01
within_record,past_input,4,yaw,0.14073224097354367,likelihood_MAP,604,0.01
within_record,past_input,4,acceleration,-0.16127001303795785,likelihood_MAP,604,0.01
within_record,past_input,4,steering,0.06642497001387994,likelihood_MAP,604,0.01
within_record,autocorrelation,5,yaw,0.4589605724464033,likelihood_MAP,604,0.01
within_record,autocorrelation,5,acceleration,0.7468518142395667,likelihood_MAP,604,0.01
within_record,autocorrelation,5,steering,0.3054878657320437,likelihood_MAP,604,0.01
within_record,past_input,5,yaw,0.1331058147456467,likelihood_MAP,604,0.01
within_record,past_input,5,acceleration,-0.16721386850682393,likelihood_MAP,604,0.01
within_record,past_input,5,steering,0.04302095597827639,likelihood_MAP,604,0.01
within_record,autocorrelation,6,yaw,0.4568674986205937,likelihood_MAP,604,0.01
within_record,autocorrelation,6,acceleration,0.7287985020413865,likelihood_MAP,604,0.01
within_record,autocorrelation,6,steering,0.3164204132929467,likelihood_MAP,604,0.01
within_record,past_input,6,yaw,0.12679022887359356,likelihood_MAP,604,0.01
within_record,past_input,6,acceleration,-0.17270462944850273,likelihood_MAP,604,0.01
within_record,past_input,6,steering,0.022192847025331332,likelihood_MAP,604,0.01
within_record,autocorrelation,7,yaw,0.449565049381953,likelihood_MAP,604,0.01
within_record,autocorrelation,7,acceleration,0.7042939266745819,likelihood_MAP,604,0.01
within_record,autocorrelation,7,steering,0.2987219222627674,likelihood_MAP,604,0.01
within_record,past_input,7,yaw,0.11701626392892275,likelihood_MAP,604,0.01
within_record,past_input,7,acceleration,-0.17793470668529707,likelihood_MAP,604,0.01
within_record,past_input,7,steering,-0.0008449313044287978,likelihood_MAP,604,0.01
within_record,autocorrelation,8,yaw,0.4342150180934676,likelihood_MAP,604,0.01
within_record,autocorrelation,8,acceleration,0.682432121966109,likelihood_MAP,604,0.01
within_record,autocorrelation,8,steering,0.31636689635625204,likelihood_MAP,604,0.01
within_record,past_input,8,yaw,0.1110371325400344,likelihood_MAP,604,0.01
within_record,past_input,8,acceleration,-0.18091800187314394,likelihood_MAP,604,0.01
within_record,past_input,8,steering,-0.024994518952878887,likelihood_MAP,604,0.01
within_record,autocorrelation,9,yaw,0.40432037904922496,likelihood_MAP,604,0.01
within_record,autocorrelation,9,acceleration,0.665433790535613,likelihood_MAP,604,0.01
within_record,autocorrelation,9,steering,0.2895527685208437,likelihood_MAP,604,0.01
within_record,past_input,9,yaw,0.10407539162981325,likelihood_MAP,604,0.01
within_record,past_input,9,acceleration,-0.18072092155401562,likelihood_MAP,604,0.01
within_record,past_input,9,steering,-0.050491071430305554,likelihood_MAP,604,0.01
within_record,autocorrelation,10,yaw,0.433170701849899,likelihood_MAP,604,0.01
within_record,autocorrelation,10,acceleration,0.6333283385499664,likelihood_MAP,604,0.01
within_record,autocorrelation,10,steering,0.2799297599257799,likelihood_MAP,604,0.01
within_record,past_input,10,yaw,0.0929665507805915,likelihood_MAP,604,0.01
within_record,past_input,10,acceleration,-0.18010292422881932,likelihood_MAP,604,0.01
within_record,past_input,10,steering,-0.072380734830575,likelihood_MAP,604,0.01
within_record,autocorrelation,11,yaw,0.3955499340937152,likelihood_MAP,604,0.01
within_record,autocorrelation,11,acceleration,0.6053582696880271,likelihood_MAP,604,0.01
within_record,autocorrelation,11,steering,0.23108314311955097,likelihood_MAP,604,0.01
within_record,past_input,11,yaw,0.08669291368231825,likelihood_MAP,604,0.01
within_record,past_input,11,acceleration,-0.17871202688215873,likelihood_MAP,604,0.01
within_record,past_input,11,steering,-0.09475594539214005,likelihood_MAP,604,0.01
within_record,autocorrelation,12,yaw,0.40066944301641916,likelihood_MAP,604,0.01
within_record,autocorrelation,12,acceleration,0.5786249447048214,likelihood_MAP,604,0.01
within_record,autocorrelation,12,steering,0.2423164568908305,likelihood_MAP,604,0.01
within_record,past_input,12,yaw,0.07975936723411842,likelihood_MAP,604,0.01
within_record,past_input,12,acceleration,-0.17701023855747144,likelihood_MAP,604,0.01
within_record,past_input,12,steering,-0.12050021149211125,likelihood_MAP,604,0.01
within_record,autocorrelation,13,yaw,0.37927414498180423,likelihood_MAP,604,0.01
within_record,autocorrelation,13,acceleration,0.5408421380582347,likelihood_MAP,604,0.01
within_record,autocorrelation,13,steering,0.1933493149838436,likelihood_MAP,604,0.01
within_record,past_input,13,yaw,0.06927513897233287,likelihood_MAP,604,0.01
within_record,past_input,13,acceleration,-0.17483499063188715,likelihood_MAP,604,0.01
within_record,past_input,13,steering,-0.14375418807594403,likelihood_MAP,604,0.01
within_record,autocorrelation,14,yaw,0.3410193154737541,likelihood_MAP,604,0.01
within_record,autocorrelation,14,acceleration,0.5037610213026678,likelihood_MAP,604,0.01
within_record,autocorrelation,14,steering,0.21524449321559314,likelihood_MAP,604,0.01
within_record,past_input,14,yaw,0.06259785763610709,likelihood_MAP,604,0.01
within_record,past_input,14,acceleration,-0.17133324827951274,likelihood_MAP,604,0.01
within_record,past_input,14,steering,-0.1666803579368538,likelihood_MAP,604,0.01
within_record,autocorrelation,15,yaw,0.3404692801749941,likelihood_MAP,604,0.01
within_record,autocorrelation,15,acceleration,0.46968059884367863,likelihood_MAP,604,0.01
within_record,autocorrelation,15,steering,0.20711131924817577,likelihood_MAP,604,0.01
within_record,past_input,15,yaw,0.05616901041831175,likelihood_MAP,604,0.01
within_record,past_input,15,acceleration,-0.16550854920387534,likelihood_MAP,604,0.01
within_record,past_input,15,steering,-0.18843129583825874,likelihood_MAP,604,0.01
within_record,autocorrelation,16,yaw,0.3205825775070599,likelihood_MAP,604,0.01
within_record,autocorrelation,16,acceleration,0.42191933344523486,likelihood_MAP,604,0.01
within_record,autocorrelation,16,steering,0.17653182443791665,likelihood_MAP,604,0.01
within_record,past_input,16,yaw,0.05366031591394041,likelihood_MAP,604,0.01
within_record,past_input,16,acceleration,-0.15906483598479937,likelihood_MAP,604,0.01
within_record,past_input,16,steering,-0.2103378474974475,likelihood_MAP,604,0.01
within_record,autocorrelation,17,yaw,0.28724227365160715,likelihood_MAP,604,0.01
within_record,autocorrelation,17,acceleration,0.3769833276976346,likelihood_MAP,604,0.01
within_record,autocorrelation,17,steering,0.12556987154732632,likelihood_MAP,604,0.01
within_record,past_input,17,yaw,0.05005629542253728,likelihood_MAP,604,0.01
within_record,past_input,17,acceleration,-0.15593033989080743,likelihood_MAP,604,0.01
within_record,past_input,17,steering,-0.23165428371471344,likelihood_MAP,604,0.01
within_record,autocorrelation,18,yaw,0.2565871896047976,likelihood_MAP,604,0.01
within_record,autocorrelation,18,acceleration,0.33314906126392985,likelihood_MAP,604,0.01
within_record,autocorrelation,18,steering,0.11391295447766614,likelihood_MAP,604,0.01
within_record,past_input,18,yaw,0.04326754197008034,likelihood_MAP,604,0.01
within_record,past_input,18,acceleration,-0.1505754565013556,likelihood_MAP,604,0.01
within_record,past_input,18,steering,-0.24948806506308013,likelihood_MAP,604,0.01
within_record,autocorrelation,19,yaw,0.26893619130490104,likelihood_MAP,604,0.01
within_record,autocorrelation,19,acceleration,0.2921141696876363,likelihood_MAP,604,0.01
within_record,autocorrelation,19,steering,0.09723856337659272,likelihood_MAP,604,0.01
within_record,past_input,19,yaw,0.03794276747163677,likelihood_MAP,604,0.01
within_record,past_input,19,acceleration,-0.1432021700801319,likelihood_MAP,604,0.01
within_record,past_input,19,steering,-0.2693342743173464,likelihood_MAP,604,0.01
within_record,autocorrelation,20,yaw,0.23508838530713086,likelihood_MAP,604,0.01
within_record,autocorrelation,20,acceleration,0.24810482378793222,likelihood_MAP,604,0.01
within_record,autocorrelation,20,steering,0.05412059160714406,likelihood_MAP,604,0.01
within_record,past_input,20,yaw,0.030378378903228684,likelihood_MAP,604,0.01
within_record,past_input,20,acceleration,-0.13431813743188217,likelihood_MAP,604,0.01
within_record,past_input,20,steering,-0.28989841659552673,likelihood_MAP,604,0.01
pooled,autocorrelation,1,yaw,0.6583262030788545,validated_MAP,604,0.01
pooled,autocorrelation,1,acceleration,0.7947505696559395,validated_MAP,604,0.01
pooled,autocorrelation,1,steering,0.31191246695488417,validated_MAP,604,0.01
pooled,past_input,1,yaw,0.40051285488342137,validated_MAP,604,0.01
pooled,past_input,1,acceleration,-0.05924484161227888,validated_MAP,604,0.01
pooled,past_input,1,steering,0.010810058879516906,validated_MAP,604,0.01
pooled,autocorrelation,2,yaw,0.6578319992335175,validated_MAP,604,0.01
pooled,autocorrelation,2,acceleration,0.7888101579879618,validated_MAP,604,0.01
pooled,autocorrelation,2,steering,0.3403023201954529,validated_MAP,604,0.01
pooled,past_input,2,yaw,0.39896486879171067,validated_MAP,604,0.01
pooled,past_input,2,acceleration,-0.06607654988506308,validated_MAP,604,0.01
pooled,past_input,2,steering,-0.006973185097357653,validated_MAP,604,0.01
pooled,autocorrelation,3,yaw,0.6628649285784017,validated_MAP,604,0.01
pooled,autocorrelation,3,acceleration,0.7836013771595074,validated_MAP,604,0.01
pooled,autocorrelation,3,steering,0.3540851277406349,validated_MAP,604,0.01
pooled,past_input,3,yaw,0.3976487090502259,validated_MAP,604,0.01
pooled,past_input,3,acceleration,-0.07291531700443069,validated_MAP,604,0.01
pooled,past_input,3,steering,-0.02461349409781785,validated_MAP,604,0.01
pooled,autocorrelation,4,yaw,0.6724609564656576,validated_MAP,604,0.01
pooled,autocorrelation,4,acceleration,0.7735900857600639,validated_MAP,604,0.01
pooled,autocorrelation,4,steering,0.36217410490607305,validated_MAP,604,0.01
pooled,past_input,4,yaw,0.39593851649550066,validated_MAP,604,0.01
pooled,past_input,4,acceleration,-0.07799710722034968,validated_MAP,604,0.01
pooled,past_input,4,steering,-0.0410632164485901,validated_MAP,604,0.01
pooled,autocorrelation,5,yaw,0.673273675186943,validated_MAP,604,0.01
pooled,autocorrelation,5,acceleration,0.7624778535125861,validated_MAP,604,0.01
pooled,autocorrelation,5,steering,0.3445158370319548,validated_MAP,604,0.01
pooled,past_input,5,yaw,0.3953772255265672,validated_MAP,604,0.01
pooled,past_input,5,acceleration,-0.08416923565264976,validated_MAP,604,0.01
pooled,past_input,5,steering,-0.060055707297258044,validated_MAP,604,0.01
pooled,autocorrelation,6,yaw,0.6732996182065804,validated_MAP,604,0.01
pooled,autocorrelation,6,acceleration,0.7454429483597365,validated_MAP,604,0.01
pooled,autocorrelation,6,steering,0.35535392517801084,validated_MAP,604,0.01
pooled,past_input,6,yaw,0.39507114468569116,validated_MAP,604,0.01
pooled,past_input,6,acceleration,-0.08877881595510886,validated_MAP,604,0.01
pooled,past_input,6,steering,-0.0797258810252466,validated_MAP,604,0.01
pooled,autocorrelation,7,yaw,0.6698884976685237,validated_MAP,604,0.01
pooled,autocorrelation,7,acceleration,0.7226723760034484,validated_MAP,604,0.01
pooled,autocorrelation,7,steering,0.33916208206087073,validated_MAP,604,0.01
pooled,past_input,7,yaw,0.3930643271123234,validated_MAP,604,0.01
pooled,past_input,7,acceleration,-0.09223395326721713,validated_MAP,604,0.01
pooled,past_input,7,steering,-0.09841612193186904,validated_MAP,604,0.01
pooled,autocorrelation,8,yaw,0.6618409186743048,validated_MAP,604,0.01
pooled,autocorrelation,8,acceleration,0.7021857322686683,validated_MAP,604,0.01
pooled,autocorrelation,8,steering,0.35614322521334735,validated_MAP,604,0.01
pooled,past_input,8,yaw,0.3930165511676686,validated_MAP,604,0.01
pooled,past_input,8,acceleration,-0.09381530968154889,validated_MAP,604,0.01
pooled,past_input,8,steering,-0.116999598874684,validated_MAP,604,0.01
pooled,autocorrelation,9,yaw,0.6459454102154353,validated_MAP,604,0.01
pooled,autocorrelation,9,acceleration,0.686222517536692,validated_MAP,604,0.01
pooled,autocorrelation,9,steering,0.33144096191788686,validated_MAP,604,0.01
pooled,past_input,9,yaw,0.3930155580744564,validated_MAP,604,0.01
pooled,past_input,9,acceleration,-0.09445807647396837,validated_MAP,604,0.01
pooled,past_input,9,steering,-0.13747574687058767,validated_MAP,604,0.01
pooled,autocorrelation,10,yaw,0.6650311929784399,validated_MAP,604,0.01
pooled,autocorrelation,10,acceleration,0.6560770474307143,validated_MAP,604,0.01
pooled,autocorrelation,10,steering,0.32236161888317133,validated_MAP,604,0.01
pooled,past_input,10,yaw,0.39183476320636723,validated_MAP,604,0.01
pooled,past_input,10,acceleration,-0.09473694079539947,validated_MAP,604,0.01
pooled,past_input,10,steering,-0.1544504838266465,validated_MAP,604,0.01
pooled,autocorrelation,11,yaw,0.6430691429828389,validated_MAP,604,0.01
pooled,autocorrelation,11,acceleration,0.6298494769005117,validated_MAP,604,0.01
pooled,autocorrelation,11,steering,0.2779549777360011,validated_MAP,604,0.01
pooled,past_input,11,yaw,0.3912465467229195,validated_MAP,604,0.01
pooled,past_input,11,acceleration,-0.09353014649672903,validated_MAP,604,0.01
pooled,past_input,11,steering,-0.17591546161401314,validated_MAP,604,0.01
pooled,autocorrelation,12,yaw,0.6476125207083041,validated_MAP,604,0.01
pooled,autocorrelation,12,acceleration,0.6045604569971865,validated_MAP,604,0.01
pooled,autocorrelation,12,steering,0.28907854863645577,validated_MAP,604,0.01
pooled,past_input,12,yaw,0.39170306568777896,validated_MAP,604,0.01
pooled,past_input,12,acceleration,-0.09365648325184871,validated_MAP,604,0.01
pooled,past_input,12,steering,-0.1945987354940637,validated_MAP,604,0.01
pooled,autocorrelation,13,yaw,0.6363449218950076,validated_MAP,604,0.01
pooled,autocorrelation,13,acceleration,0.5689679573441955,validated_MAP,604,0.01
pooled,autocorrelation,13,steering,0.24297412374363467,validated_MAP,604,0.01
pooled,past_input,13,yaw,0.38997375855775623,validated_MAP,604,0.01
pooled,past_input,13,acceleration,-0.09192476939401173,validated_MAP,604,0.01
pooled,past_input,13,steering,-0.21212148426933103,validated_MAP,604,0.01
pooled,autocorrelation,14,yaw,0.6152762963535061,validated_MAP,604,0.01
pooled,autocorrelation,14,acceleration,0.5341900166569641,validated_MAP,604,0.01
pooled,autocorrelation,14,steering,0.26400049128511544,validated_MAP,604,0.01
pooled,past_input,14,yaw,0.39065438445850775,validated_MAP,604,0.01
pooled,past_input,14,acceleration,-0.08903750809296591,validated_MAP,604,0.01
pooled,past_input,14,steering,-0.2305269892699308,validated_MAP,604,0.01
pooled,autocorrelation,15,yaw,0.616180655001693,validated_MAP,604,0.01
pooled,autocorrelation,15,acceleration,0.502186938788739,validated_MAP,604,0.01
pooled,autocorrelation,15,steering,0.25637910334740754,validated_MAP,604,0.01
pooled,past_input,15,yaw,0.3907642827068758,validated_MAP,604,0.01
pooled,past_input,15,acceleration,-0.08566833644649109,validated_MAP,604,0.01
pooled,past_input,15,steering,-0.24913688653175253,validated_MAP,604,0.01
pooled,autocorrelation,16,yaw,0.6056651370472985,validated_MAP,604,0.01
pooled,autocorrelation,16,acceleration,0.4575712198736194,validated_MAP,604,0.01
pooled,autocorrelation,16,steering,0.22793800743769485,validated_MAP,604,0.01
pooled,past_input,16,yaw,0.39379947710272745,validated_MAP,604,0.01
pooled,past_input,16,acceleration,-0.08069292045626582,validated_MAP,604,0.01
pooled,past_input,16,steering,-0.26863002815292863,validated_MAP,604,0.01
pooled,autocorrelation,17,yaw,0.5863922353113538,validated_MAP,604,0.01
pooled,autocorrelation,17,acceleration,0.41570337196589197,validated_MAP,604,0.01
pooled,autocorrelation,17,steering,0.18131684031820278,validated_MAP,604,0.01
pooled,past_input,17,yaw,0.3950678368395499,validated_MAP,604,0.01
pooled,past_input,17,acceleration,-0.07744650651760043,validated_MAP,604,0.01
pooled,past_input,17,steering,-0.28664643545311697,validated_MAP,604,0.01
pooled,autocorrelation,18,yaw,0.5684756228874447,validated_MAP,604,0.01
pooled,autocorrelation,18,acceleration,0.37470170239529765,validated_MAP,604,0.01
pooled,autocorrelation,18,steering,0.16981892013205752,validated_MAP,604,0.01
pooled,past_input,18,yaw,0.3949088896819196,validated_MAP,604,0.01
pooled,past_input,18,acceleration,-0.07334555481572526,validated_MAP,604,0.01
pooled,past_input,18,steering,-0.2989425402433981,validated_MAP,604,0.01
pooled,autocorrelation,19,yaw,0.5753133867827777,validated_MAP,604,0.01
pooled,autocorrelation,19,acceleration,0.3364045132065016,validated_MAP,604,0.01
pooled,autocorrelation,19,steering,0.15528015499047773,validated_MAP,604,0.01
pooled,past_input,19,yaw,0.39531465056524606,validated_MAP,604,0.01
pooled,past_input,19,acceleration,-0.06622077117743394,validated_MAP,604,0.01
pooled,past_input,19,steering,-0.3165424855644642,validated_MAP,604,0.01
pooled,autocorrelation,20,yaw,0.5572284991352595,validated_MAP,604,0.01
pooled,autocorrelation,20,acceleration,0.2951985758830939,validated_MAP,604,0.01
pooled,autocorrelation,20,steering,0.11553289888756353,validated_MAP,604,0.01
pooled,past_input,20,yaw,0.3964263445434042,validated_MAP,604,0.01
pooled,past_input,20,acceleration,-0.05976051758205508,validated_MAP,604,0.01
pooled,past_input,20,steering,-0.33316913373815543,validated_MAP,604,0.01
within_record,autocorrelation,1,yaw,0.44322043309051756,validated_MAP,604,0.01
within_record,autocorrelation,1,acceleration,0.7814036870624747,validated_MAP,604,0.01
within_record,autocorrelation,1,steering,0.274424504413355,validated_MAP,604,0.01
within_record,past_input,1,yaw,0.16798831706779563,validated_MAP,604,0.01
within_record,past_input,1,acceleration,-0.13747236452180284,validated_MAP,604,0.01
within_record,past_input,1,steering,0.12794676880821212,validated_MAP,604,0.01
within_record,autocorrelation,2,yaw,0.44002430132333514,validated_MAP,604,0.01
within_record,autocorrelation,2,acceleration,0.7751018806362835,validated_MAP,604,0.01
within_record,autocorrelation,2,steering,0.30350920484400373,validated_MAP,604,0.01
within_record,past_input,2,yaw,0.15903411650199653,validated_MAP,604,0.01
within_record,past_input,2,acceleration,-0.14604738946916226,validated_MAP,604,0.01
within_record,past_input,2,steering,0.10794629801208684,validated_MAP,604,0.01
within_record,autocorrelation,3,yaw,0.44561423846249676,validated_MAP,604,0.01
within_record,autocorrelation,3,acceleration,0.769405032601164,validated_MAP,604,0.01
within_record,autocorrelation,3,steering,0.3171333017520334,validated_MAP,604,0.01
within_record,past_input,3,yaw,0.14950611800025662,validated_MAP,604,0.01
within_record,past_input,3,acceleration,-0.15445663335735157,validated_MAP,604,0.01
within_record,past_input,3,steering,0.08668537840803173,validated_MAP,604,0.01
within_record,autocorrelation,4,yaw,0.45915569406560913,validated_MAP,604,0.01
within_record,autocorrelation,4,acceleration,0.7586916046470871,validated_MAP,604,0.01
within_record,autocorrelation,4,steering,0.3247344364211312,validated_MAP,604,0.01
within_record,past_input,4,yaw,0.14073187752905078,validated_MAP,604,0.01
within_record,past_input,4,acceleration,-0.16127002183549158,validated_MAP,604,0.01
within_record,past_input,4,steering,0.06642499650662294,validated_MAP,604,0.01
within_record,autocorrelation,5,yaw,0.4589606447119133,validated_MAP,604,0.01
within_record,autocorrelation,5,acceleration,0.746851765091929,validated_MAP,604,0.01
within_record,autocorrelation,5,steering,0.30548785715031695,validated_MAP,604,0.01
within_record,past_input,5,yaw,0.1331054540500229,validated_MAP,604,0.01
within_record,past_input,5,acceleration,-0.1672138748810106,validated_MAP,604,0.01
within_record,past_input,5,steering,0.043020980818868446,validated_MAP,604,0.01
within_record,autocorrelation,6,yaw,0.4568675615190539,validated_MAP,604,0.01
within_record,autocorrelation,6,acceleration,0.7287984541847248,validated_MAP,604,0.01
within_record,autocorrelation,6,steering,0.3164204048782872,validated_MAP,604,0.01
within_record,past_input,6,yaw,0.12678987246149612,validated_MAP,604,0.01
within_record,past_input,6,acceleration,-0.17270463352692808,validated_MAP,604,0.01
within_record,past_input,6,steering,0.02219287020469869,validated_MAP,604,0.01
within_record,autocorrelation,7,yaw,0.44956510854888576,validated_MAP,604,0.01
within_record,autocorrelation,7,acceleration,0.7042938791558498,validated_MAP,604,0.01
within_record,autocorrelation,7,steering,0.2987219141343063,validated_MAP,604,0.01
within_record,past_input,7,yaw,0.11701591327342056,validated_MAP,604,0.01
within_record,past_input,7,acceleration,-0.17793470871318307,validated_MAP,604,0.01
within_record,past_input,7,steering,-0.0008449099194561045,validated_MAP,604,0.01
within_record,autocorrelation,8,yaw,0.4342150758845803,validated_MAP,604,0.01
within_record,autocorrelation,8,acceleration,0.6824320768551985,validated_MAP,604,0.01
within_record,autocorrelation,8,steering,0.31636688897571974,validated_MAP,604,0.01
within_record,past_input,8,yaw,0.11103678876539609,validated_MAP,604,0.01
within_record,past_input,8,acceleration,-0.18091800164726743,validated_MAP,604,0.01
within_record,past_input,8,steering,-0.02499449932663958,validated_MAP,604,0.01
within_record,autocorrelation,9,yaw,0.40432043827933994,validated_MAP,604,0.01
within_record,autocorrelation,9,acceleration,0.6654337497658621,validated_MAP,604,0.01
within_record,autocorrelation,9,steering,0.28955276074241054,validated_MAP,604,0.01
within_record,past_input,9,yaw,0.10407505562797291,validated_MAP,604,0.01
within_record,past_input,9,acceleration,-0.18072091897368753,validated_MAP,604,0.01
within_record,past_input,9,steering,-0.05049105374780169,validated_MAP,604,0.01
within_record,autocorrelation,10,yaw,0.4331707510497707,validated_MAP,604,0.01
within_record,autocorrelation,10,acceleration,0.6333282987997907,validated_MAP,604,0.01
within_record,autocorrelation,10,steering,0.2799297531456045,validated_MAP,604,0.01
within_record,past_input,10,yaw,0.09296622318753224,validated_MAP,604,0.01
within_record,past_input,10,acceleration,-0.18010291938999023,validated_MAP,604,0.01
within_record,past_input,10,steering,-0.07238071916833544,validated_MAP,604,0.01
within_record,autocorrelation,11,yaw,0.39554998617949183,validated_MAP,604,0.01
within_record,autocorrelation,11,acceleration,0.605358232730529,validated_MAP,604,0.01
within_record,autocorrelation,11,steering,0.23108313654623924,validated_MAP,604,0.01
within_record,past_input,11,yaw,0.08669259606898898,validated_MAP,604,0.01
within_record,past_input,11,acceleration,-0.17871201995129612,validated_MAP,604,0.01
within_record,past_input,11,steering,-0.09475593171890231,validated_MAP,604,0.01
within_record,autocorrelation,12,yaw,0.4006694835880893,validated_MAP,604,0.01
within_record,autocorrelation,12,acceleration,0.5786249123326037,validated_MAP,604,0.01
within_record,autocorrelation,12,steering,0.24231645103198293,validated_MAP,604,0.01
within_record,past_input,12,yaw,0.07975906010155207,validated_MAP,604,0.01
within_record,past_input,12,acceleration,-0.17701022965395155,validated_MAP,604,0.01
within_record,past_input,12,steering,-0.12050019978520315,validated_MAP,604,0.01
within_record,autocorrelation,13,yaw,0.3792741820014807,validated_MAP,604,0.01
within_record,autocorrelation,13,acceleration,0.5408421075440456,validated_MAP,604,0.01
within_record,autocorrelation,13,steering,0.19334930962381416,validated_MAP,604,0.01
within_record,past_input,13,yaw,0.06927484366012279,validated_MAP,604,0.01
within_record,past_input,13,acceleration,-0.17483497996011593,validated_MAP,604,0.01
within_record,past_input,13,steering,-0.14375417814405983,validated_MAP,604,0.01
within_record,autocorrelation,14,yaw,0.34101934833232195,validated_MAP,604,0.01
within_record,autocorrelation,14,acceleration,0.5037609940855573,validated_MAP,604,0.01
within_record,autocorrelation,14,steering,0.21524448863564302,validated_MAP,604,0.01
within_record,past_input,14,yaw,0.06259757389675344,validated_MAP,604,0.01
within_record,past_input,14,acceleration,-0.1713332358448344,validated_MAP,604,0.01
within_record,past_input,14,steering,-0.16668034984412058,validated_MAP,604,0.01
within_record,autocorrelation,15,yaw,0.3404693001257883,validated_MAP,604,0.01
within_record,autocorrelation,15,acceleration,0.4696805760927581,validated_MAP,604,0.01
within_record,autocorrelation,15,steering,0.20711131525669976,validated_MAP,604,0.01
within_record,past_input,15,yaw,0.056168740160912674,validated_MAP,604,0.01
within_record,past_input,15,acceleration,-0.16550853503258567,validated_MAP,604,0.01
within_record,past_input,15,steering,-0.18843128961145886,validated_MAP,604,0.01
within_record,autocorrelation,16,yaw,0.3205825842854615,validated_MAP,604,0.01
within_record,autocorrelation,16,acceleration,0.4219193117323045,validated_MAP,604,0.01
within_record,autocorrelation,16,steering,0.17653182081293026,validated_MAP,604,0.01
within_record,past_input,16,yaw,0.053660059868145704,validated_MAP,604,0.01
within_record,past_input,16,acceleration,-0.15906482022498475,validated_MAP,604,0.01
within_record,past_input,16,steering,-0.21033784321441934,validated_MAP,604,0.01
within_record,autocorrelation,17,yaw,0.2872422737482115,validated_MAP,604,0.01
within_record,autocorrelation,17,acceleration,0.37698330914550443,validated_MAP,604,0.01
within_record,autocorrelation,17,steering,0.12556986818370888,validated_MAP,604,0.01
within_record,past_input,17,yaw,0.05005605524585633,validated_MAP,604,0.01
within_record,past_input,17,acceleration,-0.15593032318121355,validated_MAP,604,0.01
within_record,past_input,17,steering,-0.23165428141291436,validated_MAP,604,0.01
within_record,autocorrelation,18,yaw,0.25658718219366605,validated_MAP,604,0.01
within_record,autocorrelation,18,acceleration,0.3331490454133299,validated_MAP,604,0.01
within_record,autocorrelation,18,steering,0.11391295235472024,validated_MAP,604,0.01
within_record,past_input,18,yaw,0.04326731936377332,validated_MAP,604,0.01
within_record,past_input,18,acceleration,-0.15057543869738071,validated_MAP,604,0.01
within_record,past_input,18,steering,-0.24948806454627295,validated_MAP,604,0.01
within_record,autocorrelation,19,yaw,0.26893616413784915,validated_MAP,604,0.01
within_record,autocorrelation,19,acceleration,0.292114158141557,validated_MAP,604,0.01
within_record,autocorrelation,19,steering,0.09723856157401717,validated_MAP,604,0.01
within_record,past_input,19,yaw,0.03794256258543133,validated_MAP,604,0.01
within_record,past_input,19,acceleration,-0.1432021511345055,validated_MAP,604,0.01
within_record,past_input,19,steering,-0.269334275815079,validated_MAP,604,0.01
within_record,autocorrelation,20,yaw,0.2350883521047638,validated_MAP,604,0.01
within_record,autocorrelation,20,acceleration,0.24810481550430516,validated_MAP,604,0.01
within_record,autocorrelation,20,steering,0.054120591900554946,validated_MAP,604,0.01
within_record,past_input,20,yaw,0.030378192350799364,validated_MAP,604,0.01
within_record,past_input,20,acceleration,-0.13431811727760526,validated_MAP,604,0.01
within_record,past_input,20,steering,-0.28989841998542804,validated_MAP,604,0.01
pooled,autocorrelation,1,yaw,0.6583262030788545,validated_group,604,0.01
pooled,autocorrelation,1,acceleration,0.7947505696559395,validated_group,604,0.01
pooled,autocorrelation,1,steering,0.31191246695488417,validated_group,604,0.01
pooled,past_input,1,yaw,0.40051285488342137,validated_group,604,0.01
pooled,past_input,1,acceleration,-0.05924484161227888,validated_group,604,0.01
pooled,past_input,1,steering,0.010810058879516906,validated_group,604,0.01
pooled,autocorrelation,2,yaw,0.6578319992335175,validated_group,604,0.01
pooled,autocorrelation,2,acceleration,0.7888101579879618,validated_group,604,0.01
pooled,autocorrelation,2,steering,0.3403023201954529,validated_group,604,0.01
pooled,past_input,2,yaw,0.39896486879171067,validated_group,604,0.01
pooled,past_input,2,acceleration,-0.06607654988506308,validated_group,604,0.01
pooled,past_input,2,steering,-0.006973185097357653,validated_group,604,0.01
pooled,autocorrelation,3,yaw,0.6628649285784017,validated_group,604,0.01
pooled,autocorrelation,3,acceleration,0.7836013771595074,validated_group,604,0.01
pooled,autocorrelation,3,steering,0.3540851277406349,validated_group,604,0.01
pooled,past_input,3,yaw,0.3976487090502259,validated_group,604,0.01
pooled,past_input,3,acceleration,-0.07291531700443069,validated_group,604,0.01
pooled,past_input,3,steering,-0.02461349409781785,validated_group,604,0.01
pooled,autocorrelation,4,yaw,0.6724609564656576,validated_group,604,0.01
pooled,autocorrelation,4,acceleration,0.7735900857600639,validated_group,604,0.01
pooled,autocorrelation,4,steering,0.36217410490607305,validated_group,604,0.01
pooled,past_input,4,yaw,0.39593851649550066,validated_group,604,0.01
pooled,past_input,4,acceleration,-0.07799710722034968,validated_group,604,0.01
pooled,past_input,4,steering,-0.0410632164485901,validated_group,604,0.01
pooled,autocorrelation,5,yaw,0.673273675186943,validated_group,604,0.01
pooled,autocorrelation,5,acceleration,0.7624778535125861,validated_group,604,0.01
pooled,autocorrelation,5,steering,0.3445158370319548,validated_group,604,0.01
pooled,past_input,5,yaw,0.3953772255265672,validated_group,604,0.01
pooled,past_input,5,acceleration,-0.08416923565264976,validated_group,604,0.01
pooled,past_input,5,steering,-0.060055707297258044,validated_group,604,0.01
pooled,autocorrelation,6,yaw,0.6732996182065804,validated_group,604,0.01
pooled,autocorrelation,6,acceleration,0.7454429483597365,validated_group,604,0.01
pooled,autocorrelation,6,steering,0.35535392517801084,validated_group,604,0.01
pooled,past_input,6,yaw,0.39507114468569116,validated_group,604,0.01
pooled,past_input,6,acceleration,-0.08877881595510886,validated_group,604,0.01
pooled,past_input,6,steering,-0.0797258810252466,validated_group,604,0.01
pooled,autocorrelation,7,yaw,0.6698884976685237,validated_group,604,0.01
pooled,autocorrelation,7,acceleration,0.7226723760034484,validated_group,604,0.01
pooled,autocorrelation,7,steering,0.33916208206087073,validated_group,604,0.01
pooled,past_input,7,yaw,0.3930643271123234,validated_group,604,0.01
pooled,past_input,7,acceleration,-0.09223395326721713,validated_group,604,0.01
pooled,past_input,7,steering,-0.09841612193186904,validated_group,604,0.01
pooled,autocorrelation,8,yaw,0.6618409186743048,validated_group,604,0.01
pooled,autocorrelation,8,acceleration,0.7021857322686683,validated_group,604,0.01
pooled,autocorrelation,8,steering,0.35614322521334735,validated_group,604,0.01
pooled,past_input,8,yaw,0.3930165511676686,validated_group,604,0.01
pooled,past_input,8,acceleration,-0.09381530968154889,validated_group,604,0.01
pooled,past_input,8,steering,-0.116999598874684,validated_group,604,0.01
pooled,autocorrelation,9,yaw,0.6459454102154353,validated_group,604,0.01
pooled,autocorrelation,9,acceleration,0.686222517536692,validated_group,604,0.01
pooled,autocorrelation,9,steering,0.33144096191788686,validated_group,604,0.01
pooled,past_input,9,yaw,0.3930155580744564,validated_group,604,0.01
pooled,past_input,9,acceleration,-0.09445807647396837,validated_group,604,0.01
pooled,past_input,9,steering,-0.13747574687058767,validated_group,604,0.01
pooled,autocorrelation,10,yaw,0.6650311929784399,validated_group,604,0.01
pooled,autocorrelation,10,acceleration,0.6560770474307143,validated_group,604,0.01
pooled,autocorrelation,10,steering,0.32236161888317133,validated_group,604,0.01
pooled,past_input,10,yaw,0.39183476320636723,validated_group,604,0.01
pooled,past_input,10,acceleration,-0.09473694079539947,validated_group,604,0.01
pooled,past_input,10,steering,-0.1544504838266465,validated_group,604,0.01
pooled,autocorrelation,11,yaw,0.6430691429828389,validated_group,604,0.01
pooled,autocorrelation,11,acceleration,0.6298494769005117,validated_group,604,0.01
pooled,autocorrelation,11,steering,0.2779549777360011,validated_group,604,0.01
pooled,past_input,11,yaw,0.3912465467229195,validated_group,604,0.01
pooled,past_input,11,acceleration,-0.09353014649672903,validated_group,604,0.01
pooled,past_input,11,steering,-0.17591546161401314,validated_group,604,0.01
pooled,autocorrelation,12,yaw,0.6476125207083041,validated_group,604,0.01
pooled,autocorrelation,12,acceleration,0.6045604569971865,validated_group,604,0.01
pooled,autocorrelation,12,steering,0.28907854863645577,validated_group,604,0.01
pooled,past_input,12,yaw,0.39170306568777896,validated_group,604,0.01
pooled,past_input,12,acceleration,-0.09365648325184871,validated_group,604,0.01
pooled,past_input,12,steering,-0.1945987354940637,validated_group,604,0.01
pooled,autocorrelation,13,yaw,0.6363449218950076,validated_group,604,0.01
pooled,autocorrelation,13,acceleration,0.5689679573441955,validated_group,604,0.01
pooled,autocorrelation,13,steering,0.24297412374363467,validated_group,604,0.01
pooled,past_input,13,yaw,0.38997375855775623,validated_group,604,0.01
pooled,past_input,13,acceleration,-0.09192476939401173,validated_group,604,0.01
pooled,past_input,13,steering,-0.21212148426933103,validated_group,604,0.01
pooled,autocorrelation,14,yaw,0.6152762963535061,validated_group,604,0.01
pooled,autocorrelation,14,acceleration,0.5341900166569641,validated_group,604,0.01
pooled,autocorrelation,14,steering,0.26400049128511544,validated_group,604,0.01
pooled,past_input,14,yaw,0.39065438445850775,validated_group,604,0.01
pooled,past_input,14,acceleration,-0.08903750809296591,validated_group,604,0.01
pooled,past_input,14,steering,-0.2305269892699308,validated_group,604,0.01
pooled,autocorrelation,15,yaw,0.616180655001693,validated_group,604,0.01
pooled,autocorrelation,15,acceleration,0.502186938788739,validated_group,604,0.01
pooled,autocorrelation,15,steering,0.25637910334740754,validated_group,604,0.01
pooled,past_input,15,yaw,0.3907642827068758,validated_group,604,0.01
pooled,past_input,15,acceleration,-0.08566833644649109,validated_group,604,0.01
pooled,past_input,15,steering,-0.24913688653175253,validated_group,604,0.01
pooled,autocorrelation,16,yaw,0.6056651370472985,validated_group,604,0.01
pooled,autocorrelation,16,acceleration,0.4575712198736194,validated_group,604,0.01
pooled,autocorrelation,16,steering,0.22793800743769485,validated_group,604,0.01
pooled,past_input,16,yaw,0.39379947710272745,validated_group,604,0.01
pooled,past_input,16,acceleration,-0.08069292045626582,validated_group,604,0.01
pooled,past_input,16,steering,-0.26863002815292863,validated_group,604,0.01
pooled,autocorrelation,17,yaw,0.5863922353113538,validated_group,604,0.01
pooled,autocorrelation,17,acceleration,0.41570337196589197,validated_group,604,0.01
pooled,autocorrelation,17,steering,0.18131684031820278,validated_group,604,0.01
pooled,past_input,17,yaw,0.3950678368395499,validated_group,604,0.01
pooled,past_input,17,acceleration,-0.07744650651760043,validated_group,604,0.01
pooled,past_input,17,steering,-0.28664643545311697,validated_group,604,0.01
pooled,autocorrelation,18,yaw,0.5684756228874447,validated_group,604,0.01
pooled,autocorrelation,18,acceleration,0.37470170239529765,validated_group,604,0.01
pooled,autocorrelation,18,steering,0.16981892013205752,validated_group,604,0.01
pooled,past_input,18,yaw,0.3949088896819196,validated_group,604,0.01
pooled,past_input,18,acceleration,-0.07334555481572526,validated_group,604,0.01
pooled,past_input,18,steering,-0.2989425402433981,validated_group,604,0.01
pooled,autocorrelation,19,yaw,0.5753133867827777,validated_group,604,0.01
pooled,autocorrelation,19,acceleration,0.3364045132065016,validated_group,604,0.01
pooled,autocorrelation,19,steering,0.15528015499047773,validated_group,604,0.01
pooled,past_input,19,yaw,0.39531465056524606,validated_group,604,0.01
pooled,past_input,19,acceleration,-0.06622077117743394,validated_group,604,0.01
pooled,past_input,19,steering,-0.3165424855644642,validated_group,604,0.01
pooled,autocorrelation,20,yaw,0.5572284991352595,validated_group,604,0.01
pooled,autocorrelation,20,acceleration,0.2951985758830939,validated_group,604,0.01
pooled,autocorrelation,20,steering,0.11553289888756353,validated_group,604,0.01
pooled,past_input,20,yaw,0.3964263445434042,validated_group,604,0.01
pooled,past_input,20,acceleration,-0.05976051758205508,validated_group,604,0.01
pooled,past_input,20,steering,-0.33316913373815543,validated_group,604,0.01
within_record,autocorrelation,1,yaw,0.44322043309051756,validated_group,604,0.01
within_record,autocorrelation,1,acceleration,0.7814036870624747,validated_group,604,0.01
within_record,autocorrelation,1,steering,0.274424504413355,validated_group,604,0.01
within_record,past_input,1,yaw,0.16798831706779563,validated_group,604,0.01
within_record,past_input,1,acceleration,-0.13747236452180284,validated_group,604,0.01
within_record,past_input,1,steering,0.12794676880821212,validated_group,604,0.01
within_record,autocorrelation,2,yaw,0.44002430132333514,validated_group,604,0.01
within_record,autocorrelation,2,acceleration,0.7751018806362835,validated_group,604,0.01
within_record,autocorrelation,2,steering,0.30350920484400373,validated_group,604,0.01
within_record,past_input,2,yaw,0.15903411650199653,validated_group,604,0.01
within_record,past_input,2,acceleration,-0.14604738946916226,validated_group,604,0.01
within_record,past_input,2,steering,0.10794629801208684,validated_group,604,0.01
within_record,autocorrelation,3,yaw,0.44561423846249676,validated_group,604,0.01
within_record,autocorrelation,3,acceleration,0.769405032601164,validated_group,604,0.01
within_record,autocorrelation,3,steering,0.3171333017520334,validated_group,604,0.01
within_record,past_input,3,yaw,0.14950611800025662,validated_group,604,0.01
within_record,past_input,3,acceleration,-0.15445663335735157,validated_group,604,0.01
within_record,past_input,3,steering,0.08668537840803173,validated_group,604,0.01
within_record,autocorrelation,4,yaw,0.45915569406560913,validated_group,604,0.01
within_record,autocorrelation,4,acceleration,0.7586916046470871,validated_group,604,0.01
within_record,autocorrelation,4,steering,0.3247344364211312,validated_group,604,0.01
within_record,past_input,4,yaw,0.14073187752905078,validated_group,604,0.01
within_record,past_input,4,acceleration,-0.16127002183549158,validated_group,604,0.01
within_record,past_input,4,steering,0.06642499650662294,validated_group,604,0.01
within_record,autocorrelation,5,yaw,0.4589606447119133,validated_group,604,0.01
within_record,autocorrelation,5,acceleration,0.746851765091929,validated_group,604,0.01
within_record,autocorrelation,5,steering,0.30548785715031695,validated_group,604,0.01
within_record,past_input,5,yaw,0.1331054540500229,validated_group,604,0.01
within_record,past_input,5,acceleration,-0.1672138748810106,validated_group,604,0.01
within_record,past_input,5,steering,0.043020980818868446,validated_group,604,0.01
within_record,autocorrelation,6,yaw,0.4568675615190539,validated_group,604,0.01
within_record,autocorrelation,6,acceleration,0.7287984541847248,validated_group,604,0.01
within_record,autocorrelation,6,steering,0.3164204048782872,validated_group,604,0.01
within_record,past_input,6,yaw,0.12678987246149612,validated_group,604,0.01
within_record,past_input,6,acceleration,-0.17270463352692808,validated_group,604,0.01
within_record,past_input,6,steering,0.02219287020469869,validated_group,604,0.01
within_record,autocorrelation,7,yaw,0.44956510854888576,validated_group,604,0.01
within_record,autocorrelation,7,acceleration,0.7042938791558498,validated_group,604,0.01
within_record,autocorrelation,7,steering,0.2987219141343063,validated_group,604,0.01
within_record,past_input,7,yaw,0.11701591327342056,validated_group,604,0.01
within_record,past_input,7,acceleration,-0.17793470871318307,validated_group,604,0.01
within_record,past_input,7,steering,-0.0008449099194561045,validated_group,604,0.01
within_record,autocorrelation,8,yaw,0.4342150758845803,validated_group,604,0.01
within_record,autocorrelation,8,acceleration,0.6824320768551985,validated_group,604,0.01
within_record,autocorrelation,8,steering,0.31636688897571974,validated_group,604,0.01
within_record,past_input,8,yaw,0.11103678876539609,validated_group,604,0.01
within_record,past_input,8,acceleration,-0.18091800164726743,validated_group,604,0.01
within_record,past_input,8,steering,-0.02499449932663958,validated_group,604,0.01
within_record,autocorrelation,9,yaw,0.40432043827933994,validated_group,604,0.01
within_record,autocorrelation,9,acceleration,0.6654337497658621,validated_group,604,0.01
within_record,autocorrelation,9,steering,0.28955276074241054,validated_group,604,0.01
within_record,past_input,9,yaw,0.10407505562797291,validated_group,604,0.01
within_record,past_input,9,acceleration,-0.18072091897368753,validated_group,604,0.01
within_record,past_input,9,steering,-0.05049105374780169,validated_group,604,0.01
within_record,autocorrelation,10,yaw,0.4331707510497707,validated_group,604,0.01
within_record,autocorrelation,10,acceleration,0.6333282987997907,validated_group,604,0.01
within_record,autocorrelation,10,steering,0.2799297531456045,validated_group,604,0.01
within_record,past_input,10,yaw,0.09296622318753224,validated_group,604,0.01
within_record,past_input,10,acceleration,-0.18010291938999023,validated_group,604,0.01
within_record,past_input,10,steering,-0.07238071916833544,validated_group,604,0.01
within_record,autocorrelation,11,yaw,0.39554998617949183,validated_group,604,0.01
within_record,autocorrelation,11,acceleration,0.605358232730529,validated_group,604,0.01
within_record,autocorrelation,11,steering,0.23108313654623924,validated_group,604,0.01
within_record,past_input,11,yaw,0.08669259606898898,validated_group,604,0.01
within_record,past_input,11,acceleration,-0.17871201995129612,validated_group,604,0.01
within_record,past_input,11,steering,-0.09475593171890231,validated_group,604,0.01
within_record,autocorrelation,12,yaw,0.4006694835880893,validated_group,604,0.01
within_record,autocorrelation,12,acceleration,0.5786249123326037,validated_group,604,0.01
within_record,autocorrelation,12,steering,0.24231645103198293,validated_group,604,0.01
within_record,past_input,12,yaw,0.07975906010155207,validated_group,604,0.01
within_record,past_input,12,acceleration,-0.17701022965395155,validated_group,604,0.01
within_record,past_input,12,steering,-0.12050019978520315,validated_group,604,0.01
within_record,autocorrelation,13,yaw,0.3792741820014807,validated_group,604,0.01
within_record,autocorrelation,13,acceleration,0.5408421075440456,validated_group,604,0.01
within_record,autocorrelation,13,steering,0.19334930962381416,validated_group,604,0.01
within_record,past_input,13,yaw,0.06927484366012279,validated_group,604,0.01
within_record,past_input,13,acceleration,-0.17483497996011593,validated_group,604,0.01
within_record,past_input,13,steering,-0.14375417814405983,validated_group,604,0.01
within_record,autocorrelation,14,yaw,0.34101934833232195,validated_group,604,0.01
within_record,autocorrelation,14,acceleration,0.5037609940855573,validated_group,604,0.01
within_record,autocorrelation,14,steering,0.21524448863564302,validated_group,604,0.01
within_record,past_input,14,yaw,0.06259757389675344,validated_group,604,0.01
within_record,past_input,14,acceleration,-0.1713332358448344,validated_group,604,0.01
within_record,past_input,14,steering,-0.16668034984412058,validated_group,604,0.01
within_record,autocorrelation,15,yaw,0.3404693001257883,validated_group,604,0.01
within_record,autocorrelation,15,acceleration,0.4696805760927581,validated_group,604,0.01
within_record,autocorrelation,15,steering,0.20711131525669976,validated_group,604,0.01
within_record,past_input,15,yaw,0.056168740160912674,validated_group,604,0.01
within_record,past_input,15,acceleration,-0.16550853503258567,validated_group,604,0.01
within_record,past_input,15,steering,-0.18843128961145886,validated_group,604,0.01
within_record,autocorrelation,16,yaw,0.3205825842854615,validated_group,604,0.01
within_record,autocorrelation,16,acceleration,0.4219193117323045,validated_group,604,0.01
within_record,autocorrelation,16,steering,0.17653182081293026,validated_group,604,0.01
within_record,past_input,16,yaw,0.053660059868145704,validated_group,604,0.01
within_record,past_input,16,acceleration,-0.15906482022498475,validated_group,604,0.01
within_record,past_input,16,steering,-0.21033784321441934,validated_group,604,0.01
within_record,autocorrelation,17,yaw,0.2872422737482115,validated_group,604,0.01
within_record,autocorrelation,17,acceleration,0.37698330914550443,validated_group,604,0.01
within_record,autocorrelation,17,steering,0.12556986818370888,validated_group,604,0.01
within_record,past_input,17,yaw,0.05005605524585633,validated_group,604,0.01
within_record,past_input,17,acceleration,-0.15593032318121355,validated_group,604,0.01
within_record,past_input,17,steering,-0.23165428141291436,validated_group,604,0.01
within_record,autocorrelation,18,yaw,0.25658718219366605,validated_group,604,0.01
within_record,autocorrelation,18,acceleration,0.3331490454133299,validated_group,604,0.01
within_record,autocorrelation,18,steering,0.11391295235472024,validated_group,604,0.01
within_record,past_input,18,yaw,0.04326731936377332,validated_group,604,0.01
within_record,past_input,18,acceleration,-0.15057543869738071,validated_group,604,0.01
within_record,past_input,18,steering,-0.24948806454627295,validated_group,604,0.01
within_record,autocorrelation,19,yaw,0.26893616413784915,validated_group,604,0.01
within_record,autocorrelation,19,acceleration,0.292114158141557,validated_group,604,0.01
within_record,autocorrelation,19,steering,0.09723856157401717,validated_group,604,0.01
within_record,past_input,19,yaw,0.03794256258543133,validated_group,604,0.01
within_record,past_input,19,acceleration,-0.1432021511345055,validated_group,604,0.01
within_record,past_input,19,steering,-0.269334275815079,validated_group,604,0.01
within_record,autocorrelation,20,yaw,0.2350883521047638,validated_group,604,0.01
within_record,autocorrelation,20,acceleration,0.24810481550430516,validated_group,604,0.01
within_record,autocorrelation,20,steering,0.054120591900554946,validated_group,604,0.01
within_record,past_input,20,yaw,0.030378192350799364,validated_group,604,0.01
within_record,past_input,20,acceleration,-0.13431811727760526,validated_group,604,0.01
within_record,past_input,20,steering,-0.28989841998542804,validated_group,604,0.01
pooled,autocorrelation,1,yaw,0.6565559222916315,validated_fallback,604,0.01
pooled,autocorrelation,1,acceleration,0.7920868101700906,validated_fallback,604,0.01
pooled,autocorrelation,1,steering,0.3138887730172377,validated_fallback,604,0.01
pooled,past_input,1,yaw,0.4204394406556696,validated_fallback,604,0.01
pooled,past_input,1,acceleration,-0.04756058041177887,validated_fallback,604,0.01
pooled,past_input,1,steering,0.030120139559008576,validated_fallback,604,0.01
pooled,autocorrelation,2,yaw,0.6555655551460999,validated_fallback,604,0.01
pooled,autocorrelation,2,acceleration,0.7860845025349602,validated_fallback,604,0.01
pooled,autocorrelation,2,steering,0.3416210128921359,validated_fallback,604,0.01
pooled,past_input,2,yaw,0.4189044624051305,validated_fallback,604,0.01
pooled,past_input,2,acceleration,-0.05485583367731967,validated_fallback,604,0.01
pooled,past_input,2,steering,0.01127314102114675,validated_fallback,604,0.01
pooled,autocorrelation,3,yaw,0.6602236938612721,validated_fallback,604,0.01
pooled,autocorrelation,3,acceleration,0.7808617049877076,validated_fallback,604,0.01
pooled,autocorrelation,3,steering,0.35577130639996585,validated_fallback,604,0.01
pooled,past_input,3,yaw,0.41755751775021904,validated_fallback,604,0.01
pooled,past_input,3,acceleration,-0.06215591548565587,validated_fallback,604,0.01
pooled,past_input,3,steering,-0.007464990127710452,validated_fallback,604,0.01
pooled,autocorrelation,4,yaw,0.6696116918922654,validated_fallback,604,0.01
pooled,autocorrelation,4,acceleration,0.7708241884642438,validated_fallback,604,0.01
pooled,autocorrelation,4,steering,0.3634140321261941,validated_fallback,604,0.01
pooled,past_input,4,yaw,0.4157947866502898,validated_fallback,604,0.01
pooled,past_input,4,acceleration,-0.06769508653453249,validated_fallback,604,0.01
pooled,past_input,4,steering,-0.025043452955267245,validated_fallback,604,0.01
pooled,autocorrelation,5,yaw,0.6703359501555353,validated_fallback,604,0.01
pooled,autocorrelation,5,acceleration,0.7595910489222318,validated_fallback,604,0.01
pooled,autocorrelation,5,steering,0.34596242965494356,validated_fallback,604,0.01
pooled,past_input,5,yaw,0.4151150922923155,validated_fallback,604,0.01
pooled,past_input,5,acceleration,-0.07438353166778158,validated_fallback,604,0.01
pooled,past_input,5,steering,-0.045152900613328543,validated_fallback,604,0.01
pooled,autocorrelation,6,yaw,0.6702696866986199,validated_fallback,604,0.01
pooled,autocorrelation,6,acceleration,0.7424456532145144,validated_fallback,604,0.01
pooled,autocorrelation,6,steering,0.3566399689330192,validated_fallback,604,0.01
pooled,past_input,6,yaw,0.41470629105459567,validated_fallback,604,0.01
pooled,past_input,6,acceleration,-0.07948222520746621,validated_fallback,604,0.01
pooled,past_input,6,steering,-0.06598691857972253,validated_fallback,604,0.01
pooled,autocorrelation,7,yaw,0.6668562261051713,validated_fallback,604,0.01
pooled,autocorrelation,7,acceleration,0.7195267103951425,validated_fallback,604,0.01
pooled,autocorrelation,7,steering,0.3409471333574931,validated_fallback,604,0.01
pooled,past_input,7,yaw,0.4125688461400862,validated_fallback,604,0.01
pooled,past_input,7,acceleration,-0.08342223450550536,validated_fallback,604,0.01
pooled,past_input,7,steering,-0.08585023483393339,validated_fallback,604,0.01
pooled,autocorrelation,8,yaw,0.658962369533418,validated_fallback,604,0.01
pooled,autocorrelation,8,acceleration,0.6989262625162787,validated_fallback,604,0.01
pooled,autocorrelation,8,steering,0.358182403776782,validated_fallback,604,0.01
pooled,past_input,8,yaw,0.41236366434481503,validated_fallback,604,0.01
pooled,past_input,8,acceleration,-0.08550546980321615,validated_fallback,604,0.01
pooled,past_input,8,steering,-0.10557092809553931,validated_fallback,604,0.01
pooled,autocorrelation,9,yaw,0.6432649290759315,validated_fallback,604,0.01
pooled,autocorrelation,9,acceleration,0.6829201442716313,validated_fallback,604,0.01
pooled,autocorrelation,9,steering,0.33388301040830787,validated_fallback,604,0.01
pooled,past_input,9,yaw,0.4122073075855013,validated_fallback,604,0.01
pooled,past_input,9,acceleration,-0.08665843400211386,validated_fallback,604,0.01
pooled,past_input,9,steering,-0.12717893098841299,validated_fallback,604,0.01
pooled,autocorrelation,10,yaw,0.6626945405716328,validated_fallback,604,0.01
pooled,autocorrelation,10,acceleration,0.6526114375082892,validated_fallback,604,0.01
pooled,autocorrelation,10,steering,0.32470977746042773,validated_fallback,604,0.01
pooled,past_input,10,yaw,0.41086262851276867,validated_fallback,604,0.01
pooled,past_input,10,acceleration,-0.0874365792164243,validated_fallback,604,0.01
pooled,past_input,10,steering,-0.14533840805845397,validated_fallback,604,0.01
pooled,autocorrelation,11,yaw,0.6409489125414904,validated_fallback,604,0.01
pooled,autocorrelation,11,acceleration,0.6262046024768317,validated_fallback,604,0.01
pooled,autocorrelation,11,steering,0.28049927502904926,validated_fallback,604,0.01
pooled,past_input,11,yaw,0.41007000155468754,validated_fallback,604,0.01
pooled,past_input,11,acceleration,-0.08673884538499516,validated_fallback,604,0.01
pooled,past_input,11,steering,-0.16800475108664079,validated_fallback,604,0.01
pooled,autocorrelation,12,yaw,0.6456671106946096,validated_fallback,604,0.01
pooled,autocorrelation,12,acceleration,0.6007037509217865,validated_fallback,604,0.01
pooled,autocorrelation,12,steering,0.2908176205239065,validated_fallback,604,0.01
pooled,past_input,12,yaw,0.41031737646315386,validated_fallback,604,0.01
pooled,past_input,12,acceleration,-0.08738751738107679,validated_fallback,604,0.01
pooled,past_input,12,steering,-0.188067350765399,validated_fallback,604,0.01
pooled,autocorrelation,13,yaw,0.6347185441488952,validated_fallback,604,0.01
pooled,autocorrelation,13,acceleration,0.5648575327397293,validated_fallback,604,0.01
pooled,autocorrelation,13,steering,0.24535896868362797,validated_fallback,604,0.01
pooled,past_input,13,yaw,0.4083730158180531,validated_fallback,604,0.01
pooled,past_input,13,acceleration,-0.08618060147421533,validated_fallback,604,0.01
pooled,past_input,13,steering,-0.206710265398777,validated_fallback,604,0.01
pooled,autocorrelation,14,yaw,0.6137664840900209,validated_fallback,604,0.01
pooled,autocorrelation,14,acceleration,0.5299639408616126,validated_fallback,604,0.01
pooled,autocorrelation,14,steering,0.2664774226919963,validated_fallback,604,0.01
pooled,past_input,14,yaw,0.40883782575269223,validated_fallback,604,0.01
pooled,past_input,14,acceleration,-0.08378694462156315,validated_fallback,604,0.01
pooled,past_input,14,steering,-0.22633610920945768,validated_fallback,604,0.01
pooled,autocorrelation,15,yaw,0.6149624891100945,validated_fallback,604,0.01
pooled,autocorrelation,15,acceleration,0.49784098987049424,validated_fallback,604,0.01
pooled,autocorrelation,15,steering,0.25828470217463834,validated_fallback,604,0.01
pooled,past_input,15,yaw,0.40865436079462447,validated_fallback,604,0.01
pooled,past_input,15,acceleration,-0.08093631807640052,validated_fallback,604,0.01
pooled,past_input,15,steering,-0.2462993286224266,validated_fallback,604,0.01
pooled,autocorrelation,16,yaw,0.604588411166366,validated_fallback,604,0.01
pooled,autocorrelation,16,acceleration,0.4529680027898612,validated_fallback,604,0.01
pooled,autocorrelation,16,steering,0.22963409968609885,validated_fallback,604,0.01
pooled,past_input,16,yaw,0.4114197783333638,validated_fallback,604,0.01
pooled,past_input,16,acceleration,-0.07647396939219499,validated_fallback,604,0.01
pooled,past_input,16,steering,-0.26707174826056607,validated_fallback,604,0.01
pooled,autocorrelation,17,yaw,0.585172652778332,validated_fallback,604,0.01
pooled,autocorrelation,17,acceleration,0.41091521414617566,validated_fallback,604,0.01
pooled,autocorrelation,17,steering,0.18360869774892097,validated_fallback,604,0.01
pooled,past_input,17,yaw,0.4123964921815494,validated_fallback,604,0.01
pooled,past_input,17,acceleration,-0.07376001818184828,validated_fallback,604,0.01
pooled,past_input,17,steering,-0.2863206761003466,validated_fallback,604,0.01
pooled,autocorrelation,18,yaw,0.5673377894648456,validated_fallback,604,0.01
pooled,autocorrelation,18,acceleration,0.3696795656556148,validated_fallback,604,0.01
pooled,autocorrelation,18,steering,0.17286185514501984,validated_fallback,604,0.01
pooled,past_input,18,yaw,0.4119481055754132,validated_fallback,604,0.01
pooled,past_input,18,acceleration,-0.07018312129415784,validated_fallback,604,0.01
pooled,past_input,18,steering,-0.2996959841616542,validated_fallback,604,0.01
pooled,autocorrelation,19,yaw,0.5743966993548398,validated_fallback,604,0.01
pooled,autocorrelation,19,acceleration,0.33149443067823336,validated_fallback,604,0.01
pooled,autocorrelation,19,steering,0.15764602354681742,validated_fallback,604,0.01
pooled,past_input,19,yaw,0.41204735178024143,validated_fallback,604,0.01
pooled,past_input,19,acceleration,-0.06355241195043139,validated_fallback,604,0.01
pooled,past_input,19,steering,-0.3186473480102964,validated_fallback,604,0.01
pooled,autocorrelation,20,yaw,0.556517955964714,validated_fallback,604,0.01
pooled,autocorrelation,20,acceleration,0.29009074574275817,validated_fallback,604,0.01
pooled,autocorrelation,20,steering,0.11734327008875725,validated_fallback,604,0.01
pooled,past_input,20,yaw,0.4128322610118996,validated_fallback,604,0.01
pooled,past_input,20,acceleration,-0.057609341806744395,validated_fallback,604,0.01
pooled,past_input,20,steering,-0.3365368492013137,validated_fallback,604,0.01
within_record,autocorrelation,1,yaw,0.43873105442909055,validated_fallback,604,0.01
within_record,autocorrelation,1,acceleration,0.7789351273767969,validated_fallback,604,0.01
within_record,autocorrelation,1,steering,0.2769142653302502,validated_fallback,604,0.01
within_record,past_input,1,yaw,0.18331242255731245,validated_fallback,604,0.01
within_record,past_input,1,acceleration,-0.1275839794288597,validated_fallback,604,0.01
within_record,past_input,1,steering,0.14435104701856036,validated_fallback,604,0.01
within_record,autocorrelation,2,yaw,0.4347836864227791,validated_fallback,604,0.01
within_record,autocorrelation,2,acceleration,0.772579684274939,validated_fallback,604,0.01
within_record,autocorrelation,2,steering,0.3053105890298893,validated_fallback,604,0.01
within_record,past_input,2,yaw,0.1741509789310891,validated_fallback,604,0.01
within_record,past_input,2,acceleration,-0.13665366537115278,validated_fallback,604,0.01
within_record,past_input,2,steering,0.12337311277247658,validated_fallback,604,0.01
within_record,autocorrelation,3,yaw,0.4396779358686909,validated_fallback,604,0.01
within_record,autocorrelation,3,acceleration,0.7668728884216747,validated_fallback,604,0.01
within_record,autocorrelation,3,steering,0.3193524989326222,validated_fallback,604,0.01
within_record,past_input,3,yaw,0.1644104060417619,validated_fallback,604,0.01
within_record,past_input,3,acceleration,-0.14554252432572462,validated_fallback,604,0.01
within_record,past_input,3,steering,0.10097177190790659,validated_fallback,604,0.01
within_record,autocorrelation,4,yaw,0.45296884949773664,validated_fallback,604,0.01
within_record,autocorrelation,4,acceleration,0.7561408629127798,validated_fallback,604,0.01
within_record,autocorrelation,4,steering,0.32643909255553527,validated_fallback,604,0.01
within_record,past_input,4,yaw,0.15533341505413864,validated_fallback,604,0.01
within_record,past_input,4,acceleration,-0.1528387096948598,validated_fallback,604,0.01
within_record,past_input,4,steering,0.07967788217537748,validated_fallback,604,0.01
within_record,autocorrelation,5,yaw,0.4527697960547697,validated_fallback,604,0.01
within_record,autocorrelation,5,acceleration,0.7441833733491994,validated_fallback,604,0.01
within_record,autocorrelation,5,steering,0.3073731374379619,validated_fallback,604,0.01
within_record,past_input,5,yaw,0.1473837672715313,validated_fallback,604,0.01
within_record,past_input,5,acceleration,-0.1593316500040045,validated_fallback,604,0.01
within_record,past_input,5,steering,0.0551686947874169,validated_fallback,604,0.01
within_record,autocorrelation,6,yaw,0.45039649725350617,validated_fallback,604,0.01
within_record,autocorrelation,6,acceleration,0.7260338248987711,validated_fallback,604,0.01
within_record,autocorrelation,6,steering,0.3183152795049639,validated_fallback,604,0.01
within_record,past_input,6,yaw,0.1407583525485998,validated_fallback,604,0.01
within_record,past_input,6,acceleration,-0.16534721941198038,validated_fallback,604,0.01
within_record,past_input,6,steering,0.03318760410530736,validated_fallback,604,0.01
within_record,autocorrelation,7,yaw,0.4431010886873614,validated_fallback,604,0.01
within_record,autocorrelation,7,acceleration,0.7014058559672919,validated_fallback,604,0.01
within_record,autocorrelation,7,steering,0.3012934280461511,validated_fallback,604,0.01
within_record,past_input,7,yaw,0.1305833875598835,validated_fallback,604,0.01
within_record,past_input,7,acceleration,-0.1710884183865794,validated_fallback,604,0.01
within_record,past_input,7,steering,0.008931003035505456,validated_fallback,604,0.01
within_record,autocorrelation,8,yaw,0.4279452551283507,validated_fallback,604,0.01
within_record,autocorrelation,8,acceleration,0.6794523719497941,validated_fallback,604,0.01
within_record,autocorrelation,8,steering,0.3190628921223823,validated_fallback,604,0.01
within_record,past_input,8,yaw,0.12418059425817472,validated_fallback,604,0.01
within_record,past_input,8,acceleration,-0.17461883454463412,validated_fallback,604,0.01
within_record,past_input,8,steering,-0.016397855708312696,validated_fallback,604,0.01
within_record,autocorrelation,9,yaw,0.3984503815878479,validated_fallback,604,0.01
within_record,autocorrelation,9,acceleration,0.6624381268896898,validated_fallback,604,0.01
within_record,autocorrelation,9,steering,0.29269982119923915,validated_fallback,604,0.01
within_record,past_input,9,yaw,0.11680585820279163,validated_fallback,604,0.01
within_record,past_input,9,acceleration,-0.1749643667347205,validated_fallback,604,0.01
within_record,past_input,9,steering,-0.04306653540702875,validated_fallback,604,0.01
within_record,autocorrelation,10,yaw,0.4278320871056866,validated_fallback,604,0.01
within_record,autocorrelation,10,acceleration,0.6302165382935948,validated_fallback,604,0.01
within_record,autocorrelation,10,steering,0.28292047095942785,validated_fallback,604,0.01
within_record,past_input,10,yaw,0.10527780750323774,validated_fallback,604,0.01
within_record,past_input,10,acceleration,-0.17487826529154002,validated_fallback,604,0.01
within_record,past_input,10,steering,-0.06614563142726,validated_fallback,604,0.01
within_record,autocorrelation,11,yaw,0.390646208045102,validated_fallback,604,0.01
within_record,autocorrelation,11,acceleration,0.6021166655832602,validated_fallback,604,0.01
within_record,autocorrelation,11,steering,0.23443875679306514,validated_fallback,604,0.01
within_record,past_input,11,yaw,0.09850794278794843,validated_fallback,604,0.01
within_record,past_input,11,acceleration,-0.17403775827888993,validated_fallback,604,0.01
within_record,past_input,11,steering,-0.0896880116411296,validated_fallback,604,0.01
within_record,autocorrelation,12,yaw,0.39579523871461153,validated_fallback,604,0.01
within_record,autocorrelation,12,acceleration,0.5751961567513793,validated_fallback,604,0.01
within_record,autocorrelation,12,steering,0.24471177491892396,validated_fallback,604,0.01
within_record,past_input,12,yaw,0.09109888711888722,validated_fallback,604,0.01
within_record,past_input,12,acceleration,-0.17289983103836548,validated_fallback,604,0.01
within_record,past_input,12,steering,-0.11672735901051419,validated_fallback,604,0.01
within_record,autocorrelation,13,yaw,0.3748106513576552,validated_fallback,604,0.01
within_record,autocorrelation,13,acceleration,0.5371985140717522,validated_fallback,604,0.01
within_record,autocorrelation,13,steering,0.19654175964658693,validated_fallback,604,0.01
within_record,past_input,13,yaw,0.08005231721101086,validated_fallback,604,0.01
within_record,past_input,13,acceleration,-0.17130494105586017,validated_fallback,604,0.01
within_record,past_input,13,steering,-0.14110413002309058,validated_fallback,604,0.01
within_record,autocorrelation,14,yaw,0.33656384185752614,validated_fallback,604,0.01
within_record,autocorrelation,14,acceleration,0.5000378039651221,validated_fallback,604,0.01
within_record,autocorrelation,14,steering,0.21843994138813308,validated_fallback,604,0.01
within_record,past_input,14,yaw,0.07278269087406568,validated_fallback,604,0.01
within_record,past_input,14,acceleration,-0.16833244951427354,validated_fallback,604,0.01
within_record,past_input,14,steering,-0.16522726961465609,validated_fallback,604,0.01
within_record,autocorrelation,15,yaw,0.33684581078035464,validated_fallback,604,0.01
within_record,autocorrelation,15,acceleration,0.4658626832538566,validated_fallback,604,0.01
within_record,autocorrelation,15,steering,0.20967106367867472,validated_fallback,604,0.01
within_record,past_input,15,yaw,0.06572328794869216,validated_fallback,604,0.01
within_record,past_input,15,acceleration,-0.16306424937722144,validated_fallback,604,0.01
within_record,past_input,15,steering,-0.1882763416457524,validated_fallback,604,0.01
within_record,autocorrelation,16,yaw,0.3172855676663201,validated_fallback,604,0.01
within_record,autocorrelation,16,acceleration,0.41790911952368825,validated_fallback,604,0.01
within_record,autocorrelation,16,steering,0.17910866630177955,validated_fallback,604,0.01
within_record,past_input,16,yaw,0.06265107660132796,validated_fallback,604,0.01
within_record,past_input,16,acceleration,-0.15717454799157168,validated_fallback,604,0.01
within_record,past_input,16,steering,-0.21138607122060446,validated_fallback,604,0.01
within_record,autocorrelation,17,yaw,0.2836629129098707,validated_fallback,604,0.01
within_record,autocorrelation,17,acceleration,0.3728174181887889,validated_fallback,604,0.01
within_record,autocorrelation,17,steering,0.12890114000978659,validated_fallback,604,0.01
within_record,past_input,17,yaw,0.05847862368623178,validated_fallback,604,0.01
within_record,past_input,17,acceleration,-0.15463023933363193,validated_fallback,604,0.01
within_record,past_input,17,steering,-0.23387222733854834,validated_fallback,604,0.01
within_record,autocorrelation,18,yaw,0.25308291435731173,validated_fallback,604,0.01
within_record,autocorrelation,18,acceleration,0.3288218312942334,validated_fallback,604,0.01
within_record,autocorrelation,18,steering,0.11829989124024831,validated_fallback,604,0.01
within_record,past_input,18,yaw,0.051094298652888774,validated_fallback,604,0.01
within_record,past_input,18,acceleration,-0.14984635369492366,validated_fallback,604,0.01
within_record,past_input,18,steering,-0.2527405150414035,validated_fallback,604,0.01
within_record,autocorrelation,19,yaw,0.2658611722948853,validated_fallback,604,0.01
within_record,autocorrelation,19,acceleration,0.2879653741238637,validated_fallback,604,0.01
within_record,autocorrelation,19,steering,0.10115590166512116,validated_fallback,604,0.01
within_record,past_input,19,yaw,0.0451589133964768,validated_fallback,604,0.01
within_record,past_input,19,acceleration,-0.1430140462925963,validated_fallback,604,0.01
within_record,past_input,19,steering,-0.273850586759377,validated_fallback,604,0.01
within_record,autocorrelation,20,yaw,0.23242792829571543,validated_fallback,604,0.01
within_record,autocorrelation,20,acceleration,0.24375707369196337,validated_fallback,604,0.01
within_record,autocorrelation,20,steering,0.05729319978274288,validated_fallback,604,0.01
within_record,past_input,20,yaw,0.03697864463234729,validated_fallback,604,0.01
within_record,past_input,20,acceleration,-0.13468534713640395,validated_fallback,604,0.01
within_record,past_input,20,steering,-0.29564795327916865,validated_fallback,604,0.01
pooled,autocorrelation,1,yaw,0.6583262030788545,archived_MAP,604,0.01
pooled,autocorrelation,1,acceleration,0.7947505696559395,archived_MAP,604,0.01
pooled,autocorrelation,1,steering,0.31191246695488417,archived_MAP,604,0.01
pooled,past_input,1,yaw,0.40051285488342137,archived_MAP,604,0.01
pooled,past_input,1,acceleration,-0.05924484161227888,archived_MAP,604,0.01
pooled,past_input,1,steering,0.010810058879516906,archived_MAP,604,0.01
pooled,autocorrelation,2,yaw,0.6578319992335175,archived_MAP,604,0.01
pooled,autocorrelation,2,acceleration,0.7888101579879618,archived_MAP,604,0.01
pooled,autocorrelation,2,steering,0.3403023201954529,archived_MAP,604,0.01
pooled,past_input,2,yaw,0.39896486879171067,archived_MAP,604,0.01
pooled,past_input,2,acceleration,-0.06607654988506308,archived_MAP,604,0.01
pooled,past_input,2,steering,-0.006973185097357653,archived_MAP,604,0.01
pooled,autocorrelation,3,yaw,0.6628649285784017,archived_MAP,604,0.01
pooled,autocorrelation,3,acceleration,0.7836013771595074,archived_MAP,604,0.01
pooled,autocorrelation,3,steering,0.3540851277406349,archived_MAP,604,0.01
pooled,past_input,3,yaw,0.3976487090502259,archived_MAP,604,0.01
pooled,past_input,3,acceleration,-0.07291531700443069,archived_MAP,604,0.01
pooled,past_input,3,steering,-0.02461349409781785,archived_MAP,604,0.01
pooled,autocorrelation,4,yaw,0.6724609564656576,archived_MAP,604,0.01
pooled,autocorrelation,4,acceleration,0.7735900857600639,archived_MAP,604,0.01
pooled,autocorrelation,4,steering,0.36217410490607305,archived_MAP,604,0.01
pooled,past_input,4,yaw,0.39593851649550066,archived_MAP,604,0.01
pooled,past_input,4,acceleration,-0.07799710722034968,archived_MAP,604,0.01
pooled,past_input,4,steering,-0.0410632164485901,archived_MAP,604,0.01
pooled,autocorrelation,5,yaw,0.673273675186943,archived_MAP,604,0.01
pooled,autocorrelation,5,acceleration,0.7624778535125861,archived_MAP,604,0.01
pooled,autocorrelation,5,steering,0.3445158370319548,archived_MAP,604,0.01
pooled,past_input,5,yaw,0.3953772255265672,archived_MAP,604,0.01
pooled,past_input,5,acceleration,-0.08416923565264976,archived_MAP,604,0.01
pooled,past_input,5,steering,-0.060055707297258044,archived_MAP,604,0.01
pooled,autocorrelation,6,yaw,0.6732996182065804,archived_MAP,604,0.01
pooled,autocorrelation,6,acceleration,0.7454429483597365,archived_MAP,604,0.01
pooled,autocorrelation,6,steering,0.35535392517801084,archived_MAP,604,0.01
pooled,past_input,6,yaw,0.39507114468569116,archived_MAP,604,0.01
pooled,past_input,6,acceleration,-0.08877881595510886,archived_MAP,604,0.01
pooled,past_input,6,steering,-0.0797258810252466,archived_MAP,604,0.01
pooled,autocorrelation,7,yaw,0.6698884976685237,archived_MAP,604,0.01
pooled,autocorrelation,7,acceleration,0.7226723760034484,archived_MAP,604,0.01
pooled,autocorrelation,7,steering,0.33916208206087073,archived_MAP,604,0.01
pooled,past_input,7,yaw,0.3930643271123234,archived_MAP,604,0.01
pooled,past_input,7,acceleration,-0.09223395326721713,archived_MAP,604,0.01
pooled,past_input,7,steering,-0.09841612193186904,archived_MAP,604,0.01
pooled,autocorrelation,8,yaw,0.6618409186743048,archived_MAP,604,0.01
pooled,autocorrelation,8,acceleration,0.7021857322686683,archived_MAP,604,0.01
pooled,autocorrelation,8,steering,0.35614322521334735,archived_MAP,604,0.01
pooled,past_input,8,yaw,0.3930165511676686,archived_MAP,604,0.01
pooled,past_input,8,acceleration,-0.09381530968154889,archived_MAP,604,0.01
pooled,past_input,8,steering,-0.116999598874684,archived_MAP,604,0.01
pooled,autocorrelation,9,yaw,0.6459454102154353,archived_MAP,604,0.01
pooled,autocorrelation,9,acceleration,0.686222517536692,archived_MAP,604,0.01
pooled,autocorrelation,9,steering,0.33144096191788686,archived_MAP,604,0.01
pooled,past_input,9,yaw,0.3930155580744564,archived_MAP,604,0.01
pooled,past_input,9,acceleration,-0.09445807647396837,archived_MAP,604,0.01
pooled,past_input,9,steering,-0.13747574687058767,archived_MAP,604,0.01
pooled,autocorrelation,10,yaw,0.6650311929784399,archived_MAP,604,0.01
pooled,autocorrelation,10,acceleration,0.6560770474307143,archived_MAP,604,0.01
pooled,autocorrelation,10,steering,0.32236161888317133,archived_MAP,604,0.01
pooled,past_input,10,yaw,0.39183476320636723,archived_MAP,604,0.01
pooled,past_input,10,acceleration,-0.09473694079539947,archived_MAP,604,0.01
pooled,past_input,10,steering,-0.1544504838266465,archived_MAP,604,0.01
pooled,autocorrelation,11,yaw,0.6430691429828389,archived_MAP,604,0.01
pooled,autocorrelation,11,acceleration,0.6298494769005117,archived_MAP,604,0.01
pooled,autocorrelation,11,steering,0.2779549777360011,archived_MAP,604,0.01
pooled,past_input,11,yaw,0.3912465467229195,archived_MAP,604,0.01
pooled,past_input,11,acceleration,-0.09353014649672903,archived_MAP,604,0.01
pooled,past_input,11,steering,-0.17591546161401314,archived_MAP,604,0.01
pooled,autocorrelation,12,yaw,0.6476125207083041,archived_MAP,604,0.01
pooled,autocorrelation,12,acceleration,0.6045604569971865,archived_MAP,604,0.01
pooled,autocorrelation,12,steering,0.28907854863645577,archived_MAP,604,0.01
pooled,past_input,12,yaw,0.39170306568777896,archived_MAP,604,0.01
pooled,past_input,12,acceleration,-0.09365648325184871,archived_MAP,604,0.01
pooled,past_input,12,steering,-0.1945987354940637,archived_MAP,604,0.01
pooled,autocorrelation,13,yaw,0.6363449218950076,archived_MAP,604,0.01
pooled,autocorrelation,13,acceleration,0.5689679573441955,archived_MAP,604,0.01
pooled,autocorrelation,13,steering,0.24297412374363467,archived_MAP,604,0.01
pooled,past_input,13,yaw,0.38997375855775623,archived_MAP,604,0.01
pooled,past_input,13,acceleration,-0.09192476939401173,archived_MAP,604,0.01
pooled,past_input,13,steering,-0.21212148426933103,archived_MAP,604,0.01
pooled,autocorrelation,14,yaw,0.6152762963535061,archived_MAP,604,0.01
pooled,autocorrelation,14,acceleration,0.5341900166569641,archived_MAP,604,0.01
pooled,autocorrelation,14,steering,0.26400049128511544,archived_MAP,604,0.01
pooled,past_input,14,yaw,0.39065438445850775,archived_MAP,604,0.01
pooled,past_input,14,acceleration,-0.08903750809296591,archived_MAP,604,0.01
pooled,past_input,14,steering,-0.2305269892699308,archived_MAP,604,0.01
pooled,autocorrelation,15,yaw,0.616180655001693,archived_MAP,604,0.01
pooled,autocorrelation,15,acceleration,0.502186938788739,archived_MAP,604,0.01
pooled,autocorrelation,15,steering,0.25637910334740754,archived_MAP,604,0.01
pooled,past_input,15,yaw,0.3907642827068758,archived_MAP,604,0.01
pooled,past_input,15,acceleration,-0.08566833644649109,archived_MAP,604,0.01
pooled,past_input,15,steering,-0.24913688653175253,archived_MAP,604,0.01
pooled,autocorrelation,16,yaw,0.6056651370472985,archived_MAP,604,0.01
pooled,autocorrelation,16,acceleration,0.4575712198736194,archived_MAP,604,0.01
pooled,autocorrelation,16,steering,0.22793800743769485,archived_MAP,604,0.01
pooled,past_input,16,yaw,0.39379947710272745,archived_MAP,604,0.01
pooled,past_input,16,acceleration,-0.08069292045626582,archived_MAP,604,0.01
pooled,past_input,16,steering,-0.26863002815292863,archived_MAP,604,0.01
pooled,autocorrelation,17,yaw,0.5863922353113538,archived_MAP,604,0.01
pooled,autocorrelation,17,acceleration,0.41570337196589197,archived_MAP,604,0.01
pooled,autocorrelation,17,steering,0.18131684031820278,archived_MAP,604,0.01
pooled,past_input,17,yaw,0.3950678368395499,archived_MAP,604,0.01
pooled,past_input,17,acceleration,-0.07744650651760043,archived_MAP,604,0.01
pooled,past_input,17,steering,-0.28664643545311697,archived_MAP,604,0.01
pooled,autocorrelation,18,yaw,0.5684756228874447,archived_MAP,604,0.01
pooled,autocorrelation,18,acceleration,0.37470170239529765,archived_MAP,604,0.01
pooled,autocorrelation,18,steering,0.16981892013205752,archived_MAP,604,0.01
pooled,past_input,18,yaw,0.3949088896819196,archived_MAP,604,0.01
pooled,past_input,18,acceleration,-0.07334555481572526,archived_MAP,604,0.01
pooled,past_input,18,steering,-0.2989425402433981,archived_MAP,604,0.01
pooled,autocorrelation,19,yaw,0.5753133867827777,archived_MAP,604,0.01
pooled,autocorrelation,19,acceleration,0.3364045132065016,archived_MAP,604,0.01
pooled,autocorrelation,19,steering,0.15528015499047773,archived_MAP,604,0.01
pooled,past_input,19,yaw,0.39531465056524606,archived_MAP,604,0.01
pooled,past_input,19,acceleration,-0.06622077117743394,archived_MAP,604,0.01
pooled,past_input,19,steering,-0.3165424855644642,archived_MAP,604,0.01
pooled,autocorrelation,20,yaw,0.5572284991352595,archived_MAP,604,0.01
pooled,autocorrelation,20,acceleration,0.2951985758830939,archived_MAP,604,0.01
pooled,autocorrelation,20,steering,0.11553289888756353,archived_MAP,604,0.01
pooled,past_input,20,yaw,0.3964263445434042,archived_MAP,604,0.01
pooled,past_input,20,acceleration,-0.05976051758205508,archived_MAP,604,0.01
pooled,past_input,20,steering,-0.33316913373815543,archived_MAP,604,0.01
within_record,autocorrelation,1,yaw,0.44322043309051756,archived_MAP,604,0.01
within_record,autocorrelation,1,acceleration,0.7814036870624747,archived_MAP,604,0.01
within_record,autocorrelation,1,steering,0.274424504413355,archived_MAP,604,0.01
within_record,past_input,1,yaw,0.16798831706779563,archived_MAP,604,0.01
within_record,past_input,1,acceleration,-0.13747236452180284,archived_MAP,604,0.01
within_record,past_input,1,steering,0.12794676880821212,archived_MAP,604,0.01
within_record,autocorrelation,2,yaw,0.44002430132333514,archived_MAP,604,0.01
within_record,autocorrelation,2,acceleration,0.7751018806362835,archived_MAP,604,0.01
within_record,autocorrelation,2,steering,0.30350920484400373,archived_MAP,604,0.01
within_record,past_input,2,yaw,0.15903411650199653,archived_MAP,604,0.01
within_record,past_input,2,acceleration,-0.14604738946916226,archived_MAP,604,0.01
within_record,past_input,2,steering,0.10794629801208684,archived_MAP,604,0.01
within_record,autocorrelation,3,yaw,0.44561423846249676,archived_MAP,604,0.01
within_record,autocorrelation,3,acceleration,0.769405032601164,archived_MAP,604,0.01
within_record,autocorrelation,3,steering,0.3171333017520334,archived_MAP,604,0.01
within_record,past_input,3,yaw,0.14950611800025662,archived_MAP,604,0.01
within_record,past_input,3,acceleration,-0.15445663335735157,archived_MAP,604,0.01
within_record,past_input,3,steering,0.08668537840803173,archived_MAP,604,0.01
within_record,autocorrelation,4,yaw,0.45915569406560913,archived_MAP,604,0.01
within_record,autocorrelation,4,acceleration,0.7586916046470871,archived_MAP,604,0.01
within_record,autocorrelation,4,steering,0.3247344364211312,archived_MAP,604,0.01
within_record,past_input,4,yaw,0.14073187752905078,archived_MAP,604,0.01
within_record,past_input,4,acceleration,-0.16127002183549158,archived_MAP,604,0.01
within_record,past_input,4,steering,0.06642499650662294,archived_MAP,604,0.01
within_record,autocorrelation,5,yaw,0.4589606447119133,archived_MAP,604,0.01
within_record,autocorrelation,5,acceleration,0.746851765091929,archived_MAP,604,0.01
within_record,autocorrelation,5,steering,0.30548785715031695,archived_MAP,604,0.01
within_record,past_input,5,yaw,0.1331054540500229,archived_MAP,604,0.01
within_record,past_input,5,acceleration,-0.1672138748810106,archived_MAP,604,0.01
within_record,past_input,5,steering,0.043020980818868446,archived_MAP,604,0.01
within_record,autocorrelation,6,yaw,0.4568675615190539,archived_MAP,604,0.01
within_record,autocorrelation,6,acceleration,0.7287984541847248,archived_MAP,604,0.01
within_record,autocorrelation,6,steering,0.3164204048782872,archived_MAP,604,0.01
within_record,past_input,6,yaw,0.12678987246149612,archived_MAP,604,0.01
within_record,past_input,6,acceleration,-0.17270463352692808,archived_MAP,604,0.01
within_record,past_input,6,steering,0.02219287020469869,archived_MAP,604,0.01
within_record,autocorrelation,7,yaw,0.44956510854888576,archived_MAP,604,0.01
within_record,autocorrelation,7,acceleration,0.7042938791558498,archived_MAP,604,0.01
within_record,autocorrelation,7,steering,0.2987219141343063,archived_MAP,604,0.01
within_record,past_input,7,yaw,0.11701591327342056,archived_MAP,604,0.01
within_record,past_input,7,acceleration,-0.17793470871318307,archived_MAP,604,0.01
within_record,past_input,7,steering,-0.0008449099194561045,archived_MAP,604,0.01
within_record,autocorrelation,8,yaw,0.4342150758845803,archived_MAP,604,0.01
within_record,autocorrelation,8,acceleration,0.6824320768551985,archived_MAP,604,0.01
within_record,autocorrelation,8,steering,0.31636688897571974,archived_MAP,604,0.01
within_record,past_input,8,yaw,0.11103678876539609,archived_MAP,604,0.01
within_record,past_input,8,acceleration,-0.18091800164726743,archived_MAP,604,0.01
within_record,past_input,8,steering,-0.02499449932663958,archived_MAP,604,0.01
within_record,autocorrelation,9,yaw,0.40432043827933994,archived_MAP,604,0.01
within_record,autocorrelation,9,acceleration,0.6654337497658621,archived_MAP,604,0.01
within_record,autocorrelation,9,steering,0.28955276074241054,archived_MAP,604,0.01
within_record,past_input,9,yaw,0.10407505562797291,archived_MAP,604,0.01
within_record,past_input,9,acceleration,-0.18072091897368753,archived_MAP,604,0.01
within_record,past_input,9,steering,-0.05049105374780169,archived_MAP,604,0.01
within_record,autocorrelation,10,yaw,0.4331707510497707,archived_MAP,604,0.01
within_record,autocorrelation,10,acceleration,0.6333282987997907,archived_MAP,604,0.01
within_record,autocorrelation,10,steering,0.2799297531456045,archived_MAP,604,0.01
within_record,past_input,10,yaw,0.09296622318753224,archived_MAP,604,0.01
within_record,past_input,10,acceleration,-0.18010291938999023,archived_MAP,604,0.01
within_record,past_input,10,steering,-0.07238071916833544,archived_MAP,604,0.01
within_record,autocorrelation,11,yaw,0.39554998617949183,archived_MAP,604,0.01
within_record,autocorrelation,11,acceleration,0.605358232730529,archived_MAP,604,0.01
within_record,autocorrelation,11,steering,0.23108313654623924,archived_MAP,604,0.01
within_record,past_input,11,yaw,0.08669259606898898,archived_MAP,604,0.01
within_record,past_input,11,acceleration,-0.17871201995129612,archived_MAP,604,0.01
within_record,past_input,11,steering,-0.09475593171890231,archived_MAP,604,0.01
within_record,autocorrelation,12,yaw,0.4006694835880893,archived_MAP,604,0.01
within_record,autocorrelation,12,acceleration,0.5786249123326037,archived_MAP,604,0.01
within_record,autocorrelation,12,steering,0.24231645103198293,archived_MAP,604,0.01
within_record,past_input,12,yaw,0.07975906010155207,archived_MAP,604,0.01
within_record,past_input,12,acceleration,-0.17701022965395155,archived_MAP,604,0.01
within_record,past_input,12,steering,-0.12050019978520315,archived_MAP,604,0.01
within_record,autocorrelation,13,yaw,0.3792741820014807,archived_MAP,604,0.01
within_record,autocorrelation,13,acceleration,0.5408421075440456,archived_MAP,604,0.01
within_record,autocorrelation,13,steering,0.19334930962381416,archived_MAP,604,0.01
within_record,past_input,13,yaw,0.06927484366012279,archived_MAP,604,0.01
within_record,past_input,13,acceleration,-0.17483497996011593,archived_MAP,604,0.01
within_record,past_input,13,steering,-0.14375417814405983,archived_MAP,604,0.01
within_record,autocorrelation,14,yaw,0.34101934833232195,archived_MAP,604,0.01
within_record,autocorrelation,14,acceleration,0.5037609940855573,archived_MAP,604,0.01
within_record,autocorrelation,14,steering,0.21524448863564302,archived_MAP,604,0.01
within_record,past_input,14,yaw,0.06259757389675344,archived_MAP,604,0.01
within_record,past_input,14,acceleration,-0.1713332358448344,archived_MAP,604,0.01
within_record,past_input,14,steering,-0.16668034984412058,archived_MAP,604,0.01
within_record,autocorrelation,15,yaw,0.3404693001257883,archived_MAP,604,0.01
within_record,autocorrelation,15,acceleration,0.4696805760927581,archived_MAP,604,0.01
within_record,autocorrelation,15,steering,0.20711131525669976,archived_MAP,604,0.01
within_record,past_input,15,yaw,0.056168740160912674,archived_MAP,604,0.01
within_record,past_input,15,acceleration,-0.16550853503258567,archived_MAP,604,0.01
within_record,past_input,15,steering,-0.18843128961145886,archived_MAP,604,0.01
within_record,autocorrelation,16,yaw,0.3205825842854615,archived_MAP,604,0.01
within_record,autocorrelation,16,acceleration,0.4219193117323045,archived_MAP,604,0.01
within_record,autocorrelation,16,steering,0.17653182081293026,archived_MAP,604,0.01
within_record,past_input,16,yaw,0.053660059868145704,archived_MAP,604,0.01
within_record,past_input,16,acceleration,-0.15906482022498475,archived_MAP,604,0.01
within_record,past_input,16,steering,-0.21033784321441934,archived_MAP,604,0.01
within_record,autocorrelation,17,yaw,0.2872422737482115,archived_MAP,604,0.01
within_record,autocorrelation,17,acceleration,0.37698330914550443,archived_MAP,604,0.01
within_record,autocorrelation,17,steering,0.12556986818370888,archived_MAP,604,0.01
within_record,past_input,17,yaw,0.05005605524585633,archived_MAP,604,0.01
within_record,past_input,17,acceleration,-0.15593032318121355,archived_MAP,604,0.01
within_record,past_input,17,steering,-0.23165428141291436,archived_MAP,604,0.01
within_record,autocorrelation,18,yaw,0.25658718219366605,archived_MAP,604,0.01
within_record,autocorrelation,18,acceleration,0.3331490454133299,archived_MAP,604,0.01
within_record,autocorrelation,18,steering,0.11391295235472024,archived_MAP,604,0.01
within_record,past_input,18,yaw,0.04326731936377332,archived_MAP,604,0.01
within_record,past_input,18,acceleration,-0.15057543869738071,archived_MAP,604,0.01
within_record,past_input,18,steering,-0.24948806454627295,archived_MAP,604,0.01
within_record,autocorrelation,19,yaw,0.26893616413784915,archived_MAP,604,0.01
within_record,autocorrelation,19,acceleration,0.292114158141557,archived_MAP,604,0.01
within_record,autocorrelation,19,steering,0.09723856157401717,archived_MAP,604,0.01
within_record,past_input,19,yaw,0.03794256258543133,archived_MAP,604,0.01
within_record,past_input,19,acceleration,-0.1432021511345055,archived_MAP,604,0.01
within_record,past_input,19,steering,-0.269334275815079,archived_MAP,604,0.01
within_record,autocorrelation,20,yaw,0.2350883521047638,archived_MAP,604,0.01
within_record,autocorrelation,20,acceleration,0.24810481550430516,archived_MAP,604,0.01
within_record,autocorrelation,20,steering,0.054120591900554946,archived_MAP,604,0.01
within_record,past_input,20,yaw,0.030378192350799364,archived_MAP,604,0.01
within_record,past_input,20,acceleration,-0.13431811727760526,archived_MAP,604,0.01
within_record,past_input,20,steering,-0.28989841998542804,archived_MAP,604,0.01
