seed,process_noise_scale,donor_fold,client_position,scenario,case,controller,state_source,correction,selected_plant,replay_observer,tracking_rmse_deg_s,tracking_peak_deg_s,beta_rmse_deg,yaw_rmse_deg_s,front_force_rmse,rear_force_rmse,applied_steer_rmse_deg,command_rms_deg,command_rate_rms_deg_s,saturation_samples,beta_violation_samples,steering_violation_samples,finite,command_beta_rms_deg,command_yaw_rate_rms_deg,command_front_force_per_mass_rms_deg,command_rear_force_per_mass_rms_deg,command_applied_steering_rms_deg,command_total_rms_deg,command_joint_force_rms_deg,moment_00_rad2,moment_01_rad2,moment_02_rad2,moment_03_rad2,moment_04_rad2,moment_10_rad2,moment_11_rad2,moment_12_rad2,moment_13_rad2,moment_14_rad2,moment_20_rad2,moment_21_rad2,moment_22_rad2,moment_23_rad2,moment_24_rad2,moment_30_rad2,moment_31_rad2,moment_32_rad2,moment_33_rad2,moment_34_rad2,moment_40_rad2,moment_41_rad2,moment_42_rad2,moment_43_rad2,moment_44_rad2
605,1.0,0,2,broadband,nominal_with_nominal_kf,nominal,nominal_kf,none,1,nominal,0.1490444723315549,0.4404206740204447,0.026984411545411556,0.02617979378571726,0.017635120275215303,0.018103615173781847,0.017863431202546663,0.5512516872990704,81.06878974482025,0,0,0,True,0.11164891974791133,0.2879152504468002,0.21883211572408773,0.21382879833820082,0.18883983433383683,0.5775351349851189,0.340030416644695,3.797202744179824e-06,7.091396726035214e-07,2.9232908866143587e-06,6.9301461414869155e-06,-1.1250083911843389e-07,7.091396726035214e-07,2.5251319329130432e-05,7.375913471879567e-07,2.2073326879672813e-06,-3.6633292890777586e-07,2.9232908866143587e-06,7.375913471879567e-07,1.458736512804333e-05,3.352380863471689e-06,1.9598687174655655e-07,6.9301461414869155e-06,2.2073326879672813e-06,3.352380863471689e-06,1.3927947653261785e-05,1.173339758537433e-08,-1.1250083911843389e-07,-3.6633292890777586e-07,1.9598687174655655e-07,1.173339758537433e-08,1.0862804329321275e-05
605,1.0,0,2,broadband,nominal_with_nominal_kf,nominal,nominal_kf,none,1,learned,0.1490444723315549,0.4404206740204447,0.022732625729949548,0.026007577865220722,0.029213642328498747,0.03183181732127575,0.01799749237835308,0.5512516872990704,81.06878974482025,0,0,0,True,0.09355534002910922,0.2860092471145416,0.34515406292849227,0.36429498636523866,0.19027643677193584,0.6757402838901001,0.639570769904565,2.6661949304231527e-06,7.371130341136489e-07,-8.019633816062138e-06,-4.665594528911455e-06,4.443270899295257e-07,7.371130341136489e-07,2.4918097722923653e-05,-2.2905602941138585e-06,7.401942057054251e-07,-3.639820343719783e-07,-8.019633816062138e-06,-2.2905602941138585e-06,3.628947749404086e-05,2.3944239883181112e-05,8.773270346887614e-07,-4.665594528911455e-06,7.401942057054251e-07,2.3944239883181112e-05,4.042603277234878e-05,4.802666702862788e-07,4.443270899295257e-07,-3.639820343719783e-07,8.773270346887614e-07,4.802666702862788e-07,1.1028710965694026e-05
605,1.0,0,2,broadband,nominal_with_nominal_kf,nominal,nominal_kf,none,1,oracle,0.1490444723315549,0.4404206740204447,0.011878497998741072,0.0260834762198564,0.011627151578875235,0.010672246851630315,0.017858091768898153,0.5512516872990704,81.06878974482025,0,0,0,True,0.05085750592135205,0.2868587430322315,0.16030299888666952,0.14247431708415348,0.18878541274205443,0.39307716198906706,0.1259057118109083,7.878886637742447e-07,3.174379426126989e-07,-1.6369580751724009e-06,2.137435619535467e-06,2.445276436675333e-07,3.174379426126989e-07,2.5066339491434656e-05,-6.246197165590807e-07,1.1675968601793983e-06,-3.5835989911485877e-07,-1.6369580751724009e-06,-6.246197165590807e-07,7.827769509452679e-06,-4.591153269509202e-06,8.792330788317857e-07,2.137435619535467e-06,1.1675968601793983e-06,-4.591153269509202e-06,6.1834079943592436e-06,6.370511739995472e-07,2.445276436675333e-07,-3.5835989911485877e-07,8.792330788317857e-07,6.370511739995472e-07,1.0856544146766485e-05
605,1.0,0,2,broadband,learned_with_learned_kf,learned,learned_kf,none,1,nominal,0.14995519213570999,0.44858377437982444,0.02670602002915432,0.026172296112273452,0.017374925248907033,0.01794386545418762,0.017864534241662632,0.3818218321991085,50.957571324521545,0,0,0,True,0.1604639764225294,0.17218468884158353,0.10364020066118039,0.02046720881223859,0.15281512045598428,0.3344806654126266,0.10886500934929068,7.84349881900221e-06,6.239026195436723e-07,1.5665139266358137e-06,9.607949769925284e-07,-1.1270177446516913e-07,6.239026195436723e-07,9.03116538426547e-06,1.594085876043878e-07,1.2569482989622052e-07,-1.8382998143649324e-07,1.5665139266358137e-06,1.594085876043878e-07,3.2719844084166915e-06,1.0530508919071008e-07,9.87394637668146e-08,9.607949769925284e-07,1.2569482989622052e-07,1.0530508919071008e-07,1.2760625876158622e-07,2.1512086631236762e-09,-1.1270177446516913e-07,-1.8382998143649324e-07,9.87394637668146e-08,2.1512086631236762e-09,7.113566427667426e-06
605,1.0,0,2,broadband,learned_with_learned_kf,learned,learned_kf,none,1,learned,0.14995519213570999,0.44858377437982444,0.02238663085592513,0.026025304875868314,0.02842305882077072,0.031396577727629243,0.017903340471695513,0.3818218321991085,50.957571324521545,0,0,0,True,0.13208803847836526,0.17120223668353082,0.1566822189265965,0.03428142911449101,0.15315979468901134,0.2620530697173375,0.17851452163507098,5.314736249672382e-06,6.840094500550765e-07,-5.313802094286187e-06,-5.211021243905144e-07,5.005982332359479e-07,6.840094500550765e-07,8.928399278056368e-06,-5.905192987128529e-07,5.431881930201887e-08,-1.46347559868579e-07,-5.313802094286187e-06,-5.905192987128529e-07,7.47814982375494e-06,9.356172234591989e-07,2.1470939368910526e-07,-5.211021243905144e-07,5.431881930201887e-08,9.356172234591989e-07,3.579913820160813e-07,2.9348638649954146e-08,5.005982332359479e-07,-1.46347559868579e-07,2.1470939368910526e-07,2.9348638649954146e-08,7.145691889226482e-06
605,1.0,0,2,broadband,learned_with_learned_kf,learned,learned_kf,none,1,oracle,0.14995519213570999,0.44858377437982444,0.011878497998741072,0.026083476219856398,0.011627151578875238,0.010672246851630313,0.017858091768898153,0.3818218321991085,50.957571324521545,0,0,0,True,0.08120645504023508,0.17159882820951364,0.07953280247381178,0.014227970599690956,0.1527612969959594,0.25024884832905786,0.07089124040852932,2.0087960230057825e-06,3.0699915007846196e-07,-1.3169496054134856e-06,3.4235769434269667e-07,2.976086243950404e-07,3.0699915007846196e-07,8.969812624729702e-06,-1.9024549404672568e-07,6.991190604920424e-08,-1.7391733044099422e-07,-1.3169496054134856e-06,-1.9024549404672568e-07,1.926847335760677e-06,-2.2881853053238347e-07,3.4401134177166667e-07,3.4235769434269667e-07,6.991190604920424e-08,-2.2881853053238347e-07,6.166527227076493e-08,4.945813496534771e-08,2.976086243950404e-07,-1.7391733044099422e-07,3.4401134177166667e-07,4.945813496534771e-08,7.1085563301058645e-06
605,1.0,0,2,transient,nominal_with_nominal_kf,nominal,nominal_kf,none,1,nominal,0.13451814770795173,0.4564719829109157,0.04568720524480601,0.025212763734109467,0.03222350458691671,0.03151199237887015,0.01828283201035692,0.6785619832196761,76.77556029391619,0,0,0,True,0.19824014887288569,0.278085888710642,0.46287767266759244,0.43354064467193587,0.18895463352496158,1.0954402474224256,0.8389863584561994,1.1971207690945064e-05,5.168529468139674e-07,2.1807179868428267e-05,2.555534399884635e-05,2.157645077406442e-07,5.168529468139674e-07,2.355660165568734e-05,1.8204527364779875e-06,1.9343197096199215e-06,-9.746040736744136e-07,2.1807179868428267e-05,1.8204527364779875e-06,6.526603064886858e-05,4.594923475120459e-05,1.0011926966148062e-06,2.555534399884635e-05,1.9343197096199215e-06,4.594923475120459e-05,5.7255125810843324e-05,4.805996874194686e-07,2.157645077406442e-07,-9.746040736744136e-07,1.0011926966148062e-06,4.805996874194686e-07,1.0876015738919481e-05
605,1.0,0,2,transient,nominal_with_nominal_kf,nominal,nominal_kf,none,1,learned,0.13451814770795173,0.4564719829109157,0.029559553155453413,0.0254615749872382,0.04559012742905173,0.04673977405233838,0.018197579722401786,0.6785619832196761,76.77556029391619,0,0,0,True,0.12653942560134804,0.2809396505377998,0.6358937744107317,0.6266543924355018,0.18797182636221316,1.1290432091367597,1.2102447946433026,4.877603039686399e-06,1.8714819263362959e-06,-1.9303233423333452e-05,-1.5086193172211731e-05,3.468006996922332e-08,1.8714819263362959e-06,2.4042565667639426e-05,-1.0044435492811601e-05,-8.194544807819931e-06,-1.2152091801755968e-06,-1.9303233423333452e-05,-1.0044435492811601e-05,0.00012317537168553361,0.00010168675393627566,1.8404484093546037e-06,-1.5086193172211731e-05,-8.194544807819931e-06,0.00010168675393627566,0.00011962195929019787,1.3237029378037514e-06,3.468006996922332e-08,-1.2152091801755968e-06,1.8404484093546037e-06,1.3237029378037514e-06,1.0763171426733597e-05
605,1.0,0,2,transient,nominal_with_nominal_kf,nominal,nominal_kf,none,1,oracle,0.13451814770795173,0.4564719829109157,0.012475761404828983,0.025197200078124527,0.012244270944595806,0.011196031705233304,0.018233197792867823,0.6785619832196761,76.77556029391619,0,0,0,True,0.0545239520635157,0.27793284409332236,0.1838555057756958,0.16681698852671648,0.18841914965435,0.37789377248117556,0.12776939844154564,9.055853534016475e-07,7.003499986509218e-08,-2.1942503903568822e-06,2.6484475740672747e-06,1.2412873362462152e-07,7.003499986509218e-08,2.353068003098224e-05,1.9130985395193018e-07,7.885256406246494e-07,-1.0276432230665612e-06,-2.1942503903568822e-06,1.9130985395193018e-07,1.0296936035814596e-05,-6.900458122801403e-06,7.736900157875455e-07,2.6484475740672747e-06,7.885256406246494e-07,-6.900458122801403e-06,8.476865429793963e-06,2.641996130333706e-07,1.2412873362462152e-07,-1.0276432230665612e-06,7.736900157875455e-07,2.641996130333706e-07,1.0814459389705194e-05
605,1.0,0,2,transient,learned_with_learned_kf,learned,learned_kf,none,1,nominal,0.12350277484031663,0.4144552913418267,0.04534320587130872,0.025206267970743414,0.031965652721309565,0.03128166615464141,0.018267914514807356,0.5541850158087455,47.97825989256233,0,0,0,True,0.31138723558868087,0.16609306624293282,0.2289096500431241,0.04275402117990482,0.15388219020548444,0.6011386853593609,0.26198728398217114,2.9536317452052492e-05,4.3870155650738434e-07,1.6720369083883044e-05,3.982677456023594e-06,3.11411322065003e-07,4.3870155650738434e-07,8.403452324831949e-06,4.877510481254222e-07,1.0872894814062632e-07,-4.83476362203435e-07,1.6720369083883044e-05,4.877510481254222e-07,1.5961839443462175e-05,2.194738467955309e-06,4.0110174159945557e-07,3.982677456023594e-06,1.0872894814062632e-07,2.194738467955309e-06,5.568121089583036e-07,4.1608263925841355e-08,3.11411322065003e-07,-4.83476362203435e-07,4.0110174159945557e-07,4.1608263925841355e-08,7.2132577854774095e-06
605,1.0,0,2,transient,learned_with_learned_kf,learned,learned_kf,none,1,learned,0.12350277484031663,0.4144552913418267,0.029283486156429773,0.025472211226087626,0.04494068300409825,0.046277673610136606,0.018168350863267353,0.5541850158087455,47.97825989256233,0,0,0,True,0.19224363961916963,0.16791387571449293,0.30944692120253225,0.061314695334951444,0.15300532954551546,0.3227075376991253,0.36169894745130393,1.125793392409301e-05,1.7730700203956748e-06,-1.4237759802761668e-05,-2.1218277943424202e-06,5.947791115218231e-08,1.7730700203956748e-06,8.588709369762647e-06,-2.8342172164640365e-06,-4.682688288854397e-07,-5.378030780987085e-07,-1.4237759802761668e-05,-2.8342172164640365e-06,2.916937121234204e-05,4.768669903651936e-06,7.071930397990362e-07,-2.1218277943424202e-06,-4.682688288854397e-07,4.768669903651936e-06,1.1452067113262612e-06,1.0666489035383854e-07,5.947791115218231e-08,-5.378030780987085e-07,7.071930397990362e-07,1.0666489035383854e-07,7.131285970994919e-06
605,1.0,0,2,transient,learned_with_learned_kf,learned,learned_kf,none,1,oracle,0.12350277484031663,0.4144552913418267,0.012475761404828981,0.025197200078124538,0.0122442709445958,0.011196031705233297,0.018233197792867823,0.5541850158087455,47.97825989256233,0,0,0,True,0.0913444594517757,0.16604177786623914,0.09315319271875111,0.017052810152478576,0.1535813550344013,0.24069754232914004,0.08132461029085836,2.541669956410084e-06,6.528382284532576e-08,-1.8802660671351654e-06,4.5598843767372476e-07,1.6864702222857326e-07,6.528382284532576e-08,8.398263271570338e-06,6.246375611444654e-08,4.775081440801632e-08,-4.991370664578707e-07,-1.8802660671351654e-06,6.246375611444654e-08,2.6433229342528056e-06,-3.586296536840877e-07,3.1179527694842283e-07,4.5598843767372476e-07,4.775081440801632e-08,-3.586296536840877e-07,8.858223821074187e-08,2.1695336082134454e-08,1.6864702222857326e-07,-4.991370664578707e-07,3.1179527694842283e-07,2.1695336082134454e-08,7.185081938847364e-06
605,1.0,0,5,broadband,nominal_with_nominal_kf,nominal,nominal_kf,none,0,nominal,0.1347770962602343,0.43520118885075926,0.013310056386275372,0.025275265438608373,0.010695644157052027,0.010606281185231608,0.01849696677775232,0.5549546995319058,78.66269485522984,0,0,0,True,0.05654207288807735,0.2779763202798256,0.1478089405053789,0.14254653585697452,0.1957929015655483,0.38816704806679947,0.117497165590262,9.738637207367452e-07,9.40086487374899e-08,-1.528347154665874e-06,2.1044008722426295e-06,1.8070349357014366e-07,9.40086487374899e-08,2.3538042271678847e-05,4.880595636019062e-07,6.127009666228028e-07,6.460163298045697e-08,-1.528347154665874e-06,4.880595636019062e-07,6.655123867798198e-06,-4.319690355219926e-06,7.117375094654892e-07,2.1044008722426295e-06,6.127009666228028e-07,-4.319690355219926e-06,6.189678195532622e-06,2.3648021821019683e-08,1.8070349357014366e-07,6.460163298045697e-08,7.117375094654892e-07,2.3648021821019683e-08,1.1677466233522835e-05
605,1.0,0,5,broadband,nominal_with_nominal_kf,nominal,nominal_kf,none,0,learned,0.1347770962602343,0.43520118885075926,0.0373649375370861,0.025187492962735817,0.027476074898714845,0.020389005699124177,0.018405034191718118,0.5549546995319058,78.66269485522984,0,0,0,True,0.15374244450731978,0.27704205590815284,0.35830223879806444,0.2380662072764124,0.19478348311139934,0.6303746752176188,0.5125378080846678,7.200162520400187e-06,-3.6013296955024743e-07,8.461522991662602e-07,2.5695358909367334e-06,3.921959789316614e-07,-3.6013296955024743e-07,2.3380087814665495e-05,-1.9286029310826545e-06,-1.119677700419265e-06,-3.01121727877006e-08,8.461522991662602e-07,-1.9286029310826545e-06,3.9106934933047737e-05,1.1825094608653498e-05,-1.5566379677055687e-07,2.5695358909367334e-06,-1.119677700419265e-06,1.1825094608653498e-05,1.7264350377162206e-05,-7.699897996954518e-07,3.921959789316614e-07,-3.01121727877006e-08,-1.5566379677055687e-07,-7.699897996954518e-07,1.1557369289502276e-05
605,1.0,0,5,broadband,nominal_with_nominal_kf,nominal,nominal_kf,none,0,oracle,0.1347770962602343,0.43520118885075926,0.01203965216775419,0.02518633818907854,0.01074654392496425,0.010449928876414017,0.018455403237906932,0.5549546995319058,78.66269485522984,0,0,0,True,0.051426731184273315,0.277028184148473,0.14965981194180333,0.14005678367198626,0.19534066099440894,0.3765212629388772,0.1076401795230972,8.056243342803477e-07,-4.481541283753217e-08,-1.6500275652157656e-06,2.1198726672644787e-06,8.638633282462938e-08,-4.481541283753217e-08,2.3377746546739114e-05,1.6757301489361194e-07,5.45836545955202e-07,-5.330797826040744e-08,-1.6500275652157656e-06,1.6757301489361194e-07,6.822839035380754e-06,-4.634381451577862e-06,7.114191176739858e-07,2.1198726672644787e-06,5.45836545955202e-07,-4.634381451577862e-06,5.975345652804461e-06,4.1416181832885406e-08,8.638633282462938e-08,-5.330797826040744e-08,7.114191176739858e-07,4.1416181832885406e-08,1.1623583534738832e-05
605,1.0,0,5,broadband,learned_with_learned_kf,learned,learned_kf,none,0,nominal,0.13920090549891362,0.43140601920795774,0.013278217110167946,0.025276098282784647,0.010691223415407307,0.01056876362445548,0.018485618660505722,0.4233645139625083,58.002902946915334,0,0,0,True,0.03592619869849317,0.18329131484378702,0.009470482750979578,0.08639891734988106,0.19056553059682727,0.27206612956105125,0.0805337032627485,3.9316719151557476e-07,-4.045227947202576e-08,6.604884055352482e-08,-8.363895482077562e-07,-4.456287840811695e-08,-4.045227947202576e-08,1.023383730723077e-05,8.128819485951232e-09,2.3428578526794945e-07,1.4003073220309964e-08,6.604884055352482e-08,8.128819485951232e-09,2.7321149642677174e-08,-1.6278535612555014e-07,5.607836695319708e-08,-8.363895482077562e-07,2.3428578526794945e-07,-1.6278535612555014e-07,2.27389986595002e-06,-1.5704623592851075e-08,-4.456287840811695e-08,1.4003073220309964e-08,5.607836695319708e-08,-1.5704623592851075e-08,1.1062249057584647e-05
605,1.0,0,5,broadband,learned_with_learned_kf,learned,learned_kf,none,0,learned,0.13920090549891362,0.43140601920795774,0.03737189727213371,0.025186780214809485,0.025190016147701978,0.020136120605211135,0.018410339350173242,0.4233645139625083,58.002902946915334,0,0,0,True,0.08052276129156681,0.18265518819010937,0.017749901117199613,0.14384958685572966,0.18979285008970584,0.29488986321146543,0.15012439075035772,1.9751134836191157e-06,1.2974780308441557e-07,3.2901222967966325e-08,-8.17841932146276e-07,-1.880985777211851e-07,1.2974780308441557e-07,1.0162925928495572e-05,-5.2270038189292385e-08,-4.5015000735662185e-07,-2.2360947241099588e-08,3.2901222967966325e-08,-5.2270038189292385e-08,9.597245651399359e-08,2.3296684404277055e-07,4.6569496525770156e-08,-8.17841932146276e-07,-4.5015000735662185e-07,2.3296684404277055e-07,6.303357990790437e-06,-4.2174027842486836e-07,-1.880985777211851e-07,-2.2360947241099588e-08,4.6569496525770156e-08,-4.2174027842486836e-07,1.0972723366714787e-05
605,1.0,0,5,broadband,learned_with_learned_kf,learned,learned_kf,none,0,oracle,0.13920090549891362,0.43140601920795774,0.01203965216775419,0.025186338189078537,0.010746543924964248,0.010449928876414017,0.018455403237906932,0.4233645139625083,58.002902946915334,0,0,0,True,0.0336543778573558,0.1826589421545305,0.00963614662589625,0.0851722791439106,0.1902550679919983,0.27066077605242167,0.07892264696330466,3.450149135241036e-07,3.704691474702777e-09,6.7730733324433e-08,-8.479034329760428e-07,-4.232522641130403e-09,3.704691474702777e-09,1.0163343673589748e-05,-4.5763163519932483e-10,2.1293867689847354e-07,-5.030514307868196e-08,6.7730733324433e-08,-4.5763163519932483e-10,2.8285348538892496e-08,-1.7034027192398685e-07,5.8420545001344236e-08,-8.479034329760428e-07,2.1293867689847354e-07,-1.7034027192398685e-07,2.209791367846683e-06,1.8278232916423605e-09,-4.232522641130403e-09,-5.030514307868196e-08,5.8420545001344236e-08,1.8278232916423605e-09,1.1026233970977422e-05
605,1.0,0,5,transient,nominal_with_nominal_kf,nominal,nominal_kf,none,0,nominal,0.12307887004131299,0.4095972225744437,0.01469131112484267,0.025273638113471338,0.012306490032272443,0.013025678964419706,0.01800268828976304,0.7003400823978664,78.11233909374911,0,0,0,True,0.06345443348509851,0.2805410556980033,0.1862474829222869,0.19787429128724207,0.18550138471658678,0.43178123553634806,0.26575293034194564,1.2265314184311803e-06,3.071094071602424e-07,-2.461748219436138e-06,1.392441976244292e-06,-1.2355618031143256e-07,3.071094071602424e-07,2.3974391280152316e-05,2.6677998103635947e-07,-4.776399736480416e-07,-3.561384494627227e-07,-2.461748219436138e-06,2.6677998103635947e-07,1.0566607102719737e-05,-4.900898376130742e-07,1.1603198076355672e-06,1.392441976244292e-06,-4.776399736480416e-07,-4.900898376130742e-07,1.1927062085854759e-05,8.984622918563473e-08,-1.2355618031143256e-07,-3.561384494627227e-07,1.1603198076355672e-06,8.984622918563473e-08,1.0482118060862175e-05
605,1.0,0,5,transient,nominal_with_nominal_kf,nominal,nominal_kf,none,0,learned,0.12307887004131299,0.4095972225744437,0.06549616790921466,0.025108066712546378,0.03480206980318753,0.02861696769923057,0.017914878751601193,0.7003400823978664,78.11233909374911,0,0,0,True,0.28269661047931965,0.2787426987776559,0.506518326141191,0.41059939789505634,0.18465153396171044,1.047177541486824,0.8592041922992161,2.4344224135002753e-05,1.066237490346022e-06,1.2739773691864755e-05,1.4058188997521341e-05,-5.063812238902333e-07,1.066237490346022e-06,2.366800957405637e-05,-8.371411001404476e-07,-1.497674622994874e-06,-3.486548422999354e-07,1.2739773691864755e-05,-8.371411001404476e-07,7.815289339742992e-05,4.768468353224236e-05,1.0088425709450728e-06,1.4058188997521341e-05,-1.497674622994874e-06,4.768468353224236e-05,5.135601908141176e-05,-3.0278668674606707e-07,-5.063812238902333e-07,-3.486548422999354e-07,1.0088425709450728e-06,-3.0278668674606707e-07,1.0386293116037966e-05
605,1.0,0,5,transient,nominal_with_nominal_kf,nominal,nominal_kf,none,0,oracle,0.12307887004131299,0.4095972225744437,0.011649710999355687,0.025056393279851374,0.010616029545929951,0.009827821119328742,0.017967147959790174,0.7003400823978664,78.11233909374911,0,0,0,True,0.050838308941230335,0.2781952457910845,0.15736427191052657,0.14378892901803197,0.18515267845809433,0.36933038604616514,0.11066473444896488,7.872939736438412e-07,-1.391961291475556e-07,-1.7900192976368803e-06,2.1477668248150493e-06,-6.862665825883434e-08,-1.391961291475556e-07,2.3575132532713994e-05,8.530794128431367e-07,1.701880849271911e-07,-3.7282517283520937e-07,-1.7900192976368803e-06,8.530794128431367e-07,7.543397762052444e-06,-5.05544390873134e-06,8.969081934113939e-07,2.1477668248150493e-06,1.701880849271911e-07,-5.05544390873134e-06,6.298043169094842e-06,-1.894787611757185e-07,-6.862665825883434e-08,-3.7282517283520937e-07,8.969081934113939e-07,-1.894787611757185e-07,1.0442746444694745e-05
605,1.0,0,5,transient,learned_with_learned_kf,learned,learned_kf,none,0,nominal,0.1338834983636984,0.42738790827099454,0.014673642755387593,0.025273361262736757,0.012266394468714458,0.013011029996602592,0.017997294521775602,0.6095449993266197,57.887206391178744,0,0,0,True,0.04271902218792987,0.18503040420701616,0.012243455302455665,0.11886243859006046,0.18761791004310088,0.28293348692504333,0.11912884264114185,5.559008549762053e-07,-1.149998189011145e-07,1.1393545629833421e-07,-5.517590757541636e-07,6.808441240780551e-08,-1.149998189011145e-07,1.0428958284697269e-05,5.304032173437234e-09,-2.0195862118837578e-07,-2.767247412359829e-07,1.1393545629833421e-07,5.304032173437234e-09,4.5662820696899605e-08,-1.3174757673547624e-08,6.24000954076939e-08,-5.517590757541636e-07,-2.0195862118837578e-07,-1.3174757673547624e-08,4.303719988699715e-06,7.29513875528528e-08,6.808441240780551e-08,-2.767247412359829e-07,6.24000954076939e-08,7.29513875528528e-08,1.072267944431604e-05
605,1.0,0,5,transient,learned_with_learned_kf,learned,learned_kf,none,0,learned,0.1338834983636984,0.42738790827099454,0.06543435800139058,0.02509099905100877,0.03348695069064482,0.028450216190966476,0.017919165082643178,0.6095449993266197,57.887206391178744,0,0,0,True,0.18021163025642226,0.18372509046212834,0.028702271748530295,0.24640784087584264,0.18678890858640318,0.36016626238450705,0.2680133265225105,9.892825898658707e-06,-4.2223319514523157e-07,-3.189311266849726e-07,-5.169511426328958e-06,3.797812171162216e-07,-4.2223319514523157e-07,1.0282333243688435e-05,-4.235188268213205e-08,-5.968694028049219e-07,-2.6748570134109037e-07,-3.189311266849726e-07,-4.235188268213205e-08,2.5095004568988145e-07,1.5673325880163404e-06,5.266438435348495e-08,-5.169511426328958e-06,-5.968694028049219e-07,1.5673325880163404e-06,1.84954022782603e-05,-1.9977103079063884e-07,3.797812171162216e-07,-2.6748570134109037e-07,5.266438435348495e-08,-1.9977103079063884e-07,1.0628131132613066e-05
605,1.0,0,5,transient,learned_with_learned_kf,learned,learned_kf,none,0,oracle,0.1338834983636984,0.42738790827099454,0.011649710999355686,0.02505639327985137,0.010616029545929951,0.009827821119328742,0.01796714795979017,0.6095449993266197,57.887206391178744,0,0,0,True,0.0359124363551324,0.18349153581091396,0.010369474112371673,0.08676305164133295,0.18729889314101605,0.2642336959856986,0.07978506802515116,3.928660260319108e-07,6.400359102730811e-08,8.187607826177462e-08,-9.202969392033868e-07,1.9971809007375348e-08,6.400359102730811e-08,1.025620768466208e-05,3.001264530192692e-08,6.482380465492867e-08,-2.8301551947716844e-07,8.187607826177462e-08,3.001264530192692e-08,3.275429065950285e-08,-1.933857663735195e-07,4.417059109218751e-08,-9.202969392033868e-07,6.482380465492867e-08,-1.933857663735195e-07,2.2931072769765043e-06,-1.0464104318667766e-07,1.9971809007375348e-08,-2.8301551947716844e-07,4.417059109218751e-08,-1.0464104318667766e-07,1.0686245739631964e-05
605,1.0,0,8,broadband,nominal_with_nominal_kf,nominal,nominal_kf,none,0,nominal,0.16002186880583155,0.49812270087580884,0.014078586605266709,0.024250681266208635,0.018318888921918037,0.017461729431421522,0.0172318758449752,0.5462853526074329,81.34206214713868,0,0,0,True,0.05984689820647946,0.2670279363186901,0.22854220597469216,0.2086195863781272,0.1831419018492201,0.4998569351107666,0.33633447207329975,1.091033354716126e-06,5.632426481582502e-08,-2.5241971892633275e-06,1.5926510343252438e-06,4.176777697791435e-08,5.632426481582502e-08,2.17204157578053e-05,1.5728547187840513e-06,1.9228526914750524e-06,1.8968418627360038e-07,-2.5241971892633275e-06,1.5728547187840513e-06,1.591063691941249e-05,2.6451766447331774e-06,1.3157358089634877e-06,1.5926510343252438e-06,1.9228526914750524e-06,2.6451766447331774e-06,1.325759949880235e-05,1.4411809017947488e-07,4.176777697791435e-08,1.8968418627360038e-07,1.3157358089634877e-06,1.4411809017947488e-07,1.0217159538767607e-05
605,1.0,0,8,broadband,nominal_with_nominal_kf,nominal,nominal_kf,none,0,learned,0.16002186880583155,0.49812270087580884,0.03753284268523414,0.024142885843604352,0.029841380131040887,0.024286672496369413,0.017136304987654307,0.5462853526074329,81.34206214713868,0,0,0,True,0.15475324447309474,0.2657817548715757,0.3806426104168863,0.2769147543745249,0.1820790921080831,0.6151011140826871,0.576243902315106,7.295150588113049e-06,-1.2873647354065047e-06,-8.161650434378324e-06,-4.573951925678857e-06,-2.2161021637090853e-07,-1.2873647354065047e-06,2.1518156629117533e-05,-3.5148672193204186e-07,8.806609222433402e-07,8.16324430590861e-08,-8.161650434378324e-06,-3.5148672193204186e-07,4.41356514570112e-05,1.6828049711135313e-05,1.313976137425114e-06,-4.573951925678857e-06,8.806609222433402e-07,1.6828049711135313e-05,2.3358606330839197e-05,-8.559119781370956e-08,-2.2161021637090853e-07,8.16324430590861e-08,1.313976137425114e-06,-8.559119781370956e-08,1.009891911010383e-05
605,1.0,0,8,broadband,nominal_with_nominal_kf,nominal,nominal_kf,none,0,oracle,0.16002186880583155,0.49812270087580884,0.012314854296635853,0.02419050493953399,0.011530786299586909,0.010064083669595568,0.01715452449326375,0.5462853526074329,81.34206214713868,0,0,0,True,0.05273606917336828,0.2663681764214386,0.16151465335206117,0.13720052255302073,0.18228259030392632,0.36781662598449993,0.10240932325574399,8.471693713667683e-07,8.589070634949482e-08,-1.925473507304529e-06,2.11986268276811e-06,2.540038754180928e-08,8.589070634949482e-08,2.1613216816711965e-05,3.931071283406764e-07,9.204933972847363e-07,1.1919491513558978e-07,-1.925473507304529e-06,3.931071283406764e-07,7.946549526853194e-06,-5.24296797866798e-06,1.0582592232418854e-06,2.11986268276811e-06,9.204933972847363e-07,-5.24296797866798e-06,5.734113250010807e-06,-7.93404499749466e-08,2.540038754180928e-08,1.1919491513558978e-07,1.0582592232418854e-06,-7.93404499749466e-08,1.0121505561176397e-05
605,1.0,0,8,broadband,learned_with_learned_kf,learned,learned_kf,none,0,nominal,0.1611667214021716,0.47984780780745506,0.014060041307334775,0.024248118200582813,0.018404248136002124,0.01760682522640104,0.01722422376183571,0.4131257912337182,60.151162278528865,0,0,0,True,0.03800107685016633,0.1761023669129628,0.012144500115914548,0.12920553182848507,0.1772962845431654,0.2888459277832879,0.13006089523232672,4.3989248460149987e-07,-3.3655926525785237e-08,9.39506201883159e-08,-6.911072278866701e-07,-1.1509258416338839e-08,-3.3655926525785237e-08,9.446808713598605e-06,3.458678415928659e-08,7.563968891382879e-07,1.1605562687211191e-07,9.39506201883159e-08,3.458678415928659e-08,4.492768300662048e-08,1.1313206227787809e-08,6.349309763834632e-08,-6.911072278866701e-07,7.563968891382879e-07,1.1313206227787809e-08,5.085304363147083e-06,7.175748028067758e-08,-1.1509258416338839e-08,1.1605562687211191e-07,6.349309763834632e-08,7.175748028067758e-08,9.57533560049883e-06
605,1.0,0,8,broadband,learned_with_learned_kf,learned,learned_kf,none,0,learned,0.1611667214021716,0.47984780780745506,0.037259236654247005,0.024172612093947728,0.028123794719857074,0.024014627265125266,0.01714046737473642,0.4131257912337182,60.151162278528865,0,0,0,True,0.08111528710435367,0.17552927994076548,0.018693582063026116,0.16796061763671702,0.17642611322100105,0.34379693469589534,0.17546303724450765,2.0042881304887778e-06,4.3623845642799395e-07,2.3596630065007482e-07,1.5183416201072519e-06,1.3799781161139142e-07,4.3623845642799395e-07,9.38542357712126e-06,-1.40554271462414e-08,4.9314797500476e-07,5.529697057739628e-08,2.3596630065007482e-07,-1.40554271462414e-08,1.064485604963697e-07,3.3920038442184606e-07,6.703125795160068e-08,1.5183416201072519e-06,4.9314797500476e-07,3.3920038442184606e-07,8.593491686406217e-06,-5.24477576365088e-08,1.3799781161139142e-07,5.529697057739628e-08,6.703125795160068e-08,-5.24477576365088e-08,9.481574636943824e-06
605,1.0,0,8,broadband,learned_with_learned_kf,learned,learned_kf,none,0,oracle,0.1611667214021716,0.47984780780745506,0.012314854296635848,0.02419050493953399,0.011530786299586907,0.010064083669595566,0.01715452449326375,0.4131257912337182,60.151162278528865,0,0,0,True,0.03474804218878194,0.1756891618540709,0.010297920133560207,0.08330288859205287,0.1765729972265339,0.25795997276623306,0.07589113535952909,3.67803125502377e-07,-5.1335104027729837e-08,8.204181204365758e-08,-8.56177546916589e-07,-1.8039563628599577e-09,-5.1335104027729837e-08,9.402528904233265e-06,-1.4102520745807e-10,3.646344667459509e-07,8.5295573010593e-08,8.204181204365758e-08,-1.4102520745807e-10,3.230381197380262e-08,-1.9586199178245609e-07,5.32563125103156e-08,-8.56177546916589e-07,3.646344667459509e-07,-1.9586199178245609e-07,2.113853364440808e-06,-5.170623922721937e-08,-1.8039563628599577e-09,8.5295573010593e-08,5.32563125103156e-08,-5.170623922721937e-08,9.497369026793196e-06
605,1.0,0,8,transient,nominal_with_nominal_kf,nominal,nominal_kf,none,0,nominal,0.14364177383937957,0.45810844205688867,0.015117341931488615,0.02494019018174898,0.03126210978100657,0.03080510745870161,0.01804897965074871,0.6868495507748331,84.01133554909339,0,0,0,True,0.06575607745062045,0.2768509424051609,0.44916735646879197,0.43086171835079895,0.18693953018462336,0.952018377474258,0.8293241322783145,1.317123601176331e-06,9.344946034618197e-08,-4.254721177976091e-06,5.853076867341824e-07,-6.02080581408265e-08,9.344946034618197e-08,2.334784210172846e-05,6.966353090015882e-06,6.470760546143187e-06,6.879184892135569e-07,-4.254721177976091e-06,6.966353090015882e-06,6.14569647449479e-05,4.57513099913339e-05,2.860633976193522e-06,5.853076867341824e-07,6.470760546143187e-06,4.57513099913339e-05,5.654973231654041e-05,2.284047803180483e-06,-6.02080581408265e-08,6.879184892135569e-07,2.860633976193522e-06,2.284047803180483e-06,1.064527852686854e-05
605,1.0,0,8,transient,nominal_with_nominal_kf,nominal,nominal_kf,none,0,learned,0.14364177383937957,0.45810844205688867,0.06225763272942838,0.024765840808559567,0.03697890510526993,0.03068627074709551,0.01800485519663907,0.6868495507748331,84.01133554909339,0,0,0,True,0.26856121277622097,0.27490292463644295,0.5435605454431115,0.4253109972629459,0.18647760912957173,0.8964131959788104,0.9090788663383432,2.197056948168039e-05,-3.7577562162541457e-06,-1.9697552956295113e-05,-1.6104394915017937e-05,-9.776188349283344e-07,-3.7577562162541457e-06,2.3020431276246157e-05,9.27547363509495e-07,9.51854530263894e-07,6.474325147452188e-07,-1.9697552956295113e-05,9.27547363509495e-07,9.00016738914118e-05,5.3319757083225554e-05,3.970571151966588e-06,-1.6104394915017937e-05,9.51854530263894e-07,5.3319757083225554e-05,5.510207581758651e-05,2.7650891977609364e-06,-9.776188349283344e-07,6.474325147452188e-07,3.970571151966588e-06,2.7650891977609364e-06,1.059273529995363e-05
605,1.0,0,8,transient,nominal_with_nominal_kf,nominal,nominal_kf,none,0,oracle,0.14364177383937957,0.45810844205688867,0.012423055722873732,0.024586492377288063,0.011503936238948314,0.009995516459200245,0.018021080719408035,0.6868495507748331,84.01133554909339,0,0,0,True,0.054182959860767696,0.27287891553109855,0.17078837258483637,0.1470925638175802,0.18663748421908083,0.3889134045729274,0.1156903191310603,8.942937311130341e-07,2.1548540251180535e-08,-2.0877983256660172e-06,2.3396606404851718e-06,1.0335435508699646e-07,2.1548540251180535e-08,2.268269724199907e-05,1.0392138630331695e-06,7.713387701716494e-07,4.760065650419835e-07,-2.0877983256660172e-06,1.0392138630331695e-06,8.885284448798675e-06,-5.6994894931626686e-06,9.137851757779847e-07,2.3396606404851718e-06,7.713387701716494e-07,-5.6994894931626686e-06,6.590770220226819e-06,3.276501527785388e-07,1.0335435508699646e-07,4.760065650419835e-07,9.137851757779847e-07,3.276501527785388e-07,1.0610906280080465e-05
605,1.0,0,8,transient,learned_with_learned_kf,learned,learned_kf,none,0,nominal,0.15262186120036172,0.5149471615066267,0.015046489035074075,0.024931201432734734,0.031323880126613836,0.030863785381579197,0.01805162892213675,0.5865080398587216,63.28654206195572,0,0,0,True,0.04568220760628258,0.18253055436780696,0.026770062699330778,0.26127349428222524,0.18789068094900363,0.4263967196054466,0.2813916958119032,6.356951550846234e-07,5.555127669568815e-09,1.9000791545487326e-07,-2.8349272634096877e-07,2.5872803912505947e-08,5.555127669568815e-09,1.014906142048243e-05,2.787487298336689e-07,2.545600600183293e-06,4.5900558350324763e-07,1.9000791545487326e-07,2.787487298336689e-07,2.1829988751043365e-07,1.5536724242799283e-06,1.9323479550387499e-07,-2.8349272634096877e-07,2.545600600183293e-06,1.5536724242799283e-06,2.0794354444391695e-05,1.4480294504446244e-06,2.5872803912505947e-08,4.5900558350324763e-07,1.9323479550387499e-07,1.4480294504446244e-06,1.0753880742113828e-05
605,1.0,0,8,transient,learned_with_learned_kf,learned,learned_kf,none,0,learned,0.15262186120036172,0.5149471615066267,0.06213795777260648,0.02479251619096812,0.035647339606291406,0.030553608980100115,0.018005999416115057,0.5865080398587216,63.28654206195572,0,0,0,True,0.17169461197898078,0.18149845870085243,0.03315835080737297,0.2561372184397274,0.18740567939877348,0.510487204043627,0.2808401959269357,8.979829036369238e-06,1.6585578672531147e-06,8.580351327316614e-07,6.589947210767023e-06,7.429604326538914e-07,1.6585578672531147e-06,1.003461276680764e-05,1.0159718536411534e-07,4.776090706410195e-07,4.4079349547834014e-07,8.580351327316614e-07,1.0159718536411534e-07,3.3491961177084917e-07,1.8529062413216512e-06,2.5308932007555107e-07,6.589947210767023e-06,4.776090706410195e-07,1.8529062413216512e-06,1.998481411180587e-05,1.6994201607297854e-06,7.429604326538914e-07,4.4079349547834014e-07,2.5308932007555107e-07,1.6994201607297854e-06,1.0698434487550639e-05
605,1.0,0,8,transient,learned_with_learned_kf,learned,learned_kf,none,0,oracle,0.15262186120036172,0.5149471615066267,0.012423055722873727,0.02458649237728806,0.01150393623894831,0.00999551645920025,0.01802108071940804,0.5865080398587216,63.28654206195572,0,0,0,True,0.038486603555239654,0.17998263482961985,0.011160806365087036,0.08870651795840642,0.1875683726440314,0.274280578136387,0.08095716620787104,4.512050042832671e-07,3.9888467606551674e-10,9.631360971258995e-08,-1.0079991757178706e-06,-9.406339400363602e-08,3.9888467606551674e-10,9.86770018892415e-06,4.734266941426278e-08,3.0681142766618217e-07,3.268939289947369e-07,9.631360971258995e-08,4.734266941426278e-08,3.794424204111878e-08,-2.1922511003581502e-07,5.6609218797501575e-08,-1.0079991757178706e-06,3.0681142766618217e-07,-2.1922511003581502e-07,2.396987665226409e-06,2.0964963712080152e-07,-9.406339400363602e-08,3.268939289947369e-07,5.6609218797501575e-08,2.0964963712080152e-07,1.0717017900310922e-05
605,1.0,0,11,broadband,nominal_with_nominal_kf,nominal,nominal_kf,none,2,nominal,0.22565505999499763,0.702368105759491,0.05388146100458081,0.02499508551809754,0.020557833574113463,0.01999681171948103,0.018016430477524974,0.5234649900834609,65.1320011119291,0,0,0,True,0.2212132657007115,0.2752051737138579,0.2495840374650346,0.2339242857362606,0.19237577402132472,0.6902817331941736,0.39870141980139023,1.4906547540277093e-05,3.798452855450394e-07,6.6894092112316825e-06,1.0797673918597373e-05,-1.578523901672226e-07,3.798452855450394e-07,2.3071079912649658e-05,2.3944238028832195e-06,2.0809044411719843e-06,7.648139113511722e-08,6.6894092112316825e-06,2.3944238028832195e-06,1.8975286725982157e-05,6.389359356656364e-06,1.2373087645221884e-06,1.0797673918597373e-05,2.0809044411719843e-06,6.389359356656364e-06,1.6668839286552475e-05,2.3826722140928085e-07,-1.578523901672226e-07,7.648139113511722e-08,1.2373087645221884e-06,2.3826722140928085e-07,1.127341502497441e-05
605,1.0,0,11,broadband,nominal_with_nominal_kf,nominal,nominal_kf,none,2,learned,0.22565505999499763,0.702368105759491,0.034269074059890714,0.024927794041836433,0.024771234719170226,0.022827404612305292,0.017990409281271876,0.5234649900834609,65.1320011119291,0,0,0,True,0.14091085024273328,0.27441301569458876,0.29377369236591283,0.2616880052909293,0.1920050421798249,0.5595210576845708,0.4812567427680914,6.048443191313728e-06,-1.2521283210720086e-06,-7.410004453827128e-06,-2.7101845844256598e-06,-4.966879136450694e-08,-1.2521283210720086e-06,2.29384542229636e-05,1.3586646288500435e-06,9.811961805698183e-07,4.681480642698146e-08,-7.410004453827128e-06,1.3586646288500435e-06,2.6289391796136026e-05,1.1701034089328898e-05,1.194991571392544e-06,-2.7101845844256598e-06,9.811961805698183e-07,1.1701034089328898e-05,2.0860387367320783e-05,1.3828902368265684e-07,-4.966879136450694e-08,4.681480642698146e-08,1.194991571392544e-06,1.3828902368265684e-07,1.12300063701121e-05
605,1.0,0,11,broadband,nominal_with_nominal_kf,nominal,nominal_kf,none,2,oracle,0.22565505999499763,0.702368105759491,0.0129481781921507,0.024995015280001344,0.00961910478231281,0.009643421494552332,0.01799248548942457,0.5234649900834609,65.1320011119291,0,0,0,True,0.05557038742352877,0.2751961951472153,0.1346027579527084,0.13228408217992932,0.19202888495641396,0.3761571493026731,0.07263227177195353,9.406792936141474e-07,5.1613241640894596e-08,-1.9272370909788817e-06,2.138505505564291e-06,-8.277250225270168e-08,5.1613241640894596e-08,2.3069574549602436e-05,1.5184959394243437e-06,1.018071075866249e-06,-4.283490433917869e-09,-1.9272370909788817e-06,1.5184959394243437e-06,5.519028695801866e-06,-4.621279891181858e-06,6.327378077795469e-07,2.138505505564291e-06,1.018071075866249e-06,-4.621279891181858e-06,5.3305241103008395e-06,-2.1935250260290848e-07,-8.277250225270168e-08,-4.283490433917869e-09,6.327378077795469e-07,-2.1935250260290848e-07,1.1232795579755031e-05
605,1.0,0,11,broadband,learned_with_learned_kf,learned,learned_kf,none,2,nominal,0.19962035103794712,0.6026950745311771,0.05520467044333872,0.025000819311231007,0.020702930468288267,0.020140333830169128,0.018026807570869,0.5836242285505241,79.11016021144911,0,0,0,True,0.11783592913181151,0.32328231903470256,0.12269122277848953,0.2403653991036007,0.24442103865690534,0.5959535728133901,0.30472765840125304,4.229706145873524e-06,2.5650406924908686e-07,1.8012306180141439e-06,5.722383814499233e-06,-1.2316970879206626e-07,2.5650406924908686e-07,3.1836010613322136e-05,1.4332070891553392e-06,2.574509073552044e-06,1.0598967237902374e-07,1.8012306180141439e-06,1.4332070891553392e-06,4.58544749276091e-06,3.050786800373547e-06,7.439181475083346e-07,5.722383814499233e-06,2.574509073552044e-06,3.050786800373547e-06,1.7599431378590623e-05,3.0423193722273446e-07,-1.2316970879206626e-07,1.0598967237902374e-07,7.439181475083346e-07,3.0423193722273446e-07,1.8198345491169986e-05
605,1.0,0,11,broadband,learned_with_learned_kf,learned,learned_kf,none,2,learned,0.19962035103794712,0.6026950745311771,0.03500130057497362,0.02493594237394036,0.025051469203045375,0.023076059409293224,0.017990398874378255,0.5836242285505241,79.11016021144911,0,0,0,True,0.07428584105292746,0.3224291321431789,0.14335392809240932,0.27018410688735167,0.243828721626143,0.5391083715652236,0.36214080845487023,1.6809965598248163e-06,-7.760092365820509e-07,-1.8160829542983566e-06,-1.9941016629671863e-06,-5.463962885878875e-08,-7.760092365820509e-07,3.1668193055076674e-05,8.750592462648673e-07,1.3984448751354877e-06,5.8714224203196776e-08,-1.8160829542983566e-06,8.750592462648673e-07,6.25999419656604e-06,5.726223362851259e-06,7.047772191506051e-07,-1.9941016629671863e-06,1.3984448751354877e-06,5.726223362851259e-06,2.2236904596658507e-05,1.6611897026140303e-07,-5.463962885878875e-08,5.8714224203196776e-08,7.047772191506051e-07,1.6611897026140303e-07,1.8110250545124738e-05
605,1.0,0,11,broadband,learned_with_learned_kf,learned,learned_kf,none,2,oracle,0.19962035103794712,0.6026950745311771,0.012948178192150701,0.02499501528000134,0.009619104782312815,0.00964342149455233,0.01799248548942457,0.5836242285505241,79.11016021144911,0,0,0,True,0.02358319511581416,0.32320276453907565,0.06961491189303534,0.13310461313255462,0.24385928740195528,0.4353770360995982,0.08231501705483776,1.6941818449588755e-07,7.929415234237062e-08,-3.728311801487564e-07,8.501863093038355e-07,-4.229188441831764e-08,7.929415234237062e-08,3.182034389732659e-05,9.484750303737816e-07,1.225967315688308e-06,-1.1694600994642697e-08,-3.728311801487564e-07,9.484750303737816e-07,1.4762478931654733e-06,-2.4045451176624205e-06,3.931244169517553e-07,8.501863093038355e-07,1.225967315688308e-06,-2.4045451176624205e-06,5.396857489660835e-06,-2.8391604713834364e-07,-4.229188441831764e-08,-1.1694600994642697e-08,3.931244169517553e-07,-2.8391604713834364e-07,1.811479134368577e-05
605,1.0,0,11,transient,nominal_with_nominal_kf,nominal,nominal_kf,none,2,nominal,0.18991550618266972,0.5987225469721088,0.09775600847390004,0.026804017397576436,0.03259407642707371,0.03267942461987224,0.018817704718016536,0.732162923807959,67.60601094371548,0,0,0,True,0.4229103535919854,0.2976989482144605,0.4557831121236237,0.45207156214132865,0.19528521714535496,1.3705111291473862,0.8578319572308808,5.448179030562016e-05,6.628001477067375e-06,4.8343500626701316e-05,5.312010063242839e-05,8.338754059874161e-07,6.628001477067375e-06,2.6996616406471557e-05,7.96069143592403e-06,8.729059317311548e-06,-6.088978840412357e-07,4.8343500626701316e-05,7.96069143592403e-06,6.328068827341964e-05,4.931279669472559e-05,1.92313787490838e-06,5.312010063242839e-05,8.729059317311548e-06,4.931279669472559e-05,6.225426525575293e-05,5.241260064610215e-07,8.338754059874161e-07,-6.088978840412357e-07,1.92313787490838e-06,5.241260064610215e-07,1.161698619090706e-05
605,1.0,0,11,transient,nominal_with_nominal_kf,nominal,nominal_kf,none,2,learned,0.18991550618266972,0.5987225469721088,0.053806039380176286,0.026298268340982808,0.027057559740059987,0.02669818799498433,0.01881845421568681,0.732162923807959,67.60601094371548,0,0,0,True,0.23142227186886863,0.2920138921988508,0.35605083136437776,0.33660081534136177,0.19541816867734502,0.7485643462931965,0.6238302821096952,1.631417214626655e-05,-1.379981734852323e-06,-5.4202204081848596e-06,3.340397554930236e-07,7.179398628595247e-07,-1.379981734852323e-06,2.597537111405217e-05,1.7988367454508617e-06,2.5849979525039672e-06,-7.090564174083566e-07,-5.4202204081848596e-06,1.7988367454508617e-06,3.861701879393862e-05,2.2707997605888974e-05,1.2673359485032448e-06,3.340397554930236e-07,2.5849979525039672e-06,2.2707997605888974e-05,3.451318683115871e-05,-8.219907268707452e-08,7.179398628595247e-07,-7.090564174083566e-07,1.2673359485032448e-06,-8.219907268707452e-08,1.1632809425103814e-05
605,1.0,0,11,transient,nominal_with_nominal_kf,nominal,nominal_kf,none,2,oracle,0.18991550618266972,0.5987225469721088,0.013167745607862198,0.026330746965501816,0.00960362936709099,0.00959093237390866,0.018821707720282053,0.732162923807959,67.60601094371548,0,0,0,True,0.05766176082523807,0.292457154108201,0.14674058009938723,0.14464955290062423,0.19544801820117616,0.39606613789095346,0.08796334831923074,1.0128159589599508e-06,2.6095034750671416e-08,-2.0951079444562925e-06,2.43236850883383e-06,-4.227853998305856e-08,2.6095034750671416e-08,2.6054289491904405e-05,1.228418589674545e-06,1.7039390543644115e-06,-6.685254024147692e-07,-2.0951079444562925e-06,1.228418589674545e-06,6.559265321217515e-06,-5.2879665525504814e-06,9.489768933513951e-07,2.43236850883383e-06,1.7039390543644115e-06,-5.2879665525504814e-06,6.373660497603104e-06,-1.716955691781036e-07,-4.227853998305856e-08,-6.685254024147692e-07,9.489768933513951e-07,-1.716955691781036e-07,1.1636363448191404e-05
605,1.0,0,11,transient,learned_with_learned_kf,learned,learned_kf,none,2,nominal,0.17809072055651395,0.5737438873219727,0.09851817407275333,0.026813128687565285,0.03280084624739568,0.032841283884832526,0.018815072770575713,0.7809341728860913,81.57983061239999,0,0,0,True,0.17904854837465684,0.34741233255580356,0.23374858418655317,0.45704139905411284,0.2503061484503623,0.9905842844739394,0.6563429579443878,9.7655418130153e-06,3.0375178251495876e-06,9.929128358795204e-06,2.1390658259502316e-05,5.188263802581949e-07,3.0375178251495876e-06,3.676589964297847e-05,4.8023892709964676e-06,1.0368540543248001e-05,-9.356030803697377e-07,9.929128358795204e-06,4.8023892709964676e-06,1.6643808614852553e-05,2.5475282357735035e-05,1.2274412595649288e-06,2.1390658259502316e-05,1.0368540543248001e-05,2.5475282357735035e-05,6.363057036507605e-05,6.943073851289878e-07,5.188263802581949e-07,-9.356030803697377e-07,1.2274412595649288e-06,6.943073851289878e-07,1.908524636301824e-05
605,1.0,0,11,transient,learned_with_learned_kf,learned,learned_kf,none,2,learned,0.17809072055651395,0.5737438873219727,0.0542439229440336,0.02630410929112694,0.02731872209914623,0.02687116059078844,0.018819242416194253,0.7809341728860913,81.57983061239999,0,0,0,True,0.10085638463478114,0.3407941606747369,0.1808562247728456,0.3432118638928273,0.2504792260929077,0.6487345898426173,0.4754620715422046,3.0985715382092296e-06,-8.356843836360801e-07,-1.4309785683552063e-06,-1.2700927549139743e-06,3.950049614071414e-07,-8.356843836360801e-07,3.5378468166294034e-05,1.015564000734111e-06,3.203476673091353e-06,-1.053911257799711e-06,-1.4309785683552063e-06,1.015564000734111e-06,9.963723275656829e-06,1.1508571609632044e-05,9.265185724799266e-07,-1.2700927549139743e-06,3.203476673091353e-06,1.1508571609632044e-05,3.5882221172250144e-05,-7.566449891887116e-08,3.950049614071414e-07,-1.053911257799711e-06,9.265185724799266e-07,-7.566449891887116e-08,1.91116490023475e-05
605,1.0,0,11,transient,learned_with_learned_kf,learned,learned_kf,none,2,oracle,0.17809072055651395,0.5737438873219727,0.013167745607862208,0.026330746965501823,0.009603629367090994,0.009590932373908656,0.018821707720282053,0.7809341728860913,81.57983061239999,0,0,0,True,0.021465603090711733,0.3411550291554094,0.07795064450884805,0.14444875336253707,0.2505068102390053,0.4531403109060475,0.09242505032878845,1.4035921310019542e-07,2.0930810190664764e-08,-3.6856959900860845e-07,8.392157317723872e-07,-3.378877715623476e-08,2.0930810190664764e-08,3.5453432675860365e-05,7.735539651758337e-07,1.980378759447212e-06,-1.0005808004146781e-06,-3.6856959900860845e-07,7.735539651758337e-07,1.8509477354103032e-06,-2.8023820836996627e-06,6.300239018403779e-07,8.392157317723872e-07,1.980378759447212e-06,-2.8023820836996627e-06,6.355977210753361e-06,-2.225868361320691e-07,-3.378877715623476e-08,-1.0005808004146781e-06,6.300239018403779e-07,-2.225868361320691e-07,1.9115858593333264e-05
605,1.0,0,14,broadband,nominal_with_nominal_kf,nominal,nominal_kf,none,2,nominal,0.20742771389023323,0.6311378599493537,0.0679300236537839,0.025609869173323956,0.021963449946499687,0.019313886015607972,0.018929616769810722,0.5312424154851657,64.78617872939,0,0,0,True,0.2786226836553945,0.2815942793449591,0.2654418336248228,0.22553618160782432,0.20101375369166025,0.7292086607070563,0.4092815850337103,2.364763302198935e-05,2.3824290994690496e-06,4.512768900319881e-06,7.268151321943774e-06,6.599925522570902e-07,2.3824290994690496e-06,2.41547413113549e-05,3.760300975922518e-06,3.7861712452077594e-06,2.6745362267370197e-08,4.512768900319881e-06,3.760300975922518e-06,2.146315058695316e-05,7.034450812975209e-06,1.941865847560084e-06,7.268151321943774e-06,3.7861712452077594e-06,7.034450812975209e-06,1.5494843067443054e-05,1.082109753649973e-06,6.599925522570902e-07,2.6745362267370197e-08,1.941865847560084e-06,1.082109753649973e-06,1.2308532659280038e-05
605,1.0,0,14,broadband,nominal_with_nominal_kf,nominal,nominal_kf,none,2,learned,0.20742771389023323,0.6311378599493537,0.04883416781544299,0.025109460578450038,0.030104764321486305,0.028657108068657573,0.018958985646853107,0.5312424154851657,64.78617872939,0,0,0,True,0.20022020198565188,0.2762221350341282,0.3530632092396452,0.3186274418628457,0.20137715541890155,0.6616108637759485,0.6130515000988762,1.2211542506316836e-05,-3.506217172655954e-07,-1.289694694070733e-05,-8.909488170732132e-06,5.540205578579985e-07,-3.506217172655954e-07,2.3241903343625248e-05,2.262962755571033e-06,2.4786677973062787e-06,3.503869577163672e-08,-1.289694694070733e-05,2.262962755571033e-06,3.797166705192694e-05,2.2793769931980364e-05,1.6437272362040146e-06,-8.909488170732132e-06,2.4786677973062787e-06,2.2793769931980364e-05,3.092581038406299e-05,7.067992300347822e-07,5.540205578579985e-07,3.503869577163672e-08,1.6437272362040146e-06,7.067992300347822e-07,1.2353076727923157e-05
605,1.0,0,14,broadband,nominal_with_nominal_kf,nominal,nominal_kf,none,2,oracle,0.20742771389023323,0.6311378599493537,0.013454734249615314,0.02528446275567603,0.00988534120080044,0.009567459541283824,0.01896583538544196,0.5312424154851657,64.78617872939,0,0,0,True,0.057215307483059676,0.2781565283651704,0.13402473067223922,0.1281792747499888,0.20145534456447772,0.38831434876046966,0.07624580217695572,9.971929688662122e-07,9.294441097731012e-08,-1.946989885233768e-06,2.1333535649717317e-06,3.586195050166627e-08,9.294441097731012e-08,2.3568570918563946e-05,1.0495761662709087e-06,1.4658945618897116e-06,3.896194582194267e-08,-1.946989885233768e-06,1.0495761662709087e-06,5.47172952547201e-06,-4.352850809717984e-06,5.911033332283875e-07,2.1333535649717317e-06,1.4658945618897116e-06,-4.352850809717984e-06,5.004841810231767e-06,1.5597234130380076e-07,3.586195050166627e-08,3.896194582194267e-08,5.911033332283875e-07,1.5597234130380076e-07,1.2362671302084956e-05
605,1.0,0,14,broadband,learned_with_learned_kf,learned,learned_kf,none,2,nominal,0.18640686567370188,0.5478925633826379,0.06960724012746322,0.02560086055386125,0.022004972821836485,0.019271503030859893,0.01892460449249067,0.5942575764336038,78.07664245347424,0,0,0,True,0.14892500740863682,0.3309397231134359,0.12978411116934865,0.23008204467726878,0.25565501324459605,0.627119419991268,0.3023642155210731,6.756005523013317e-06,1.4959992874576797e-06,1.251793095912748e-06,3.7594570509901e-06,4.171551849272087e-07,1.4959992874576797e-06,3.336203499606542e-05,2.074377891889691e-06,4.53813923919562e-06,-2.2483163205076523e-08,1.251793095912748e-06,2.074377891889691e-06,5.130950082376194e-06,3.296334557276891e-06,1.1175097697867656e-06,3.7594570509901e-06,4.53813923919562e-06,3.296334557276891e-06,1.6125759986629525e-05,1.329304450263199e-06,4.171551849272087e-07,-2.2483163205076523e-08,1.1175097697867656e-06,1.329304450263199e-06,1.9909637922096978e-05
605,1.0,0,14,broadband,learned_with_learned_kf,learned,learned_kf,none,2,learned,0.18640686567370188,0.5478925633826379,0.049971871294524316,0.0251079892844766,0.030480073135577497,0.029004764835686047,0.018958870784117277,0.5942575764336038,78.07664245347424,0,0,0,True,0.10689907298917209,0.32460135356777836,0.17173972453420366,0.3310351069423751,0.2561736168456425,0.6156111130213673,0.4619086446867101,3.480988699166937e-06,-2.614345231985699e-07,-3.2235802876728894e-06,-5.471128331555262e-06,3.4365261994567714e-07,-2.614345231985699e-07,3.2096330853526256e-05,1.248854736896373e-06,3.0194917108228826e-06,4.9068821522719576e-08,-3.2235802876728894e-06,1.248854736896373e-06,8.984548535121067e-06,1.131361602011854e-05,9.205210473928319e-07,-5.471128331555262e-06,3.0194917108228826e-06,1.131361602011854e-05,3.338126905595809e-05,8.156268307053335e-07,3.4365261994567714e-07,4.9068821522719576e-08,9.205210473928319e-07,8.156268307053335e-07,1.999049440352864e-05
605,1.0,0,14,broadband,learned_with_learned_kf,learned,learned_kf,none,2,oracle,0.18640686567370188,0.5478925633826379,0.013454734249615317,0.025284462755676026,0.00988534120080044,0.009567459541283822,0.01896583538544196,0.5942575764336038,78.07664245347424,0,0,0,True,0.025315803252145448,0.3268824931936947,0.06880777365715417,0.1291968148311625,0.2562736508916286,0.45051337345220327,0.08155643936142835,1.9522622596945e-07,5.909018500223431e-08,-3.917280083479821e-07,8.799814359979844e-07,-8.78810282283119e-09,5.909018500223431e-08,3.2549030604910224e-05,6.482166032483806e-07,1.7277991045163118e-06,5.8839838900069595e-08,-3.917280083479821e-07,6.482166032483806e-07,1.4422141335376735e-06,-2.2503419790211883e-06,3.503477291990832e-07,8.799814359979844e-07,1.7277991045163118e-06,-2.2503419790211883e-06,5.084618214674154e-06,2.0090974459268805e-07,-8.78810282283119e-09,5.8839838900069595e-08,3.503477291990832e-07,2.0090974459268805e-07,2.0006109754566964e-05
605,1.0,0,14,transient,nominal_with_nominal_kf,nominal,nominal_kf,none,2,nominal,0.1758657371512147,0.5659403613051486,0.12494600605754266,0.025718881493968174,0.02974530491156499,0.027281171101164226,0.018376147191812242,0.707285116826365,64.9398849009096,0,0,0,True,0.540104593443909,0.2849722178711927,0.4215452545298712,0.3781706173006622,0.19045598962824495,1.2925164304844001,0.7387256876176048,8.886085280606536e-05,5.764738990629876e-06,4.5961421343597696e-05,4.829112818245375e-05,-1.130473823677893e-08,5.764738990629876e-06,2.4737726292669077e-05,4.5912232624092966e-06,2.62025194386825e-06,3.9500465038830564e-07,4.5961421343597696e-05,4.5912232624092966e-06,5.4130637835526975e-05,3.426979848188126e-05,1.139832070117558e-06,4.829112818245375e-05,2.62025194386825e-06,3.426979848188126e-05,4.3564255865732774e-05,2.5313812436136265e-07,-1.130473823677893e-08,3.9500465038830564e-07,1.139832070117558e-06,2.5313812436136265e-07,1.1049535098268706e-05
605,1.0,0,14,transient,nominal_with_nominal_kf,nominal,nominal_kf,none,2,learned,0.1758657371512147,0.5659403613051486,0.08144491025364926,0.025534862070801446,0.03508988670676091,0.033352515783169855,0.018374767149816965,0.707285116826365,64.9398849009096,0,0,0,True,0.35027342132617245,0.28296526201516725,0.46371136330699536,0.41058453097716713,0.19041090143513692,0.8268884034889741,0.8189349952047067,3.7373958926058306e-05,-2.6707643676478704e-06,-1.8253063835801567e-05,-1.3512834724915487e-05,1.9382214464545043e-07,-2.6707643676478704e-06,2.4390515604743432e-05,-7.189686165393451e-08,-1.543180503557561e-06,5.00130792713155e-07,-1.8253063835801567e-05,-7.189686165393451e-08,6.550134413480191e-05,4.371970354451966e-05,8.913691678677773e-07,-1.3512834724915487e-05,-1.543180503557561e-06,4.371970354451966e-05,5.135230016754939e-05,5.573552262158905e-08,1.9382214464545043e-07,5.00130792713155e-07,8.913691678677773e-07,5.573552262158905e-08,1.1044304025186172e-05
605,1.0,0,14,transient,nominal_with_nominal_kf,nominal,nominal_kf,none,2,oracle,0.1758657371512147,0.5659403613051486,0.013582018441069321,0.025888617407410476,0.009634912372304915,0.009579896346630964,0.018376960889943374,0.707285116826365,64.9398849009096,0,0,0,True,0.05942542536196975,0.28684601856570097,0.14748000902094494,0.14315962224145892,0.19043235045917603,0.39416453408442753,0.07788427896033799,1.0757202231677188e-06,-3.9032116570609647e-07,-2.305171223398953e-06,2.4840491193809626e-06,-2.802620018542059e-08,-3.9032116570609647e-07,2.5064115757757105e-05,2.5860203021920957e-06,7.611478061135217e-07,5.112343190407186e-07,-2.305171223398953e-06,2.5860203021920957e-06,6.625536428836319e-06,-5.510387414693838e-06,5.327048352769149e-07,2.4840491193809626e-06,7.611478061135217e-07,-5.510387414693838e-06,6.243035761230295e-06,-5.304370872892715e-09,-2.802620018542059e-08,5.112343190407186e-07,5.327048352769149e-07,-5.304370872892715e-09,1.1046792358396864e-05
605,1.0,0,14,transient,learned_with_learned_kf,learned,learned_kf,none,2,nominal,0.17046457795960565,0.5807721697341797,0.12596653542793923,0.025700873305448742,0.02991493146426684,0.027454266006898046,0.018379569000095977,0.7557527572301072,78.5005281296556,0,0,0,True,0.22948003957631952,0.33282795825234945,0.2167644564040854,0.3827954114181243,0.24457001660551503,0.8872555059156697,0.5565953277298685,1.604148492150954e-05,2.973023132850613e-06,9.332929520473499e-06,1.912186382825627e-05,2.6538743366967192e-08,2.973023132850613e-06,3.374382707467085e-05,2.7010021846840993e-06,2.983266584977028e-06,5.734700210833434e-07,9.332929520473499e-06,2.7010021846840993e-06,1.431300678457337e-05,1.771033528788167e-05,7.304270691259667e-07,1.912186382825627e-05,2.983266584977028e-06,1.771033528788167e-05,4.4636299366926354e-05,2.7038419289424596e-07,2.6538743366967192e-08,5.734700210833434e-07,7.304270691259667e-07,2.7038419289424596e-07,1.8220536530340245e-05
605,1.0,0,14,transient,learned_with_learned_kf,learned,learned_kf,none,2,learned,0.17046457795960565,0.5807721697341797,0.08218825640393662,0.025525199448210693,0.035420560693960455,0.03369871712602212,0.018374834828819738,0.7557527572301072,78.5005281296556,0,0,0,True,0.15291947805427558,0.330562079018609,0.23592421419091864,0.4218849783326358,0.24448445921154607,0.6946123998732462,0.6172614768424786,7.123285468333646e-06,-1.3323371988737666e-06,-4.301497198558234e-06,-7.682094059969678e-06,1.2428864228745604e-07,-1.3323371988737666e-06,3.3285937833254825e-05,-4.913543026058474e-08,-1.9040591798133252e-06,7.388051163126139e-07,-4.301497198558234e-06,-4.913543026058474e-08,1.6955077122171194e-05,2.2444906171346267e-05,5.717872619894134e-07,-7.682094059969678e-06,-1.9040591798133252e-06,2.2444906171346267e-05,5.421792087799873e-05,-1.8791103427729912e-08,1.2428864228745604e-07,7.388051163126139e-07,5.717872619894134e-07,-1.8791103427729912e-08,1.820779065927794e-05
605,1.0,0,14,transient,learned_with_learned_kf,learned,learned_kf,none,2,oracle,0.17046457795960565,0.5807721697341797,0.013582018441069314,0.025888617407410483,0.009634912372304908,0.00957989634663097,0.018376960889943374,0.7557527572301072,78.5005281296556,0,0,0,True,0.02237335951542223,0.3352544016779866,0.07839035838676017,0.1430825560841334,0.24451288208361838,0.45291151310752475,0.08650464199972244,1.5248149376966564e-07,-1.8950434361572736e-07,-4.098504391996025e-07,8.699089111406748e-07,-1.702966164592877e-08,-1.8950434361572736e-07,3.423763142290214e-05,1.5791133136559378e-06,8.611428744523602e-07,7.613891760449955e-07,-4.098504391996025e-07,1.5791133136559378e-06,1.8718887539567229e-06,-2.914368228879125e-06,3.539002107714535e-07,8.699089111406748e-07,8.611428744523602e-07,-2.914368228879125e-06,6.236316027442783e-06,-6.964100684189342e-09,-1.702966164592877e-08,7.613891760449955e-07,3.539002107714535e-07,-6.964100684189342e-09,1.8212024448113904e-05
605,1.0,0,17,broadband,nominal_with_nominal_kf,nominal,nominal_kf,none,2,nominal,0.2182965793903545,0.6514052840443088,0.04191532270822373,0.025133314537865947,0.01734844847923001,0.015703575577365375,0.01790594969369072,0.5135802561217326,65.12114383548628,0,0,0,True,0.17228098623569074,0.2762229224835033,0.2195649838192373,0.19277154874188931,0.1899274836813577,0.484105598721675,0.30121888177874606,9.04126989343617e-06,-7.708281178088029e-07,-3.974973198123708e-06,-1.9113421361519034e-07,-3.8730872598295323e-07,-7.708281178088029e-07,2.3242035859061406e-05,2.131599237492319e-06,1.5127313597246497e-06,3.4101441518190624e-08,-3.974973198123708e-06,2.131599237492319e-06,1.468523482031448e-05,8.168563790140145e-07,1.051820030111815e-06,-1.9113421361519034e-07,1.5127313597246497e-06,8.168563790140145e-07,1.131984833775336e-05,8.335929466288287e-07,-3.8730872598295323e-07,3.4101441518190624e-08,1.051820030111815e-06,8.335929466288287e-07,1.0988296357293005e-05
605,1.0,0,17,broadband,nominal_with_nominal_kf,nominal,nominal_kf,none,2,learned,0.2182965793903545,0.6514052840443088,0.025012365487914655,0.025081736030382915,0.03410323136736447,0.033001799002456124,0.01785531857307104,0.5135802561217326,65.12114383548628,0,0,0,True,0.10336325928161494,0.27557462603725996,0.3951429446953408,0.3633429555879587,0.18943361401682177,0.7571997600629187,0.7038623157111898,3.254521354657468e-06,-1.2255440335695944e-06,-9.743736160134768e-06,-5.41592648958847e-06,-3.507663156222121e-08,-1.2255440335695944e-06,2.3133065559990762e-05,3.4832707691789238e-06,2.9375274747575936e-06,9.39664898387213e-08,-9.743736160134768e-06,3.4832707691789238e-06,4.756233846749644e-05,3.156843372130047e-05,1.6980129466186422e-06,-5.41592648958847e-06,2.9375274747575936e-06,3.156843372130047e-05,4.021501401534728e-05,1.4174135470637772e-06,-3.507663156222121e-08,9.39664898387213e-08,1.6980129466186422e-06,1.4174135470637772e-06,1.0931224779477423e-05
605,1.0,0,17,broadband,nominal_with_nominal_kf,nominal,nominal_kf,none,2,oracle,0.2182965793903545,0.6514052840443088,0.013589628183219777,0.025098956825556004,0.010262248834518418,0.009603450955895985,0.017862484810884777,0.5135802561217326,65.12114383548628,0,0,0,True,0.05818417559975454,0.27583370934153884,0.14530731115917608,0.13188124663576334,0.18951336015429424,0.3782691256076822,0.07849931987037966,1.031251292118087e-06,-7.861972176778017e-08,-2.121393542954711e-06,2.2124164719637853e-06,1.483668865809917e-07,-7.861972176778017e-08,2.3176583415844904e-05,1.5595307554477597e-06,9.444729896317077e-07,-1.8629285675801997e-08,-2.121393542954711e-06,1.5595307554477597e-06,6.4317575955200905e-06,-4.926384809491543e-06,3.7067819144990037e-07,2.2124164719637853e-06,9.444729896317077e-07,-4.926384809491543e-06,5.298108191529733e-06,2.639740332858558e-07,1.483668865809917e-07,-1.8629285675801997e-08,3.7067819144990037e-07,2.639740332858558e-07,1.0940430183109263e-05
605,1.0,0,17,broadband,learned_with_learned_kf,learned,learned_kf,none,2,nominal,0.19768306766973998,0.560003840085707,0.04278622375584833,0.02510993291567433,0.01734405865087979,0.015559967080205272,0.017908292806262976,0.5749098651035558,78.59969467476274,0,0,0,True,0.09094802433303276,0.324458734062336,0.10964682818286288,0.193981692762499,0.24188877317115615,0.4904066125245598,0.22504001978309254,2.519656125940029e-06,-4.0913967086127987e-07,-8.911321339156402e-07,-4.624296265973939e-07,-3.0377448604874007e-07,-4.0913967086127987e-07,3.2068132836698406e-05,1.2292593056569752e-06,1.7130987463277737e-06,5.729251479472384e-08,-8.911321339156402e-07,1.2292593056569752e-06,3.662240671162112e-06,1.5104248327110747e-07,6.65441954579781e-07,-4.624296265973939e-07,1.7130987463277737e-06,1.5104248327110747e-07,1.1462417552247621e-05,1.1125459472926804e-06,-3.0377448604874007e-07,5.729251479472384e-08,6.65441954579781e-07,1.1125459472926804e-06,1.78232196322021e-05
605,1.0,0,17,broadband,learned_with_learned_kf,learned,learned_kf,none,2,learned,0.19768306766973998,0.560003840085707,0.02527806071281717,0.02509275550786248,0.03471983992900631,0.03358190538346215,0.017854778825368654,0.5749098651035558,78.59969467476274,0,0,0,True,0.052774933354492334,0.32420897910721896,0.19219307792678597,0.37932240150143853,0.24119487230568942,0.6825169354498377,0.5332679341590685,8.484184851662491e-07,-7.042606491162333e-07,-2.388937207299277e-06,-3.511871579098389e-06,-7.113288127999456e-08,-7.042606491162333e-07,3.2018782385189774e-05,2.1090951997872815e-06,3.799976585657074e-06,1.474748526186835e-07,-2.388937207299277e-06,2.1090951997872815e-06,1.1252012840428278e-05,1.577172319624033e-05,1.0397963494410824e-06,-3.511871579098389e-06,3.799976585657074e-06,1.577172319624033e-05,4.3830024966383967e-05,1.9228326549366034e-06,-7.113288127999456e-08,1.474748526186835e-07,1.0397963494410824e-06,1.9228326549366034e-06,1.7721108169036444e-05
605,1.0,0,17,broadband,learned_with_learned_kf,learned,learned_kf,none,2,oracle,0.19768306766973998,0.560003840085707,0.013589628183219786,0.025098956825556,0.01026224883451842,0.009603450955895985,0.017862484810884777,0.5749098651035558,78.59969467476274,0,0,0,True,0.02484396958668919,0.3243071811819949,0.07565924317482174,0.13263817926225524,0.24130180136997384,0.43704424813942244,0.08023414815545407,1.8801682433145332e-07,1.1201765256865914e-09,-4.0928829793158526e-07,8.79250536035095e-07,4.4873531460977136e-08,1.1201765256865914e-09,3.203818213822909e-05,9.666866957325627e-07,1.1307473644013531e-06,-2.7717173550221543e-08,-4.0928829793158526e-07,9.666866957325627e-07,1.7437279167460888e-06,-2.5709236771613446e-06,2.028457456830539e-07,8.79250536035095e-07,1.1307473644013531e-06,-2.5709236771613446e-06,5.3590997220847996e-06,3.416121961888064e-07,4.4873531460977136e-08,-2.7717173550221543e-08,2.028457456830539e-07,3.416121961888064e-07,1.7736824270547058e-05
605,1.0,0,17,transient,nominal_with_nominal_kf,nominal,nominal_kf,none,2,nominal,0.17806187323649666,0.5974509437323416,0.07334445416757092,0.02609227530402611,0.016104713602629536,0.014593935915030106,0.017722949098132722,0.6913816334537985,66.8004909961539,0,0,0,True,0.3170730648171068,0.28903845704383213,0.2279396572064205,0.2084373339372548,0.18320982983661466,0.6266104740774698,0.3230737187116779,3.0624812344521495e-05,1.3747803013822473e-06,6.360179104316187e-08,3.522009565659605e-06,-1.0504036385347289e-07,1.3747803013822473e-06,2.5448723056716495e-05,2.3147177744984873e-06,2.166261739939209e-06,1.6063158281441228e-07,6.360179104316187e-08,2.3147177744984873e-06,1.582685111084747e-05,1.3668211370294722e-06,-3.36713935227106e-08,3.522009565659605e-06,2.166261739939209e-06,1.3668211370294722e-06,1.3234445637865677e-05,1.292698107152255e-06,-1.0504036385347289e-07,1.6063158281441228e-07,-3.36713935227106e-08,1.292698107152255e-06,1.022474010647665e-05
605,1.0,0,17,transient,nominal_with_nominal_kf,nominal,nominal_kf,none,2,learned,0.17806187323649666,0.5974509437323416,0.0342858693657381,0.026196527650591998,0.043236354120743774,0.042935773450703964,0.017679214859147644,0.6913816334537985,66.8004909961539,0,0,0,True,0.1474512224308503,0.2900341834639129,0.551039111466614,0.5427853566564219,0.18277368901430097,1.07434387790301,1.052058267349513,6.62295020730489e-06,-2.1100725648842756e-06,-1.6602561738275834e-05,-1.1151269417676745e-05,1.7449846620546126e-07,-2.1100725648842756e-06,2.562436482958483e-05,6.707142102604094e-06,6.350702001560192e-06,3.7117260169715806e-07,-1.6602561738275834e-05,6.707142102604094e-06,9.249528299615636e-05,7.745911545012166e-05,5.126096559133568e-07,-1.1151269417676745e-05,6.350702001560192e-06,7.745911545012166e-05,8.974514850672966e-05,1.7536939416867364e-06,1.7449846620546126e-07,3.7117260169715806e-07,5.126096559133568e-07,1.7536939416867364e-06,1.0176116966441499e-05
605,1.0,0,17,transient,nominal_with_nominal_kf,nominal,nominal_kf,none,2,oracle,0.17806187323649666,0.5974509437323416,0.012919717422353132,0.025975435761872646,0.009830063812625208,0.009125551154162857,0.017693839519185076,0.6913816334537985,66.8004909961539,0,0,0,True,0.05666623423989082,0.2877987515937702,0.15049998158788458,0.1391788280247759,0.18292580488610993,0.3894823384954617,0.07820558306437443,9.781454525694722e-07,-1.646228474741182e-07,-2.241007094500146e-06,2.2760264052513853e-06,3.7264565887457255e-07,-1.646228474741182e-07,2.5230888632415476e-05,1.7980707518096677e-06,1.4683552283568518e-06,2.629079399498965e-07,-2.241007094500146e-06,1.7980707518096677e-06,6.89965902432002e-06,-5.468625556566341e-06,-5.541823712853738e-07,2.2760264052513853e-06,1.4683552283568518e-06,-5.468625556566341e-06,5.900666717755327e-06,7.539177455599156e-07,3.7264565887457255e-07,2.629079399498965e-07,-5.541823712853738e-07,7.539177455599156e-07,1.019306243668971e-05
605,1.0,0,17,transient,learned_with_learned_kf,learned,learned_kf,none,2,nominal,0.17622266155994973,0.6430206975873796,0.07388492018306858,0.026087669718549783,0.01621791333673552,0.01466464179169944,0.01774263131467124,0.7421755618393832,80.4412970787678,0,0,0,True,0.13485683613199992,0.33769741914818674,0.11831538763689645,0.20988452139925468,0.23568717051036223,0.5430224888923025,0.2493827027489697,5.539883962838082e-06,4.43321856138918e-07,-9.414087864347187e-08,1.0285879341792655e-06,-1.6712011203861264e-07,4.43321856138918e-07,3.4738432530124156e-05,1.3305504794364912e-06,2.5113159137534993e-06,1.9966986868691258e-07,-9.414087864347187e-08,1.3305504794364912e-06,4.264196379301809e-06,6.308153320866637e-07,-3.571741374674907e-08,1.0285879341792655e-06,2.5113159137534993e-06,6.308153320866637e-07,1.3418858021532888e-05,1.623310689781663e-06,-1.6712011203861264e-07,1.9966986868691258e-07,-3.571741374674907e-08,1.623310689781663e-06,1.692102317975041e-05
605,1.0,0,17,transient,learned_with_learned_kf,learned,learned_kf,none,2,learned,0.17622266155994973,0.6430206975873796,0.03455761210323182,0.026194974396865,0.0436431346515648,0.043350058973345915,0.017680215832944365,0.7421755618393832,80.4412970787678,0,0,0,True,0.06380781793359988,0.3390432096134912,0.2765273455330386,0.5556443411544444,0.23487596675500505,0.9187516582204092,0.8038058286966204,1.2402308255047898e-06,-1.1564524180430801e-06,-3.8074257449611503e-06,-6.095570168943982e-06,3.626335062046139e-08,-1.1564524180430801e-06,3.5015863175909394e-05,3.7805321765028664e-06,7.855196114997961e-06,5.403511910314828e-07,-3.8074257449611503e-06,3.7805321765028664e-06,2.3293293808596097e-05,3.973670325714195e-05,2.46705091633024e-07,-6.095570168943982e-06,7.855196114997961e-06,3.973670325714195e-05,9.404777526881905e-05,2.227227780400902e-06,3.626335062046139e-08,5.403511910314828e-07,2.46705091633024e-07,2.227227780400902e-06,1.680474383111294e-05
605,1.0,0,17,transient,learned_with_learned_kf,learned,learned_kf,none,2,oracle,0.17622266155994973,0.6430206975873796,0.01291971742235313,0.025975435761872646,0.009830063812625207,0.00912555115416286,0.017693839519185076,0.7421755618393832,80.4412970787678,0,0,0,True,0.02085308574316845,0.336260170453054,0.08005339345309219,0.13887508989159786,0.23505870552395386,0.45098289895641763,0.08149312686251689,1.3246324596952837e-07,-7.18817219903259e-08,-3.9352676888643325e-07,7.740461634030142e-07,1.7120749864263446e-07,-7.18817219903259e-08,3.444336649120726e-05,1.0963638825008837e-06,1.7024524821226114e-06,3.854993072506255e-07,-3.9352676888643325e-07,1.0963638825008837e-06,1.952154687203117e-06,-2.9020454815826333e-06,-3.763166168309236e-07,7.740461634030142e-07,1.7024524821226114e-06,-2.9020454815826333e-06,5.874940077513373e-06,9.746820974131676e-07,1.7120749864263446e-07,3.854993072506255e-07,-3.763166168309236e-07,9.746820974131676e-07,1.6830902938395744e-05
605,1.0,0,20,broadband,nominal_with_nominal_kf,nominal,nominal_kf,none,1,nominal,0.13563835224023657,0.38118816126137667,0.047224034112844884,0.027135681926905006,0.022582922272978097,0.016756284853891457,0.01848628093813799,0.6852775050257678,113.57650911434654,0,0,0,True,0.19421810243165816,0.29841491966302985,0.28840776666144935,0.2083506808429985,0.19638063510936665,0.7334539292482097,0.4018799340595561,1.1490373567730887e-05,3.5129175058181573e-06,6.375970452217019e-06,8.93875681756349e-06,1.0045340086793571e-07,3.5129175058181573e-06,2.7126627276438034e-05,4.33496711143187e-06,5.555646431362464e-06,1.1358886562023154e-06,6.375970452217019e-06,4.33496711143187e-06,2.5337784505731646e-05,5.31838183528585e-06,2.165439617789814e-06,8.93875681756349e-06,5.555646431362464e-06,5.31838183528585e-06,1.322344408392707e-05,3.380537346566148e-08,1.0045340086793571e-07,1.1358886562023154e-06,2.165439617789814e-06,3.380537346566148e-08,1.174767858171721e-05
605,1.0,0,20,broadband,nominal_with_nominal_kf,nominal,nominal_kf,none,1,learned,0.13563835224023657,0.38118816126137667,0.011117048961981317,0.026558101292024117,0.027762849802905453,0.028567648459088962,0.017765363764140816,0.6852775050257678,113.57650911434654,0,0,0,True,0.04717377444720896,0.29214453925572226,0.32603763621143506,0.3305840721753877,0.1887107585992704,0.7276901451713914,0.5792982309497583,6.778849430421579e-07,8.254339600502929e-07,-1.6271581087884658e-06,1.7781742114014853e-06,2.0785718776840972e-08,8.254339600502929e-07,2.5998619082917543e-05,2.0503798682012454e-06,5.034877829134678e-06,1.0896787968765653e-06,-1.6271581087884658e-06,2.0503798682012454e-06,3.238099628568093e-05,1.8277056058863804e-05,1.3262283489441072e-06,1.7781742114014853e-06,5.034877829134678e-06,1.8277056058863804e-05,3.3290367181016015e-05,2.79109869456847e-07,2.0785718776840972e-08,1.0896787968765653e-06,1.3262283489441072e-06,2.79109869456847e-07,1.0847959524321226e-05
605,1.0,0,20,broadband,nominal_with_nominal_kf,nominal,nominal_kf,none,1,oracle,0.13563835224023657,0.38118816126137667,0.010672854279716069,0.026339623717576463,0.01295601411641854,0.0112522609910233,0.017679950678367425,0.6852775050257678,113.57650911434654,0,0,0,True,0.045710644972760305,0.28975314450048684,0.17809028718768405,0.15366900809187484,0.18780928368179628,0.4042631104295123,0.14674814798723276,6.364868472422268e-07,3.964688190837665e-07,-1.492644009411327e-06,2.069603614657168e-06,3.3541908346412076e-09,3.964688190837665e-07,2.5574729605241457e-05,-1.1784009587980445e-06,1.4166334160522098e-06,1.0230545632392062e-06,-1.492644009411327e-06,-1.1784009587980445e-06,9.661291897549278e-06,-5.147317858199097e-06,8.990133909973633e-07,2.069603614657168e-06,1.4166334160522098e-06,-5.147317858199097e-06,7.193285722703752e-06,-3.3360927896175456e-09,3.3541908346412076e-09,1.0230545632392062e-06,8.990133909973633e-07,-3.3360927896175456e-09,1.074456525190505e-05
605,1.0,0,20,broadband,learned_with_learned_kf,learned,learned_kf,none,1,nominal,0.1260412491424662,0.3731085718751541,0.04616000166440826,0.027101371242590235,0.019079924850940986,0.015917700786016536,0.018044698230652682,0.4285613998923258,66.7194265951305,0,0,0,True,0.2695699492362466,0.17839129006125026,0.11581992126385957,0.01915589428015511,0.15490332890522657,0.4536766878300241,0.1196145929847412,2.2135925724334188e-05,2.9131137590890496e-06,3.0875795491203872e-06,1.1553383923299781e-06,1.2893652756627828e-07,2.9131137590890496e-06,9.693977949568448e-06,9.74912306289583e-07,2.9860601980410395e-07,5.345817737911028e-07,3.0875795491203872e-06,9.74912306289583e-07,4.086215491059544e-06,8.018267779704881e-08,5.07167055455044e-07,1.1553383923299781e-06,2.9860601980410395e-07,8.018267779704881e-08,1.1177883997670666e-07,-4.5575915855473987e-10,1.2893652756627828e-07,5.345817737911028e-07,5.07167055455044e-07,-4.5575915855473987e-10,7.309307570285089e-06
605,1.0,0,20,broadband,learned_with_learned_kf,learned,learned_kf,none,1,learned,0.1260412491424662,0.3731085718751541,0.010967458777663591,0.026549423209338518,0.027194942483715397,0.02821136245210361,0.01772615161886963,0.4285613998923258,66.7194265951305,0,0,0,True,0.07322321425412659,0.1747843798006467,0.1498882519796593,0.03136292339634182,0.15217498390214665,0.31284621756895997,0.16761603005744724,1.6332486702075943e-06,7.514243424023143e-07,-1.231273538322368e-06,3.151695064828868e-07,6.277458234533578e-09,7.514243424023143e-07,9.305934059189153e-06,4.851892250069374e-07,2.8055762660663545e-07,5.147976551120649e-07,-1.231273538322368e-06,4.851892250069374e-07,6.843683631060805e-06,7.074758592933437e-07,4.899967380838698e-07,3.151695064828868e-07,2.8055762660663545e-07,7.074758592933437e-07,2.9963173550011153e-07,1.896208093784251e-08,6.277458234533578e-09,5.147976551120649e-07,4.899967380838698e-07,1.896208093784251e-08,7.054094349956326e-06
605,1.0,0,20,broadband,learned_with_learned_kf,learned,learned_kf,none,1,oracle,0.1260412491424662,0.3731085718751541,0.010672854279716067,0.02633962371757646,0.01295601411641854,0.011252260991023298,0.017679950678367425,0.4285613998923258,66.7194265951305,0,0,0,True,0.07357557712011689,0.17340175430616442,0.08829687642156146,0.015465419698643776,0.1517820909574634,0.2557475801310625,0.07955128371755281,1.6490054457640804e-06,3.702369336705942e-07,-1.2178729773507313e-06,3.3722273500651074e-07,-2.5199671983577515e-09,3.702369336705942e-07,9.1592878746405e-06,-3.4120576089937296e-07,8.42046374181275e-08,4.947582303999233e-07,-1.2178729773507313e-06,-3.4120576089937296e-07,2.374900482867838e-06,-2.600078513834678e-07,3.61544262715848e-07,3.3722273500651074e-07,8.42046374181275e-08,-2.600078513834678e-07,7.285815273701517e-08,-1.2151999056911032e-09,-2.5199671983577515e-09,4.947582303999233e-07,3.61544262715848e-07,-1.2151999056911032e-09,7.017716148665691e-06
605,1.0,0,20,transient,nominal_with_nominal_kf,nominal,nominal_kf,none,1,nominal,0.12593350198201705,0.4075445714512177,0.07523748769379343,0.027007129340565046,0.028291432094779384,0.022718415173975676,0.01830170277139338,0.7366917464897076,103.33049330087029,0,0,0,True,0.3255828855692913,0.2994797971308052,0.40139114544447024,0.3164212138610741,0.189321502264039,1.0992068250478157,0.6377484730068488,3.229073057423781e-05,8.985712533812663e-06,2.7229122038396264e-05,2.720468190025749e-05,-5.898168880318421e-07,8.985712533812663e-06,2.7320572500168148e-05,1.219836755089786e-05,1.0524116085011036e-05,2.0593019678884847e-07,2.7229122038396264e-05,1.219836755089786e-05,4.907839039626796e-05,2.2158766477271416e-05,1.3439307874830105e-06,2.720468190025749e-05,1.0524116085011036e-05,2.2158766477271416e-05,3.0499022454052886e-05,-2.864551701836132e-07,-5.898168880318421e-07,2.0593019678884847e-07,1.3439307874830105e-06,-2.864551701836132e-07,1.091828984045443e-05
605,1.0,0,20,transient,nominal_with_nominal_kf,nominal,nominal_kf,none,1,learned,0.12593350198201705,0.4075445714512177,0.011844125194335498,0.025799819318678,0.04192694768878795,0.04010887502067217,0.017726066978743644,0.7366917464897076,103.33049330087029,0,0,0,True,0.05166712660286068,0.2861604737779998,0.5656719399291558,0.5328857353415599,0.18329057506896282,1.1518981271904543,1.042227708638608,8.13173756467994e-07,7.328142875153013e-07,-1.1241095155173113e-06,3.081967682015417e-06,1.0683999448113008e-07,7.328142875153013e-07,2.4944455451219772e-05,7.882772486684432e-06,8.295531638591898e-06,2.8147654706468417e-07,-1.1241095155173113e-06,7.882772486684432e-06,9.7472926973615e-05,7.34564568663376e-05,-8.711321974214439e-08,3.081967682015417e-06,8.295531638591898e-06,7.34564568663376e-05,8.650135787921184e-05,-5.15720563734364e-07,1.0683999448113008e-07,2.8147654706468417e-07,-8.711321974214439e-08,-5.15720563734364e-07,1.0233754698625735e-05
605,1.0,0,20,transient,nominal_with_nominal_kf,nominal,nominal_kf,none,1,oracle,0.12593350198201705,0.4075445714512177,0.011305714469952986,0.025428161024976543,0.013164560202689935,0.011664878614600513,0.01765872797863061,0.7366917464897076,103.33049330087029,0,0,0,True,0.049548974393901074,0.2821155530311103,0.19607576174475008,0.17529002642934383,0.18258023011982968,0.41231733055855396,0.1629756401053488,7.478664903516715e-07,2.4483237133338214e-07,-1.8530112921998788e-06,2.5624086672322514e-06,1.40303324703036e-07,2.4483237133338214e-07,2.4244252257451764e-05,4.6418459558305085e-07,1.0505609421574267e-06,3.001918819159257e-07,-1.8530112921998788e-06,4.6418459558305085e-07,1.1711231259086137e-05,-6.490062754003664e-06,9.171727152798743e-07,2.5624086672322514e-06,1.0505609421574267e-06,-6.490062754003664e-06,9.359855589864485e-06,4.4785432183977094e-07,1.40303324703036e-07,3.001918819159257e-07,9.171727152798743e-07,4.4785432183977094e-07,1.015458631316791e-05
605,1.0,0,20,transient,learned_with_learned_kf,learned,learned_kf,none,1,nominal,0.10167655131083787,0.34495151278635844,0.07431050471079985,0.026870966316603215,0.02578371357226928,0.022028719711184197,0.017984082701446726,0.5483791636153635,61.384629690217196,0,0,0,True,0.5029490704353474,0.17801885198954182,0.1792265962421737,0.03042359800312568,0.15153082115255523,0.7590582451146546,0.1971796914076501,7.705534243616749e-05,8.049130724656195e-06,1.954839592286831e-05,4.096439399631507e-06,-8.124471995401952e-07,8.049130724656195e-06,9.653542818193046e-06,3.187950338483756e-06,5.721225871292288e-07,1.0029835991889843e-07,1.954839592286831e-05,3.187950338483756e-06,9.784973396447904e-06,8.88273928735442e-07,2.661388069974008e-07,4.096439399631507e-06,5.721225871292288e-07,8.88273928735442e-07,2.8195245676080824e-07,-2.5837575509898276e-08,-8.124471995401952e-07,1.0029835991889843e-07,2.661388069974008e-07,-2.5837575509898276e-08,6.994500226638568e-06
605,1.0,0,20,transient,learned_with_learned_kf,learned,learned_kf,none,1,learned,0.10167655131083787,0.34495151278635844,0.011720213206242653,0.025769752148292392,0.041458894546384906,0.03977913156495211,0.017704394380307242,0.5483791636153635,61.384629690217196,0,0,0,True,0.08540322227563808,0.17071786897762206,0.27295656662315954,0.052088627328742323,0.14916587241006038,0.4238282788079072,0.3153590966437661,2.2217912351229465e-06,7.242453785171052e-07,-7.88091225495495e-07,5.748119319445485e-07,1.162721064594753e-07,7.242453785171052e-07,8.8779500466594e-06,2.1526854792586636e-06,4.699262956104154e-07,1.265620238669586e-07,-7.88091225495495e-07,2.1526854792586636e-06,2.269560836643221e-05,3.3862563163673544e-06,-5.8126670997353346e-08,5.748119319445485e-07,4.699262956104154e-07,3.3862563163673544e-06,8.264956283464283e-07,-4.5126756819176336e-08,1.162721064594753e-07,1.265620238669586e-07,-5.8126670997353346e-08,-4.5126756819176336e-08,6.777876950242529e-06
605,1.0,0,20,transient,learned_with_learned_kf,learned,learned_kf,none,1,oracle,0.10167655131083787,0.34495151278635844,0.011305714469952986,0.025428161024976536,0.013164560202689935,0.011664878614600513,0.01765872797863061,0.5483791636153635,61.384629690217196,0,0,0,True,0.08385067265876686,0.16847411047409175,0.09899586254543045,0.017956777957341796,0.14878048059617516,0.25677124339833074,0.08899262673150378,2.141745371396189e-06,2.679495843404665e-07,-1.5865156435213823e-06,4.463140234397288e-07,1.8155046173800386e-07,2.679495843404665e-07,8.646116424118327e-06,1.2526809516760493e-07,6.604877005816813e-08,1.431623094735134e-07,-1.5865156435213823e-06,1.2526809516760493e-07,2.9853057890785125e-06,-3.355268066820928e-07,3.903040139439573e-07,4.463140234397288e-07,6.604877005816813e-08,-3.355268066820928e-07,9.822263034434626e-08,3.623797822252485e-08,1.8155046173800386e-07,1.431623094735134e-07,3.903040139439573e-07,3.623797822252485e-08,6.74289892437599e-06
605,1.0,0,23,broadband,nominal_with_nominal_kf,nominal,nominal_kf,none,1,nominal,0.11791767963165616,0.3509714996844831,0.07221910457726127,0.0259840700942702,0.02229892290097694,0.01724838683577859,0.019037879121883924,0.6550024317957661,106.75076668873248,0,0,0,True,0.2959394289166926,0.28581807755432626,0.2830577981430213,0.21175863348593263,0.20190983603692889,0.7189470880847113,0.39411673841386,2.6678437973420166e-05,3.515302697886326e-06,2.9755301787271144e-06,6.704349141202089e-06,-5.031779126759294e-07,3.515302697886326e-06,2.4884798171710198e-05,4.243162123095113e-06,2.7535720955446992e-06,5.452067113803514e-07,2.9755301787271144e-06,4.243162123095113e-06,2.440647072870709e-05,4.624788110402152e-06,2.342853581408449e-06,6.704349141202089e-06,2.7535720955446992e-06,4.624788110402152e-06,1.3659568696663792e-05,5.005923227596748e-07,-5.031779126759294e-07,5.452067113803514e-07,2.342853581408449e-06,5.005923227596748e-07,1.2418515605805888e-05
605,1.0,0,23,broadband,nominal_with_nominal_kf,nominal,nominal_kf,none,1,learned,0.11791767963165616,0.3509714996844831,0.025644484354135605,0.02556850824919486,0.022249920803589195,0.023873426798944494,0.018611925057635138,0.6550024317957661,106.75076668873248,0,0,0,True,0.10595597426363726,0.28132922710731173,0.26806528429864956,0.2859830152139183,0.19744721160437412,0.6835643792505215,0.4529316106422674,3.4198387858352954e-06,9.493424052854792e-07,4.672338104398287e-06,8.190869920446851e-06,1.6729152847967187e-08,9.493424052854792e-07,2.4109291132726805e-05,2.2477531927203854e-06,2.2507288991283956e-06,5.879756118198338e-07,4.672338104398287e-06,2.2477531927203854e-06,2.1889502146801547e-05,7.844166970411496e-06,1.0710081136766363e-06,8.190869920446851e-06,2.2507288991283956e-06,7.844166970411496e-06,2.4913527107851372e-05,2.329993286609993e-07,1.6729152847967187e-08,5.879756118198338e-07,1.0710081136766363e-06,2.329993286609993e-07,1.187563237478294e-05
605,1.0,0,23,broadband,nominal_with_nominal_kf,nominal,nominal_kf,none,1,oracle,0.11791767963165616,0.3509714996844831,0.010769847526551971,0.025512754535338567,0.013675262804892964,0.013096935440410023,0.018599901284075904,0.6550024317957661,106.75076668873248,0,0,0,True,0.046126590330566514,0.2807238983071256,0.1859606638308393,0.1764370452949403,0.19732515281938726,0.4336886584182393,0.1774756173864111,6.481230108246565e-07,1.7960847016637023e-07,-1.3502455377014817e-06,2.3870318851735343e-06,1.718043658244838e-07,1.7960847016637023e-07,2.4005652078888984e-05,9.549947508193214e-07,4.17591827500936e-07,6.284911084104846e-07,-1.3502455377014817e-06,9.549947508193214e-07,1.0534087242850227e-05,-5.211060451068802e-06,1.548970002224719e-06,2.3870318851735343e-06,4.17591827500936e-07,-5.211060451068802e-06,9.482749706603149e-06,6.541439675599526e-07,1.718043658244838e-07,6.284911084104846e-07,1.548970002224719e-06,6.541439675599526e-07,1.1860954251856873e-05
605,1.0,0,23,broadband,learned_with_learned_kf,learned,learned_kf,none,1,nominal,0.10913849715367463,0.32356682455574204,0.07104142542450757,0.025964441939204688,0.019977609695887296,0.01664376105780276,0.018815107092430595,0.4192920387885325,63.780153380803796,0,0,0,True,0.4096568814812608,0.17090803323512874,0.1206761047272022,0.019834480801297634,0.16135209029218542,0.5310916299771765,0.12472393806293663,5.112051782900669e-05,2.8722859616149317e-06,1.1892633680885557e-06,8.976889362377525e-07,-5.368591159729374e-07,2.8722859616149317e-06,8.89773952831405e-06,1.0881568151013413e-06,1.4791207678670199e-07,2.57583583651486e-07,1.1892633680885557e-06,1.0881568151013413e-06,4.436058877514531e-06,9.137484535714114e-08,6.676181328099072e-07,8.976889362377525e-07,1.4791207678670199e-07,9.137484535714114e-08,1.1983851214849665e-07,3.255611304324034e-08,-5.368591159729374e-07,2.57583583651486e-07,6.676181328099072e-07,3.255611304324034e-08,7.930561314274421e-06
605,1.0,0,23,broadband,learned_with_learned_kf,learned,learned_kf,none,1,learned,0.10913849715367463,0.32356682455574204,0.025326038740581154,0.025567952184858304,0.02193039923993095,0.0236594921918906,0.018609321925461036,0.4192920387885325,63.780153380803796,0,0,0,True,0.15115695724268027,0.16833174485336075,0.12543580737659935,0.027574449794484,0.1595999983998141,0.36895843331594974,0.13555789773284033,6.960028489887543e-06,8.576723054738561e-07,2.761644300033954e-06,1.133864555449181e-06,4.65519611973916e-08,8.576723054738561e-07,8.63151014840567e-06,6.020760271702394e-07,1.3062105471672754e-07,2.814255546340969e-07,2.761644300033954e-06,6.020760271702394e-07,4.792893669211723e-06,2.8656146349488695e-07,4.258984740765294e-07,1.133864555449181e-06,1.3062105471672754e-07,2.8656146349488695e-07,2.3161594087503778e-07,1.9862686108138142e-08,4.65519611973916e-08,2.814255546340969e-07,4.258984740765294e-07,1.9862686108138142e-08,7.759263500001922e-06
605,1.0,0,23,broadband,learned_with_learned_kf,learned,learned_kf,none,1,oracle,0.10913849715367463,0.32356682455574204,0.010769847526551971,0.02551275453533856,0.01367526280489296,0.013096935440410025,0.018599901284075907,0.4192920387885325,63.780153380803796,0,0,0,True,0.07390918679470845,0.16797034189596788,0.09185712769382705,0.017692820954921463,0.15952054718903294,0.26933056416467327,0.08395340084618842,1.6639933368703167e-06,1.9599180223579798e-07,-1.082631263656155e-06,3.851860180002087e-07,2.1322458990106848e-07,1.9599180223579798e-07,8.594486773960154e-06,2.5852955271688246e-07,2.772961567350786e-08,3.032573415474755e-07,-1.082631263656155e-06,2.5852955271688246e-07,2.570280122715695e-06,-2.593199425022553e-07,6.167344676113326e-07,3.851860180002087e-07,2.772961567350786e-08,-2.593199425022553e-07,9.535619222309234e-08,5.17838858196051e-08,2.1322458990106848e-07,3.032573415474755e-07,6.167344676113326e-07,5.17838858196051e-08,7.751540073448881e-06
605,1.0,0,23,transient,nominal_with_nominal_kf,nominal,nominal_kf,none,1,nominal,0.11219420738625763,0.38044106673460126,0.11818108656739526,0.0254520439911969,0.023887136740360485,0.02049915193254189,0.018459103942931283,0.732143368066144,100.47329744292365,0,0,0,True,0.5114554664762739,0.282505513598797,0.34285385917643585,0.2886860202036317,0.19082723612523614,1.1052947620806461,0.546504509028954,7.968386383422438e-05,1.0623739773754538e-05,2.4864789936684306e-05,2.9577094682909677e-05,5.485200933515052e-07,1.0623739773754538e-05,2.4311322906218506e-05,7.536544239909435e-06,5.843633730996318e-06,4.0622946792156447e-07,2.4864789936684306e-05,7.536544239909435e-06,3.580740263639212e-05,1.4892561569378192e-05,2.5108528895690817e-06,2.9577094682909677e-05,5.843633730996318e-06,1.4892561569378192e-05,2.5386699480678627e-05,1.127035640370008e-06,5.485200933515052e-07,4.0622946792156447e-07,2.5108528895690817e-06,1.127035640370008e-06,1.1092653712902183e-05
605,1.0,0,23,transient,nominal_with_nominal_kf,nominal,nominal_kf,none,1,learned,0.11219420738625763,0.38044106673460126,0.04605975091948836,0.024480820317689354,0.03206602261120419,0.033600609422591576,0.01801872220973182,0.732143368066144,100.47329744292365,0,0,0,True,0.20071309319393993,0.27177111420705424,0.43869080243920894,0.4572990199795748,0.18628429660820883,1.1031534736654571,0.8292346944024126,1.2271739933528243e-05,1.372447295593439e-06,2.108898917067478e-05,2.5372276547096313e-05,2.217977944323221e-07,1.372447295593439e-06,2.2498902049790265e-05,3.752251046698637e-06,3.013431344950025e-06,3.8494921600216907e-07,2.108898917067478e-05,3.752251046698637e-06,5.862350672742806e-05,4.356915000188827e-05,1.4423894184516108e-06,2.5372276547096313e-05,3.013431344950025e-06,4.356915000188827e-05,6.370232398067934e-05,1.3004063662632562e-06,2.217977944323221e-07,3.8494921600216907e-07,1.4423894184516108e-06,1.3004063662632562e-06,1.05707847076301e-05
605,1.0,0,23,transient,nominal_with_nominal_kf,nominal,nominal_kf,none,1,oracle,0.11219420738625763,0.38044106673460126,0.01064072769512937,0.024418411297412103,0.012423497547998253,0.01259258264814176,0.01800502239962787,0.732143368066144,100.47329744292365,0,0,0,True,0.04663835038421536,0.27108158439494984,0.18604222922864513,0.18905026019571664,0.1861399315114832,0.4042691857618979,0.17253315358432889,6.625842327108512e-07,-2.2733054989156887e-08,-1.506262248061211e-06,2.577696046408505e-06,1.8870770702411306e-07,-2.2733054989156887e-08,2.2384879753206714e-05,9.661255609048323e-07,-1.4937241977805107e-07,2.841654968576829e-07,-1.506262248061211e-06,9.661255609048323e-07,1.0543330116392615e-05,-6.181300162669219e-06,6.495978254242197e-07,2.577696046408505e-06,-1.4937241977805107e-07,-6.181300162669219e-06,1.0887026851261055e-05,5.696181991334628e-07,1.8870770702411306e-07,2.841654968576829e-07,6.495978254242197e-07,5.696181991334628e-07,1.0554406933864895e-05
605,1.0,0,23,transient,learned_with_learned_kf,learned,learned_kf,none,1,nominal,0.09275933360504277,0.32864239651589033,0.11707314456181142,0.02536894039987609,0.02196996133582032,0.019835443131204337,0.018236327461617335,0.5569947115250247,60.557713723283655,0,0,0,True,0.7936530260887604,0.1681531302654802,0.15574603587445324,0.02779858424278364,0.15364524962000403,0.9747044473980341,0.1697429813751112,0.00019187398178926795,9.744235027764955e-06,1.8133201510507625e-05,4.548675703185205e-06,6.463540160927848e-07,9.744235027764955e-06,8.613202304174415e-06,2.0195013510486013e-06,3.128172055446084e-07,2.0809426987576325e-07,1.8133201510507625e-05,2.0195013510486013e-06,7.389052263323328e-06,5.761976714813197e-07,7.721372610459307e-07,4.548675703185205e-06,3.128172055446084e-07,5.761976714813197e-07,2.3539654902287326e-07,8.813966089565202e-08,6.463540160927848e-07,2.0809426987576325e-07,7.721372610459307e-07,8.813966089565202e-08,7.191061614313284e-06
605,1.0,0,23,transient,learned_with_learned_kf,learned,learned_kf,none,1,learned,0.09275933360504277,0.32864239651589033,0.04569457625700064,0.02446997311841522,0.03175940589062922,0.033344483763092896,0.018015042132686253,0.5569947115250247,60.557713723283655,0,0,0,True,0.32024260765272067,0.16218104338828235,0.21289139653289993,0.044984823362439044,0.15178651761694537,0.6042152091603155,0.24597508992433278,3.1240139326478244e-05,1.277484981024532e-06,1.5737998203280052e-05,3.935549922698777e-06,2.3774982117183006e-07,1.277484981024532e-06,8.01225781545653e-06,1.0439466917047106e-06,1.7089843977414897e-07,1.8783017748808176e-07,1.5737998203280052e-05,1.0439466917047106e-06,1.380609816280095e-05,2.0039811078954256e-06,5.629966957745944e-07,3.935549922698777e-06,1.7089843977414897e-07,2.0039811078954256e-06,6.16434269094978e-07,9.929389022181429e-08,2.3774982117183006e-07,1.8783017748808176e-07,5.629966957745944e-07,9.929389022181429e-08,7.018125491988537e-06
605,1.0,0,23,transient,learned_with_learned_kf,learned,learned_kf,none,1,oracle,0.09275933360504277,0.32864239651589033,0.01064072769512937,0.024418411297412103,0.012423497547998258,0.01259258264814176,0.01800502239962787,0.5569947115250247,60.557713723283655,0,0,0,True,0.07907722177924251,0.16183872765000998,0.09418133108216335,0.019373837478741874,0.1517011338068734,0.25131383956240555,0.0843783840765767,1.9048357830491998e-06,-3.5329328988629023e-09,-1.3141149240302744e-06,4.4945524438663804e-07,2.269618885208475e-07,-3.5329328988629023e-09,7.9784705446547e-06,2.7848706827906316e-07,-6.24011615391998e-09,1.3979690706238368e-07,-1.3141149240302744e-06,2.7848706827906316e-07,2.7019940193476034e-06,-3.237713067782493e-07,2.7406338409336733e-07,4.4945524438663804e-07,-6.24011615391998e-09,-3.237713067782493e-07,1.1433680169753557e-07,4.35721164992481e-08,2.269618885208475e-07,1.3979690706238368e-07,2.7406338409336733e-07,4.35721164992481e-08,7.010231961507134e-06
605,1.0,0,26,broadband,nominal_with_nominal_kf,nominal,nominal_kf,none,1,nominal,0.12242074837196965,0.3610850674996157,0.06001824888534326,0.025779838869991023,0.025168649993507056,0.017371503470562898,0.01900760310537229,0.7037242806534695,117.71476026642907,0,0,0,True,0.24618379178155123,0.28309875353066116,0.3223830447447803,0.21428696723658627,0.2018331381406401,0.7693566912438323,0.4364037836259669,1.846178326532278e-05,3.543537491427389e-06,7.3575738044291864e-06,9.4252783310981e-06,-2.943363764623257e-07,3.543537491427389e-06,2.4413533941874857e-05,6.6082733208088924e-06,3.220947399084549e-06,1.0613092803726038e-06,7.3575738044291864e-06,6.6082733208088924e-06,3.165914052120169e-05,6.183509803516988e-06,2.6177905492551535e-06,9.4252783310981e-06,3.220947399084549e-06,6.183509803516988e-06,1.3987698155661704e-05,-3.649734388998406e-08,-2.943363764623257e-07,1.0613092803726038e-06,2.6177905492551535e-06,-3.649734388998406e-08,1.240908275066331e-05
605,1.0,0,26,broadband,nominal_with_nominal_kf,nominal,nominal_kf,none,1,learned,0.12242074837196965,0.3610850674996157,0.014723336975361889,0.025395711876431085,0.027349997728409046,0.027264478946999304,0.018148463527856443,0.7037242806534695,117.71476026642907,0,0,0,True,0.06175039796077382,0.27892424281747646,0.32447738128035236,0.31804991146572975,0.19234691406793722,0.7460993097710534,0.557606074499661,1.1615402316680354e-06,7.551666000478133e-07,2.7898409154944227e-06,5.817472418995524e-06,7.653192968755349e-08,7.551666000478133e-07,2.3698849379593853e-05,4.431820130622565e-06,2.9847164501222228e-06,1.1646566624534635e-06,2.7898409154944227e-06,4.431820130622565e-06,3.207181896738396e-05,1.5913704013127985e-05,1.1738946142621976e-06,5.817472418995524e-06,2.9847164501222228e-06,1.5913704013127985e-05,3.0813802398973875e-05,1.68977465366546e-07,7.653192968755349e-08,1.1646566624534635e-06,1.1738946142621976e-06,1.68977465366546e-07,1.1270032833744843e-05
605,1.0,0,26,broadband,nominal_with_nominal_kf,nominal,nominal_kf,none,1,oracle,0.12242074837196965,0.3610850674996157,0.010732633898677686,0.025194052893459988,0.013373610118368878,0.011801681242792931,0.01796142470948608,0.7037242806534695,117.71476026642907,0,0,0,True,0.04593125579317757,0.27677430374898326,0.18476920520405504,0.1607818764735719,0.19022105587265092,0.4132276334218966,0.15917179621764574,6.426453569918191e-07,-6.78957444968758e-09,-1.4430010227247554e-06,2.1454009255899725e-06,1.53271474608978e-07,-6.78957444968758e-09,2.3334917460318794e-05,1.447102112752471e-06,-2.0731847278960384e-07,1.1395948180902436e-06,-1.4430010227247554e-06,1.447102112752471e-06,1.039953489538488e-05,-5.27822944579497e-06,1.081356546281421e-06,2.1454009255899725e-06,-2.0731847278960384e-07,-5.27822944579497e-06,7.87460759062759e-06,3.3940410434070973e-07,1.53271474608978e-07,1.1395948180902436e-06,1.081356546281421e-06,3.3940410434070973e-07,1.1022291978074409e-05
605,1.0,0,26,broadband,learned_with_learned_kf,learned,learned_kf,none,1,nominal,0.11089990335493594,0.3237424072525072,0.05869431837204563,0.025676457889471236,0.020508682457722794,0.01623650283354117,0.018424579020305976,0.43479761538882983,68.35404906275186,0,0,0,True,0.3394478010611676,0.16890081966885737,0.12553935776110878,0.019527033523667053,0.15784673218607023,0.49935851171078693,0.12942617275565368,3.5099484209554373e-05,2.6337398203818885e-06,3.5002065232237374e-06,1.1933275352861838e-06,-3.2740865848945507e-07,2.6337398203818885e-06,8.689969447850563e-06,1.484430154610829e-06,1.3839478803241663e-07,5.346372630120766e-07,3.5002065232237374e-06,1.484430154610829e-06,4.800810241827174e-06,9.286243900253978e-08,5.821618520174144e-07,1.1933275352861838e-06,1.3839478803241663e-07,9.286243900253978e-08,1.1615215689864035e-07,-8.853498061797153e-10,-3.2740865848945507e-07,5.346372630120766e-07,5.821618520174144e-07,-8.853498061797153e-10,7.589723000789202e-06
605,1.0,0,26,broadband,learned_with_learned_kf,learned,learned_kf,none,1,learned,0.11089990335493594,0.3237424072525072,0.014376383876818565,0.025356064980337323,0.02635940885268098,0.026780396458826135,0.018057197715021865,0.43479761538882983,68.35404906275186,0,0,0,True,0.09126193036193021,0.16681516244905634,0.1467358793585237,0.0301750629738516,0.1545720852742028,0.3462442411760115,0.16214971948696835,2.537079268582505e-06,5.730580504181927e-07,1.4592687414099666e-06,8.162242441313017e-07,8.029679314323308e-08,5.730580504181927e-07,8.476679845220082e-06,1.0920724608880731e-06,1.434447212331982e-07,5.530878058134466e-07,1.4592687414099666e-06,1.0920724608880731e-06,6.558845084189078e-06,5.864766913670718e-07,3.826324914699935e-07,8.162242441313017e-07,1.434447212331982e-07,5.864766913670718e-07,2.773646473154447e-07,8.954266035758934e-09,8.029679314323308e-08,5.530878058134466e-07,3.826324914699935e-07,8.954266035758934e-09,7.278080702484919e-06
605,1.0,0,26,broadband,learned_with_learned_kf,learned,learned_kf,none,1,oracle,0.11089990335493594,0.3237424072525072,0.010732633898677684,0.025194052893459988,0.013373610118368878,0.01180168124279293,0.01796142470948608,0.43479761538882983,68.35404906275186,0,0,0,True,0.07387106939699933,0.16577491789210766,0.09189650668131845,0.016192730994416663,0.15370097263172092,0.26143164982411876,0.08331964483929771,1.6622774273105603e-06,-3.201437642221655e-08,-1.18649636688544e-06,3.4876900470714313e-07,1.8050937728331765e-07,-3.201437642221655e-08,8.371289827082467e-06,4.313420896112754e-07,-1.5084324122419864e-08,5.488380422979306e-07,-1.18649636688544e-06,4.313420896112754e-07,2.5724843441342173e-06,-2.688262835141226e-07,4.3713438745210005e-07,3.4876900470714313e-07,-1.5084324122419864e-08,-2.688262835141226e-07,7.987206953483684e-08,2.4495717848167497e-08,1.8050937728331765e-07,5.488380422979306e-07,4.3713438745210005e-07,2.4495717848167497e-08,7.196278570574993e-06
605,1.0,0,26,transient,nominal_with_nominal_kf,nominal,nominal_kf,none,1,nominal,0.11534015250794434,0.39106521095103464,0.09806304670323295,0.02728575988479433,0.02850429865550016,0.023468999049465505,0.01911421930625231,0.7934581830606965,118.97835040791249,0,0,0,True,0.42456171562456696,0.30227550091587396,0.404697327497975,0.328328381315838,0.19761857814287012,1.2119071718666925,0.6621490732056632,5.490809726666662e-05,1.189458735246864e-05,3.35278321280427e-05,3.5150486549510554e-05,7.893037257286488e-07,1.189458735246864e-05,2.7833039391317017e-05,1.0649560872240298e-05,1.079749173671318e-05,1.3246339087529995e-06,3.35278321280427e-05,1.0649560872240298e-05,4.989021874026085e-05,2.541452715982475e-05,3.6961756403776573e-06,3.5150486549510554e-05,1.079749173671318e-05,2.541452715982475e-05,3.283761345748971e-05,1.771483903949674e-06,7.893037257286488e-07,1.3246339087529995e-06,3.6961756403776573e-06,1.771483903949674e-06,1.1896255296042657e-05
605,1.0,0,26,transient,nominal_with_nominal_kf,nominal,nominal_kf,none,1,learned,0.11534015250794434,0.39106521095103464,0.02579903986831255,0.026020481100755503,0.04030258458605508,0.04001243326375071,0.01836489221452558,0.7934581830606965,118.97835040791249,0,0,0,True,0.11315464710807369,0.28821131904145875,0.5486658150057884,0.5381686417727986,0.18996574634263183,1.2619839001810438,1.036558597673979,3.900313572290635e-06,2.319874004152766e-06,1.4857857626132495e-05,1.7862321309027405e-05,5.274268410631361e-07,2.319874004152766e-06,2.530327883133294e-05,8.321681088924732e-06,9.500311999618028e-06,1.3122573497765764e-06,1.4857857626132495e-05,8.321681088924732e-06,9.170025413009484e-05,7.368604956953534e-05,2.242658739380215e-06,1.7862321309027405e-05,9.500311999618028e-06,7.368604956953534e-05,8.822496855062516e-05,1.876155624709356e-06,5.274268410631361e-07,1.3122573497765764e-06,2.242658739380215e-06,1.876155624709356e-06,1.0992724192635987e-05
605,1.0,0,26,transient,nominal_with_nominal_kf,nominal,nominal_kf,none,1,oracle,0.11534015250794434,0.39106521095103464,0.010667251898160219,0.025684472613206836,0.012969417426441723,0.011126002522179667,0.018238548003873045,0.7934581830606965,118.97835040791249,0,0,0,True,0.04674055460141612,0.2844985574793789,0.19244858809193144,0.16482161154575445,0.18870808754592447,0.43133027952218517,0.172992076447075,6.654914154287979e-07,2.227218250147225e-07,-1.5020378808180282e-06,2.261773541667617e-06,2.56707895288739e-07,2.227218250147225e-07,2.465556008430345e-05,4.1744059358587886e-07,9.759843759797425e-07,1.241125865112651e-06,-1.5020378808180282e-06,4.1744059358587886e-07,1.1281950596460067e-05,-5.220588807732171e-06,9.750954572288202e-07,2.261773541667617e-06,9.759843759797425e-07,-5.220588807732171e-06,8.275286671247724e-06,8.452038392387118e-07,2.56707895288739e-07,1.241125865112651e-06,9.750954572288202e-07,8.452038392387118e-07,1.0847652437711685e-05
605,1.0,0,26,transient,learned_with_learned_kf,learned,learned_kf,none,1,nominal,0.09007961706708616,0.3326434467861894,0.09693417694256416,0.027128530662788225,0.02541581599544272,0.022609615372449265,0.018620772668196672,0.5721860409553274,69.43555434189695,0,0,0,True,0.657727258180621,0.17958206866119802,0.17709630931206044,0.031380811597325295,0.15696312440449303,0.9161266765845623,0.19769265182947146,0.0001317790634078217,1.1036622826388132e-05,2.435862041408854e-05,5.333073346988876e-06,1.225745607017504e-06,1.1036622826388132e-05,9.823826307792986e-06,2.847951607270864e-06,5.856307995611354e-07,7.011839173713946e-07,2.435862041408854e-05,2.847951607270864e-06,9.553747442897685e-06,1.0257270397452394e-06,1.090029092105726e-06,5.333073346988876e-06,5.856307995611354e-07,1.0257270397452394e-06,2.9997362972790114e-07,1.4550177460715129e-07,1.225745607017504e-06,7.011839173713946e-07,1.090029092105726e-06,1.4550177460715129e-07,7.504988048634734e-06
605,1.0,0,26,transient,learned_with_learned_kf,learned,learned_kf,none,1,learned,0.09007961706708616,0.3326434467861894,0.025493809759681237,0.025970484907764317,0.03966585609080402,0.03958016247431449,0.018305149441461423,0.5721860409553274,69.43555434189695,0,0,0,True,0.18371966497558417,0.17186376015835766,0.26394901081151484,0.0525434543432669,0.15431493508380337,0.5684781828136615,0.30780779264805996,1.0281725968581772e-05,2.2052084317997315e-06,1.1210445450539769e-05,2.799885826573309e-06,7.501270574207675e-07,2.2052084317997315e-06,8.997531047076177e-06,2.363573253697e-06,5.430235630768333e-07,6.439843430328363e-07,1.1210445450539769e-05,2.363573253697e-06,2.122241548245084e-05,3.398881921879303e-06,8.510000086040285e-07,2.799885826573309e-06,5.430235630768333e-07,3.398881921879303e-06,8.409922182321527e-07,1.5681189524192916e-07,7.501270574207675e-07,6.439843430328363e-07,8.510000086040285e-07,1.5681189524192916e-07,7.253884832357917e-06
605,1.0,0,26,transient,learned_with_learned_kf,learned,learned_kf,none,1,oracle,0.09007961706708616,0.3326434467861894,0.010667251898160219,0.02568447261320684,0.012969417426441724,0.011126002522179665,0.018238548003873048,0.5721860409553274,69.43555434189695,0,0,0,True,0.07869100427966245,0.16995995778605044,0.09711586112431003,0.01681150160442026,0.15375981276009448,0.26915545923646567,0.0890807509913175,1.8862745755684619e-06,1.96957245088056e-07,-1.2979248520736853e-06,3.8961370335299796e-07,3.503809863310298e-07,1.96957245088056e-07,8.799296751248428e-06,1.2620956774766122e-07,5.746874485400616e-08,6.06297694206674e-07,-1.2979248520736853e-06,1.2620956774766122e-07,2.872996295344235e-06,-2.7091711805178846e-07,3.8266481729266356e-07,3.8961370335299796e-07,5.746874485400616e-08,-2.7091711805178846e-07,8.609298144997615e-08,6.997709403923736e-08,3.503809863310298e-07,6.06297694206674e-07,3.8266481729266356e-07,6.997709403923736e-08,7.20178941408918e-06
605,1.0,0,29,broadband,nominal_with_nominal_kf,nominal,nominal_kf,none,1,nominal,0.14682714184377008,0.42048936454742486,0.05760890626302369,0.027178000218913284,0.026960564883375483,0.023464269453069807,0.01823279032103112,0.6532879965175593,108.4417606201058,0,0,0,True,0.23654569534953873,0.29894123194474614,0.3293974293834299,0.27463561789011576,0.19432945103413088,0.8795832776070814,0.522657764788699,1.7044522284476706e-05,3.710930207393832e-06,1.4114809073668128e-05,1.7141175310737902e-05,3.967602305325078e-07,3.710930207393832e-06,2.722239773793627e-05,6.8989746924089785e-06,4.974200312237401e-06,-8.624718561301372e-07,1.4114809073668128e-05,6.8989746924089785e-06,3.305180230445928e-05,1.359260042787818e-05,1.1422721064518405e-06,1.7141175310737902e-05,4.974200312237401e-06,1.359260042787818e-05,2.297568439077006e-05,8.279532324097932e-07,3.967602305325078e-07,-8.624718561301372e-07,1.1422721064518405e-06,8.279532324097932e-07,1.1503552604950812e-05
605,1.0,0,29,broadband,nominal_with_nominal_kf,nominal,nominal_kf,none,1,learned,0.14682714184377008,0.42048936454742486,0.012805395393120212,0.026690560327571954,0.03858370212275069,0.03910942875508309,0.01768841073142656,0.6532879965175593,108.4417606201058,0,0,0,True,0.05416138673208379,0.2936529426525822,0.44236102103686936,0.4377657447002425,0.1884003278668347,0.9683581375732867,0.8182988298036253,8.935817407358942e-07,6.133119718493557e-07,2.3010979360969764e-06,5.806178875174083e-06,2.2141813707086103e-07,6.133119718493557e-07,2.6267784795838546e-05,6.150309009412344e-06,5.4726907316777226e-06,-8.343197312859116e-07,2.3010979360969764e-06,6.150309009412344e-06,5.960853369620219e-05,4.299535589286784e-05,8.388929976326731e-07,5.806178875174083e-06,5.4726907316777226e-06,4.299535589286784e-05,5.837653117500285e-05,1.2782390374343396e-06,2.2141813707086103e-07,-8.343197312859116e-07,8.388929976326731e-07,1.2782390374343396e-06,1.0812298916201327e-05
605,1.0,0,29,broadband,nominal_with_nominal_kf,nominal,nominal_kf,none,1,oracle,0.14682714184377008,0.42048936454742486,0.011236027934943122,0.02637096112545725,0.013911968818411106,0.011725856592178329,0.017645839252163488,0.6532879965175593,108.4417606201058,0,0,0,True,0.048131138425739725,0.29026635090939995,0.19097251325774955,0.16080269489359034,0.18791078426723404,0.38323598917124774,0.15511897142256875,7.056786904745178e-07,-3.007394821967601e-07,-1.7410418560394499e-06,2.2537177250653735e-06,2.100528381230551e-07,-3.007394821967601e-07,2.5665404988008965e-05,4.902971695885774e-07,-7.248273010529375e-07,-9.506655586633016e-07,-1.7410418560394499e-06,4.902971695885774e-07,1.1109549858111752e-05,-5.828262183313042e-06,2.453347084518459e-07,2.2537177250653735e-06,-7.248273010529375e-07,-5.828262183313042e-06,7.87664696851479e-06,6.589559697052904e-07,2.100528381230551e-07,-9.506655586633016e-07,2.453347084518459e-07,6.589559697052904e-07,1.0756182082991478e-05
605,1.0,0,29,broadband,learned_with_learned_kf,learned,learned_kf,none,1,nominal,0.13420242151144376,0.3783441995077281,0.05648606099151957,0.027105917104420802,0.024769756178998553,0.022724978336663496,0.017936254478714646,0.4100875423489055,64.20691484423921,0,0,0,True,0.3277301475879241,0.17842287720764086,0.14208811755876366,0.02530098449191328,0.15432674983174308,0.5374351418063458,0.15388023094734035,3.271805832763126e-05,2.8683995918170546e-06,7.985671359406311e-06,2.2005265142627125e-06,5.429174761013255e-07,2.8683995918170546e-06,9.69741121371323e-06,1.7315613316434317e-06,2.513350260696879e-07,-4.007917337900316e-07,7.985671359406311e-06,1.7315613316434317e-06,6.149931186565669e-06,4.34072589865609e-07,2.993271054638207e-07,2.2005265142627125e-06,2.513350260696879e-07,4.34072589865609e-07,1.9499773913187e-07,7.160319757796045e-08,5.429174761013255e-07,-4.007917337900316e-07,2.993271054638207e-07,7.160319757796045e-08,7.2549956270019434e-06
605,1.0,0,29,broadband,learned_with_learned_kf,learned,learned_kf,none,1,learned,0.13420242151144376,0.3783441995077281,0.012661740397468098,0.02666893654379282,0.03802815192794467,0.03861411183672201,0.01767554582550153,0.4100875423489055,64.20691484423921,0,0,0,True,0.08288188660916301,0.1755813218062509,0.20305912771447598,0.04103256390217799,0.1520334798346294,0.3830860199100317,0.23301216588614848,2.0925410747635418e-06,5.262286513355138e-07,1.2379417076440811e-06,8.351469019050113e-07,2.8927506529091066e-07,5.262286513355138e-07,9.390989683908693e-06,1.6170104381212141e-06,2.9216114293142803e-07,-4.0501286195460465e-07,1.2379417076440811e-06,1.6170104381212141e-06,1.2560292917678912e-05,1.7329667956751525e-06,3.229924733868002e-07,8.351469019050113e-07,2.9216114293142803e-07,1.7329667956751525e-06,5.128756072926133e-07,1.0449854552520554e-07,2.8927506529091066e-07,-4.0501286195460465e-07,3.229924733868002e-07,1.0449854552520554e-07,7.040981564612842e-06
605,1.0,0,29,broadband,learned_with_learned_kf,learned,learned_kf,none,1,oracle,0.13420242151144376,0.3783441995077281,0.011236027934943122,0.026370961125457254,0.013911968818411112,0.01172585659217833,0.017645839252163485,0.4100875423489055,64.20691484423921,0,0,0,True,0.07739199736723415,0.17367617707338617,0.09467964649431508,0.01621568168870037,0.15176528578928156,0.24154409141799907,0.08536040083566811,1.8245125109096214e-06,-2.6142485945761634e-07,-1.4253530488220271e-06,3.6757402397927796e-07,2.8275323152954095e-07,-2.6142485945761634e-07,9.188301491715549e-06,1.5903870770426837e-07,-3.965969022815965e-08,-4.5824982673024555e-07,-1.4253530488220271e-06,1.5903870770426837e-07,2.7306622762735916e-06,-2.9559857560359165e-07,8.26211478672736e-08,3.6757402397927796e-07,-3.965969022815965e-08,-2.9559857560359165e-07,8.009864262274009e-08,5.4660848036175996e-08,2.8275323152954095e-07,-4.5824982673024555e-07,8.26211478672736e-08,5.4660848036175996e-08,7.016162245031574e-06
605,1.0,0,29,transient,nominal_with_nominal_kf,nominal,nominal_kf,none,1,nominal,0.14361623010293204,0.4716440826878669,0.09410124543179153,0.028124525748997077,0.03739698372084138,0.03625988994267799,0.019490822343560737,0.7735927209511885,116.09385202120002,0,0,0,True,0.40761645832578053,0.3118829102946761,0.5205828078710597,0.4920077351784655,0.20058790791510242,1.5176951771027343,0.960405726848407,5.06125428621333e-05,1.4683725106858334e-05,5.436930448585838e-05,5.83044326782335e-05,-8.31929844413111e-07,1.4683725106858334e-05,2.9630425728136235e-05,1.742719420567115e-05,1.9055788557319157e-05,4.6157880527587804e-07,5.436930448585838e-05,1.742719420567115e-05,8.255328854531645e-05,6.234012079868692e-05,3.6253347245782443e-07,5.83044326782335e-05,1.9055788557319157e-05,6.234012079868692e-05,7.373922969126006e-05,2.5896672624666037e-07,-8.31929844413111e-07,4.6157880527587804e-07,3.6253347245782443e-07,2.5896672624666037e-07,1.2256436874996805e-05
605,1.0,0,29,transient,nominal_with_nominal_kf,nominal,nominal_kf,none,1,learned,0.14361623010293204,0.4716440826878669,0.020263978498980716,0.027104541219824592,0.05841055577542215,0.058777416224013564,0.018992918827260882,0.7735927209511885,116.09385202120002,0,0,0,True,0.08921819856376068,0.3006012817046672,0.7882851064690576,0.7782353529748971,0.19568953790606555,1.7321210141639325,1.5306303971820674,2.424720226014596e-06,2.553170715667722e-06,1.568506547391279e-05,1.9406254191863772e-05,2.73515070833988e-07,2.553170715667722e-06,2.7525574440955207e-05,2.0182781569522515e-05,2.2393541408493488e-05,5.22995911770669e-07,1.568506547391279e-05,2.0182781569522515e-05,0.00018928725694670063,0.00016994388643619594,-1.274239777540196e-06,1.9406254191863772e-05,2.2393541408493488e-05,0.00016994388643619594,0.0001844916209016703,-4.2095486209004244e-07,2.73515070833988e-07,5.22995911770669e-07,-1.274239777540196e-06,-4.2095486209004244e-07,1.166513987209525e-05
605,1.0,0,29,transient,nominal_with_nominal_kf,nominal,nominal_kf,none,1,oracle,0.14361623010293204,0.4716440826878669,0.011481612016363843,0.025855565331105855,0.013130048220276901,0.011606476597072275,0.018958521031193422,0.7735927209511885,116.09385202120002,0,0,0,True,0.050248062215400784,0.2869005773982254,0.19922389483981615,0.17016560702075326,0.19538586579322773,0.43462380945394063,0.18124080659303238,7.69118701258073e-07,2.133018945985595e-07,-1.6132531323541753e-06,2.5209590889839197e-06,4.151169439706062e-07,2.133018945985595e-07,2.507365117992435e-05,-7.375354442874796e-07,1.27395417811399e-06,8.047856434285993e-07,-1.6132531323541753e-06,-7.375354442874796e-07,1.209031421393593e-05,-5.452387423532691e-06,7.936843127996628e-07,2.5209590889839197e-06,1.27395417811399e-06,-5.452387423532691e-06,8.820603692519919e-06,1.3608368019307824e-06,4.151169439706062e-07,8.047856434285993e-07,7.936843127996628e-07,1.3608368019307824e-06,1.1628963905115091e-05
605,1.0,0,29,transient,learned_with_learned_kf,learned,learned_kf,none,1,nominal,0.11376288775727494,0.42242983083603525,0.09309474499834491,0.02803204135890048,0.03562894756641244,0.035714836643395864,0.019206491758356037,0.5526526333833781,69.11910408943533,0,0,0,True,0.6324513672331857,0.18572051802758088,0.2426706459847502,0.04781839185361212,0.16133474745872792,0.9928281299838455,0.2821116868382959,0.0001218453631642619,1.3480398697898079e-05,4.011240145844467e-05,8.85841353316118e-06,-7.681308149886651e-07,1.3480398697898079e-05,1.0506897799899041e-05,4.783235814832381e-06,1.0854495626393443e-06,2.4160157958098276e-07,4.011240145844467e-05,4.783235814832381e-06,1.7938628156499482e-05,2.804210919806664e-06,4.1940294935387065e-08,8.85841353316118e-06,1.0854495626393443e-06,2.804210919806664e-06,6.965377654571118e-07,3.420468142096378e-08,-7.681308149886651e-07,2.4160157958098276e-07,4.1940294935387065e-08,3.420468142096378e-08,7.92885658256339e-06
605,1.0,0,29,transient,learned_with_learned_kf,learned,learned_kf,none,1,learned,0.11376288775727494,0.42242983083603525,0.020114979624938252,0.027072680829857736,0.05786223245899696,0.05829203902314398,0.01898490148396019,0.5526526333833781,69.11910408943533,0,0,0,True,0.14685948787315273,0.17934097509628683,0.38124644860017654,0.07587303615651274,0.15956237944250598,0.6679263382310814,0.45081213753574373,6.5698999206235654e-06,2.4431806907173202e-06,1.2136292571597549e-05,3.0948580126735453e-06,4.1595756762599625e-07,2.4431806907173202e-06,9.797466532977772e-06,5.715331469174349e-06,1.2900664016466547e-06,2.540857901138406e-07,1.2136292571597549e-05,5.715331469174349e-06,4.4275793048142196e-05,7.939245512228496e-06,-4.0241194351036686e-07,3.0948580126735453e-06,1.2900664016466547e-06,7.939245512228496e-06,1.7535964665070463e-06,-1.3973537005542732e-08,4.1595756762599625e-07,2.540857901138406e-07,-4.0241194351036686e-07,-1.3973537005542732e-08,7.755606093933373e-06
605,1.0,0,29,transient,learned_with_learned_kf,learned,learned_kf,none,1,oracle,0.11376288775727494,0.42242983083603525,0.011481612016363845,0.025855565331105855,0.013130048220276901,0.011606476597072275,0.018958521031193422,0.5526526333833781,69.11910408943533,0,0,0,True,0.08416951270734858,0.17128310276175013,0.10109847991640722,0.017308911024018866,0.1593564726198347,0.27201012783842304,0.09314498031276479,2.1580642030155604e-06,2.2798104575198954e-07,-1.3770879712529014e-06,4.307921890701014e-07,5.643546420342519e-07,2.2798104575198954e-07,8.93683579343244e-06,-2.3080603681365154e-07,7.81965147315273e-08,3.9392585789641797e-07,-1.3770879712529014e-06,-2.3080603681365154e-07,3.113464990516918e-06,-2.809354997095178e-07,3.332590697525914e-07,4.307921890701014e-07,7.81965147315273e-08,-2.809354997095178e-07,9.126289183531343e-08,1.1195170458991268e-07,5.643546420342519e-07,3.9392585789641797e-07,3.332590697525914e-07,1.1195170458991268e-07,7.735602608952333e-06
605,1.0,1,2,broadband,nominal_with_nominal_kf,nominal,nominal_kf,none,2,nominal,0.1490444723315549,0.4404206740204447,0.026984411545411556,0.02617979378571726,0.017635120275215303,0.018103615173781847,0.017863431202546663,0.5512516872990704,81.06878974482025,0,0,0,True,0.11164891974791133,0.2879152504468002,0.21883211572408773,0.21382879833820082,0.18883983433383683,0.5775351349851189,0.340030416644695,3.797202744179824e-06,7.091396726035214e-07,2.9232908866143587e-06,6.9301461414869155e-06,-1.1250083911843389e-07,7.091396726035214e-07,2.5251319329130432e-05,7.375913471879567e-07,2.2073326879672813e-06,-3.6633292890777586e-07,2.9232908866143587e-06,7.375913471879567e-07,1.458736512804333e-05,3.352380863471689e-06,1.9598687174655655e-07,6.9301461414869155e-06,2.2073326879672813e-06,3.352380863471689e-06,1.3927947653261785e-05,1.173339758537433e-08,-1.1250083911843389e-07,-3.6633292890777586e-07,1.9598687174655655e-07,1.173339758537433e-08,1.0862804329321275e-05
605,1.0,1,2,broadband,nominal_with_nominal_kf,nominal,nominal_kf,none,2,learned,0.1490444723315549,0.4404206740204447,0.03679579165282397,0.025959268242034213,0.08944575628083067,0.09238435124857354,0.01826413085264756,0.5512516872990704,81.06878974482025,0,0,0,True,0.15007927885826125,0.2854930957864434,1.0163779931740018,1.0046625647180791,0.1931213581536814,1.8955670543432999,1.9946015749943635,6.861138776137425e-06,9.797733760149951e-07,-3.8840172803869156e-05,-3.455957152272803e-05,4.0658322154019745e-07,9.797733760149951e-07,2.482824116062641e-05,-5.775795068371273e-06,-2.744416573825042e-06,-5.204046372531468e-07,-3.8840172803869156e-05,-5.775795068371273e-06,0.0003146771739992264,0.00029487946326909437,7.40022595865714e-07,-3.455957152272803e-05,-2.744416573825042e-06,0.00029487946326909437,0.0003074646388880958,1.1020361198843825e-07,4.0658322154019745e-07,-5.204046372531468e-07,7.40022595865714e-07,1.1020361198843825e-07,1.1360968329730769e-05
605,1.0,1,2,broadband,nominal_with_nominal_kf,nominal,nominal_kf,none,2,oracle,0.1490444723315549,0.4404206740204447,0.011878497998741072,0.0260834762198564,0.011627151578875235,0.010672246851630315,0.017858091768898153,0.5512516872990704,81.06878974482025,0,0,0,True,0.05085750592135205,0.2868587430322315,0.16030299888666952,0.14247431708415348,0.18878541274205443,0.39307716198906706,0.1259057118109083,7.878886637742447e-07,3.174379426126989e-07,-1.6369580751724009e-06,2.137435619535467e-06,2.445276436675333e-07,3.174379426126989e-07,2.5066339491434656e-05,-6.246197165590807e-07,1.1675968601793983e-06,-3.5835989911485877e-07,-1.6369580751724009e-06,-6.246197165590807e-07,7.827769509452679e-06,-4.591153269509202e-06,8.792330788317857e-07,2.137435619535467e-06,1.1675968601793983e-06,-4.591153269509202e-06,6.1834079943592436e-06,6.370511739995472e-07,2.445276436675333e-07,-3.5835989911485877e-07,8.792330788317857e-07,6.370511739995472e-07,1.0856544146766485e-05
605,1.0,1,2,broadband,learned_with_learned_kf,learned,learned_kf,none,2,nominal,0.12582213518325708,0.3654370215670408,0.026556651407190233,0.026168640190491217,0.017272749091856388,0.017855959641471873,0.01786367765387321,0.34270095517729915,42.64259467155016,0,0,0,True,0.0793653410542107,0.16600960669943504,0.07865143193957698,0.017553660788686327,0.12686221843148676,0.25543163933203594,0.08288491384673943,1.9187416768060805e-06,3.055069770784744e-07,4.845833761307166e-07,4.1143790898123464e-07,-4.175821001705333e-08,3.055069770784744e-07,8.395009201929476e-06,1.0047366186493833e-07,1.0353627862092494e-07,-1.4826570752403978e-07,4.845833761307166e-07,1.0047366186493833e-07,1.884377903108351e-06,5.722698052992101e-08,6.596109577508098e-08,4.1143790898123464e-07,1.0353627862092494e-07,5.722698052992101e-08,9.38620723342885e-08,1.47328980999608e-09,-4.175821001705333e-08,-1.4826570752403978e-07,6.596109577508098e-08,1.47328980999608e-09,4.902519597386756e-06
605,1.0,1,2,broadband,learned_with_learned_kf,learned,learned_kf,none,2,learned,0.12582213518325708,0.3654370215670408,0.03603560506728479,0.025990234360605633,0.0872922772775248,0.09053975022176798,0.017968611774461105,0.34270095517729915,42.64259467155016,0,0,0,True,0.09892422711116229,0.16485283737169523,0.34162171355668236,0.07915008517727212,0.12762594084876985,0.3924206454383855,0.4167068795338583,2.9809868954060624e-06,4.0333870875534246e-07,-8.557032047961413e-06,-1.6951078453889186e-06,1.594014021586685e-07,4.0333870875534246e-07,8.278422511702944e-06,-1.0525438558849294e-06,-1.0049206302857541e-07,-1.6182060731782485e-07,-8.557032047961413e-06,-1.0525438558849294e-06,3.555049635291049e-05,7.718166545780391e-06,-7.738151186085049e-08,-1.6951078453889186e-06,-1.0049206302857541e-07,7.718166545780391e-06,1.908347710959869e-06,-2.1895892460504214e-08,1.594014021586685e-07,-1.6182060731782485e-07,-7.738151186085049e-08,-2.1895892460504214e-08,4.961724524955738e-06
605,1.0,1,2,broadband,learned_with_learned_kf,learned,learned_kf,none,2,oracle,0.12582213518325708,0.3654370215670408,0.011878497998741069,0.026083476219856398,0.011627151578875236,0.010672246851630315,0.017858091768898153,0.34270095517729915,42.64259467155016,0,0,0,True,0.0430274301658293,0.16547030742565597,0.06174150291957071,0.012300193537468402,0.1268235539297665,0.21850480504806535,0.05434706655430722,5.639564291292096e-07,1.5794874850750082e-07,-5.45216881422752e-07,1.569803042269344e-07,1.2543253292014299e-07,1.5794874850750082e-07,8.340553697126589e-06,-1.472622781594849e-07,5.8829877165613287e-08,-1.402615957384325e-07,-5.45216881422752e-07,-1.472622781594849e-07,1.1612056199275114e-06,-1.537867594237823e-07,2.1827239570668016e-07,1.569803042269344e-07,5.8829877165613287e-08,-1.537867594237823e-07,4.6087019741093845e-08,3.527674211574841e-08,1.2543253292014299e-07,-1.402615957384325e-07,2.1827239570668016e-07,3.527674211574841e-08,4.899531716611567e-06
605,1.0,1,2,transient,nominal_with_nominal_kf,nominal,nominal_kf,none,2,nominal,0.13451814770795173,0.4564719829109157,0.04568720524480601,0.025212763734109467,0.03222350458691671,0.03151199237887015,0.01828283201035692,0.6785619832196761,76.77556029391619,0,0,0,True,0.19824014887288569,0.278085888710642,0.46287767266759244,0.43354064467193587,0.18895463352496158,1.0954402474224256,0.8389863584561994,1.1971207690945064e-05,5.168529468139674e-07,2.1807179868428267e-05,2.555534399884635e-05,2.157645077406442e-07,5.168529468139674e-07,2.355660165568734e-05,1.8204527364779875e-06,1.9343197096199215e-06,-9.746040736744136e-07,2.1807179868428267e-05,1.8204527364779875e-06,6.526603064886858e-05,4.594923475120459e-05,1.0011926966148062e-06,2.555534399884635e-05,1.9343197096199215e-06,4.594923475120459e-05,5.7255125810843324e-05,4.805996874194686e-07,2.157645077406442e-07,-9.746040736744136e-07,1.0011926966148062e-06,4.805996874194686e-07,1.0876015738919481e-05
605,1.0,1,2,transient,nominal_with_nominal_kf,nominal,nominal_kf,none,2,learned,0.13451814770795173,0.4564719829109157,0.03936633880279734,0.02538117680815203,0.15241666003386228,0.15324108491444338,0.018326837710433138,0.6785619832196761,76.77556029391619,0,0,0,True,0.1647070049217015,0.2800430200708102,2.1029610632103832,2.049310643205077,0.18925840820548576,4.018884496289831,4.135236409469131,8.263782440344175e-06,1.4979008336908067e-06,-5.832552671911943e-05,-5.277360036735964e-05,-4.9813913448630816e-08,1.4979008336908067e-06,2.388934488630426e-05,-3.339782297542333e-05,-3.1065383183186504e-05,-1.4137117751718792e-06,-5.832552671911943e-05,-3.339782297542333e-05,0.0013471538561399227,0.0012912825053534279,5.122148881406698e-06,-5.277360036735964e-05,-3.1065383183186504e-05,0.0012912825053534279,0.0012792938920501912,4.371220654833557e-06,-4.9813913448630816e-08,-1.4137117751718792e-06,5.122148881406698e-06,4.371220654833557e-06,1.0911013705193467e-05
605,1.0,1,2,transient,nominal_with_nominal_kf,nominal,nominal_kf,none,2,oracle,0.13451814770795173,0.4564719829109157,0.012475761404828983,0.025197200078124527,0.012244270944595806,0.011196031705233304,0.018233197792867823,0.6785619832196761,76.77556029391619,0,0,0,True,0.0545239520635157,0.27793284409332236,0.1838555057756958,0.16681698852671648,0.18841914965435,0.37789377248117556,0.12776939844154564,9.055853534016475e-07,7.003499986509218e-08,-2.1942503903568822e-06,2.6484475740672747e-06,1.2412873362462152e-07,7.003499986509218e-08,2.353068003098224e-05,1.9130985395193018e-07,7.885256406246494e-07,-1.0276432230665612e-06,-2.1942503903568822e-06,1.9130985395193018e-07,1.0296936035814596e-05,-6.900458122801403e-06,7.736900157875455e-07,2.6484475740672747e-06,7.885256406246494e-07,-6.900458122801403e-06,8.476865429793963e-06,2.641996130333706e-07,1.2412873362462152e-07,-1.0276432230665612e-06,7.736900157875455e-07,2.641996130333706e-07,1.0814459389705194e-05
605,1.0,1,2,transient,learned_with_learned_kf,learned,learned_kf,none,2,nominal,0.10743776081235748,0.36522191433310375,0.045210937869841025,0.02520541106748105,0.031874618834049774,0.031196112342682162,0.018263117454321503,0.5293101661045149,40.17394215570934,0,0,0,True,0.16360885874405437,0.16085953325110905,0.17715391675847453,0.03680202704677617,0.12824414615244248,0.414923271498516,0.20554840565707524,8.153956038081924e-06,2.155657688628592e-07,6.749515705255766e-06,1.8101969633625273e-06,1.4166094040917807e-07,2.155657688628592e-07,7.882216213476038e-06,3.6397744888728894e-07,9.017680925623911e-08,-3.916935905350443e-07,6.749515705255766e-06,3.6397744888728894e-07,9.559963907940002e-06,1.4487981678406567e-06,2.542437751674312e-07,1.8101969633625273e-06,9.017680925623911e-08,1.4487981678406567e-06,4.125705418922439e-07,2.991889953234802e-08,1.4166094040917807e-07,-3.916935905350443e-07,2.542437751674312e-07,2.991889953234802e-08,5.009908982998705e-06
605,1.0,1,2,transient,learned_with_learned_kf,learned,learned_kf,none,2,learned,0.10743776081235748,0.36522191433310375,0.03885400530458938,0.025394238418867177,0.15054055724173537,0.15150127333621108,0.018178789636948734,0.5293101661045149,40.17394215570934,0,0,0,True,0.1185492772612282,0.16207601248197517,0.7889680864343289,0.17256587205160623,0.12761993176905215,0.9065443608910224,0.9589574942970683,4.281072241470862e-06,6.216327521222923e-07,-1.3753367727260241e-05,-2.7722109499258156e-06,-3.3724526253986898e-09,6.216327521222923e-07,8.00188345619698e-06,-7.08551405900587e-06,-1.4882127580872968e-06,-4.7388940225008623e-07,-1.3753367727260241e-05,-7.08551405900587e-06,0.00018961540067985422,4.07197113924763e-05,1.1978754788778478e-06,-2.7722109499258156e-06,-1.4882127580872968e-06,4.07197113924763e-05,9.071196111468712e-06,2.42694716093325e-07,-3.3724526253986898e-09,-4.7388940225008623e-07,1.1978754788778478e-06,2.42694716093325e-07,4.961257304951679e-06
605,1.0,1,2,transient,learned_with_learned_kf,learned,learned_kf,none,2,oracle,0.10743776081235748,0.36522191433310375,0.012475761404828985,0.025197200078124538,0.012244270944595804,0.011196031705233303,0.018233197792867823,0.5293101661045149,40.17394215570934,0,0,0,True,0.04964624839183709,0.16081497842231238,0.07304568789964871,0.014775830698446084,0.12802930260797127,0.2118549822397886,0.0628649585827709,7.508057791392931e-07,3.273851775097928e-08,-8.038388928609484e-07,2.1528593838129072e-07,7.6108128120102e-08,3.273851775097928e-08,7.877850390071372e-06,4.9563398782084856e-08,4.0362134827814356e-08,-4.0391767210631603e-07,-8.038388928609484e-07,4.9563398782084856e-08,1.625338796092495e-06,-2.439977423497422e-07,2.0122140069676265e-07,2.1528593838129072e-07,4.0362134827814356e-08,-2.439977423497422e-07,6.650565082170036e-08,1.565668226840652e-08,7.6108128120102e-08,-4.0391767210631603e-07,2.0122140069676265e-07,1.565668226840652e-08,4.9931371450603046e-06
605,1.0,1,5,broadband,nominal_with_nominal_kf,nominal,nominal_kf,none,0,nominal,0.1347770962602343,0.43520118885075926,0.013310056386275372,0.025275265438608373,0.010695644157052027,0.010606281185231608,0.01849696677775232,0.5549546995319058,78.66269485522984,0,0,0,True,0.05654207288807735,0.2779763202798256,0.1478089405053789,0.14254653585697452,0.1957929015655483,0.38816704806679947,0.117497165590262,9.738637207367452e-07,9.40086487374899e-08,-1.528347154665874e-06,2.1044008722426295e-06,1.8070349357014366e-07,9.40086487374899e-08,2.3538042271678847e-05,4.880595636019062e-07,6.127009666228028e-07,6.460163298045697e-08,-1.528347154665874e-06,4.880595636019062e-07,6.655123867798198e-06,-4.319690355219926e-06,7.117375094654892e-07,2.1044008722426295e-06,6.127009666228028e-07,-4.319690355219926e-06,6.189678195532622e-06,2.3648021821019683e-08,1.8070349357014366e-07,6.460163298045697e-08,7.117375094654892e-07,2.3648021821019683e-08,1.1677466233522835e-05
605,1.0,1,5,broadband,nominal_with_nominal_kf,nominal,nominal_kf,none,0,learned,0.1347770962602343,0.43520118885075926,0.025364032209236043,0.025342249522535297,0.10647075560040364,0.10852024114477522,0.01844091478865251,0.5549546995319058,78.66269485522984,0,0,0,True,0.1046209184025356,0.27868206775683774,1.214965630369863,1.1824770237531959,0.19511721909318802,2.350382685385734,2.37401735351408,3.334201107339413e-06,1.003006197658098e-06,-1.3032569875948587e-05,-9.57697880158346e-06,4.3923109400088583e-07,1.003006197658098e-06,2.3657714348258423e-05,-8.029701504895843e-06,-6.710547644807574e-06,-1.8188667658476477e-07,-1.3032569875948587e-05,-8.029701504895843e-06,0.0004496584097855049,0.00042061040245213734,5.120188177936292e-07,-9.57697880158346e-06,-6.710547644807574e-06,0.00042061040245213734,0.00042593188955517095,-7.237667198929319e-07,4.3923109400088583e-07,-1.8188667658476477e-07,5.120188177936292e-07,-7.237667198929319e-07,1.1597007294238646e-05
605,1.0,1,5,broadband,nominal_with_nominal_kf,nominal,nominal_kf,none,0,oracle,0.1347770962602343,0.43520118885075926,0.01203965216775419,0.02518633818907854,0.01074654392496425,0.010449928876414017,0.018455403237906932,0.5549546995319058,78.66269485522984,0,0,0,True,0.051426731184273315,0.277028184148473,0.14965981194180333,0.14005678367198626,0.19534066099440894,0.3765212629388772,0.1076401795230972,8.056243342803477e-07,-4.481541283753217e-08,-1.6500275652157656e-06,2.1198726672644787e-06,8.638633282462938e-08,-4.481541283753217e-08,2.3377746546739114e-05,1.6757301489361194e-07,5.45836545955202e-07,-5.330797826040744e-08,-1.6500275652157656e-06,1.6757301489361194e-07,6.822839035380754e-06,-4.634381451577862e-06,7.114191176739858e-07,2.1198726672644787e-06,5.45836545955202e-07,-4.634381451577862e-06,5.975345652804461e-06,4.1416181832885406e-08,8.638633282462938e-08,-5.330797826040744e-08,7.114191176739858e-07,4.1416181832885406e-08,1.1623583534738832e-05
605,1.0,1,5,broadband,learned_with_learned_kf,learned,learned_kf,none,0,nominal,0.08207819985898818,0.2645142635542795,0.013215872611403556,0.025269475347775572,0.010658109408319382,0.010549337752798111,0.01848115735934909,0.34396130102606304,39.0714174529202,0,0,0,True,0.008335268294646241,0.1738994819218766,0.011213849050970877,0.008785850285006688,0.12801782301120818,0.21770450545225195,0.008146812757889395,2.1163812341074065e-08,7.522194595366876e-09,-1.8437800659768113e-08,1.9847947499865155e-08,6.483411567434859e-09,7.522194595366876e-09,9.211944473236717e-06,1.1616335212125105e-08,2.3339007625739952e-08,8.978513141449844e-09,-1.8437800659768113e-08,1.1616335212125105e-08,3.8305765595192834e-08,-2.0800955508069272e-08,4.103872162338842e-08,1.9847947499865155e-08,2.3339007625739952e-08,-2.0800955508069272e-08,2.3513773582860277e-08,-4.4625356945814575e-09,6.483411567434859e-09,8.978513141449844e-09,4.103872162338842e-08,-4.4625356945814575e-09,4.9922417776700095e-06
605,1.0,1,5,broadband,learned_with_learned_kf,learned,learned_kf,none,0,learned,0.08207819985898818,0.2645142635542795,0.024542927668767332,0.02534455554361763,0.10414385668658606,0.1069956941692312,0.018361186815340734,0.34396130102606304,39.0714174529202,0,0,0,True,0.012902008308989807,0.17442514235413475,0.06627413709046595,0.06795873888608585,0.12718547302639052,0.24635705650510686,0.13246543874454353,5.0707169615608455e-08,8.25935110854093e-08,-7.788379067272751e-08,-5.185637415545204e-08,2.5809178433617272e-08,8.25935110854093e-08,9.267720066750612e-06,-2.6461373391552337e-07,-2.280461249084935e-07,-1.7405475885593505e-08,-7.788379067272751e-08,-2.6461373391552337e-07,1.3379592881164497e-06,1.3001743194021795e-06,1.4982703858277515e-08,-5.185637415545204e-08,-2.280461249084935e-07,1.3001743194021795e-06,1.4068421035467642e-06,-3.524658360986381e-08,2.5809178433617272e-08,-1.7405475885593505e-08,1.4982703858277515e-08,-3.524658360986381e-08,4.927535414596978e-06
605,1.0,1,5,broadband,learned_with_learned_kf,learned,learned_kf,none,0,oracle,0.08207819985898818,0.2645142635542795,0.012039652167754187,0.02518633818907854,0.01074654392496425,0.010449928876414018,0.018455403237906932,0.34396130102606304,39.0714174529202,0,0,0,True,0.007807962434843374,0.17332459802672132,0.011434216127212854,0.008675815384827625,0.12783940082448228,0.21627577801738535,0.008018318352699949,1.8570780875852506e-08,-1.5552145485615656e-09,-1.8896585062020712e-08,2.0112816727661776e-08,1.4393346487763059e-09,-1.5552145485615656e-09,9.15113871429457e-06,2.0902022725681055e-09,2.195180617986013e-08,-2.7832090285049903e-08,-1.8896585062020712e-08,2.0902022725681055e-09,3.98260769915188e-08,-2.15848311962834e-08,4.5153156892152286e-08,2.0112816727661776e-08,2.195180617986013e-08,-2.15848311962834e-08,2.2928483914789075e-08,-2.0063090687991704e-09,1.4393346487763059e-09,-2.7832090285049903e-08,4.5153156892152286e-08,-2.0063090687991704e-09,4.978335808051602e-06
605,1.0,1,5,transient,nominal_with_nominal_kf,nominal,nominal_kf,none,0,nominal,0.12307887004131299,0.4095972225744437,0.01469131112484267,0.025273638113471338,0.012306490032272443,0.013025678964419706,0.01800268828976304,0.7003400823978664,78.11233909374911,0,0,0,True,0.06345443348509851,0.2805410556980033,0.1862474829222869,0.19787429128724207,0.18550138471658678,0.43178123553634806,0.26575293034194564,1.2265314184311803e-06,3.071094071602424e-07,-2.461748219436138e-06,1.392441976244292e-06,-1.2355618031143256e-07,3.071094071602424e-07,2.3974391280152316e-05,2.6677998103635947e-07,-4.776399736480416e-07,-3.561384494627227e-07,-2.461748219436138e-06,2.6677998103635947e-07,1.0566607102719737e-05,-4.900898376130742e-07,1.1603198076355672e-06,1.392441976244292e-06,-4.776399736480416e-07,-4.900898376130742e-07,1.1927062085854759e-05,8.984622918563473e-08,-1.2355618031143256e-07,-3.561384494627227e-07,1.1603198076355672e-06,8.984622918563473e-08,1.0482118060862175e-05
605,1.0,1,5,transient,nominal_with_nominal_kf,nominal,nominal_kf,none,0,learned,0.12307887004131299,0.4095972225744437,0.039369195640094196,0.025418252032579313,0.18846321072056227,0.18923724717931956,0.017997538329231823,0.7003400823978664,78.11233909374911,0,0,0,True,0.17301934495839058,0.282126401186867,2.6006557112297632,2.557599397698018,0.18558919737384508,5.227724356009253,5.146202478580358,9.118933783506134e-06,-1.1681451383713237e-07,6.95108711040933e-05,7.460624708452173e-05,5.759688843149201e-07,-1.1681451383713237e-07,2.424611681598833e-05,-2.7241544722173383e-05,-2.6920926271534e-05,-5.038905844520923e-07,6.95108711040933e-05,-2.7241544722173383e-05,0.002060252542257873,0.0020072270091475593,9.249147166442008e-06,7.460624708452173e-05,-2.6920926271534e-05,0.0020072270091475593,0.0019925983995619672,7.720173657580287e-06,5.759688843149201e-07,-5.038905844520923e-07,9.249147166442008e-06,7.720173657580287e-06,1.0492044461210698e-05
605,1.0,1,5,transient,nominal_with_nominal_kf,nominal,nominal_kf,none,0,oracle,0.12307887004131299,0.4095972225744437,0.011649710999355687,0.025056393279851374,0.010616029545929951,0.009827821119328742,0.017967147959790174,0.7003400823978664,78.11233909374911,0,0,0,True,0.050838308941230335,0.2781952457910845,0.15736427191052657,0.14378892901803197,0.18515267845809433,0.36933038604616514,0.11066473444896488,7.872939736438412e-07,-1.391961291475556e-07,-1.7900192976368803e-06,2.1477668248150493e-06,-6.862665825883434e-08,-1.391961291475556e-07,2.3575132532713994e-05,8.530794128431367e-07,1.701880849271911e-07,-3.7282517283520937e-07,-1.7900192976368803e-06,8.530794128431367e-07,7.543397762052444e-06,-5.05544390873134e-06,8.969081934113939e-07,2.1477668248150493e-06,1.701880849271911e-07,-5.05544390873134e-06,6.298043169094842e-06,-1.894787611757185e-07,-6.862665825883434e-08,-3.7282517283520937e-07,8.969081934113939e-07,-1.894787611757185e-07,1.0442746444694745e-05
605,1.0,1,5,transient,learned_with_learned_kf,learned,learned_kf,none,0,nominal,0.07189016948590006,0.23504384940180245,0.014600435227545347,0.025263730758236236,0.012172759127531917,0.012943941190663846,0.01798980580113852,0.5546834691474702,39.08985688545188,0,0,0,True,0.009834580943430545,0.17366622964169534,0.01431719577699106,0.012369817149096502,0.1258217267656788,0.2135703376422681,0.018470092114354478,2.946228684264036e-08,2.465287363985196e-08,-3.074353673314942e-08,1.3437972707501228e-08,-1.0964471453289041e-08,2.465287363985196e-08,9.187248988309702e-06,7.70520490560762e-09,-1.9248249649231376e-08,-1.660022126926483e-07,-3.074353673314942e-08,7.70520490560762e-09,6.244111685599648e-08,-2.566427426639507e-09,5.104231515379981e-08,1.3437972707501228e-08,-1.9248249649231376e-08,-2.566427426639507e-09,4.661023526457311e-08,5.738657029881083e-09,-1.0964471453289041e-08,-1.660022126926483e-07,5.104231515379981e-08,5.738657029881083e-09,4.8224309442561235e-06
605,1.0,1,5,transient,learned_with_learned_kf,learned,learned_kf,none,0,learned,0.07189016948590006,0.23504384940180245,0.038302164768831894,0.025380666643769603,0.18638272270813735,0.18745386071020875,0.017899592685753946,0.5546834691474702,39.08985688545188,0,0,0,True,0.027487383133216893,0.17447546794127608,0.17504929771170705,0.15453012096109991,0.1251762290381536,0.3941820737483218,0.3284615507853901,2.301555897470326e-07,-4.9791999684276833e-08,9.687595812601242e-07,8.220094520041822e-07,5.786784099528721e-08,-4.9791999684276833e-08,9.2730687307274e-06,-1.1680965664450598e-06,-1.0181086368213173e-06,-2.2367275815677083e-07,9.687595812601242e-07,-1.1680965664450598e-06,9.33416515087837e-06,8.127981023086917e-06,4.061202715983857e-07,8.220094520041822e-07,-1.0181086368213173e-06,8.127981023086917e-06,7.274129430195219e-06,3.002860100664404e-07,5.786784099528721e-08,-2.2367275815677083e-07,4.061202715983857e-07,3.002860100664404e-07,4.773077253294647e-06
605,1.0,1,5,transient,learned_with_learned_kf,learned,learned_kf,none,0,oracle,0.07189016948590006,0.23504384940180245,0.011649710999355682,0.02505639327985137,0.010616029545929953,0.009827821119328738,0.01796714795979017,0.5546834691474702,39.08985688545188,0,0,0,True,0.008257984583703248,0.17223242177055054,0.012259736592789016,0.009022945609611966,0.12566137032537522,0.21176083944983526,0.008460287914451768,2.0773174568897903e-08,-1.3654119826427272e-08,-2.2419937332999407e-08,2.2042421021522576e-08,-3.4919603412235725e-09,-1.3654119826427272e-08,9.036173306062568e-06,3.549135423071775e-08,6.84153599971739e-09,-1.7086776796754207e-07,-2.2419937332999407e-08,3.549135423071775e-08,4.578434586128795e-08,-2.439044526683616e-08,3.769014204643582e-08,2.2042421021522576e-08,6.84153599971739e-09,-2.439044526683616e-08,2.4799984767217422e-08,-6.153311404822842e-09,-3.4919603412235725e-09,-1.7086776796754207e-07,3.769014204643582e-08,-6.153311404822842e-09,4.8101466575981874e-06
605,1.0,1,8,broadband,nominal_with_nominal_kf,nominal,nominal_kf,none,0,nominal,0.16002186880583155,0.49812270087580884,0.014078586605266709,0.024250681266208635,0.018318888921918037,0.017461729431421522,0.0172318758449752,0.5462853526074329,81.34206214713868,0,0,0,True,0.05984689820647946,0.2670279363186901,0.22854220597469216,0.2086195863781272,0.1831419018492201,0.4998569351107666,0.33633447207329975,1.091033354716126e-06,5.632426481582502e-08,-2.5241971892633275e-06,1.5926510343252438e-06,4.176777697791435e-08,5.632426481582502e-08,2.17204157578053e-05,1.5728547187840513e-06,1.9228526914750524e-06,1.8968418627360038e-07,-2.5241971892633275e-06,1.5728547187840513e-06,1.591063691941249e-05,2.6451766447331774e-06,1.3157358089634877e-06,1.5926510343252438e-06,1.9228526914750524e-06,2.6451766447331774e-06,1.325759949880235e-05,1.4411809017947488e-07,4.176777697791435e-08,1.8968418627360038e-07,1.3157358089634877e-06,1.4411809017947488e-07,1.0217159538767607e-05
605,1.0,1,8,broadband,nominal_with_nominal_kf,nominal,nominal_kf,none,0,learned,0.16002186880583155,0.49812270087580884,0.031884892202410454,0.024125018476194523,0.12035090888593615,0.12045842904423965,0.017203012621114136,0.5462853526074329,81.34206214713868,0,0,0,True,0.13091051196883108,0.2654651198089173,1.3710552943230192,1.3069704033888854,0.18272079629676205,2.6339660553273,2.656307706298179,5.220399961721822e-06,8.915930171968301e-07,-2.630582319372371e-05,-2.1637604547199434e-05,-2.388880428552324e-07,8.915930171968301e-07,2.1466916510293305e-05,1.1810377189673917e-06,2.417188906663809e-06,-6.492631801298434e-08,-2.630582319372371e-05,1.1810377189673917e-06,0.000572617577666272,0.0005282075768954508,4.539548854703323e-06,-2.1637604547199434e-05,2.417188906663809e-06,0.0005282075768954508,0.0005203388361084396,2.7872094409282407e-06,-2.388880428552324e-07,-6.492631801298434e-08,4.539548854703323e-06,2.7872094409282407e-06,1.0170228103525927e-05
605,1.0,1,8,broadband,nominal_with_nominal_kf,nominal,nominal_kf,none,0,oracle,0.16002186880583155,0.49812270087580884,0.012314854296635853,0.02419050493953399,0.011530786299586909,0.010064083669595568,0.01715452449326375,0.5462853526074329,81.34206214713868,0,0,0,True,0.05273606917336828,0.2663681764214386,0.16151465335206117,0.13720052255302073,0.18228259030392632,0.36781662598449993,0.10240932325574399,8.471693713667683e-07,8.589070634949482e-08,-1.925473507304529e-06,2.11986268276811e-06,2.540038754180928e-08,8.589070634949482e-08,2.1613216816711965e-05,3.931071283406764e-07,9.204933972847363e-07,1.1919491513558978e-07,-1.925473507304529e-06,3.931071283406764e-07,7.946549526853194e-06,-5.24296797866798e-06,1.0582592232418854e-06,2.11986268276811e-06,9.204933972847363e-07,-5.24296797866798e-06,5.734113250010807e-06,-7.93404499749466e-08,2.540038754180928e-08,1.1919491513558978e-07,1.0582592232418854e-06,-7.93404499749466e-08,1.0121505561176397e-05
605,1.0,1,8,broadband,learned_with_learned_kf,learned,learned_kf,none,0,nominal,0.09557278763194095,0.3123655189995342,0.014046214246074495,0.02424621228718125,0.017993160152286542,0.017237278585993672,0.017212235432939284,0.32581614565925104,39.55739563132109,0,0,0,True,0.008852489413204911,0.16675151046027767,0.014912474707289116,0.01242037450961875,0.119046983001755,0.20984422563682956,0.01938220198348834,2.3871821988715436e-08,6.168354278915118e-09,-2.638179472885429e-08,1.717266107707159e-08,2.704378599148386e-09,6.168354278915118e-09,8.470212152685954e-06,4.43858692191107e-08,7.06476548036661e-08,7.14303329909469e-08,-2.638179472885429e-08,4.43858692191107e-08,6.774140116267964e-08,-1.4893524346660377e-10,5.423478076595772e-08,1.717266107707159e-08,7.06476548036661e-08,-1.4893524346660377e-10,4.6992020397010425e-08,3.6838834682202575e-09,2.704378599148386e-09,7.14303329909469e-08,5.423478076595772e-08,3.6838834682202575e-09,4.317094172115709e-06
605,1.0,1,8,broadband,learned_with_learned_kf,learned,learned_kf,none,0,learned,0.09557278763194095,0.3123655189995342,0.030766506666684294,0.024170858083015848,0.11697766325996771,0.1176540007811965,0.01709081318238799,0.32581614565925104,39.55739563132109,0,0,0,True,0.01580145162975996,0.16624609314975614,0.07435022912632053,0.07441690138254729,0.11820427330306593,0.25299765068150165,0.14704574530928458,7.605866657555065e-08,7.413272966188908e-08,-1.6091494776804228e-07,-1.304657992355541e-07,-2.9728436030950915e-08,7.413272966188908e-08,8.418944202255037e-06,4.843832899838509e-08,1.1485539209318575e-07,-1.3179556328279767e-08,-1.6091494776804228e-07,4.843832899838509e-08,1.6839118673925397e-06,1.607865086377862e-06,1.1528758215713607e-07,-1.304657992355541e-07,1.1485539209318575e-07,1.607865086377862e-06,1.6869332579912788e-06,6.163737120907e-08,-2.9728436030950915e-08,-1.3179556328279767e-08,1.1528758215713607e-07,6.163737120907e-08,4.256190812795253e-06
605,1.0,1,8,broadband,learned_with_learned_kf,learned,learned_kf,none,0,oracle,0.09557278763194095,0.3123655189995342,0.012314854296635851,0.02419050493953399,0.011530786299586905,0.010064083669595568,0.01715452449326375,0.32581614565925104,39.55739563132109,0,0,0,True,0.008057698274840883,0.16636813168021386,0.012249917438293312,0.008520989256405397,0.11864743734619651,0.20695742282038182,0.007742053304831984,1.97777433591663e-08,1.0443489603325844e-08,-2.2741231138801895e-08,2.0332773259811592e-08,5.334911460451926e-10,1.0443489603325844e-08,8.431309156772517e-06,5.615379704141921e-09,3.615767908430508e-08,5.310550134475873e-08,-2.2741231138801895e-08,5.615379704141921e-09,4.571103539033478e-08,-2.4784944408514496e-08,4.521691964788174e-08,2.0332773259811592e-08,3.615767908430508e-08,-2.4784944408514496e-08,2.211743556165487e-08,-3.827658283634424e-09,5.334911460451926e-10,5.310550134475873e-08,4.521691964788174e-08,-3.827658283634424e-09,4.288164724906563e-06
605,1.0,1,8,transient,nominal_with_nominal_kf,nominal,nominal_kf,none,0,nominal,0.14364177383937957,0.45810844205688867,0.015117341931488615,0.02494019018174898,0.03126210978100657,0.03080510745870161,0.01804897965074871,0.6868495507748331,84.01133554909339,0,0,0,True,0.06575607745062045,0.2768509424051609,0.44916735646879197,0.43086171835079895,0.18693953018462336,0.952018377474258,0.8293241322783145,1.317123601176331e-06,9.344946034618197e-08,-4.254721177976091e-06,5.853076867341824e-07,-6.02080581408265e-08,9.344946034618197e-08,2.334784210172846e-05,6.966353090015882e-06,6.470760546143187e-06,6.879184892135569e-07,-4.254721177976091e-06,6.966353090015882e-06,6.14569647449479e-05,4.57513099913339e-05,2.860633976193522e-06,5.853076867341824e-07,6.470760546143187e-06,4.57513099913339e-05,5.654973231654041e-05,2.284047803180483e-06,-6.02080581408265e-08,6.879184892135569e-07,2.860633976193522e-06,2.284047803180483e-06,1.064527852686854e-05
605,1.0,1,8,transient,nominal_with_nominal_kf,nominal,nominal_kf,none,0,learned,0.14364177383937957,0.45810844205688867,0.038269897968202155,0.02490051384686621,0.21310363545453695,0.21319057477686135,0.0181866430354666,0.6868495507748331,84.01133554909339,0,0,0,True,0.16555660052410986,0.2762841253361348,2.9408313478289427,2.8661140913227485,0.1883121338898436,5.907489819884476,5.795457746341961,8.349255196549025e-06,2.456269065496704e-06,4.442189777057359e-05,4.839073509476097e-05,6.115754659044181e-07,2.456269065496704e-06,2.3252336499373457e-05,2.4302364545762553e-05,2.421722299524818e-05,2.9292212548306806e-07,4.442189777057359e-05,2.4302364545762553e-05,0.0026344804092213537,0.0025472461220143227,1.7735755762697293e-05,4.839073509476097e-05,2.421722299524818e-05,0.0025472461220143227,0.0025023132980260734,1.6062156696593848e-05,6.115754659044181e-07,2.9292212548306806e-07,1.7735755762697293e-05,1.6062156696593848e-05,1.0802178377052157e-05
605,1.0,1,8,transient,nominal_with_nominal_kf,nominal,nominal_kf,none,0,oracle,0.14364177383937957,0.45810844205688867,0.012423055722873732,0.024586492377288063,0.011503936238948314,0.009995516459200245,0.018021080719408035,0.6868495507748331,84.01133554909339,0,0,0,True,0.054182959860767696,0.27287891553109855,0.17078837258483637,0.1470925638175802,0.18663748421908083,0.3889134045729274,0.1156903191310603,8.942937311130341e-07,2.1548540251180535e-08,-2.0877983256660172e-06,2.3396606404851718e-06,1.0335435508699646e-07,2.1548540251180535e-08,2.268269724199907e-05,1.0392138630331695e-06,7.713387701716494e-07,4.760065650419835e-07,-2.0877983256660172e-06,1.0392138630331695e-06,8.885284448798675e-06,-5.6994894931626686e-06,9.137851757779847e-07,2.3396606404851718e-06,7.713387701716494e-07,-5.6994894931626686e-06,6.590770220226819e-06,3.276501527785388e-07,1.0335435508699646e-07,4.760065650419835e-07,9.137851757779847e-07,3.276501527785388e-07,1.0610906280080465e-05
605,1.0,1,8,transient,learned_with_learned_kf,learned,learned_kf,none,0,nominal,0.08207558196168013,0.2652732092212545,0.014926227136927758,0.024923231538453366,0.030845139517332358,0.030422281366702688,0.01803204291535081,0.5170898405625676,41.20050386328398,0,0,0,True,0.010424948819680938,0.17132135362673842,0.03195634655713811,0.026170712674482434,0.12593301999970405,0.23470548279546977,0.05421620365012789,3.310568650891582e-08,4.0980364584094053e-10,-5.1258400518319594e-08,7.56631540562991e-09,-3.6857181482990377e-09,4.0980364584094053e-10,8.940827779376312e-06,3.069050937728109e-07,2.4106637509620257e-07,2.8806357331144977e-07,-5.1258400518319594e-08,3.069050937728109e-07,3.110777720032921e-07,1.8783965905535366e-07,1.5055004073587797e-07,7.56631540562991e-09,2.4106637509620257e-07,1.8783965905535366e-07,2.0863436001574245e-07,1.0041618326068738e-07,-3.6857181482990377e-09,2.8806357331144977e-07,1.5055004073587797e-07,1.0041618326068738e-07,4.830965897878542e-06
605,1.0,1,8,transient,learned_with_learned_kf,learned,learned_kf,none,0,learned,0.08207558196168013,0.2652732092212545,0.037130157659671,0.0249549846539653,0.20990115969264164,0.21027151314676323,0.018060790896382194,0.5170898405625676,41.20050386328398,0,0,0,True,0.024777304662073753,0.17157450946528147,0.1973170929578095,0.172318640104581,0.1261359537779026,0.4652783362740873,0.3683126769555754,1.8700915036155744e-07,2.243660701962735e-07,7.402081859778421e-07,5.958716683176408e-07,8.238230093601125e-08,2.243660701962735e-07,8.967270426458948e-06,1.070686728725193e-06,9.248408827024853e-07,1.4545216520013008e-07,7.402081859778421e-07,1.070686728725193e-06,1.1859985336381953e-05,1.020871656123264e-05,8.677004579393163e-07,5.958716683176408e-07,9.248408827024853e-07,1.020871656123264e-05,9.045222459553815e-06,6.591453712378788e-07,8.238230093601125e-08,1.4545216520013008e-07,8.677004579393163e-07,6.591453712378788e-07,4.846548086945263e-06
605,1.0,1,8,transient,learned_with_learned_kf,learned,learned_kf,none,0,oracle,0.08207558196168013,0.2652732092212545,0.012423055722873734,0.02458649237728806,0.011503936238948308,0.00999551645920025,0.01802108071940804,0.5170898405625676,41.20050386328398,0,0,0,True,0.008844515402311187,0.16900088045146042,0.013222456296241756,0.009246134725088999,0.12585677283001268,0.21659541051185707,0.008879633737214818,2.38288355636451e-08,4.614333374404932e-10,-2.6342670001040008e-08,2.418302744091712e-08,1.418906819942496e-08,4.614333374404932e-10,8.700268778652338e-06,5.154466769583465e-08,2.98177913383235e-08,2.0368071372129228e-07,-2.6342670001040008e-08,5.154466769583465e-08,5.3257284123810035e-08,-2.764044588752347e-08,4.594002084101397e-08,2.418302744091712e-08,2.98177913383235e-08,-2.764044588752347e-08,2.604205007529329e-08,1.5254637930941487e-08,1.418906819942496e-08,2.0368071372129228e-07,4.594002084101397e-08,1.5254637930941487e-08,4.825117773739151e-06
605,1.0,1,11,broadband,nominal_with_nominal_kf,nominal,nominal_kf,none,1,nominal,0.22565505999499763,0.702368105759491,0.05388146100458081,0.02499508551809754,0.020557833574113463,0.01999681171948103,0.018016430477524974,0.5234649900834609,65.1320011119291,0,0,0,True,0.2212132657007115,0.2752051737138579,0.2495840374650346,0.2339242857362606,0.19237577402132472,0.6902817331941736,0.39870141980139023,1.4906547540277093e-05,3.798452855450394e-07,6.6894092112316825e-06,1.0797673918597373e-05,-1.578523901672226e-07,3.798452855450394e-07,2.3071079912649658e-05,2.3944238028832195e-06,2.0809044411719843e-06,7.648139113511722e-08,6.6894092112316825e-06,2.3944238028832195e-06,1.8975286725982157e-05,6.389359356656364e-06,1.2373087645221884e-06,1.0797673918597373e-05,2.0809044411719843e-06,6.389359356656364e-06,1.6668839286552475e-05,2.3826722140928085e-07,-1.578523901672226e-07,7.648139113511722e-08,1.2373087645221884e-06,2.3826722140928085e-07,1.127341502497441e-05
605,1.0,1,11,broadband,nominal_with_nominal_kf,nominal,nominal_kf,none,1,learned,0.22565505999499763,0.702368105759491,0.030363191307358112,0.025009797309926158,0.027029066951876998,0.023831770672882883,0.017993131174339334,0.5234649900834609,65.1320011119291,0,0,0,True,0.12562293292975496,0.2753044134830257,0.33426151009024696,0.27785665466279463,0.19209675900707196,0.6349132479260345,0.5416270007835513,4.807204445007015e-06,-1.5203006629016767e-06,-4.491357926695292e-06,-2.891424988735096e-07,5.658950861605767e-08,-1.5203006629016767e-06,2.3087721906886664e-05,7.605000713017129e-07,6.718897678956156e-07,2.3233727185188637e-08,-4.491357926695292e-06,7.605000713017129e-07,3.4035134947089577e-05,1.590479595441257e-05,1.5603876023247927e-06,-2.891424988735096e-07,6.718897678956156e-07,1.590479595441257e-05,2.3517780919402493e-05,3.770146005890667e-07,5.658950861605767e-08,2.3233727185188637e-08,1.5603876023247927e-06,3.770146005890667e-07,1.1240737614903502e-05
605,1.0,1,11,broadband,nominal_with_nominal_kf,nominal,nominal_kf,none,1,oracle,0.22565505999499763,0.702368105759491,0.0129481781921507,0.024995015280001344,0.00961910478231281,0.009643421494552332,0.01799248548942457,0.5234649900834609,65.1320011119291,0,0,0,True,0.05557038742352877,0.2751961951472153,0.1346027579527084,0.13228408217992932,0.19202888495641396,0.3761571493026731,0.07263227177195353,9.406792936141474e-07,5.1613241640894596e-08,-1.9272370909788817e-06,2.138505505564291e-06,-8.277250225270168e-08,5.1613241640894596e-08,2.3069574549602436e-05,1.5184959394243437e-06,1.018071075866249e-06,-4.283490433917869e-09,-1.9272370909788817e-06,1.5184959394243437e-06,5.519028695801866e-06,-4.621279891181858e-06,6.327378077795469e-07,2.138505505564291e-06,1.018071075866249e-06,-4.621279891181858e-06,5.3305241103008395e-06,-2.1935250260290848e-07,-8.277250225270168e-08,-4.283490433917869e-09,6.327378077795469e-07,-2.1935250260290848e-07,1.1232795579755031e-05
605,1.0,1,11,broadband,learned_with_learned_kf,learned,learned_kf,none,1,nominal,0.1881138407543643,0.5643905316937355,0.055221787579367895,0.025005562182360795,0.020653297459752966,0.020212793459797998,0.01801064511913487,0.5167753661432064,67.16359772976217,0,0,0,True,0.23824712070497367,0.2644609535775123,0.01585518489847182,0.2444264762663087,0.22328244237936168,0.41056399233041313,0.24948061183903647,1.7290599710216605e-05,-4.3453495175128553e-07,-3.780731079727414e-07,-1.2830712583817161e-05,1.4705804524916485e-07,-4.3453495175128553e-07,2.1304819264431155e-05,1.6129638622200584e-07,2.2016034295775052e-06,7.397279807898685e-08,-3.780731079727414e-07,1.6129638622200584e-07,7.657682524094958e-08,3.419157659791343e-07,7.905077904323763e-08,-1.2830712583817161e-05,2.2016034295775052e-06,3.419157659791343e-07,1.8199155213572267e-05,2.8307108121310815e-07,1.4705804524916485e-07,7.397279807898685e-08,7.905077904323763e-08,2.8307108121310815e-07,1.5186716412533628e-05
605,1.0,1,11,broadband,learned_with_learned_kf,learned,learned_kf,none,1,learned,0.1881138407543643,0.5643905316937355,0.031022498062287757,0.025015544148282533,0.02689463098745787,0.024104362000151463,0.017990509523400963,0.5167753661432064,67.16359772976217,0,0,0,True,0.13896380250874718,0.2645664351279205,0.021267601699577324,0.2909659306204184,0.22302932141940798,0.5040493065825948,0.3020995183086586,5.882448231410605e-06,1.705909725091427e-06,3.1323054451576976e-07,1.4647397341857388e-07,-3.990294809364195e-08,1.705909725091427e-06,2.1321817717345938e-05,7.469471628386913e-08,8.945298778505412e-07,1.8357093074433997e-09,3.1323054451576976e-07,7.469471628386913e-08,1.3778177383208917e-07,9.367953273338144e-07,9.872354065215739e-08,1.4647397341857388e-07,8.945298778505412e-07,9.367953273338144e-07,2.5789268008910505e-05,4.223194309984135e-07,-3.990294809364195e-08,1.8357093074433997e-09,9.872354065215739e-08,4.223194309984135e-07,1.5152303520012273e-05
605,1.0,1,11,broadband,learned_with_learned_kf,learned,learned_kf,none,1,oracle,0.1881138407543643,0.5643905316937355,0.012948178192150703,0.02499501528000134,0.00961910478231281,0.009643421494552329,0.01799248548942457,0.5167753661432064,67.16359772976217,0,0,0,True,0.06709458921196455,0.26434324505238177,0.010083881233772357,0.1302956925949125,0.22304481167248913,0.3602438032638723,0.12209952393402262,1.3712913347770776e-06,-7.737052434720787e-09,1.733465414112529e-07,-2.5822962695392654e-06,1.1777492911509133e-07,-7.737052434720787e-09,2.1285858425543e-05,1.1774740602601731e-07,1.012313263061763e-06,-2.727439928129844e-08,1.733465414112529e-07,1.1774740602601731e-07,3.0974918985538866e-08,-3.3056449165849035e-07,4.50681024246822e-08,-2.5822962695392654e-06,1.012313263061763e-06,-3.3056449165849035e-07,5.171480038329765e-06,-2.594306958207536e-07,1.1777492911509133e-07,-2.727439928129844e-08,4.50681024246822e-08,-2.594306958207536e-07,1.5154408365829488e-05
605,1.0,1,11,transient,nominal_with_nominal_kf,nominal,nominal_kf,none,1,nominal,0.18991550618266972,0.5987225469721088,0.09775600847390004,0.026804017397576436,0.03259407642707371,0.03267942461987224,0.018817704718016536,0.732162923807959,67.60601094371548,0,0,0,True,0.4229103535919854,0.2976989482144605,0.4557831121236237,0.45207156214132865,0.19528521714535496,1.3705111291473862,0.8578319572308808,5.448179030562016e-05,6.628001477067375e-06,4.8343500626701316e-05,5.312010063242839e-05,8.338754059874161e-07,6.628001477067375e-06,2.6996616406471557e-05,7.96069143592403e-06,8.729059317311548e-06,-6.088978840412357e-07,4.8343500626701316e-05,7.96069143592403e-06,6.328068827341964e-05,4.931279669472559e-05,1.92313787490838e-06,5.312010063242839e-05,8.729059317311548e-06,4.931279669472559e-05,6.225426525575293e-05,5.241260064610215e-07,8.338754059874161e-07,-6.088978840412357e-07,1.92313787490838e-06,5.241260064610215e-07,1.161698619090706e-05
605,1.0,1,11,transient,nominal_with_nominal_kf,nominal,nominal_kf,none,1,learned,0.18991550618266972,0.5987225469721088,0.04943283461960095,0.02650535283831865,0.036556654581787994,0.034579329364810285,0.018799608575466975,0.732162923807959,67.60601094371548,0,0,0,True,0.21331450805980606,0.29431692486685646,0.5500054438997286,0.5088528865831936,0.1951544509006075,1.0953956792067863,1.0099359835990926,1.3861030623580425e-05,-3.466977460490656e-06,-7.179228549768008e-06,-2.4636883922512906e-06,5.708710763993648e-07,-3.466977460490656e-06,2.6386707903977632e-05,4.015638196648411e-06,5.182482693632782e-06,-6.614374711679282e-07,-7.179228549768008e-06,4.015638196648411e-06,9.214859363186479e-05,6.983863706478466e-05,3.543872606256095e-06,-2.4636883922512906e-06,5.182482693632782e-06,6.983863706478466e-05,7.887497237938578e-05,1.9374171234131613e-06,5.708710763993648e-07,-6.614374711679282e-07,3.543872606256095e-06,1.9374171234131613e-06,1.1601433543645174e-05
605,1.0,1,11,transient,nominal_with_nominal_kf,nominal,nominal_kf,none,1,oracle,0.18991550618266972,0.5987225469721088,0.013167745607862198,0.026330746965501816,0.00960362936709099,0.00959093237390866,0.018821707720282053,0.732162923807959,67.60601094371548,0,0,0,True,0.05766176082523807,0.292457154108201,0.14674058009938723,0.14464955290062423,0.19544801820117616,0.39606613789095346,0.08796334831923074,1.0128159589599508e-06,2.6095034750671416e-08,-2.0951079444562925e-06,2.43236850883383e-06,-4.227853998305856e-08,2.6095034750671416e-08,2.6054289491904405e-05,1.228418589674545e-06,1.7039390543644115e-06,-6.685254024147692e-07,-2.0951079444562925e-06,1.228418589674545e-06,6.559265321217515e-06,-5.2879665525504814e-06,9.489768933513951e-07,2.43236850883383e-06,1.7039390543644115e-06,-5.2879665525504814e-06,6.373660497603104e-06,-1.716955691781036e-07,-4.227853998305856e-08,-6.685254024147692e-07,9.489768933513951e-07,-1.716955691781036e-07,1.1636363448191404e-05
605,1.0,1,11,transient,learned_with_learned_kf,learned,learned_kf,none,1,nominal,0.18300048294289664,0.5903558417203396,0.09896207376406238,0.02683635688174931,0.032934346478468095,0.03303342119229895,0.01880057135494894,0.7269474807650668,68.64414574686951,0,0,0,True,0.5090297444130689,0.28360119890834096,0.03147029370161679,0.45242776279311453,0.23315729861528406,0.4081729707172159,0.47691859681118765,7.892980976362108e-05,-7.975875210111709e-06,-3.896451211310117e-06,-6.559408258730392e-05,-1.0384915354518476e-06,-7.975875210111709e-06,2.4500269417951093e-05,5.373067870998828e-07,8.52137933089879e-06,-6.82290567180483e-07,-3.896451211310117e-06,5.373067870998828e-07,3.01686813071529e-07,3.3157740255719893e-06,1.4659473649435394e-07,-6.559408258730392e-05,8.52137933089879e-06,3.3157740255719893e-06,6.235240788578664e-05,7.196126839869735e-07,-1.0384915354518476e-06,-6.82290567180483e-07,1.4659473649435394e-07,7.196126839869735e-07,1.6559711448523997e-05
605,1.0,1,11,transient,learned_with_learned_kf,learned,learned_kf,none,1,learned,0.18300048294289664,0.5903558417203396,0.049953874363463664,0.026534727800313095,0.03675025671800402,0.03512796767018804,0.01879307537596353,0.7269474807650668,68.64414574686951,0,0,0,True,0.2543810252150779,0.28039936639180324,0.04317377544106187,0.5003667588638819,0.23307511699439198,0.7582125441147929,0.5358341131854979,1.971170367367012e-05,3.906305930523594e-06,5.756350124696731e-07,2.5455071505022206e-06,-7.655412341427763e-07,3.906305930523594e-06,2.3950180513280484e-05,3.10175746709908e-07,5.214265680977758e-06,-7.345684964442032e-07,5.756350124696731e-07,3.10175746709908e-07,5.677992202703546e-07,5.3136440093980455e-06,3.758528869324864e-07,2.5455071505022206e-06,5.214265680977758e-06,5.3136440093980455e-06,7.626611706019473e-05,2.2969880840747542e-06,-7.655412341427763e-07,-7.345684964442032e-07,3.758528869324864e-07,2.2969880840747542e-06,1.6548039808e-05
605,1.0,1,11,transient,learned_with_learned_kf,learned,learned_kf,none,1,oracle,0.18300048294289664,0.5903558417203396,0.013167745607862194,0.026330746965501823,0.009603629367090985,0.00959093237390866,0.018821707720282053,0.7269474807650668,68.64414574686951,0,0,0,True,0.07383186157698694,0.2782239389101481,0.011779000979684111,0.13898216923038964,0.2334374012297938,0.37541048036790775,0.1297721118964838,1.6605133543450899e-06,-2.3081770923972057e-08,2.1406712943134586e-07,-3.0263118321836065e-06,3.6867002520695143e-08,-2.3081770923972057e-08,2.3579995872251477e-05,9.783262458802343e-08,1.5519791740537933e-06,-7.516066024240113e-07,2.1406712943134586e-07,9.783262458802343e-08,4.2264102504524183e-08,-3.981330184129192e-07,8.521197812264228e-08,-3.0263118321836065e-06,1.5519791740537933e-06,-3.981330184129192e-07,5.884003290025183e-06,-2.046468200108e-07,3.6867002520695143e-08,-7.516066024240113e-07,8.521197812264228e-08,-2.046468200108e-07,1.6599523238013967e-05
605,1.0,1,14,broadband,nominal_with_nominal_kf,nominal,nominal_kf,none,1,nominal,0.20742771389023323,0.6311378599493537,0.0679300236537839,0.025609869173323956,0.021963449946499687,0.019313886015607972,0.018929616769810722,0.5312424154851657,64.78617872939,0,0,0,True,0.2786226836553945,0.2815942793449591,0.2654418336248228,0.22553618160782432,0.20101375369166025,0.7292086607070563,0.4092815850337103,2.364763302198935e-05,2.3824290994690496e-06,4.512768900319881e-06,7.268151321943774e-06,6.599925522570902e-07,2.3824290994690496e-06,2.41547413113549e-05,3.760300975922518e-06,3.7861712452077594e-06,2.6745362267370197e-08,4.512768900319881e-06,3.760300975922518e-06,2.146315058695316e-05,7.034450812975209e-06,1.941865847560084e-06,7.268151321943774e-06,3.7861712452077594e-06,7.034450812975209e-06,1.5494843067443054e-05,1.082109753649973e-06,6.599925522570902e-07,2.6745362267370197e-08,1.941865847560084e-06,1.082109753649973e-06,1.2308532659280038e-05
605,1.0,1,14,broadband,nominal_with_nominal_kf,nominal,nominal_kf,none,1,learned,0.20742771389023323,0.6311378599493537,0.0433693802610072,0.025097385917289407,0.03221371756448498,0.02909222091074223,0.018930207194276617,0.5312424154851657,64.78617872939,0,0,0,True,0.17826416966249575,0.2761098920314671,0.39151490955987717,0.3292072371628319,0.20104768740086354,0.7270524537752113,0.662120664457539,9.680167148861945e-06,-8.983176036178873e-07,-9.434006922627668e-06,-5.9857500447403136e-06,5.122810293435376e-07,-8.983176036178873e-07,2.322301846325954e-05,1.5572610693052603e-06,2.2855946563092287e-06,-7.057272092864295e-08,-9.434006922627668e-06,1.5572610693052603e-06,4.6692953547848e-05,2.6919413765145923e-05,2.1452073452147877e-06,-5.9857500447403136e-06,2.2855946563092287e-06,2.6919413765145923e-05,3.301364547439642e-05,1.0188395644930766e-06,5.122810293435376e-07,-7.057272092864295e-08,2.1452073452147877e-06,1.0188395644930766e-06,1.2312688687558665e-05
605,1.0,1,14,broadband,nominal_with_nominal_kf,nominal,nominal_kf,none,1,oracle,0.20742771389023323,0.6311378599493537,0.013454734249615314,0.02528446275567603,0.00988534120080044,0.009567459541283824,0.01896583538544196,0.5312424154851657,64.78617872939,0,0,0,True,0.057215307483059676,0.2781565283651704,0.13402473067223922,0.1281792747499888,0.20145534456447772,0.38831434876046966,0.07624580217695572,9.971929688662122e-07,9.294441097731012e-08,-1.946989885233768e-06,2.1333535649717317e-06,3.586195050166627e-08,9.294441097731012e-08,2.3568570918563946e-05,1.0495761662709087e-06,1.4658945618897116e-06,3.896194582194267e-08,-1.946989885233768e-06,1.0495761662709087e-06,5.47172952547201e-06,-4.352850809717984e-06,5.911033332283875e-07,2.1333535649717317e-06,1.4658945618897116e-06,-4.352850809717984e-06,5.004841810231767e-06,1.5597234130380076e-07,3.586195050166627e-08,3.896194582194267e-08,5.911033332283875e-07,1.5597234130380076e-07,1.2362671302084956e-05
605,1.0,1,14,broadband,learned_with_learned_kf,learned,learned_kf,none,1,nominal,0.1760945599161083,0.5170720538478722,0.06957195290289475,0.02559922278031657,0.02191450278328143,0.01934311274846839,0.018931823878804786,0.5204863451276328,66.44936697761348,0,0,0,True,0.2990452187935309,0.2707608963996691,0.016751165890304485,0.23403977531970777,0.23498079025623475,0.4784938888651787,0.23986968635047878,2.7241339679677068e-05,-2.610590403193722e-06,-2.5075336239675845e-07,-8.781829964651399e-06,-8.575431400899885e-07,-2.610590403193722e-06,2.233194870568289e-05,2.196766077952671e-07,3.829424424982496e-06,2.0952538780266195e-08,-2.5075336239675845e-07,2.196766077952671e-07,8.547612279460121e-08,3.7806805745401177e-07,1.1864293005997251e-07,-8.781829964651399e-06,3.829424424982496e-06,3.7806805745401177e-07,1.6685302327230887e-05,1.2240996267157405e-06,-8.575431400899885e-07,2.0952538780266195e-08,1.1864293005997251e-07,1.2240996267157405e-06,1.6819746857516298e-05
605,1.0,1,14,broadband,learned_with_learned_kf,learned,learned_kf,none,1,learned,0.1760945599161083,0.5170720538478722,0.04442740467324796,0.025096543952052155,0.03214942677283644,0.029427559647489374,0.018932023178091086,0.5204863451276328,66.44936697761348,0,0,0,True,0.19349452105410545,0.26543035965915834,0.02452924718146356,0.34837524217891747,0.2349757128832488,0.6074613956334298,0.3642279597630952,1.1404915698979233e-05,9.861779132848602e-07,5.990788636053181e-07,6.6959635507315595e-06,-6.581161050374946e-07,9.861779132848602e-07,2.146129509848734e-05,1.032661729205431e-07,2.308497351836599e-06,-8.445469955349751e-08,5.990788636053181e-07,1.032661729205431e-07,1.8328341764270847e-07,1.6289436845155157e-06,1.4472175192277346e-07,6.6959635507315595e-06,2.308497351836599e-06,1.6289436845155157e-06,3.6969987389839566e-05,1.0600083234477582e-06,-6.581161050374946e-07,-8.445469955349751e-08,1.4472175192277346e-07,1.0600083234477582e-06,1.6819019996349604e-05
605,1.0,1,14,broadband,learned_with_learned_kf,learned,learned_kf,none,1,oracle,0.1760945599161083,0.5170720538478722,0.013454734249615317,0.02528446275567602,0.00988534120080044,0.009567459541283825,0.018965835385441963,0.5204863451276328,66.44936697761348,0,0,0,True,0.06789183200284563,0.26741554938050266,0.010000953169121892,0.12687715672500965,0.23538890206370694,0.37430094517576623,0.11904590078334434,1.4040733327709457e-06,-9.099608608114627e-08,1.677201928108814e-07,-2.5547852522228996e-06,-1.0619249123387679e-07,-9.099608608114627e-08,2.1783519472667106e-05,8.074017613770906e-08,1.384320741528972e-06,4.704687733169817e-08,1.677201928108814e-07,8.074017613770906e-08,3.046754929379597e-08,-3.0856304844002064e-07,3.795518239061487e-08,-2.5547852522228996e-06,1.384320741528972e-06,-3.0856304844002064e-07,4.903674229387632e-06,1.8140794010120143e-07,-1.0619249123387679e-07,4.704687733169817e-08,3.795518239061487e-08,1.8140794010120143e-07,1.6878222260828516e-05
605,1.0,1,14,transient,nominal_with_nominal_kf,nominal,nominal_kf,none,1,nominal,0.1758657371512147,0.5659403613051486,0.12494600605754266,0.025718881493968174,0.02974530491156499,0.027281171101164226,0.018376147191812242,0.707285116826365,64.9398849009096,0,0,0,True,0.540104593443909,0.2849722178711927,0.4215452545298712,0.3781706173006622,0.19045598962824495,1.2925164304844001,0.7387256876176048,8.886085280606536e-05,5.764738990629876e-06,4.5961421343597696e-05,4.829112818245375e-05,-1.130473823677893e-08,5.764738990629876e-06,2.4737726292669077e-05,4.5912232624092966e-06,2.62025194386825e-06,3.9500465038830564e-07,4.5961421343597696e-05,4.5912232624092966e-06,5.4130637835526975e-05,3.426979848188126e-05,1.139832070117558e-06,4.829112818245375e-05,2.62025194386825e-06,3.426979848188126e-05,4.3564255865732774e-05,2.5313812436136265e-07,-1.130473823677893e-08,3.9500465038830564e-07,1.139832070117558e-06,2.5313812436136265e-07,1.1049535098268706e-05
605,1.0,1,14,transient,nominal_with_nominal_kf,nominal,nominal_kf,none,1,learned,0.1758657371512147,0.5659403613051486,0.07530003763590286,0.025983641654278567,0.0449115413128417,0.041917569253879704,0.018362998018827875,0.707285116826365,64.9398849009096,0,0,0,True,0.3243928156043976,0.2879895468113716,0.669505278171137,0.6010375412395893,0.1902993857962907,1.2177734505182176,1.2300657404406043,3.2055103955605616e-05,-5.726327282132368e-06,-2.3911396564273358e-05,-2.063006294813112e-05,1.39797670432639e-07,-5.726327282132368e-06,2.5264353187425297e-05,4.572367936225919e-06,3.2853090066002664e-06,4.889980107370048e-07,-2.3911396564273358e-05,4.572367936225919e-06,0.00013654089510866456,0.00010716110049026082,2.0656266698767577e-06,-2.063006294813112e-05,3.2853090066002664e-06,0.00010716110049026082,0.00011004186280376806,9.57372813514191e-07,1.39797670432639e-07,4.889980107370048e-07,2.0656266698767577e-06,9.57372813514191e-07,1.1031371446663593e-05
605,1.0,1,14,transient,nominal_with_nominal_kf,nominal,nominal_kf,none,1,oracle,0.1758657371512147,0.5659403613051486,0.013582018441069321,0.025888617407410476,0.009634912372304915,0.009579896346630964,0.018376960889943374,0.707285116826365,64.9398849009096,0,0,0,True,0.05942542536196975,0.28684601856570097,0.14748000902094494,0.14315962224145892,0.19043235045917603,0.39416453408442753,0.07788427896033799,1.0757202231677188e-06,-3.9032116570609647e-07,-2.305171223398953e-06,2.4840491193809626e-06,-2.802620018542059e-08,-3.9032116570609647e-07,2.5064115757757105e-05,2.5860203021920957e-06,7.611478061135217e-07,5.112343190407186e-07,-2.305171223398953e-06,2.5860203021920957e-06,6.625536428836319e-06,-5.510387414693838e-06,5.327048352769149e-07,2.4840491193809626e-06,7.611478061135217e-07,-5.510387414693838e-06,6.243035761230295e-06,-5.304370872892715e-09,-2.802620018542059e-08,5.112343190407186e-07,5.327048352769149e-07,-5.304370872892715e-09,1.1046792358396864e-05
605,1.0,1,14,transient,learned_with_learned_kf,learned,learned_kf,none,1,nominal,0.1780310915455655,0.5458484036063653,0.12649777546928612,0.02569810995020722,0.030067585479982242,0.02768742207432238,0.018365754339919268,0.7087520316595847,67.4099113375328,0,0,0,True,0.6496711698022838,0.2716488403646115,0.029348925814987294,0.3799037436754777,0.22856474335807855,0.5222301689516883,0.40040097472079533,0.00012857067516966326,-6.414348985682863e-06,-3.740054825570555e-06,-5.989360200733627e-05,8.073974565402027e-08,-6.414348985682863e-06,2.2478661426731498e-05,3.0597316182475176e-07,2.427815629733536e-06,4.376697784060847e-07,-3.740054825570555e-06,3.0597316182475176e-07,2.623850920997963e-07,2.3048460735693693e-06,1.0100908322095527e-07,-5.989360200733627e-05,2.427815629733536e-06,2.3048460735693693e-06,4.3964474011123655e-05,3.332607611939844e-07,8.073974565402027e-08,4.376697784060847e-07,1.0100908322095527e-07,3.332607611939844e-07,1.5913775086415746e-05
605,1.0,1,14,transient,learned_with_learned_kf,learned,learned_kf,none,1,learned,0.1780310915455655,0.5458484036063653,0.0763565795397862,0.02597316973710167,0.045342442048805144,0.04273517937602488,0.01835974786437035,0.7087520316595847,67.4099113375328,0,0,0,True,0.38718684468803755,0.2745588439662247,0.05250455262130816,0.5978466774595522,0.22848855854105077,0.9708559734255687,0.6430921254441573,4.5666310076115886e-05,7.002132530910725e-06,2.0275427065694964e-06,2.4428245178806172e-05,-1.335191922839482e-07,7.002132530910725e-06,2.296284055859709e-05,4.0196788363517353e-07,2.680383759360872e-06,5.351256074847907e-07,2.0275427065694964e-06,4.0196788363517353e-07,8.397473844151226e-07,8.131777863275915e-06,1.9834799251680614e-07,2.4428245178806172e-05,2.680383759360872e-06,8.131777863275915e-06,0.00010887655610515901,1.1639833507995192e-06,-1.335191922839482e-07,5.351256074847907e-07,1.9834799251680614e-07,1.1639833507995192e-06,1.5903168148794527e-05
605,1.0,1,14,transient,learned_with_learned_kf,learned,learned_kf,none,1,oracle,0.1780310915455655,0.5458484036063653,0.013582018441069316,0.025888617407410483,0.009634912372304912,0.009579896346630971,0.018376960889943374,0.7087520316595847,67.4099113375328,0,0,0,True,0.07561361953698557,0.273659815064018,0.011855446721211645,0.137970599912862,0.2287030946969137,0.3784392191197492,0.12834163324379946,1.7416255635863366e-06,4.4517314768617354e-07,2.3187483299273162e-07,-3.0812412889665972e-06,3.4256309747429074e-08,4.4517314768617354e-07,2.2812705470916552e-05,1.87677081430874e-07,6.462549999083163e-07,5.559406425179008e-07,2.3187483299273162e-07,1.87677081430874e-07,4.2814470905049006e-08,-4.1197422954584713e-07,4.732702645516936e-08,-3.0812412889665972e-06,6.462549999083163e-07,-4.1197422954584713e-07,5.79866261080156e-06,-6.63458221826987e-09,3.4256309747429074e-08,5.559406425179008e-07,4.732702645516936e-08,-6.63458221826987e-09,1.593304628637579e-05
605,1.0,1,17,broadband,nominal_with_nominal_kf,nominal,nominal_kf,none,1,nominal,0.2182965793903545,0.6514052840443088,0.04191532270822373,0.025133314537865947,0.01734844847923001,0.015703575577365375,0.01790594969369072,0.5135802561217326,65.12114383548628,0,0,0,True,0.17228098623569074,0.2762229224835033,0.2195649838192373,0.19277154874188931,0.1899274836813577,0.484105598721675,0.30121888177874606,9.04126989343617e-06,-7.708281178088029e-07,-3.974973198123708e-06,-1.9113421361519034e-07,-3.8730872598295323e-07,-7.708281178088029e-07,2.3242035859061406e-05,2.131599237492319e-06,1.5127313597246497e-06,3.4101441518190624e-08,-3.974973198123708e-06,2.131599237492319e-06,1.468523482031448e-05,8.168563790140145e-07,1.051820030111815e-06,-1.9113421361519034e-07,1.5127313597246497e-06,8.168563790140145e-07,1.131984833775336e-05,8.335929466288287e-07,-3.8730872598295323e-07,3.4101441518190624e-08,1.051820030111815e-06,8.335929466288287e-07,1.0988296357293005e-05
605,1.0,1,17,broadband,nominal_with_nominal_kf,nominal,nominal_kf,none,1,learned,0.2182965793903545,0.6514052840443088,0.021042506344809628,0.025151060381416776,0.034738863251251084,0.0324289656009237,0.017859711645361404,0.5135802561217326,65.12114383548628,0,0,0,True,0.08819320082694997,0.27634663872118376,0.4178778278212874,0.36401964149152005,0.18946707541607402,0.8139451756906197,0.7249438570292597,2.36932668053201e-06,-1.2306185928450293e-06,-5.394416420339906e-06,-1.4066007064075997e-06,8.649259062800849e-08,-1.2306185928450293e-06,2.3262860062465537e-05,3.437894938718628e-06,2.8997111896701324e-06,1.06778293461688e-07,-5.394416420339906e-06,3.437894938718628e-06,5.3192866214607165e-05,3.326596122056152e-05,2.3850185451805818e-06,-1.4066007064075997e-06,2.8997111896701324e-06,3.326596122056152e-05,4.036494549583796e-05,1.6927845121422815e-06,8.649259062800849e-08,1.06778293461688e-07,2.3850185451805818e-06,1.6927845121422815e-06,1.0935086885826165e-05
605,1.0,1,17,broadband,nominal_with_nominal_kf,nominal,nominal_kf,none,1,oracle,0.2182965793903545,0.6514052840443088,0.013589628183219777,0.025098956825556004,0.010262248834518418,0.009603450955895985,0.017862484810884777,0.5135802561217326,65.12114383548628,0,0,0,True,0.05818417559975454,0.27583370934153884,0.14530731115917608,0.13188124663576334,0.18951336015429424,0.3782691256076822,0.07849931987037966,1.031251292118087e-06,-7.861972176778017e-08,-2.121393542954711e-06,2.2124164719637853e-06,1.483668865809917e-07,-7.861972176778017e-08,2.3176583415844904e-05,1.5595307554477597e-06,9.444729896317077e-07,-1.8629285675801997e-08,-2.121393542954711e-06,1.5595307554477597e-06,6.4317575955200905e-06,-4.926384809491543e-06,3.7067819144990037e-07,2.2124164719637853e-06,9.444729896317077e-07,-4.926384809491543e-06,5.298108191529733e-06,2.639740332858558e-07,1.483668865809917e-07,-1.8629285675801997e-08,3.7067819144990037e-07,2.639740332858558e-07,1.0940430183109263e-05
605,1.0,1,17,broadband,learned_with_learned_kf,learned,learned_kf,none,1,nominal,0.18666009537863715,0.5297125645006947,0.042708899338412626,0.0251110619405623,0.017286874385390928,0.015607213694372162,0.017889392775891726,0.5087289852856879,67.41250384520795,0,0,0,True,0.18564211064634487,0.265484676975794,0.014916629262938824,0.19475175160844796,0.22228491371318884,0.46952692906765486,0.1949591163369262,1.0498028080488652e-05,8.72799273718419e-07,2.832667878831426e-07,-3.543683122321029e-09,2.931439427924806e-07,8.72799273718419e-07,2.1470079619131213e-05,1.440451177497263e-07,1.4691518733836406e-06,6.350819771076396e-08,2.832667878831426e-07,1.440451177497263e-07,6.777915138587656e-08,-2.158116031592138e-08,7.149948370156387e-08,-3.543683122321029e-09,1.4691518733836406e-06,-2.158116031592138e-08,1.1553604054172409e-05,1.0846010302902054e-06,2.931439427924806e-07,6.350819771076396e-08,7.149948370156387e-08,1.0846010302902054e-06,1.5051324262335196e-05
605,1.0,1,17,broadband,learned_with_learned_kf,learned,learned_kf,none,1,learned,0.18666009537863715,0.5297125645006947,0.020988675129976226,0.025163810305496047,0.03497009622106642,0.03286534809490716,0.017852739158799008,0.5087289852856879,67.41250384520795,0,0,0,True,0.09899575831687205,0.2660437525133062,0.026250619630237632,0.38595477112138804,0.22183086738473218,0.5922382715139427,0.403507567374746,2.9852995028773115e-06,1.4199324336593164e-06,3.6167138967626427e-07,1.5488551115634537e-06,-2.818372926635808e-07,1.4199324336593164e-06,2.156060111529518e-05,2.3737529956751506e-07,3.1153498374564363e-06,1.288038701356232e-07,3.6167138967626427e-07,2.3737529956751506e-07,2.099103503223552e-07,2.0056279814225996e-06,1.6752154289910985e-07,1.5488551115634537e-06,3.1153498374564363e-06,2.0056279814225996e-06,4.5376141468359875e-05,2.1574710872009737e-06,-2.818372926635808e-07,1.288038701356232e-07,1.6752154289910985e-07,2.1574710872009737e-06,1.4989898421661878e-05
605,1.0,1,17,broadband,learned_with_learned_kf,learned,learned_kf,none,1,oracle,0.18666009537863715,0.5297125645006947,0.01358962818321978,0.025098956825556,0.010262248834518418,0.009603450955895985,0.017862484810884777,0.5087289852856879,67.41250384520795,0,0,0,True,0.07039060148512924,0.26534776534720694,0.011227533857207851,0.12964051674707378,0.22195318960905586,0.3615949146630869,0.12074524784621332,1.5093295946075387e-06,1.2735876206984248e-07,1.9472247573220097e-07,-2.6725940696600314e-06,-2.8345906442543857e-07,1.2735876206984248e-07,2.1447940898038206e-05,1.1931738500941078e-07,9.267200477380218e-07,-2.1432488606084995e-08,1.9472247573220097e-07,1.1931738500941078e-07,3.839931542544313e-08,-3.5842903458365065e-07,1.2625516041786233e-08,-2.6725940696600314e-06,9.267200477380218e-07,-3.5842903458365065e-07,5.119602495708645e-06,3.0881528458723383e-07,-2.8345906442543857e-07,-2.1432488606084995e-08,1.2625516041786233e-08,3.0881528458723383e-07,1.500643447258388e-05
605,1.0,1,17,transient,nominal_with_nominal_kf,nominal,nominal_kf,none,1,nominal,0.17806187323649666,0.5974509437323416,0.07334445416757092,0.02609227530402611,0.016104713602629536,0.014593935915030106,0.017722949098132722,0.6913816334537985,66.8004909961539,0,0,0,True,0.3170730648171068,0.28903845704383213,0.2279396572064205,0.2084373339372548,0.18320982983661466,0.6266104740774698,0.3230737187116779,3.0624812344521495e-05,1.3747803013822473e-06,6.360179104316187e-08,3.522009565659605e-06,-1.0504036385347289e-07,1.3747803013822473e-06,2.5448723056716495e-05,2.3147177744984873e-06,2.166261739939209e-06,1.6063158281441228e-07,6.360179104316187e-08,2.3147177744984873e-06,1.582685111084747e-05,1.3668211370294722e-06,-3.36713935227106e-08,3.522009565659605e-06,2.166261739939209e-06,1.3668211370294722e-06,1.3234445637865677e-05,1.292698107152255e-06,-1.0504036385347289e-07,1.6063158281441228e-07,-3.36713935227106e-08,1.292698107152255e-06,1.022474010647665e-05
605,1.0,1,17,transient,nominal_with_nominal_kf,nominal,nominal_kf,none,1,learned,0.17806187323649666,0.5974509437323416,0.02735544058649862,0.02640557660012293,0.05131551844845726,0.0523539025776111,0.01767177598516533,0.6913816334537985,66.8004909961539,0,0,0,True,0.11826544745884482,0.29237438374026614,0.7289381352673086,0.7464398882115861,0.18269119587558139,1.5133524090547439,1.440383949785955,4.260597358290948e-06,-2.3687881798652735e-06,-7.79193291041562e-06,-3.071934806347088e-06,3.174660736819528e-07,-2.3687881798652735e-06,2.6039543961280132e-05,1.082057173346736e-05,1.17096807087923e-05,2.9228452174148323e-07,-7.79193291041562e-06,1.082057173346736e-05,0.0001618587112350018,0.00015020420120686606,8.438801504175061e-07,-3.071934806347088e-06,1.17096807087923e-05,0.00015020420120686606,0.00016972445137110564,1.8422693992355698e-06,3.174660736819528e-07,2.9228452174148323e-07,8.438801504175061e-07,1.8422693992355698e-06,1.0166933255240793e-05
605,1.0,1,17,transient,nominal_with_nominal_kf,nominal,nominal_kf,none,1,oracle,0.17806187323649666,0.5974509437323416,0.012919717422353132,0.025975435761872646,0.009830063812625208,0.009125551154162857,0.017693839519185076,0.6913816334537985,66.8004909961539,0,0,0,True,0.05666623423989082,0.2877987515937702,0.15049998158788458,0.1391788280247759,0.18292580488610993,0.3894823384954617,0.07820558306437443,9.781454525694722e-07,-1.646228474741182e-07,-2.241007094500146e-06,2.2760264052513853e-06,3.7264565887457255e-07,-1.646228474741182e-07,2.5230888632415476e-05,1.7980707518096677e-06,1.4683552283568518e-06,2.629079399498965e-07,-2.241007094500146e-06,1.7980707518096677e-06,6.89965902432002e-06,-5.468625556566341e-06,-5.541823712853738e-07,2.2760264052513853e-06,1.4683552283568518e-06,-5.468625556566341e-06,5.900666717755327e-06,7.539177455599156e-07,3.7264565887457255e-07,2.629079399498965e-07,-5.541823712853738e-07,7.539177455599156e-07,1.019306243668971e-05
605,1.0,1,17,transient,learned_with_learned_kf,learned,learned_kf,none,1,nominal,0.18435700457964457,0.6091028396513225,0.07415690711504137,0.02608627521703191,0.016196207561041478,0.01475801332278385,0.017737591643132107,0.6867480395117068,67.91105132418072,0,0,0,True,0.3799363364906838,0.2756611694862,0.01674290115341719,0.2061469929304515,0.2207821914350329,0.5432053048876765,0.2077220666652208,4.397201796123178e-05,-1.7579766438257403e-06,-3.250343704027348e-08,-4.604724274697342e-06,-3.334040274103917e-08,-1.7579766438257403e-06,2.3147597591989443e-05,1.4466680633286446e-07,2.0368679382683734e-06,1.364493390688732e-07,-3.250343704027348e-08,1.4466680633286446e-07,8.539179870664496e-08,5.659023206903288e-08,-5.542810254209266e-09,-4.604724274697342e-06,2.0368679382683734e-06,5.659023206903288e-08,1.2945199370080294e-05,1.5021920787508073e-06,-3.334040274103917e-08,1.364493390688732e-07,-5.542810254209266e-09,1.5021920787508073e-06,1.4848507909911021e-05
605,1.0,1,17,transient,learned_with_learned_kf,learned,learned_kf,none,1,learned,0.18435700457964457,0.6091028396513225,0.027814676890495937,0.02640762535701955,0.051710168788240474,0.053026952101295904,0.017680223992749447,0.6867480395117068,67.91105132418072,0,0,0,True,0.14465224246197722,0.27906995388566347,0.054452742835067174,0.7385570627094764,0.22006639114118304,0.9473152233400451,0.7876800170961837,6.373897518872471e-06,2.7110591149403513e-06,3.6592112251396676e-07,2.519835871713968e-06,-5.483805987672046e-07,2.7110591149403513e-06,2.3723616582338988e-05,6.903779674507559e-07,1.1504443919151796e-05,2.798575474678952e-07,3.6592112251396676e-07,6.903779674507559e-07,9.032214776395055e-07,1.0967471969839892e-05,5.2679470520099924e-08,2.519835871713968e-06,1.1504443919151796e-05,1.0967471969839892e-05,0.00016615860843454812,2.1836403926329764e-06,-5.483805987672046e-07,2.798575474678952e-07,5.2679470520099924e-08,2.1836403926329764e-06,1.4752382975538877e-05
605,1.0,1,17,transient,learned_with_learned_kf,learned,learned_kf,none,1,oracle,0.18435700457964457,0.6091028396513225,0.012919717422353113,0.025975435761872646,0.009830063812625208,0.00912555115416286,0.017693839519185076,0.6867480395117068,67.91105132418072,0,0,0,True,0.07291543731307387,0.27447895914688414,0.012149604764287187,0.13338160260971804,0.22023456824347906,0.3762077717010188,0.1233763471870421,1.6195475552609994e-06,1.9465170068316202e-07,2.2984855623246026e-07,-2.839698322167376e-06,-5.73507327247269e-07,1.9465170068316202e-07,2.294948010384084e-05,1.2797035755856444e-07,1.3297966633958897e-06,2.5601654606846996e-07,2.2984855623246026e-07,1.2797035755856444e-07,4.496545948495008e-08,-4.137529716667355e-07,-5.056333963881663e-08,-2.839698322167376e-06,1.3297966633958897e-06,-4.137529716667355e-07,5.419342482590573e-06,8.917007264947875e-07,-5.73507327247269e-07,2.5601654606846996e-07,-5.056333963881663e-08,8.917007264947875e-07,1.4774939450576521e-05
605,1.0,1,20,broadband,nominal_with_nominal_kf,nominal,nominal_kf,none,2,nominal,0.13563835224023657,0.38118816126137667,0.047224034112844884,0.027135681926905006,0.022582922272978097,0.016756284853891457,0.01848628093813799,0.6852775050257678,113.57650911434654,0,0,0,True,0.19421810243165816,0.29841491966302985,0.28840776666144935,0.2083506808429985,0.19638063510936665,0.7334539292482097,0.4018799340595561,1.1490373567730887e-05,3.5129175058181573e-06,6.375970452217019e-06,8.93875681756349e-06,1.0045340086793571e-07,3.5129175058181573e-06,2.7126627276438034e-05,4.33496711143187e-06,5.555646431362464e-06,1.1358886562023154e-06,6.375970452217019e-06,4.33496711143187e-06,2.5337784505731646e-05,5.31838183528585e-06,2.165439617789814e-06,8.93875681756349e-06,5.555646431362464e-06,5.31838183528585e-06,1.322344408392707e-05,3.380537346566148e-08,1.0045340086793571e-07,1.1358886562023154e-06,2.165439617789814e-06,3.380537346566148e-08,1.174767858171721e-05
605,1.0,1,20,broadband,nominal_with_nominal_kf,nominal,nominal_kf,none,2,learned,0.13563835224023657,0.38118816126137667,0.026470481545043237,0.026637620668657807,0.08949603290965684,0.09097172490255483,0.01764340463382314,0.6852775050257678,113.57650911434654,0,0,0,True,0.10838572184965477,0.29295709144353044,1.0120162714543621,0.9861713297449751,0.18743803750827145,1.9729711443062368,1.971827851368886,3.5784823862146805e-06,1.3363809677952366e-06,-2.169676507510461e-05,-1.740452293566085e-05,6.8452592544782435e-09,1.3363809677952366e-06,2.614344200557124e-05,5.337226792831542e-06,8.185166501197824e-06,9.538720972276664e-07,-2.169676507510461e-05,5.337226792831542e-06,0.00031198213494522,0.00028807581813772103,2.287130574335755e-06,-1.740452293566085e-05,8.185166501197824e-06,0.00028807581813772103,0.0002962507647176609,1.4695605371804394e-06,6.8452592544782435e-09,9.538720972276664e-07,2.287130574335755e-06,1.4695605371804394e-06,1.0702129263526768e-05
605,1.0,1,20,broadband,nominal_with_nominal_kf,nominal,nominal_kf,none,2,oracle,0.13563835224023657,0.38118816126137667,0.010672854279716069,0.026339623717576463,0.01295601411641854,0.0112522609910233,0.017679950678367425,0.6852775050257678,113.57650911434654,0,0,0,True,0.045710644972760305,0.28975314450048684,0.17809028718768405,0.15366900809187484,0.18780928368179628,0.4042631104295123,0.14674814798723276,6.364868472422268e-07,3.964688190837665e-07,-1.492644009411327e-06,2.069603614657168e-06,3.3541908346412076e-09,3.964688190837665e-07,2.5574729605241457e-05,-1.1784009587980445e-06,1.4166334160522098e-06,1.0230545632392062e-06,-1.492644009411327e-06,-1.1784009587980445e-06,9.661291897549278e-06,-5.147317858199097e-06,8.990133909973633e-07,2.069603614657168e-06,1.4166334160522098e-06,-5.147317858199097e-06,7.193285722703752e-06,-3.3360927896175456e-09,3.3541908346412076e-09,1.0230545632392062e-06,8.990133909973633e-07,-3.3360927896175456e-09,1.074456525190505e-05
605,1.0,1,20,broadband,learned_with_learned_kf,learned,learned_kf,none,2,nominal,0.10460960043639186,0.30840619902394845,0.04572014817677275,0.027085529553795718,0.018559984837019473,0.015738599180420393,0.01794861500793586,0.36443606196004946,53.35056835303676,0,0,0,True,0.13041108801430085,0.17169368850926778,0.08612508538780174,0.01635555970772957,0.1278099333434492,0.3169223478406238,0.08889812944568301,5.180644260972896e-06,1.3749598533403325e-06,1.006410523253995e-06,4.895889135962821e-07,5.321995839770088e-08,1.3749598533403325e-06,8.979732439536681e-06,6.655911917425858e-07,2.424898268166904e-07,4.271631495673147e-07,1.006410523253995e-06,6.655911917425858e-07,2.2595089512452064e-06,3.31793485977913e-08,2.692233366767416e-07,4.895889135962821e-07,2.424898268166904e-07,3.31793485977913e-08,8.148647980778704e-08,-2.6801928728487494e-09,5.321995839770088e-08,4.271631495673147e-07,2.692233366767416e-07,-2.6801928728487494e-09,4.976041020877911e-06
605,1.0,1,20,broadband,learned_with_learned_kf,learned,learned_kf,none,2,learned,0.10460960043639186,0.30840619902394845,0.02590997986802668,0.0266357695898408,0.08740390304230793,0.08895500478079803,0.017653750579352222,0.36443606196004946,53.35056835303676,0,0,0,True,0.07321285960543217,0.16886694125807386,0.3404179209016588,0.07755332395366224,0.1257322439615292,0.453154009522754,0.4137913102559189,1.6327867806109079e-06,5.412061600446304e-07,-4.617273444827167e-06,-7.819900189667082e-07,-1.4857800005351143e-08,5.412061600446304e-07,8.686483700068315e-06,1.075361458624672e-06,3.8480495338279544e-07,3.80550432616477e-07,-4.617273444827167e-06,1.075361458624672e-06,3.530039500215827e-05,7.512531087291204e-06,5.816282278100352e-07,-7.819900189667082e-07,3.8480495338279544e-07,7.512531087291204e-06,1.832126971559003e-06,8.07293720063227e-08,-1.4857800005351143e-08,3.80550432616477e-07,5.816282278100352e-07,8.07293720063227e-08,4.815574080860707e-06
605,1.0,1,20,broadband,learned_with_learned_kf,learned,learned_kf,none,2,oracle,0.10460960043639186,0.30840619902394845,0.010672854279716065,0.026339623717576463,0.01295601411641854,0.011252260991023302,0.017679950678367425,0.36443606196004946,53.35056835303676,0,0,0,True,0.039167042849444715,0.16705057535550624,0.06852191013980116,0.013384312405213462,0.12591209232294365,0.2254108385290344,0.06100665750808684,4.673005599507111e-07,1.8567320932763728e-07,-5.0814987556711e-07,1.5573742293038285e-07,-2.6638507261069814e-09,1.8567320932763728e-07,8.500621648458138e-06,-2.529111172180817e-07,7.065742341961804e-08,3.929090674537251e-07,-5.0814987556711e-07,-2.529111172180817e-07,1.4302556010317778e-06,-1.7554793133841184e-07,2.3309089099498062e-07,1.5573742293038285e-07,7.065742341961804e-08,-1.7554793133841184e-07,5.456910931091325e-08,-1.0363243660144951e-09,-2.6638507261069814e-09,3.929090674537251e-07,2.3309089099498062e-07,-1.0363243660144951e-09,4.829360401683387e-06
605,1.0,1,20,transient,nominal_with_nominal_kf,nominal,nominal_kf,none,2,nominal,0.12593350198201705,0.4075445714512177,0.07523748769379343,0.027007129340565046,0.028291432094779384,0.022718415173975676,0.01830170277139338,0.7366917464897076,103.33049330087029,0,0,0,True,0.3255828855692913,0.2994797971308052,0.40139114544447024,0.3164212138610741,0.189321502264039,1.0992068250478157,0.6377484730068488,3.229073057423781e-05,8.985712533812663e-06,2.7229122038396264e-05,2.720468190025749e-05,-5.898168880318421e-07,8.985712533812663e-06,2.7320572500168148e-05,1.219836755089786e-05,1.0524116085011036e-05,2.0593019678884847e-07,2.7229122038396264e-05,1.219836755089786e-05,4.907839039626796e-05,2.2158766477271416e-05,1.3439307874830105e-06,2.720468190025749e-05,1.0524116085011036e-05,2.2158766477271416e-05,3.0499022454052886e-05,-2.864551701836132e-07,-5.898168880318421e-07,2.0593019678884847e-07,1.3439307874830105e-06,-2.864551701836132e-07,1.091828984045443e-05
605,1.0,1,20,transient,nominal_with_nominal_kf,nominal,nominal_kf,none,2,learned,0.12593350198201705,0.4075445714512177,0.02797272880672761,0.025685757847452154,0.1495310610320344,0.1480942353579971,0.017644386537841866,0.7366917464897076,103.33049330087029,0,0,0,True,0.11820918773646313,0.2849005803900599,2.038388182255825,1.969791278586128,0.18242110744194648,4.024181287506945,3.9916066212427115,4.256544728952531e-06,6.665491652655188e-07,-9.478871645810568e-06,-4.138701587986281e-06,3.325453345066276e-08,6.665491652655188e-07,2.4725290514410818e-05,2.0262938634381636e-05,2.0197245707474864e-05,1.8705208424511989e-07,-9.478871645810568e-06,2.0262938634381636e-05,0.001265693415496574,0.0012029066770822803,-3.6904862270719353e-06,-4.138701587986281e-06,2.0197245707474864e-05,0.0012029066770822803,0.0011819392518173032,-3.828771986900708e-06,3.325453345066276e-08,1.8705208424511989e-07,-3.6904862270719353e-06,-3.828771986900708e-06,1.0136894136392523e-05
605,1.0,1,20,transient,nominal_with_nominal_kf,nominal,nominal_kf,none,2,oracle,0.12593350198201705,0.4075445714512177,0.011305714469952986,0.025428161024976543,0.013164560202689935,0.011664878614600513,0.01765872797863061,0.7366917464897076,103.33049330087029,0,0,0,True,0.049548974393901074,0.2821155530311103,0.19607576174475008,0.17529002642934383,0.18258023011982968,0.41231733055855396,0.1629756401053488,7.478664903516715e-07,2.4483237133338214e-07,-1.8530112921998788e-06,2.5624086672322514e-06,1.40303324703036e-07,2.4483237133338214e-07,2.4244252257451764e-05,4.6418459558305085e-07,1.0505609421574267e-06,3.001918819159257e-07,-1.8530112921998788e-06,4.6418459558305085e-07,1.1711231259086137e-05,-6.490062754003664e-06,9.171727152798743e-07,2.5624086672322514e-06,1.0505609421574267e-06,-6.490062754003664e-06,9.359855589864485e-06,4.4785432183977094e-07,1.40303324703036e-07,3.001918819159257e-07,9.171727152798743e-07,4.4785432183977094e-07,1.015458631316791e-05
605,1.0,1,20,transient,learned_with_learned_kf,learned,learned_kf,none,2,nominal,0.08725192979784854,0.28895402992269886,0.07402468703258079,0.026850888789375044,0.025469600970176656,0.02194550710793543,0.017908350792900415,0.5068316269895073,49.16650625633334,0,0,0,True,0.2622114098798145,0.17232450603954183,0.13677015393347225,0.026179915739484104,0.12576799854776272,0.4943269172885634,0.15215300286053035,2.0943916923675414e-05,4.0291155275097285e-06,7.764901596310204e-06,1.8531990318102197e-06,-3.767808477883587e-07,4.0291155275097285e-06,9.045838290664284e-06,2.3468758743561065e-06,4.7379513729426815e-07,8.338428884078446e-08,7.764901596310204e-06,2.3468758743561065e-06,5.698196302964618e-06,5.725396023361145e-07,1.3430177224863765e-07,1.8531990318102197e-06,4.7379513729426815e-07,5.725396023361145e-07,2.0878112049589388e-07,-2.0835498124472098e-08,-3.767808477883587e-07,8.338428884078446e-08,1.3430177224863765e-07,-2.0835498124472098e-08,4.818313288157695e-06
605,1.0,1,20,transient,learned_with_learned_kf,learned,learned_kf,none,2,learned,0.08725192979784854,0.28895402992269886,0.027641819882451627,0.025662846146915427,0.1477201946662251,0.14632768334988774,0.017640841906606905,0.5068316269895073,49.16650625633334,0,0,0,True,0.09066578216126163,0.16476250997854916,0.759943872495574,0.16543720008682336,0.12388553716631386,0.9675050190591683,0.922906694516431,2.504041718721526e-06,3.558601703702299e-07,3.636385749075481e-07,4.046420251311025e-07,-7.675865769157941e-09,3.558601703702299e-07,8.269353047381062e-06,4.185049862915446e-06,9.549627972775475e-07,7.108397703789887e-08,3.636385749075481e-07,4.185049862915446e-06,0.00017592103455676066,3.760084877778803e-05,-9.8231482200247e-07,4.046420251311025e-07,9.549627972775475e-07,3.760084877778803e-05,8.337216471044574e-06,-2.2849652639637358e-07,-7.675865769157941e-09,7.108397703789887e-08,-9.8231482200247e-07,-2.2849652639637358e-07,4.675154329140136e-06
605,1.0,1,20,transient,learned_with_learned_kf,learned,learned_kf,none,2,oracle,0.08725192979784854,0.28895402992269886,0.011305714469952984,0.025428161024976543,0.013164560202689933,0.01166487861460051,0.01765872797863061,0.5068316269895073,49.16650625633334,0,0,0,True,0.045798163456612764,0.16331757058112892,0.07746895861096978,0.015562573863335209,0.12401144048356333,0.22551211631029117,0.06890214188094582,6.389264404801451e-07,1.496923899123594e-07,-6.778975870145111e-07,2.1160599573083893e-07,7.968719653081195e-08,1.496923899123594e-07,8.124947382420718e-06,8.478095512045315e-08,5.667089816690588e-08,1.0867639291431682e-07,-6.778975870145111e-07,8.478095512045315e-08,1.8281430301993536e-06,-2.2787334040166245e-07,2.591215000134058e-07,2.1160599573083893e-07,5.667089816690588e-08,-2.2787334040166245e-07,7.3776421582375e-08,2.6076363927160393e-08,7.968719653081195e-08,1.0867639291431682e-07,2.591215000134058e-07,2.6076363927160393e-08,4.684661759215055e-06
605,1.0,1,23,broadband,nominal_with_nominal_kf,nominal,nominal_kf,none,2,nominal,0.11791767963165616,0.3509714996844831,0.07221910457726127,0.0259840700942702,0.02229892290097694,0.01724838683577859,0.019037879121883924,0.6550024317957661,106.75076668873248,0,0,0,True,0.2959394289166926,0.28581807755432626,0.2830577981430213,0.21175863348593263,0.20190983603692889,0.7189470880847113,0.39411673841386,2.6678437973420166e-05,3.515302697886326e-06,2.9755301787271144e-06,6.704349141202089e-06,-5.031779126759294e-07,3.515302697886326e-06,2.4884798171710198e-05,4.243162123095113e-06,2.7535720955446992e-06,5.452067113803514e-07,2.9755301787271144e-06,4.243162123095113e-06,2.440647072870709e-05,4.624788110402152e-06,2.342853581408449e-06,6.704349141202089e-06,2.7535720955446992e-06,4.624788110402152e-06,1.3659568696663792e-05,5.005923227596748e-07,-5.031779126759294e-07,5.452067113803514e-07,2.342853581408449e-06,5.005923227596748e-07,1.2418515605805888e-05
605,1.0,1,23,broadband,nominal_with_nominal_kf,nominal,nominal_kf,none,2,learned,0.11791767963165616,0.3509714996844831,0.019292486513918176,0.025555887124554658,0.0834632466033084,0.08545081883175219,0.018613516838270058,0.6550024317957661,106.75076668873248,0,0,0,True,0.08091585003923672,0.28118200226403245,0.9442837239717152,0.9275470233601608,0.1975003247948891,1.9398214936316573,1.8416723532039032,1.9944444141668065e-06,6.911542101379975e-07,1.2485023593335219e-05,1.5407082877299885e-05,1.2955722233477167e-08,6.911542101379975e-07,2.4084064049933226e-05,4.499990505906041e-06,4.210944742738824e-06,4.923163498762926e-07,1.2485023593335219e-05,4.499990505906041e-06,0.0002716187481953361,0.0002497469618711365,2.3789982994989588e-07,1.5407082877299885e-05,4.210944742738824e-06,0.0002497469618711365,0.00026207561117371934,-4.881990966235078e-07,1.2955722233477167e-08,4.923163498762926e-07,2.3789982994989588e-07,-4.881990966235078e-07,1.188202231116896e-05
605,1.0,1,23,broadband,nominal_with_nominal_kf,nominal,nominal_kf,none,2,oracle,0.11791767963165616,0.3509714996844831,0.010769847526551971,0.025512754535338567,0.013675262804892964,0.013096935440410023,0.018599901284075904,0.6550024317957661,106.75076668873248,0,0,0,True,0.046126590330566514,0.2807238983071256,0.1859606638308393,0.1764370452949403,0.19732515281938726,0.4336886584182393,0.1774756173864111,6.481230108246565e-07,1.7960847016637023e-07,-1.3502455377014817e-06,2.3870318851735343e-06,1.718043658244838e-07,1.7960847016637023e-07,2.4005652078888984e-05,9.549947508193214e-07,4.17591827500936e-07,6.284911084104846e-07,-1.3502455377014817e-06,9.549947508193214e-07,1.0534087242850227e-05,-5.211060451068802e-06,1.548970002224719e-06,2.3870318851735343e-06,4.17591827500936e-07,-5.211060451068802e-06,9.482749706603149e-06,6.541439675599526e-07,1.718043658244838e-07,6.284911084104846e-07,1.548970002224719e-06,6.541439675599526e-07,1.1860954251856873e-05
605,1.0,1,23,broadband,learned_with_learned_kf,learned,learned_kf,none,2,nominal,0.09131140252179343,0.2681184472779573,0.07052436162892123,0.02596151953746567,0.019626749374359088,0.01650755531665769,0.018785401354355215,0.3617789304366356,51.614660863003955,0,0,0,True,0.19703948588989478,0.16464388243684575,0.09059855483061201,0.016998442900559237,0.13367713970451686,0.33878783817604974,0.09372053769910954,1.1826636986861915e-05,1.325241795233219e-06,3.5958623517306027e-07,3.905160842550743e-07,-2.0446519432852034e-07,1.325241795233219e-06,8.257449612823161e-06,7.728375840411165e-07,1.221327641553493e-07,2.0026406118878356e-07,3.5958623517306027e-07,7.728375840411165e-07,2.500329675969478e-06,4.3635529730562595e-08,3.9332726454328166e-07,3.905160842550743e-07,1.221327641553493e-07,4.3635529730562595e-08,8.80183081900457e-08,2.0581411316087863e-08,-2.0446519432852034e-07,2.0026406118878356e-07,3.9332726454328166e-07,2.0581411316087863e-08,5.4433846454321e-06
605,1.0,1,23,broadband,learned_with_learned_kf,learned,learned_kf,none,2,learned,0.09131140252179343,0.2681184472779573,0.018889624714290097,0.025550544486049334,0.08157236128741414,0.08366935963602942,0.01857242503214746,0.3617789304366356,51.614660863003955,0,0,0,True,0.06027954352095176,0.1620971400479992,0.3177640980632277,0.07307926702118647,0.13216628344751674,0.48193305567293543,0.3861190133037061,1.1068649745609632e-06,3.185453220858986e-07,2.932000775994482e-06,9.116028551206713e-07,8.230234104800724e-11,3.185453220858986e-07,8.00396977776245e-06,8.692794949725597e-07,1.969696860799417e-07,1.960618640373007e-07,2.932000775994482e-06,8.692794949725597e-07,3.075844605259015e-05,6.5147447926960564e-06,5.5429670207667804e-08,9.116028551206713e-07,1.969696860799417e-07,6.5147447926960564e-06,1.626833476892345e-06,-2.8150992070481895e-08,8.230234104800724e-11,1.960618640373007e-07,5.5429670207667804e-08,-2.8150992070481895e-08,5.321034693461845e-06
605,1.0,1,23,broadband,learned_with_learned_kf,learned,learned_kf,none,2,oracle,0.09131140252179343,0.2681184472779573,0.010769847526551971,0.025512754535338564,0.013675262804892964,0.013096935440410025,0.018599901284075907,0.3617789304366356,51.614660863003955,0,0,0,True,0.03924324923059216,0.16187335808801082,0.0711337197499377,0.015306104184704915,0.13236053357521685,0.23382480295958258,0.06442363909773964,4.6912076009870725e-07,1.0941662615960276e-07,-4.474050381992852e-07,1.7717428030893415e-07,9.076662551035606e-08,1.0941662615960276e-07,7.981885394670214e-06,1.7846756781821201e-07,2.4416383747269418e-08,2.3651106620932698e-07,-4.474050381992852e-07,1.7846756781821201e-07,1.5413659978586839e-06,-1.7422252704242157e-07,3.948773377534805e-07,1.7717428030893415e-07,2.4416383747269418e-08,-1.7422252704242157e-07,7.13648020426801e-08,3.711783228115068e-08,9.076662551035606e-08,2.3651106620932698e-07,3.948773377534805e-07,3.711783228115068e-08,5.336687267055345e-06
605,1.0,1,23,transient,nominal_with_nominal_kf,nominal,nominal_kf,none,2,nominal,0.11219420738625763,0.38044106673460126,0.11818108656739526,0.0254520439911969,0.023887136740360485,0.02049915193254189,0.018459103942931283,0.732143368066144,100.47329744292365,0,0,0,True,0.5114554664762739,0.282505513598797,0.34285385917643585,0.2886860202036317,0.19082723612523614,1.1052947620806461,0.546504509028954,7.968386383422438e-05,1.0623739773754538e-05,2.4864789936684306e-05,2.9577094682909677e-05,5.485200933515052e-07,1.0623739773754538e-05,2.4311322906218506e-05,7.536544239909435e-06,5.843633730996318e-06,4.0622946792156447e-07,2.4864789936684306e-05,7.536544239909435e-06,3.580740263639212e-05,1.4892561569378192e-05,2.5108528895690817e-06,2.9577094682909677e-05,5.843633730996318e-06,1.4892561569378192e-05,2.5386699480678627e-05,1.127035640370008e-06,5.485200933515052e-07,4.0622946792156447e-07,2.5108528895690817e-06,1.127035640370008e-06,1.1092653712902183e-05
605,1.0,1,23,transient,nominal_with_nominal_kf,nominal,nominal_kf,none,2,learned,0.11219420738625763,0.38044106673460126,0.04752953793489691,0.024466223931191446,0.13897007500156888,0.14062654549815917,0.017999828555685965,0.732143368066144,100.47329744292365,0,0,0,True,0.21045863080084076,0.2716052471056019,1.897828852597811,1.8781408485047109,0.18608529807426244,3.984105494906465,3.758893106672381,1.3492369197594047e-05,1.0291005686157571e-06,0.0001083436072651375,0.00011126414415900163,3.1658088231225395e-07,1.0291005686157571e-06,2.2471447411155144e-05,9.275173990238868e-06,7.946307202013346e-06,3.395649650254471e-07,0.0001083436072651375,9.275173990238868e-06,0.001097157117945699,0.0010661777212032906,1.919519616974537e-06,0.00011126414415900163,7.946307202013346e-06,0.0010661777212032906,0.0010745114608448883,1.9088406497160412e-06,3.1658088231225395e-07,3.395649650254471e-07,1.919519616974537e-06,1.9088406497160412e-06,1.0548212251162246e-05
605,1.0,1,23,transient,nominal_with_nominal_kf,nominal,nominal_kf,none,2,oracle,0.11219420738625763,0.38044106673460126,0.01064072769512937,0.024418411297412103,0.012423497547998253,0.01259258264814176,0.01800502239962787,0.732143368066144,100.47329744292365,0,0,0,True,0.04663835038421536,0.27108158439494984,0.18604222922864513,0.18905026019571664,0.1861399315114832,0.4042691857618979,0.17253315358432889,6.625842327108512e-07,-2.2733054989156887e-08,-1.506262248061211e-06,2.577696046408505e-06,1.8870770702411306e-07,-2.2733054989156887e-08,2.2384879753206714e-05,9.661255609048323e-07,-1.4937241977805107e-07,2.841654968576829e-07,-1.506262248061211e-06,9.661255609048323e-07,1.0543330116392615e-05,-6.181300162669219e-06,6.495978254242197e-07,2.577696046408505e-06,-1.4937241977805107e-07,-6.181300162669219e-06,1.0887026851261055e-05,5.696181991334628e-07,1.8870770702411306e-07,2.841654968576829e-07,6.495978254242197e-07,5.696181991334628e-07,1.0554406933864895e-05
605,1.0,1,23,transient,learned_with_learned_kf,learned,learned_kf,none,2,nominal,0.08085312122807044,0.2956992935208911,0.11671163478305467,0.02536664862665054,0.021724587592077498,0.019709991756015306,0.01820411369045402,0.5184418211591015,48.923521155372065,0,0,0,True,0.41445318893484584,0.16300474073638271,0.11941237831472441,0.023857849575616645,0.127842607111923,0.5857744388911549,0.13130863604385168,5.2324574618191695e-05,4.904598067865365e-06,7.241331896780636e-06,2.0715974932927358e-06,2.64551986285186e-07,4.904598067865365e-06,8.093851013307651e-06,1.5105773489704825e-06,2.5980047309022066e-07,1.6588494382200213e-07,7.241331896780636e-06,1.5105773489704825e-06,4.3436360767146224e-06,3.6758866671140365e-07,4.591042486427728e-07,2.0715974932927358e-06,2.5980047309022066e-07,3.6758866671140365e-07,1.7338731733923783e-07,5.989312026366676e-08,2.64551986285186e-07,1.6588494382200213e-07,4.591042486427728e-07,5.989312026366676e-08,4.9785855303694765e-06
605,1.0,1,23,transient,learned_with_learned_kf,learned,learned_kf,none,2,learned,0.08085312122807044,0.2956992935208911,0.04702341603936216,0.024440604140745184,0.137365045073936,0.13906704747272056,0.017973105564491474,0.5184418211591015,48.923521155372065,0,0,0,True,0.1886506355609417,0.15710879382512463,0.7077643238021653,0.1579054615680354,0.12623273030560536,1.0656415751636457,0.8630859917845456,1.0841048329707271e-05,4.5319476571468217e-07,3.6040982225209e-05,8.326235151307217e-06,1.2903739256046046e-07,4.5319476571468217e-07,7.5189245010133534e-06,1.919988110083291e-06,3.7111875546286977e-07,1.405132397423108e-07,3.6040982225209e-05,1.919988110083291e-06,0.00015259210706880234,3.3363673183734795e-05,4.2024613147936746e-07,8.326235151307217e-06,3.7111875546286977e-07,3.3363673183734795e-05,7.595371805262013e-06,9.483867359678904e-08,1.2903739256046046e-07,1.405132397423108e-07,4.2024613147936746e-07,9.483867359678904e-08,4.853987869357781e-06
605,1.0,1,23,transient,learned_with_learned_kf,learned,learned_kf,none,2,oracle,0.08085312122807044,0.2956992935208911,0.010640727695129368,0.024418411297412103,0.012423497547998255,0.012592582648141762,0.01800502239962787,0.5184418211591015,48.923521155372065,0,0,0,True,0.04323149536706073,0.15697302563320287,0.0738249884008241,0.0167922697990443,0.12645257648193367,0.22029877721693444,0.06543740573172052,5.693184405060955e-07,5.173417463817732e-09,-5.668748243304367e-07,2.131703840870514e-07,9.525657682618262e-08,5.173417463817732e-09,7.5059349072947955e-06,2.025072816434811e-07,-4.183221825613193e-09,1.0939355700945961e-07,-5.668748243304367e-07,2.025072816434811e-07,1.6602042067946878e-06,-2.2085603198658232e-07,1.8110029381539095e-07,2.131703840870514e-07,-4.183221825613193e-09,-2.2085603198658232e-07,8.589611903330412e-08,3.095871679615182e-08,9.525657682618262e-08,1.0939355700945961e-07,1.8110029381539095e-07,3.095871679615182e-08,4.870909945346633e-06
605,1.0,1,26,broadband,nominal_with_nominal_kf,nominal,nominal_kf,none,2,nominal,0.12242074837196965,0.3610850674996157,0.06001824888534326,0.025779838869991023,0.025168649993507056,0.017371503470562898,0.01900760310537229,0.7037242806534695,117.71476026642907,0,0,0,True,0.24618379178155123,0.28309875353066116,0.3223830447447803,0.21428696723658627,0.2018331381406401,0.7693566912438323,0.4364037836259669,1.846178326532278e-05,3.543537491427389e-06,7.3575738044291864e-06,9.4252783310981e-06,-2.943363764623257e-07,3.543537491427389e-06,2.4413533941874857e-05,6.6082733208088924e-06,3.220947399084549e-06,1.0613092803726038e-06,7.3575738044291864e-06,6.6082733208088924e-06,3.165914052120169e-05,6.183509803516988e-06,2.6177905492551535e-06,9.4252783310981e-06,3.220947399084549e-06,6.183509803516988e-06,1.3987698155661704e-05,-3.649734388998406e-08,-2.943363764623257e-07,1.0613092803726038e-06,2.6177905492551535e-06,-3.649734388998406e-08,1.240908275066331e-05
605,1.0,1,26,broadband,nominal_with_nominal_kf,nominal,nominal_kf,none,2,learned,0.12242074837196965,0.3610850674996157,0.018043481600538383,0.0253147824096151,0.08853078096145668,0.08941335977669417,0.017944626910328738,0.7037242806534695,117.71476026642907,0,0,0,True,0.07487031069009815,0.278039421188082,0.9995295652108894,0.9686208994719532,0.19001178080474201,1.982300672384723,1.9403983868602672,1.7075522663137815e-06,5.919079804399668e-07,-4.671439476204103e-06,-1.0585084015171058e-06,7.112874223217335e-08,5.919079804399668e-07,2.3548729803793362e-05,6.691469464427482e-06,5.118107246682957e-06,1.0529335084747443e-06,-4.671439476204103e-06,6.691469464427482e-06,0.0003043308819379784,0.0002783990138648997,-2.3038805558217003e-07,-1.0585084015171058e-06,5.118107246682957e-06,0.0002783990138648997,0.00028580011942845764,-6.573871580571571e-07,7.112874223217335e-08,1.0529335084747443e-06,-2.3038805558217003e-07,-6.573871580571571e-07,1.0998052579147766e-05
605,1.0,1,26,broadband,nominal_with_nominal_kf,nominal,nominal_kf,none,2,oracle,0.12242074837196965,0.3610850674996157,0.010732633898677686,0.025194052893459988,0.013373610118368878,0.011801681242792931,0.01796142470948608,0.7037242806534695,117.71476026642907,0,0,0,True,0.04593125579317757,0.27677430374898326,0.18476920520405504,0.1607818764735719,0.19022105587265092,0.4132276334218966,0.15917179621764574,6.426453569918191e-07,-6.78957444968758e-09,-1.4430010227247554e-06,2.1454009255899725e-06,1.53271474608978e-07,-6.78957444968758e-09,2.3334917460318794e-05,1.447102112752471e-06,-2.0731847278960384e-07,1.1395948180902436e-06,-1.4430010227247554e-06,1.447102112752471e-06,1.039953489538488e-05,-5.27822944579497e-06,1.081356546281421e-06,2.1454009255899725e-06,-2.0731847278960384e-07,-5.27822944579497e-06,7.87460759062759e-06,3.3940410434070973e-07,1.53271474608978e-07,1.1395948180902436e-06,1.081356546281421e-06,3.3940410434070973e-07,1.1022291978074409e-05
605,1.0,1,26,broadband,learned_with_learned_kf,learned,learned_kf,none,2,nominal,0.092401061239203,0.2722848132479433,0.05819763851430674,0.02564457473907918,0.019777141387645084,0.016077171323229947,0.01828702828757998,0.36780108936361544,54.22868878178875,0,0,0,True,0.1634471181266359,0.16220987586634808,0.09289399604520887,0.016740537969979995,0.12989055171030064,0.3300446082696913,0.09575265733716141,8.137842314033205e-06,1.1616354157049947e-06,1.1444812400522921e-06,5.082462201915713e-07,-1.466853347634171e-07,1.1616354157049947e-06,8.015106900375625e-06,1.0413092098381467e-06,1.0683482495885313e-07,4.334389156555808e-07,1.1444812400522921e-06,1.0413092098381467e-06,2.6286334255495793e-06,3.945271921922873e-08,3.0275781191237746e-07,5.082462201915713e-07,1.0683482495885313e-07,3.945271921922873e-08,8.536769508909331e-08,-3.728029807249174e-09,-1.466853347634171e-07,4.334389156555808e-07,3.0275781191237746e-07,-3.728029807249174e-09,5.139369680927396e-06
605,1.0,1,26,broadband,learned_with_learned_kf,learned,learned_kf,none,2,learned,0.092401061239203,0.2722848132479433,0.017607607516873243,0.025292834966310015,0.0864934117548693,0.08739964012872369,0.017956466438121228,0.36780108936361544,54.22868878178875,0,0,0,True,0.05403718437281644,0.16002071113700606,0.33607430445053166,0.0761531560916401,0.1274538914783359,0.467915397649529,0.4078274378133149,8.894881341177225e-07,1.9669640865930437e-07,-8.80069701978893e-07,5.674869642958534e-08,2.8521427649346537e-08,1.9669640865930437e-07,7.80022494860275e-06,1.2236887213998236e-06,2.071967985156604e-07,4.0904547696117363e-07,-8.80069701978893e-07,1.2236887213998236e-06,3.440530024303888e-05,7.246540408723257e-06,-1.208312145452828e-08,5.674869642958534e-08,2.071967985156604e-07,7.246540408723257e-06,1.7665687720803135e-06,-3.405118264951666e-08,2.8521427649346537e-08,4.0904547696117363e-07,-1.208312145452828e-08,-3.405118264951666e-08,4.948355986003655e-06
605,1.0,1,26,broadband,learned_with_learned_kf,learned,learned_kf,none,2,oracle,0.092401061239203,0.2722848132479433,0.010732633898677684,0.025194052893459988,0.013373610118368882,0.011801681242792931,0.01796142470948608,0.36780108936361544,54.22868878178875,0,0,0,True,0.03930648940711599,0.15944432635342573,0.07145481810384423,0.0140155606143303,0.1274941160707222,0.2287284534071314,0.0640881110435702,4.706339469296427e-07,-2.6651161221429163e-08,-4.971163602510302e-07,1.608760228840877e-07,7.430385352105762e-08,-2.6651161221429163e-08,7.744134285047541e-06,3.286422969181609e-07,-1.4016290842997058e-08,4.3346843640076757e-07,-4.971163602510302e-07,3.286422969181609e-07,1.555312889605931e-06,-1.8199992095942132e-07,2.8291646214335993e-07,1.608760228840877e-07,-1.4016290842997058e-08,-1.8199992095942132e-07,5.983780899329136e-08,1.71671549729687e-08,7.430385352105762e-08,4.3346843640076757e-07,2.8291646214335993e-07,1.71671549729687e-08,4.951479892378249e-06
605,1.0,1,26,transient,nominal_with_nominal_kf,nominal,nominal_kf,none,2,nominal,0.11534015250794434,0.39106521095103464,0.09806304670323295,0.02728575988479433,0.02850429865550016,0.023468999049465505,0.01911421930625231,0.7934581830606965,118.97835040791249,0,0,0,True,0.42456171562456696,0.30227550091587396,0.404697327497975,0.328328381315838,0.19761857814287012,1.2119071718666925,0.6621490732056632,5.490809726666662e-05,1.189458735246864e-05,3.35278321280427e-05,3.5150486549510554e-05,7.893037257286488e-07,1.189458735246864e-05,2.7833039391317017e-05,1.0649560872240298e-05,1.079749173671318e-05,1.3246339087529995e-06,3.35278321280427e-05,1.0649560872240298e-05,4.989021874026085e-05,2.541452715982475e-05,3.6961756403776573e-06,3.5150486549510554e-05,1.079749173671318e-05,2.541452715982475e-05,3.283761345748971e-05,1.771483903949674e-06,7.893037257286488e-07,1.3246339087529995e-06,3.6961756403776573e-06,1.771483903949674e-06,1.1896255296042657e-05
605,1.0,1,26,transient,nominal_with_nominal_kf,nominal,nominal_kf,none,2,learned,0.11534015250794434,0.39106521095103464,0.030805805315757297,0.025951944894369708,0.14787145966197537,0.1482631083119231,0.018232697589218343,0.7934581830606965,118.97835040791249,0,0,0,True,0.1360102918870599,0.28740455848867863,2.0214606852802346,1.980440973712499,0.1886560018110339,4.148154807063361,3.9872851057977194,5.6350565725989455e-06,2.7093762718478413e-06,5.351952477292639e-05,5.675507488715197e-05,8.062640098544605e-07,2.7093762718478413e-06,2.516181931955164e-05,2.6425833861451515e-05,2.7024795502385916e-05,1.2922885256941252e-06,5.351952477292639e-05,2.6425833861451515e-05,0.0012447591683618549,0.001201714618712609,4.94680538812481e-06,5.675507488715197e-05,2.7024795502385916e-05,0.001201714618712609,0.0011947541317340513,5.034148903525378e-06,8.062640098544605e-07,1.2922885256941252e-06,4.94680538812481e-06,5.034148903525378e-06,1.0841665095230943e-05
605,1.0,1,26,transient,nominal_with_nominal_kf,nominal,nominal_kf,none,2,oracle,0.11534015250794434,0.39106521095103464,0.010667251898160219,0.025684472613206836,0.012969417426441723,0.011126002522179667,0.018238548003873045,0.7934581830606965,118.97835040791249,0,0,0,True,0.04674055460141612,0.2844985574793789,0.19244858809193144,0.16482161154575445,0.18870808754592447,0.43133027952218517,0.172992076447075,6.654914154287979e-07,2.227218250147225e-07,-1.5020378808180282e-06,2.261773541667617e-06,2.56707895288739e-07,2.227218250147225e-07,2.465556008430345e-05,4.1744059358587886e-07,9.759843759797425e-07,1.241125865112651e-06,-1.5020378808180282e-06,4.1744059358587886e-07,1.1281950596460067e-05,-5.220588807732171e-06,9.750954572288202e-07,2.261773541667617e-06,9.759843759797425e-07,-5.220588807732171e-06,8.275286671247724e-06,8.452038392387118e-07,2.56707895288739e-07,1.241125865112651e-06,9.750954572288202e-07,8.452038392387118e-07,1.0847652437711685e-05
605,1.0,1,26,transient,learned_with_learned_kf,learned,learned_kf,none,2,nominal,0.07813269677537601,0.28371527696498827,0.09661139370180392,0.02713067913633414,0.025074537995290264,0.022518073474758944,0.01854573574097617,0.5226555500492963,55.23850860000247,0,0,0,True,0.34350544048708676,0.17389375328081105,0.13498163177974673,0.02699136490021454,0.1303046402443569,0.5792311387363696,0.15272861176457553,3.594363330136893e-05,5.656582941109755e-06,9.756090599710927e-06,2.422854141737871e-06,5.885301958410176e-07,5.656582941109755e-06,9.211337558786982e-06,2.147299955456821e-06,4.883226884733907e-07,5.704390960665699e-07,9.756090599710927e-06,2.147299955456821e-06,5.550141852825998e-06,6.667243948792656e-07,6.515176813237524e-07,2.422854141737871e-06,4.883226884733907e-07,6.667243948792656e-07,2.2192408004021532e-07,1.0292383746740278e-07,5.885301958410176e-07,5.704390960665699e-07,6.515176813237524e-07,1.0292383746740278e-07,5.172190333173485e-06
605,1.0,1,26,transient,learned_with_learned_kf,learned,learned_kf,none,2,learned,0.07813269677537601,0.28371527696498827,0.030480282239667405,0.02590951135318702,0.14613640435997888,0.14652137206308055,0.018231845786708778,0.5226555500492963,55.23850860000247,0,0,0,True,0.12232988881847397,0.16601259324686046,0.7545570010372543,0.16645988053732455,0.12810339894005443,1.0660560580086405,0.9188400996825796,4.558478357484189e-06,1.3238193312334434e-06,1.9626854506940224e-05,4.60809998419672e-06,5.142091864152762e-07,1.3238193312334434e-06,8.39531126057708e-06,5.867160359203504e-06,1.329737137446281e-06,5.076706027617949e-07,1.9626854506940224e-05,5.867160359203504e-06,0.00017343583724099297,3.765101300309308e-05,1.4313131546585571e-06,4.60809998419672e-06,1.329737137446281e-06,3.765101300309308e-05,8.440611133946794e-06,3.2066467151340146e-07,5.142091864152762e-07,5.076706027617949e-07,1.4313131546585571e-06,3.2066467151340146e-07,4.998918324846066e-06
605,1.0,1,26,transient,learned_with_learned_kf,learned,learned_kf,none,2,oracle,0.07813269677537601,0.28371527696498827,0.01066725189816022,0.02568447261320683,0.012969417426441726,0.011126002522179662,0.018238548003873048,0.5226555500492963,55.23850860000247,0,0,0,True,0.04287144841837797,0.16461900454795658,0.07598506809777472,0.014562329659602653,0.12815137224061177,0.23545421047100434,0.069110701299241,5.598749647487027e-07,9.430236840152925e-08,-5.571541113101912e-07,1.840068392550982e-07,1.5796326732597855e-07,9.430236840152925e-08,8.254954380194617e-06,9.588803039901149e-08,4.7865566299070076e-08,4.913135127994205e-07,-5.571541113101912e-07,9.588803039901149e-08,1.7587789099417353e-06,-1.8421783923702418e-07,2.4278929982547624e-07,1.840068392550982e-07,4.7865566299070076e-08,-1.8421783923702418e-07,6.459761024715468e-08,5.060320665462509e-08,1.5796326732597855e-07,4.913135127994205e-07,2.4278929982547624e-07,5.060320665462509e-08,5.002663104722303e-06
605,1.0,1,29,broadband,nominal_with_nominal_kf,nominal,nominal_kf,none,2,nominal,0.14682714184377008,0.42048936454742486,0.05760890626302369,0.027178000218913284,0.026960564883375483,0.023464269453069807,0.01823279032103112,0.6532879965175593,108.4417606201058,0,0,0,True,0.23654569534953873,0.29894123194474614,0.3293974293834299,0.27463561789011576,0.19432945103413088,0.8795832776070814,0.522657764788699,1.7044522284476706e-05,3.710930207393832e-06,1.4114809073668128e-05,1.7141175310737902e-05,3.967602305325078e-07,3.710930207393832e-06,2.722239773793627e-05,6.8989746924089785e-06,4.974200312237401e-06,-8.624718561301372e-07,1.4114809073668128e-05,6.8989746924089785e-06,3.305180230445928e-05,1.359260042787818e-05,1.1422721064518405e-06,1.7141175310737902e-05,4.974200312237401e-06,1.359260042787818e-05,2.297568439077006e-05,8.279532324097932e-07,3.967602305325078e-07,-8.624718561301372e-07,1.1422721064518405e-06,8.279532324097932e-07,1.1503552604950812e-05
605,1.0,1,29,broadband,nominal_with_nominal_kf,nominal,nominal_kf,none,2,learned,0.14682714184377008,0.42048936454742486,0.023753738277468867,0.026576192969427502,0.10243169541572351,0.1038939656192893,0.017647977213859693,0.6532879965175593,108.4417606201058,0,0,0,True,0.09761260711915541,0.2924061306833852,1.154950807611114,1.1216938006761583,0.1878700529382858,2.276272055723508,2.251133836170879,2.9024621170738577e-06,7.23757022196564e-08,-1.587161119858228e-05,-1.1699558829547635e-05,2.6909650785334554e-07,7.23757022196564e-08,2.6045199181768093e-05,1.1273761950382622e-05,1.0033505070578348e-05,-8.761644507797922e-07,-1.587161119858228e-05,1.1273761950382622e-05,0.0004063326391447953,0.0003770394799357681,1.8524527577297054e-06,-1.1699558829547635e-05,1.0033505070578348e-05,0.0003770394799357681,0.00038326871838505617,2.430946946172497e-06,2.6909650785334554e-07,-8.761644507797922e-07,1.8524527577297054e-06,2.430946946172497e-06,1.0751519592652196e-05
605,1.0,1,29,broadband,nominal_with_nominal_kf,nominal,nominal_kf,none,2,oracle,0.14682714184377008,0.42048936454742486,0.011236027934943122,0.02637096112545725,0.013911968818411106,0.011725856592178329,0.017645839252163488,0.6532879965175593,108.4417606201058,0,0,0,True,0.048131138425739725,0.29026635090939995,0.19097251325774955,0.16080269489359034,0.18791078426723404,0.38323598917124774,0.15511897142256875,7.056786904745178e-07,-3.007394821967601e-07,-1.7410418560394499e-06,2.2537177250653735e-06,2.100528381230551e-07,-3.007394821967601e-07,2.5665404988008965e-05,4.902971695885774e-07,-7.248273010529375e-07,-9.506655586633016e-07,-1.7410418560394499e-06,4.902971695885774e-07,1.1109549858111752e-05,-5.828262183313042e-06,2.453347084518459e-07,2.2537177250653735e-06,-7.248273010529375e-07,-5.828262183313042e-06,7.87664696851479e-06,6.589559697052904e-07,2.100528381230551e-07,-9.506655586633016e-07,2.453347084518459e-07,6.589559697052904e-07,1.0756182082991478e-05
605,1.0,1,29,broadband,learned_with_learned_kf,learned,learned_kf,none,2,nominal,0.11038318769416301,0.31409531195525336,0.05584394428533094,0.027104787520829673,0.024342192328470225,0.02247388494164567,0.01785895049237628,0.3492971633853515,51.79937455427099,0,0,0,True,0.15760665595489892,0.17187025574642847,0.10588886053363208,0.02156118961762709,0.12740855685400104,0.35570539937620416,0.11554225015175701,7.566653452219933e-06,1.2882880463832088e-06,2.711899613628363e-06,9.130481805901785e-07,2.418051442519117e-07,1.2882880463832088e-06,8.998211183013294e-06,1.2379614782206968e-06,2.0407092860788114e-07,-3.155448996816077e-07,2.711899613628363e-06,1.2379614782206968e-06,3.4155078276459633e-06,2.547631064633081e-07,1.4988475085521157e-07,9.130481805901785e-07,2.0407092860788114e-07,2.547631064633081e-07,1.4161203804348894e-07,5.147546056304993e-08,2.418051442519117e-07,-3.155448996816077e-07,1.4988475085521157e-07,5.147546056304993e-08,4.944836407898731e-06
605,1.0,1,29,broadband,learned_with_learned_kf,learned,learned_kf,none,2,learned,0.11038318769416301,0.31409531195525336,0.023177042113422617,0.026570351482357608,0.09975674979447757,0.10130920109929023,0.017631885223420407,0.3492971633853515,51.79937455427099,0,0,0,True,0.06703391914980368,0.16855573247862987,0.3868224555601566,0.0878187998911705,0.1257386705844088,0.514345305865998,0.4705509432073392,1.3688124846494037e-06,4.49548172857327e-08,-3.280670923810967e-06,-4.729196191254559e-07,1.3941657671085764e-07,4.49548172857327e-08,8.654496160367729e-06,2.082006710354626e-06,4.302004275626688e-07,-3.340000359669876e-07,-3.280670923810967e-06,2.082006710354626e-06,4.55803956042226e-05,9.759094747268991e-06,4.092271379725785e-07,-4.729196191254559e-07,4.302004275626688e-07,9.759094747268991e-06,2.3492526795855197e-06,1.316142866721705e-07,1.3941657671085764e-07,-3.340000359669876e-07,4.092271379725785e-07,1.316142866721705e-07,4.816066375733041e-06
605,1.0,1,29,broadband,learned_with_learned_kf,learned,learned_kf,none,2,oracle,0.11038318769416301,0.31409531195525336,0.01123602793494312,0.026370961125457254,0.013911968818411112,0.011725856592178327,0.017645839252163485,0.3492971633853515,51.79937455427099,0,0,0,True,0.04117492238464479,0.1673925511404596,0.07348574195103667,0.014037728936837395,0.12585034511760523,0.214140029345007,0.06546042094609648,5.164405245455485e-07,-1.2294295344227702e-07,-5.957775044354229e-07,1.698082773953335e-07,1.264477257672602e-07,-1.2294295344227702e-07,8.535461184669374e-06,1.2530492227151258e-07,-3.175159566948604e-08,-3.6492014154234513e-07,-5.957775044354229e-07,1.2530492227151258e-07,1.6449810602063178e-06,-1.9985117205491462e-07,4.761165286517185e-08,1.698082773953335e-07,-3.175159566948604e-08,-1.9985117205491462e-07,6.002724885170792e-08,3.956422886907823e-08,1.264477257672602e-07,-3.6492014154234513e-07,4.761165286517185e-08,3.956422886907823e-08,4.824624932921701e-06
605,1.0,1,29,transient,nominal_with_nominal_kf,nominal,nominal_kf,none,2,nominal,0.14361623010293204,0.4716440826878669,0.09410124543179153,0.028124525748997077,0.03739698372084138,0.03625988994267799,0.019490822343560737,0.7735927209511885,116.09385202120002,0,0,0,True,0.40761645832578053,0.3118829102946761,0.5205828078710597,0.4920077351784655,0.20058790791510242,1.5176951771027343,0.960405726848407,5.06125428621333e-05,1.4683725106858334e-05,5.436930448585838e-05,5.83044326782335e-05,-8.31929844413111e-07,1.4683725106858334e-05,2.9630425728136235e-05,1.742719420567115e-05,1.9055788557319157e-05,4.6157880527587804e-07,5.436930448585838e-05,1.742719420567115e-05,8.255328854531645e-05,6.234012079868692e-05,3.6253347245782443e-07,5.83044326782335e-05,1.9055788557319157e-05,6.234012079868692e-05,7.373922969126006e-05,2.5896672624666037e-07,-8.31929844413111e-07,4.6157880527587804e-07,3.6253347245782443e-07,2.5896672624666037e-07,1.2256436874996805e-05
605,1.0,1,29,transient,nominal_with_nominal_kf,nominal,nominal_kf,none,2,learned,0.14361623010293204,0.4716440826878669,0.029130421738432645,0.02671835050012876,0.16846270469538152,0.16993941102404989,0.018992367605786212,0.7735927209511885,116.09385202120002,0,0,0,True,0.1259076398045959,0.29638787153490426,2.295704791614117,2.2621690275557476,0.19585289292378794,4.6688603507926585,4.544155523136229,4.829018854891379e-06,1.540977808307888e-06,2.6373825389525326e-05,3.131363448399316e-05,7.724061345147631e-07,1.540977808307888e-06,2.6759351916288525e-05,4.952270634387223e-05,5.100193405065244e-05,5.399872716692423e-07,2.6373825389525326e-05,4.952270634387223e-05,0.0016054131521407477,0.0015629432754905347,-4.402473916056967e-06,3.131363448399316e-05,5.100193405065244e-05,0.0015629432754905347,0.0015588518370004403,-3.3108668613162278e-06,7.724061345147631e-07,5.399872716692423e-07,-4.402473916056967e-06,-3.3108668613162278e-06,1.1684623330425663e-05
605,1.0,1,29,transient,nominal_with_nominal_kf,nominal,nominal_kf,none,2,oracle,0.14361623010293204,0.4716440826878669,0.011481612016363843,0.025855565331105855,0.013130048220276901,0.011606476597072275,0.018958521031193422,0.7735927209511885,116.09385202120002,0,0,0,True,0.050248062215400784,0.2869005773982254,0.19922389483981615,0.17016560702075326,0.19538586579322773,0.43462380945394063,0.18124080659303238,7.69118701258073e-07,2.133018945985595e-07,-1.6132531323541753e-06,2.5209590889839197e-06,4.151169439706062e-07,2.133018945985595e-07,2.507365117992435e-05,-7.375354442874796e-07,1.27395417811399e-06,8.047856434285993e-07,-1.6132531323541753e-06,-7.375354442874796e-07,1.209031421393593e-05,-5.452387423532691e-06,7.936843127996628e-07,2.5209590889839197e-06,1.27395417811399e-06,-5.452387423532691e-06,8.820603692519919e-06,1.3608368019307824e-06,4.151169439706062e-07,8.047856434285993e-07,7.936843127996628e-07,1.3608368019307824e-06,1.1628963905115091e-05
605,1.0,1,29,transient,learned_with_learned_kf,learned,learned_kf,none,2,nominal,0.09635494394288234,0.3507825767696501,0.09266225524959751,0.028012844267834784,0.03533232524388483,0.03555776052294587,0.019150722508912418,0.5012583588557479,55.422587218791385,0,0,0,True,0.33002813990494445,0.1798016263857222,0.18543042589897993,0.041092885072929804,0.13417814039474651,0.6413988113226494,0.2192945178829486,3.317849471344172e-05,6.751364536964368e-06,1.596058896854227e-05,3.992667117419205e-06,-2.6700681649362735e-07,6.751364536964368e-06,9.847862287349107e-06,3.4992587272699257e-06,8.96636046814927e-07,2.0494640935302318e-07,1.596058896854227e-05,3.4992587272699257e-06,1.0474100261489405e-05,1.830296435362044e-06,1.6160651046846163e-08,3.992667117419205e-06,8.96636046814927e-07,1.830296435362044e-06,5.143846525126213e-07,2.4186532717540416e-08,-2.6700681649362735e-07,2.0494640935302318e-07,1.6160651046846163e-08,2.4186532717540416e-08,5.484262987284614e-06
605,1.0,1,29,transient,learned_with_learned_kf,learned,learned_kf,none,2,learned,0.09635494394288234,0.3507825767696501,0.028793588447832363,0.026688119053472667,0.1662040776476515,0.16772454399560785,0.018958085032223855,0.5012583588557479,55.422587218791385,0,0,0,True,0.10536920461894536,0.17138224373407576,0.8543936695059243,0.18976362664914875,0.13291240420195266,1.1527483129181104,1.0421310249992248,3.382066469436876e-06,8.434178170578818e-07,1.1888257248843067e-05,2.9708376012250447e-06,4.001789594748364e-07,8.434178170578818e-07,8.947184309918577e-06,1.0412866502736431e-05,2.4306605141361804e-06,2.254650310712117e-07,1.1888257248843067e-05,1.0412866502736431e-05,0.00022236722628771177,4.874462009828164e-05,-8.977123549448858e-07,2.9708376012250447e-06,2.4306605141361804e-06,4.874462009828164e-05,1.0969344566702417e-05,-1.4996246223051841e-07,4.001789594748364e-07,2.254650310712117e-07,-8.977123549448858e-07,-1.4996246223051841e-07,5.381282143151711e-06
605,1.0,1,29,transient,learned_with_learned_kf,learned,learned_kf,none,2,oracle,0.09635494394288234,0.3507825767696501,0.011481612016363846,0.02585556533110585,0.013130048220276901,0.011606476597072278,0.018958521031193422,0.5012583588557479,55.422587218791385,0,0,0,True,0.04574154320230281,0.1661130350862599,0.07933058724470399,0.014988397707942663,0.1328931855209575,0.23642908383095668,0.07257244368385177,6.373476079454548e-07,1.2506922340762125e-07,-5.874812179775277e-07,2.0284481291213055e-07,2.5423204132439796e-07,1.2506922340762125e-07,8.40547308721707e-06,-1.8175191615886427e-07,6.607162163347433e-08,3.207636109586719e-07,-5.874812179775277e-07,-1.8175191615886427e-07,1.917061623987378e-06,-1.9057392102807697e-07,2.198131802516192e-07,2.0284481291213055e-07,6.607162163347433e-08,-1.9057392102807697e-07,6.843293264942577e-08,8.085258687165278e-08,2.5423204132439796e-07,3.207636109586719e-07,2.198131802516192e-07,8.085258687165278e-08,5.3797260255221715e-06
