seed,process_noise_scale,donor_fold,client_position,scenario,case,controller,state_source,correction,selected_plant,replay_observer,tracking_rmse_deg_s,tracking_peak_deg_s,beta_rmse_deg,yaw_rmse_deg_s,front_force_rmse,rear_force_rmse,applied_steer_rmse_deg,command_rms_deg,command_rate_rms_deg_s,saturation_samples,beta_violation_samples,steering_violation_samples,finite,command_beta_rms_deg,command_yaw_rate_rms_deg,command_front_force_per_mass_rms_deg,command_rear_force_per_mass_rms_deg,command_applied_steering_rms_deg,command_total_rms_deg,command_joint_force_rms_deg,moment_00_rad2,moment_01_rad2,moment_02_rad2,moment_03_rad2,moment_04_rad2,moment_10_rad2,moment_11_rad2,moment_12_rad2,moment_13_rad2,moment_14_rad2,moment_20_rad2,moment_21_rad2,moment_22_rad2,moment_23_rad2,moment_24_rad2,moment_30_rad2,moment_31_rad2,moment_32_rad2,moment_33_rad2,moment_34_rad2,moment_40_rad2,moment_41_rad2,moment_42_rad2,moment_43_rad2,moment_44_rad2
602,1.0,0,2,broadband,nominal_with_nominal_kf,nominal,nominal_kf,none,0,nominal,0.1502021328110238,0.4749020164865428,0.021722949147350065,0.024992270062947717,0.01389549807109974,0.014016110795427871,0.018122684610620294,0.5805091500583974,87.7811481739388,0,0,0,True,0.0904592575340605,0.2750109458441829,0.17875905575097384,0.17524544114513874,0.19277803935451937,0.47300437988922295,0.23399759991777114,2.4926469615194354e-06,-5.050226269516377e-07,3.4941027140472376e-07,4.3736749815224295e-06,4.113773172772275e-07,-5.050226269516377e-07,2.303852627001331e-05,8.5085304361204e-07,-3.7193663954114835e-07,1.159769269482914e-07,3.4941027140472376e-07,8.5085304361204e-07,9.733988729754179e-06,-1.2048971283104262e-06,9.712537092239524e-07,4.3736749815224295e-06,-3.7193663954114835e-07,-1.2048971283104262e-06,9.355094808453878e-06,1.1153828764596313e-06,4.113773172772275e-07,1.159769269482914e-07,9.712537092239524e-07,1.1153828764596313e-06,1.1320610628537277e-05
602,1.0,0,2,broadband,nominal_with_nominal_kf,nominal,nominal_kf,none,0,learned,0.1502021328110238,0.4749020164865428,0.01710676182984794,0.025108103681305532,0.035036423838999874,0.02996017899483912,0.01804545779138389,0.5805091500583974,87.7811481739388,0,0,0,True,0.07277907888014908,0.27623565382531967,0.427448006208202,0.32909975983137757,0.19193678261880792,0.794534726784144,0.693045707388489,1.6134958197043853e-06,-1.0810937910807995e-06,-6.175912441421058e-07,2.5641414579239974e-06,3.7134331375986303e-07,-1.0810937910807995e-06,2.3244178397555764e-05,2.139974261797167e-06,1.0731742165098385e-06,1.368472014307106e-07,-6.175912441421058e-07,2.139974261797167e-06,5.565719647481292e-05,2.8831110095253754e-05,1.394847352449562e-07,2.5641414579239974e-06,1.0731742165098385e-06,2.8831110095253754e-05,3.299209285393363e-05,2.283861887172181e-07,3.7134331375986303e-07,1.368472014307106e-07,1.394847352449562e-07,2.283861887172181e-07,1.1222023048032589e-05
602,1.0,0,2,broadband,nominal_with_nominal_kf,nominal,nominal_kf,none,0,oracle,0.1502021328110238,0.4749020164865428,0.012122423985577519,0.02494775547252515,0.010959658749979236,0.011058475297958175,0.01801642134311692,0.5805091500583974,87.7811481739388,0,0,0,True,0.0518366022671951,0.2745217238089707,0.14862276056506085,0.14794152581269338,0.19153172188618975,0.38673250108354496,0.12103072504316961,8.185171612689746e-07,-1.6765563297797555e-07,-1.5900124858191201e-06,2.257352794934451e-06,3.156218950296391e-07,-1.6765563297797555e-07,2.2956631859439162e-05,7.943916520897585e-07,-1.6477845011236846e-07,1.71930108341594e-08,-1.5900124858191201e-06,7.943916520897585e-07,6.72861040307796e-06,-4.466755039204034e-06,6.840328639114062e-07,2.257352794934451e-06,-1.6477845011236846e-07,-4.466755039204034e-06,6.667068576771068e-06,9.274411208577274e-07,3.156218950296391e-07,1.71930108341594e-08,6.840328639114062e-07,9.274411208577274e-07,1.1174707423286634e-05
602,1.0,0,2,broadband,learned_with_learned_kf,learned,learned_kf,none,0,nominal,0.1514792277683838,0.46232769861748735,0.021783398473150587,0.024988481491030255,0.013877774289177571,0.014010729439807046,0.018104572265564542,0.5008159419862189,78.40848466349902,0,0,0,True,0.10013733644972722,0.19148314199808816,0.01098020139081849,0.15573646292657742,0.20560269401722087,0.29850796264105733,0.15377777170034146,3.0545469583394697e-06,4.156033200332833e-07,2.593263739075005e-08,-4.441563870853738e-06,-5.271758027115628e-07,4.156033200332833e-07,1.1169039462022735e-05,4.0236909928994495e-08,-2.6525001314339565e-07,4.466282868164573e-08,2.593263739075005e-08,4.0236909928994495e-08,3.6726145172255145e-08,-1.1069913373647756e-07,5.991348344681022e-08,-4.441563870853738e-06,-2.6525001314339565e-07,-1.1069913373647756e-07,7.388143953356998e-06,1.067419134015823e-06,-5.271758027115628e-07,4.466282868164573e-08,5.991348344681022e-08,1.067419134015823e-06,1.2876930065335021e-05
602,1.0,0,2,broadband,learned_with_learned_kf,learned,learned_kf,none,0,learned,0.1514792277683838,0.46232769861748735,0.016039069533055138,0.025107427045382984,0.033926629601078645,0.029998577512460798,0.01803329927223377,0.5008159419862189,78.40848466349902,0,0,0,True,0.07887472786769606,0.1923573101597569,0.02196683168792923,0.3000484816224768,0.2047834683927713,0.42135545353855,0.31242878582305594,1.8950928056359016e-06,8.264921997911708e-07,1.134795962072271e-07,-2.397336614013458e-06,-4.4856088191609266e-07,8.264921997911708e-07,1.127125112687946e-05,8.708897807550041e-08,7.636931023370904e-07,5.844370665141621e-08,1.134795962072271e-07,8.708897807550041e-08,1.4699060588940478e-07,1.0814090804478812e-06,3.072091954132449e-08,-2.397336614013458e-06,7.636931023370904e-07,1.0814090804478812e-06,2.742442950484476e-05,1.6938092727689526e-07,-4.4856088191609266e-07,5.844370665141621e-08,3.072091954132449e-08,1.6938092727689526e-07,1.2774518036016089e-05
602,1.0,0,2,broadband,learned_with_learned_kf,learned,learned_kf,none,0,oracle,0.1514792277683838,0.46232769861748735,0.012122423985577523,0.024947755472525146,0.010959658749979236,0.011058475297958175,0.01801642134311692,0.5008159419862189,78.40848466349902,0,0,0,True,0.06111074758463951,0.19117248938313097,0.009918776186490412,0.13004988826353533,0.2046026124216483,0.2945751126894135,0.12398515033662336,1.1376009036719948e-06,1.4596792455134943e-07,1.1992397852919938e-07,-2.362418491957722e-06,-4.06832934145569e-07,1.4596792455134943e-07,1.1132828683852334e-05,3.904873893823249e-08,-9.978799626528387e-08,-9.041978974041463e-09,1.1992397852919938e-07,3.904873893823249e-08,2.9968907863644576e-08,-2.496397715318719e-07,4.5239855216571134e-08,-2.362418491957722e-06,-9.978799626528387e-08,-2.496397715318719e-07,5.151986329409141e-06,8.918778616521301e-07,-4.06832934145569e-07,-9.041978974041463e-09,4.5239855216571134e-08,8.918778616521301e-07,1.2751964187474374e-05
602,1.0,0,2,transient,nominal_with_nominal_kf,nominal,nominal_kf,none,0,nominal,0.13827711425954042,0.45367787680645155,0.03271081921602128,0.026286467687497237,0.023232365113039114,0.020699295649593205,0.018621488763106434,0.7276748527592468,90.45290742130129,0,0,0,True,0.1418602817087786,0.2921492218916194,0.336727106895417,0.2947893861067189,0.19319224804164367,0.7530474594593417,0.5595660475975643,6.130224381472283e-06,-4.879654979478158e-07,9.207279429490817e-06,1.2026755171155699e-05,-9.136175188130184e-08,-4.879654979478158e-07,2.5999452526821546e-05,-1.7155430131945838e-06,7.772528691342798e-08,-1.0368988609655221e-06,9.207279429490817e-06,-1.7155430131945838e-06,3.453909016526423e-05,1.7184722903960255e-05,-6.97694069053025e-07,1.2026755171155699e-05,7.772528691342798e-08,1.7184722903960255e-05,2.6471492039384322e-05,-3.5050866930341135e-07,-9.136175188130184e-08,-1.0368988609655221e-06,-6.97694069053025e-07,-3.5050866930341135e-07,1.1369310499612762e-05
602,1.0,0,2,transient,nominal_with_nominal_kf,nominal,nominal_kf,none,0,learned,0.13827711425954042,0.45367787680645155,0.022128463733710878,0.026273474952201094,0.05056038424991208,0.04981171951400507,0.018561350584645434,0.7276748527592468,90.45290742130129,0,0,0,True,0.09743388703079187,0.2919886589748714,0.7018576460926197,0.6646069642932505,0.19257308179471175,1.4458736749932806,1.3218924240748227,2.8918435416987516e-06,-5.591437828743432e-08,9.554592694095827e-06,1.3449141518185923e-05,3.2001754364092406e-07,-5.591437828743432e-08,2.5970882190367023e-05,3.0676346431147586e-06,4.807073731911753e-06,-1.0705650257734855e-06,9.554592694095827e-06,3.0676346431147586e-06,0.00015005580678766224,0.00012384114714194744,9.580950952459537e-07,1.3449141518185923e-05,4.807073731911753e-06,0.00012384114714194744,0.00013455025057616018,1.1551872634606612e-06,3.2001754364092406e-07,-1.0705650257734855e-06,9.580950952459537e-07,1.1551872634606612e-06,1.1296551754196548e-05
602,1.0,0,2,transient,nominal_with_nominal_kf,nominal,nominal_kf,none,0,oracle,0.13827711425954042,0.45367787680645155,0.012188094999590778,0.02635020377854268,0.01086795864791695,0.01080442939757889,0.01856363906314476,0.7276748527592468,90.45290742130129,0,0,0,True,0.053363010707139356,0.2928631518552656,0.16096407199750493,0.1604838873123872,0.19256382821565154,0.39747358034501273,0.11642592895006092,8.674318884877516e-07,4.4093101788213256e-07,-1.941870032249903e-06,2.5183133365499185e-06,1.9031599202257154e-07,4.4093101788213256e-07,2.612667838731747e-05,-6.439752690615944e-08,2.058693384352808e-06,-1.0447002103956218e-06,-1.941870032249903e-06,-6.439752690615944e-08,7.892464468373305e-06,-5.804410855500503e-06,1.1856904997910553e-07,2.5183133365499185e-06,2.058693384352808e-06,-5.804410855500503e-06,7.845445433235151e-06,5.773418544489944e-07,1.9031599202257154e-07,-1.0447002103956218e-06,1.1856904997910553e-07,5.773418544489944e-07,1.1295466129744237e-05
602,1.0,0,2,transient,learned_with_learned_kf,learned,learned_kf,none,0,nominal,0.15674679699671076,0.49867680538516523,0.03282217553374765,0.02628603598756365,0.023294970245070063,0.020757208682080596,0.018619348745412427,0.6642637594054008,80.23278119819548,0,0,0,True,0.16767555716127602,0.20366395560714,0.022068399408857294,0.25809462650678355,0.21310608794240937,0.30957686718173416,0.2702665500265821,8.564346925076394e-06,4.43422390139338e-07,-6.295291206533751e-07,-1.2737877185026278e-05,1.503145542962764e-07,4.43422390139338e-07,1.2635228030858022e-05,-6.73660778820312e-08,3.541418489249286e-08,-7.866842052545627e-07,-6.295291206533751e-07,-6.73660778820312e-08,1.4835302498641467e-07,9.053469722795022e-07,-9.301313754471954e-08,-1.2737877185026278e-05,3.541418489249286e-08,9.053469722795022e-07,2.029143029756775e-05,-3.5974918009834785e-07,1.503145542962764e-07,-7.866842052545627e-07,-9.301313754471954e-08,-3.5974918009834785e-07,1.3833957862898446e-05
602,1.0,0,2,transient,learned_with_learned_kf,learned,learned_kf,none,0,learned,0.15674679699671076,0.49867680538516523,0.021111789585937596,0.026256910042013536,0.04986143957149211,0.049950278117262756,0.018561760860175656,0.6642637594054008,80.23278119819548,0,0,0,True,0.11356658917363391,0.20342516631249782,0.04146941017397454,0.5880986495314038,0.21244878685117285,0.6437115772034984,0.623015132275573,3.928763625209511e-06,1.1464316506875412e-07,-5.405683192266135e-07,-1.3723505454352158e-05,-4.957334662725051e-07,1.1464316506875412e-07,1.2605616621010666e-05,1.27104499819756e-07,2.930130687470983e-06,-8.06427612054622e-07,-5.405683192266135e-07,1.27104499819756e-07,5.238542261779137e-07,6.17887824595052e-06,6.788257912849823e-08,-1.3723505454352158e-05,2.930130687470983e-06,6.17887824595052e-06,0.00010535498738127626,1.1779460886425269e-06,-4.957334662725051e-07,-8.06427612054622e-07,6.788257912849823e-08,1.1779460886425269e-06,1.3748750983856727e-05
602,1.0,0,2,transient,learned_with_learned_kf,learned,learned_kf,none,0,oracle,0.15674679699671076,0.49867680538516523,0.01218809499959078,0.026350203778542684,0.010867958647916953,0.010804429397578892,0.01856363906314476,0.6642637594054008,80.23278119819548,0,0,0,True,0.06584002391164565,0.2041644265446145,0.011591545856003506,0.13891939505367296,0.21247692980647537,0.30673731131769505,0.13075896858979374,1.32048871803558e-06,-3.5909760235797684e-07,1.7203875308214896e-07,-2.7127531282851925e-06,-3.114417687394349e-07,-3.5909760235797684e-07,1.269740235093129e-05,7.40909701025609e-09,1.2522165682195599e-06,-7.73277098191136e-07,1.7203875308214896e-07,7.40909701025609e-09,4.092959529317085e-08,-3.556491217849734e-07,-1.8753110312004743e-08,-2.7127531282851925e-06,1.2522165682195599e-06,-3.556491217849734e-07,5.878689226371642e-06,5.847436726377868e-07,-3.114417687394349e-07,-7.73277098191136e-07,-1.8753110312004743e-08,5.847436726377868e-07,1.3752393801670438e-05
602,1.0,0,5,broadband,nominal_with_nominal_kf,nominal,nominal_kf,none,0,nominal,0.14151509171001098,0.4406009629854307,0.02310440904038411,0.024822516752625378,0.014927950037989652,0.013730431410398099,0.017914331710113553,0.5420642130746202,78.90210537898207,0,0,0,True,0.09575283366507481,0.272759260530449,0.19368512904207266,0.1759653092954527,0.18986586324015692,0.411865212794685,0.24826401173022777,2.792916845326159e-06,2.985026571652975e-08,-4.503385497727477e-06,-3.550051596355275e-07,-7.862234166290119e-08,2.985026571652975e-08,2.2662809277449834e-05,5.509201810786497e-07,1.5962939435630497e-06,-2.624520174253981e-07,-4.503385497727477e-06,5.509201810786497e-07,1.1427396322634181e-05,-1.042202773714864e-06,1.0214935249219446e-06,-3.550051596355275e-07,1.5962939435630497e-06,-1.042202773714864e-06,9.43210983959915e-06,2.3148634416048783e-07,-7.862234166290119e-08,-2.624520174253981e-07,1.0214935249219446e-06,2.3148634416048783e-07,1.0981167385581853e-05
602,1.0,0,5,broadband,nominal_with_nominal_kf,nominal,nominal_kf,none,0,learned,0.14151509171001098,0.4406009629854307,0.039219371813537365,0.02485435110349196,0.03450047037234409,0.029671512277337053,0.017850572379450858,0.5420642130746202,78.90210537898207,0,0,0,True,0.16165393533377537,0.27309798820905307,0.4276265606373071,0.32593765441539047,0.18923270572492853,0.8791553178410988,0.6907656805266982,7.960260832565692e-06,-6.081994433626789e-07,1.1545152296078708e-05,1.3803202908854158e-05,-2.623835282781589e-07,-6.081994433626789e-07,2.2719132111939915e-05,-1.7660179493560875e-07,1.4961504420377059e-06,-2.2223909905782395e-07,1.1545152296078708e-05,-1.7660179493560875e-07,5.5703704655572606e-05,2.8642779289211027e-05,-4.096749481941091e-07,1.3803202908854158e-05,1.4961504420377059e-06,2.8642779289211027e-05,3.2361139597962114e-05,-9.127845903626942e-07,-2.623835282781589e-07,-2.2223909905782395e-07,-4.096749481941091e-07,-9.127845903626942e-07,1.0908050338043636e-05
602,1.0,0,5,broadband,nominal_with_nominal_kf,nominal,nominal_kf,none,0,oracle,0.14151509171001098,0.4406009629854307,0.011915493215133684,0.024932495011390606,0.010856106389583394,0.009467244447005701,0.017831337216171108,0.5420642130746202,78.90210537898207,0,0,0,True,0.05122135760459882,0.27394508875221785,0.15437211892522917,0.1342275736293502,0.1890169110094702,0.3738349041536669,0.10015781140368964,7.992026318728203e-07,1.792959472038055e-07,-1.782939400764018e-06,2.0148637811802255e-06,5.3221100133402094e-08,1.792959472038055e-07,2.2860291972809192e-05,1.3983440760280627e-07,1.2711847164147988e-06,-3.1489571915627306e-07,-1.782939400764018e-06,1.3983440760280627e-07,7.259261912107562e-06,-4.845885204071944e-06,8.303779727859419e-07,2.0148637811802255e-06,1.2711847164147988e-06,-4.845885204071944e-06,5.488304700750373e-06,9.534710391198374e-08,5.3221100133402094e-08,-3.1489571915627306e-07,8.303779727859419e-07,9.534710391198374e-08,1.0883186164006954e-05
602,1.0,0,5,broadband,learned_with_learned_kf,learned,learned_kf,none,0,nominal,0.14337579388189436,0.4241774279480726,0.023193784188890763,0.024823395846951434,0.014933988601477773,0.013711728803792518,0.0178899243624524,0.46121710348067596,69.37427308761528,0,0,0,True,0.10560476260939751,0.189958505294199,0.012438092062944339,0.15544422683675324,0.20351347097962563,0.348946295292349,0.152966204551234,3.3972049206458083e-06,-1.897494331583999e-08,2.820996822464393e-07,2.1463470171927146e-07,9.27571644608301e-09,-1.897494331583999e-08,1.0991886174911638e-05,2.0731610497710956e-08,9.636425706323895e-07,-2.6138310700630947e-07,2.820996822464393e-07,2.0731610497710956e-08,4.712618341490826e-08,-1.399647067560092e-07,4.056706693881937e-08,2.1463470171927146e-07,9.636425706323895e-07,-1.399647067560092e-07,7.360442584982071e-06,2.2840420253808703e-07,9.27571644608301e-09,-2.6138310700630947e-07,4.056706693881937e-08,2.2840420253808703e-07,1.2616562920327831e-05
602,1.0,0,5,broadband,learned_with_learned_kf,learned,learned_kf,none,0,learned,0.14337579388189436,0.4241774279480726,0.039255857518800556,0.024852743475507273,0.03342614198751427,0.029711948031903107,0.017835055582751547,0.46121710348067596,69.37427308761528,0,0,0,True,0.17395524925364142,0.19018106712303276,0.023302025879610368,0.29724025790217456,0.20287430953524915,0.33939533960125323,0.30943128925055907,9.217853725300689e-06,4.884472643725055e-07,-4.3198722269428805e-07,-1.3529382462606455e-05,1.3632668519818625e-07,4.884472643725055e-07,1.1017658197208648e-05,4.349464905315908e-09,9.110987582317009e-07,-2.1796824966178966e-07,-4.3198722269428805e-07,4.349464905315908e-09,1.6540250998725185e-07,1.0437666296388998e-06,-1.534080392737251e-08,-1.3529382462606455e-05,9.110987582317009e-07,1.0437666296388998e-06,2.6913488490551745e-05,-7.709132745112493e-07,1.3632668519818625e-07,-2.1796824966178966e-07,-1.534080392737251e-08,-7.709132745112493e-07,1.2537439337308716e-05
602,1.0,0,5,broadband,learned_with_learned_kf,learned,learned_kf,none,0,oracle,0.14337579388189436,0.4241774279480726,0.011915493215133684,0.024932495011390603,0.010856106389583392,0.0094672444470057,0.017831337216171105,0.46121710348067596,69.37427308761528,0,0,0,True,0.06169318482021844,0.19077521404786418,0.011267072166597806,0.11680990537956933,0.2028304090002559,0.28734066125912233,0.10867157003331583,1.1593888421862029e-06,-1.4053545163669333e-07,1.531051588688105e-07,-2.1450565832313715e-06,-1.2919748210665954e-07,-1.4053545163669333e-07,1.1086606523372354e-05,5.334763283965213e-09,7.756090177719842e-07,-2.7814092816747097e-07,1.531051588688105e-07,5.334763283965213e-09,3.8670241760336805e-08,-2.9882828398915195e-07,3.548570803081449e-08,-2.1450565832313715e-06,7.756090177719842e-07,-2.9882828398915195e-07,4.1563688320315115e-06,1.1101608978788256e-07,-1.2919748210665954e-07,-2.7814092816747097e-07,3.548570803081449e-08,1.1101608978788256e-07,1.2532013901783732e-05
602,1.0,0,5,transient,nominal_with_nominal_kf,nominal,nominal_kf,none,0,nominal,0.12742495016106228,0.4485266614315834,0.034767341412837174,0.026356183788140506,0.022993949903549755,0.023321891947703306,0.01862831008649706,0.7183656384795238,85.08624870898178,0,0,0,True,0.14933764948860878,0.29250105979112173,0.33853410648610144,0.3490096055626367,0.19413350969716914,0.6737349894564602,0.6181409478026468,6.793496532228527e-06,-2.319019639486105e-07,-1.3517209240523477e-05,-8.711731815042947e-06,1.3830457981542173e-07,-2.319019639486105e-07,2.6062112978008373e-05,3.1779945051656654e-06,3.722607747992099e-06,1.1524266626267492e-06,-1.3517209240523477e-05,3.1779945051656654e-06,3.491078334667321e-05,2.218912262681943e-05,1.2118695178218761e-06,-8.711731815042947e-06,3.722607747992099e-06,2.218912262681943e-05,3.710474873869777e-05,1.8285557116072895e-06,1.3830457981542173e-07,1.1524266626267492e-06,1.2118695178218761e-06,1.8285557116072895e-06,1.148036636008275e-05
602,1.0,0,5,transient,nominal_with_nominal_kf,nominal,nominal_kf,none,0,learned,0.12742495016106228,0.4485266614315834,0.0761057807961714,0.026384715683954986,0.053167714904810245,0.05041665885158723,0.018543726808706876,0.7183656384795238,85.08624870898178,0,0,0,True,0.3300698940757749,0.2928852123500864,0.7464280844706129,0.6778599344558732,0.19327673001554768,1.698936963911234,1.379914950634497,3.318689053187787e-05,-2.625051814452362e-06,5.5820857920242474e-05,5.680184166556992e-05,-1.74072791714574e-07,-2.625051814452362e-06,2.6130614622774905e-05,4.21939955519346e-07,1.4584581397982572e-06,1.1971888147187822e-06,5.5820857920242474e-05,4.21939955519346e-07,0.00016971908357752362,0.00013517646189432442,5.521793921685651e-07,5.680184166556992e-05,1.4584581397982572e-06,0.00013517646189432442,0.00013996990432861719,7.991730954566513e-07,-1.74072791714574e-07,1.1971888147187822e-06,5.521793921685651e-07,7.991730954566513e-07,1.1379256155444342e-05
602,1.0,0,5,transient,nominal_with_nominal_kf,nominal,nominal_kf,none,0,oracle,0.12742495016106228,0.4485266614315834,0.012965545710831944,0.026258013632828484,0.010748878181074664,0.010072247280289924,0.01854455484738635,0.7183656384795238,85.08624870898178,0,0,0,True,0.05681946362283452,0.29147509769664504,0.16366066982093844,0.15273800146344133,0.19323866311038088,0.40857739693151873,0.10440208620634547,9.834425495049581e-07,5.986637567678656e-08,-2.2208352717014946e-06,2.559987195339895e-06,2.8506462110534424e-07,5.986637567678656e-08,2.5879605288616806e-05,6.27254668308968e-07,1.2602479987962093e-06,1.0382308786104626e-06,-2.2208352717014946e-06,6.27254668308968e-07,8.159121187925815e-06,-5.9726210065523565e-06,1.8194646424705052e-07,2.559987195339895e-06,1.2602479987962093e-06,-5.9726210065523565e-06,7.106388438344147e-06,8.549212602098136e-07,2.8506462110534424e-07,1.0382308786104626e-06,1.8194646424705052e-07,8.549212602098136e-07,1.1374774183848429e-05
602,1.0,0,5,transient,learned_with_learned_kf,learned,learned_kf,none,0,nominal,0.15004944687346936,0.5274527277567486,0.03488212367689859,0.02635177089620148,0.023069695006305523,0.023407577369777565,0.018632574273828504,0.6547775657113607,74.76368592012292,0,0,0,True,0.1741511629662819,0.20381191339650861,0.023193352523911828,0.30333339723156794,0.21305660156565337,0.566798577886232,0.31767220050763206,9.238628273763386e-06,3.2625286066654595e-07,1.022209412297627e-06,9.226792761717164e-06,-8.066926307199982e-08,3.2625286066654595e-07,1.2653593180175654e-05,1.783368984339086e-07,2.1877795260723443e-06,9.068123588691249e-07,1.022209412297627e-06,1.783368984339086e-07,1.6386333640926543e-07,1.27429775106726e-06,1.0341424307687034e-07,9.226792761717164e-06,2.1877795260723443e-06,1.27429775106726e-06,2.802819906684871e-05,1.8296564409314086e-06,-8.066926307199982e-08,9.068123588691249e-07,1.0341424307687034e-07,1.8296564409314086e-06,1.3827533710766452e-05
602,1.0,0,5,transient,learned_with_learned_kf,learned,learned_kf,none,0,learned,0.15004944687346936,0.5274527277567486,0.07618389399124247,0.026395612976189038,0.05252627700827822,0.05060768855567032,0.01854833002406958,0.6547775657113607,74.76368592012292,0,0,0,True,0.38864987085476294,0.20420366538017046,0.04475381954614296,0.6000198411868619,0.2120851250855055,0.5228624340458564,0.6379460244568779,4.6012071992879966e-05,2.353235766434908e-06,-3.4637371964426753e-06,-5.857294979538247e-05,4.817995178958108e-07,2.353235766434908e-06,1.2702283506472276e-05,6.193241789495878e-08,9.505200006514579e-07,9.521953135194854e-07,-3.4637371964426753e-06,6.193241789495878e-08,6.101195594316924e-07,6.846035243336636e-06,-7.617358610419354e-09,-5.857294979538247e-05,9.505200006514579e-07,6.846035243336636e-06,0.0001096695240085115,6.8966119523815e-07,4.817995178958108e-07,9.521953135194854e-07,-7.617358610419354e-09,6.8966119523815e-07,1.3701722089813068e-05
602,1.0,0,5,transient,learned_with_learned_kf,learned,learned_kf,none,0,oracle,0.15004944687346936,0.5274527277567486,0.012965545710831942,0.026258013632828484,0.010748878181074669,0.010072247280289928,0.01854455484738635,0.6547775657113607,74.76368592012292,0,0,0,True,0.07065259479026151,0.2031371239341663,0.01206105479054881,0.13177194869208977,0.21204519233375346,0.31975839276353396,0.12259696674203885,1.5205859311741095e-06,-7.085625771643295e-08,2.051062579631755e-07,-2.775075800142978e-06,-4.2666674161665505e-07,-7.085625771643295e-08,1.256994373734449e-05,2.8749068078444175e-08,7.459642226074984e-07,8.379079160049248e-07,2.051062579631755e-07,2.8749068078444175e-08,4.4312404434120826e-08,-3.776188702714539e-07,-3.2061288901112043e-09,-2.775075800142978e-06,7.459642226074984e-07,-3.776188702714539e-07,5.289330106860741e-06,8.481983012820896e-07,-4.2666674161665505e-07,8.379079160049248e-07,-3.2061288901112043e-09,8.481983012820896e-07,1.369656287879961e-05
602,1.0,0,8,broadband,nominal_with_nominal_kf,nominal,nominal_kf,none,0,nominal,0.14790777403345065,0.4411604039855778,0.030173231609801437,0.025340604315712535,0.01903207437274299,0.018734254374252277,0.017771372984307744,0.5298009536887481,77.18805050605262,0,0,0,True,0.12484479800831096,0.2782651180535752,0.23393724491165482,0.22311939455474672,0.1879170405865101,0.6322428287933771,0.3705060301403178,4.7478352141241e-06,1.8762355216220863e-06,4.372542539829042e-06,8.01453386134471e-06,-1.0415638401937581e-07,1.8762355216220863e-06,2.3586976406662894e-05,2.5342533615917124e-06,3.995357473208579e-06,-5.243948634476649e-07,4.372542539829042e-06,2.5342533615917124e-06,1.6670686212319465e-05,4.990519709895249e-06,2.750211441969121e-07,8.01453386134471e-06,3.995357473208579e-06,4.990519709895249e-06,1.516454487980951e-05,-1.0870799551436523e-08,-1.0415638401937581e-07,-5.243948634476649e-07,2.750211441969121e-07,-1.0870799551436523e-08,1.0756898329584917e-05
602,1.0,0,8,broadband,nominal_with_nominal_kf,nominal,nominal_kf,none,0,learned,0.14790777403345065,0.4411604039855778,0.01947658920042074,0.02535641443603723,0.02962210593602065,0.02417338047932793,0.017732598945338855,0.5298009536887481,77.18805050605262,0,0,0,True,0.08214261626480465,0.27843845497930286,0.374681363366375,0.26842088159211874,0.1875216352232108,0.6245146671367449,0.5687522816383284,2.055378443752191e-06,-1.9662970753505603e-08,-4.0105922782980365e-06,-8.761180312474567e-07,1.7771358414185885e-07,-1.9662970753505603e-08,2.361637116090747e-05,-3.4300134111707307e-06,-1.3421354648103426e-06,-5.002176429742493e-07,-4.0105922782980365e-06,-3.4300134111707307e-06,4.2764058883212324e-05,1.691285630351471e-05,1.1389283555365963e-06,-8.761180312474567e-07,-1.3421354648103426e-06,1.691285630351471e-05,2.1947614934530774e-05,8.049161292902801e-07,1.7771358414185885e-07,-5.002176429742493e-07,1.1389283555365963e-06,8.049161292902801e-07,1.0711677731664295e-05
602,1.0,0,8,broadband,nominal_with_nominal_kf,nominal,nominal_kf,none,0,oracle,0.14790777403345065,0.4411604039855778,0.01169895009526388,0.025137575797847124,0.011212937901195806,0.010414546367951215,0.017747021539482967,0.5298009536887481,77.18805050605262,0,0,0,True,0.05028945152138066,0.27607885742561117,0.15601998541354098,0.14312174067848388,0.18766914586495012,0.37882147678908945,0.11468101689112661,7.703862685388823e-07,4.0581281155889244e-07,-1.6698220229279165e-06,2.11896304614412e-06,1.0417062438886371e-07,4.0581281155889244e-07,2.321779824666121e-05,-3.2880007688811753e-07,1.5056288026613833e-06,-5.081701700005666e-07,-1.6698220229279165e-06,-3.2880007688811753e-07,7.4150690759917825e-06,-4.824276775872655e-06,6.088622994272568e-07,2.11896304614412e-06,1.5056288026613833e-06,-4.824276775872655e-06,6.239732250659837e-06,2.590399519925616e-07,1.0417062438886371e-07,-5.081701700005666e-07,6.088622994272568e-07,2.590399519925616e-07,1.07285366709352e-05
602,1.0,0,8,broadband,learned_with_learned_kf,learned,learned_kf,none,0,nominal,0.1506048942508233,0.4317097909386849,0.030332819088360795,0.02534500939043374,0.01910165391461698,0.018811465893134423,0.017764361418122144,0.4491053798405904,67.04420063184178,0,0,0,True,0.13636103456990936,0.19380899167045026,0.013395056340932462,0.20096793096479537,0.20203405373440447,0.3004347424270911,0.20358431057220416,5.66415736003115e-06,-1.4321179783913718e-06,-1.581786926710605e-07,-8.078655366904935e-06,5.412032843304594e-08,-1.4321179783913718e-06,1.1442016752581916e-05,8.61301824523456e-08,2.517727190667891e-06,-3.8055173265026665e-07,-1.581786926710605e-07,8.61301824523456e-08,5.4656752560538053e-08,1.3388464118650126e-07,3.664386200878544e-08,-8.078655366904935e-06,2.517727190667891e-06,1.3388464118650126e-07,1.230292163780123e-05,1.976283222497818e-08,5.412032843304594e-08,-3.8055173265026665e-07,3.664386200878544e-08,1.976283222497818e-08,1.2433800387954718e-05
602,1.0,0,8,broadband,learned_with_learned_kf,learned,learned_kf,none,0,learned,0.1506048942508233,0.4317097909386849,0.01873949561887747,0.02534948042442065,0.028323319499075444,0.02413466362584019,0.017731452759739804,0.4491053798405904,67.04420063184178,0,0,0,True,0.08996800072853402,0.19383347493265632,0.020420300099020475,0.243272593034592,0.20166626875107166,0.39061892609985,0.2518843566969142,2.4656468557947507e-06,6.455872427434147e-08,2.8788767056139484e-07,9.355746067746114e-07,-2.3790479311219304e-07,6.455872427434147e-08,1.1444907801014305e-05,-1.0815409416779617e-07,-9.347131311175706e-07,-3.6413978859381557e-07,2.8788767056139484e-07,-1.0815409416779617e-07,1.270220085118831e-07,5.859599319186572e-07,6.567213437711172e-08,9.355746067746114e-07,-9.347131311175706e-07,5.859599319186572e-07,1.8027732437389282e-05,7.180600482350255e-07,-2.3790479311219304e-07,-3.6413978859381557e-07,6.567213437711172e-08,7.180600482350255e-07,1.2388572342024977e-05
602,1.0,0,8,broadband,learned_with_learned_kf,learned,learned_kf,none,0,oracle,0.1506048942508233,0.4317097909386849,0.011698950095263883,0.02513757579784713,0.011212937901195806,0.010414546367951217,0.017747021539482967,0.4491053798405904,67.04420063184178,0,0,0,True,0.05995726507618185,0.19225542231545817,0.010858692017586323,0.1252596321556166,0.20184002223914965,0.2895911755242053,0.11817509157817992,1.0950611312795455e-06,-3.401979030211463e-07,1.3290640442584618e-07,-2.2347879329375744e-06,-1.307467871004992e-07,-3.401979030211463e-07,1.1259313973717317e-05,-8.764906665321552e-09,9.170327583758629e-07,-3.6663801558363964e-07,1.3290640442584618e-07,-8.764906665321552e-09,3.591780317238972e-08,-2.806340329175044e-07,4.458144601464239e-08,-2.2347879329375744e-06,9.170327583758629e-07,-2.806340329175044e-07,4.779439837413576e-06,2.5049075868425917e-07,-1.307467871004992e-07,-3.6663801558363964e-07,4.458144601464239e-08,2.5049075868425917e-07,1.2409929259870805e-05
602,1.0,0,8,transient,nominal_with_nominal_kf,nominal,nominal_kf,none,0,nominal,0.13810748006029042,0.4335332128133492,0.05167085830215898,0.026043577359743438,0.034464591320095835,0.0339935424249142,0.01833321795615148,0.6800268141026659,78.84671955593254,0,0,0,True,0.22410950567400126,0.2888760615218889,0.49192049974985963,0.47158479970400896,0.1887511605829121,1.223431013801364,0.9213125961157136,1.5299431394503528e-05,2.379317965670559e-06,2.8371437116344565e-05,3.125573043952482e-05,-1.4036768667906068e-07,2.379317965670559e-06,2.5420134489535025e-05,4.864156438221457e-06,5.197165852056807e-06,6.716857048092943e-07,2.8371437116344565e-05,4.864156438221457e-06,7.371308334202714e-05,5.85533926443877e-05,8.153920665341375e-07,3.125573043952482e-05,5.197165852056807e-06,5.85533926443877e-05,6.774454524589143e-05,-5.096547003020332e-07,-1.4036768667906068e-07,6.716857048092943e-07,8.153920665341375e-07,-5.096547003020332e-07,1.0852605004029196e-05
602,1.0,0,8,transient,nominal_with_nominal_kf,nominal,nominal_kf,none,0,learned,0.13810748006029042,0.4335332128133492,0.02079256211937552,0.025880621804475496,0.041255299979067406,0.03693544352208934,0.018305180308651837,0.6800268141026659,78.84671955593254,0,0,0,True,0.08990838293985902,0.2871082580914194,0.5819696006031134,0.5029293976523234,0.18845128094538172,1.0478518419738236,1.0338734074597482,2.462380189690877e-06,-3.328111144468297e-07,-6.752021314465515e-06,-3.7812698395152396e-06,2.8953363789300096e-08,-3.328111144468297e-07,2.510996479094607e-05,-3.801295315714898e-06,-2.747594139212267e-06,6.833783918467208e-07,-6.752021314465515e-06,-3.801295315714898e-06,0.00010317045232501627,7.269201663412881e-05,1.7929415587020211e-06,-3.7812698395152396e-06,-2.747594139212267e-06,7.269201663412881e-05,7.70493145360292e-05,1.465426278357884e-07,2.8953363789300096e-08,6.833783918467208e-07,1.7929415587020211e-06,1.465426278357884e-07,1.0818148103627295e-05
602,1.0,0,8,transient,nominal_with_nominal_kf,nominal,nominal_kf,none,0,oracle,0.13810748006029042,0.4335332128133492,0.011266341362588162,0.02590185055432306,0.010990548345179166,0.009830978252052924,0.018311743212395176,0.6800268141026659,78.84671955593254,0,0,0,True,0.04933207285481666,0.28737766342249965,0.1659159433260855,0.1488950048252293,0.18850520596156498,0.40748787577746276,0.122054800455757,7.413332230651474e-07,3.859469303160906e-07,-1.7191253979485692e-06,2.147213425483701e-06,-6.25967256887804e-08,3.859469303160906e-07,2.515711029798637e-05,6.72190848732841e-07,1.5829846910448754e-06,6.705481871625966e-07,-1.7191253979485692e-06,6.72190848732841e-07,8.385538869719299e-06,-5.300411399117508e-06,1.1591412239704698e-06,2.147213425483701e-06,1.5829846910448754e-06,-5.300411399117508e-06,6.753283653732954e-06,-1.7638666526151365e-07,-6.25967256887804e-08,6.705481871625966e-07,1.1591412239704698e-06,-1.7638666526151365e-07,1.0824340179092472e-05
602,1.0,0,8,transient,learned_with_learned_kf,learned,learned_kf,none,0,nominal,0.15615905996345397,0.48887137920588947,0.05184653489797812,0.0260341345016198,0.03458829176081646,0.03409822541840682,0.018329219842356248,0.6194987414802894,69.29620877628435,0,0,0,True,0.26402558634612244,0.2012744039675451,0.0313765511168638,0.4146654533531778,0.20997106445561994,0.3613562917198287,0.4396350663410114,2.123473114555306e-05,-1.823626683076306e-06,-1.975504307962216e-06,-3.289854665274442e-05,2.335930391707573e-07,-1.823626683076306e-06,1.234047378163065e-05,1.863050290813834e-07,3.1993516132910366e-06,4.7444705757746205e-07,-1.975504307962216e-06,1.863050290813834e-07,2.9989218218298045e-07,3.099035279983407e-06,4.580113326008304e-08,-3.289854665274442e-05,3.1993516132910366e-06,3.099035279983407e-06,5.237818496481868e-05,-4.942367741112701e-07,2.335930391707573e-07,4.7444705757746205e-07,4.580113326008304e-08,-4.942367741112701e-07,1.3429926473874521e-05
602,1.0,0,8,transient,learned_with_learned_kf,learned,learned_kf,none,0,learned,0.15615905996345397,0.48887137920588947,0.019741374092742056,0.025900008062701436,0.04026398606464302,0.036997410476758336,0.018302833889140953,0.6194987414802894,69.29620877628435,0,0,0,True,0.10109104404594241,0.2002779006830275,0.03511160785593555,0.4429821167260504,0.20966899453201548,0.585158859123102,0.4705131682082507,3.1130070119006897e-06,2.51577722598234e-07,5.462692171498912e-07,4.235912714035981e-06,-7.246675058804402e-08,2.51577722598234e-07,1.2218581672311294e-05,-9.789474482831486e-08,-1.5846303989875953e-06,4.835285010631143e-07,5.462692171498912e-07,-9.789474482831486e-08,3.755399724460093e-07,3.6427157380085635e-06,1.4988510291014913e-07,4.235912714035981e-06,-1.5846303989875953e-06,3.6427157380085635e-06,5.97760375778456e-05,1.60024265897812e-07,-7.246675058804402e-08,4.835285010631143e-07,1.4988510291014913e-07,1.60024265897812e-07,1.3391312974616697e-05
602,1.0,0,8,transient,learned_with_learned_kf,learned,learned_kf,none,0,oracle,0.15615905996345397,0.48887137920588947,0.011266341362588165,0.025901850554323064,0.010990548345179166,0.009830978252052924,0.018311743212395176,0.6194987414802894,69.29620877628435,0,0,0,True,0.061372348549974996,0.20031306989601277,0.012294055062646716,0.12845298926180812,0.20977325182767742,0.30944654768305374,0.12026679933829414,1.1473613624897928e-06,-3.074465617240225e-07,1.565596789316318e-07,-2.3274427669218732e-06,7.250953055883395e-08,-3.074465617240225e-07,1.2222873265436858e-05,4.28645913626768e-08,9.710120709733642e-07,4.716158423292204e-07,1.565596789316318e-07,4.28645913626768e-08,4.604103129106249e-08,-3.331313187407869e-07,8.113386235294601e-08,-2.3274427669218732e-06,9.710120709733642e-07,-3.331313187407869e-07,5.026239348609511e-06,-1.6659897001894677e-07,7.250953055883395e-08,4.716158423292204e-07,8.113386235294601e-08,-1.6659897001894677e-07,1.3404633868275767e-05
602,1.0,0,11,broadband,nominal_with_nominal_kf,nominal,nominal_kf,none,2,nominal,0.22700483791611512,0.6898863241941257,0.061733971807497214,0.0249940481889341,0.0198948739965733,0.018537936859393297,0.017867531302642577,0.5411300976675993,66.3796502433337,0,0,0,True,0.2532843179668688,0.27488350832199604,0.24303128606037264,0.223203629225859,0.18976926991078102,0.6169015781948882,0.3783160114842471,1.9542104799362416e-05,3.120480054706135e-07,-6.814854781249271e-07,2.1778407514957174e-06,-1.2227187932261365e-06,3.120480054706135e-07,2.3017179538213872e-05,3.1796791979039168e-06,3.868453806029464e-06,5.5381715750985464e-08,-6.814854781249271e-07,3.1796791979039168e-06,1.7991986034737436e-05,5.214888542157392e-06,1.235657908110288e-06,2.1778407514957174e-06,3.868453806029464e-06,5.214888542157392e-06,1.5175997237673346e-05,4.753757020213658e-07,-1.2227187932261365e-06,5.5381715750985464e-08,1.235657908110288e-06,4.753757020213658e-07,1.0969996997337972e-05
602,1.0,0,11,broadband,nominal_with_nominal_kf,nominal,nominal_kf,none,2,learned,0.22700483791611512,0.6898863241941257,0.014385382916120936,0.024728002356972128,0.01350244874590406,0.011837681189604748,0.017800649432702927,0.5411300976675993,66.3796502433337,0,0,0,True,0.061398353680393716,0.27207482347644235,0.17274093345756855,0.14929620899226864,0.1890996112891096,0.41661476954213766,0.20098859697236127,1.1483339048156862e-06,4.746874110236638e-09,-1.6030964758171799e-06,2.3962795207833234e-06,-1.1100821978283137e-07,4.746874110236638e-09,2.2549216029593842e-05,1.0253679859282678e-06,1.704917233682452e-06,7.764910123858576e-08,-1.6030964758171799e-06,1.0253679859282678e-06,9.089610202467586e-06,-1.7869424430556248e-06,-9.1032355087099e-08,2.3962795207833234e-06,1.704917233682452e-06,-1.7869424430556248e-06,6.789726728591048e-06,-4.157827022423905e-07,-1.1100821978283137e-07,7.764910123858576e-08,-9.1032355087099e-08,-4.157827022423905e-07,1.0892711654942555e-05
602,1.0,0,11,broadband,nominal_with_nominal_kf,nominal,nominal_kf,none,2,oracle,0.22700483791611512,0.6898863241941257,0.013163211827123567,0.024660641630500156,0.009366067630070694,0.009382903783899764,0.017796525440054705,0.5411300976675993,66.3796502433337,0,0,0,True,0.056464419039179294,0.271341451637346,0.13228496594779843,0.13131963565358945,0.18906982544930848,0.37417315501748716,0.07033395646186384,9.711905843671308e-07,1.5885783582074937e-07,-1.957422721897099e-06,2.161469359090956e-06,-6.863261179177155e-09,1.5885783582074937e-07,2.2427818008941895e-05,1.0109088602667695e-06,1.695382332536403e-06,5.530208202545058e-08,-1.957422721897099e-06,1.0109088602667695e-06,5.33059533522213e-06,-4.538387330144484e-06,3.436611348960094e-07,2.161469359090956e-06,1.695382332536403e-06,-4.538387330144484e-06,5.253080708866605e-06,-3.4826129298594667e-08,-6.863261179177155e-09,5.530208202545058e-08,3.436611348960094e-07,-3.4826129298594667e-08,1.0889280415612724e-05
602,1.0,0,11,broadband,learned_with_learned_kf,learned,learned_kf,none,2,nominal,0.2196551289331855,0.6481973894462423,0.06268911457225682,0.024966022683244177,0.02014072512927659,0.018548130412047625,0.017954589770241575,0.7120114090309884,93.1201533297106,0,0,0,True,0.13661638077893978,0.3688709213380675,0.4317370748703298,0.5350010282209234,0.20020934389847617,0.9960666883874907,0.7969056085249293,5.685390335945189e-06,1.8858007426878832e-07,-2.1169298798197355e-07,2.64204760990115e-06,-6.761721691302838e-07,1.8858007426878832e-07,4.144799969949735e-05,7.0981357069798185e-06,1.1958312392772825e-05,-3.43809437837819e-09,-2.1169298798197355e-07,7.0981357069798185e-06,5.677974328791034e-05,2.4740348586640293e-05,2.5427622547753906e-06,2.64204760990115e-06,1.1958312392772825e-05,2.4740348586640293e-05,8.718945611775772e-05,1.1776238929970154e-06,-6.761721691302838e-07,-3.43809437837819e-09,2.5427622547753906e-06,1.1776238929970154e-06,1.2210218060567263e-05
602,1.0,0,11,broadband,learned_with_learned_kf,learned,learned_kf,none,2,learned,0.2196551289331855,0.6481973894462423,0.014392650102730609,0.02473081412169159,0.013587224585395697,0.011906372353227392,0.017811554030388026,0.7120114090309884,93.1201533297106,0,0,0,True,0.03026128046196238,0.36549933813216945,0.29968774093960726,0.3547424756024351,0.19867943903471857,0.635376169131021,0.4224589423347089,2.7895190808141033e-07,-1.3755309781054168e-08,-1.2327277411352976e-06,2.779897340820169e-06,-6.047861220116548e-08,-1.3755309781054168e-08,4.069376988215465e-05,2.329613643721568e-06,5.168902230818808e-06,1.0598276533926398e-07,-1.2327277411352976e-06,2.329613643721568e-06,2.7358525753175738e-05,-5.663356918286616e-06,-2.0473819319092777e-07,2.779897340820169e-06,5.168902230818808e-06,-5.663356918286616e-06,3.833373357404834e-05,-1.0665263246610712e-06,-6.047861220116548e-08,1.0598276533926398e-07,-2.0473819319092777e-07,-1.0665263246610712e-06,1.202432165851307e-05
602,1.0,0,11,broadband,learned_with_learned_kf,learned,learned_kf,none,2,oracle,0.2196551289331855,0.6481973894462423,0.013163211827123565,0.02466064163050016,0.009366067630070694,0.009382903783899766,0.017796525440054705,0.7120114090309884,93.1201533297106,0,0,0,True,0.0275278669503464,0.3644714951882711,0.22506766419494917,0.3051369844467768,0.19852911416684899,0.5086501329034406,0.1614808935372976,2.3083404198766178e-07,8.688268499851782e-08,-1.601864078730079e-06,2.4248282296634486e-06,-6.656883618423411e-10,8.688268499851782e-08,4.0465216842382036e-05,2.3395782866539376e-06,5.190083307366443e-06,9.029302394523996e-08,-1.601864078730079e-06,2.3395782866539376e-06,1.5430533532990513e-05,-1.7924900408063654e-05,6.137041240299009e-07,2.4248282296634486e-06,5.190083307366443e-06,-1.7924900408063654e-05,2.836249517944895e-05,-5.948118194843406e-08,-6.656883618423411e-10,9.029302394523996e-08,6.137041240299009e-07,-5.948118194843406e-08,1.2006132853901892e-05
602,1.0,0,11,transient,nominal_with_nominal_kf,nominal,nominal_kf,none,2,nominal,0.18771053992760195,0.6002776838096667,0.11416775250070064,0.025953023975989406,0.023617894874843576,0.021340934480574666,0.01906693876009118,0.7105448997047548,66.01508515821406,0,0,0,True,0.4929405590490026,0.2875283171068236,0.33457315096329593,0.295220559921046,0.19718035272936732,1.0445955991297116,0.5560905713013466,7.401910708338733e-05,4.948883986523108e-06,2.3576487642059778e-05,2.586183206521445e-05,-8.082851826812619e-07,4.948883986523108e-06,2.518349373181465e-05,3.017008560020652e-06,4.93773596603783e-06,7.429647405108398e-07,2.3576487642059778e-05,3.017008560020652e-06,3.4098628249914275e-05,1.6775639407463e-05,1.1737047543779704e-06,2.586183206521445e-05,4.93773596603783e-06,1.6775639407463e-05,2.6548985748057945e-05,1.2335691707317878e-07,-8.082851826812619e-07,7.429647405108398e-07,1.1737047543779704e-06,1.2335691707317878e-07,1.1843553154555894e-05
602,1.0,0,11,transient,nominal_with_nominal_kf,nominal,nominal_kf,none,2,learned,0.18771053992760195,0.6002776838096667,0.02267557623723712,0.026006820727451974,0.017467046300162447,0.01596599324175591,0.01902127207107042,0.7105448997047548,66.01508515821406,0,0,0,True,0.09940155120626265,0.28817194592935813,0.24184661171532154,0.210923034956069,0.1966988329487092,0.5676122387340371,0.3641455355378619,3.0098237083573047e-06,-2.800476617811908e-07,2.8369995448342576e-07,4.817942257748186e-06,-4.0128752699214424e-07,-2.800476617811908e-07,2.5296365842723503e-05,7.912451686032737e-08,1.971692390136224e-06,1.0452008350070388e-06,2.8369995448342576e-07,7.912451686032737e-08,1.7817006963560993e-05,4.51194155555195e-06,9.739799843132037e-07,4.817942257748186e-06,1.971692390136224e-06,4.51194155555195e-06,1.3551980205874756e-05,3.386523439008258e-07,-4.0128752699214424e-07,1.0452008350070388e-06,9.739799843132037e-07,3.386523439008258e-07,1.1785779226132482e-05
602,1.0,0,11,transient,nominal_with_nominal_kf,nominal,nominal_kf,none,2,oracle,0.18771053992760195,0.6002776838096667,0.013415810349024459,0.02585303576207134,0.00962669816817513,0.00938311252857088,0.019023428978108846,0.7105448997047548,66.01508515821406,0,0,0,True,0.05860880015323377,0.2864461516879586,0.1453176093594728,0.14037696602801877,0.1967171398789853,0.4180307945165997,0.08657395838086797,1.046358234133855e-06,4.689345986268036e-07,-2.0795276643337235e-06,2.3945151954465256e-06,1.6038830198235925e-07,4.689345986268036e-07,2.4994285092858878e-05,7.840514598536538e-07,2.6992649476161167e-06,9.395408885561841e-07,-2.0795276643337235e-06,7.840514598536538e-07,6.4326692891515775e-06,-5.076121823532536e-06,9.240577221341817e-07,2.3945151954465256e-06,2.6992649476161167e-06,-5.076121823532536e-06,6.002697232251011e-06,2.6881311283760854e-07,1.6038830198235925e-07,9.395408885561841e-07,9.240577221341817e-07,2.6881311283760854e-07,1.1787973153527567e-05
602,1.0,0,11,transient,learned_with_learned_kf,learned,learned_kf,none,2,nominal,0.20860045369895802,0.6751263065850424,0.1154708474669137,0.025965761695132705,0.024354780130394722,0.02175637520125292,0.01912662078029524,0.8524717940073625,91.64170972708816,0,0,0,True,0.2437246770836491,0.3857544006061187,0.589414656836687,0.7063272239622572,0.20702301317805138,1.4501778245257428,1.154222223983255,1.8094798134930044e-05,3.243487323290445e-06,1.9947285150857452e-05,2.9654918951364427e-05,-3.229385404638518e-07,3.243487323290445e-06,4.532903915774793e-05,7.139437396705798e-06,1.592144241109228e-05,9.163731546848646e-07,1.9947285150857452e-05,7.139437396705798e-06,0.00010582702744335395,7.401002458323114e-05,2.356492869523266e-06,2.9654918951364427e-05,1.592144241109228e-05,7.401002458323114e-05,0.00015197306637001112,3.01395658236724e-07,-3.229385404638518e-07,9.163731546848646e-07,2.356492869523266e-06,3.01395658236724e-07,1.3055454210744508e-05
602,1.0,0,11,transient,learned_with_learned_kf,learned,learned_kf,none,2,learned,0.20860045369895802,0.6751263065850424,0.022876691288170846,0.02600877412490737,0.017572233410067365,0.016056948586431505,0.019024270974447578,0.8524717940073625,91.64170972708816,0,0,0,True,0.046842400292031454,0.38644871452376856,0.41627177946793653,0.5001165607946468,0.20588675989815386,0.9242447564582936,0.7472381155806613,6.683947303535156e-07,-1.7589640651753014e-07,5.137429439056643e-07,5.547161866810046e-06,-1.6076146210691022e-07,-1.7589640651753014e-07,4.5492360204719016e-05,-2.746808840551967e-08,5.843676728397306e-06,1.4314475514025338e-06,5.137429439056643e-07,-2.746808840551967e-08,5.278477494744169e-05,2.0556502306873336e-05,1.730129777131593e-06,5.547161866810046e-06,5.843676728397306e-06,2.0556502306873336e-05,7.61898655338506e-05,8.239196238958279e-07,-1.6076146210691022e-07,1.4314475514025338e-06,1.730129777131593e-06,8.239196238958279e-07,1.2912536830327629e-05
602,1.0,0,11,transient,learned_with_learned_kf,learned,learned_kf,none,2,oracle,0.20860045369895802,0.6751263065850424,0.013415810349024457,0.025853035762071336,0.009626698168175135,0.009383112528570877,0.019023428978108842,0.8524717940073625,91.64170972708816,0,0,0,True,0.027619209022902918,0.38411168659338685,0.24518616196540904,0.323154007157611,0.20586575301566007,0.5694422154091492,0.1873713307516067,2.3236847554168796e-07,2.898471113798887e-07,-1.637741090310797e-06,2.5777541543200184e-06,8.145345400940671e-08,2.898471113798887e-07,4.49437987035356e-05,1.7665080060953517e-06,8.328115841042012e-06,1.3108933415206912e-06,-1.637741090310797e-06,1.7665080060953517e-06,1.831245818660998e-05,-1.9714344523133083e-05,1.6261284762478594e-06,2.5777541543200184e-06,8.328115841042012e-06,-1.9714344523133083e-05,3.181074398179098e-05,6.550475714870647e-07,8.145345400940671e-08,1.3108933415206912e-06,1.6261284762478594e-06,6.550475714870647e-07,1.2909902000327599e-05
602,1.0,0,14,broadband,nominal_with_nominal_kf,nominal,nominal_kf,none,2,nominal,0.21141899283979695,0.633356364473328,0.049138679343074164,0.02677135239100423,0.025592195636521587,0.024290030212910464,0.01907812186698579,0.5640194498692037,69.40974219132535,0,0,0,True,0.2017161389400474,0.2937340666000157,0.3034016460923027,0.27578999256665254,0.20306477163054804,0.8490113943423608,0.511360642311557,1.239470025660665e-05,3.6803371536703115e-06,1.1835530487918273e-05,1.4933869680463059e-05,-1.9750827875091734e-07,3.6803371536703115e-06,2.6282300167073153e-05,6.246462687812854e-06,5.956815889402552e-06,7.781931402001536e-07,1.1835530487918273e-05,6.246462687812854e-06,2.8040812962113825e-05,1.4222134615634729e-05,6.699759152891609e-07,1.4933869680463059e-05,5.956815889402552e-06,1.4222134615634729e-05,2.316923750304131e-05,4.373849204546333e-07,-1.9750827875091734e-07,7.781931402001536e-07,6.699759152891609e-07,4.373849204546333e-07,1.2560991140162473e-05
602,1.0,0,14,broadband,nominal_with_nominal_kf,nominal,nominal_kf,none,2,learned,0.21141899283979695,0.633356364473328,0.016422599575421023,0.026272705175501662,0.022182589611181514,0.022358110580647645,0.01901360315964117,0.5640194498692037,69.40974219132535,0,0,0,True,0.06926392803251462,0.28843232926326273,0.26133192361885044,0.2484174698390623,0.20236389343974268,0.5938688542539059,0.4444513727168306,1.4613995511724907e-06,-3.196925407674974e-07,-3.742457640331735e-06,5.761980065741581e-07,3.010119927898423e-07,-3.196925407674974e-07,2.534210053661362e-05,3.481241733599861e-06,3.596401384072305e-06,7.359533429047453e-07,-3.742457640331735e-06,3.481241733599861e-06,2.0803656085923054e-05,1.028562179521545e-05,-3.013442419338483e-07,5.761980065741581e-07,3.596401384072305e-06,1.028562179521545e-05,1.8798318493876633e-05,-3.366185736668443e-07,3.010119927898423e-07,7.359533429047453e-07,-3.013442419338483e-07,-3.366185736668443e-07,1.2474432239338464e-05
602,1.0,0,14,broadband,nominal_with_nominal_kf,nominal,nominal_kf,none,2,oracle,0.21141899283979695,0.633356364473328,0.013508801519630317,0.02606247081060754,0.00941089067021706,0.010253691997448203,0.019009161151739513,0.5640194498692037,69.40974219132535,0,0,0,True,0.05760539245266323,0.2861613293062298,0.13027351385367214,0.13625213098521863,0.20231376389586983,0.4065104126934736,0.07924522328648753,1.0108367310832937e-06,1.0409905187290933e-07,-1.8577629888379102e-06,2.3038947888930152e-06,2.091841146880114e-07,1.0409905187290933e-07,2.494460460331921e-05,1.1534806005731088e-06,1.5318880719656554e-06,8.098504766364853e-07,-1.8577629888379102e-06,1.1534806005731088e-06,5.169719624711398e-06,-4.455947606529726e-06,4.068231571441079e-07,2.3038947888930152e-06,1.5318880719656554e-06,-4.455947606529726e-06,5.6551137102396445e-06,3.393499666887112e-07,2.091841146880114e-07,8.098504766364853e-07,4.068231571441079e-07,3.393499666887112e-07,1.2468252677032667e-05
602,1.0,0,14,broadband,learned_with_learned_kf,learned,learned_kf,none,2,nominal,0.1998972074795453,0.6076288260092472,0.049964196460784,0.026781404097934454,0.026123496548826026,0.024616608401489746,0.019141126314906214,0.735423170658087,96.58291379676218,0,0,0,True,0.10883148971359255,0.3949551730864492,0.5432464662846578,0.6774732086702708,0.21395775972329256,1.370995268991997,1.091171725478251,3.6079780195494707e-06,2.7117342758206256e-06,1.1852607257771597e-05,1.975386585164238e-05,-1.0400090268778473e-07,2.7117342758206256e-06,4.751714603792849e-05,1.503005173747924e-05,1.975517326363324e-05,1.0271299253284954e-06,1.1852607257771597e-05,1.503005173747924e-05,8.989769473600295e-05,6.649327074758181e-05,1.2865935363318814e-06,1.975386585164238e-05,1.975517326363324e-05,6.649327074758181e-05,0.00013981024146134918,1.0883877571179834e-06,-1.0400090268778473e-07,1.0271299253284954e-06,1.2865935363318814e-06,1.0883877571179834e-06,1.3944752770947462e-05
602,1.0,0,14,broadband,learned_with_learned_kf,learned,learned_kf,none,2,learned,0.1998972074795453,0.6076288260092472,0.01642093811872323,0.026277688533521654,0.02246003798568478,0.022611501233783755,0.01901722510910794,0.735423170658087,96.58291379676218,0,0,0,True,0.03499208044317759,0.38769771059204505,0.46322272622541216,0.6098741903671062,0.21256802803994937,1.0994482566275354,0.9498852893432822,3.7298748789657707e-07,-2.3594744115758744e-07,-3.3305936648040484e-06,3.829325637352126e-07,1.772552859296106e-07,-2.3594744115758744e-07,4.578689656725423e-05,8.353171052242943e-06,1.1760678990021342e-05,1.0380602083572928e-06,-3.3305936648040484e-06,8.353171052242943e-06,6.53633724361888e-05,4.809303490320176e-05,-6.055041302040832e-07,3.829325637352126e-07,1.1760678990021342e-05,4.809303490320176e-05,0.00011330139168111536,-8.187986461684492e-07,1.772552859296106e-07,1.0380602083572928e-06,-6.055041302040832e-07,-8.187986461684492e-07,1.376418884550746e-05
602,1.0,0,14,broadband,learned_with_learned_kf,learned,learned_kf,none,2,oracle,0.1998972074795453,0.6076288260092472,0.013508801519630317,0.02606247081060754,0.009410890670217062,0.010253691997448197,0.019009161151739513,0.735423170658087,96.58291379676218,0,0,0,True,0.028505130023123975,0.3845615333095854,0.22235065368840617,0.3196399548830268,0.21247469154733642,0.5513050250210265,0.1864782721706237,2.4751458081963833e-07,5.5683721798550334e-08,-1.5432646411015017e-06,2.6545809150010934e-06,1.2335843475573058e-07,5.5683721798550334e-08,4.504913087574913e-05,2.6701419130095765e-06,4.732195315589017e-06,1.150296112521336e-06,-1.5432646411015017e-06,2.6701419130095765e-06,1.5060228330399282e-05,-1.7795044164138057e-05,7.113936323956253e-07,2.6545809150010934e-06,4.732195315589017e-06,-1.7795044164138057e-05,3.112267062516736e-05,9.171220052680397e-07,1.2335843475573058e-07,1.150296112521336e-06,7.113936323956253e-07,9.171220052680397e-07,1.3752104064248031e-05
602,1.0,0,14,transient,nominal_with_nominal_kf,nominal,nominal_kf,none,2,nominal,0.18981402610711093,0.5919782848170678,0.08760734847540676,0.027277880696552875,0.045414065551674224,0.0444137695855811,0.017962359144738087,0.7734059960196309,68.6437748264116,0,0,0,True,0.3792318903980212,0.30254431036983637,0.6318369915879073,0.615590695390229,0.18583124063704062,1.7249620743336964,1.2075964928535179,4.38091106696995e-05,1.3513372682090667e-05,6.598530292964084e-05,6.743277098115083e-05,-8.997106392144229e-07,1.3513372682090667e-05,2.788256448231631e-05,2.3218325634378708e-05,2.122639694584478e-05,1.2178246311303619e-07,6.598530292964084e-05,2.3218325634378708e-05,0.00012160875219990634,0.00010358810859492218,1.0619563894156915e-07,6.743277098115083e-05,2.122639694584478e-05,0.00010358810859492218,0.00011543535129620733,-7.26472826976185e-07,-8.997106392144229e-07,1.2178246311303619e-07,1.0619563894156915e-07,-7.26472826976185e-07,1.0519429510844634e-05
602,1.0,0,14,transient,nominal_with_nominal_kf,nominal,nominal_kf,none,2,learned,0.18981402610711093,0.5919782848170678,0.018863611413425137,0.025360440997615752,0.032658831418111184,0.03146359205709314,0.017907008851169144,0.7734059960196309,68.6437748264116,0,0,0,True,0.08312600304957253,0.28154460505113854,0.4313050007917807,0.41224976320822837,0.1852766640714031,0.8834809667105453,0.7939591279526145,2.104885773409334e-06,-1.008789153378888e-06,-4.862375349489345e-06,1.1879069777907168e-06,1.50615975523985e-07,-1.008789153378888e-06,2.4146220087918988e-05,5.687664726970169e-06,4.1051197288042056e-06,2.357844062854048e-07,-4.862375349489345e-06,5.687664726970169e-06,5.666615202792344e-05,4.179308747301772e-05,-1.334077497806988e-07,1.1879069777907168e-06,4.1051197288042056e-06,4.179308747301772e-05,5.176969005943112e-05,-8.44619441295772e-07,1.50615975523985e-07,2.357844062854048e-07,-1.334077497806988e-07,-8.44619441295772e-07,1.045673688589787e-05
602,1.0,0,14,transient,nominal_with_nominal_kf,nominal,nominal_kf,none,2,oracle,0.18981402610711093,0.5919782848170678,0.013608345820068061,0.025085963322514473,0.00956300513559817,0.010200984731963847,0.017906814805046575,0.7734059960196309,68.6437748264116,0,0,0,True,0.059701743924505404,0.27852003178237256,0.1468748637458829,0.15410824484002308,0.18527837944910389,0.3829555981203469,0.08114331169549795,1.0857473294501416e-06,-9.25118802448584e-08,-2.280446642540769e-06,2.6825151135507313e-06,-3.18009769179792e-08,-9.25118802448584e-08,2.363021142071823e-05,1.7895727027067493e-06,8.091936948139949e-07,3.420515376950092e-07,-2.280446642540769e-06,1.7895727027067493e-06,6.5712757014419995e-06,-5.900034233666095e-06,6.497653195735658e-07,2.6825151135507313e-06,8.091936948139949e-07,-5.900034233666095e-06,7.234466062120155e-06,-1.207878021922235e-07,-3.18009769179792e-08,3.420515376950092e-07,6.497653195735658e-07,-1.207878021922235e-07,1.0456930513480733e-05
602,1.0,0,14,transient,learned_with_learned_kf,learned,learned_kf,none,2,nominal,0.19057756385642152,0.6567702514852218,0.08871006616195787,0.027351506050564738,0.046125737629250645,0.044969960209823315,0.018040063423635178,0.9058482262745325,95.35148315200102,0,0,0,True,0.18699122272938334,0.40676285933900724,1.0986701176018225,1.4588821571805748,0.19530592558640034,2.8527664337659293,2.4815103416487982,1.0651166608625806e-05,9.052873591894693e-06,5.628247864018266e-05,7.819175350678179e-05,-5.220318064539203e-07,9.052873591894693e-06,5.0400787039129823e-05,5.47994101822198e-05,6.922450899988166e-05,1.1326389237166205e-07,5.628247864018266e-05,5.47994101822198e-05,0.00036769638492592906,0.0004298883484017858,1.6756263662898412e-07,7.819175350678179e-05,6.922450899988166e-05,0.0004298883484017858,0.0006483285706244088,-2.0159797828683735e-06,-5.220318064539203e-07,1.1326389237166205e-07,1.6756263662898412e-07,-2.0159797828683735e-06,1.161945009915802e-05
602,1.0,0,14,transient,learned_with_learned_kf,learned,learned_kf,none,2,learned,0.19057756385642152,0.6567702514852218,0.019006107550206906,0.025364286949386725,0.03294102505840953,0.03178149872356445,0.017912133213208805,0.9058482262745325,95.35148315200102,0,0,0,True,0.03861899760650493,0.37747163292355357,0.7503127814277681,0.9847104288747607,0.19397426531060358,1.7358449867157082,1.6423157569347575,4.5431463726938944e-07,-6.216924263618534e-07,-4.159691910630809e-06,6.813191881299339e-07,7.875863839466064e-08,-6.216924263618534e-07,4.3403362388848866e-05,1.3308630809829151e-05,1.3460179550585154e-05,3.349342363468148e-07,-4.159691910630809e-06,1.3308630809829151e-05,0.00017149024643864838,0.00017737524279545623,-3.7771407270148755e-07,6.813191881299339e-07,1.3460179550585154e-05,0.00017737524279545623,0.00029537369108940785,-2.2413640306766785e-06,7.875863839466064e-08,3.349342363468148e-07,-3.7771407270148755e-07,-2.2413640306766785e-06,1.1461539789775848e-05
602,1.0,0,14,transient,learned_with_learned_kf,learned,learned_kf,none,2,oracle,0.19057756385642152,0.6567702514852218,0.013608345820068054,0.025085963322514473,0.009563005135598171,0.010200984731963845,0.017906814805046575,0.9058482262745325,95.35148315200102,0,0,0,True,0.027922042179708225,0.3733513304070769,0.24731266396805404,0.3544338852328714,0.19392535659721624,0.522772352358482,0.19196843924901474,2.374920590374197e-07,-4.7822034735502525e-08,-1.7755335304600658e-06,2.866563186668743e-06,-1.3302310509839099e-08,-4.7822034735502525e-08,4.24609925334876e-05,3.996045421407676e-06,2.538675835231037e-06,4.945054807852398e-07,-1.7755335304600658e-06,3.996045421407676e-06,1.8631483931044788e-05,-2.2836414199699095e-05,1.146785679137701e-06,2.866563186668743e-06,2.538675835231037e-06,-2.2836414199699095e-05,3.8267069576254126e-05,-2.7131358388870727e-07,-1.3302310509839099e-08,4.945054807852398e-07,1.146785679137701e-06,-2.7131358388870727e-07,1.1455760688175513e-05
602,1.0,0,17,broadband,nominal_with_nominal_kf,nominal,nominal_kf,none,2,nominal,0.23535877494865093,0.7123766583433683,0.05436523715532252,0.025889446221006356,0.02039583008574028,0.018828632350381774,0.017546787770212166,0.5382994682291686,66.81083378067672,0,0,0,True,0.2232588121828818,0.2846632656911132,0.24951128232299996,0.22232789786917323,0.18617684817790253,0.544542626419603,0.3782389375596291,1.5183502132903139e-05,-8.90933349122443e-07,-7.453367976839053e-06,-3.2573313954887344e-06,2.9753197257668343e-07,-8.90933349122443e-07,2.4684116635036793e-05,3.4366164618124496e-06,3.5826342654538025e-06,1.0886725371146587e-06,-7.453367976839053e-06,3.4366164618124496e-06,1.896422553412116e-05,4.779313240443107e-06,1.0482069700602842e-06,-3.2573313954887344e-06,3.5826342654538025e-06,4.779313240443107e-06,1.5057145899193444e-05,3.084601292198919e-07,2.9753197257668343e-07,1.0886725371146587e-06,1.0482069700602842e-06,3.084601292198919e-07,1.0558593807196017e-05
602,1.0,0,17,broadband,nominal_with_nominal_kf,nominal,nominal_kf,none,2,learned,0.23535877494865093,0.7123766583433683,0.014921744119558197,0.02560922208978717,0.011068134525385645,0.00953671694221039,0.01755746009516416,0.5382994682291686,66.81083378067672,0,0,0,True,0.06347538100653544,0.2817600996736119,0.15115859227680767,0.1286042941376684,0.18632783654276788,0.3938648125799253,0.11076900231310316,1.2273413550301028e-06,6.281365609791392e-08,-2.3955014820673457e-06,1.9305172445724484e-06,-3.653042392143495e-08,6.281365609791392e-08,2.4183197332915994e-05,1.155745609654169e-06,1.4062320432625362e-06,1.03199104673414e-06,-2.3955014820673457e-06,1.155745609654169e-06,6.960179061132997e-06,-4.13033997820445e-06,5.766333641018968e-07,1.9305172445724484e-06,1.4062320432625362e-06,-4.13033997820445e-06,5.038087144734799e-06,3.3745715456865526e-08,-3.653042392143495e-08,1.03199104673414e-06,5.766333641018968e-07,3.3745715456865526e-08,1.0575726670744448e-05
602,1.0,0,17,broadband,nominal_with_nominal_kf,nominal,nominal_kf,none,2,oracle,0.23535877494865093,0.7123766583433683,0.013384105276329826,0.025455977435939862,0.01028945055978005,0.00916881129168105,0.017571681122828905,0.5382994682291686,66.81083378067672,0,0,0,True,0.057343026555368395,0.28009672945149855,0.14353542940371825,0.12708030750726318,0.1864865292831693,0.386895262613276,0.07325498839720172,1.0016499128917307e-06,2.067192719171027e-08,-2.1472329351932833e-06,2.0956957269141477e-06,3.5327668595753723e-09,2.067192719171027e-08,2.3898509227979686e-05,1.1947827577251193e-06,1.4048820587350796e-06,1.0994898000070478e-06,-2.1472329351932833e-06,1.1947827577251193e-06,6.275855867659107e-06,-4.780289694069818e-06,5.591802167855458e-07,2.0956957269141477e-06,1.4048820587350796e-06,-4.780289694069818e-06,4.919389946983256e-06,3.488204515117045e-09,3.5327668595753723e-09,1.0994898000070478e-06,5.591802167855458e-07,3.488204515117045e-09,1.0593748730855827e-05
602,1.0,0,17,broadband,learned_with_learned_kf,learned,learned_kf,none,2,nominal,0.22808049026562838,0.6754173192146995,0.05516675279238327,0.02586832559686901,0.02062335492071364,0.018786177301283884,0.017580698756894494,0.7157135616778385,93.28951775223952,0,0,0,True,0.12014147418242652,0.3821197288214462,0.4408088603271109,0.5337844736673497,0.1957858458652329,0.9502271340769266,0.792983938936104,4.396839861929418e-06,-6.398800708517734e-07,-6.6987252166078e-06,-4.6092598629870944e-06,1.7494917193230595e-07,-6.398800708517734e-07,4.44788609459261e-05,7.766250046059995e-06,1.137792760331778e-05,1.4160064088309891e-06,-6.6987252166078e-06,7.766250046059995e-06,5.91909575605004e-05,2.278313061915262e-05,1.965184874044245e-06,-4.6092598629870944e-06,1.137792760331778e-05,2.278313061915262e-05,8.679338162219356e-05,7.204322060415845e-07,1.7494917193230595e-07,1.4160064088309891e-06,1.965184874044245e-06,7.204322060415845e-07,1.1676624617540297e-05
602,1.0,0,17,broadband,learned_with_learned_kf,learned,learned_kf,none,2,learned,0.22808049026562838,0.6754173192146995,0.01495830213632374,0.025611867316523297,0.011082194883471006,0.009549993955899606,0.0175556799887543,0.7157135616778385,93.28951775223952,0,0,0,True,0.03157441294868197,0.3785131366884767,0.2587958010490468,0.3010234968994439,0.19558281005097042,0.5463158689547909,0.22779216555142637,3.036863728042713e-07,6.833026826916086e-08,-2.0008882957127344e-06,2.1553557141030464e-06,-2.1025833271751217e-08,6.833026826916086e-08,4.364320626016728e-05,2.562016343607648e-06,4.418312096442299e-06,1.4318237054888662e-06,-2.0008882957127344e-06,2.562016343607648e-06,2.0401832913591816e-05,-1.609920451737898e-05,1.0347253555126053e-06,2.1553557141030464e-06,4.418312096442299e-06,-1.609920451737898e-05,2.7602951872334884e-05,1.0672110759760918e-07,-2.1025833271751217e-08,1.4318237054888662e-06,1.0347253555126053e-06,1.0672110759760918e-07,1.1652419152685364e-05
602,1.0,0,17,broadband,learned_with_learned_kf,learned,learned_kf,none,2,oracle,0.22808049026562838,0.6754173192146995,0.013384105276329827,0.02545597743593986,0.010289450559780047,0.009168811291681052,0.017571681122828905,0.7157135616778385,93.28951775223952,0,0,0,True,0.028059935496616915,0.3762316303903044,0.24462658900798961,0.2957477378709737,0.19577452829027156,0.5209939778224815,0.15143871304213144,2.3984356557354816e-07,2.2663453618661027e-08,-1.7707662071424768e-06,2.369271764698969e-06,4.580486516137835e-09,2.2663453618661027e-08,4.3118668789476486e-05,2.686576671340095e-06,4.4338427278679245e-06,1.5486153176654749e-06,-1.7707662071424768e-06,2.686576671340095e-06,1.822896682573731e-05,-1.8943427579451966e-05,9.96707179515312e-07,2.369271764698969e-06,4.4338427278679245e-06,-1.8943427579451966e-05,2.664388792092024e-05,4.048805784421746e-08,4.580486516137835e-09,1.5486153176654749e-06,9.96707179515312e-07,4.048805784421746e-08,1.1675274701214476e-05
602,1.0,0,17,transient,nominal_with_nominal_kf,nominal,nominal_kf,none,2,nominal,0.19153771328346178,0.624587932291212,0.09578152036417349,0.02455056501444147,0.01940715458893195,0.017242642858577076,0.01806442740657962,0.6804932480612668,63.797703826090256,0,0,0,True,0.4137499992548892,0.2723031624813904,0.26891738892730516,0.2345390176470447,0.18749245641363402,0.6441326504027353,0.40451697045120166,5.214717032663482e-05,-7.369947190829053e-07,-7.338384608667212e-06,-4.088782885585623e-06,-1.721311539856904e-07,-7.369947190829053e-07,2.2587080805756708e-05,2.584268450648001e-06,3.4457475289862876e-06,-5.496294918492909e-08,-7.338384608667212e-06,2.584268450648001e-06,2.2028884544840975e-05,5.530156616848285e-06,1.2672984162129723e-06,-4.088782885585623e-06,3.4457475289862876e-06,5.530156616848285e-06,1.6756562810548955e-05,6.436941226330006e-07,-1.721311539856904e-07,-5.496294918492909e-08,1.2672984162129723e-06,6.436941226330006e-07,1.0708344466280412e-05
602,1.0,0,17,transient,nominal_with_nominal_kf,nominal,nominal_kf,none,2,learned,0.19153771328346178,0.624587932291212,0.01702317831543774,0.02481017665158844,0.010713789296526546,0.009912395704259868,0.0180642361807116,0.6804932480612668,63.797703826090256,0,0,0,True,0.07426694668967448,0.27521184829010903,0.15858317990257406,0.14479474372656334,0.18752163360506469,0.3951857814233872,0.12847722883443247,1.6801415565030876e-06,5.756293689892444e-07,-2.6813004907451276e-06,2.093832834050624e-06,-8.104536691175874e-08,5.756293689892444e-07,2.3072199016243225e-05,9.175576843240452e-07,2.0844353964344686e-06,-4.9542385509514036e-08,-2.6813004907451276e-06,9.175576843240452e-07,7.660709242847115e-06,-4.509517356966895e-06,5.504908183766615e-07,2.093832834050624e-06,2.0844353964344686e-06,-4.509517356966895e-06,6.3864619400307144e-06,1.3019050659748482e-07,-8.104536691175874e-08,-4.9542385509514036e-08,5.504908183766615e-07,1.3019050659748482e-07,1.0711677546799654e-05
602,1.0,0,17,transient,nominal_with_nominal_kf,nominal,nominal_kf,none,2,oracle,0.19153771328346178,0.624587932291212,0.013492533675826689,0.024347302028796123,0.009904632404768127,0.00921019746567976,0.01807336024114686,0.6804932480612668,63.797703826090256,0,0,0,True,0.05893446812120867,0.27015665366076524,0.15001849264908662,0.13871529335350924,0.1876217029528817,0.37695463616860936,0.07882366309844557,1.0580190125187666e-06,1.2422204268551555e-07,-2.3266019714296316e-06,2.3801759974204525e-06,3.472620867110914e-09,1.2422204268551555e-07,2.2232385872203998e-05,1.0647060150939091e-06,1.929193455797969e-06,-7.46115065166913e-08,-2.3266019714296316e-06,1.0647060150939091e-06,6.855582004288357e-06,-5.412185047477722e-06,5.185150750414627e-07,2.3801759974204525e-06,1.929193455797969e-06,-5.412185047477722e-06,5.861427863413659e-06,7.012477143855217e-08,3.472620867110914e-09,-7.46115065166913e-08,5.185150750414627e-07,7.012477143855217e-08,1.0723112991058229e-05
602,1.0,0,17,transient,learned_with_learned_kf,learned,learned_kf,none,2,nominal,0.21703543931408875,0.6979011132863829,0.09691226331762108,0.024553106659712175,0.02001546460947867,0.017628990080518738,0.018090708755482,0.8205270046818387,88.38002292439273,0,0,0,True,0.20448182120902364,0.36514702031706164,0.47460508104965066,0.5636262890100664,0.19659466092147831,0.9937247079678875,0.8503641007955144,1.27369118817531e-05,-5.943596194242771e-07,-6.376483375819436e-06,-5.495459776596602e-06,-9.497489673589145e-08,-5.943596194242771e-07,4.061535534861861e-05,5.533992002793789e-06,1.1083122928399328e-05,-2.2652458452786402e-07,-6.376483375819436e-06,5.533992002793789e-06,6.861506861571034e-05,2.744519598296053e-05,2.406612622962557e-06,-5.495459776596602e-06,1.1083122928399328e-05,2.744519598296053e-05,9.676921505349303e-05,1.4670982034722144e-06,-9.497489673589145e-08,-2.2652458452786402e-07,2.406612622962557e-06,1.4670982034722144e-06,1.177329899544418e-05
602,1.0,0,17,transient,learned_with_learned_kf,learned,learned_kf,none,2,learned,0.21703543931408875,0.6979011132863829,0.01713113808458687,0.024822162082408256,0.01073306593463101,0.00990248579325595,0.01806113827874719,0.8205270046818387,88.38002292439273,0,0,0,True,0.035290069034449305,0.3691786061883027,0.2687488053543763,0.3336494243607936,0.1962968574436935,0.5595103672482595,0.2655071452944203,3.7936717542042725e-07,3.91645346523267e-07,-2.1057443997982327e-06,2.2452137582746024e-06,-4.6254766697295486e-08,3.91645346523267e-07,4.151717425142982e-05,2.03327081916827e-06,6.433430411526645e-06,-1.0238031755130671e-07,-2.1057443997982327e-06,2.03327081916827e-06,2.2001273507694423e-05,-1.7219080643135784e-05,1.026553876328887e-06,2.2452137582746024e-06,6.433430411526645e-06,-1.7219080643135784e-05,3.391060163384011e-05,2.5083249629980237e-07,-4.6254766697295486e-08,-1.0238031755130671e-07,1.026553876328887e-06,2.5083249629980237e-07,1.1737657398564455e-05
602,1.0,0,17,transient,learned_with_learned_kf,learned,learned_kf,none,2,oracle,0.21703543931408875,0.6979011132863829,0.013492533675826692,0.024347302028796126,0.00990463240476812,0.009210197465679764,0.01807336024114686,0.8205270046818387,88.38002292439273,0,0,0,True,0.027636215919513183,0.3621929273922495,0.2529625921560299,0.3188504655372829,0.1964305278396269,0.515311188062383,0.16802859995180008,2.3265473162838907e-07,8.991695221614543e-08,-1.8082171218155685e-06,2.543973233898401e-06,-6.182515925753972e-09,8.991695221614543e-08,3.996084528485758e-05,2.364911295167557e-06,5.999470903407566e-06,-1.1410918482700948e-07,-1.8082171218155685e-06,2.364911295167557e-06,1.9492490938452403e-05,-2.093058002056477e-05,9.693669493289654e-07,2.543973233898401e-06,5.999470903407566e-06,-2.093058002056477e-05,3.096911865452507e-05,1.3198128586785383e-07,-6.182515925753972e-09,-1.1410918482700948e-07,9.693669493289654e-07,1.3198128586785383e-07,1.175364860227482e-05
602,1.0,0,20,broadband,nominal_with_nominal_kf,nominal,nominal_kf,none,1,nominal,0.122521201921139,0.36282035089983655,0.07172228197244221,0.026050278196899784,0.027850123618506986,0.020109751629831803,0.019171481240045984,0.7178235722415507,122.71148132104823,0,0,0,True,0.294011318083083,0.2864806362636573,0.3477699332232263,0.24352334796964992,0.20407955426877805,0.871593759367498,0.5085106417072989,2.633193857464135e-05,3.5698492949457614e-06,1.2761819691269723e-05,1.4375321651671925e-05,8.132169721528567e-08,3.5698492949457614e-06,2.5000303461011732e-05,5.941842145214562e-06,3.6001904773061846e-06,7.386005666721639e-07,1.2761819691269723e-05,5.941842145214562e-06,3.6841626815317514e-05,1.1931182792560127e-05,2.6200720252502294e-06,1.4375321651671925e-05,3.6001904773061846e-06,1.1931182792560127e-05,1.806491601496233e-05,6.222062989509794e-07,8.132169721528567e-08,7.386005666721639e-07,2.6200720252502294e-06,6.222062989509794e-07,1.2686847785095254e-05
602,1.0,0,20,broadband,nominal_with_nominal_kf,nominal,nominal_kf,none,1,learned,0.122521201921139,0.36282035089983655,0.046641851767984646,0.025864796887170815,0.04128688872818618,0.037070080938399974,0.018450393256818652,0.7178235722415507,122.71148132104823,0,0,0,True,0.19127800158103342,0.2845427026994086,0.49216675927516523,0.4172523770091295,0.19620651194022126,0.8415453755403443,0.8566996395599688,1.1145120969046174e-05,1.677727948789714e-06,-1.8181958174586014e-05,-1.4910730257617056e-05,1.3471657009702075e-07,1.677727948789714e-06,2.466321221146487e-05,1.200051412370222e-06,-3.28327087110423e-07,7.65578418421232e-07,-1.8181958174586014e-05,1.200051412370222e-06,7.378690458989514e-05,4.837425262167182e-05,1.4045697469915035e-06,-1.4910730257617056e-05,-3.28327087110423e-07,4.837425262167182e-05,5.3033754525041024e-05,5.510129824700664e-07,1.3471657009702075e-07,7.65578418421232e-07,1.4045697469915035e-06,5.510129824700664e-07,1.172685538627963e-05
602,1.0,0,20,broadband,nominal_with_nominal_kf,nominal,nominal_kf,none,1,oracle,0.122521201921139,0.36282035089983655,0.010585519555491875,0.02546201027478305,0.013836814847957637,0.011922026650347623,0.018100971732432896,0.7178235722415507,122.71148132104823,0,0,0,True,0.04536081986513983,0.2800553484409753,0.18460232379389183,0.16220169405546772,0.19228003748783545,0.40523835670799996,0.16574325882683988,6.267820149763946e-07,-1.665399038617577e-07,-1.427475038283618e-06,2.140186070222687e-06,1.0965487908566078e-07,-1.665399038617577e-07,2.3891448300054463e-05,7.000322856548029e-07,-5.143402663824257e-07,8.150419528169541e-07,-1.427475038283618e-06,7.000322856548029e-07,1.0380757899406088e-05,-5.0134817818160165e-06,8.454762992431888e-07,2.140186070222687e-06,-5.143402663824257e-07,-5.0134817818160165e-06,8.014298362244069e-06,4.3555443794034274e-07,1.0965487908566078e-07,8.150419528169541e-07,8.454762992431888e-07,4.3555443794034274e-07,1.1262197301461644e-05
602,1.0,0,20,broadband,learned_with_learned_kf,learned,learned_kf,none,1,nominal,0.12496662103397083,0.40044259799098786,0.07120652001684419,0.026073544256531193,0.027615077884608905,0.020364611362908625,0.01867121528555031,0.5482386619441952,83.87951576720334,0,0,0,True,0.5898929422248077,0.22329193694103006,0.3742094838907895,0.21371599347278833,0.15470611394840547,1.066091063666285,0.5128987714372933,0.00010599884555645367,5.6747030856598685e-06,2.820550343798824e-05,2.505395240656056e-05,3.076958427274102e-08,5.6747030856598685e-06,1.518800799891793e-05,5.081687328220754e-06,2.5452505893686662e-06,4.809628198091165e-07,2.820550343798824e-05,5.081687328220754e-06,4.2656411284604124e-05,1.1782279823136098e-05,1.4241226513490595e-06,2.505395240656056e-05,2.5452505893686662e-06,1.1782279823136098e-05,1.3913256219300751e-05,3.0364186360653056e-07,3.076958427274102e-08,4.809628198091165e-07,1.4241226513490595e-06,3.0364186360653056e-07,7.290707748549163e-06
602,1.0,0,20,broadband,learned_with_learned_kf,learned,learned_kf,none,1,learned,0.12496662103397083,0.40044259799098786,0.04650565671303762,0.025899030689830405,0.04115626985417611,0.03695310377652314,0.018279368170641536,0.5482386619441952,83.87951576720334,0,0,0,True,0.3860782938880477,0.2219010532680045,0.5299431411917621,0.35403050696523414,0.15136824847524274,0.7476915808554491,0.8349540335939869,4.5405190900453956e-05,2.8064435164947666e-06,-3.733821885404685e-05,-2.3362966606867167e-05,2.0091223861335435e-07,2.8064435164947666e-06,1.4999385340312142e-05,1.2450472354392925e-06,6.284373044363444e-08,4.900703044513838e-07,-3.733821885404685e-05,1.2450472354392925e-06,8.554867480842642e-05,4.431740322659832e-05,8.249829848776592e-07,-2.3362966606867167e-05,6.284373044363444e-08,4.431740322659832e-05,3.818001627223985e-05,3.4417102973252645e-07,2.0091223861335435e-07,4.900703044513838e-07,8.249829848776592e-07,3.4417102973252645e-07,6.979499916704151e-06
602,1.0,0,20,broadband,learned_with_learned_kf,learned,learned_kf,none,1,oracle,0.12496662103397083,0.40044259799098786,0.010585519555491875,0.025462010274783047,0.013836814847957637,0.011922026650347622,0.018100971732432896,0.5482386619441952,83.87951576720334,0,0,0,True,0.09384021109494547,0.2181035559995889,0.19548430078212994,0.14151373473968323,0.14977356631332497,0.3500823616884211,0.16743687638684288,2.6824564958918228e-06,-2.5932991164133166e-07,-3.1304973909684953e-06,3.854861937179911e-06,1.7852651421907192e-07,-2.5932991164133166e-07,1.4490395127783164e-05,5.765269420869845e-07,-3.2635111387563113e-07,4.95815442492075e-07,-3.1304973909684953e-06,5.765269420869845e-07,1.164068415188168e-05,-4.600506118486204e-06,7.047048874167818e-07,3.854861937179911e-06,-3.2635111387563113e-07,-4.600506118486204e-06,6.100310217781135e-06,2.9931745678050083e-07,1.7852651421907192e-07,4.95815442492075e-07,7.047048874167818e-07,2.9931745678050083e-07,6.833214869994298e-06
602,1.0,0,20,transient,nominal_with_nominal_kf,nominal,nominal_kf,none,1,nominal,0.11654051742026947,0.3969507992500159,0.1180730068275536,0.026629631129599828,0.033900036035052705,0.02827032977646977,0.018325999391750586,0.7980589075848455,120.77029080479318,0,0,0,True,0.5110377878365663,0.29551398604118434,0.4809703116782077,0.3868435240224723,0.18918177916208664,1.4015419643318228,0.8055115914264104,7.95537697787008e-05,1.2462401663045233e-05,5.332031727007304e-05,5.223713850890564e-05,8.462731499408397e-09,1.2462401663045233e-05,2.660178720125751e-05,1.1572335207921491e-05,9.792294137570307e-06,-5.003717853962311e-07,5.332031727007304e-05,1.1572335207921491e-05,7.046789120381856e-05,4.079871648953534e-05,2.3739438322777167e-06,5.223713850890564e-05,9.792294137570307e-06,4.079871648953534e-05,4.5585360853706696e-05,5.622938541314809e-07,8.462731499408397e-09,-5.003717853962311e-07,2.3739438322777167e-06,5.622938541314809e-07,1.0902179949421778e-05
602,1.0,0,20,transient,nominal_with_nominal_kf,nominal,nominal_kf,none,1,learned,0.11654051742026947,0.3969507992500159,0.06776236934407823,0.026009668062976273,0.05857288976774481,0.05695772881602051,0.01763272433456498,0.7980589075848455,120.77029080479318,0,0,0,True,0.2913253013875496,0.2887019827132687,0.8342699723398612,0.7919050849994814,0.18210088681368425,1.4297849657916366,1.5923448126726463,2.5853011777025164e-05,3.6197006453045722e-06,-5.4764371135878506e-05,-5.174020599157496e-05,6.431918614452098e-08,3.6197006453045722e-06,2.5389507005880595e-05,-2.0249340282206394e-06,-2.5380361802104738e-06,-4.777949668590271e-07,-5.4764371135878506e-05,-2.0249340282206394e-06,0.00021201566968623135,0.00018466546953723885,1.6353516453793385e-06,-5.174020599157496e-05,-2.5380361802104738e-06,0.00018466546953723885,0.0001910297461334545,7.282839049878246e-07,6.431918614452098e-08,-4.777949668590271e-07,1.6353516453793385e-06,7.282839049878246e-07,1.0101336918094974e-05
602,1.0,0,20,transient,nominal_with_nominal_kf,nominal,nominal_kf,none,1,oracle,0.11654051742026947,0.3969507992500159,0.01037939911584025,0.025543880927039984,0.013429779424825353,0.011107332387278235,0.017286386189793723,0.7980589075848455,120.77029080479318,0,0,0,True,0.045653871971494474,0.2835079686723578,0.20186710215143996,0.16954943245425672,0.178610898065454,0.39967008520876735,0.17506488394084452,6.349067851602493e-07,7.852149925648894e-08,-1.6453882628918886e-06,2.2507560345217622e-06,1.3877346135118862e-07,7.852149925648894e-08,2.4484163770561445e-05,1.5565134243482602e-07,2.890407461849718e-07,-4.226738398705626e-07,-1.6453882628918886e-06,1.5565134243482602e-07,1.2413259445192102e-05,-5.917136017971345e-06,8.833033445733879e-07,2.2507560345217622e-06,2.890407461849718e-07,-5.917136017971345e-06,8.756840026661251e-06,5.148476628458875e-07,1.3877346135118862e-07,-4.226738398705626e-07,8.833033445733879e-07,5.148476628458875e-07,9.717860119173302e-06
602,1.0,0,20,transient,learned_with_learned_kf,learned,learned_kf,none,1,nominal,0.10297682672480143,0.4098838949991143,0.11746911989699171,0.026581895034463718,0.03426251232766821,0.028442907657006168,0.01798571452417925,0.6585220710468017,83.3832374360395,0,0,0,True,1.0470288551335099,0.2305028136799066,0.5189901260947439,0.3399703052891576,0.1444217673082519,1.8527635770145778,0.7990517319743322,0.0003339427631722068,1.9835353988049362e-05,0.00011676956938091463,9.32087792131644e-05,-9.657804689987542e-08,1.9835353988049362e-05,1.6184794791250374e-05,9.449452282562092e-06,6.539749235931346e-06,-2.4578137721256963e-07,0.00011676956938091463,9.449452282562092e-06,8.204893078230904e-05,3.861834721198704e-05,1.6408597135368767e-06,9.32087792131644e-05,6.539749235931346e-06,3.861834721198704e-05,3.520762303813308e-05,2.465064097916522e-07,-9.657804689987542e-08,-2.4578137721256963e-07,1.6408597135368767e-06,2.465064097916522e-07,6.353602573104637e-06
602,1.0,0,20,transient,learned_with_learned_kf,learned,learned_kf,none,1,learned,0.10297682672480143,0.4098838949991143,0.06767498160143764,0.02597666717146238,0.05859003819667831,0.05670811821070802,0.01752805866367537,0.6585220710468017,83.3832374360395,0,0,0,True,0.5975241029839916,0.22531093618795803,0.883271335081307,0.6878084298075393,0.14080793506636913,1.2135876767937175,1.536893150165412,0.00010875909681530455,5.805415556714489e-06,-0.00011587863388955125,-8.874847381793462e-05,6.728957315679882e-08,5.805415556714489e-06,1.546390878819656e-05,-1.6935327422770534e-06,-1.562859191772009e-06,-2.5913295724612427e-07,-0.00011587863388955125,-1.6935327422770534e-06,0.00023765283973376119,0.0001688786588844586,1.2772510114471986e-06,-8.874847381793462e-05,-1.562859191772009e-06,0.0001688786588844586,0.0001441085418007128,4.215322068349376e-07,6.728957315679882e-08,-2.5913295724612427e-07,1.2772510114471986e-06,4.215322068349376e-07,6.0396113762799e-06
602,1.0,0,20,transient,learned_with_learned_kf,learned,learned_kf,none,1,oracle,0.10297682672480143,0.4098838949991143,0.010379399115840252,0.02554388092703998,0.013429779424825357,0.011107332387278233,0.017286386189793727,0.6585220710468017,83.3832374360395,0,0,0,True,0.09569984212544172,0.22155252689246377,0.21198092361844983,0.14971186985566676,0.13890745172986876,0.3496665394953845,0.1773018718266201,2.7898263882673757e-06,1.2461332576265612e-07,-3.627043093525089e-06,4.162164971244305e-06,2.2755456575855142e-07,1.2461332576265612e-07,1.4952305113050693e-05,1.1817394260353566e-07,1.943206698411548e-07,-2.556318769543914e-07,-3.627043093525089e-06,1.1817394260353566e-07,1.3688261562540937e-05,-5.469954418794672e-06,7.254058629326936e-07,4.162164971244305e-06,1.943206698411548e-07,-5.469954418794672e-06,6.8275863958895756e-06,3.54848735736145e-07,2.2755456575855142e-07,-2.556318769543914e-07,7.254058629326936e-07,3.54848735736145e-07,5.877678452162368e-06
602,1.0,0,23,broadband,nominal_with_nominal_kf,nominal,nominal_kf,none,1,nominal,0.13553293834574884,0.38523117510701443,0.04051361834907009,0.026697230382128845,0.01999436428123202,0.015369645327696312,0.018313208951822372,0.6406875507093603,103.95227509253566,0,0,0,True,0.16673047129669497,0.2932090591678321,0.2576395810719898,0.19172586778730222,0.19391013331738477,0.620267352573693,0.34139118412710057,8.468074901438695e-06,1.7192032887765402e-06,3.292799005654205e-06,6.460316476317557e-06,2.9508951933242648e-08,1.7192032887765402e-06,2.6188432460470196e-05,2.8284107001791248e-06,3.1098549776898818e-06,-1.146843674178416e-06,3.292799005654205e-06,2.8284107001791248e-06,2.0219941920946067e-05,2.042608831603997e-06,1.4987385975627484e-06,6.460316476317557e-06,3.1098549776898818e-06,2.042608831603997e-06,1.11973733627823e-05,-5.176469351309492e-10,2.9508951933242648e-08,-1.146843674178416e-06,1.4987385975627484e-06,-5.176469351309492e-10,1.1453962187879714e-05
602,1.0,0,23,broadband,nominal_with_nominal_kf,nominal,nominal_kf,none,1,learned,0.13553293834574884,0.38523117510701443,0.018665772701793523,0.026736181853731212,0.040281739532382885,0.0389919603528394,0.017974016150133866,0.6406875507093603,103.95227509253566,0,0,0,True,0.07794069980804472,0.2936785190842744,0.4749566639339562,0.43143271517810217,0.1903773743496386,0.9108655838423073,0.8568811237964565,1.8504754892246416e-06,1.0485178302073123e-06,-5.966876677253819e-06,-2.60893133807171e-06,-2.3841505240809025e-08,1.0485178302073123e-06,2.6272360710897243e-05,1.3078913441498397e-06,2.043647617714975e-06,-1.2089641923621243e-06,-5.966876677253819e-06,1.3078913441498397e-06,6.871676503686121e-05,4.9123707826430596e-05,6.178524064864424e-07,-2.60893133807171e-06,2.043647617714975e-06,4.9123707826430596e-05,5.669971599917355e-05,-2.5597123799894e-07,-2.3841505240809025e-08,-1.2089641923621243e-06,6.178524064864424e-07,-2.5597123799894e-07,1.1040415059551952e-05
602,1.0,0,23,broadband,nominal_with_nominal_kf,nominal,nominal_kf,none,1,oracle,0.13553293834574884,0.38523117510701443,0.010735914883395568,0.02628205427195923,0.013412723631921577,0.011112769565347914,0.01791631140121332,0.6406875507093603,103.95227509253566,0,0,0,True,0.045942064102740085,0.2886939402349326,0.1829632884719505,0.15104328518388668,0.18980647189540414,0.3869297110241048,0.1530828315167115,6.429478406524735e-07,1.6185729351680571e-07,-1.5412416732879961e-06,2.040215017730192e-06,6.298826574521205e-08,1.6185729351680571e-07,2.538809245573462e-05,-5.794436352343282e-07,4.989191000760858e-07,-1.1700501277729956e-06,-1.5412416732879961e-06,-5.794436352343282e-07,1.019724021441302e-05,-5.0041461663310874e-06,1.0527436958366914e-06,2.040215017730192e-06,4.989191000760858e-07,-5.0041461663310874e-06,6.949564356441343e-06,2.0492432268857838e-07,6.298826574521205e-08,-1.1700501277729956e-06,1.0527436958366914e-06,2.0492432268857838e-07,1.0974298491061455e-05
602,1.0,0,23,broadband,learned_with_learned_kf,learned,learned_kf,none,1,nominal,0.14449860229649228,0.45248287506312107,0.04035645715555256,0.026721022265386453,0.02000162739314458,0.015612170182526282,0.018196008359071387,0.5278626946796292,77.35778263786945,0,0,0,True,0.33654331599707676,0.22856198900247301,0.2777252540083843,0.16941523909665962,0.15004285280674673,0.6975488253557633,0.34753239941219977,3.450139650847913e-05,2.8186106377455503e-06,7.486011424558316e-06,1.1563776574830994e-05,2.9138150175177666e-09,2.8186106377455503e-06,1.5913391545797302e-05,2.658079374957468e-06,2.213230455833922e-06,-6.92261996555442e-07,7.486011424558316e-06,2.658079374957468e-06,2.3495542682176684e-05,2.276395116779784e-06,1.083530808980899e-06,1.1563776574830994e-05,2.213230455833922e-06,2.276395116779784e-06,8.742983952762144e-06,-5.633425502950312e-08,2.9138150175177666e-09,-6.92261996555442e-07,1.083530808980899e-06,-5.633425502950312e-08,6.8578086180156595e-06
602,1.0,0,23,broadband,learned_with_learned_kf,learned,learned_kf,none,1,learned,0.14449860229649228,0.45248287506312107,0.019005943747639933,0.026770652886921993,0.040086725910941104,0.03879045728688539,0.017961038248493676,0.5278626946796292,77.35778263786945,0,0,0,True,0.16271857724373257,0.22903191786415975,0.5084823589580989,0.36357317872261596,0.14817407608769353,0.8416648541190042,0.8246770593066529,8.065457586351338e-06,1.8309848851695e-06,-1.2055603330180944e-05,-3.3945371058246045e-06,-4.847549795105951e-08,1.8309848851695e-06,1.5978895435104654e-05,1.4688398315105002e-06,1.575496578218794e-06,-7.32159630413237e-07,-1.2055603330180944e-05,1.4688398315105002e-06,7.876014659550903e-05,4.407090392151421e-05,4.852389241816423e-07,-3.3945371058246045e-06,1.575496578218794e-06,4.407090392151421e-05,4.026599262731241e-05,-1.8450877702229887e-07,-4.847549795105951e-08,-7.32159630413237e-07,4.852389241816423e-07,-1.8450877702229887e-07,6.688045069841859e-06
602,1.0,0,23,broadband,learned_with_learned_kf,learned,learned_kf,none,1,oracle,0.14449860229649228,0.45248287506312107,0.010735914883395568,0.026282054271959232,0.013412723631921579,0.011112769565347916,0.01791631140121332,0.5278626946796292,77.35778263786945,0,0,0,True,0.09500883069027041,0.22485291132123963,0.19340538876605967,0.1317492181762691,0.14783921744483833,0.33375450739689927,0.15681330531473933,2.749683333925614e-06,2.5870551279878546e-07,-3.38118529826495e-06,3.6737554069802e-06,1.0006484580763538e-07,2.5870551279878546e-07,1.5401100868912476e-05,-4.7514632041713785e-07,3.405091707650719e-07,-7.097875780725984e-07,-3.38118529826495e-06,-4.7514632041713785e-07,1.1394410883729667e-05,-4.595624132682582e-06,8.726998944877601e-07,3.6737554069802e-06,3.405091707650719e-07,-4.595624132682582e-06,5.2875054570294916e-06,1.3671558668951348e-07,1.0006484580763538e-07,-7.097875780725984e-07,8.726998944877601e-07,1.3671558668951348e-07,6.6578505962205184e-06
602,1.0,0,23,transient,nominal_with_nominal_kf,nominal,nominal_kf,none,1,nominal,0.12599847380388815,0.41513779747385016,0.06626538333878039,0.025691312467983354,0.02321226301329692,0.02097008843403582,0.0185742680749579,0.7343607179496013,100.82293715613694,0,0,0,True,0.2868526419875171,0.28492355649265383,0.33658337097900154,0.292362093615294,0.1923212872904844,0.9500744696455253,0.5449314634840113,2.5065273257718744e-05,5.464104847752883e-06,1.7767947652979557e-05,2.1785882976725928e-05,7.928935028839655e-07,5.464104847752883e-06,2.4729278668579426e-05,6.732216591567081e-06,5.3873910451142155e-06,3.983351009262168e-08,1.7767947652979557e-05,6.732216591567081e-06,3.4509609626892225e-05,1.4954634849504451e-05,2.630150474086588e-06,2.1785882976725928e-05,5.3873910451142155e-06,1.4954634849504451e-05,2.6037354832950218e-05,1.120833406247206e-06,7.928935028839655e-07,3.983351009262168e-08,2.630150474086588e-06,1.120833406247206e-06,1.1267029974197753e-05
602,1.0,0,23,transient,nominal_with_nominal_kf,nominal,nominal_kf,none,1,learned,0.12599847380388815,0.41513779747385016,0.022577508477847258,0.025374314968856934,0.06382216377147865,0.062477865628698434,0.018255867015212566,0.7343607179496013,100.82293715613694,0,0,0,True,0.09749158714278001,0.28149802138575136,0.8942582800487022,0.8573387252649841,0.18902066493648711,1.728607537919279,1.722845307234628,2.8952696413494717e-06,1.1705767077751744e-06,-9.090460123314888e-06,-4.5278124611902515e-06,6.876885949149016e-10,1.1705767077751744e-06,2.4138230402719136e-05,1.1479795837660625e-06,5.297842386864135e-07,-2.86408769865047e-07,-9.090460123314888e-06,1.1479795837660625e-06,0.0002436019022056547,0.00021832972136486196,-1.9672548436344336e-06,-4.5278124611902515e-06,5.297842386864135e-07,0.00021832972136486196,0.0002239028475853772,-2.906525368203346e-06,6.876885949149016e-10,-2.86408769865047e-07,-1.9672548436344336e-06,-2.906525368203346e-06,1.0883618454345903e-05
602,1.0,0,23,transient,nominal_with_nominal_kf,nominal,nominal_kf,none,1,oracle,0.12599847380388815,0.41513779747385016,0.011313586383781687,0.024918060833373595,0.012642671038547383,0.011469061462084242,0.018199437773807246,0.7343607179496013,100.82293715613694,0,0,0,True,0.04952593999719031,0.27648617359994904,0.1906272310958524,0.17117105773427876,0.1884348674367917,0.3925182046288347,0.1614905545030529,7.471713135307297e-07,-3.1585488502383114e-08,-1.7492651643843988e-06,2.486339090466924e-06,1.0987328831039744e-07,-3.1585488502383114e-08,2.3286358085565323e-05,3.812935216025356e-07,-1.4111095529500865e-07,-3.0191710903763456e-07,-1.7492651643843988e-06,3.812935216025356e-07,1.1069413593385277e-05,-6.02519138043252e-06,9.903767398593466e-07,2.486339090466924e-06,-1.4111095529500865e-07,-6.02519138043252e-06,8.925147535969332e-06,3.252956536707501e-07,1.0987328831039744e-07,-3.0191710903763456e-07,9.903767398593466e-07,3.252956536707501e-07,1.081626373294734e-05
602,1.0,0,23,transient,learned_with_learned_kf,learned,learned_kf,none,1,nominal,0.11734246277679516,0.3886978431785531,0.0659627906722588,0.025717688279944202,0.023512738229023097,0.02104871680134892,0.018495000501865408,0.6385588997563989,74.39386108122994,0,0,0,True,0.5880199350234241,0.22284734041121285,0.362905660036244,0.2563577086870962,0.1489083427681494,1.1692268422264984,0.5396162095103498,0.00010532678663294134,8.770431641662128e-06,3.9085666872739826e-05,3.900797970401836e-05,1.2248173731154713e-06,8.770431641662128e-06,1.5127586532228232e-05,5.803892437384578e-06,3.7368798265238226e-06,-1.2590481346162704e-08,3.9085666872739826e-05,5.803892437384578e-06,4.011827200403423e-05,1.4281357271704779e-05,1.9538908187653836e-06,3.900797970401836e-05,3.7368798265238226e-06,1.4281357271704779e-05,2.00192359208343e-05,6.94415928106259e-07,1.2248173731154713e-06,-1.2590481346162704e-08,1.9538908187653836e-06,6.94415928106259e-07,6.754493619727935e-06
602,1.0,0,23,transient,learned_with_learned_kf,learned,learned_kf,none,1,learned,0.11734246277679516,0.3886978431785531,0.0228659494532902,0.02541339499926366,0.06358361784997738,0.062105377582336994,0.018251523129942774,0.6385588997563989,74.39386108122994,0,0,0,True,0.20440378827983535,0.22029677766556088,0.9419395685600602,0.741273631065352,0.14697348076122474,1.6386521920962387,1.6542140100872453,1.272719259331221e-05,2.015617109089015e-06,-1.8572253258062512e-05,-6.241188445753446e-06,-5.012105412818544e-08,2.015617109089015e-06,1.478328755202266e-05,1.2349401720265344e-06,6.537200221980306e-07,-1.9123019822213664e-07,-1.8572253258062512e-05,1.2349401720265344e-06,0.0002702718516478861,0.00019795368743458645,-1.6429406836740386e-06,-6.241188445753446e-06,6.537200221980306e-07,0.00019795368743458645,0.00016738318911526596,-2.056588118057222e-06,-5.012105412818544e-08,-1.9123019822213664e-07,-1.6429406836740386e-06,-2.056588118057222e-06,6.580103041104701e-06
602,1.0,0,23,transient,learned_with_learned_kf,learned,learned_kf,none,1,oracle,0.11734246277679516,0.3886978431785531,0.011313586383781691,0.024918060833373595,0.012642671038547385,0.011469061462084245,0.018199437773807246,0.6385588997563989,74.39386108122994,0,0,0,True,0.10346270961179871,0.2160553554273202,0.20017135607200007,0.15073812564334452,0.1465598897358724,0.34292455437947256,0.16205503584697115,3.260787003222743e-06,-6.163719392529307e-08,-3.852326520917667e-06,4.5695955121066254e-06,1.8178461655551003e-07,-6.163719392529307e-08,1.4219515753239196e-05,3.122148810047927e-07,-1.0988064903491123e-07,-1.8320219572282774e-07,-3.852326520917667e-06,3.122148810047927e-07,1.2205584953727196e-05,-5.5636421671169225e-06,8.152379645537963e-07,4.5695955121066254e-06,-1.0988064903491123e-07,-5.5636421671169225e-06,6.92151168843311e-06,2.276806655079239e-07,1.8178461655551003e-07,-1.8320219572282774e-07,8.152379645537963e-07,2.276806655079239e-07,6.5431216432593496e-06
602,1.0,0,26,broadband,nominal_with_nominal_kf,nominal,nominal_kf,none,1,nominal,0.14204793877680896,0.4074055684151658,0.05152047219893541,0.02540029671243413,0.023055770155869765,0.01761493408551371,0.019374676461880784,0.6872937832114856,118.14561697789595,0,0,0,True,0.2118018103825578,0.2792424295346502,0.2982581712284487,0.2181518056771994,0.20636635942098086,0.7319106282678678,0.4170746186856999,1.3665139547804424e-05,4.264711486883356e-06,6.375590896887713e-06,9.415866913500932e-06,-4.699977505776013e-07,4.264711486883356e-06,2.3752949805319815e-05,3.843416949482674e-06,4.949491550933636e-06,-1.0971833252049293e-06,6.375590896887713e-06,3.843416949482674e-06,2.7098137148485897e-05,5.696816464200964e-06,2.3324900904224767e-06,9.415866913500932e-06,4.949491550933636e-06,5.696816464200964e-06,1.4496807074852992e-05,2.866328723278365e-07,-4.699977505776013e-07,-1.0971833252049293e-06,2.3324900904224767e-06,2.866328723278365e-07,1.2972764689734775e-05
602,1.0,0,26,broadband,nominal_with_nominal_kf,nominal,nominal_kf,none,1,learned,0.14204793877680896,0.4074055684151658,0.028173114316276657,0.025168454661520626,0.04072971890806561,0.03838120087818746,0.01891293566833623,0.6872937832114856,118.14561697789595,0,0,0,True,0.11654665275624176,0.27676940653286575,0.4856565824982324,0.42887912072163914,0.20145738131744365,0.8730486159567187,0.861346318273003,4.1376556581339024e-06,2.292860191620952e-06,-1.052426848553787e-05,-6.853578904415819e-06,-1.198836135463844e-07,2.292860191620952e-06,2.3334091696356285e-05,-3.7035204791145287e-06,-1.8219450344891346e-06,-9.532573972669096e-07,-1.052426848553787e-05,-3.7035204791145287e-06,7.184777016256796e-05,4.9061356251866084e-05,3.0406255428423114e-06,-6.853578904415819e-06,-1.8219450344891346e-06,4.9061356251866084e-05,5.603050578670542e-05,1.816953248103572e-06,-1.198836135463844e-07,-9.532573972669096e-07,3.0406255428423114e-06,1.816953248103572e-06,1.2362921281402025e-05
602,1.0,0,26,broadband,nominal_with_nominal_kf,nominal,nominal_kf,none,1,oracle,0.14204793877680896,0.4074055684151658,0.010874223810016466,0.02446534736870644,0.014139060945015648,0.01187115420371279,0.018793897210104805,0.6872937832114856,118.14561697789595,0,0,0,True,0.0465512667016944,0.26906498941838014,0.19498617058033346,0.16036344852729545,0.20012980151959747,0.3978364448287192,0.17175135826786003,6.601121724784434e-07,2.7314814957059135e-07,-1.4588694272302207e-06,2.202954018395173e-06,2.3315466962540888e-07,2.7314814957059135e-07,2.2053073136785555e-05,-1.2313822502792913e-06,7.714082850492679e-07,-7.855017349168972e-07,-1.4588694272302207e-06,-1.2313822502792913e-06,1.1581434499615516e-05,-5.214671476764403e-06,1.3943137196866395e-06,2.202954018395173e-06,7.714082850492679e-07,-5.214671476764403e-06,7.833674265761835e-06,7.575239848996011e-07,2.3315466962540888e-07,-7.855017349168972e-07,1.3943137196866395e-06,7.575239848996011e-07,1.2200517845388657e-05
602,1.0,0,26,broadband,learned_with_learned_kf,learned,learned_kf,none,1,nominal,0.14886539096234175,0.46029755790685617,0.05146353271034855,0.025419405575215152,0.02325404944980028,0.01806709060931319,0.019187985712277825,0.5334433624905751,82.27572026790213,0,0,0,True,0.4285554613994193,0.21765883138995687,0.3275186396842702,0.19642183518010253,0.15928928273099294,0.8626904685647245,0.4325394669447479,5.594596936691443e-05,6.830230533277751e-06,1.4748346206237962e-05,1.711437520550923e-05,-8.169197104183042e-07,6.830230533277751e-06,1.443136202105622e-05,3.435059968139052e-06,3.4888229347246874e-06,-6.471250247416175e-07,1.4748346206237962e-05,3.435059968139052e-06,3.267584130883963e-05,6.281271173449652e-06,1.559895006356623e-06,1.711437520550923e-05,3.4888229347246874e-06,6.281271173449652e-06,1.1752608354550472e-05,9.206180365598442e-08,-8.169197104183042e-07,-6.471250247416175e-07,1.559895006356623e-06,9.206180365598442e-08,7.72908081917882e-06
602,1.0,0,26,broadband,learned_with_learned_kf,learned,learned_kf,none,1,learned,0.14886539096234175,0.46029755790685617,0.028603013455540442,0.02521113424169852,0.040832042790036965,0.038381512123742884,0.018890690300229215,0.5334433624905751,82.27572026790213,0,0,0,True,0.2414695190808834,0.2159508727304708,0.5267009664520044,0.36564102273200033,0.15679756000350636,0.8089620932923136,0.8410857598476248,1.776148893002614e-05,3.831308572556619e-06,-2.107333522798617e-05,-9.825103846177939e-06,-2.1368286503836732e-07,3.831308572556619e-06,1.4205766183218567e-05,-2.6885498939735617e-06,-8.167374549460672e-07,-5.740703115956405e-07,-2.107333522798617e-05,-2.6885498939735617e-06,8.450510888663385e-05,4.513181075262297e-05,2.4149484263838945e-06,-9.825103846177939e-06,-8.167374549460672e-07,4.513181075262297e-05,4.0725325605643746e-05,1.1438005133641732e-06,-2.1368286503836732e-07,-5.740703115956405e-07,2.4149484263838945e-06,1.1438005133641732e-06,7.4891639048295465e-06
602,1.0,0,26,broadband,learned_with_learned_kf,learned,learned_kf,none,1,oracle,0.14886539096234175,0.46029755790685617,0.010874223810016466,0.024465347368706432,0.014139060945015646,0.01187115420371279,0.018793897210104805,0.5334433624905751,82.27572026790213,0,0,0,True,0.09623506329358165,0.20956785759785984,0.20588442200070714,0.13967195603884378,0.1559190089816956,0.3501619940210539,0.1743059279507159,2.821119012117951e-06,4.3395094410369e-07,-3.203892923874475e-06,3.95975136041944e-06,3.745989346391915e-07,4.3395094410369e-07,1.3378397095521565e-05,-1.0223388262255932e-06,5.140107823642856e-07,-4.749822828412528e-07,-3.203892923874475e-06,-1.0223388262255932e-06,1.2912243581597073e-05,-4.799871001743538e-06,1.1558911498484322e-06,3.95975136041944e-06,5.140107823642856e-07,-4.799871001743538e-06,5.942554395158558e-06,5.080799060557813e-07,3.745989346391915e-07,-4.749822828412528e-07,1.1558911498484322e-06,5.080799060557813e-07,7.40547408827423e-06
602,1.0,0,26,transient,nominal_with_nominal_kf,nominal,nominal_kf,none,1,nominal,0.13674631747478516,0.4411182011961698,0.08316987638329107,0.026905886756138708,0.03000400834895376,0.023840953519067183,0.018682367386576967,0.7946925267019505,121.38798103975283,0,0,0,True,0.3597946981962841,0.29838235395893964,0.4236478226435363,0.33093106206135914,0.19487386494587416,1.173887826718938,0.6764241223573013,3.9433402719503104e-05,1.0645650296057904e-05,3.100315990508349e-05,3.1103010961247735e-05,2.367945720756334e-07,1.0645650296057904e-05,2.7120706999290236e-05,1.279234638591327e-05,1.014805157150578e-05,1.0127419973347189e-06,3.100315990508349e-05,1.279234638591327e-05,5.4671966145662875e-05,2.5672660807204512e-05,2.9374951092064746e-06,3.1103010961247735e-05,1.014805157150578e-05,2.5672660807204512e-05,3.3360288777517245e-05,1.2541832779582374e-06,2.367945720756334e-07,1.0127419973347189e-06,2.9374951092064746e-06,1.2541832779582374e-06,1.1568097289322884e-05
602,1.0,0,26,transient,nominal_with_nominal_kf,nominal,nominal_kf,none,1,learned,0.13674631747478516,0.4411182011961698,0.03589159266644469,0.026054403308343,0.061099923126595186,0.060893606641394336,0.018035976076490847,0.7946925267019505,121.38798103975283,0,0,0,True,0.1538985988301819,0.28894723537468475,0.8610746498273127,0.8416787904784815,0.1879119050349214,1.602051560011142,1.6681099013499894,7.214796182482265e-06,2.9197870268006686e-06,-2.3425724238468063e-05,-2.0100387962900284e-05,3.4021680377023565e-09,2.9197870268006686e-06,2.5432662158209482e-05,-7.663474045302569e-06,-9.021144602219435e-06,9.89025328483995e-07,-2.3425724238468063e-05,-7.663474045302569e-06,0.00022585844960747587,0.00020298454461996422,1.170829860616311e-06,-2.0100387962900284e-05,-9.021144602219435e-06,0.00020298454461996422,0.0002157980431403714,5.238549515766656e-07,3.4021680377023565e-09,9.89025328483995e-07,1.170829860616311e-06,5.238549515766656e-07,1.0756310390872428e-05
602,1.0,0,26,transient,nominal_with_nominal_kf,nominal,nominal_kf,none,1,oracle,0.13674631747478516,0.4411182011961698,0.011016297693961436,0.025201459934391147,0.013009967649250578,0.011796454055577735,0.01776032211279356,0.7946925267019505,121.38798103975283,0,0,0,True,0.04823243047778073,0.2795041092491081,0.19516246005194218,0.17663367979096847,0.184805555553996,0.41787132896287715,0.1627613089443629,7.08652019570277e-07,1.2903477556811198e-07,-1.7372608221230631e-06,2.4980951325390814e-06,2.3404425002053614e-07,1.2903477556811198e-07,2.3797488720849427e-05,1.0351354582170888e-06,2.7828076867506605e-07,1.1569029967938276e-06,-1.7372608221230631e-06,1.0351354582170888e-06,1.1602385810356944e-05,-6.518294775533875e-06,7.707873977507985e-07,2.4980951325390814e-06,2.7828076867506605e-07,-6.518294775533875e-06,9.503898040280925e-06,7.408547889087942e-07,2.3404425002053614e-07,1.1569029967938276e-06,7.707873977507985e-07,7.408547889087942e-07,1.0403627178160818e-05
602,1.0,0,26,transient,learned_with_learned_kf,learned,learned_kf,none,1,nominal,0.12258119722587743,0.43512058403982196,0.0828788906002236,0.026894295521538197,0.030064064278805848,0.02405061583445959,0.018267676038090635,0.6543459077274905,84.4557347509492,0,0,0,True,0.7381125015633045,0.2330565941669529,0.45313763989700245,0.29182668416894053,0.14811899139488297,1.4614093464380242,0.670945918511399,0.0001659586362631747,1.7142934221307853e-05,6.804737572251249e-05,5.5855914898323726e-05,2.672579799254274e-07,1.7142934221307853e-05,1.6545409717665945e-05,1.073765029331022e-05,7.0051230481944625e-06,6.752913316403895e-07,6.804737572251249e-05,1.073765029331022e-05,6.254822819222672e-05,2.4319419767490948e-05,1.7026573340883617e-06,5.5855914898323726e-05,7.0051230481944625e-06,2.4319419767490948e-05,2.5942076538487838e-05,6.960066626000278e-07,2.672579799254274e-07,6.752913316403895e-07,1.7026573340883617e-06,6.960066626000278e-07,6.6830733441705834e-06
602,1.0,0,26,transient,learned_with_learned_kf,learned,learned_kf,none,1,learned,0.12258119722587743,0.43512058403982196,0.03619499951046745,0.026067052006124025,0.06095285171529689,0.06062565549680576,0.017904316029771977,0.6543459077274905,84.4557347509492,0,0,0,True,0.31901198967001626,0.22588018442113825,0.9087930529161531,0.7297588863435375,0.14506975410683348,1.4738165300007018,1.6040517838163553,3.100050344208043e-05,4.850502991741182e-06,-4.903732429842849e-05,-3.317151550481455e-05,-5.160327688349389e-08,4.850502991741182e-06,1.554214664960207e-05,-5.885414887054112e-06,-5.736866019399409e-06,6.3189723992586e-07,-4.903732429842849e-05,-5.885414887054112e-06,0.0002515849931342149,0.00018498338775512364,6.463251474470777e-07,-3.317151550481455e-05,-5.736866019399409e-06,0.00018498338775512364,0.00016222340748044885,2.248176853209806e-07,-5.160327688349389e-08,6.3189723992586e-07,6.463251474470777e-07,2.248176853209806e-07,6.410744744825366e-06
602,1.0,0,26,transient,learned_with_learned_kf,learned,learned_kf,none,1,oracle,0.12258119722587743,0.43512058403982196,0.011016297693961435,0.025201459934391143,0.013009967649250576,0.011796454055577736,0.01776032211279356,0.6543459077274905,84.4557347509492,0,0,0,True,0.1007796172110917,0.21837359814351143,0.204982180446514,0.15563649891509948,0.14377871416767826,0.36450982240263385,0.16329011104164637,3.0938563419002267e-06,2.0646471116269107e-07,-3.829507050434382e-06,4.594119314724537e-06,3.769387179585598e-07,2.0646471116269107e-07,1.452629953819031e-05,8.488989141183478e-07,1.835840193862701e-07,7.029469180335362e-07,-3.829507050434382e-06,8.488989141183478e-07,1.2799321623237665e-05,-6.027884302560554e-06,6.341319627425036e-07,4.594119314724537e-06,1.835840193862701e-07,-6.027884302560554e-06,7.37866240403218e-06,4.995265570722968e-07,3.769387179585598e-07,7.029469180335362e-07,6.341319627425036e-07,4.995265570722968e-07,6.297148367474364e-06
602,1.0,0,29,broadband,nominal_with_nominal_kf,nominal,nominal_kf,none,1,nominal,0.12147436182379272,0.35479380526350174,0.061826638190057105,0.026137723675672162,0.02053463472627205,0.015243312003000695,0.0191083418960414,0.6483863197328826,104.86669712147119,0,0,0,True,0.25354085711710456,0.28756601791455894,0.26359941841422424,0.18720216551577262,0.2031240490125472,0.6664227717868452,0.35187510108575787,1.9581711308510805e-05,2.6529059657354524e-06,2.428236561176144e-06,4.950429123612921e-06,1.8421478413600503e-06,2.6529059657354524e-06,2.5190098300784817e-05,3.194140213643424e-06,2.599847639200336e-06,6.240521214973402e-07,2.428236561176144e-06,3.194140213643424e-06,2.1166235829922983e-05,2.9375449761042527e-06,1.4099774539670949e-06,4.950429123612921e-06,2.599847639200336e-06,2.9375449761042527e-06,1.067521109603963e-05,4.131662658134073e-07,1.8421478413600503e-06,6.240521214973402e-07,1.4099774539670949e-06,4.131662658134073e-07,1.2568325660483771e-05
602,1.0,0,29,broadband,nominal_with_nominal_kf,nominal,nominal_kf,none,1,learned,0.12147436182379272,0.35479380526350174,0.03699242984758905,0.026254393193943012,0.0449213642732258,0.043472400355602424,0.018739476971042012,0.6483863197328826,104.86669712147119,0,0,0,True,0.15186410183848287,0.2888855376076265,0.5240778190524245,0.4765802106869009,0.1992604002541659,0.9123029193351921,0.9589931233635688,7.025301820537356e-06,1.1809275639668025e-06,-1.936875793522272e-05,-1.5543632696635585e-05,1.1512863733823112e-06,1.1809275639668025e-06,2.542180224506657e-05,1.3134470387768065e-06,1.3908912128726574e-06,4.861238263201886e-07,-1.936875793522272e-05,1.3134470387768065e-06,8.36654773808888e-05,6.364700022832622e-05,-3.0206879826047167e-06,-1.5543632696635585e-05,1.3908912128726574e-06,6.364700022832622e-05,6.918735770617669e-05,-3.1679159949101826e-06,1.1512863733823112e-06,4.861238263201886e-07,-3.0206879826047167e-06,-3.1679159949101826e-06,1.2094745433067762e-05
602,1.0,0,29,broadband,nominal_with_nominal_kf,nominal,nominal_kf,none,1,oracle,0.12147436182379272,0.35479380526350174,0.010539081437694808,0.025958004205492335,0.013035751597847539,0.011701593055529255,0.01867489610876167,0.6483863197328826,104.86669712147119,0,0,0,True,0.04506534479555036,0.2855964550644589,0.17841769197524043,0.15694893143590882,0.1985966079320641,0.42964725341664906,0.16270596038382468,6.186430404384264e-07,2.7943232002669335e-07,-1.3118518272848315e-06,2.0803827505305144e-06,1.9282966955427894e-07,2.7943232002669335e-07,2.4846221936025475e-05,6.107405246169875e-07,1.1724440522614288e-06,5.61081389735097e-07,-1.3118518272848315e-06,6.107405246169875e-07,9.696847579711148e-06,-4.568135787862628e-06,1.0111507343033042e-06,2.0803827505305144e-06,1.1724440522614288e-06,-4.568135787862628e-06,7.503630873257415e-06,7.478003512172421e-07,1.9282966955427894e-07,5.61081389735097e-07,1.0111507343033042e-06,7.478003512172421e-07,1.2014297670034935e-05
602,1.0,0,29,broadband,learned_with_learned_kf,learned,learned_kf,none,1,nominal,0.12725659575823012,0.39823305840313045,0.06123893945481181,0.026140249521762693,0.0201955720750727,0.015429114268926767,0.018933986290692126,0.5273280096880999,77.5844152176465,0,0,0,True,0.5074575242874604,0.2240238928590797,0.2775908881028805,0.1642323042986594,0.15678239667013466,0.7972074293049901,0.35035148350165435,7.844298794994019e-05,4.195978376686767e-06,5.4210472925767095e-06,8.939737163467748e-06,2.8759794245503236e-06,4.195978376686767e-06,1.5287744454240157e-05,2.6896801622342894e-06,1.8025483531905774e-06,3.984796567953672e-07,5.4210472925767095e-06,2.6896801622342894e-06,2.347281348394805e-05,2.8507942691699776e-06,8.990467262277483e-07,8.939737163467748e-06,1.8025483531905774e-06,2.8507942691699776e-06,8.216217132378511e-06,2.7119888779259714e-07,2.8759794245503236e-06,3.984796567953672e-07,8.990467262277483e-07,2.7119888779259714e-07,7.4877154741532405e-06
602,1.0,0,29,broadband,learned_with_learned_kf,learned,learned_kf,none,1,learned,0.12725659575823012,0.39823305840313045,0.03678518458328597,0.026256791925108717,0.04442730149487904,0.04308966797585469,0.018712584609218718,0.5273280096880999,77.5844152176465,0,0,0,True,0.30576785888900776,0.22506106410848198,0.556460779539717,0.3989329721585691,0.154997206898568,0.7662212936724229,0.9159899641846437,2.8479896028358084e-05,1.9577300263076383e-06,-4.0685032072680463e-05,-2.486341616391447e-05,1.8064558881331714e-06,1.9577300263076383e-06,1.5429628548592586e-05,1.1096065690377592e-06,1.0256327863166337e-06,3.0264895605594044e-07,-4.0685032072680463e-05,1.1096065690377592e-06,9.432435731850031e-05,5.639100506864211e-05,-2.609835770502218e-06,-2.486341616391447e-05,1.0256327863166337e-06,5.639100506864211e-05,4.8479105773235854e-05,-2.0306811698466353e-06,1.8064558881331714e-06,3.0264895605594044e-07,-2.609835770502218e-06,-2.0306811698466353e-06,7.3181697562731805e-06
602,1.0,0,29,broadband,learned_with_learned_kf,learned,learned_kf,none,1,oracle,0.12725659575823012,0.39823305840313045,0.010539081437694806,0.025958004205492335,0.013035751597847539,0.011701593055529256,0.018674896108761673,0.5273280096880999,77.5844152176465,0,0,0,True,0.09313292579197935,0.22246309199954323,0.18851272541302955,0.13658910579025257,0.15470118346926418,0.3730988443071075,0.16317334699541142,2.6421728672918226e-06,4.572485472174822e-07,-2.8799510386359036e-06,3.7359947397680327e-06,3.1162930661768646e-07,4.572485472174822e-07,1.5075463498424202e-05,5.165018111419383e-07,8.124588418164835e-07,3.38694497753054e-07,-2.8799510386359036e-06,5.165018111419383e-07,1.0825203759740851e-05,-4.1988602668332155e-06,8.423909791510488e-07,3.7359947397680327e-06,8.124588418164835e-07,-4.1988602668332155e-06,5.6831204254597785e-06,5.075816873167817e-07,3.1162930661768646e-07,3.38694497753054e-07,8.423909791510488e-07,5.075816873167817e-07,7.290243046686358e-06
602,1.0,0,29,transient,nominal_with_nominal_kf,nominal,nominal_kf,none,1,nominal,0.11054136162869654,0.3912226448816658,0.10083834778016387,0.02636848702127609,0.02133184988143903,0.017242584700486594,0.018479852769020418,0.776638568229495,108.17012051039487,0,0,0,True,0.4363957879903209,0.2925922769769432,0.3043405008742308,0.24738375677947738,0.1924172861581617,0.9319002963332984,0.4466787234202599,5.801173248462001e-05,7.204424011661182e-06,1.3522889376220643e-05,1.9567065008093653e-05,1.7448531620206553e-07,7.204424011661182e-06,2.60783705826102e-05,5.311663551900924e-06,5.459414579424006e-06,1.2545530043276775e-06,1.3522889376220643e-05,5.311663551900924e-06,2.8214622063237548e-05,6.960510839374392e-06,1.0269788489082266e-06,1.9567065008093653e-05,5.459414579424006e-06,6.960510839374392e-06,1.8642197130546152e-05,6.761100281965301e-07,1.7448531620206553e-07,1.2545530043276775e-06,1.0269788489082266e-06,6.761100281965301e-07,1.1278280856359204e-05
602,1.0,0,29,transient,nominal_with_nominal_kf,nominal,nominal_kf,none,1,learned,0.11054136162869654,0.3912226448816658,0.050942784427027925,0.025987058509061293,0.07238390409377886,0.06921357141122633,0.018128826728287518,0.776638568229495,108.17012051039487,0,0,0,True,0.21855192648646668,0.28837068996493526,1.016559370723366,0.9447975620727528,0.18883480530978064,1.8150512496538558,1.9347664454115427,1.4550034171456705e-05,3.826159705301009e-07,-5.560848346020314e-05,-4.843696872971341e-05,1.0406798887884434e-07,3.826159705301009e-07,2.5331270250088108e-05,4.717922650145148e-06,5.380569191126786e-06,1.0912148194374742e-06,-5.560848346020314e-05,4.717922650145148e-06,0.0003147894953358394,0.0002767884573483614,-7.721051251612913e-07,-4.843696872971341e-05,5.380569191126786e-06,0.0002767884573483614,0.0002719144348235539,-6.035256345731756e-07,1.0406798887884434e-07,1.0912148194374742e-06,-7.721051251612913e-07,-6.035256345731756e-07,1.0862225758840511e-05
602,1.0,0,29,transient,nominal_with_nominal_kf,nominal,nominal_kf,none,1,oracle,0.11054136162869654,0.3912226448816658,0.011432713924939155,0.025712446585087832,0.01245124736376295,0.012696577227891515,0.018077599626679482,0.776638568229495,108.17012051039487,0,0,0,True,0.050043439969711626,0.28534310424408366,0.18521946625601557,0.19189351965943643,0.18832559699659807,0.43408634903292365,0.16845740557192854,7.62867381438193e-07,3.928122636530396e-07,-1.7324061186891345e-06,2.7998826696060608e-06,2.3101540557512597e-07,3.928122636530396e-07,2.4802159633741024e-05,-1.8668203999443537e-08,1.511884586493699e-06,1.0979902115876294e-06,-1.7324061186891345e-06,-1.8668203999443537e-08,1.0450281564747358e-05,-6.511422167084521e-06,8.561181037148532e-07,2.7998826696060608e-06,1.511884586493699e-06,-6.511422167084521e-06,1.1216964682414114e-05,1.0544712959628636e-06,2.3101540557512597e-07,1.0979902115876294e-06,8.561181037148532e-07,1.0544712959628636e-06,1.0803723004860825e-05
602,1.0,0,29,transient,learned_with_learned_kf,learned,learned_kf,none,1,nominal,0.10417655622014967,0.3832896069779695,0.10022410520426696,0.02634016571377602,0.02112258635937284,0.017461639344352922,0.018363227136239193,0.6750119520949212,80.73549134335228,0,0,0,True,0.89331649291004,0.22844100752640067,0.31956301300299816,0.22066196378152692,0.14874999873248607,1.2785207470433844,0.44148682717832094,0.00024308907423133223,1.1451495772556659e-05,2.965353936675775e-05,3.5529715719529106e-05,2.702787684622148e-07,1.1451495772556659e-05,1.589654958462303e-05,4.074643070158735e-06,3.612423167219915e-06,7.48990869873413e-07,2.965353936675775e-05,4.074643070158735e-06,3.1107689090216676e-05,6.71656996038596e-06,6.612712080814403e-07,3.5529715719529106e-05,3.612423167219915e-06,6.71656996038596e-06,1.4832340707439444e-05,4.143247682793363e-07,2.702787684622148e-07,7.48990869873413e-07,6.612712080814403e-07,4.143247682793363e-07,6.740136262632564e-06
602,1.0,0,29,transient,learned_with_learned_kf,learned,learned_kf,none,1,learned,0.10417655622014967,0.3832896069779695,0.05083842617495088,0.025968635173062336,0.07185575855314691,0.06874116325161705,0.018117007008665566,0.6750119520949212,80.73549134335228,0,0,0,True,0.4476807754059576,0.2252172885576021,1.0657729011619717,0.8156573818929602,0.1468267508459485,1.5610581174794316,1.855670633498988,6.105083739324508e-05,6.14082203061301e-07,-0.00011894863301222829,-8.325306998612429e-05,1.510940377246946e-07,6.14082203061301e-07,1.545105670490029e-05,3.599272932515425e-06,3.4962634464095265e-06,6.55483269508188e-07,-0.00011894863301222829,3.599272932515425e-06,0.0003460063603347002,0.0002501433961429034,-6.833265710721356e-07,-8.325306998612429e-05,3.4962634464095265e-06,0.0002501433961429034,0.0002026610447594931,-4.812299513013526e-07,1.510940377246946e-07,6.55483269508188e-07,-6.833265710721356e-07,-4.812299513013526e-07,6.566971202520405e-06
602,1.0,0,29,transient,learned_with_learned_kf,learned,learned_kf,none,1,oracle,0.10417655622014967,0.3832896069779695,0.011432713924939154,0.02571244658508783,0.012451247363762952,0.012696577227891515,0.018077599626679486,0.6750119520949212,80.73549134335228,0,0,0,True,0.10466858428445383,0.2230203593157776,0.1946575993777988,0.16930344388418742,0.1465282054317862,0.38092573799896423,0.16447014227074422,3.3372399611913215e-06,6.310282451529195e-07,-3.817445015635911e-06,5.161630168408614e-06,3.78897986296413e-07,6.310282451529195e-07,1.5151085798637076e-05,-1.6104839490309428e-08,1.0240379550002965e-06,6.667183569841809e-07,-3.817445015635911e-06,-1.6104839490309428e-08,1.1542435634496704e-05,-6.016926555517603e-06,7.091783465380677e-07,5.161630168408614e-06,1.0240379550002965e-06,-6.016926555517603e-06,8.731448966200414e-06,7.284004191899215e-07,3.78897986296413e-07,6.667183569841809e-07,7.091783465380677e-07,7.284004191899215e-07,6.540292876849994e-06
602,1.0,1,2,broadband,nominal_with_nominal_kf,nominal,nominal_kf,none,0,nominal,0.1502021328110238,0.4749020164865428,0.021722949147350065,0.024992270062947717,0.01389549807109974,0.014016110795427871,0.018122684610620294,0.5805091500583974,87.7811481739388,0,0,0,True,0.0904592575340605,0.2750109458441829,0.17875905575097384,0.17524544114513874,0.19277803935451937,0.47300437988922295,0.23399759991777114,2.4926469615194354e-06,-5.050226269516377e-07,3.4941027140472376e-07,4.3736749815224295e-06,4.113773172772275e-07,-5.050226269516377e-07,2.303852627001331e-05,8.5085304361204e-07,-3.7193663954114835e-07,1.159769269482914e-07,3.4941027140472376e-07,8.5085304361204e-07,9.733988729754179e-06,-1.2048971283104262e-06,9.712537092239524e-07,4.3736749815224295e-06,-3.7193663954114835e-07,-1.2048971283104262e-06,9.355094808453878e-06,1.1153828764596313e-06,4.113773172772275e-07,1.159769269482914e-07,9.712537092239524e-07,1.1153828764596313e-06,1.1320610628537277e-05
602,1.0,1,2,broadband,nominal_with_nominal_kf,nominal,nominal_kf,none,0,learned,0.1502021328110238,0.4749020164865428,0.06657138587035748,0.02625669731407029,0.13657959388111843,0.13937535087388414,0.01812052992465584,0.5805091500583974,87.7811481739388,0,0,0,True,0.2747886211196689,0.28894662078262845,1.5454280559473528,1.5042169578598794,0.1924147083999305,3.3152440931411045,3.0363333410801783,2.30012916529721e-05,-6.249281541524446e-07,0.00012252597286888014,0.00012091133248263846,8.6992261746298e-07,-6.249281541524446e-07,2.5432553967553222e-05,-5.123540935995582e-06,-5.977946607656149e-06,-2.2247702156840274e-07,0.00012252597286888014,-5.123540935995582e-06,0.0007275323675734542,0.000695792431636476,3.4971850579450648e-06,0.00012091133248263846,-5.977946607656149e-06,0.000695792431636476,0.000689248287918395,4.1069866156842265e-06,8.6992261746298e-07,-2.2247702156840274e-07,3.4971850579450648e-06,4.1069866156842265e-06,1.1277978674708556e-05
602,1.0,1,2,broadband,nominal_with_nominal_kf,nominal,nominal_kf,none,0,oracle,0.1502021328110238,0.4749020164865428,0.012122423985577519,0.02494775547252515,0.010959658749979236,0.011058475297958175,0.01801642134311692,0.5805091500583974,87.7811481739388,0,0,0,True,0.0518366022671951,0.2745217238089707,0.14862276056506085,0.14794152581269338,0.19153172188618975,0.38673250108354496,0.12103072504316961,8.185171612689746e-07,-1.6765563297797555e-07,-1.5900124858191201e-06,2.257352794934451e-06,3.156218950296391e-07,-1.6765563297797555e-07,2.2956631859439162e-05,7.943916520897585e-07,-1.6477845011236846e-07,1.71930108341594e-08,-1.5900124858191201e-06,7.943916520897585e-07,6.72861040307796e-06,-4.466755039204034e-06,6.840328639114062e-07,2.257352794934451e-06,-1.6477845011236846e-07,-4.466755039204034e-06,6.667068576771068e-06,9.274411208577274e-07,3.156218950296391e-07,1.71930108341594e-08,6.840328639114062e-07,9.274411208577274e-07,1.1174707423286634e-05
602,1.0,1,2,broadband,learned_with_learned_kf,learned,learned_kf,none,0,nominal,0.14412328136418462,0.4619463530565814,0.021914078740903144,0.024993232666008214,0.015359467161883878,0.01420954709128244,0.018218846064526006,1.0778508253139272,125.13466486941762,0,0,0,True,0.5130110740658845,0.24688063059947557,0.8752788786001992,0.028542930494512075,0.09408589428628011,1.1295253141135755,0.8752275304100963,8.016932284576913e-05,-2.3965128125395877e-06,1.7823924251828157e-05,4.125603940417669e-06,8.453102731385371e-07,-2.3965128125395877e-06,1.8566445676875418e-05,4.372634719782854e-06,-4.437261159573237e-08,9.815157781683302e-08,1.7823924251828157e-05,4.372634719782854e-06,0.0002333714004546389,-1.3777605509352717e-07,2.041715492097316e-06,4.125603940417669e-06,-4.437261159573237e-08,-1.3777605509352717e-07,2.481714710986936e-07,6.502132083885693e-08,8.453102731385371e-07,9.815157781683302e-08,2.041715492097316e-06,6.502132083885693e-08,2.6965207690722936e-06
602,1.0,1,2,broadband,learned_with_learned_kf,learned,learned_kf,none,0,learned,0.14412328136418462,0.4619463530565814,0.06759844358514032,0.026328458307661094,0.13886784418306988,0.13908987937349765,0.01882778076282722,1.0778508253139272,125.13466486941762,0,0,0,True,1.5477077827182053,0.2600707512436683,7.2343305292607125,0.24264108180402003,0.0967711225815219,8.942953066655855,7.470901290764686,0.0007296803787034023,-6.872467553528409e-07,0.00318721542381921,0.00010980517189208727,4.084669224968223e-06,-6.872467553528409e-07,2.060334617428896e-05,-7.062813348989658e-06,-5.492920657770543e-07,-1.592011699378278e-07,0.00318721542381921,-7.062813348989658e-06,0.01594231661164124,0.0005208886590530385,1.0341658073081958e-05,0.00010980517189208727,-5.492920657770543e-07,0.0005208886590530385,1.793425755339315e-05,5.33117286176649e-07,4.084669224968223e-06,-1.592011699378278e-07,1.0341658073081958e-05,5.33117286176649e-07,2.8526355706770327e-06
602,1.0,1,2,broadband,learned_with_learned_kf,learned,learned_kf,none,0,oracle,0.14412328136418462,0.4619463530565814,0.01212242398557752,0.024947755472525153,0.010959658749979237,0.011058475297958172,0.018016421343116925,1.0778508253139272,125.13466486941762,0,0,0,True,0.3007606760913476,0.24643123050334245,0.6369182204793356,0.02350898833068535,0.092982998770105,0.5725862766260947,0.6215668874458626,2.7554773153951313e-05,-8.84296737929959e-07,-3.974620091478761e-05,2.097056933824076e-06,8.904551947313134e-07,-8.84296737929959e-07,1.8498913701435436e-05,2.9024829465679605e-06,-2.4910545246475855e-08,1.2717774711797407e-08,-3.974620091478761e-05,2.9024829465679605e-06,0.00012357257063826265,-3.0266933871513627e-06,1.4288303224170655e-06,2.097056933824076e-06,-2.4910545246475855e-08,-3.0266933871513627e-06,1.683536807860515e-07,7.159519590306933e-08,8.904551947313134e-07,1.2717774711797407e-08,1.4288303224170655e-06,7.159519590306933e-08,2.633672881816626e-06
602,1.0,1,2,transient,nominal_with_nominal_kf,nominal,nominal_kf,none,0,nominal,0.13827711425954042,0.45367787680645155,0.03271081921602128,0.026286467687497237,0.023232365113039114,0.020699295649593205,0.018621488763106434,0.7276748527592468,90.45290742130129,0,0,0,True,0.1418602817087786,0.2921492218916194,0.336727106895417,0.2947893861067189,0.19319224804164367,0.7530474594593417,0.5595660475975643,6.130224381472283e-06,-4.879654979478158e-07,9.207279429490817e-06,1.2026755171155699e-05,-9.136175188130184e-08,-4.879654979478158e-07,2.5999452526821546e-05,-1.7155430131945838e-06,7.772528691342798e-08,-1.0368988609655221e-06,9.207279429490817e-06,-1.7155430131945838e-06,3.453909016526423e-05,1.7184722903960255e-05,-6.97694069053025e-07,1.2026755171155699e-05,7.772528691342798e-08,1.7184722903960255e-05,2.6471492039384322e-05,-3.5050866930341135e-07,-9.136175188130184e-08,-1.0368988609655221e-06,-6.97694069053025e-07,-3.5050866930341135e-07,1.1369310499612762e-05
602,1.0,1,2,transient,nominal_with_nominal_kf,nominal,nominal_kf,none,0,learned,0.13827711425954042,0.45367787680645155,0.1458086349185065,0.027674515168187298,0.248995347673912,0.2481540429391358,0.018757788867268435,0.7276748527592468,90.45290742130129,0,0,0,True,0.6395831219848268,0.307597538561499,3.421150380071251,3.3160920159576204,0.1944805371610909,7.334538277181399,6.729518270917924,0.0001246088030524233,-5.811515179170975e-06,0.000658643132286906,0.0006409941912410055,-1.5984020730497717e-06,-5.811515179170975e-06,2.882175664390146e-05,-3.274380549946004e-05,-3.0505228509322975e-05,-1.2162978358163356e-06,0.000658643132286906,-3.274380549946004e-05,0.0035653245044502224,0.003439995779400426,-7.475219763554999e-06,0.0006409941912410055,-3.0505228509322975e-05,0.003439995779400426,0.0033497151783743,-6.762626258362547e-06,-1.5984020730497717e-06,-1.2162978358163356e-06,-7.475219763554999e-06,-6.762626258362547e-06,1.1521446988285238e-05
602,1.0,1,2,transient,nominal_with_nominal_kf,nominal,nominal_kf,none,0,oracle,0.13827711425954042,0.45367787680645155,0.012188094999590778,0.02635020377854268,0.01086795864791695,0.01080442939757889,0.01856363906314476,0.7276748527592468,90.45290742130129,0,0,0,True,0.053363010707139356,0.2928631518552656,0.16096407199750493,0.1604838873123872,0.19256382821565154,0.39747358034501273,0.11642592895006092,8.674318884877516e-07,4.4093101788213256e-07,-1.941870032249903e-06,2.5183133365499185e-06,1.9031599202257154e-07,4.4093101788213256e-07,2.612667838731747e-05,-6.439752690615944e-08,2.058693384352808e-06,-1.0447002103956218e-06,-1.941870032249903e-06,-6.439752690615944e-08,7.892464468373305e-06,-5.804410855500503e-06,1.1856904997910553e-07,2.5183133365499185e-06,2.058693384352808e-06,-5.804410855500503e-06,7.845445433235151e-06,5.773418544489944e-07,1.9031599202257154e-07,-1.0447002103956218e-06,1.1856904997910553e-07,5.773418544489944e-07,1.1295466129744237e-05
602,1.0,1,2,transient,learned_with_learned_kf,learned,learned_kf,none,0,nominal,0.11925489289161656,0.42462851639786364,0.03295583761354956,0.0262937573355625,0.02388568318111321,0.02094729365788065,0.01879411189271026,1.1506948674803557,129.32740358505507,0,0,0,True,0.8282746446734456,0.257623660596827,1.4698592394779697,0.047791275819296306,0.0945731900856617,2.1378613397344397,1.4977595422098455,0.00020897939563400324,-2.2450644081353207e-06,0.00023698469920136096,1.1548533935330118e-05,-5.636402146984264e-07,-2.2450644081353207e-06,2.0217443072471114e-05,-5.933107891061977e-06,3.0615123992223264e-08,-4.359183788668969e-07,0.00023698469920136096,-5.933107891061977e-06,0.0006581217268179791,1.226290066685868e-05,-8.486139457548758e-07,1.1548533935330118e-05,3.0615123992223264e-08,1.226290066685868e-05,6.957480280333578e-07,-5.031153317782097e-08,-5.636402146984264e-07,-4.359183788668969e-07,-8.486139457548758e-07,-5.031153317782097e-08,2.7245250951055043e-06
602,1.0,1,2,transient,learned_with_learned_kf,learned,learned_kf,none,0,learned,0.11925489289161656,0.42462851639786364,0.14581460252613834,0.027795962362104517,0.2496740664349034,0.24756895100421009,0.01936751171995576,1.1506948674803557,129.32740358505507,0,0,0,True,3.747137998179742,0.27234924869176236,14.745041506507887,0.5321395580359548,0.09728459320923816,18.9259069523181,15.273355503821726,0.004277146343814113,-2.67471575387596e-05,0.01642253382074257,0.0006002352029477018,-2.6462730822866943e-06,-2.67471575387596e-05,2.2594726997132214e-05,-0.00010507299509033187,-3.841285927746352e-06,-5.296469454439485e-07,0.01642253382074257,-0.00010507299509033187,0.06622877679880892,0.002372355409906905,-9.40919490428383e-06,0.0006002352029477018,-3.841285927746352e-06,0.002372355409906905,8.625927911516569e-05,-2.581629961684213e-07,-2.6462730822866943e-06,-5.296469454439485e-07,-9.40919490428383e-06,-2.581629961684213e-07,2.8829882322644736e-06
602,1.0,1,2,transient,learned_with_learned_kf,learned,learned_kf,none,0,oracle,0.11925489289161656,0.42462851639786364,0.012188094999590773,0.026350203778542677,0.010867958647916951,0.010804429397578889,0.01856363906314476,1.1506948674803557,129.32740358505507,0,0,0,True,0.31825340441389743,0.25817401077813684,0.6747711363199496,0.02552378761715596,0.09341382346051057,0.5658910534121242,0.6562999400984793,3.085324524874074e-05,2.2828449679240576e-06,-4.874089939924019e-05,2.4042671419786095e-06,5.898219374244796e-07,2.2828449679240576e-06,2.0303914618975647e-05,-4.976744437405822e-07,2.896954850519439e-07,-4.5748056798206856e-07,-4.874089939924019e-05,-4.976744437405822e-07,0.00013869721142975342,-3.843957894665917e-06,3.480116129074325e-07,2.4042671419786095e-06,2.896954850519439e-07,-3.843957894665917e-06,1.9844720183490364e-07,4.4121433617253195e-08,5.898219374244796e-07,-4.5748056798206856e-07,3.480116129074325e-07,4.4121433617253195e-08,2.6581349866952147e-06
602,1.0,1,5,broadband,nominal_with_nominal_kf,nominal,nominal_kf,none,1,nominal,0.14151509171001098,0.4406009629854307,0.02310440904038411,0.024822516752625378,0.014927950037989652,0.013730431410398099,0.017914331710113553,0.5420642130746202,78.90210537898207,0,0,0,True,0.09575283366507481,0.272759260530449,0.19368512904207266,0.1759653092954527,0.18986586324015692,0.411865212794685,0.24826401173022777,2.792916845326159e-06,2.985026571652975e-08,-4.503385497727477e-06,-3.550051596355275e-07,-7.862234166290119e-08,2.985026571652975e-08,2.2662809277449834e-05,5.509201810786497e-07,1.5962939435630497e-06,-2.624520174253981e-07,-4.503385497727477e-06,5.509201810786497e-07,1.1427396322634181e-05,-1.042202773714864e-06,1.0214935249219446e-06,-3.550051596355275e-07,1.5962939435630497e-06,-1.042202773714864e-06,9.43210983959915e-06,2.3148634416048783e-07,-7.862234166290119e-08,-2.624520174253981e-07,1.0214935249219446e-06,2.3148634416048783e-07,1.0981167385581853e-05
602,1.0,1,5,broadband,nominal_with_nominal_kf,nominal,nominal_kf,none,1,learned,0.14151509171001098,0.4406009629854307,0.038621997611327744,0.027932944282856836,0.04189553259721895,0.04499187909706673,0.017895202432873965,0.5420642130746202,78.90210537898207,0,0,0,True,0.1596188128855334,0.3067939435937708,0.4890320043802378,0.49939372556840245,0.1896729685144176,1.1235548107171893,0.9468811071280924,7.761093013267682e-06,-6.019080636206074e-07,1.6082425670378753e-05,2.1418435422658433e-05,1.218488737389986e-07,-6.019080636206074e-07,2.867136035163363e-05,-2.9295398125301127e-06,-2.9408472615980642e-06,-4.449536090145693e-07,1.6082425670378753e-05,-2.9295398125301127e-06,7.284995696054303e-05,6.214765555534835e-05,7.428601634262967e-07,2.1418435422658433e-05,-2.9408472615980642e-06,6.214765555534835e-05,7.596978516146611e-05,5.692628111005995e-07,1.218488737389986e-07,-4.449536090145693e-07,7.428601634262967e-07,5.692628111005995e-07,1.0958866027824803e-05
602,1.0,1,5,broadband,nominal_with_nominal_kf,nominal,nominal_kf,none,1,oracle,0.14151509171001098,0.4406009629854307,0.011915493215133684,0.024932495011390606,0.010856106389583394,0.009467244447005701,0.017831337216171108,0.5420642130746202,78.90210537898207,0,0,0,True,0.05122135760459882,0.27394508875221785,0.15437211892522917,0.1342275736293502,0.1890169110094702,0.3738349041536669,0.10015781140368964,7.992026318728203e-07,1.792959472038055e-07,-1.782939400764018e-06,2.0148637811802255e-06,5.3221100133402094e-08,1.792959472038055e-07,2.2860291972809192e-05,1.3983440760280627e-07,1.2711847164147988e-06,-3.1489571915627306e-07,-1.782939400764018e-06,1.3983440760280627e-07,7.259261912107562e-06,-4.845885204071944e-06,8.303779727859419e-07,2.0148637811802255e-06,1.2711847164147988e-06,-4.845885204071944e-06,5.488304700750373e-06,9.534710391198374e-08,5.3221100133402094e-08,-3.1489571915627306e-07,8.303779727859419e-07,9.534710391198374e-08,1.0883186164006954e-05
602,1.0,1,5,broadband,learned_with_learned_kf,learned,learned_kf,none,1,nominal,0.17531868599917166,0.5990404981354871,0.022554820479240182,0.02481918670844277,0.014993136178575044,0.01360191338696077,0.017933597609932267,0.7511939715748122,122.800991779539,0,0,0,True,1.1290064724117552,0.07899621463131055,0.7737722994933844,0.06162674548229616,0.20443395545188067,0.7053814146168105,0.7811962877412173,0.00038828230448106546,4.788875362412586e-08,-0.00021946840331523365,-4.1172926387987115e-06,-1.3672942393414057e-06,4.788875362412586e-08,1.9009351331533036e-06,8.24272196387206e-07,1.465012607914634e-07,1.1401017883013068e-08,-0.00021946840331523365,8.24272196387206e-07,0.0001823816295046273,1.1798156718278183e-06,5.25896996100887e-06,-4.1172926387987115e-06,1.465012607914634e-07,1.1798156718278183e-06,1.156893021949383e-06,4.095496395716975e-08,-1.3672942393414057e-06,1.1401017883013068e-08,5.25896996100887e-06,4.095496395716975e-08,1.2730949585726254e-05
602,1.0,1,5,broadband,learned_with_learned_kf,learned,learned_kf,none,1,learned,0.17531868599917166,0.5990404981354871,0.04174942753360883,0.027999957418629002,0.04288348407623384,0.04717392028917365,0.01790415577241688,0.7511939715748122,122.800991779539,0,0,0,True,2.0890885696897215,0.08982235033311944,2.1584475795807685,0.21399032120265832,0.2040966789111667,4.131781653281726,2.348684205211468,0.001329439079460972,-5.4184172576586375e-06,0.0009708231896314238,0.00012136127263303097,2.1523875663622005e-06,-5.4184172576586375e-06,2.457669980849397e-06,-5.196940106218789e-06,-6.42005983299232e-07,-5.25246982011715e-08,0.0009708231896314238,-5.196940106218789e-06,0.0014191808645007073,0.00012361827014871366,4.429505921861919e-06,0.00012136127263303097,-6.42005983299232e-07,0.00012361827014871366,1.3948997499731612e-05,2.2382960751234423e-07,2.1523875663622005e-06,-5.25246982011715e-08,4.429505921861919e-06,2.2382960751234423e-07,1.2688977021876073e-05
602,1.0,1,5,broadband,learned_with_learned_kf,learned,learned_kf,none,1,oracle,0.17531868599917166,0.5990404981354871,0.011915493215133684,0.024932495011390603,0.010856106389583396,0.0094672444470057,0.017831337216171108,0.7511939715748122,122.800991779539,0,0,0,True,0.6082021878424136,0.07945486397333949,0.5752241418293532,0.04242308565721235,0.20327204822484887,0.5326693758100358,0.5446385509805963,0.00011268099968643452,6.51154007496331e-07,-7.864928445966014e-05,7.678356015472413e-06,4.211278239186038e-07,6.51154007496331e-07,1.9230727420151656e-06,2.2861833775426145e-07,1.0670995603478488e-07,-1.5062307804317964e-08,-7.864928445966014e-05,2.2861833775426145e-07,0.00010079266885240797,-5.490939227289839e-06,4.0483300189342105e-06,7.678356015472413e-06,1.0670995603478488e-07,-5.490939227289839e-06,5.482255134155988e-07,-2.925196594801598e-08,4.211278239186038e-07,-1.5062307804317964e-08,4.0483300189342105e-06,-2.925196594801598e-08,1.258664727189207e-05
602,1.0,1,5,transient,nominal_with_nominal_kf,nominal,nominal_kf,none,1,nominal,0.12742495016106228,0.4485266614315834,0.034767341412837174,0.026356183788140506,0.022993949903549755,0.023321891947703306,0.01862831008649706,0.7183656384795238,85.08624870898178,0,0,0,True,0.14933764948860878,0.29250105979112173,0.33853410648610144,0.3490096055626367,0.19413350969716914,0.6737349894564602,0.6181409478026468,6.793496532228527e-06,-2.319019639486105e-07,-1.3517209240523477e-05,-8.711731815042947e-06,1.3830457981542173e-07,-2.319019639486105e-07,2.6062112978008373e-05,3.1779945051656654e-06,3.722607747992099e-06,1.1524266626267492e-06,-1.3517209240523477e-05,3.1779945051656654e-06,3.491078334667321e-05,2.218912262681943e-05,1.2118695178218761e-06,-8.711731815042947e-06,3.722607747992099e-06,2.218912262681943e-05,3.710474873869777e-05,1.8285557116072895e-06,1.3830457981542173e-07,1.1524266626267492e-06,1.2118695178218761e-06,1.8285557116072895e-06,1.148036636008275e-05
602,1.0,1,5,transient,nominal_with_nominal_kf,nominal,nominal_kf,none,1,learned,0.12742495016106228,0.4485266614315834,0.039595072980376546,0.029253849856589076,0.05331144920777967,0.047793704744926536,0.018604801822528834,0.7183656384795238,85.08624870898178,0,0,0,True,0.17477555830123884,0.32442687623249045,0.759482457547343,0.673511426295232,0.19387763930408303,1.5945106615617208,1.397773710101757,9.30499472787984e-06,6.3778952081107e-07,3.205199874406776e-05,3.10314713931685e-05,-2.886175175276815e-07,6.3778952081107e-07,3.20618357587846e-05,1.4056734580238599e-06,-2.5903754855725463e-07,1.121131670876786e-06,3.205199874406776e-05,1.4056734580238599e-06,0.00017570747154186788,0.00014063273942063918,-1.704556249999613e-06,3.10314713931685e-05,-2.5903754855725463e-07,0.00014063273942063918,0.00013817983547784196,-7.412736877345613e-07,-2.886175175276815e-07,1.121131670876786e-06,-1.704556249999613e-06,-7.412736877345613e-07,1.1450123770471457e-05
602,1.0,1,5,transient,nominal_with_nominal_kf,nominal,nominal_kf,none,1,oracle,0.12742495016106228,0.4485266614315834,0.012965545710831944,0.026258013632828484,0.010748878181074664,0.010072247280289924,0.01854455484738635,0.7183656384795238,85.08624870898178,0,0,0,True,0.05681946362283452,0.29147509769664504,0.16366066982093844,0.15273800146344133,0.19323866311038088,0.40857739693151873,0.10440208620634547,9.834425495049581e-07,5.986637567678656e-08,-2.2208352717014946e-06,2.559987195339895e-06,2.8506462110534424e-07,5.986637567678656e-08,2.5879605288616806e-05,6.27254668308968e-07,1.2602479987962093e-06,1.0382308786104626e-06,-2.2208352717014946e-06,6.27254668308968e-07,8.159121187925815e-06,-5.9726210065523565e-06,1.8194646424705052e-07,2.559987195339895e-06,1.2602479987962093e-06,-5.9726210065523565e-06,7.106388438344147e-06,8.549212602098136e-07,2.8506462110534424e-07,1.0382308786104626e-06,1.8194646424705052e-07,8.549212602098136e-07,1.1374774183848429e-05
602,1.0,1,5,transient,learned_with_learned_kf,learned,learned_kf,none,1,nominal,0.09073591640742146,0.29366699822212344,0.0342608572524559,0.026360462306312,0.02280179963876182,0.02299082744644391,0.01867339720713613,0.9285045143852243,137.12905739371567,0,0,0,True,1.7672130190312727,0.07257427305256443,1.2427298867384438,0.10641395562450462,0.20610339362441582,0.8710724879694617,1.3133112663289461,0.0009513329516443921,6.831174693297019e-07,-0.0006041191987662913,-3.54587532963403e-05,2.068033245528362e-06,6.831174693297019e-07,1.6044275986883413e-06,1.5576517055448156e-06,1.197850075689532e-07,2.2698237626965577e-07,-0.0006041191987662913,1.5576517055448156e-06,0.0004704443109741822,2.57531153065634e-05,4.427897866888798e-06,-3.54587532963403e-05,1.197850075689532e-07,2.57531153065634e-05,3.4494663237182806e-06,4.227941194466919e-07,2.068033245528362e-06,2.2698237626965577e-07,4.427897866888798e-06,4.227941194466919e-07,1.2939724228128448e-05
602,1.0,1,5,transient,learned_with_learned_kf,learned,learned_kf,none,1,learned,0.09073591640742146,0.29366699822212344,0.03898258824931356,0.029230130950262886,0.052426073315445604,0.04692457089692038,0.01863314190957396,0.9285045143852243,137.12905739371567,0,0,0,True,2.0423412166842887,0.08124344897674332,2.8087532740284913,0.21720201872175976,0.20564178886279258,4.777034071313479,3.0057139127359624,0.0012706072794554386,2.9093970111657744e-06,0.001340305810218951,0.00011231637245580377,-2.770931984076375e-06,2.9093970111657744e-06,2.0106266705658966e-06,7.071324970334654e-06,4.140054582408155e-07,2.2405610346500863e-07,0.001340305810218951,7.071324970334654e-06,0.002403155749451242,0.00016724173418088272,-3.512494682912755e-06,0.00011231637245580377,4.140054582408155e-07,0.00016724173418088272,1.437084978729827e-05,-1.9376788902193504e-08,-2.770931984076375e-06,2.2405610346500863e-07,-3.512494682912755e-06,-1.9376788902193504e-08,1.2881827563949386e-05
602,1.0,1,5,transient,learned_with_learned_kf,learned,learned_kf,none,1,oracle,0.09073591640742146,0.29366699822212344,0.012965545710831944,0.02625801363282849,0.010748878181074669,0.010072247280289923,0.01854455484738635,0.9285045143852243,137.12905739371567,0,0,0,True,0.6717420613463527,0.07197150002180976,0.587936315247505,0.04552816860651725,0.20466593824295073,0.5370983107635329,0.5542293458890761,0.00013745477157988098,-7.387239866087059e-08,-9.338609370409871e-05,9.104697616737462e-06,3.3877150807421434e-06,-7.387239866087059e-08,1.577886802665296e-06,5.668499732233789e-07,5.084287675259447e-08,1.9622849341576392e-07,-9.338609370409871e-05,5.668499732233789e-07,0.00010529683262784508,-6.179431978785273e-06,1.1798294645918377e-06,9.104697616737462e-06,5.084287675259447e-08,-6.179431978785273e-06,6.314152940078378e-07,2.3004537082353076e-07,3.3877150807421434e-06,1.9622849341576392e-07,1.1798294645918377e-06,2.3004537082353076e-07,1.2759859038507547e-05
602,1.0,1,8,broadband,nominal_with_nominal_kf,nominal,nominal_kf,none,1,nominal,0.14790777403345065,0.4411604039855778,0.030173231609801437,0.025340604315712535,0.01903207437274299,0.018734254374252277,0.017771372984307744,0.5298009536887481,77.18805050605262,0,0,0,True,0.12484479800831096,0.2782651180535752,0.23393724491165482,0.22311939455474672,0.1879170405865101,0.6322428287933771,0.3705060301403178,4.7478352141241e-06,1.8762355216220863e-06,4.372542539829042e-06,8.01453386134471e-06,-1.0415638401937581e-07,1.8762355216220863e-06,2.3586976406662894e-05,2.5342533615917124e-06,3.995357473208579e-06,-5.243948634476649e-07,4.372542539829042e-06,2.5342533615917124e-06,1.6670686212319465e-05,4.990519709895249e-06,2.750211441969121e-07,8.01453386134471e-06,3.995357473208579e-06,4.990519709895249e-06,1.516454487980951e-05,-1.0870799551436523e-08,-1.0415638401937581e-07,-5.243948634476649e-07,2.750211441969121e-07,-1.0870799551436523e-08,1.0756898329584917e-05
602,1.0,1,8,broadband,nominal_with_nominal_kf,nominal,nominal_kf,none,1,learned,0.14790777403345065,0.4411604039855778,0.044183699013076005,0.02786993291846023,0.04918363815736208,0.0516906126181941,0.017761371181317924,0.5298009536887481,77.18805050605262,0,0,0,True,0.18129490744048296,0.3061853098033857,0.5719495620485712,0.5720200922197507,0.18781709100540994,1.222943991865502,1.1103497970627458,1.0012117669912422e-05,1.1818220005429878e-06,5.829059575677916e-06,1.349130600645722e-05,-2.5448336888229697e-07,1.1818220005429878e-06,2.855771371925727e-05,-3.041129363921369e-06,-1.4183624930604312e-06,-5.451741229022128e-07,5.829059575677916e-06,-3.041129363921369e-06,9.964836991569185e-05,8.811719649630974e-05,1.1305987679631898e-07,1.349130600645722e-05,-1.4183624930604312e-06,8.811719649630974e-05,9.967294778198583e-05,9.070702463415907e-11,-2.5448336888229697e-07,-5.451741229022128e-07,1.1305987679631898e-07,9.070702463415907e-11,1.0745458584119117e-05
602,1.0,1,8,broadband,nominal_with_nominal_kf,nominal,nominal_kf,none,1,oracle,0.14790777403345065,0.4411604039855778,0.01169895009526388,0.025137575797847124,0.011212937901195806,0.010414546367951215,0.017747021539482967,0.5298009536887481,77.18805050605262,0,0,0,True,0.05028945152138066,0.27607885742561117,0.15601998541354098,0.14312174067848388,0.18766914586495012,0.37882147678908945,0.11468101689112661,7.703862685388823e-07,4.0581281155889244e-07,-1.6698220229279165e-06,2.11896304614412e-06,1.0417062438886371e-07,4.0581281155889244e-07,2.321779824666121e-05,-3.2880007688811753e-07,1.5056288026613833e-06,-5.081701700005666e-07,-1.6698220229279165e-06,-3.2880007688811753e-07,7.4150690759917825e-06,-4.824276775872655e-06,6.088622994272568e-07,2.11896304614412e-06,1.5056288026613833e-06,-4.824276775872655e-06,6.239732250659837e-06,2.590399519925616e-07,1.0417062438886371e-07,-5.081701700005666e-07,6.088622994272568e-07,2.590399519925616e-07,1.07285366709352e-05
602,1.0,1,8,broadband,learned_with_learned_kf,learned,learned_kf,none,1,nominal,0.17239615789100268,0.5813055156493404,0.029393241567813522,0.02533908731254814,0.01882580825436233,0.01829524077915793,0.017784204310942412,0.7397867306196685,120.76568152642591,0,0,0,True,1.4730595536540265,0.08200713789122452,0.9603022925335398,0.08321486665548349,0.20188066167338256,2.239920666882211,0.9994184123204899,0.0006609906943197052,7.273344901684539e-06,0.00022742287374556263,3.623196140602132e-05,-1.3938988885189713e-06,7.273344901684539e-06,2.0486041356311666e-06,3.5751100436682484e-06,4.605915496665493e-07,-1.89046934967113e-07,0.00022742287374556263,3.5751100436682484e-06,0.0002809122423690551,1.0620784227387807e-05,9.848716088451337e-07,3.623196140602132e-05,4.605915496665493e-07,1.0620784227387807e-05,2.1093885213378864e-06,-5.4468567852451676e-08,-1.3938988885189713e-06,-1.89046934967113e-07,9.848716088451337e-07,-5.4468567852451676e-08,1.2414927111840439e-05
602,1.0,1,8,broadband,learned_with_learned_kf,learned,learned_kf,none,1,learned,0.17239615789100268,0.5813055156493404,0.04498250815551835,0.027895725332599226,0.050236698424610635,0.0537050132449556,0.017765173672672833,0.7397867306196685,120.76568152642591,0,0,0,True,2.241380381108935,0.08985906506137656,2.5262866018844843,0.243728700111542,0.20167698709669893,4.006968957985558,2.750791936525296,0.0015303327327857957,2.9947286638155028e-06,0.00044490722805946126,8.01443068892917e-05,-2.9041985340908736e-06,2.9947286638155028e-06,2.4596795280586136e-06,-5.749744690241351e-06,-4.382798682470342e-07,-1.9091685664680563e-07,0.00044490722805946126,-5.749744690241351e-06,0.0019441061440734159,0.00017139734787119694,1.5292712109233388e-06,8.01443068892917e-05,-4.382798682470342e-07,0.00017139734787119694,1.8095395501428058e-05,5.655605866396608e-08,-2.9041985340908736e-06,-1.9091685664680563e-07,1.5292712109233388e-06,5.655605866396608e-08,1.2389889255653647e-05
602,1.0,1,8,broadband,learned_with_learned_kf,learned,learned_kf,none,1,oracle,0.17239615789100268,0.5813055156493404,0.011698950095263883,0.02513757579784713,0.011212937901195808,0.010414546367951213,0.017747021539482967,0.7397867306196685,120.76568152642591,0,0,0,True,0.5995096573156079,0.08118001786204344,0.5921764951331565,0.04729229896854085,0.20148067210047804,0.5559441494445745,0.5604801490272147,0.00010948310405619626,1.2131157298779677e-06,-7.565969083310311e-05,8.431302709151112e-06,1.3386267206610316e-06,1.2131157298779677e-06,2.007488288201379e-06,-5.054149539223956e-07,1.2028730042522902e-07,-1.7951333829647763e-07,-7.565969083310311e-05,-5.054149539223956e-07,0.00010682110487173113,-5.905247118248667e-06,2.4510562824919963e-06,8.431302709151112e-06,1.2028730042522902e-07,-5.905247118248667e-06,6.812956060359299e-07,9.073763084027416e-08,1.3386267206610316e-06,-1.7951333829647763e-07,2.4510562824919963e-06,9.073763084027416e-08,1.236578003753256e-05
602,1.0,1,8,transient,nominal_with_nominal_kf,nominal,nominal_kf,none,1,nominal,0.13810748006029042,0.4335332128133492,0.05167085830215898,0.026043577359743438,0.034464591320095835,0.0339935424249142,0.01833321795615148,0.6800268141026659,78.84671955593254,0,0,0,True,0.22410950567400126,0.2888760615218889,0.49192049974985963,0.47158479970400896,0.1887511605829121,1.223431013801364,0.9213125961157136,1.5299431394503528e-05,2.379317965670559e-06,2.8371437116344565e-05,3.125573043952482e-05,-1.4036768667906068e-07,2.379317965670559e-06,2.5420134489535025e-05,4.864156438221457e-06,5.197165852056807e-06,6.716857048092943e-07,2.8371437116344565e-05,4.864156438221457e-06,7.371308334202714e-05,5.85533926443877e-05,8.153920665341375e-07,3.125573043952482e-05,5.197165852056807e-06,5.85533926443877e-05,6.774454524589143e-05,-5.096547003020332e-07,-1.4036768667906068e-07,6.716857048092943e-07,8.153920665341375e-07,-5.096547003020332e-07,1.0852605004029196e-05
602,1.0,1,8,transient,nominal_with_nominal_kf,nominal,nominal_kf,none,1,learned,0.13810748006029042,0.4335332128133492,0.054467273470031594,0.02877258665969276,0.058462477636071465,0.055354499107684606,0.01831888190594374,0.6800268141026659,78.84671955593254,0,0,0,True,0.2355750185256445,0.31918881155083134,0.8298838591363161,0.7846236514414551,0.1885862768548866,1.7100347717880398,1.588827246793781,1.6904923238362574e-05,4.1425350331634536e-07,4.738205213342025e-06,1.3696285943345908e-05,9.24970202287829e-08,4.1425350331634536e-07,3.10348788678527e-05,5.969477496938906e-06,5.370713198893146e-06,7.110596562198772e-07,4.738205213342025e-06,5.969477496938906e-06,0.00020979221623977946,0.00018582127546049667,7.457031931821555e-07,1.3696285943345908e-05,5.370713198893146e-06,0.00018582127546049667,0.0001875329242003932,-2.2475703887577766e-07,9.24970202287829e-08,7.110596562198772e-07,7.457031931821555e-07,-2.2475703887577766e-07,1.083365268190757e-05
602,1.0,1,8,transient,nominal_with_nominal_kf,nominal,nominal_kf,none,1,oracle,0.13810748006029042,0.4335332128133492,0.011266341362588162,0.02590185055432306,0.010990548345179166,0.009830978252052924,0.018311743212395176,0.6800268141026659,78.84671955593254,0,0,0,True,0.04933207285481666,0.28737766342249965,0.1659159433260855,0.1488950048252293,0.18850520596156498,0.40748787577746276,0.122054800455757,7.413332230651474e-07,3.859469303160906e-07,-1.7191253979485692e-06,2.147213425483701e-06,-6.25967256887804e-08,3.859469303160906e-07,2.515711029798637e-05,6.72190848732841e-07,1.5829846910448754e-06,6.705481871625966e-07,-1.7191253979485692e-06,6.72190848732841e-07,8.385538869719299e-06,-5.300411399117508e-06,1.1591412239704698e-06,2.147213425483701e-06,1.5829846910448754e-06,-5.300411399117508e-06,6.753283653732954e-06,-1.7638666526151365e-07,-6.25967256887804e-08,6.705481871625966e-07,1.1591412239704698e-06,-1.7638666526151365e-07,1.0824340179092472e-05
602,1.0,1,8,transient,learned_with_learned_kf,learned,learned_kf,none,1,nominal,0.09957755896428186,0.33374569648774616,0.050852285407973694,0.02603628040112315,0.03404910781942909,0.03348168021446834,0.01834219906196798,0.8623249973044479,124.5730576575302,0,0,0,True,2.647783703909332,0.07244518792449536,1.847602258747356,0.15812866895346114,0.19793427109008746,4.512892263086562,1.9838406675254683,0.002135599178021189,8.74041171805641e-06,0.001284176696116181,0.00012663882563030204,-1.5207224562019903e-06,8.74041171805641e-06,1.5987252045484415e-06,5.291335983459726e-06,5.756535218885879e-07,2.611734911753756e-07,0.001284176696116181,5.291335983459726e-06,0.0010398524136265666,7.569514596144183e-05,3.923691503928062e-06,0.00012663882563030204,5.756535218885879e-07,7.569514596144183e-05,7.616859868966641e-06,-1.3382049756398148e-07,-1.5207224562019903e-06,2.611734911753756e-07,3.923691503928062e-06,-1.3382049756398148e-07,1.1934293861660182e-05
602,1.0,1,8,transient,learned_with_learned_kf,learned,learned_kf,none,1,learned,0.09957755896428186,0.33374569648774616,0.053518766978229784,0.028763227691637867,0.05737621879011917,0.054111719412255135,0.018321795065096527,0.8623249973044479,124.5730576575302,0,0,0,True,2.7849441375174955,0.07989083826604682,3.0754166971064625,0.25017682578484296,0.1976922501789607,4.412619029778676,3.3112245802037314,0.0023625864647987293,3.9420590549161994e-07,6.073100533147535e-05,3.7959780776753425e-05,1.8010804060034818e-06,3.9420590549161994e-07,1.944234706024867e-06,3.7301399557826227e-06,3.0837745430146235e-07,2.6025528860303207e-07,6.073100533147535e-05,3.7301399557826227e-06,0.002881128782027422,0.00021984725287545765,2.4635124586149848e-06,3.7959780776753425e-05,3.0837745430146235e-07,0.00021984725287545765,1.9065530368416568e-05,-1.7630694810817737e-07,1.8010804060034818e-06,2.6025528860303207e-07,2.4635124586149848e-06,-1.7630694810817737e-07,1.1905126776875209e-05
602,1.0,1,8,transient,learned_with_learned_kf,learned,learned_kf,none,1,oracle,0.09957755896428186,0.33374569648774616,0.01126634136258816,0.02590185055432306,0.01099054834517917,0.00983097825205292,0.018311743212395176,0.8623249973044479,124.5730576575302,0,0,0,True,0.5829416499747196,0.07171786096846038,0.5979787097058306,0.04431811285906126,0.1975786116158543,0.5622889387758396,0.5681554554208657,0.00010351538624080975,1.3460526109185017e-06,-7.298153331716978e-05,7.630734285300008e-06,-8.279933978702096e-07,1.3460526109185017e-06,1.5667849496736266e-06,2.842645170909174e-07,1.4703812040127083e-07,2.592868113846307e-07,-7.298153331716978e-05,2.842645170909174e-07,0.00010892465139168835,-5.5961282736363505e-06,4.720530193213127e-06,7.630734285300008e-06,1.4703812040127083e-07,-5.5961282736363505e-06,5.982975899207287e-07,-7.526386557917522e-08,-8.279933978702096e-07,2.592868113846307e-07,4.720530193213127e-06,-7.526386557917522e-08,1.1891443967722598e-05
602,1.0,1,11,broadband,nominal_with_nominal_kf,nominal,nominal_kf,none,2,nominal,0.22700483791611512,0.6898863241941257,0.061733971807497214,0.0249940481889341,0.0198948739965733,0.018537936859393297,0.017867531302642577,0.5411300976675993,66.3796502433337,0,0,0,True,0.2532843179668688,0.27488350832199604,0.24303128606037264,0.223203629225859,0.18976926991078102,0.6169015781948882,0.3783160114842471,1.9542104799362416e-05,3.120480054706135e-07,-6.814854781249271e-07,2.1778407514957174e-06,-1.2227187932261365e-06,3.120480054706135e-07,2.3017179538213872e-05,3.1796791979039168e-06,3.868453806029464e-06,5.5381715750985464e-08,-6.814854781249271e-07,3.1796791979039168e-06,1.7991986034737436e-05,5.214888542157392e-06,1.235657908110288e-06,2.1778407514957174e-06,3.868453806029464e-06,5.214888542157392e-06,1.5175997237673346e-05,4.753757020213658e-07,-1.2227187932261365e-06,5.5381715750985464e-08,1.235657908110288e-06,4.753757020213658e-07,1.0969996997337972e-05
602,1.0,1,11,broadband,nominal_with_nominal_kf,nominal,nominal_kf,none,2,learned,0.22700483791611512,0.6898863241941257,0.06383594470318713,0.025214384475118538,0.09951567238235069,0.09842473632926202,0.018008612093048035,0.5411300976675993,66.3796502433337,0,0,0,True,0.26316044944993694,0.2774143848703208,1.126131943189484,1.055024590611799,0.19124807988851644,2.3464139308678007,2.1660279753737597,2.10957987681622e-05,-1.5656145875770958e-07,5.2548251079816374e-05,5.302186902768904e-05,-4.091586429331066e-07,-1.5656145875770958e-07,2.344297309303765e-05,2.035713839163792e-06,2.5753453919731906e-06,-1.3759851391855323e-07,5.2548251079816374e-05,2.035713839163792e-06,0.00038630763385332997,0.0003518981784938614,-6.4502440240022126e-06,5.302186902768904e-05,2.5753453919731906e-06,0.0003518981784938614,0.0003390626092798962,-6.891401762416583e-06,-4.091586429331066e-07,-1.3759851391855323e-07,-6.4502440240022126e-06,-6.891401762416583e-06,1.1141634370517629e-05
602,1.0,1,11,broadband,nominal_with_nominal_kf,nominal,nominal_kf,none,2,oracle,0.22700483791611512,0.6898863241941257,0.013163211827123567,0.024660641630500156,0.009366067630070694,0.009382903783899764,0.017796525440054705,0.5411300976675993,66.3796502433337,0,0,0,True,0.056464419039179294,0.271341451637346,0.13228496594779843,0.13131963565358945,0.18906982544930848,0.37417315501748716,0.07033395646186384,9.711905843671308e-07,1.5885783582074937e-07,-1.957422721897099e-06,2.161469359090956e-06,-6.863261179177155e-09,1.5885783582074937e-07,2.2427818008941895e-05,1.0109088602667695e-06,1.695382332536403e-06,5.530208202545058e-08,-1.957422721897099e-06,1.0109088602667695e-06,5.33059533522213e-06,-4.538387330144484e-06,3.436611348960094e-07,2.161469359090956e-06,1.695382332536403e-06,-4.538387330144484e-06,5.253080708866605e-06,-3.4826129298594667e-08,-6.863261179177155e-09,5.530208202545058e-08,3.436611348960094e-07,-3.4826129298594667e-08,1.0889280415612724e-05
602,1.0,1,11,broadband,learned_with_learned_kf,learned,learned_kf,none,2,nominal,0.23172968777781786,0.6803994011152898,0.06202262640237431,0.024999324624826947,0.02044348934116641,0.018953039972091162,0.01794771330299675,0.7289865543575794,97.52758962822925,0,0,0,True,0.19687852651837393,0.2777865085879945,0.26266845033168845,0.8258214183918624,0.15410220956165246,1.0780593574311235,0.9593241640647515,1.1807322781591246e-05,-1.9563337420155392e-07,2.8649655216501056e-07,-5.497988120996663e-06,7.516608202564246e-07,-1.9563337420155392e-07,2.3505908093918447e-05,3.3128301637339635e-06,1.4190550104700734e-05,-2.4504334185766008e-08,2.8649655216501056e-07,3.3128301637339635e-06,2.1016992001189428e-05,2.5789995484127544e-05,1.187194181046015e-06,-5.497988120996663e-06,1.4190550104700734e-05,2.5789995484127544e-05,0.00020774329715559,1.560695804885983e-06,7.516608202564246e-07,-2.4504334185766008e-08,1.187194181046015e-06,1.560695804885983e-06,7.233899432325179e-06
602,1.0,1,11,broadband,learned_with_learned_kf,learned,learned_kf,none,2,learned,0.23172968777781786,0.6803994011152898,0.0645065648962861,0.02521121710292519,0.0998741008867868,0.09874841025763068,0.018214124557756787,0.7289865543575794,97.52758962822925,0,0,0,True,0.20439190892524656,0.2804263080473999,1.2018703745174588,3.991876193951006,0.15630847641133686,5.046909898716527,5.170560473124682,1.2725713301351701e-05,1.0309127431737669e-07,-4.37066330312701e-05,-0.00015470429131967786,2.5230845722371774e-07,1.0309127431737669e-07,2.3954783152169144e-05,1.8387239845302026e-06,8.444486470152529e-06,-2.2521910560323972e-07,-4.37066330312701e-05,1.8387239845302026e-06,0.000440017546919138,0.0014248674249747262,-5.436080457470201e-06,-0.00015470429131967786,8.444486470152529e-06,0.0014248674249747262,0.004854101597487089,-2.1054119754968588e-05,2.5230845722371774e-07,-2.2521910560323972e-07,-5.436080457470201e-06,-2.1054119754968588e-05,7.4425163086290615e-06
602,1.0,1,11,broadband,learned_with_learned_kf,learned,learned_kf,none,2,oracle,0.23172968777781786,0.6803994011152898,0.01316321182712356,0.02466064163050016,0.009366067630070694,0.009382903783899763,0.017796525440054705,0.7289865543575794,97.52758962822925,0,0,0,True,0.04022445179903096,0.2743473701803168,0.13472946661416832,0.45283612513613386,0.15289232316804882,0.4898246784591135,0.3445301821534624,4.92872972091935e-07,-1.0032418900879811e-07,1.4015870731590671e-06,-5.29856826838726e-06,2.3632494254113865e-10,-1.0032418900879811e-07,2.2927480789290697e-05,1.0546168231738168e-06,5.861467858921696e-06,3.564295638113394e-08,1.4015870731590671e-06,1.0546168231738168e-06,5.529424290919066e-06,-1.5918017672192983e-05,2.821786970224758e-07,-5.29856826838726e-06,5.861467858921696e-06,-1.5918017672192983e-05,6.246501753829454e-05,-4.343832934180594e-08,2.3632494254113865e-10,3.564295638113394e-08,2.821786970224758e-07,-4.343832934180594e-08,7.120755838564601e-06
602,1.0,1,11,transient,nominal_with_nominal_kf,nominal,nominal_kf,none,2,nominal,0.18771053992760195,0.6002776838096667,0.11416775250070064,0.025953023975989406,0.023617894874843576,0.021340934480574666,0.01906693876009118,0.7105448997047548,66.01508515821406,0,0,0,True,0.4929405590490026,0.2875283171068236,0.33457315096329593,0.295220559921046,0.19718035272936732,1.0445955991297116,0.5560905713013466,7.401910708338733e-05,4.948883986523108e-06,2.3576487642059778e-05,2.586183206521445e-05,-8.082851826812619e-07,4.948883986523108e-06,2.518349373181465e-05,3.017008560020652e-06,4.93773596603783e-06,7.429647405108398e-07,2.3576487642059778e-05,3.017008560020652e-06,3.4098628249914275e-05,1.6775639407463e-05,1.1737047543779704e-06,2.586183206521445e-05,4.93773596603783e-06,1.6775639407463e-05,2.6548985748057945e-05,1.2335691707317878e-07,-8.082851826812619e-07,7.429647405108398e-07,1.1737047543779704e-06,1.2335691707317878e-07,1.1843553154555894e-05
602,1.0,1,11,transient,nominal_with_nominal_kf,nominal,nominal_kf,none,2,learned,0.18771053992760195,0.6002776838096667,0.12460119436750133,0.02654436140808081,0.17039863055200583,0.16891578994994352,0.0191914854564833,0.7105448997047548,66.01508515821406,0,0,0,True,0.5433403922444733,0.2941564521614541,2.3073584702904277,2.220806989328999,0.19848215610218534,4.990816065512708,4.519695437814055,8.992878359800968e-05,-4.7389835104531385e-06,0.00034168771931801403,0.0003317869345394745,-8.05535122361464e-07,-4.7389835104531385e-06,2.6357941688489873e-05,-1.6343039487647306e-05,-1.3844651788359308e-05,9.344160954911841e-07,0.00034168771931801403,-1.6343039487647306e-05,0.001621753628690872,0.0015492476515234087,-9.837499425090865e-06,0.0003317869345394745,-1.3844651788359308e-05,0.0015492476515234087,0.001502368144205304,-1.0548826563581854e-05,-8.05535122361464e-07,9.344160954911841e-07,-9.837499425090865e-06,-1.0548826563581854e-05,1.2000453907624292e-05
602,1.0,1,11,transient,nominal_with_nominal_kf,nominal,nominal_kf,none,2,oracle,0.18771053992760195,0.6002776838096667,0.013415810349024459,0.02585303576207134,0.00962669816817513,0.00938311252857088,0.019023428978108846,0.7105448997047548,66.01508515821406,0,0,0,True,0.05860880015323377,0.2864461516879586,0.1453176093594728,0.14037696602801877,0.1967171398789853,0.4180307945165997,0.08657395838086797,1.046358234133855e-06,4.689345986268036e-07,-2.0795276643337235e-06,2.3945151954465256e-06,1.6038830198235925e-07,4.689345986268036e-07,2.4994285092858878e-05,7.840514598536538e-07,2.6992649476161167e-06,9.395408885561841e-07,-2.0795276643337235e-06,7.840514598536538e-07,6.4326692891515775e-06,-5.076121823532536e-06,9.240577221341817e-07,2.3945151954465256e-06,2.6992649476161167e-06,-5.076121823532536e-06,6.002697232251011e-06,2.6881311283760854e-07,1.6038830198235925e-07,9.395408885561841e-07,9.240577221341817e-07,2.6881311283760854e-07,1.1787973153527567e-05
602,1.0,1,11,transient,learned_with_learned_kf,learned,learned_kf,none,2,nominal,0.23539244295665163,0.7919962530525397,0.11586901605327779,0.025956122319732867,0.02454081698595242,0.02195264296707779,0.019135322005174746,0.8586829248734041,94.75941643006703,0,0,0,True,0.3589624417657097,0.2933752794108379,0.35740810082125096,1.067042440745644,0.15909174166499587,1.2410751298343323,1.3126162079102563,3.9251183548472036e-05,-3.6209079972673118e-06,-1.7994562680661492e-05,-6.64725907031602e-05,3.5770848227066106e-07,-3.6209079972673118e-06,2.6218133326408154e-05,3.2019508103555252e-06,1.8013977719958674e-05,5.518045833424656e-07,-1.7994562680661492e-05,3.2019508103555252e-06,3.891199690539056e-05,6.955043028687842e-05,1.0992483370995e-06,-6.64725907031602e-05,1.8013977719958674e-05,6.955043028687842e-05,0.0003468311709426138,4.4789004026098547e-07,3.5770848227066106e-07,5.518045833424656e-07,1.0992483370995e-06,4.4789004026098547e-07,7.709922416200773e-06
602,1.0,1,11,transient,learned_with_learned_kf,learned,learned_kf,none,2,learned,0.23539244295665163,0.7919962530525397,0.12698029703507102,0.026545076250296562,0.17254575108991116,0.1709754943856465,0.019386174736015303,0.8586829248734041,94.75941643006703,0,0,0,True,0.39167227807681676,0.3002278911744614,2.415208675001904,8.00559322763772,0.16118094736355534,10.028840810559837,10.4077397290826,4.673049734210928e-05,3.4697422122865744e-06,-0.00025739417382651843,-0.0008610626788402669,3.261466635019134e-07,3.4697422122865744e-06,2.7457235373856817e-05,-1.8425193693453675e-05,-5.2509125196174264e-05,6.679804152700194e-07,-0.00025739417382651843,-1.8425193693453675e-05,0.0017769043683565388,0.0058483940726481755,-7.683502615784625e-06,-0.0008610626788402669,-5.2509125196174264e-05,0.0058483940726481755,0.019522785109200747,-2.7826934705782847e-05,3.261466635019134e-07,6.679804152700194e-07,-7.683502615784625e-06,-2.7826934705782847e-05,7.913746661578215e-06
602,1.0,1,11,transient,learned_with_learned_kf,learned,learned_kf,none,2,oracle,0.23539244295665163,0.7919962530525397,0.013415810349024474,0.025853035762071336,0.00962669816817513,0.009383112528570879,0.019023428978108842,0.8586829248734041,94.75941643006703,0,0,0,True,0.04046974029949222,0.2922992195112954,0.14666900440480907,0.47665860508444546,0.15813002758257536,0.54649094246168,0.3667536493668547,4.989023735446611e-07,-3.2575861681293493e-07,1.4368038868308685e-06,-5.605958062994266e-06,-9.151018361478459e-08,-3.2575861681293493e-07,2.602615707947768e-05,8.130527836870466e-07,9.434540561333098e-06,7.77094167160597e-07,1.4368038868308685e-06,8.130527836870466e-07,6.552868052366521e-06,-1.7394718291840896e-05,7.457651677845727e-07,-5.605958062994266e-06,9.434540561333098e-06,-1.7394718291840896e-05,6.921012133421654e-05,7.455229548988532e-07,-9.151018361478459e-08,7.77094167160597e-07,7.457651677845727e-07,7.455229548988532e-07,7.616990756453418e-06
602,1.0,1,14,broadband,nominal_with_nominal_kf,nominal,nominal_kf,none,2,nominal,0.21141899283979695,0.633356364473328,0.049138679343074164,0.02677135239100423,0.025592195636521587,0.024290030212910464,0.01907812186698579,0.5640194498692037,69.40974219132535,0,0,0,True,0.2017161389400474,0.2937340666000157,0.3034016460923027,0.27578999256665254,0.20306477163054804,0.8490113943423608,0.511360642311557,1.239470025660665e-05,3.6803371536703115e-06,1.1835530487918273e-05,1.4933869680463059e-05,-1.9750827875091734e-07,3.6803371536703115e-06,2.6282300167073153e-05,6.246462687812854e-06,5.956815889402552e-06,7.781931402001536e-07,1.1835530487918273e-05,6.246462687812854e-06,2.8040812962113825e-05,1.4222134615634729e-05,6.699759152891609e-07,1.4933869680463059e-05,5.956815889402552e-06,1.4222134615634729e-05,2.316923750304131e-05,4.373849204546333e-07,-1.9750827875091734e-07,7.781931402001536e-07,6.699759152891609e-07,4.373849204546333e-07,1.2560991140162473e-05
602,1.0,1,14,broadband,nominal_with_nominal_kf,nominal,nominal_kf,none,2,learned,0.21141899283979695,0.633356364473328,0.07255350266927393,0.02676302050193472,0.09966131873099765,0.10147941924975416,0.01921471550347059,0.5640194498692037,69.40974219132535,0,0,0,True,0.2987210604672605,0.2938347681591283,1.1256428576278272,1.085601519988931,0.20454360363203572,2.4499299380194186,2.1962575887194355,2.7182313683036907e-05,7.322663656276724e-07,6.753678716420835e-05,6.824942398364517e-05,3.4748091565164407e-07,7.322663656276724e-07,2.630032410495971e-05,9.136427487742904e-06,8.840836603459508e-06,6.85120951748196e-07,6.753678716420835e-05,9.136427487742904e-06,0.00038597215547728187,0.00036218171883156957,-4.425410361842968e-06,6.824942398364517e-05,8.840836603459508e-06,0.00036218171883156957,0.0003590009688503441,-4.704094132106413e-06,3.4748091565164407e-07,6.85120951748196e-07,-4.425410361842968e-06,-4.704094132106413e-06,1.2744609741183688e-05
602,1.0,1,14,broadband,nominal_with_nominal_kf,nominal,nominal_kf,none,2,oracle,0.21141899283979695,0.633356364473328,0.013508801519630317,0.02606247081060754,0.00941089067021706,0.010253691997448203,0.019009161151739513,0.5640194498692037,69.40974219132535,0,0,0,True,0.05760539245266323,0.2861613293062298,0.13027351385367214,0.13625213098521863,0.20231376389586983,0.4065104126934736,0.07924522328648753,1.0108367310832937e-06,1.0409905187290933e-07,-1.8577629888379102e-06,2.3038947888930152e-06,2.091841146880114e-07,1.0409905187290933e-07,2.494460460331921e-05,1.1534806005731088e-06,1.5318880719656554e-06,8.098504766364853e-07,-1.8577629888379102e-06,1.1534806005731088e-06,5.169719624711398e-06,-4.455947606529726e-06,4.068231571441079e-07,2.3038947888930152e-06,1.5318880719656554e-06,-4.455947606529726e-06,5.6551137102396445e-06,3.393499666887112e-07,2.091841146880114e-07,8.098504766364853e-07,4.068231571441079e-07,3.393499666887112e-07,1.2468252677032667e-05
602,1.0,1,14,broadband,learned_with_learned_kf,learned,learned_kf,none,2,nominal,0.21969592340183003,0.6418674351071301,0.05010940259239819,0.026802714316775552,0.02630221073451077,0.024834984417026043,0.019157308944846546,0.7415882828582164,99.66175941546675,0,0,0,True,0.1589868371272337,0.2961132090780384,0.32906335274799847,1.042319362363077,0.16493782810727986,1.2591325658352635,1.2699275895967461,7.699757976778345e-06,-2.921609367447441e-06,-1.047999582273519e-05,-4.4463408057023824e-05,1.1916428223256187e-07,-2.921609367447441e-06,2.6709779146790182e-05,6.80413404495717e-06,2.2770080404101255e-05,5.881025410273196e-07,-1.047999582273519e-05,6.80413404495717e-06,3.298479367245232e-05,6.36656102999772e-05,6.210470034326121e-07,-4.4463408057023824e-05,2.2770080404101255e-05,6.36656102999772e-05,0.00033094539772444547,1.456015699749822e-06,1.1916428223256187e-07,5.881025410273196e-07,6.210470034326121e-07,1.456015699749822e-06,8.286960679434922e-06
602,1.0,1,14,broadband,learned_with_learned_kf,learned,learned_kf,none,2,learned,0.21969592340183003,0.6418674351071301,0.07423095296185572,0.026770469862421525,0.10159877982647054,0.10339487300303628,0.019418338445266484,0.7415882828582164,99.66175941546675,0,0,0,True,0.23540373152680472,0.2962624397985979,1.2206810301055604,4.174084327876604,0.16716794759291234,5.239538276114277,5.372093915249621,1.688034897841163e-05,-6.265033883633567e-07,-5.799258796372643e-05,-0.0002059174144678443,-2.419889409669024e-07,-6.265033883633567e-07,2.673670752315434e-05,9.625351020446718e-06,3.307731149732663e-05,4.909734418877321e-07,-5.799258796372643e-05,9.625351020446718e-06,0.000453898895758576,0.0015149158707978248,-3.8917752836192785e-06,-0.0002059174144678443,3.307731149732663e-05,0.0015149158707978248,0.005307343205353174,-1.4830437354853334e-05,-2.419889409669024e-07,4.909734418877321e-07,-3.8917752836192785e-06,-1.4830437354853334e-05,8.51257117323619e-06
602,1.0,1,14,broadband,learned_with_learned_kf,learned,learned_kf,none,2,oracle,0.21969592340183003,0.6418674351071301,0.013508801519630319,0.02606247081060754,0.009410890670217059,0.010253691997448204,0.019009161151739513,0.7415882828582164,99.66175941546675,0,0,0,True,0.04164626089693069,0.28846783874652904,0.13319632731989453,0.477712893515494,0.16365960279392636,0.5285623078168784,0.3762845995281192,5.283318178938618e-07,-6.552563758752492e-08,1.351633484942495e-06,-5.834393851906547e-06,-1.3962037544470936e-07,-6.552563758752492e-08,2.5348340754487637e-05,1.2035480839466013e-06,5.351030430124368e-06,6.538551117304502e-07,1.351633484942495e-06,1.2035480839466013e-06,5.4042973358586985e-06,-1.5895054303164094e-05,3.257672241546105e-07,-5.834393851906547e-06,5.351030430124368e-06,-1.5895054303164094e-05,6.951662215169327e-05,1.12217640528998e-06,-1.3962037544470936e-07,6.538551117304502e-07,3.257672241546105e-07,1.12217640528998e-06,8.15901479737601e-06
602,1.0,1,14,transient,nominal_with_nominal_kf,nominal,nominal_kf,none,2,nominal,0.18981402610711093,0.5919782848170678,0.08760734847540676,0.027277880696552875,0.045414065551674224,0.0444137695855811,0.017962359144738087,0.7734059960196309,68.6437748264116,0,0,0,True,0.3792318903980212,0.30254431036983637,0.6318369915879073,0.615590695390229,0.18583124063704062,1.7249620743336964,1.2075964928535179,4.38091106696995e-05,1.3513372682090667e-05,6.598530292964084e-05,6.743277098115083e-05,-8.997106392144229e-07,1.3513372682090667e-05,2.788256448231631e-05,2.3218325634378708e-05,2.122639694584478e-05,1.2178246311303619e-07,6.598530292964084e-05,2.3218325634378708e-05,0.00012160875219990634,0.00010358810859492218,1.0619563894156915e-07,6.743277098115083e-05,2.122639694584478e-05,0.00010358810859492218,0.00011543535129620733,-7.26472826976185e-07,-8.997106392144229e-07,1.2178246311303619e-07,1.0619563894156915e-07,-7.26472826976185e-07,1.0519429510844634e-05
602,1.0,1,14,transient,nominal_with_nominal_kf,nominal,nominal_kf,none,2,learned,0.18981402610711093,0.5919782848170678,0.1404250152559803,0.026012441838997754,0.16956343498374488,0.16962162883358645,0.018087624345063738,0.7734059960196309,68.6437748264116,0,0,0,True,0.6133593159567283,0.2889164621435363,2.280831358882354,2.2290483997521298,0.18710991329282947,5.06924591172491,4.500289719543539,0.00011460001302530675,-2.311951223566258e-06,0.00039206617241094646,0.00038656352526967013,-8.086670738658289e-07,-2.311951223566258e-06,2.542724522792482e-05,-4.989260576861159e-06,-7.095025163167681e-06,2.704508377068241e-07,0.00039206617241094646,-4.989260576861159e-06,0.0015846782091311954,0.0015355397225447897,-4.49993157889014e-06,0.00038656352526967013,-7.095025163167681e-06,0.0015355397225447897,0.001513539404607206,-5.274195765128588e-06,-8.086670738658289e-07,2.704508377068241e-07,-4.49993157889014e-06,-5.274195765128588e-06,1.0664692314953309e-05
602,1.0,1,14,transient,nominal_with_nominal_kf,nominal,nominal_kf,none,2,oracle,0.18981402610711093,0.5919782848170678,0.013608345820068061,0.025085963322514473,0.00956300513559817,0.010200984731963847,0.017906814805046575,0.7734059960196309,68.6437748264116,0,0,0,True,0.059701743924505404,0.27852003178237256,0.1468748637458829,0.15410824484002308,0.18527837944910389,0.3829555981203469,0.08114331169549795,1.0857473294501416e-06,-9.25118802448584e-08,-2.280446642540769e-06,2.6825151135507313e-06,-3.18009769179792e-08,-9.25118802448584e-08,2.363021142071823e-05,1.7895727027067493e-06,8.091936948139949e-07,3.420515376950092e-07,-2.280446642540769e-06,1.7895727027067493e-06,6.5712757014419995e-06,-5.900034233666095e-06,6.497653195735658e-07,2.6825151135507313e-06,8.091936948139949e-07,-5.900034233666095e-06,7.234466062120155e-06,-1.207878021922235e-07,-3.18009769179792e-08,3.420515376950092e-07,6.497653195735658e-07,-1.207878021922235e-07,1.0456930513480733e-05
602,1.0,1,14,transient,learned_with_learned_kf,learned,learned_kf,none,2,nominal,0.2296551940380033,0.8269059304383338,0.08969713906019695,0.027423031436817083,0.04666591296873864,0.04547565156741627,0.018051677070674302,0.9170561096499551,98.34063853719297,0,0,0,True,0.2776848798769159,0.31044910192795594,0.6684700969949974,2.2102358597846985,0.1501162840511863,2.6963536188000417,2.8199353444488993,2.348871187969445e-05,-1.0288482330274406e-05,-5.107133694771711e-05,-0.0001772612425259626,5.855962292540452e-07,-1.0288482330274406e-05,2.935861412828374e-05,2.561243480914721e-05,8.09888645498567e-05,6.160723648492021e-08,-5.107133694771711e-05,2.561243480914721e-05,0.00013611898568884593,0.00039905499153309075,8.295661980475767e-08,-0.0001772612425259626,8.09888645498567e-05,0.00039905499153309075,0.0014880995206618657,-2.3970748017942474e-06,5.855962292540452e-07,6.160723648492021e-08,8.295661980475767e-08,-2.3970748017942474e-06,6.864522708522186e-06
602,1.0,1,14,transient,learned_with_learned_kf,learned,learned_kf,none,2,learned,0.2296551940380033,0.8269059304383338,0.14423236156515767,0.026028764103189165,0.17300423620367056,0.1730997076657784,0.01832174209401375,0.9170561096499551,98.34063853719297,0,0,0,True,0.4440838810486346,0.29584200859597715,2.4097994267586316,8.107467763736047,0.15228926750787475,10.083539036328444,10.50379925239777,6.007375165657041e-05,1.4023967527919167e-06,-0.00029957770048577516,-0.0010146406430042824,5.523423076317235e-07,1.4023967527919167e-06,2.6660876310839694e-05,-5.776160935814034e-06,-2.4905709289466092e-05,1.726913282453475e-07,-0.00029957770048577516,-5.776160935814034e-06,0.0017689539552600945,0.005908303412004139,-4.223779737476462e-06,-0.0010146406430042824,-2.4905709289466092e-05,0.005908303412004139,0.020022817836874242,-1.768403192978204e-05,5.523423076317235e-07,1.726913282453475e-07,-4.223779737476462e-06,-1.768403192978204e-05,7.06469359607583e-06
602,1.0,1,14,transient,learned_with_learned_kf,learned,learned_kf,none,2,oracle,0.2296551940380033,0.8269059304383338,0.013608345820068066,0.02508596332251447,0.00956300513559817,0.010200984731963845,0.01790681480504657,0.9170561096499551,98.34063853719297,0,0,0,True,0.04096404896942598,0.28484245015555676,0.14792318972635599,0.5226144633837266,0.1489739514942298,0.5214962638441115,0.4035404103363569,5.111642689382292e-07,5.7046080431428277e-08,1.5593825787645431e-06,-6.234806112811851e-06,1.4810580070729353e-08,5.7046080431428277e-08,2.4715201799926626e-05,1.8515048687990945e-06,2.872595916252838e-06,2.683603432273121e-07,1.5593825787645431e-06,1.8515048687990945e-06,6.665416026973759e-06,-2.0129467067372405e-05,5.263762483951201e-07,-6.234806112811851e-06,2.872595916252838e-06,-2.0129467067372405e-05,8.319890003164014e-05,-2.897420605938053e-07,1.4810580070729353e-08,2.683603432273121e-07,5.263762483951201e-07,-2.897420605938053e-07,6.760446964447273e-06
602,1.0,1,17,broadband,nominal_with_nominal_kf,nominal,nominal_kf,none,0,nominal,0.23535877494865093,0.7123766583433683,0.05436523715532252,0.025889446221006356,0.02039583008574028,0.018828632350381774,0.017546787770212166,0.5382994682291686,66.81083378067672,0,0,0,True,0.2232588121828818,0.2846632656911132,0.24951128232299996,0.22232789786917323,0.18617684817790253,0.544542626419603,0.3782389375596291,1.5183502132903139e-05,-8.90933349122443e-07,-7.453367976839053e-06,-3.2573313954887344e-06,2.9753197257668343e-07,-8.90933349122443e-07,2.4684116635036793e-05,3.4366164618124496e-06,3.5826342654538025e-06,1.0886725371146587e-06,-7.453367976839053e-06,3.4366164618124496e-06,1.896422553412116e-05,4.779313240443107e-06,1.0482069700602842e-06,-3.2573313954887344e-06,3.5826342654538025e-06,4.779313240443107e-06,1.5057145899193444e-05,3.084601292198919e-07,2.9753197257668343e-07,1.0886725371146587e-06,1.0482069700602842e-06,3.084601292198919e-07,1.0558593807196017e-05
602,1.0,1,17,broadband,nominal_with_nominal_kf,nominal,nominal_kf,none,0,learned,0.23535877494865093,0.7123766583433683,0.053689260770663313,0.026786831456977772,0.12124499351976863,0.12382617082291734,0.018059738259578625,0.5382994682291686,66.81083378067672,0,0,0,True,0.22019638363202032,0.2946308102012146,1.3738281163568493,1.3401509889557188,0.19161835351159,2.6870779322650966,2.6979379651869397,1.4769816490834557e-05,-7.366367752469012e-07,-2.3221270428874396e-05,-1.7458462002994057e-05,-1.089112834684889e-06,-7.366367752469012e-07,2.644302010671864e-05,2.6298642680721685e-06,3.3428245606420198e-06,8.873734426965939e-07,-2.3221270428874396e-05,2.6298642680721685e-06,0.0005749360431466986,0.0005476200107710558,5.573855470347491e-07,-1.7458462002994057e-05,3.3428245606420198e-06,0.0005476200107710558,0.0005470943094747474,-1.8027548624256588e-08,-1.089112834684889e-06,8.873734426965939e-07,5.573855470347491e-07,-1.8027548624256588e-08,1.1184818563044793e-05
602,1.0,1,17,broadband,nominal_with_nominal_kf,nominal,nominal_kf,none,0,oracle,0.23535877494865093,0.7123766583433683,0.013384105276329826,0.025455977435939862,0.01028945055978005,0.00916881129168105,0.017571681122828905,0.5382994682291686,66.81083378067672,0,0,0,True,0.057343026555368395,0.28009672945149855,0.14353542940371825,0.12708030750726318,0.1864865292831693,0.386895262613276,0.07325498839720172,1.0016499128917307e-06,2.067192719171027e-08,-2.1472329351932833e-06,2.0956957269141477e-06,3.5327668595753723e-09,2.067192719171027e-08,2.3898509227979686e-05,1.1947827577251193e-06,1.4048820587350796e-06,1.0994898000070478e-06,-2.1472329351932833e-06,1.1947827577251193e-06,6.275855867659107e-06,-4.780289694069818e-06,5.591802167855458e-07,2.0956957269141477e-06,1.4048820587350796e-06,-4.780289694069818e-06,4.919389946983256e-06,3.488204515117045e-09,3.5327668595753723e-09,1.0994898000070478e-06,5.591802167855458e-07,3.488204515117045e-09,1.0593748730855827e-05
602,1.0,1,17,broadband,learned_with_learned_kf,learned,learned_kf,none,0,nominal,0.2110475150394241,0.6455382136760034,0.05330121713699166,0.025878019447050527,0.02121887419485799,0.019485233617509607,0.017638752442069437,0.7624211044379491,97.78971614008427,0,0,0,True,1.201937477799714,0.2555384752125172,1.1509338665018038,0.03700817407953156,0.09082667905322173,1.3639668316413978,1.1648889425112976,0.00044006668274367445,-4.1646015364773805e-06,-0.00016712475121355997,-2.0651525738277815e-06,7.711439890398358e-07,-4.1646015364773805e-06,1.989149080137019e-05,1.4489710483137014e-05,5.312015151529879e-07,4.45477844388643e-07,-0.00016712475121355997,1.4489710483137014e-05,0.0004035110889364685,4.71363142932341e-06,2.5311033339093694e-06,-2.0651525738277815e-06,5.312015151529879e-07,4.71363142932341e-06,4.1720552560037905e-07,2.8498509415388347e-08,7.711439890398358e-07,4.45477844388643e-07,2.5311033339093694e-06,2.8498509415388347e-08,2.5129370265192265e-06
602,1.0,1,17,broadband,learned_with_learned_kf,learned,learned_kf,none,0,learned,0.2110475150394241,0.6455382136760034,0.05408704587121775,0.026784559687171233,0.11816489752920481,0.12074357346999014,0.018955351478917,0.7624211044379491,97.78971614008427,0,0,0,True,1.214048104676707,0.26442249233825266,6.0706976817474185,0.2087707432760135,0.09747716524890784,6.123696483417655,6.274472106939755,0.00044897951426950053,-3.1168631196645434e-06,-0.0005181220770896928,-1.2589297399851911e-05,-2.4353577931944602e-06,-3.1168631196645434e-06,2.1298622885301523e-05,1.141940673532276e-05,5.614986914900594e-07,2.7744356699166816e-07,-0.0005181220770896928,1.141940673532276e-05,0.011226178584381514,0.0003765139321018223,2.6283842140348726e-06,-1.2589297399851911e-05,5.614986914900594e-07,0.0003765139321018223,1.3276818246639256e-05,7.357965408526243e-08,-2.4353577931944602e-06,2.7744356699166816e-07,2.6283842140348726e-06,7.357965408526243e-08,2.8944131124057604e-06
602,1.0,1,17,broadband,learned_with_learned_kf,learned,learned_kf,none,0,oracle,0.2110475150394241,0.6455382136760034,0.013384105276329833,0.02545597743593986,0.010289450559780047,0.009168811291681052,0.017571681122828905,0.7624211044379491,97.78971614008427,0,0,0,True,0.3337238278301604,0.2512412694008437,0.6101132911302642,0.02013595634020467,0.09052953893516105,0.4848519498827711,0.5929767754581158,3.3925727376887805e-05,8.712532094460945e-08,-5.372751264171005e-05,1.955341992545035e-06,-7.188519881418744e-09,8.712532094460945e-08,1.9228114216947792e-05,4.285528668522275e-06,1.9993283679116385e-07,4.790641569612597e-07,-5.372751264171005e-05,4.285528668522275e-06,0.00011339024856354107,-3.201868504786669e-06,1.1517249893528411e-06,1.955341992545035e-06,1.9993283679116385e-07,-3.201868504786669e-06,1.2350918528385877e-07,7.379405237343809e-10,-7.188519881418744e-09,4.790641569612597e-07,1.1517249893528411e-06,7.379405237343809e-10,2.496521739633994e-06
602,1.0,1,17,transient,nominal_with_nominal_kf,nominal,nominal_kf,none,0,nominal,0.19153771328346178,0.624587932291212,0.09578152036417349,0.02455056501444147,0.01940715458893195,0.017242642858577076,0.01806442740657962,0.6804932480612668,63.797703826090256,0,0,0,True,0.4137499992548892,0.2723031624813904,0.26891738892730516,0.2345390176470447,0.18749245641363402,0.6441326504027353,0.40451697045120166,5.214717032663482e-05,-7.369947190829053e-07,-7.338384608667212e-06,-4.088782885585623e-06,-1.721311539856904e-07,-7.369947190829053e-07,2.2587080805756708e-05,2.584268450648001e-06,3.4457475289862876e-06,-5.496294918492909e-08,-7.338384608667212e-06,2.584268450648001e-06,2.2028884544840975e-05,5.530156616848285e-06,1.2672984162129723e-06,-4.088782885585623e-06,3.4457475289862876e-06,5.530156616848285e-06,1.6756562810548955e-05,6.436941226330006e-07,-1.721311539856904e-07,-5.496294918492909e-08,1.2672984162129723e-06,6.436941226330006e-07,1.0708344466280412e-05
602,1.0,1,17,transient,nominal_with_nominal_kf,nominal,nominal_kf,none,0,learned,0.19153771328346178,0.624587932291212,0.0602325117416806,0.02545029280710465,0.2298080774391366,0.23241118580243442,0.018576502786458175,0.6804932480612668,63.797703826090256,0,0,0,True,0.26247112432664815,0.2824020918068906,3.153445257826956,3.1077766758844563,0.19268446322066507,6.380838852426831,6.253313556953865,2.098542641878597e-05,6.836120886029689e-08,9.913634920807532e-05,0.0001050236950726882,-3.0830601106678894e-07,6.836120886029689e-08,2.4293526012164e-05,-4.440858487119608e-08,9.723515495035445e-07,-4.559236843505811e-07,9.913634920807532e-05,-4.440858487119608e-08,0.003029181722545328,0.002970238798921307,6.478343462267296e-06,0.0001050236950726882,9.723515495035445e-07,0.002970238798921307,0.0029420790742459993,6.231086294362984e-06,-3.0830601106678894e-07,-4.559236843505811e-07,6.478343462267296e-06,6.231086294362984e-06,1.1309623050565565e-05
602,1.0,1,17,transient,nominal_with_nominal_kf,nominal,nominal_kf,none,0,oracle,0.19153771328346178,0.624587932291212,0.013492533675826689,0.024347302028796123,0.009904632404768127,0.00921019746567976,0.01807336024114686,0.6804932480612668,63.797703826090256,0,0,0,True,0.05893446812120867,0.27015665366076524,0.15001849264908662,0.13871529335350924,0.1876217029528817,0.37695463616860936,0.07882366309844557,1.0580190125187666e-06,1.2422204268551555e-07,-2.3266019714296316e-06,2.3801759974204525e-06,3.472620867110914e-09,1.2422204268551555e-07,2.2232385872203998e-05,1.0647060150939091e-06,1.929193455797969e-06,-7.46115065166913e-08,-2.3266019714296316e-06,1.0647060150939091e-06,6.855582004288357e-06,-5.412185047477722e-06,5.185150750414627e-07,2.3801759974204525e-06,1.929193455797969e-06,-5.412185047477722e-06,5.861427863413659e-06,7.012477143855217e-08,3.472620867110914e-09,-7.46115065166913e-08,5.185150750414627e-07,7.012477143855217e-08,1.0723112991058229e-05
602,1.0,1,17,transient,learned_with_learned_kf,learned,learned_kf,none,0,nominal,0.13733418107225856,0.45547701824119385,0.09462645464829135,0.024569419199609626,0.019922041763037638,0.01773132563791864,0.018120126927852857,0.8495356304352414,92.94393458627312,0,0,0,True,2.3499676319634584,0.24131340714562421,1.1801606488555358,0.03895150369061147,0.09127121898670419,2.448931446749862,1.1943382613468716,0.001682203359712701,-3.104703131552962e-06,-0.00016091960460585996,-2.6706838325223054e-06,-5.31741443228072e-07,-3.104703131552962e-06,1.7738530470437733e-05,9.182146723729106e-06,5.141491199210656e-07,-1.1080456509678395e-07,-0.00016091960460585996,9.182146723729106e-06,0.00042426479317067746,4.896345130146785e-06,2.533482024841805e-06,-2.6706838325223054e-06,5.141491199210656e-07,4.896345130146785e-06,4.6217153191332504e-07,4.391946945832122e-08,-5.31741443228072e-07,-1.1080456509678395e-07,2.533482024841805e-06,4.391946945832122e-08,2.537595741914265e-06
602,1.0,1,17,transient,learned_with_learned_kf,learned,learned_kf,none,0,learned,0.13733418107225856,0.45547701824119385,0.05948918049167523,0.025443052354547666,0.22688806541967327,0.22947051913253338,0.01938214691080507,0.8495356304352414,92.94393458627312,0,0,0,True,1.5284438025839582,0.24977546107607385,13.360935889214323,0.492745683507364,0.09754487140796005,14.532369275955945,13.850690953436455,0.0007116290784709101,9.318851228569208e-09,0.002462702401223944,0.00010346315026683083,-5.56976097114512e-08,9.318851228569208e-09,1.9004404860963574e-05,-7.601580315628066e-08,1.2348555665004165e-07,-4.50363453320649e-07,0.002462702401223944,-7.601580315628066e-08,0.05437865923314566,0.0019928427613845035,1.3872504853675541e-05,0.00010346315026683083,1.2348555665004165e-07,0.0019928427613845035,7.396059429892072e-05,5.31978419887291e-07,-5.56976097114512e-08,-4.50363453320649e-07,1.3872504853675541e-05,5.31978419887291e-07,2.898435339617709e-06
602,1.0,1,17,transient,learned_with_learned_kf,learned,learned_kf,none,0,oracle,0.13733418107225856,0.45547701824119385,0.0134925336758267,0.02434730202879612,0.009904632404768125,0.009210197465679757,0.01807336024114686,0.8495356304352414,92.94393458627312,0,0,0,True,0.35253614865417704,0.2390315388421878,0.6252345377263551,0.022031813206277878,0.0910314818090126,0.475806795131691,0.6066236672814063,3.78583817798072e-05,6.237651057111117e-07,-5.8475622454630894e-05,2.2795834781993265e-06,3.128503389645343e-08,6.237651057111117e-07,1.740464421882818e-05,3.6950369998372335e-06,2.7143478160471045e-07,-3.9497377049777675e-08,-5.8475622454630894e-05,3.6950369998372335e-06,0.00011908050170686749,-3.565753163146379e-06,1.1478183636244683e-06,2.2795834781993265e-06,2.7143478160471045e-07,-3.565753163146379e-06,1.478615371737001e-07,5.60299105924847e-09,3.128503389645343e-08,-3.9497377049777675e-08,1.1478183636244683e-06,5.60299105924847e-09,2.5242825183139257e-06
602,1.0,1,20,broadband,nominal_with_nominal_kf,nominal,nominal_kf,none,1,nominal,0.122521201921139,0.36282035089983655,0.07172228197244221,0.026050278196899784,0.027850123618506986,0.020109751629831803,0.019171481240045984,0.7178235722415507,122.71148132104823,0,0,0,True,0.294011318083083,0.2864806362636573,0.3477699332232263,0.24352334796964992,0.20407955426877805,0.871593759367498,0.5085106417072989,2.633193857464135e-05,3.5698492949457614e-06,1.2761819691269723e-05,1.4375321651671925e-05,8.132169721528567e-08,3.5698492949457614e-06,2.5000303461011732e-05,5.941842145214562e-06,3.6001904773061846e-06,7.386005666721639e-07,1.2761819691269723e-05,5.941842145214562e-06,3.6841626815317514e-05,1.1931182792560127e-05,2.6200720252502294e-06,1.4375321651671925e-05,3.6001904773061846e-06,1.1931182792560127e-05,1.806491601496233e-05,6.222062989509794e-07,8.132169721528567e-08,7.386005666721639e-07,2.6200720252502294e-06,6.222062989509794e-07,1.2686847785095254e-05
602,1.0,1,20,broadband,nominal_with_nominal_kf,nominal,nominal_kf,none,1,learned,0.122521201921139,0.36282035089983655,0.06368172592994319,0.028343885695464376,0.061788075560179546,0.056299552841410166,0.019076083713945993,0.7178235722415507,122.71148132104823,0,0,0,True,0.2601052616524011,0.3117416898842085,0.7238666724201709,0.6185385440741156,0.2030484991027752,1.314034558867148,1.3027487713011097,2.060881450988482e-05,8.466348803168808e-07,-1.8591331414265397e-05,-1.4810273961520628e-05,2.022677095886922e-07,8.466348803168808e-07,2.9603598522195602e-05,1.9643284444401e-06,-2.8554872274160613e-07,9.872684713362095e-07,-1.8591331414265397e-05,1.9643284444401e-06,0.00015961433711701468,0.00012041244394110316,1.9227098356768056e-06,-1.4810273961520628e-05,-2.8554872274160613e-07,0.00012041244394110316,0.00011654355746690875,8.763002015047519e-07,2.022677095886922e-07,9.872684713362095e-07,1.9227098356768056e-06,8.763002015047519e-07,1.2558978079149324e-05
602,1.0,1,20,broadband,nominal_with_nominal_kf,nominal,nominal_kf,none,1,oracle,0.122521201921139,0.36282035089983655,0.010585519555491875,0.02546201027478305,0.013836814847957637,0.011922026650347623,0.018100971732432896,0.7178235722415507,122.71148132104823,0,0,0,True,0.04536081986513983,0.2800553484409753,0.18460232379389183,0.16220169405546772,0.19228003748783545,0.40523835670799996,0.16574325882683988,6.267820149763946e-07,-1.665399038617577e-07,-1.427475038283618e-06,2.140186070222687e-06,1.0965487908566078e-07,-1.665399038617577e-07,2.3891448300054463e-05,7.000322856548029e-07,-5.143402663824257e-07,8.150419528169541e-07,-1.427475038283618e-06,7.000322856548029e-07,1.0380757899406088e-05,-5.0134817818160165e-06,8.454762992431888e-07,2.140186070222687e-06,-5.143402663824257e-07,-5.0134817818160165e-06,8.014298362244069e-06,4.3555443794034274e-07,1.0965487908566078e-07,8.150419528169541e-07,8.454762992431888e-07,4.3555443794034274e-07,1.1262197301461644e-05
602,1.0,1,20,broadband,learned_with_learned_kf,learned,learned_kf,none,1,nominal,0.12518682583322774,0.41298205889594525,0.06974046748175737,0.02609594055191184,0.03547586938702078,0.020406476606182535,0.02219554128743318,1.4338642619946016,263.6694977332905,0,0,0,True,3.472240402704911,0.08343148041021699,1.8069588437878745,0.09241277244413146,0.2584775732231499,4.624461673305413,1.860724539925781,0.003672605730805056,1.298222135429568e-05,0.0007399207899213247,6.716502685535275e-05,8.921097074393488e-06,1.298222135429568e-05,2.1203845677389775e-06,5.749547666895609e-06,3.5863682120008506e-07,-8.156910287016803e-08,0.0007399207899213247,5.749547666895609e-06,0.0009946064175035887,2.8733865131476925e-05,4.648463316172551e-05,6.716502685535275e-05,3.5863682120008506e-07,2.8733865131476925e-05,2.60146947467074e-06,8.43022280273283e-07,8.921097074393488e-06,-8.156910287016803e-08,4.648463316172551e-05,8.43022280273283e-07,2.035168960212649e-05
602,1.0,1,20,broadband,learned_with_learned_kf,learned,learned_kf,none,1,learned,0.12518682583322774,0.41298205889594525,0.06179429786055467,0.028379377156858284,0.06567563385856913,0.05668284529788837,0.02183938092818052,1.4338642619946016,263.6694977332905,0,0,0,True,3.068089608514737,0.09065077491833647,3.305745747461345,0.2568047208821204,0.25410824496019546,4.042426323508003,3.534380092196259,0.002867416728934509,2.593393610144463e-06,-0.0008365353138068485,-6.782245877322274e-05,5.1497621112205366e-06,2.593393610144463e-06,2.503212835952234e-06,2.448351839745348e-06,-6.863875273763725e-08,2.4663210805615156e-07,-0.0008365353138068485,2.448351839745348e-06,0.003328845439457516,0.00022814916033377417,3.459032584477808e-05,-6.782245877322274e-05,-6.863875273763725e-08,0.00022814916033377417,2.0089112069345137e-05,8.9551479231328e-07,5.1497621112205366e-06,2.4663210805615156e-07,3.459032584477808e-05,8.9551479231328e-07,1.9669451460796557e-05
602,1.0,1,20,broadband,learned_with_learned_kf,learned,learned_kf,none,1,oracle,0.12518682583322774,0.41298205889594525,0.010585519555491875,0.02546201027478305,0.013836814847957637,0.011922026650347622,0.018100971732432896,1.4338642619946016,263.6694977332905,0,0,0,True,0.5406325102663116,0.08109924376160224,0.7233853155950485,0.05386088756633528,0.2071621840161442,0.6983633000964579,0.6956295423980181,8.90346490148004e-05,-7.203296282411726e-07,-6.547002077160158e-05,8.56576442192242e-06,1.3298769444669949e-06,-7.203296282411726e-07,2.0034953748277756e-06,6.800589724137763e-07,-9.056487201987445e-08,1.8932163411106204e-07,-6.547002077160158e-05,6.800589724137763e-07,0.00015940212702972135,-6.440655534091194e-06,3.921770332376057e-06,8.56576442192242e-06,-9.056487201987445e-08,-6.440655534091194e-06,8.836936755112076e-07,1.189681320588518e-07,1.3298769444669949e-06,1.8932163411106204e-07,3.921770332376057e-06,1.189681320588518e-07,1.3073013120675018e-05
602,1.0,1,20,transient,nominal_with_nominal_kf,nominal,nominal_kf,none,1,nominal,0.11654051742026947,0.3969507992500159,0.1180730068275536,0.026629631129599828,0.033900036035052705,0.02827032977646977,0.018325999391750586,0.7980589075848455,120.77029080479318,0,0,0,True,0.5110377878365663,0.29551398604118434,0.4809703116782077,0.3868435240224723,0.18918177916208664,1.4015419643318228,0.8055115914264104,7.95537697787008e-05,1.2462401663045233e-05,5.332031727007304e-05,5.223713850890564e-05,8.462731499408397e-09,1.2462401663045233e-05,2.660178720125751e-05,1.1572335207921491e-05,9.792294137570307e-06,-5.003717853962311e-07,5.332031727007304e-05,1.1572335207921491e-05,7.046789120381856e-05,4.079871648953534e-05,2.3739438322777167e-06,5.223713850890564e-05,9.792294137570307e-06,4.079871648953534e-05,4.5585360853706696e-05,5.622938541314809e-07,8.462731499408397e-09,-5.003717853962311e-07,2.3739438322777167e-06,5.622938541314809e-07,1.0902179949421778e-05
602,1.0,1,20,transient,nominal_with_nominal_kf,nominal,nominal_kf,none,1,learned,0.11654051742026947,0.3969507992500159,0.0941984434612136,0.028391787513418632,0.07372927317470515,0.06798686981380145,0.01823095670447987,0.7980589075848455,120.77029080479318,0,0,0,True,0.40580426832387273,0.3151892647105424,1.0429135168425083,0.9422296300876437,0.1882117090496369,1.8563628410926405,1.9555334784145535,5.0163514576266296e-05,1.4409877116863189e-06,-5.5699080961382865e-05,-5.2691638282359876e-05,4.631515411801512e-09,1.4409877116863189e-06,3.0261995986579286e-05,7.838491327630745e-07,2.2469355576400772e-07,-4.4141364110543046e-07,-5.5699080961382865e-05,7.838491327630745e-07,0.0003313228036155461,0.0002815648729577976,2.200863034981479e-06,-5.2691638282359876e-05,2.2469355576400772e-07,0.0002815648729577976,0.0002704383326820121,9.920370862167967e-07,4.631515411801512e-09,-4.4141364110543046e-07,2.200863034981479e-06,9.920370862167967e-07,1.079066007754568e-05
602,1.0,1,20,transient,nominal_with_nominal_kf,nominal,nominal_kf,none,1,oracle,0.11654051742026947,0.3969507992500159,0.01037939911584025,0.025543880927039984,0.013429779424825353,0.011107332387278235,0.017286386189793723,0.7980589075848455,120.77029080479318,0,0,0,True,0.045653871971494474,0.2835079686723578,0.20186710215143996,0.16954943245425672,0.178610898065454,0.39967008520876735,0.17506488394084452,6.349067851602493e-07,7.852149925648894e-08,-1.6453882628918886e-06,2.2507560345217622e-06,1.3877346135118862e-07,7.852149925648894e-08,2.4484163770561445e-05,1.5565134243482602e-07,2.890407461849718e-07,-4.226738398705626e-07,-1.6453882628918886e-06,1.5565134243482602e-07,1.2413259445192102e-05,-5.917136017971345e-06,8.833033445733879e-07,2.2507560345217622e-06,2.890407461849718e-07,-5.917136017971345e-06,8.756840026661251e-06,5.148476628458875e-07,1.3877346135118862e-07,-4.226738398705626e-07,8.833033445733879e-07,5.148476628458875e-07,9.717860119173302e-06
602,1.0,1,20,transient,learned_with_learned_kf,learned,learned_kf,none,1,nominal,0.07938466195579273,0.2600066784868924,0.11619492360444565,0.026752252071612515,0.03730930863247722,0.027809989018669504,0.020249417045859537,1.4368150216627456,255.45479513355303,0,0,0,True,6.046091604982331,0.07408663356657844,2.0049805240445036,0.132542709885347,0.2218221588340965,7.707803097479093,2.1043069030803365,0.011135357921952064,4.049406181285395e-05,0.002497346402943804,0.00021730344696401174,4.3095615287144185e-06,4.049406181285395e-05,1.6719930108606106e-06,9.816391724954363e-06,8.773162250825543e-07,-3.202041914386567e-07,0.002497346402943804,9.816391724954363e-06,0.00122454585290521,5.949072667789823e-05,2.7914898833237536e-05,0.00021730344696401174,8.773162250825543e-07,5.949072667789823e-05,5.351387828188043e-06,5.047298152696565e-07,4.3095615287144185e-06,-3.202041914386567e-07,2.7914898833237536e-05,5.047298152696565e-07,1.49887215094619e-05
602,1.0,1,20,transient,learned_with_learned_kf,learned,learned_kf,none,1,learned,0.07938466195579273,0.2600066784868924,0.09267449191493764,0.028436751212896426,0.07432458163537614,0.06665275628938007,0.019970128929347256,1.4368150216627456,255.45479513355303,0,0,0,True,4.810160317648589,0.07802618467395729,3.9743669086676228,0.3074440370927621,0.21862108700908833,4.727454547329652,4.262455060081647,0.007048128891732648,4.4191395304855386e-06,-0.00268398293517794,-0.00023873640999881411,1.3031950122147734e-06,4.4191395304855386e-06,1.8545368948590917e-06,-1.0332572315360362e-06,-1.2258273718050217e-07,-2.033244895918625e-07,-0.00268398293517794,-1.0332572315360362e-06,0.004811612577956579,0.0003470215321338329,2.213629090780857e-05,-0.00023873640999881411,-1.2258273718050217e-07,0.0003470215321338329,2.8792997778732065e-05,6.451591111725186e-07,1.3031950122147734e-06,-2.033244895918625e-07,2.213629090780857e-05,6.451591111725186e-07,1.4559244313897586e-05
602,1.0,1,20,transient,learned_with_learned_kf,learned,learned_kf,none,1,oracle,0.07938466195579273,0.2600066784868924,0.010379399115840252,0.025543880927039988,0.013429779424825357,0.011107332387278233,0.017286386189793727,1.4368150216627456,255.45479513355303,0,0,0,True,0.5387917381625279,0.0704274008263004,0.7303272530153574,0.05024606544243353,0.18784120486289677,0.6766366274993828,0.7038159899565803,8.842938210813423e-05,3.0257512942540976e-07,-6.915765388986867e-05,7.905047102796322e-06,1.6701994378719777e-06,3.0257512942540976e-07,1.510908125034739e-06,-3.537409855857536e-07,2.9194160582482523e-08,-1.2416965935205356e-07,-6.915765388986867e-05,-3.537409855857536e-07,0.00016247619860216541,-6.1754504451194995e-06,3.5233544640917743e-06,7.905047102796322e-06,2.9194160582482523e-08,-6.1754504451194995e-06,7.690575755211027e-07,1.463444411160959e-07,1.6701994378719777e-06,-1.2416965935205356e-07,3.5233544640917743e-06,1.463444411160959e-07,1.0748217982525384e-05
602,1.0,1,23,broadband,nominal_with_nominal_kf,nominal,nominal_kf,none,0,nominal,0.13553293834574884,0.38523117510701443,0.04051361834907009,0.026697230382128845,0.01999436428123202,0.015369645327696312,0.018313208951822372,0.6406875507093603,103.95227509253566,0,0,0,True,0.16673047129669497,0.2932090591678321,0.2576395810719898,0.19172586778730222,0.19391013331738477,0.620267352573693,0.34139118412710057,8.468074901438695e-06,1.7192032887765402e-06,3.292799005654205e-06,6.460316476317557e-06,2.9508951933242648e-08,1.7192032887765402e-06,2.6188432460470196e-05,2.8284107001791248e-06,3.1098549776898818e-06,-1.146843674178416e-06,3.292799005654205e-06,2.8284107001791248e-06,2.0219941920946067e-05,2.042608831603997e-06,1.4987385975627484e-06,6.460316476317557e-06,3.1098549776898818e-06,2.042608831603997e-06,1.11973733627823e-05,-5.176469351309492e-10,2.9508951933242648e-08,-1.146843674178416e-06,1.4987385975627484e-06,-5.176469351309492e-10,1.1453962187879714e-05
602,1.0,1,23,broadband,nominal_with_nominal_kf,nominal,nominal_kf,none,0,learned,0.13553293834574884,0.38523117510701443,0.07262040397235318,0.027957297599540226,0.12926340911360398,0.12929282869079334,0.01793249394335474,0.6406875507093603,103.95227509253566,0,0,0,True,0.299615166072236,0.30705035005298625,1.4648451641821143,1.3985490002193468,0.19003495016332375,3.1723124889523664,2.845919943313311,2.734527662290296e-05,1.6439556286043216e-06,0.00012826623265619767,0.0001251245102896454,2.4329155481699986e-08,1.6439556286043216e-06,2.8719305196702848e-05,5.746907685828795e-06,5.454977077231469e-06,-1.3599548677327347e-06,0.00012826623265619767,5.746907685828795e-06,0.0006536393336207751,0.0006088616318613922,5.263077522572066e-07,0.0001251245102896454,5.454977077231469e-06,0.0006088616318613922,0.0005958131846575529,2.2102001658918493e-07,2.4329155481699986e-08,-1.3599548677327347e-06,5.263077522572066e-07,2.2102001658918493e-07,1.1000734869252262e-05
602,1.0,1,23,broadband,nominal_with_nominal_kf,nominal,nominal_kf,none,0,oracle,0.13553293834574884,0.38523117510701443,0.010735914883395568,0.02628205427195923,0.013412723631921577,0.011112769565347914,0.01791631140121332,0.6406875507093603,103.95227509253566,0,0,0,True,0.045942064102740085,0.2886939402349326,0.1829632884719505,0.15104328518388668,0.18980647189540414,0.3869297110241048,0.1530828315167115,6.429478406524735e-07,1.6185729351680571e-07,-1.5412416732879961e-06,2.040215017730192e-06,6.298826574521205e-08,1.6185729351680571e-07,2.538809245573462e-05,-5.794436352343282e-07,4.989191000760858e-07,-1.1700501277729956e-06,-1.5412416732879961e-06,-5.794436352343282e-07,1.019724021441302e-05,-5.0041461663310874e-06,1.0527436958366914e-06,2.040215017730192e-06,4.989191000760858e-07,-5.0041461663310874e-06,6.949564356441343e-06,2.0492432268857838e-07,6.298826574521205e-08,-1.1700501277729956e-06,1.0527436958366914e-06,2.0492432268857838e-07,1.0974298491061455e-05
602,1.0,1,23,broadband,learned_with_learned_kf,learned,learned_kf,none,0,nominal,1.6099911245288172,3.4681180414238297,0.7203215731063889,0.14068068913959406,0.848738107788034,0.5396624405385402,0.08549211842136174,14.365581049352286,1297.0088661944944,1046,0,0,True,18.29963796126895,1.3877857162591385,50.93159951909319,1.1920447862900678,0.439166085123412,69.25393683314755,51.892822399755076,0.10200929138336702,0.007218490132691621,0.23763014245440262,0.006622138593662404,-0.00017534359334098169,0.007218490132691621,0.0005866776741936057,0.014436929154297838,0.00047305113386779434,-5.1312895004607006e-05,0.23763014245440262,0.014436929154297838,0.7901860642995324,0.014837338222274126,0.0028816913304905672,0.006622138593662404,0.00047305113386779434,0.014837338222274126,0.00043285245031777456,-2.095625375102917e-05,-0.00017534359334098169,-5.1312895004607006e-05,0.0028816913304905672,-2.095625375102917e-05,5.875060230766703e-05
602,1.0,1,23,broadband,learned_with_learned_kf,learned,learned_kf,none,0,learned,1.6099911245288172,3.4681180414238297,0.7857197234006073,0.1757074082925968,1.6940542562605843,1.1907719107822996,0.0354659312427346,14.365581049352286,1297.0088661944944,1046,0,0,True,19.69056773627847,1.7386437738904907,100.57035154072443,2.611863417082889,0.18337123579233178,122.76375583619043,103.00598060988304,0.11810579621170274,0.009192572448508811,0.5429226874028095,0.015532563470503222,0.00031334136889438793,0.009192572448508811,0.0009208225677025857,0.051042000922145336,0.0012274798862701801,-3.7891475315087153e-06,0.5429226874028095,0.051042000922145336,3.081021093123178,0.07448118312971226,-0.0003725105195633099,0.015532563470503222,0.0012274798862701801,0.07448118312971226,0.002078048408024891,3.185924826692414e-05,0.00031334136889438793,-3.7891475315087153e-06,-0.0003725105195633099,3.185924826692414e-05,1.0242763821840009e-05
602,1.0,1,23,broadband,learned_with_learned_kf,learned,learned_kf,none,0,oracle,1.6099911245288172,3.4681180414238297,0.010735914883395568,0.026282054271959236,0.013412723631921582,0.011112769565347916,0.01791631140121331,14.365581049352286,1297.0088661944944,1046,0,0,True,0.26761441846762185,0.259758510490785,0.7829762657736915,0.023948759455188953,0.09215393856588353,0.709354230372178,0.769077556086291,2.1815931046772597e-05,8.339034224777162e-07,-3.8561896284709935e-05,1.9014380262285142e-06,1.7287517238311303e-07,8.339034224777162e-07,2.055390314818597e-05,-2.087652096998995e-06,6.984171708363052e-08,-5.030668683208278e-07,-3.8561896284709935e-05,-2.087652096998995e-06,0.000186746267492361,-3.3728898703719447e-06,2.2323351658629675e-06,1.9014380262285142e-06,6.984171708363052e-08,-3.3728898703719447e-06,1.7471121299629824e-07,1.5464710009566026e-08,1.7287517238311303e-07,-5.030668683208278e-07,2.2323351658629675e-06,1.5464710009566026e-08,2.586917255467796e-06
602,1.0,1,23,transient,nominal_with_nominal_kf,nominal,nominal_kf,none,0,nominal,0.12599847380388815,0.41513779747385016,0.06626538333878039,0.025691312467983354,0.02321226301329692,0.02097008843403582,0.0185742680749579,0.7343607179496013,100.82293715613694,0,0,0,True,0.2868526419875171,0.28492355649265383,0.33658337097900154,0.292362093615294,0.1923212872904844,0.9500744696455253,0.5449314634840113,2.5065273257718744e-05,5.464104847752883e-06,1.7767947652979557e-05,2.1785882976725928e-05,7.928935028839655e-07,5.464104847752883e-06,2.4729278668579426e-05,6.732216591567081e-06,5.3873910451142155e-06,3.983351009262168e-08,1.7767947652979557e-05,6.732216591567081e-06,3.4509609626892225e-05,1.4954634849504451e-05,2.630150474086588e-06,2.1785882976725928e-05,5.3873910451142155e-06,1.4954634849504451e-05,2.6037354832950218e-05,1.120833406247206e-06,7.928935028839655e-07,3.983351009262168e-08,2.630150474086588e-06,1.120833406247206e-06,1.1267029974197753e-05
602,1.0,1,23,transient,nominal_with_nominal_kf,nominal,nominal_kf,none,0,learned,0.12599847380388815,0.41513779747385016,0.1535828597117171,0.026331823568663683,0.22707069311287637,0.22735947136422424,0.018222584343646025,0.7343607179496013,100.82293715613694,0,0,0,True,0.6725277581109591,0.2921856324663276,3.115521061742215,3.0343503978683573,0.1886791080567088,6.8396202934349635,6.140407639097462,0.00013777650497969054,1.633868512249339e-06,0.0006321105703028414,0.0006188884818101406,2.6050588527457508e-06,1.633868512249339e-06,2.600593355725734e-05,1.0045077651073625e-05,7.840051250740557e-06,-3.89154098356849e-07,0.0006321105703028414,1.0045077651073625e-05,0.0029567602993471167,0.0028620104489282517,1.1415880362410892e-05,0.0006188884818101406,7.840051250740557e-06,0.0028620104489282517,0.002804698588758036,1.0860141954975546e-05,2.6050588527457508e-06,-3.89154098356849e-07,1.1415880362410892e-05,1.0860141954975546e-05,1.0844320992905302e-05
602,1.0,1,23,transient,nominal_with_nominal_kf,nominal,nominal_kf,none,0,oracle,0.12599847380388815,0.41513779747385016,0.011313586383781687,0.024918060833373595,0.012642671038547383,0.011469061462084242,0.018199437773807246,0.7343607179496013,100.82293715613694,0,0,0,True,0.04952593999719031,0.27648617359994904,0.1906272310958524,0.17117105773427876,0.1884348674367917,0.3925182046288347,0.1614905545030529,7.471713135307297e-07,-3.1585488502383114e-08,-1.7492651643843988e-06,2.486339090466924e-06,1.0987328831039744e-07,-3.1585488502383114e-08,2.3286358085565323e-05,3.812935216025356e-07,-1.4111095529500865e-07,-3.0191710903763456e-07,-1.7492651643843988e-06,3.812935216025356e-07,1.1069413593385277e-05,-6.02519138043252e-06,9.903767398593466e-07,2.486339090466924e-06,-1.4111095529500865e-07,-6.02519138043252e-06,8.925147535969332e-06,3.252956536707501e-07,1.0987328831039744e-07,-3.0191710903763456e-07,9.903767398593466e-07,3.252956536707501e-07,1.081626373294734e-05
602,1.0,1,23,transient,learned_with_learned_kf,learned,learned_kf,none,0,nominal,1.7111070778911952,3.7528504375328504,0.7920924286959845,0.14717846239480775,0.8830083110059028,0.5720409549364258,0.08545735856939254,14.255956663137585,1268.8912972619792,1038,0,0,True,21.157015666427707,1.4414359947734512,56.743750332582295,1.4043850740950752,0.42989805708926615,77.83568417069093,57.87872551927874,0.1363526398405639,0.00880401407660533,0.3057671620403163,0.009018887124729372,-0.00032340687214652794,0.00880401407660533,0.000632915105400931,0.017369315173204516,0.000587150466036999,-5.539288403613471e-05,0.3057671620403163,0.017369315173204516,0.980823374426248,0.019514000344975444,0.0028628870447848223,0.009018887124729372,0.000587150466036999,0.019514000344975444,0.0006007961561101447,-3.149471667529784e-05,-0.00032340687214652794,-5.539288403613471e-05,0.0028628870447848223,-3.149471667529784e-05,5.629705799992277e-05
602,1.0,1,23,transient,learned_with_learned_kf,learned,learned_kf,none,0,learned,1.7111070778911952,3.7528504375328504,0.8453598322657752,0.1752686871834164,1.7557156974246786,1.2638607622077567,0.03530875393837647,14.255956663137585,1268.8912972619792,1038,0,0,True,22.354187264723777,1.7216950773129076,112.04828325720345,3.0792432264555156,0.17731819930913634,137.18782467156575,114.92439606867985,0.1522202758821126,0.01006214314231891,0.6892924404048169,0.02082950057132609,0.000407517172675778,0.01006214314231891,0.0009029572942165458,0.056277489997871286,0.0014085865656419574,-2.2568594296192955e-07,0.6892924404048169,0.056277489997871286,3.8244161983059355,0.09798282679913907,9.041585602242302e-07,0.02082950057132609,0.0014085865656419574,0.09798282679913907,0.002888302822869297,4.611937593428513e-05,0.000407517172675778,-2.2568594296192955e-07,9.041585602242302e-07,4.611937593428513e-05,9.577702871849908e-06
602,1.0,1,23,transient,learned_with_learned_kf,learned,learned_kf,none,0,oracle,1.7111070778911952,3.7528504375328504,0.01131358638378169,0.024918060833373598,0.012642671038547363,0.011469061462084236,0.018199437773807243,14.255956663137585,1268.8912972619792,1038,0,0,True,0.2958701787899077,0.2442748558411773,0.795922140814694,0.02720458633688098,0.09142161167540945,0.7165715321166621,0.7797905959097591,2.6665953871101405e-05,-1.9595013080613682e-07,-4.391938880817108e-05,2.3759573259256472e-06,3.3600249825492865e-07,-1.9595013080613682e-07,1.8176583945018415e-05,1.361646928345067e-06,-1.5516461459793382e-08,-1.2764919948790116e-07,-4.391938880817108e-05,1.361646928345067e-06,0.00019297271501767972,-3.984208554887191e-06,2.0575378677363304e-06,2.3759573259256472e-06,-1.5516461459793382e-08,-3.984208554887191e-06,2.2544415931148777e-07,2.49157396743568e-08,3.3600249825492865e-07,-1.2764919948790116e-07,2.0575378677363304e-06,2.49157396743568e-08,2.54596530840129e-06
602,1.0,1,26,broadband,nominal_with_nominal_kf,nominal,nominal_kf,none,1,nominal,0.14204793877680896,0.4074055684151658,0.05152047219893541,0.02540029671243413,0.023055770155869765,0.01761493408551371,0.019374676461880784,0.6872937832114856,118.14561697789595,0,0,0,True,0.2118018103825578,0.2792424295346502,0.2982581712284487,0.2181518056771994,0.20636635942098086,0.7319106282678678,0.4170746186856999,1.3665139547804424e-05,4.264711486883356e-06,6.375590896887713e-06,9.415866913500932e-06,-4.699977505776013e-07,4.264711486883356e-06,2.3752949805319815e-05,3.843416949482674e-06,4.949491550933636e-06,-1.0971833252049293e-06,6.375590896887713e-06,3.843416949482674e-06,2.7098137148485897e-05,5.696816464200964e-06,2.3324900904224767e-06,9.415866913500932e-06,4.949491550933636e-06,5.696816464200964e-06,1.4496807074852992e-05,2.866328723278365e-07,-4.699977505776013e-07,-1.0971833252049293e-06,2.3324900904224767e-06,2.866328723278365e-07,1.2972764689734775e-05
602,1.0,1,26,broadband,nominal_with_nominal_kf,nominal,nominal_kf,none,1,learned,0.14204793877680896,0.4074055684151658,0.044159640694105544,0.027370130392788333,0.06342047520285508,0.06329582684700044,0.01930527754174926,0.6872937832114856,118.14561697789595,0,0,0,True,0.18122449655324288,0.3010933337116077,0.7402719843578327,0.6932442577970235,0.20562776622560813,1.4586755212291318,1.3966903616998387,1.00043422149646e-05,1.9212212478107787e-06,-3.6816310332658666e-06,4.5384352073406025e-07,-6.326663294274714e-07,1.9212212478107787e-06,2.7615761010467532e-05,-9.003288752755878e-07,-2.0059170147780827e-07,-7.776715841487903e-07,-3.6816310332658666e-06,-9.003288752755878e-07,0.00016693114134591668,0.00014045204869734374,3.6549403000144733e-06,4.5384352073406025e-07,-2.0059170147780827e-07,0.00014045204869734374,0.00014639535498852277,1.869963181798962e-06,-6.326663294274714e-07,-7.776715841487903e-07,3.6549403000144733e-06,1.869963181798962e-06,1.2880070809775936e-05
602,1.0,1,26,broadband,nominal_with_nominal_kf,nominal,nominal_kf,none,1,oracle,0.14204793877680896,0.4074055684151658,0.010874223810016466,0.02446534736870644,0.014139060945015648,0.01187115420371279,0.018793897210104805,0.6872937832114856,118.14561697789595,0,0,0,True,0.0465512667016944,0.26906498941838014,0.19498617058033346,0.16036344852729545,0.20012980151959747,0.3978364448287192,0.17175135826786003,6.601121724784434e-07,2.7314814957059135e-07,-1.4588694272302207e-06,2.202954018395173e-06,2.3315466962540888e-07,2.7314814957059135e-07,2.2053073136785555e-05,-1.2313822502792913e-06,7.714082850492679e-07,-7.855017349168972e-07,-1.4588694272302207e-06,-1.2313822502792913e-06,1.1581434499615516e-05,-5.214671476764403e-06,1.3943137196866395e-06,2.202954018395173e-06,7.714082850492679e-07,-5.214671476764403e-06,7.833674265761835e-06,7.575239848996011e-07,2.3315466962540888e-07,-7.855017349168972e-07,1.3943137196866395e-06,7.575239848996011e-07,1.2200517845388657e-05
602,1.0,1,26,broadband,learned_with_learned_kf,learned,learned_kf,none,1,nominal,0.14944352642167896,0.4970437287732999,0.049921225801944066,0.02545045843120591,0.029734676134659133,0.01743658945978191,0.021068709583474888,1.284656477591711,236.68713921827873,0,0,0,True,2.4899013587761285,0.08172609837896287,1.5269527419385855,0.07937864796563898,0.24342489453435245,3.4348785818583667,1.5623767997530653,0.0018885088291647272,1.5907769782513525e-05,0.00038005660590862095,4.1713969860681775e-05,-1.8041601792686173e-06,1.5907769782513525e-05,2.034587010051331e-06,4.4332295992325695e-06,5.749043136146249e-07,-6.192846537695343e-07,0.00038005660590862095,4.4332295992325695e-06,0.0007102413080520035,1.5708453003882493e-05,3.0217308871851756e-05,4.1713969860681775e-05,5.749043136146249e-07,1.5708453003882493e-05,1.9193851482681276e-06,4.3168528876876396e-07,-1.8041601792686173e-06,-6.192846537695343e-07,3.0217308871851756e-05,4.3168528876876396e-07,1.8050312129696176e-05
602,1.0,1,26,broadband,learned_with_learned_kf,learned,learned_kf,none,1,learned,0.14944352642167896,0.4970437287732999,0.04374809189167107,0.02745072187248842,0.0662538710837779,0.06389272915748113,0.02081826933418225,1.284656477591711,236.68713921827873,0,0,0,True,2.179421508184718,0.08745775856968398,3.335023865764824,0.2893581630141381,0.24042868647284382,4.211194414998987,3.5982574182812908,0.0014468956142725748,6.258244690907969e-06,-4.5400306535947205e-05,1.0698890884880007e-05,-6.442052956795592e-06,6.258244690907969e-06,2.329975855568138e-06,-8.490306019511989e-07,-1.4070671506445192e-07,-3.921005528518457e-07,-4.5400306535947205e-05,-8.490306019511989e-07,0.0033880719723784988,0.0002652218758633518,3.0758041606122985e-05,1.0698890884880007e-05,-1.4070671506445192e-07,0.0002652218758633518,2.550505195124195e-05,1.1482740086287695e-06,-6.442052956795592e-06,-3.921005528518457e-07,3.0758041606122985e-05,1.1482740086287695e-06,1.760870033617738e-05
602,1.0,1,26,broadband,learned_with_learned_kf,learned,learned_kf,none,1,oracle,0.14944352642167896,0.4970437287732999,0.010874223810016466,0.024465347368706435,0.014139060945015646,0.011871154203712788,0.018793897210104805,1.284656477591711,236.68713921827873,0,0,0,True,0.5555958196376126,0.07808542411396702,0.7441793673677146,0.0540115953520596,0.21617531332535317,0.7505353805793323,0.71843453003751,9.403135058444317e-05,9.93010019348542e-07,-6.529685798269056e-05,8.938008155141623e-06,2.972447001142323e-06,9.93010019348542e-07,1.8573539858774453e-06,-1.6011174805272677e-06,8.656111238931655e-08,-3.674067875153492e-07,-6.529685798269056e-05,-1.6011174805272677e-06,0.00016869801985542972,-6.179470393970024e-06,6.108562931911275e-06,8.938008155141623e-06,8.656111238931655e-08,-6.179470393970024e-06,8.8864590884692e-07,2.8693091269289785e-07,2.972447001142323e-06,-3.674067875153492e-07,6.108562931911275e-06,2.8693091269289785e-07,1.4235310008812258e-05
602,1.0,1,26,transient,nominal_with_nominal_kf,nominal,nominal_kf,none,1,nominal,0.13674631747478516,0.4411182011961698,0.08316987638329107,0.026905886756138708,0.03000400834895376,0.023840953519067183,0.018682367386576967,0.7946925267019505,121.38798103975283,0,0,0,True,0.3597946981962841,0.29838235395893964,0.4236478226435363,0.33093106206135914,0.19487386494587416,1.173887826718938,0.6764241223573013,3.9433402719503104e-05,1.0645650296057904e-05,3.100315990508349e-05,3.1103010961247735e-05,2.367945720756334e-07,1.0645650296057904e-05,2.7120706999290236e-05,1.279234638591327e-05,1.014805157150578e-05,1.0127419973347189e-06,3.100315990508349e-05,1.279234638591327e-05,5.4671966145662875e-05,2.5672660807204512e-05,2.9374951092064746e-06,3.1103010961247735e-05,1.014805157150578e-05,2.5672660807204512e-05,3.3360288777517245e-05,1.2541832779582374e-06,2.367945720756334e-07,1.0127419973347189e-06,2.9374951092064746e-06,1.2541832779582374e-06,1.1568097289322884e-05
602,1.0,1,26,transient,nominal_with_nominal_kf,nominal,nominal_kf,none,1,learned,0.13674631747478516,0.4411182011961698,0.056237448640612586,0.02822069148634257,0.08072318359555024,0.0789396534397393,0.01859486890129212,0.7946925267019505,121.38798103975283,0,0,0,True,0.24304802487649194,0.3128786179551762,1.1357121552484857,1.0900365301651675,0.193939119330951,2.2101583289469393,2.197446422252701,1.7994464521537346e-05,1.6604151219531782e-06,-1.5316445485474756e-05,-1.4576389520637302e-05,2.4550799711243436e-08,1.6604151219531782e-06,2.9819922083796044e-05,1.574678943787003e-06,-1.1960761946471896e-06,1.2207573578934597e-06,-1.5316445485474756e-05,1.574678943787003e-06,0.00039290837230607467,0.0003580395538696806,3.322275647041655e-06,-1.4576389520637302e-05,-1.1960761946471896e-06,0.0003580395538696806,0.0003619402152948399,2.184060545501921e-06,2.4550799711243436e-08,1.2207573578934597e-06,3.322275647041655e-06,2.184060545501921e-06,1.1457386758963194e-05
602,1.0,1,26,transient,nominal_with_nominal_kf,nominal,nominal_kf,none,1,oracle,0.13674631747478516,0.4411182011961698,0.011016297693961436,0.025201459934391147,0.013009967649250578,0.011796454055577735,0.01776032211279356,0.7946925267019505,121.38798103975283,0,0,0,True,0.04823243047778073,0.2795041092491081,0.19516246005194218,0.17663367979096847,0.184805555553996,0.41787132896287715,0.1627613089443629,7.08652019570277e-07,1.2903477556811198e-07,-1.7372608221230631e-06,2.4980951325390814e-06,2.3404425002053614e-07,1.2903477556811198e-07,2.3797488720849427e-05,1.0351354582170888e-06,2.7828076867506605e-07,1.1569029967938276e-06,-1.7372608221230631e-06,1.0351354582170888e-06,1.1602385810356944e-05,-6.518294775533875e-06,7.707873977507985e-07,2.4980951325390814e-06,2.7828076867506605e-07,-6.518294775533875e-06,9.503898040280925e-06,7.408547889087942e-07,2.3404425002053614e-07,1.1569029967938276e-06,7.707873977507985e-07,7.408547889087942e-07,1.0403627178160818e-05
602,1.0,1,26,transient,learned_with_learned_kf,learned,learned_kf,none,1,nominal,0.08768816675202636,0.28983967133058886,0.08162903714133199,0.02689447523968412,0.03448847948584074,0.02330893090130992,0.020891837330117027,1.4235028277098905,253.76587089944337,0,0,0,True,4.246318979122856,0.07505616332965727,1.840531305636055,0.11047451914510195,0.23418573721753294,5.727062187132421,1.9128282564284247,0.005492625196242375,3.240946249562567e-05,0.0014681882519112135,0.0001271476539590262,7.216860628997484e-06,3.240946249562567e-05,1.7160401964459576e-06,1.0502510957752934e-05,8.474338727622851e-07,6.803126929870243e-08,0.0014681882519112135,1.0502510957752934e-05,0.0010319084118422773,3.947108122649058e-05,3.564304242104167e-05,0.0001271476539590262,8.474338727622851e-07,3.947108122649058e-05,3.7177396651184853e-06,7.790440392806225e-07,7.216860628997484e-06,6.803126929870243e-08,3.564304242104167e-05,7.790440392806225e-07,1.67061208212672e-05
602,1.0,1,26,transient,learned_with_learned_kf,learned,learned_kf,none,1,learned,0.08768816675202636,0.28983967133058886,0.05506244292386714,0.02819794665431882,0.08116800256281691,0.07720445962270384,0.02060076213536423,1.4235028277098905,253.76587089944337,0,0,0,True,2.861946796797792,0.0787484325287389,4.3317813356390475,0.3563428782907725,0.23069349822938418,4.873478396919455,4.667967657729925,0.0024950419227962803,4.5889019082372064e-06,-0.0009085866313555006,-9.387323367156891e-05,8.098784775912045e-07,4.5889019082372064e-06,1.8890287651938887e-06,2.682945045788472e-06,8.165912847231e-08,3.155540703674774e-07,-0.0009085866313555006,2.682945045788472e-06,0.005715941648438593,0.0004414838948546074,3.4595754250175056e-05,-9.387323367156891e-05,8.165912847231e-08,0.0004414838948546074,3.868039517716238e-05,1.4714283458538099e-06,8.098784775912045e-07,3.155540703674774e-07,3.4595754250175056e-05,1.4714283458538099e-06,1.6211583764336415e-05
602,1.0,1,26,transient,learned_with_learned_kf,learned,learned_kf,none,1,oracle,0.08768816675202636,0.28983967133058886,0.011016297693961435,0.025201459934391143,0.013009967649250576,0.011796454055577731,0.01776032211279356,1.4235028277098905,253.76587089944337,0,0,0,True,0.5708882831593932,0.07002325844214245,0.7076031687740264,0.05356527173972477,0.19564765185946106,0.6789533291002603,0.6777974223513664,9.927890868357604e-05,4.5812351002911046e-07,-7.302675279206945e-05,9.052957825060906e-06,2.9716658851961873e-06,4.5812351002911046e-07,1.4936174114679452e-06,7.866310024290274e-07,3.615697561338298e-08,3.188143503446011e-07,-7.302675279206945e-05,7.866310024290274e-07,0.00015252262578852757,-6.726278120133306e-06,3.153742239739514e-06,9.052957825060906e-06,3.615697561338298e-08,-6.726278120133306e-06,8.740199788331386e-07,2.711868985863999e-07,2.9716658851961873e-06,3.188143503446011e-07,3.153742239739514e-06,2.711868985863999e-07,1.1660146715015322e-05
602,1.0,1,29,broadband,nominal_with_nominal_kf,nominal,nominal_kf,none,1,nominal,0.12147436182379272,0.35479380526350174,0.061826638190057105,0.026137723675672162,0.02053463472627205,0.015243312003000695,0.0191083418960414,0.6483863197328826,104.86669712147119,0,0,0,True,0.25354085711710456,0.28756601791455894,0.26359941841422424,0.18720216551577262,0.2031240490125472,0.6664227717868452,0.35187510108575787,1.9581711308510805e-05,2.6529059657354524e-06,2.428236561176144e-06,4.950429123612921e-06,1.8421478413600503e-06,2.6529059657354524e-06,2.5190098300784817e-05,3.194140213643424e-06,2.599847639200336e-06,6.240521214973402e-07,2.428236561176144e-06,3.194140213643424e-06,2.1166235829922983e-05,2.9375449761042527e-06,1.4099774539670949e-06,4.950429123612921e-06,2.599847639200336e-06,2.9375449761042527e-06,1.067521109603963e-05,4.131662658134073e-07,1.8421478413600503e-06,6.240521214973402e-07,1.4099774539670949e-06,4.131662658134073e-07,1.2568325660483771e-05
602,1.0,1,29,broadband,nominal_with_nominal_kf,nominal,nominal_kf,none,1,learned,0.12147436182379272,0.35479380526350174,0.062137000379905216,0.029254125914136786,0.061169915503882566,0.05718239637497271,0.019053718384188418,0.6483863197328826,104.86669712147119,0,0,0,True,0.2537749880918708,0.3217793873796622,0.7114220988915531,0.6254994746704674,0.2025585120707932,1.274068134253463,1.3036021225607028,1.9617893264035746e-05,1.4304816128401364e-07,-2.165204944679733e-05,-1.5393047311109186e-05,1.4886228447918933e-06,1.4304816128401364e-07,3.154068900288935e-05,2.1661800231414845e-08,-1.4126942322913182e-06,6.697587229000475e-07,-2.165204944679733e-05,2.1661800231414845e-08,0.00015417339581710388,0.0001221527273970343,-3.5331019166398964e-06,-1.5393047311109186e-05,-1.4126942322913182e-06,0.0001221527273970343,0.00011918144145530579,-3.7558006206175813e-06,1.4886228447918933e-06,6.697587229000475e-07,-3.5331019166398964e-06,-3.7558006206175813e-06,1.2498437750428652e-05
602,1.0,1,29,broadband,nominal_with_nominal_kf,nominal,nominal_kf,none,1,oracle,0.12147436182379272,0.35479380526350174,0.010539081437694808,0.025958004205492335,0.013035751597847539,0.011701593055529255,0.01867489610876167,0.6483863197328826,104.86669712147119,0,0,0,True,0.04506534479555036,0.2855964550644589,0.17841769197524043,0.15694893143590882,0.1985966079320641,0.42964725341664906,0.16270596038382468,6.186430404384264e-07,2.7943232002669335e-07,-1.3118518272848315e-06,2.0803827505305144e-06,1.9282966955427894e-07,2.7943232002669335e-07,2.4846221936025475e-05,6.107405246169875e-07,1.1724440522614288e-06,5.61081389735097e-07,-1.3118518272848315e-06,6.107405246169875e-07,9.696847579711148e-06,-4.568135787862628e-06,1.0111507343033042e-06,2.0803827505305144e-06,1.1724440522614288e-06,-4.568135787862628e-06,7.503630873257415e-06,7.478003512172421e-07,1.9282966955427894e-07,5.61081389735097e-07,1.0111507343033042e-06,7.478003512172421e-07,1.2014297670034935e-05
602,1.0,1,29,broadband,learned_with_learned_kf,learned,learned_kf,none,1,nominal,0.12814421687544733,0.41273009670907473,0.05991530020334424,0.02615428495340067,0.023646711529966745,0.014982062821558898,0.01982730140769355,1.1077305335173586,195.17844880552133,0,0,0,True,2.9840510170140515,0.0830374867904063,1.2138583709391844,0.06787667868724001,0.2277568725921914,3.4487181723468887,1.238223051137268,0.002712484235358793,1.0335443892603623e-05,0.00013865026783998495,2.0315101243695083e-05,2.4912576891094267e-05,1.0335443892603623e-05,2.100405408452507e-06,4.340929191125128e-06,2.2022718236011214e-07,1.8797089192866412e-07,0.00013865026783998495,4.340929191125128e-06,0.0004488391904974412,8.397835613840925e-06,1.3602621564964508e-05,2.0315101243695083e-05,2.2022718236011214e-07,8.397835613840925e-06,1.4034466302267083e-06,2.3020613501896936e-07,2.4912576891094267e-05,1.8797089192866412e-07,1.3602621564964508e-05,2.3020613501896936e-07,1.5801478211710577e-05
602,1.0,1,29,broadband,learned_with_learned_kf,learned,learned_kf,none,1,learned,0.12814421687544733,0.41273009670907473,0.060206556534443435,0.02929981814013136,0.06222234339877227,0.05724961595926607,0.019666143034113633,1.1077305335173586,195.17844880552133,0,0,0,True,2.9892561059119767,0.09347869985491715,3.1259902387145395,0.2592945139196958,0.225848849190132,3.6203177928259334,3.364622753238228,0.002721955276679682,-3.452926197088039e-07,-0.0010323673182114762,-7.213588698781824e-05,1.9741210550373837e-05,-3.452926197088039e-07,2.6618284464249396e-06,-2.29376952693189e-07,-3.943108495880615e-07,2.694336122720304e-07,-0.0010323673182114762,-2.29376952693189e-07,0.0029766650635678297,0.0002256663196285796,-1.1054582041142797e-05,-7.213588698781824e-05,-3.943108495880615e-07,0.0002256663196285796,2.048053944717477e-05,-1.53575934577177e-06,1.9741210550373837e-05,2.694336122720304e-07,-1.1054582041142797e-05,-1.53575934577177e-06,1.553783477978362e-05
602,1.0,1,29,broadband,learned_with_learned_kf,learned,learned_kf,none,1,oracle,0.12814421687544733,0.41273009670907473,0.010539081437694806,0.025958004205492335,0.013035751597847539,0.011701593055529256,0.01867489610876167,1.1077305335173586,195.17844880552133,0,0,0,True,0.5378300911189737,0.08239396189050069,0.6850394358777362,0.05318905843017943,0.2141591551550202,0.7119953658921571,0.6597519922520559,8.811400249424056e-05,7.245958391563461e-07,-5.927610624991601e-05,8.464700059120107e-06,2.413888629342085e-06,7.245958391563461e-07,2.0679760644391937e-06,1.3035357621009958e-06,6.984350440273566e-08,2.2500291767465341e-07,-5.927610624991601e-05,1.3035357621009958e-06,0.00014295056688494833,-5.610354287831711e-06,4.6606119189887595e-06,8.464700059120107e-06,6.984350440273566e-08,-5.610354287831711e-06,8.617858122148816e-07,2.5258926704443164e-07,2.413888629342085e-06,2.2500291767465341e-07,4.6606119189887595e-06,2.5258926704443164e-07,1.3971017125803944e-05
602,1.0,1,29,transient,nominal_with_nominal_kf,nominal,nominal_kf,none,1,nominal,0.11054136162869654,0.3912226448816658,0.10083834778016387,0.02636848702127609,0.02133184988143903,0.017242584700486594,0.018479852769020418,0.776638568229495,108.17012051039487,0,0,0,True,0.4363957879903209,0.2925922769769432,0.3043405008742308,0.24738375677947738,0.1924172861581617,0.9319002963332984,0.4466787234202599,5.801173248462001e-05,7.204424011661182e-06,1.3522889376220643e-05,1.9567065008093653e-05,1.7448531620206553e-07,7.204424011661182e-06,2.60783705826102e-05,5.311663551900924e-06,5.459414579424006e-06,1.2545530043276775e-06,1.3522889376220643e-05,5.311663551900924e-06,2.8214622063237548e-05,6.960510839374392e-06,1.0269788489082266e-06,1.9567065008093653e-05,5.459414579424006e-06,6.960510839374392e-06,1.8642197130546152e-05,6.761100281965301e-07,1.7448531620206553e-07,1.2545530043276775e-06,1.0269788489082266e-06,6.761100281965301e-07,1.1278280856359204e-05
602,1.0,1,29,transient,nominal_with_nominal_kf,nominal,nominal_kf,none,1,learned,0.11054136162869654,0.3912226448816658,0.09278269772413687,0.028783699675222072,0.07819803245515607,0.06854194425607353,0.018419829285976803,0.776638568229495,108.17012051039487,0,0,0,True,0.39958593568638284,0.3194004063068961,1.0983944534422105,0.947764110328019,0.19180160055179082,1.8997427320061933,2.0205546209448806,4.863793443003144e-05,-3.3533878226343405e-08,-6.881331907704451e-05,-5.475365821801571e-05,-2.2686810268809475e-07,-3.3533878226343405e-08,3.1076039422381814e-05,3.67113982533277e-06,3.919403061516665e-06,1.5138770186944356e-06,-6.881331907704451e-05,3.67113982533277e-06,0.0003675118927890146,0.00030125349794637773,-1.321169894925965e-06,-5.475365821801571e-05,3.919403061516665e-06,0.00030125349794637773,0.0002736246714103766,-1.5521952833321386e-06,-2.2686810268809475e-07,1.5138770186944356e-06,-1.321169894925965e-06,-1.5521952833321386e-06,1.1206221157119767e-05
602,1.0,1,29,transient,nominal_with_nominal_kf,nominal,nominal_kf,none,1,oracle,0.11054136162869654,0.3912226448816658,0.011432713924939155,0.025712446585087832,0.01245124736376295,0.012696577227891515,0.018077599626679482,0.776638568229495,108.17012051039487,0,0,0,True,0.050043439969711626,0.28534310424408366,0.18521946625601557,0.19189351965943643,0.18832559699659807,0.43408634903292365,0.16845740557192854,7.62867381438193e-07,3.928122636530396e-07,-1.7324061186891345e-06,2.7998826696060608e-06,2.3101540557512597e-07,3.928122636530396e-07,2.4802159633741024e-05,-1.8668203999443537e-08,1.511884586493699e-06,1.0979902115876294e-06,-1.7324061186891345e-06,-1.8668203999443537e-08,1.0450281564747358e-05,-6.511422167084521e-06,8.561181037148532e-07,2.7998826696060608e-06,1.511884586493699e-06,-6.511422167084521e-06,1.1216964682414114e-05,1.0544712959628636e-06,2.3101540557512597e-07,1.0979902115876294e-06,8.561181037148532e-07,1.0544712959628636e-06,1.0803723004860825e-05
602,1.0,1,29,transient,learned_with_learned_kf,learned,learned_kf,none,1,nominal,0.08102770279862541,0.2838877524172365,0.099210028650464,0.026402050829033144,0.023372543352897485,0.016679015959027262,0.01903454527025008,1.2024730756988855,201.01023177881893,0,0,0,True,5.161451627403082,0.07216494831571348,1.2550055095172998,0.07831502665259199,0.2107356556953717,5.7677401350244635,1.2864940772261595,0.008115185625227821,2.218530542905332e-05,0.0006316008665088654,7.75855931729578e-05,1.9251791264319073e-06,2.218530542905332e-05,1.5863804349565024e-06,5.614812094423097e-06,5.00101198008952e-07,3.2672900078993084e-07,0.0006316008665088654,5.614812094423097e-06,0.0004797842641291171,1.1254842738340156e-05,9.63813597640167e-06,7.75855931729578e-05,5.00101198008952e-07,1.1254842738340156e-05,1.8682927793088533e-06,2.195879863309424e-07,1.9251791264319073e-06,3.2672900078993084e-07,9.63813597640167e-06,2.195879863309424e-07,1.3527912354988399e-05
602,1.0,1,29,transient,learned_with_learned_kf,learned,learned_kf,none,1,learned,0.08102770279862541,0.2838877524172365,0.0913027157405371,0.028801606908286863,0.07764761573179639,0.06715476103524935,0.01888860523914112,1.2024730756988855,201.01023177881893,0,0,0,True,4.7378664276043025,0.07888504284350847,4.149104479535011,0.30961240052602323,0.20904671866454574,4.347400026075608,4.443807711955077,0.006837862454402663,-1.5095615252448688e-06,-0.00331196297915208,-0.00024853883553470726,-3.898916290023837e-06,-1.5095615252448688e-06,1.8955885059744403e-06,8.509902061449156e-06,7.248809350190802e-07,4.7479118475539064e-07,-0.00331196297915208,8.509902061449156e-06,0.005244009590159319,0.00037110004374240967,8.233529943366814e-07,-0.00024853883553470726,7.248809350190802e-07,0.00037110004374240967,2.9200576683161248e-05,-2.45350648582897e-07,-3.898916290023837e-06,4.7479118475539064e-07,8.233529943366814e-07,-2.45350648582897e-07,1.3311942869934257e-05
602,1.0,1,29,transient,learned_with_learned_kf,learned,learned_kf,none,1,oracle,0.08102770279862541,0.2838877524172365,0.011432713924939154,0.02571244658508783,0.01245124736376295,0.012696577227891515,0.018077599626679486,1.2024730756988855,201.01023177881893,0,0,0,True,0.5917870576448575,0.07004069187554622,0.6757701191981028,0.05740100148470708,0.19960379433627487,0.67121585931284,0.6439800798216455,0.00010668065193510576,1.309057495792285e-06,-7.315461130028593e-05,1.000729884807129e-05,2.7406341133750154e-06,1.309057495792285e-06,1.4943612249280728e-06,-7.161439863445727e-08,1.3797549702076162e-07,3.0546709208797245e-07,-7.315461130028593e-05,-7.161439863445727e-08,0.00013910819138003206,-6.891936492874566e-06,3.7512890223671686e-06,1.000729884807129e-05,1.3797549702076162e-07,-6.891936492874566e-06,1.003676312322095e-06,2.745198433865664e-07,2.7406341133750154e-06,3.0546709208797245e-07,3.7512890223671686e-06,2.745198433865664e-07,1.2136468151188809e-05
