seed,test_seed,scenario,severity,method,client,family,switches,tracking,peak_steering,peak_acceleration,peak_steering_rate,beta_rms,steering_rms,feasible
17,117,previous_s_curve,near_linear,M4,nominal_00,nominal,0,0.015810784678644697,1.0578150569238587,1.5731998657845756,0.9520277160624249,0.17591194374681726,0.4646150572635325,1.0
17,117,previous_s_curve,near_linear,M4,nominal_01,nominal,0,0.015934661192190332,1.0490456118770353,1.5757479856123706,0.9449230711114643,0.16905219923286585,0.45991951498467554,1.0
17,117,previous_s_curve,near_linear,M4,nominal_02,nominal,0,0.016656005696391692,1.0289078693582403,1.5767120530501855,0.9284595426021677,0.16629935735613197,0.44905351679057315,1.0
17,117,previous_s_curve,near_linear,M4,nominal_03,nominal,0,0.015442015039589292,1.056069418415653,1.583648194845761,0.9511447795530034,0.14707071379476733,0.4638430919206728,1.0
17,117,previous_s_curve,near_linear,M4,nominal_04,nominal,0,0.016588652532650575,1.049888239106919,1.5703652503911292,0.9457929820878471,0.1815818455709106,0.46017951448152566,1.0
17,117,previous_s_curve,near_linear,M4,nominal_05,nominal,0,0.015006742505785362,1.0739205462230232,1.5781022615367246,0.9652587890361667,0.16370376617632457,0.4735020718618118,1.0
17,117,previous_s_curve,near_linear,M4,nominal_06,nominal,0,0.016272818175815842,1.120113911669863,1.580296986319623,1.0047205440314952,0.15165911763120685,0.49830541532226913,1.0
17,117,previous_s_curve,near_linear,M4,nominal_07,nominal,0,0.017062634459227167,1.0458032525168568,1.5721186024829867,0.9431304513727218,0.17420754682836304,0.45787531453069236,1.0
17,117,previous_s_curve,near_linear,M4,nominal_08,nominal,0,0.015930305247790565,1.1296539251870397,1.5803548898747741,1.012053891058508,0.15416701231565574,0.5036383569582104,1.0
17,117,previous_s_curve,near_linear,M4,nominal_09,nominal,0,0.01608941458288463,1.1085284180115904,1.5760530673183015,0.9949319848765548,0.16271421375257608,0.4919036184136697,1.0
17,117,previous_s_curve,near_linear,M4,heavy_00,heavy,0,0.017881038803709483,1.116114287255078,1.5558960275747145,1.0024407851192276,0.1951938553012966,0.4949768562537529,1.0
17,117,previous_s_curve,near_linear,M4,heavy_01,heavy,0,0.017689095450469663,1.071829448691384,1.5444766082672738,0.9653732526252367,0.226954542220051,0.4709092152927912,1.0
17,117,previous_s_curve,near_linear,M4,heavy_02,heavy,0,0.01695538971064103,1.0679698405865392,1.5500748327791083,0.9616657029310605,0.21613005090834947,0.4691298825102208,1.0
17,117,previous_s_curve,near_linear,M4,heavy_03,heavy,0,0.017097794449313367,1.1287665294432676,1.5534930988620121,1.0113474717715274,0.20613137385177988,0.5021106566169841,1.0
17,117,previous_s_curve,near_linear,M4,heavy_04,heavy,0,0.01715762521811178,1.1020744861846674,1.5554262027989638,0.9902626922524841,0.19953352341342648,0.48754023057061446,1.0
17,117,previous_s_curve,near_linear,M4,heavy_05,heavy,0,0.0172577346635891,1.0683598489714619,1.5480739976667328,0.9622320370765274,0.2199177732976385,0.4692269577404122,1.0
17,117,previous_s_curve,near_linear,M4,heavy_06,heavy,0,0.01788406389997632,1.0546678745442384,1.5461408172544915,0.9514260495597249,0.22370802151990987,0.46171735912446576,1.0
17,117,previous_s_curve,near_linear,M4,heavy_07,heavy,0,0.017562062229953563,1.1201632224599127,1.5516054199681695,1.0050014926290525,0.20769378649999704,0.49718706633397086,1.0
17,117,previous_s_curve,near_linear,M4,heavy_08,heavy,0,0.016337007133461885,1.0775957244068612,1.5547773704946233,0.9692522009010298,0.20596320533435566,0.47454293816193377,1.0
17,117,previous_s_curve,near_linear,M4,heavy_09,heavy,0,0.01812007735663622,1.0414453114616027,1.549250800044788,0.940915482258703,0.21580409152406793,0.45464863635663744,1.0
17,117,previous_s_curve,near_linear,M4,handling_00,handling,0,0.017436042086018285,1.1496907706674442,1.5970122124418233,1.0304920407123928,0.13636731105272237,0.5147361361094918,1.0
17,117,previous_s_curve,near_linear,M4,handling_01,handling,0,0.015357949836246575,1.207265624862146,1.6039549712179901,1.079652494607514,0.11296936914489444,0.5461815897291659,1.0
17,117,previous_s_curve,near_linear,M4,handling_02,handling,0,0.016291424798380263,1.2291295591173428,1.5944890376714922,1.0979459176519153,0.1350347741712186,0.5576371571447352,1.0
17,117,previous_s_curve,near_linear,M4,handling_03,handling,0,0.01590695654793381,1.2041305239315923,1.5988745169710408,1.0769187565395522,0.1257762267901233,0.5442438059018103,1.0
17,117,previous_s_curve,near_linear,M4,handling_04,handling,0,0.01677737087519729,1.2533686300185538,1.605493170577239,1.1220233265515664,0.1048703145837067,0.5712460575514364,1.0
17,117,previous_s_curve,near_linear,M4,handling_05,handling,0,0.01634244211772638,1.1659325432652705,1.598462624004209,1.044146619221464,0.1320901353127146,0.523634953746557,1.0
17,117,previous_s_curve,near_linear,M4,handling_06,handling,0,0.016093969736300836,1.1779385713973638,1.5981078581462218,1.0543812602468683,0.13164582141055628,0.5301080659040367,1.0
17,117,previous_s_curve,near_linear,M4,handling_07,handling,0,0.016638047969510142,1.2256946541886957,1.5950266363381087,1.0953716643994362,0.13226131684154485,0.5556861950177211,1.0
17,117,previous_s_curve,near_linear,M4,handling_08,handling,0,0.01573216537465279,1.187013186722346,1.6003209245168089,1.0622894258119528,0.12420213835790922,0.5350649755412188,1.0
17,117,previous_s_curve,near_linear,M4,handling_09,handling,0,0.01585845734030322,1.180194654951357,1.601245060435716,1.0566494719786452,0.12155952722431544,0.5313629772566699,1.0
17,117,previous_s_curve,near_linear,LTI_1,nominal_00,nominal,0,0.019730310709850443,1.0538000704061525,1.5681969142784309,0.9467026143330356,0.1756850346089725,0.4637342185837024,1.0
17,117,previous_s_curve,near_linear,LTI_1,nominal_01,nominal,0,0.019444735496924947,1.0451066182680622,1.5707871461475194,0.939715994596392,0.16883936028649704,0.4590587082481333,1.0
17,117,previous_s_curve,near_linear,LTI_1,nominal_02,nominal,0,0.018680702612005266,1.025059482422894,1.5717755679646863,0.9233457111942094,0.1660920548227125,0.44821598794027,1.0
17,117,previous_s_curve,near_linear,LTI_1,nominal_03,nominal,0,0.020261580319956958,1.0522337513563458,1.5788244207913242,0.946103562108208,0.14690078629490974,0.4630119562374849,1.0
17,117,previous_s_curve,near_linear,LTI_1,nominal_04,nominal,0,0.019484091041694997,1.0458484703012483,1.5653359930633433,0.9404490988536378,0.1813426102721661,0.4592939119101784,1.0
17,117,previous_s_curve,near_linear,LTI_1,nominal_05,nominal,0,0.02070227280195767,1.069934523080489,1.5731657326990822,0.9600307453441067,0.16350189882152305,0.47262858014025066,1.0
17,117,previous_s_curve,near_linear,LTI_1,nominal_06,nominal,0,0.024428106662577807,1.1159707076336243,1.5754413101514346,0.9993117906694771,0.15147959317839374,0.4974016545692873,1.0
17,117,previous_s_curve,near_linear,LTI_1,nominal_07,nominal,0,0.019720334442074543,1.041825394225987,1.5671391931244325,0.9377994369395415,0.1739830241074423,0.45700257124039173,1.0
17,117,previous_s_curve,near_linear,LTI_1,nominal_08,nominal,0,0.024806786682241153,1.1254582896994973,1.575475925910518,1.0065858609502285,0.15398318385054982,0.5027252118611263,1.0
17,117,previous_s_curve,near_linear,LTI_1,nominal_09,nominal,0,0.02337006608914344,1.104352610275426,1.5711302888645775,0.9894421718758198,0.16251289387689397,0.49099057147238556,1.0
17,117,previous_s_curve,near_linear,LTI_1,heavy_00,heavy,0,0.02365811009601183,1.1120912455519094,1.5517417964747198,0.9969483971412636,0.19495893674998901,0.4940911700502262,1.0
17,117,previous_s_curve,near_linear,LTI_1,heavy_01,heavy,0,0.020635645406235463,1.0678093314358796,1.5401391716048196,0.9597437962080435,0.2266522288871736,0.47000554120963295,1.0
17,117,previous_s_curve,near_linear,LTI_1,heavy_02,heavy,0,0.020201336121177586,1.0640325662471641,1.5457898842804452,0.9562265135581801,0.21585309059561586,0.4682556057402183,1.0
17,117,previous_s_curve,near_linear,LTI_1,heavy_03,heavy,0,0.023822583163686874,1.12467002374015,1.5492576294499278,1.0057715410506431,0.20587536089778097,0.5011996670953854,1.0
17,117,previous_s_curve,near_linear,LTI_1,heavy_04,heavy,0,0.022467833127613638,1.0981083506768976,1.5512432962094946,0.9848299393611153,0.19929072739452733,0.4866631457726374,1.0
17,117,previous_s_curve,near_linear,LTI_1,heavy_05,heavy,0,0.02032508443012708,1.064402868407854,1.5437708273542181,0.956724604470575,0.21963200890897272,0.46834312204241973,1.0
17,117,previous_s_curve,near_linear,LTI_1,heavy_06,heavy,0,0.019867389273733632,1.0507363183462557,1.5418213300560575,0.9459296387196302,0.223413427878868,0.4608371102861294,1.0
17,117,previous_s_curve,near_linear,LTI_1,heavy_07,heavy,0,0.023539942522657533,1.1160654464954674,1.5473686722013782,0.9993737805281944,0.2074333224837127,0.4962757063913659,1.0
17,117,previous_s_curve,near_linear,LTI_1,heavy_08,heavy,0,0.02058436561798496,1.0737253224121233,1.5505523722373789,0.9639259105757343,0.20570864588594776,0.47368216211177755,1.0
17,117,previous_s_curve,near_linear,LTI_1,heavy_09,heavy,0,0.019449668048173482,1.0376100101444299,1.5449765389146686,0.9355385122950708,0.21552701545967465,0.45379545013170286,1.0
17,117,previous_s_curve,near_linear,LTI_1,handling_00,handling,0,0.019540411877816934,1.144906699325395,1.5911375847357845,1.0245344092129678,0.13619050130817995,0.5137173155008395,1.0
17,117,previous_s_curve,near_linear,LTI_1,handling_01,handling,0,0.023829017893332163,1.2023213423510049,1.598200692803598,1.0735192551809458,0.11283754999856072,0.5451334202476722,1.0
17,117,previous_s_curve,near_linear,LTI_1,handling_02,handling,0,0.02422953994468536,1.2239213571459218,1.5886264351538706,1.0914487987046775,0.13485961529851598,0.5565265707645725,1.0
17,117,previous_s_curve,near_linear,LTI_1,handling_03,handling,0,0.02303081579638712,1.1991153473948981,1.593056636265642,1.0706663479082514,0.12561975339393483,0.5431774698973966,1.0
17,117,previous_s_curve,near_linear,LTI_1,handling_04,handling,0,0.027827391267156335,1.2482317457585301,1.5997847160513632,1.1127501660853818,0.1047531898826914,0.5701583649373855,1.0
17,117,previous_s_curve,near_linear,LTI_1,handling_05,handling,0,0.020300318320739495,1.1610951592488228,1.592606815440099,1.0381044786361593,0.13192180874886397,0.5226053584708606,1.0
17,117,previous_s_curve,near_linear,LTI_1,handling_06,handling,0,0.021004089442527737,1.173037813961211,1.5922555169313222,1.0482589467963987,0.13147821186773526,0.5290648612132606,1.0
17,117,previous_s_curve,near_linear,LTI_1,handling_07,handling,0,0.024343117525161228,1.2205090240335756,1.5891819451279918,1.0889156028615699,0.13209152871786745,0.5545816423834741,1.0
17,117,previous_s_curve,near_linear,LTI_1,handling_08,handling,0,0.0219313400204649,1.1821047335686257,1.5945086653596732,1.0561681982636002,0.12404898877883196,0.5340220007375981,1.0
17,117,previous_s_curve,near_linear,LTI_1,handling_09,handling,0,0.02172273533183845,1.1753329594773272,1.5954485641682215,1.0506006544356556,0.12141148053539266,0.5303309672288717,1.0
17,117,previous_s_curve,near_linear,LTI_2,nominal_00,nominal,2,0.022026545305319604,1.0563076556660955,1.568500966658845,14.987946838754391,0.17571996402252987,0.46445987743511313,1.0
17,117,previous_s_curve,near_linear,LTI_2,nominal_01,nominal,2,0.021917401956675315,1.0475681365787328,1.5710834238357783,14.844786124400636,0.1688659683985475,0.45976754681602006,1.0
17,117,previous_s_curve,near_linear,LTI_2,nominal_02,nominal,2,0.022129718808622023,1.027477495586282,1.5720767553656005,14.780111686157353,0.16611520719629727,0.4489088478414089,1.0
17,117,previous_s_curve,near_linear,LTI_2,nominal_03,nominal,2,0.021431265661647658,1.0546165599907464,1.5791066983873414,14.39645797169259,0.1469033623760335,0.46368925297299834,1.0
17,117,previous_s_curve,near_linear,LTI_2,nominal_04,nominal,2,0.022507678203139567,1.0483959925390067,1.5656457855961807,15.102452113916772,0.18138478538323782,0.4600280608177685,1.0
17,117,previous_s_curve,near_linear,LTI_2,nominal_05,nominal,2,0.0215829281407027,1.072436904365117,1.5734576597734025,14.744406563533142,0.16352250313607353,0.473340698975443,1.0
17,117,previous_s_curve,near_linear,LTI_2,nominal_06,nominal,2,0.022914651319118476,1.1185645962656983,1.5757332112933662,14.526493598778629,0.1514883670093565,0.4981304359497526,1.0
17,117,previous_s_curve,near_linear,LTI_2,nominal_07,nominal,2,0.022692283791598055,1.044320679817558,1.5674414108014112,14.955409983723092,0.1740165899842256,0.4577264104774061,1.0
17,117,previous_s_curve,near_linear,LTI_2,nominal_08,nominal,2,0.022869155280782687,1.1280906309113725,1.5757705669167992,14.577672708492942,0.15399440858491062,0.5034586032978405,1.0
17,117,previous_s_curve,near_linear,LTI_2,nominal_09,nominal,2,0.02273994223637158,1.106957540597371,1.5714243529484553,14.749080601091963,0.162533893919647,0.4917325288468948,1.0
17,117,previous_s_curve,near_linear,LTI_2,heavy_00,heavy,2,0.02313615807557078,1.1146438505681595,1.5520041815839973,13.527724605887819,0.19502434682531863,0.49483261307140347,1.0
17,117,previous_s_curve,near_linear,LTI_2,heavy_01,heavy,2,0.022825838161386225,1.0703698344852393,1.5404217556742317,14.313096402019951,0.22676076206601756,0.47077715176835855,1.0
17,117,previous_s_curve,near_linear,LTI_2,heavy_02,heavy,2,0.022135892496262327,1.066536214479947,1.5460619513054137,13.98655017604189,0.21594454833759044,0.46899761971536325,1.0
17,117,previous_s_curve,near_linear,LTI_2,heavy_03,heavy,2,0.022879033634543498,1.127276963755578,1.5495233232102867,13.749665273598414,0.2059542097839805,0.5019607253404978,1.0
17,117,previous_s_curve,near_linear,LTI_2,heavy_04,heavy,2,0.022497634082522987,1.1006125393192707,1.551508521218945,13.607437359865079,0.19936077478651576,0.4873989550571142,1.0
17,117,previous_s_curve,near_linear,LTI_2,heavy_05,heavy,2,0.022398003723435273,1.0669236939723936,1.5440465769833964,14.102249658846123,0.2197293563706842,0.4690950803864122,1.0
17,117,previous_s_curve,near_linear,LTI_2,heavy_06,heavy,2,0.022738062584520023,1.0532140040821945,1.542100096918376,14.223363313180744,0.22351646878187753,0.4615900052027298,1.0
17,117,previous_s_curve,near_linear,LTI_2,heavy_07,heavy,2,0.023100413230636916,1.1186556286857328,1.5476360229538773,13.784063471641174,0.2075151507776537,0.4970408770903632,1.0
17,117,previous_s_curve,near_linear,LTI_2,heavy_08,heavy,2,0.021699948547292052,1.0761538058556102,1.5508216671810662,13.723747204248735,0.20578556608784931,0.4744071589772873,1.0
17,117,previous_s_curve,near_linear,LTI_2,heavy_09,heavy,2,0.022677323109867347,1.0400310414626053,1.5452475073742031,14.007791600355812,0.2156183027756716,0.4545249584604124,1.0
17,117,previous_s_curve,near_linear,LTI_2,handling_00,handling,2,0.02345136240183254,1.1478932125522803,1.5914819264016262,16.79482499836133,0.13617158052490208,0.5145075414195944,1.0
17,117,previous_s_curve,near_linear,LTI_2,handling_01,handling,2,0.022818958744712892,1.205433062786484,1.5985353875280877,16.39007934746058,0.1127981330561182,0.5459301066811296,1.0
17,117,previous_s_curve,near_linear,LTI_2,handling_02,handling,2,0.02372514832366725,1.2271992610974072,1.588976513440523,16.81674467898833,0.1348409816496023,0.5573769818887356,1.0
17,117,previous_s_curve,near_linear,LTI_2,handling_03,handling,2,0.02312132797370213,1.2022546195078196,1.5933940181718278,16.631787350179017,0.12559161037613123,0.5439937824015199,1.0
17,117,previous_s_curve,near_linear,LTI_2,handling_04,handling,2,0.024400466252404756,1.2514813825354407,1.6001140416573048,16.259750712301532,0.10470803244439188,0.5709767503222807,1.0
17,117,previous_s_curve,near_linear,LTI_2,handling_05,handling,2,0.022912161607184702,1.1641289011031144,1.5929475847209504,16.723317943130738,0.13189893841380138,0.5233991293926028,1.0
17,117,previous_s_curve,near_linear,LTI_2,handling_06,handling,2,0.022902624088131613,1.176114201704209,1.5925969255659462,16.722549185558968,0.13145514795996913,0.5298675823814033,1.0
17,117,previous_s_curve,near_linear,LTI_2,handling_07,handling,2,0.023885764106856184,1.2237716704629487,1.5895289466773963,16.767624879325012,0.132070141712024,0.5554285669662634,1.0
17,117,previous_s_curve,near_linear,LTI_2,handling_08,handling,2,0.02277617056286397,1.1851800924266935,1.5948425161363795,16.591106268672522,0.12401906733800915,0.5348213636348792,1.0
17,117,previous_s_curve,near_linear,LTI_2,handling_09,handling,2,0.022756350183461577,1.1783620990950732,1.5957820250702233,16.539202298236837,0.12137907884230502,0.5311226043193336,1.0
17,117,previous_s_curve,near_linear,LTI_3,nominal_00,nominal,4,0.021280524873057885,1.057287750519864,1.5798834583951868,12.369855148890382,0.1761103626927076,0.4648303684787342,1.0
17,117,previous_s_curve,near_linear,LTI_3,nominal_01,nominal,4,0.021379176904910105,1.0485230720388576,1.582383205800066,12.237687702648378,0.16924437020240218,0.460130056674182,1.0
17,117,previous_s_curve,near_linear,LTI_3,nominal_02,nominal,4,0.02218469836755344,1.0283920511017473,1.5833459235580354,12.16553976922795,0.1664893054882803,0.4492576225257613,1.0
17,117,previous_s_curve,near_linear,LTI_3,nominal_03,nominal,4,0.020462940985823276,1.0555528478034846,1.5902257783170295,11.834104086151818,0.14724217831057596,0.46404838455916364,1.0
17,117,previous_s_curve,near_linear,LTI_3,nominal_04,nominal,4,0.022131870252300498,1.0493609310293126,1.5770062240509581,12.447526286859802,0.18178590117973714,0.46039547407211057,1.0
17,117,previous_s_curve,near_linear,LTI_3,nominal_05,nominal,4,0.020148612337648267,1.0733930004476016,1.5848579148273594,12.175473162576028,0.16389040592197607,0.4737172619285697,1.0
17,117,previous_s_curve,near_linear,LTI_3,nominal_06,nominal,4,0.020221625545800686,1.1195765693851987,1.5869105069464056,11.955768518064023,0.1518344033364358,0.49853232215031584,1.0
17,117,previous_s_curve,near_linear,LTI_3,nominal_07,nominal,4,0.022453584894057594,1.0452807130333404,1.5786331218028553,12.291876933181706,0.17440511597890612,0.45808898664615194,1.0
17,117,previous_s_curve,near_linear,LTI_3,nominal_08,nominal,4,0.01978250879308699,1.1291110938642808,1.5870971077432086,12.03446271118031,0.1543441897404796,0.5038676304399646,1.0
17,117,previous_s_curve,near_linear,LTI_3,nominal_09,nominal,4,0.020484240268528485,1.1079906064922236,1.5826536108744347,12.145561646129249,0.1629000770146853,0.4921312010625534,1.0
17,117,previous_s_curve,near_linear,LTI_3,heavy_00,heavy,4,0.020718174556404248,1.1156667964944134,1.5608298476409985,10.190295950049823,0.19537384284189543,0.49517970225047975,1.0
17,117,previous_s_curve,near_linear,LTI_3,heavy_01,heavy,4,0.021614588853281533,1.0713841566250186,1.5495226122308108,10.705477481409604,0.22716159773678496,0.47111160320307127,1.0
17,117,previous_s_curve,near_linear,LTI_3,heavy_02,heavy,4,0.020858051198349128,1.0675259353352424,1.55514415385271,10.548895616996303,0.21632766905657458,0.46932603109935195,1.0
17,117,previous_s_curve,near_linear,LTI_3,heavy_03,heavy,4,0.019928971364073567,1.1283128154962128,1.5586140137622704,10.434281078283385,0.20631979361553002,0.5023184337672548,1.0
17,117,previous_s_curve,near_linear,LTI_3,heavy_04,heavy,4,0.020318355182580565,1.1016287788224912,1.5604406556472605,10.27714282538574,0.19971701754619367,0.48773995288057465,1.0
17,117,previous_s_curve,near_linear,LTI_3,heavy_05,heavy,4,0.021175989983362092,1.0679146711800656,1.5531320895497696,10.601909653014228,0.2201187136329866,0.4694251135673926,1.0
17,117,previous_s_curve,near_linear,LTI_3,heavy_06,heavy,4,0.02195912740189693,1.054225718749722,1.5511675119640418,10.641479803602705,0.22391250067067203,0.4619141367968965,1.0
17,117,previous_s_curve,near_linear,LTI_3,heavy_07,heavy,4,0.0205328844195748,1.1197126731590903,1.5566332974578545,10.424145638524248,0.20788396927701108,0.49739465361029156,1.0
17,117,previous_s_curve,near_linear,LTI_3,heavy_08,heavy,4,0.02002573770839911,1.0771532685255052,1.5599025424151325,10.401783773160558,0.20615196206697792,0.47473704455127275,1.0
17,117,previous_s_curve,near_linear,LTI_3,heavy_09,heavy,4,0.022218111368291042,1.041006944701415,1.5542239407734164,10.496191903801673,0.21600207992085715,0.4548395124894661,1.0
17,117,previous_s_curve,near_linear,LTI_3,handling_00,handling,4,0.024589853733846076,1.1490044915905624,1.6058278327919673,14.935932295988286,0.13656329260390415,0.5150189291312379,1.0
17,117,previous_s_curve,near_linear,LTI_3,handling_01,handling,4,0.02151355391841677,1.2065652328777783,1.612835736281642,14.540984463732283,0.11313809880038167,0.5464784929115634,1.0
17,117,previous_s_curve,near_linear,LTI_3,handling_02,handling,4,0.02255471602534738,1.228411181826789,1.6032130789358578,14.935898008446882,0.13522877710685002,0.5579508455095537,1.0
17,117,previous_s_curve,near_linear,LTI_3,handling_03,handling,4,0.022382819808787757,1.2034258162280338,1.6076083792442464,14.765556264683786,0.12596008092220734,0.5445445088783996,1.0
17,117,previous_s_curve,near_linear,LTI_3,handling_04,handling,4,0.021591765568184054,1.252650525223576,1.6143142609456957,14.403569743214462,0.10502874169035215,0.5715580469239413,1.0
17,117,previous_s_curve,near_linear,LTI_3,handling_05,handling,4,0.023429966310134925,1.1652414757103637,1.6073087341378423,14.875483420037936,0.13228108642654285,0.523921977595665,1.0
17,117,previous_s_curve,near_linear,LTI_3,handling_06,handling,4,0.023067150213742185,1.1772426373878875,1.6069336557387053,14.86993228346211,0.13183623143754808,0.5303997764766621,1.0
17,117,previous_s_curve,near_linear,LTI_3,handling_07,handling,4,0.022817463754520418,1.2249782468137824,1.6036631306214997,14.873653213934897,0.13245258254709905,0.5559985808642278,1.0
17,117,previous_s_curve,near_linear,LTI_3,handling_08,handling,4,0.022458002501865568,1.1863163757159032,1.609144626669394,14.737084327042378,0.12438419966765223,0.5353580293743168,1.0
17,117,previous_s_curve,near_linear,LTI_3,handling_09,handling,4,0.022584952874276684,1.1795016315534983,1.610102433622889,14.681859901738777,0.12173871887740861,0.5316528698685363,1.0
17,117,previous_s_curve,near_linear,LTI_5,nominal_00,nominal,7,0.0244172824415278,1.1383679640489162,1.5696768813296629,17.679365557708103,0.17591648752405953,0.4651070242137382,1.0
17,117,previous_s_curve,near_linear,LTI_5,nominal_01,nominal,7,0.024443398829521054,1.1299874139350787,1.5722284865313463,17.572784176761804,0.16905428260004457,0.4604065190806988,1.0
17,117,previous_s_curve,near_linear,LTI_5,nominal_02,nominal,7,0.025063804201195593,1.1125681245762227,1.573244019851346,17.51375762980452,0.16630071727937484,0.44953561581718976,1.0
17,117,previous_s_curve,near_linear,LTI_5,nominal_03,nominal,7,0.02359484789321924,1.133206070875782,1.5801978616579289,17.252871684994485,0.14706575789362672,0.4643210077548239,1.0
17,117,previous_s_curve,near_linear,LTI_5,nominal_04,nominal,7,0.025151838494636813,1.133493673433227,1.5668443451542151,17.74205853075955,0.18158896705636146,0.460674291789402,1.0
17,117,previous_s_curve,near_linear,LTI_5,nominal_05,nominal,7,0.02345623242681021,1.1497029946713855,1.5746203046673686,17.524434741925393,0.16370350275828155,0.47399017952067823,1.0
17,117,previous_s_curve,near_linear,LTI_5,nominal_06,nominal,7,0.023657979468547977,1.190688535341954,1.5768609202352473,17.354808699819795,0.15165544044086762,0.4988006951824434,1.0
17,117,previous_s_curve,near_linear,LTI_5,nominal_07,nominal,7,0.025395408758320095,1.1304507507159847,1.5686092446055526,17.617477871610628,0.1742123238870604,0.4583677680449148,1.0
17,117,previous_s_curve,near_linear,LTI_5,nominal_08,nominal,7,0.023329522330506294,1.1973675264301584,1.57690980911486,17.417024097277412,0.15416349846113522,0.5041345753987799,1.0
17,117,previous_s_curve,near_linear,LTI_5,nominal_09,nominal,7,0.02388416984119416,1.1824521054777697,1.5725745374441833,17.50487601254407,0.16271427981977454,0.49240238584522533,1.0
17,117,previous_s_curve,near_linear,LTI_5,heavy_00,heavy,7,0.02421182944365665,1.1863523869932915,1.5530210357848393,16.418428817903536,0.19520857445410586,0.49545297990517934,1.0
17,117,previous_s_curve,near_linear,LTI_5,heavy_01,heavy,7,0.025000053187144315,1.1517371747176017,1.5415146879951032,16.848308052742798,0.22698269606447177,0.4713918529168625,1.0
17,117,previous_s_curve,near_linear,LTI_5,heavy_02,heavy,7,0.02427146422717773,1.1450926228701392,1.547115148909461,16.71371125761733,0.21615297819625715,0.46960390631159227,1.0
17,117,previous_s_curve,near_linear,LTI_5,heavy_03,heavy,7,0.023624574065790157,1.1955130456616523,1.5505750383255816,16.62025425925199,0.206149665805427,0.5025909161953762,1.0
17,117,previous_s_curve,near_linear,LTI_5,heavy_04,heavy,7,0.023840065170232887,1.1732611976941798,1.5525375078117676,16.48863144303301,0.19954961638635885,0.48801387736926366,1.0
17,117,previous_s_curve,near_linear,LTI_5,heavy_05,heavy,7,0.02456927567619124,1.1466892476567503,1.5451136524031501,16.759236568175382,0.2199425369535855,0.4697039217898536,1.0
17,117,previous_s_curve,near_linear,LTI_5,heavy_06,heavy,7,0.02522534027477578,1.1362613240480675,1.5431786690583351,16.79285324039365,0.22373473929741272,0.4621947837635566,1.0
17,117,previous_s_curve,near_linear,LTI_5,heavy_07,heavy,7,0.024127977705789717,1.1904332209307547,1.5486955606189492,16.613214039510584,0.2077132790687386,0.49766896826671736,1.0
17,117,previous_s_curve,near_linear,LTI_5,heavy_08,heavy,7,0.02353236780526643,1.1507609368917953,1.551868122993615,16.58940115019955,0.2059814594389806,0.47501219067722134,1.0
17,117,previous_s_curve,near_linear,LTI_5,heavy_09,heavy,7,0.025371729638828052,1.1238515164548666,1.5463093214235069,16.6694855394526,0.2158274609466234,0.4551197562638194,1.0
17,117,previous_s_curve,near_linear,LTI_5,handling_00,handling,7,0.02695641624485171,1.234930918240487,1.5927983682542501,19.563295471702126,0.1363559066843613,0.5152886672201362,1.0
17,117,previous_s_curve,near_linear,LTI_5,handling_01,handling,7,0.024477207530490205,1.2828608559025179,1.5998096618987703,19.28267596765528,0.11295378598897966,0.546737871484985,1.0
17,117,previous_s_curve,near_linear,LTI_5,handling_02,handling,7,0.025469984466566085,1.3064094874006815,1.5903136401865319,19.572688419725274,0.13502344714112174,0.5582115683111373,1.0
17,117,previous_s_curve,near_linear,LTI_5,handling_03,handling,7,0.025216481133534897,1.2826083671421467,1.5946796922838014,19.445271094574554,0.1257626571000351,0.5448066010666844,1.0
17,117,previous_s_curve,near_linear,LTI_5,handling_04,handling,7,0.024746565891099425,1.323236977040892,1.6013647781729532,19.189075012512248,0.1048547126729456,0.5718110147478028,1.0
17,117,previous_s_curve,near_linear,LTI_5,handling_05,handling,7,0.025983903409238153,1.248107262570496,1.5942488896954334,19.52078849339079,0.13207745292902998,0.5241887596530523,1.0
17,117,previous_s_curve,near_linear,LTI_5,handling_06,handling,7,0.02570969257072396,1.2590006462168277,1.5939003943367023,19.51817783559876,0.13163313387020653,0.5306652162351019,1.0
17,117,previous_s_curve,near_linear,LTI_5,handling_07,handling,7,0.02568507071574273,1.304177342989394,1.5908531029111255,19.526986092169473,0.132249669895746,0.5562599784210575,1.0
17,117,previous_s_curve,near_linear,LTI_5,handling_08,handling,7,0.02521238236502274,1.2664654849377521,1.5961144246037422,19.42244495051381,0.1241880298555619,0.5356215239227075,1.0
17,117,previous_s_curve,near_linear,LTI_5,handling_09,handling,7,0.025297117996145573,1.2604355747214768,1.597088937218525,19.381595804677065,0.12154511535334576,0.5319170180133873,1.0
17,117,previous_s_curve,near_linear,LTI_8,nominal_00,nominal,10,0.016691806089554177,1.107462810295456,1.6080394743437723,18.169657429645266,0.17588519452494103,0.46445993555238996,1.0
17,117,previous_s_curve,near_linear,LTI_8,nominal_01,nominal,10,0.016735527577542104,1.0977327495350002,1.6120313967879887,18.06756885863025,0.16902744021783692,0.45976715164743626,1.0
17,117,previous_s_curve,near_linear,LTI_8,nominal_02,nominal,10,0.01717980502321679,1.0769246015601783,1.614694815582291,18.032264695682425,0.16627537409885965,0.44890556507988044,1.0
17,117,previous_s_curve,near_linear,LTI_8,nominal_03,nominal,10,0.016497099710044302,1.1017185994837266,1.62209409036726,17.686653949428322,0.14705200258142867,0.46369251615824136,1.0
17,117,previous_s_curve,near_linear,LTI_8,nominal_04,nominal,10,0.017272994842538116,1.0988420808837442,1.6050722633121846,18.175548135492654,0.1815533807333546,0.4600250653157166,1.0
17,117,previous_s_curve,near_linear,LTI_8,nominal_05,nominal,10,0.016247606638775502,1.1230495614771345,1.6134351577754917,18.024831117306757,0.16368055371296064,0.4733456205496175,1.0
17,117,previous_s_curve,near_linear,LTI_8,nominal_06,nominal,10,0.018009370320124524,1.16423788338607,1.614436275572153,17.544751650328568,0.15163915651401122,0.49814150785436934,1.0
17,117,previous_s_curve,near_linear,LTI_8,nominal_07,nominal,10,0.01769695624037606,1.0920508919428793,1.6081446476105685,17.9522728794829,0.17418121244553314,0.4577226109468768,1.0
17,117,previous_s_curve,near_linear,LTI_8,nominal_08,nominal,10,0.01783291466254883,1.1761555404237345,1.6135915384557076,17.71037986554979,0.15414641654998987,0.5034723708369201,1.0
17,117,previous_s_curve,near_linear,LTI_8,nominal_09,nominal,10,0.017639253773603467,1.1538093952013997,1.6096680635356961,17.71444459352262,0.16269119796189513,0.4917401777981638,1.0
17,117,previous_s_curve,near_linear,LTI_8,heavy_00,heavy,10,0.01914842093645957,1.146237935802163,1.5792797551745776,16.529283274834793,0.1951625901063443,0.49481720937948925,1.0
17,117,previous_s_curve,near_linear,LTI_8,heavy_01,heavy,10,0.018375694245684342,1.1068408442600255,1.5660326266841664,17.12522183731008,0.22691365373672717,0.47075260849515194,1.0
17,117,previous_s_curve,near_linear,LTI_8,heavy_02,heavy,10,0.017703041269368128,1.104023192820513,1.5730594667450184,17.075988442870376,0.21609264235128922,0.4689760395496075,1.0
17,117,previous_s_curve,near_linear,LTI_8,heavy_03,heavy,10,0.01857201204494918,1.1643963809823332,1.5747962291046305,16.8665866172215,0.2060970218660775,0.5019471670841174,1.0
17,117,previous_s_curve,near_linear,LTI_8,heavy_04,heavy,10,0.01832967077637101,1.1347589884167806,1.5788496412113533,16.70420166515558,0.19950106139413598,0.48738263242657276,1.0
17,117,previous_s_curve,near_linear,LTI_8,heavy_05,heavy,10,0.01796914760275292,1.103930160876622,1.5706098381051994,17.08828859325389,0.21987915451715997,0.4690723195998538,1.0
17,117,previous_s_curve,near_linear,LTI_8,heavy_06,heavy,10,0.018386718245797438,1.0894755964851721,1.5689564697668639,17.11511950508819,0.22366817278933845,0.4615646188369955,1.0
17,117,previous_s_curve,near_linear,LTI_8,heavy_07,heavy,10,0.01886982266176907,1.153323634710943,1.5732857784242376,16.77845971037113,0.20765886768454953,0.49702462727933033,1.0
17,117,previous_s_curve,near_linear,LTI_8,heavy_08,heavy,10,0.017290842046761668,1.113979779108824,1.5784550566739026,16.981010978952003,0.20592894178724688,0.4743891205433894,1.0
17,117,previous_s_curve,near_linear,LTI_8,heavy_09,heavy,10,0.018499941132104698,1.075060327132602,1.5738209625979847,17.006673117197316,0.21576669161672504,0.4544996712999826,1.0
17,117,previous_s_curve,near_linear,LTI_8,handling_00,handling,10,0.017938079009765417,1.2105466974236645,1.64072182342262,19.89550208039055,0.1363509292157896,0.514555402652795,1.0
17,117,previous_s_curve,near_linear,LTI_8,handling_01,handling,10,0.017052989385508994,1.2637225449256182,1.6466287104624424,19.393844879432056,0.1129588332884898,0.5459916102521802,1.0
17,117,previous_s_curve,near_linear,LTI_8,handling_02,handling,10,0.01785462672695951,1.2856773933786267,1.633752846763227,19.480773707989012,0.13501870388726886,0.5574394283859581,1.0
17,117,previous_s_curve,near_linear,LTI_8,handling_03,handling,10,0.017317793086837723,1.2611271438748637,1.6404811901926695,19.4917909270081,0.12576260516281337,0.5440526981213827,1.0
17,117,previous_s_curve,near_linear,LTI_8,handling_04,handling,10,0.01898179192192182,1.3066433529893744,1.646320436055236,19.091061442508618,0.10486148147799759,0.5710475915158042,1.0
17,117,previous_s_curve,near_linear,LTI_8,handling_05,handling,10,0.017165244223204295,1.2265019198800156,1.6415960180551097,19.84234416984662,0.13207489892713598,0.5234512649262413,1.0
17,117,previous_s_curve,near_linear,LTI_8,handling_06,handling,10,0.0170880379723006,1.2377021836274946,1.6405714646446408,19.761332635355796,0.13163069527314125,0.529921832262733,1.0
17,117,previous_s_curve,near_linear,LTI_8,handling_07,handling,10,0.018146844722250696,1.2808355125839819,1.6348169059422608,19.367434162175538,0.132245980695922,0.5554895467481002,1.0
17,117,previous_s_curve,near_linear,LTI_8,handling_08,handling,10,0.016968908906925494,1.245283781906068,1.6430811118436186,19.599979602463574,0.12418892740020378,0.5348777597305967,1.0
17,117,previous_s_curve,near_linear,LTI_8,handling_09,handling,10,0.017028607308898703,1.238050892611399,1.644746450878106,19.558665324800963,0.12154697280320159,0.5311775530598716,1.0
17,117,previous_s_curve,near_linear,LTI_10,nominal_00,nominal,12,0.016766200593420367,1.0569905408961275,1.5941525966720214,6.271725743940323,0.17590370488068505,0.46465492669643665,1.0
17,117,previous_s_curve,near_linear,LTI_10,nominal_01,nominal,12,0.016856942907825488,1.0482302660177094,1.5960872030483975,6.233476244248128,0.1690437805031395,0.4599589675759995,1.0
17,117,previous_s_curve,near_linear,LTI_10,nominal_02,nominal,12,0.01750814384473806,1.028105323914073,1.5973632647786533,6.202996797219876,0.16629084641204256,0.4490927141315957,1.0
17,117,previous_s_curve,near_linear,LTI_10,nominal_03,nominal,12,0.016353701305148287,1.0552650033897988,1.6004329189613853,6.137137077747594,0.14706180439405114,0.4638814606848605,1.0
17,117,previous_s_curve,near_linear,LTI_10,nominal_04,nominal,12,0.017497333094966542,1.049064914158108,1.592296884764063,6.284620362109074,0.18157371775211947,0.4602198079336356,1.0
17,117,previous_s_curve,near_linear,LTI_10,nominal_05,nominal,12,0.01600999899770844,1.073101531776988,1.596931684279042,6.234280373938752,0.16369526283238864,0.47354128834686177,1.0
17,117,previous_s_curve,near_linear,LTI_10,nominal_06,nominal,12,0.017222847610943677,1.1192719564218878,1.5959416211519293,6.203387330827624,0.1516503363238746,0.49834475470067396,1.0
17,117,previous_s_curve,near_linear,LTI_10,nominal_07,nominal,12,0.017920585848709276,1.0449742406187061,1.5932353508670538,6.241223252039366,0.17419919865852182,0.4579154064472999,1.0
17,117,previous_s_curve,near_linear,LTI_10,nominal_08,nominal,12,0.016925191794274444,1.128815906334743,1.5961848386250022,6.231004626726202,0.15415832499183155,0.5036776521541492,1.0
17,117,previous_s_curve,near_linear,LTI_10,nominal_09,nominal,12,0.0170558529030008,1.1076862527298674,1.5937348371769249,6.243055153244742,0.16270566328001865,0.49194350508223894,1.0
17,117,previous_s_curve,near_linear,LTI_10,heavy_00,heavy,12,0.01856714704543067,1.115364411917672,1.572640484808245,5.82661763437604,0.19518559645118852,0.4950136735841539,1.0
17,117,previous_s_curve,near_linear,LTI_10,heavy_01,heavy,12,0.018380979779762063,1.0710646797432082,1.5656198861351975,5.931208350198608,0.22694697565636518,0.4709472649199542,1.0
17,117,previous_s_curve,near_linear,LTI_10,heavy_02,heavy,12,0.017660301531856677,1.0672246047412344,1.57028573621814,5.892351962554998,0.21612227268055156,0.4691671137083517,1.0
17,117,previous_s_curve,near_linear,LTI_10,heavy_03,heavy,12,0.017860881845465547,1.1280150208149928,1.571328602681826,5.900308150097861,0.2061234442619856,0.5021478166111714,1.0
17,117,previous_s_curve,near_linear,LTI_10,heavy_04,heavy,12,0.017866733228930176,1.1013268520851889,1.5730114628685143,5.84250251105824,0.1995253807639151,0.4875769956297974,1.0
17,117,previous_s_curve,near_linear,LTI_10,heavy_05,heavy,12,0.01795456239142144,1.0676122673487647,1.568637018073017,5.904787372086412,0.21991006499800161,0.46926447624181195,1.0
17,117,previous_s_curve,near_linear,LTI_10,heavy_06,heavy,12,0.01854284692674972,1.0539107494786577,1.5673999224003718,5.905224410155393,0.2237003645677148,0.4617550629370068,1.0
17,117,previous_s_curve,near_linear,LTI_10,heavy_07,heavy,12,0.018289420759326852,1.1194041594245079,1.569771468677704,5.889512320872438,0.2076858320464622,0.4972244652019447,1.0
17,117,previous_s_curve,near_linear,LTI_10,heavy_08,heavy,12,0.01706795361434946,1.076852934688152,1.5736956962702986,5.8628970811362455,0.20595523511650657,0.47457958345931595,1.0
17,117,previous_s_curve,near_linear,LTI_10,heavy_09,heavy,12,0.01874086224575526,1.040697687803992,1.5701060722141305,5.8604401459631745,0.21579623096638337,0.4546858201159397,1.0
17,117,previous_s_curve,near_linear,LTI_10,handling_00,handling,12,0.01849442871697793,1.1486834657479017,1.614128560612771,7.022697782918927,0.1363584551949891,0.5147812520224476,1.0
17,117,previous_s_curve,near_linear,LTI_10,handling_01,handling,12,0.01656778684943108,1.2062306532711937,1.61507124824211,6.961986654415329,0.11296002776627302,0.5462260849197464,1.0
17,117,previous_s_curve,near_linear,LTI_10,handling_02,handling,12,0.017481666115222737,1.2280700081273679,1.6092070285787576,7.0654155763621995,0.13502590508999376,0.5576834155786824,1.0
17,117,previous_s_curve,near_linear,LTI_10,handling_03,handling,12,0.01708993225050843,1.2030919176573538,1.6125690018834882,7.011999112846909,0.12576712986082156,0.5442891445474828,1.0
17,117,previous_s_curve,near_linear,LTI_10,handling_04,handling,12,0.017917145760274783,1.2523206317618147,1.613733869145302,6.955088537639239,0.10486087749511415,0.5712907195684547,1.0
17,117,previous_s_curve,near_linear,LTI_10,handling_05,handling,12,0.017479171768808952,1.1649156989427139,1.6143446674106563,7.018188762109015,0.1320811862087855,0.5236799072747663,1.0
17,117,previous_s_curve,near_linear,LTI_10,handling_06,handling,12,0.017255551737418107,1.1769139662801273,1.61356226018549,7.023210713958391,0.13163686329207322,0.5301532004602227,1.0
17,117,previous_s_curve,near_linear,LTI_10,handling_07,handling,12,0.017792095326238256,1.224639900217219,1.6093388344304584,7.047690557139768,0.13225236393411283,0.5557324627686536,1.0
17,117,previous_s_curve,near_linear,LTI_10,handling_08,handling,12,0.016913341592074502,1.1859865148021425,1.6142026756014254,6.996589496300259,0.12419300632548445,0.5351098792185628,1.0
17,117,previous_s_curve,near_linear,LTI_10,handling_09,handling,12,0.017018480288439677,1.1791744734868697,1.6148559260631237,6.9794186066079185,0.12155033228224758,0.531407718290256,1.0
17,117,previous_s_curve,moderate,M4,nominal_00,nominal,0,0.03318302026771008,2.1270573250615867,3.1217472413390284,1.9015073081727383,0.3645246100226326,0.9326796996286675,1.0
17,117,previous_s_curve,moderate,M4,nominal_01,nominal,0,0.0334432928096634,2.109224276173495,3.127141244013749,1.886862421136113,0.35056372616086606,0.923173662575742,1.0
17,117,previous_s_curve,moderate,M4,nominal_02,nominal,0,0.034933170165381854,2.068296265505606,3.129187887558453,1.8527525002866019,0.3449726019749631,0.9011051906267121,1.0
17,117,previous_s_curve,moderate,M4,nominal_03,nominal,0,0.03242522846710374,2.1237414914952586,3.144002888209346,1.8997172474420176,0.30573545814070563,0.9312676962078456,1.0
17,117,previous_s_curve,moderate,M4,nominal_04,nominal,0,0.034807696445365674,2.1109861844461055,3.115749650148302,1.8883390168008638,0.3760743782053531,0.9236353975010014,1.0
17,117,previous_s_curve,moderate,M4,nominal_05,nominal,0,0.031492550335238886,2.1599710691170957,3.1321817479670355,1.9292464386802242,0.33964537378634757,0.9508099750328303,1.0
17,117,previous_s_curve,moderate,M4,nominal_06,nominal,0,0.03401838113367334,2.2545086840192075,3.137000829275793,2.0099630309780068,0.3150552056427558,1.00130005337979,1.0
17,117,previous_s_curve,moderate,M4,nominal_07,nominal,0,0.03581172982008497,2.1029028390222613,3.119472750336017,1.882345300303312,0.3610711411386133,0.9189923331964133,1.0
17,117,previous_s_curve,moderate,M4,nominal_08,nominal,0,0.03325053267808776,2.273703825320931,3.137108797851589,2.0255924465580524,0.3201615962919485,1.0121288311668188,1.0
17,117,previous_s_curve,moderate,M4,nominal_09,nominal,0,0.03369593905681976,2.2307676843738418,3.127939195790275,1.9895828484916274,0.33760677357928387,0.9882144241034218,1.0
17,117,previous_s_curve,moderate,M4,heavy_00,heavy,0,0.03738841574513864,2.2464721729652988,3.0855718332083364,2.0025989404650573,0.40367062822700717,0.9942066054005203,1.0
17,117,previous_s_curve,moderate,M4,heavy_01,heavy,0,0.037099107929045666,2.156013585329342,3.061571014029961,1.9261437625490987,0.4682230306682304,0.9451405278418267,1.0
17,117,previous_s_curve,moderate,M4,heavy_02,heavy,0,0.03555953047674779,2.14800435707118,3.0732386058336916,1.9191254384507337,0.44624242160402583,0.9415934911376921,1.0
17,117,previous_s_curve,moderate,M4,heavy_03,heavy,0,0.03568663099349341,2.2718219399492723,3.080521789436979,2.021808227330474,0.42587450928932297,1.0086286761839454,1.0
17,117,previous_s_curve,moderate,M4,heavy_04,heavy,0,0.035916836965892915,2.2176575778175467,3.084549800989484,1.9778959046962807,0.41249846662195705,0.9790769305149757,1.0
17,117,previous_s_curve,moderate,M4,heavy_05,heavy,0,0.03619487473485472,2.1488781715574374,3.069060806882142,1.9200071874060396,0.45393634677674727,0.9417678472622104,1.0
17,117,previous_s_curve,moderate,M4,heavy_06,heavy,0,0.03751148132147303,2.1210658178265898,3.0649995263710936,1.897535622169924,0.46164872019262465,0.9265016324553741,1.0
17,117,previous_s_curve,moderate,M4,heavy_07,heavy,0,0.03670948421627043,2.254471645608865,3.0765670096260025,2.0080376525020402,0.42906473243877313,0.9986128098000774,1.0
17,117,previous_s_curve,moderate,M4,heavy_08,heavy,0,0.03424811889784224,2.1675562719560704,3.083130681671831,1.9351753917663232,0.42557767917953504,0.9526458164334274,1.0
17,117,previous_s_curve,moderate,M4,heavy_09,heavy,0,0.038004434441287704,2.094196503726189,3.071462994121126,1.875843937543036,0.4456133513831322,0.9121964265394892,1.0
17,117,previous_s_curve,moderate,M4,handling_00,handling,0,0.03647817063277748,2.314954440657911,3.1720774124803426,2.0644012847341644,0.2839621213677005,1.0349076805695208,1.0
17,117,previous_s_curve,moderate,M4,handling_01,handling,0,0.03222960014446201,2.432898881669397,3.1872612981575994,2.1656002766693163,0.2359498786946094,1.099050000789946,1.0
17,117,previous_s_curve,moderate,M4,handling_02,handling,0,0.03418482692073797,2.477359522737149,3.1668762980648966,2.202759286149622,0.2811826447787501,1.1221735323297164,1.0
17,117,previous_s_curve,moderate,M4,handling_03,handling,0,0.03339159359395942,2.4263692570941866,3.176260554353153,2.1597102493595557,0.2622422750247953,1.0950052006387128,1.0
17,117,previous_s_curve,moderate,M4,handling_04,handling,0,0.03505835037583048,2.5272792445815373,3.190732806130137,2.263974139552788,0.21923903885189297,1.1501182208129035,1.0
17,117,previous_s_curve,moderate,M4,handling_05,handling,0,0.034241933587473836,2.348161882178849,3.175234003077028,2.0926532158257336,0.2751992584220417,1.0530396064126413,1.0
17,117,previous_s_curve,moderate,M4,handling_06,handling,0,0.033749772550196976,2.37271763203928,3.1745064337702438,2.113621291882316,0.2742817495380536,1.0662093105659738,1.0
17,117,previous_s_curve,moderate,M4,handling_07,handling,0,0.03491868564748175,2.4704314333673816,3.1680490488782347,2.197206690362502,0.27551052543329907,1.1182243027810186,1.0
17,117,previous_s_curve,moderate,M4,handling_08,handling,0,0.03301767380689578,2.391367343389679,3.179329678904605,2.1298261730910815,0.2590268390209355,1.0763463292561295,1.0
17,117,previous_s_curve,moderate,M4,handling_09,handling,0,0.03328165473024796,2.377477254695875,3.1813282012633173,2.118157183580822,0.2536111056080446,1.068833781669296,1.0
17,117,previous_s_curve,moderate,LTI_1,nominal_00,nominal,0,0.040399631611430155,2.1185637068649834,3.1118622020159217,1.8909608919336025,0.3639566026102382,0.9308584048225934,1.0
17,117,previous_s_curve,moderate,LTI_1,nominal_01,nominal,0,0.03984427816217813,2.1009412534710923,3.1173337375879533,1.876476375427841,0.35002741956015077,0.921394496605524,1.0
17,117,previous_s_curve,moderate,LTI_1,nominal_02,nominal,0,0.0383652143731796,2.0602132219549305,3.119431150902012,1.84267801911363,0.34444863905973994,0.899376096730897,1.0
17,117,previous_s_curve,moderate,LTI_1,nominal_03,nominal,0,0.041477789918214006,2.1156744953652056,3.1344541191928066,1.8896970507343425,0.3052968174960341,0.9295486146694624,1.0
17,117,previous_s_curve,moderate,LTI_1,nominal_04,nominal,0,0.03996342958330416,2.102490244189371,3.1058175607459964,1.8776662731554652,0.375478420159675,0.9218051326445148,1.0
17,117,previous_s_curve,moderate,LTI_1,nominal_05,nominal,0,0.042301625514861295,2.1515358182738415,3.122417986034384,1.918798868266773,0.3391342012936413,0.9490019544014258,1.0
17,117,previous_s_curve,moderate,LTI_1,nominal_06,nominal,0,0.04985180706399462,2.2457266874882906,3.127395307026674,1.9991318034706027,0.3145949823004892,0.9994241696536055,1.0
17,117,previous_s_curve,moderate,LTI_1,nominal_07,nominal,0,0.04049610477345114,2.0944779072169655,3.1096340356213195,1.8717957064150108,0.3605081788867685,0.9171887278371958,1.0
17,117,previous_s_curve,moderate,LTI_1,nominal_08,nominal,0,0.050568323040655394,2.264881496704735,3.1274587711776443,2.0147588400537915,0.319691767822722,1.0102327135502915,1.0
17,117,previous_s_curve,moderate,LTI_1,nominal_09,nominal,0,0.047724748003004,2.2219192066395714,3.1182045332612907,1.9786623531007055,0.3370968679538817,0.986320795743481,1.0
17,117,previous_s_curve,moderate,LTI_1,heavy_00,heavy,0,0.04849212647022989,2.237980351072924,3.0773421959084475,1.9915717899870595,0.40309255770668245,0.9923659906734341,1.0
17,117,previous_s_curve,moderate,LTI_1,heavy_01,heavy,0,0.0424433015305933,2.1474194917681184,3.0529949319714293,1.9148182389651407,0.467493835943091,0.9432677038860228,1.0
17,117,previous_s_curve,moderate,LTI_1,heavy_02,heavy,0,0.04152025680115838,2.1396981792050243,3.06475861112752,1.908268076867717,0.4455699501430847,0.9397816227796342,1.0
17,117,previous_s_curve,moderate,LTI_1,heavy_03,heavy,0,0.04872338630338358,2.2631351846885277,3.07214948803576,2.010581431024817,0.4252494778513994,1.006735095230516,1.0
17,117,previous_s_curve,moderate,LTI_1,heavy_04,heavy,0,0.04606550489842845,2.2092737483077967,3.0762657186739215,1.966987644004449,0.41190271803754025,0.9772556260986187,1.0
17,117,previous_s_curve,moderate,LTI_1,heavy_05,heavy,0,0.04179124408983211,2.1404734851314804,3.060547512035299,1.9090030574002852,0.45324414212659464,0.9399362285667568,1.0
17,117,previous_s_curve,moderate,LTI_1,heavy_06,heavy,0,0.04092986695708125,2.1126695268805307,3.0564563387698307,1.8865037633537483,0.460936602660486,0.9246786812568009,1.0
17,117,previous_s_curve,moderate,LTI_1,heavy_07,heavy,0,0.0482114835232603,2.245744364159391,3.0682000758874532,1.9967294342090784,0.42842947466258885,0.9967191651356142,1.0
17,117,previous_s_curve,moderate,LTI_1,heavy_08,heavy,0,0.04223951079305535,2.159309726865862,3.074766565123777,1.9244849355603786,0.4249555375873285,0.950860807030252,1.0
17,117,previous_s_curve,moderate,LTI_1,heavy_09,heavy,0,0.04012550303379112,2.086094504385832,3.063024091015907,1.865137485188085,0.4449402263219367,0.9104303330854746,1.0
17,117,previous_s_curve,moderate,LTI_1,handling_00,handling,0,0.04002074039746609,2.3049223632719844,3.16049506412147,2.0524290227662276,0.28349879336797623,1.032795590258761,1.0
17,117,previous_s_curve,moderate,LTI_1,handling_01,handling,0,0.04857149586960061,2.422514176739238,3.1759022107683004,2.153403998831457,0.23559139579876218,1.0968694177893914,1.0
17,117,previous_s_curve,moderate,LTI_1,handling_02,handling,0,0.04942584046001777,2.466407486822873,3.155321524217417,2.189800577914233,0.2807235142798044,1.1198619435279646,1.0
17,117,previous_s_curve,moderate,LTI_1,handling_03,handling,0,0.046995682005883825,2.415833336119986,3.1647831472262897,2.147240558465603,0.26182609963908626,1.0927878343487447,1.0
17,117,previous_s_curve,moderate,LTI_1,handling_04,handling,0,0.056678681084512024,2.5164780429036893,3.1794585695106594,2.2435939917566388,0.21891578625740024,1.1478499255064363,1.0
17,117,previous_s_curve,moderate,LTI_1,handling_05,handling,0,0.04148947929741387,2.3380137506140586,3.163684935976335,2.0806284628994933,0.27475558095595687,1.050903156333893,1.0
17,117,previous_s_curve,moderate,LTI_1,handling_06,handling,0,0.04290267755712515,2.3624318811433356,3.162964659235747,2.1014437150115093,0.2738397750495759,1.0640432313418955,1.0
17,117,previous_s_curve,moderate,LTI_1,handling_07,handling,0,0.049687324219381025,2.459526552704303,3.1565273864904957,2.1842300928217915,0.2750636234042888,1.1159254405825925,1.0
17,117,previous_s_curve,moderate,LTI_1,handling_08,handling,0,0.04476326432331076,2.381062855387621,3.167860296525709,2.1176431254857264,0.2586183195364641,1.0741793429305204,1.0
17,117,previous_s_curve,moderate,LTI_1,handling_09,handling,0,0.044355256111101686,2.3672731980196615,3.1698871446694366,2.106060011677431,0.253214386202206,1.0666901865732539,1.0
17,117,previous_s_curve,moderate,LTI_2,nominal_00,nominal,2,0.04502414557118076,2.1239763202991395,3.1124797175845984,30.164385586404254,0.3640582564879332,0.9323625094057244,1.0
17,117,previous_s_curve,moderate,LTI_2,nominal_01,nominal,2,0.04481171565682725,2.1062067772491497,3.117936361129908,29.875248469062193,0.3501102261762647,0.9228629890073297,1.0
17,117,previous_s_curve,moderate,LTI_2,nominal_02,nominal,2,0.04526991497502658,2.065284853316234,3.12004264118396,29.744991279909495,0.34452353308297184,0.9008103212885386,1.0
17,117,previous_s_curve,moderate,LTI_2,nominal_03,nominal,2,0.043822707361633205,2.1207739201893214,3.135029463566597,28.968782867635824,0.30532484687685435,0.9309511202239592,1.0
17,117,previous_s_curve,moderate,LTI_2,nominal_04,nominal,2,0.046039241305522775,2.1078597720165293,3.1064457950365862,30.39617743895128,0.3755963396313416,0.9233266900119123,1.0
17,117,previous_s_curve,moderate,LTI_2,nominal_05,nominal,2,0.04408923915281167,2.156850145096939,3.1230270408778025,29.671653045807666,0.3392035124469153,0.9504782409078204,1.0
17,117,previous_s_curve,moderate,LTI_2,nominal_06,nominal,2,0.046837347108172264,2.251275561935597,3.1279890623393216,29.23078597949256,0.3146373336361199,1.0009368097010052,1.0
17,117,previous_s_curve,moderate,LTI_2,nominal_07,nominal,2,0.0464531739605758,2.0998226487070673,3.1102475541765986,30.099411029473167,0.3606065835017008,0.9186884217510402,1.0
17,117,previous_s_curve,moderate,LTI_2,nominal_08,nominal,2,0.04670569509750203,2.2704948953715935,3.128058056286697,29.333702167974387,0.31973984135821804,1.0117554181413382,1.0
17,117,previous_s_curve,moderate,LTI_2,nominal_09,nominal,2,0.046485718880683924,2.2275467783837057,3.1188027520275217,29.681013258680462,0.3371670241945946,0.9878607587956917,1.0
17,117,previous_s_curve,moderate,LTI_2,heavy_00,heavy,2,0.04748423202853325,2.243398932728919,3.0778771117477266,27.439558680768318,0.40325930361719603,0.9939091807991923,1.0
17,117,previous_s_curve,moderate,LTI_2,heavy_01,heavy,2,0.04687562538496715,2.152952896342417,3.053568463757481,29.27745840340738,0.46775690837365475,0.9448722834747495,1.0
17,117,previous_s_curve,moderate,LTI_2,heavy_02,heavy,2,0.045436361754580254,2.14498760174184,3.0653124634322535,28.601051535842753,0.44579501453207454,0.9413242625315853,1.0
17,117,previous_s_curve,moderate,LTI_2,heavy_03,heavy,2,0.046878156553452587,2.2686649065669267,3.0727031891978935,27.975114026143565,0.42544647310191225,1.0083201026578508,1.0
17,117,previous_s_curve,moderate,LTI_2,heavy_04,heavy,2,0.04616455581540992,2.2146536023440153,3.0768061961197444,27.653963399465127,0.4120799049135392,0.9787865851091317,1.0
17,117,previous_s_curve,moderate,LTI_2,heavy_05,heavy,2,0.045985208440037284,2.1458431325540297,3.0611082473339937,28.840955514134663,0.45348232187373305,0.9414996365656815,1.0
17,117,previous_s_curve,moderate,LTI_2,heavy_06,heavy,2,0.04671260193261418,2.1180850744048985,3.0570226500197557,29.09306579885764,0.4611874259243245,0.9262433772125647,1.0
17,117,previous_s_curve,moderate,LTI_2,heavy_07,heavy,2,0.047376827849114504,2.251370621798635,3.068756615551731,28.129004235153136,0.42863303993169605,0.9983123180816961,1.0
17,117,previous_s_curve,moderate,LTI_2,heavy_08,heavy,2,0.044514977532093415,2.1645975411638654,3.0753150175409036,27.97339626240117,0.42514816880042267,0.9523683088766599,1.0
17,117,previous_s_curve,moderate,LTI_2,heavy_09,heavy,2,0.04660713742769115,2.091299494649143,3.0635875049597283,28.649037616032274,0.44516480053996577,0.9119455277513494,1.0
17,117,previous_s_curve,moderate,LTI_2,handling_00,handling,2,0.047781163408760235,2.311272384245997,3.1611903832125705,33.7407123139272,0.2834820947882972,1.0344304060386915,1.0
17,117,previous_s_curve,moderate,LTI_2,handling_01,handling,2,0.04649720448069286,2.429044123499014,3.1765785200190466,32.92093347894356,0.2355262807557554,1.098518962769069,1.0
17,117,previous_s_curve,moderate,LTI_2,handling_02,handling,2,0.048375471047093305,2.4733603957886294,3.156027518924223,33.78429855451393,0.2807075585224927,1.1216254122084095,1.0
17,117,previous_s_curve,moderate,LTI_2,handling_03,handling,2,0.04712659202757622,2.422499899005012,3.1654649468809724,33.41029570529457,0.2617879166891481,1.0944787957547435,1.0
17,117,previous_s_curve,moderate,LTI_2,handling_04,handling,2,0.04977823392538642,2.523288865971647,3.1801244181032726,32.656747897284994,0.21883637304885709,1.149546039944838,1.0
17,117,previous_s_curve,moderate,LTI_2,handling_05,handling,2,0.04666154545034604,2.3444115816158813,3.1643735026221136,33.595680586647354,0.27472976813779243,1.0525458115207291,1.0
17,117,previous_s_curve,moderate,LTI_2,handling_06,handling,2,0.046650149496603094,2.3689224205347434,3.163654385915776,33.59403860072215,0.27381351563025513,1.0657050161793298,1.0
17,117,previous_s_curve,moderate,LTI_2,handling_07,handling,2,0.048727161227341324,2.4664758996635796,3.157227340742567,33.68520497147081,0.27504119946388306,1.1176814399856851,1.0
17,117,previous_s_curve,moderate,LTI_2,handling_08,handling,2,0.046400229540182664,2.38756340685434,3.168535451795592,33.32802634126376,0.2585759575972414,1.0758341978945962,1.0
17,117,previous_s_curve,moderate,LTI_2,handling_09,handling,2,0.04636556445870345,2.3737170935456793,3.1705777805797726,33.223144909660014,0.25316610754792357,1.0683285844267338,1.0
17,117,previous_s_curve,moderate,LTI_3,nominal_00,nominal,4,0.04402398769263139,2.12600066648389,3.134340410155972,24.932584353818463,0.3650080476131998,0.9331319349452527,1.0
17,117,previous_s_curve,moderate,LTI_3,nominal_01,nominal,4,0.044240536998549636,2.108176411764307,3.139634344093314,24.66763398219679,0.3510338470077989,0.9236162889240203,1.0
17,117,previous_s_curve,moderate,LTI_3,nominal_02,nominal,4,0.04591692023917253,2.067264524511012,3.1416343513937406,24.521565459373427,0.34543825882536316,0.901534433457527,1.0
17,117,previous_s_curve,moderate,LTI_3,nominal_03,nominal,4,0.04237222760936399,2.122703693658517,3.1563782002106113,23.860115371929876,0.306160827047139,0.9317008443366104,1.0
17,117,previous_s_curve,moderate,LTI_3,nominal_04,nominal,4,0.04580495713979122,2.109933276295278,3.1282338777673884,25.08566145626633,0.37657018426442174,0.9240887986686758,1.0
17,117,previous_s_curve,moderate,LTI_3,nominal_05,nominal,4,0.0416667726259841,2.1589132169400798,3.144911408393298,24.54619750119461,0.3401031141622244,0.9512627595139475,1.0
17,117,previous_s_curve,moderate,LTI_3,nominal_06,nominal,4,0.04181646436330216,2.2534299796156727,3.1494232832046714,24.10559693762117,0.31548806598211376,1.0017792769564653,1.0
17,117,previous_s_curve,moderate,LTI_3,nominal_07,nominal,4,0.046511948316996635,2.1018546411564802,3.1316997873395387,24.772073139621558,0.3615532022582855,0.9194417075092748,1.0
17,117,previous_s_curve,moderate,LTI_3,nominal_08,nominal,4,0.040848606860147345,2.272618856836615,3.1498076092130494,24.26621579653776,0.3205982275739027,1.0126127292418938,1.0
17,117,previous_s_curve,moderate,LTI_3,nominal_09,nominal,4,0.04238287189918925,2.2296889868046077,3.140338407868166,24.48410280303311,0.3380626393755434,0.9886941566599615,1.0
17,117,previous_s_curve,moderate,LTI_3,heavy_00,heavy,4,0.04301757531131123,2.2455858372041932,3.0948003255044343,20.562880449753905,0.4041028779305329,0.9946325209681017,1.0
17,117,previous_s_curve,moderate,LTI_3,heavy_01,heavy,4,0.04489437691454118,2.155127262122831,3.071032873043652,21.589747587740522,0.46871421752725095,0.9455635678761324,1.0
17,117,previous_s_curve,moderate,LTI_3,heavy_02,heavy,4,0.04330568233968732,2.147125440829609,3.082777815514866,21.27976494158901,0.44671313792386536,0.9420037071098742,1.0
17,117,previous_s_curve,moderate,LTI_3,heavy_03,heavy,4,0.04129255308101826,2.2709254725596537,3.090173756729353,21.055037595843665,0.4263245842642769,1.0090639460777162,1.0
17,117,previous_s_curve,moderate,LTI_3,heavy_04,heavy,4,0.042184962929672463,2.216769268173819,3.0939499446219427,20.737723934228836,0.41293833731138635,0.9794957605278508,1.0
17,117,previous_s_curve,moderate,LTI_3,heavy_05,heavy,4,0.04397395192274052,2.1479967158503848,3.0785658480569937,21.38451412477597,0.454414292916763,0.9421821976338236,1.0
17,117,previous_s_curve,moderate,LTI_3,heavy_06,heavy,4,0.045610188419866034,2.1201848782188577,3.0744287015722827,21.461514266247754,0.4621345437603205,0.9269130828840915,1.0
17,117,previous_s_curve,moderate,LTI_3,heavy_07,heavy,4,0.04260019492021429,2.2535749282480726,3.086012511956005,21.031428156720896,0.42951890166291656,0.9990478090347736,1.0
17,117,previous_s_curve,moderate,LTI_3,heavy_08,heavy,4,0.041562468130201105,2.166674772148211,3.0927638463518323,20.988449752582124,0.4260290291507917,0.9530521065626271,1.0
17,117,previous_s_curve,moderate,LTI_3,heavy_09,heavy,4,0.04615570544918667,2.093322731904606,3.0807941559097625,21.17068750508566,0.4460853426626277,0.9125959735486092,1.0
17,117,previous_s_curve,moderate,LTI_3,handling_00,handling,4,0.05068420770450829,2.3135678567972526,3.1886591257700974,30.06483555690506,0.2844549760836362,1.0355082013100787,1.0
17,117,previous_s_curve,moderate,LTI_3,handling_01,handling,4,0.044359320205730766,2.4314804716818106,3.2039464113837997,29.275209250935763,0.23638368016455533,1.0996844090445301,1.0
17,117,previous_s_curve,moderate,LTI_3,handling_02,handling,4,0.046534173696838814,2.4759072596799654,3.183237722305651,30.06520340192365,0.2816702006482198,1.1228415018708906,1.0
17,117,previous_s_curve,moderate,LTI_3,handling_03,handling,4,0.04617344875650934,2.4249436340657846,3.192685534991726,29.724054863100893,0.26270849272418983,1.0956461485745284,1.0
17,117,previous_s_curve,moderate,LTI_3,handling_04,handling,4,0.04450200202390049,2.5258278255159725,3.2073042414685893,29.000432444151954,0.21965024969665584,1.1507869529151822,1.0
17,117,previous_s_curve,moderate,LTI_3,handling_05,handling,4,0.048287319774412515,2.3467651218412544,3.1918960406342003,29.94511622181274,0.2756810364717017,1.0536497958388809,1.0
17,117,previous_s_curve,moderate,LTI_3,handling_06,handling,4,0.04755160626063682,2.371310842110488,3.191121803253254,29.933910626546677,0.2747622234750574,1.0668297838671705,1.0
17,117,previous_s_curve,moderate,LTI_3,handling_07,handling,4,0.04710562146152979,2.468982606286793,3.184223738413169,29.939003027911127,0.2759924403297861,1.1188899169771371,1.0
17,117,previous_s_curve,moderate,LTI_3,handling_08,handling,4,0.04630963246636768,2.3899577492959834,3.1958816723265326,29.667527305061164,0.25948940020847555,1.076970755284431,1.0
17,117,previous_s_curve,moderate,LTI_3,handling_09,handling,4,0.04658066495007447,2.3760750017373335,3.1979491031581726,29.556160105263192,0.2540676922629884,1.0694517111320758,1.0
17,117,previous_s_curve,moderate,LTI_5,nominal_00,nominal,7,0.05021255961165397,2.2899876639572327,3.114865583056234,35.48404589336712,0.3645461548270808,0.9337085987756766,1.0
17,117,previous_s_curve,moderate,LTI_5,nominal_01,nominal,7,0.05027764893807462,2.273114547363934,3.1202630733906553,35.26924787408756,0.3505784141696693,0.9241921722271869,1.0
17,117,previous_s_curve,moderate,LTI_5,nominal_02,nominal,7,0.051577385171223185,2.2379077953777142,3.1224099582774576,35.149516744808466,0.3449849860616362,0.9021129099810435,1.0
17,117,previous_s_curve,moderate,LTI_5,nominal_03,nominal,7,0.04853365684730518,2.2799356201753933,3.137256985443232,34.62541315727072,0.30572959068820316,0.9322684509790912,1.0
17,117,previous_s_curve,moderate,LTI_5,nominal_04,nominal,7,0.05175780172740885,2.280195210874508,3.1088740593910233,35.609103681086715,0.37610261499439157,0.9246699777834857,1.0
17,117,previous_s_curve,moderate,LTI_5,nominal_05,nominal,7,0.04819887847319446,2.312986107447294,3.125392839779964,35.17349441267453,0.33965393539590444,0.9518316499658175,1.0
17,117,previous_s_curve,moderate,LTI_5,nominal_06,nominal,7,0.048612854638063155,2.39651323225902,3.13028005121656,34.83207235320316,0.31505365343309527,1.002339725959706,1.0
17,117,previous_s_curve,moderate,LTI_5,nominal_07,nominal,7,0.05229856908379664,2.2743105226705116,3.112616065341355,35.35740661089908,0.3610927161406709,0.9200226673965513,1.0
17,117,previous_s_curve,moderate,LTI_5,nominal_08,nominal,7,0.047880907429716096,2.409771888929038,3.1303722870264767,34.95873935653236,0.3201611387911253,1.0131701964228743,1.0
17,117,previous_s_curve,moderate,LTI_5,nominal_09,nominal,7,0.049102039105830136,2.379705950787589,3.121167527300264,35.133462601627016,0.3376159441187752,0.9892606156485634,1.0
17,117,previous_s_curve,moderate,LTI_5,heavy_00,heavy,7,0.04993900891254019,2.388420710482707,3.079941561973652,32.96307022042161,0.4037192855446512,0.995204763241718,1.0
17,117,previous_s_curve,moderate,LTI_5,heavy_01,heavy,7,0.05160448367569861,2.317829065293318,3.0557786696142744,33.82542924051765,0.4683056354692894,0.9461492188767802,1.0
17,117,previous_s_curve,moderate,LTI_5,heavy_02,heavy,7,0.05007127081111469,2.304290260521179,3.067448439789979,33.556304542000206,0.4463120560004807,0.942584074807746,1.0
17,117,previous_s_curve,moderate,LTI_5,heavy_03,heavy,7,0.048635242650797425,2.4063871333981313,3.074843727870924,33.37097600110381,0.4259327357125472,1.009634824461033,1.0
17,117,previous_s_curve,moderate,LTI_5,heavy_04,heavy,7,0.04916366986220408,2.361657272142007,3.0788945151831295,33.1046620920509,0.4125507761465515,0.9800688808026414,1.0
17,117,previous_s_curve,moderate,LTI_5,heavy_05,heavy,7,0.0506991040872581,2.307566218337848,3.063270117402355,33.64723492443099,0.45401054132817414,0.9427646016803829,1.0
17,117,previous_s_curve,moderate,LTI_5,heavy_06,heavy,7,0.05208088433939326,2.2865285393593426,3.0592057641114865,33.71369272798991,0.46172768294907834,0.9274988851256135,1.0
17,117,previous_s_curve,moderate,LTI_5,heavy_07,heavy,7,0.049732341460431866,2.3963538053806763,3.070906165630856,33.35518913820382,0.42912578830237724,0.9996224570663287,1.0
17,117,previous_s_curve,moderate,LTI_5,heavy_08,heavy,7,0.04851457311983976,2.3157377704923103,3.077437720495525,33.307784264165335,0.4256356253191828,0.9536269137940604,1.0
17,117,previous_s_curve,moderate,LTI_5,heavy_09,heavy,7,0.05239755392859363,2.261528420171557,3.0657665905227436,33.46542412227842,0.44568382518276584,0.9131803809272212,1.0
17,117,previous_s_curve,moderate,LTI_5,handling_00,handling,7,0.05526954243496334,2.4853788972754693,3.1638549370886437,39.23781670299068,0.28393639807751353,1.0360691064037306,1.0
17,117,previous_s_curve,moderate,LTI_5,handling_01,handling,7,0.05015450786933303,2.5830111438480494,3.1791588602147858,38.67353401785482,0.23590628972939698,1.1002225752418195,1.0
17,117,previous_s_curve,moderate,LTI_5,handling_02,handling,7,0.052237496958173896,2.63061120129681,3.158729951760988,39.25772912997645,0.28115711832380624,1.1233847334705638,1.0
17,117,previous_s_curve,moderate,LTI_5,handling_03,handling,7,0.05170383374487173,2.5823975806070827,3.1680689558638635,39.00075930997755,0.2622084020901242,1.0961911519125542,1.0
17,117,previous_s_curve,moderate,LTI_5,handling_04,handling,7,0.050706780266492446,2.6651886541750742,3.1826582231678913,38.48559921136937,0.219191617999973,1.1513113374596686,1.0
17,117,previous_s_curve,moderate,LTI_5,handling_05,handling,7,0.05325212950922637,2.512102196792832,3.167009076829244,39.15286050016978,0.27516944864818277,1.0542043351840467,1.0
17,117,previous_s_curve,moderate,LTI_5,handling_06,handling,7,0.05269598628485307,2.534255302786868,3.166293766876749,39.1476908783011,0.2742518382558571,1.0673816945688788,1.0
17,117,previous_s_curve,moderate,LTI_5,handling_07,handling,7,0.05270699725881065,2.626266306829614,3.1599042473124617,39.165028595170256,0.27548325697572945,1.1194345254923896,1.0
17,117,previous_s_curve,moderate,LTI_5,handling_08,handling,7,0.05167742922313461,2.549563498367382,3.1711135477200227,38.95477660162815,0.25899111276048853,1.0775182488187036,1.0
17,117,previous_s_curve,moderate,LTI_5,handling_09,handling,7,0.05185928770440695,2.5374070334797096,3.173221339511803,38.872107501056284,0.2535735875967886,1.0700003862468204,1.0
17,117,previous_s_curve,moderate,LTI_8,nominal_00,nominal,10,0.03483019009991195,2.2211089481309205,3.1804139913687854,36.00862510910549,0.3644561266262009,0.9323689530276787,1.0
17,117,previous_s_curve,moderate,LTI_8,nominal_01,nominal,10,0.034933966438701856,2.2012086112957245,3.188741311395217,35.80169843610607,0.35049983172001203,0.9228688288882305,1.0
17,117,previous_s_curve,moderate,LTI_8,nominal_02,nominal,10,0.03587985780256606,2.1585850508274813,3.194081793212187,35.72762702670998,0.3449104835802986,0.9008100805286813,1.0
17,117,previous_s_curve,moderate,LTI_8,nominal_03,nominal,10,0.034422515087761514,2.2094504031052926,3.2103220061019044,35.041262549149465,0.3056857472781158,0.9309661830656365,1.0
17,117,previous_s_curve,moderate,LTI_8,nominal_04,nominal,10,0.036068162014824275,2.203338915070976,3.1740896593774037,36.03318512659139,0.37600192446923886,0.9233263938905641,1.0
17,117,previous_s_curve,moderate,LTI_8,nominal_05,nominal,10,0.03385273823527098,2.2531551774752065,3.192059959152381,35.71118302183515,0.33958510843431844,0.9504958504930311,1.0
17,117,previous_s_curve,moderate,LTI_8,nominal_06,nominal,10,0.0373847299289851,2.337353750035689,3.1950668791796266,34.79659226902113,0.31500257886454636,1.0009692147483902,1.0
17,117,previous_s_curve,moderate,LTI_8,nominal_07,nominal,10,0.03697727198565029,2.189351303554287,3.180600396215405,35.601595469010306,0.3610035696026495,0.9186870802197968,1.0
17,117,previous_s_curve,moderate,LTI_8,nominal_08,nominal,10,0.03695058619511778,2.3618902005792273,3.193292746305108,35.1099591095434,0.320107497492751,1.0117933487066535,1.0
17,117,previous_s_curve,moderate,LTI_8,nominal_09,nominal,10,0.03668168789975045,2.315910124332281,3.184739762767321,35.13763672013523,0.33754696928805383,0.9878850056067396,1.0
17,117,previous_s_curve,moderate,LTI_8,heavy_00,heavy,10,0.039838563564870394,2.3000881110668314,3.1233365673179176,32.88936673590872,0.4035924150535275,0.9938837245864913,1.0
17,117,previous_s_curve,moderate,LTI_8,heavy_01,heavy,10,0.03838324963298629,2.219327686758997,3.0951690437177004,34.069129338103465,0.4681229996964085,0.9448253998998712,1.0
17,117,previous_s_curve,moderate,LTI_8,heavy_02,heavy,10,0.03696518851092852,2.2137847431961983,3.1096782796325524,33.95067517534053,0.4461502581761511,0.9412839473426983,1.0
17,117,previous_s_curve,moderate,LTI_8,heavy_03,heavy,10,0.03854853636879977,2.3374244790293908,3.1138635048129184,33.54067588902677,0.42578933667560653,1.0082975336804572,1.0
17,117,previous_s_curve,moderate,LTI_8,heavy_04,heavy,10,0.038172157399812966,2.2766968039451014,3.1222024428981436,33.2228468140856,0.41241753385330243,0.9787586171179725,1.0
17,117,previous_s_curve,moderate,LTI_8,heavy_05,heavy,10,0.037528677591404457,2.2135098498601202,3.104609998317118,33.98300311953272,0.45384144146925887,0.9414567320025178,1.0
17,117,previous_s_curve,moderate,LTI_8,heavy_06,heavy,10,0.03843305646811079,2.183845621204686,3.101078514671855,34.04170139063273,0.4615510123883858,0.9261948714743026,1.0
17,117,previous_s_curve,moderate,LTI_8,heavy_07,heavy,10,0.03923686831831597,2.314583177526347,3.1107335594465786,33.381523363026105,0.42897823693959614,0.9982841715003556,1.0
17,117,previous_s_curve,moderate,LTI_8,heavy_08,heavy,10,0.03606365420041761,2.2343215551921918,3.1209975540606054,33.74972934920099,0.42549266010328585,0.9523359027021943,1.0
17,117,previous_s_curve,moderate,LTI_8,heavy_09,heavy,10,0.0386858327838815,2.1543919932789377,3.1110950170261757,33.82083515781951,0.4455211498659011,0.9118977091578561,1.0
17,117,previous_s_curve,moderate,LTI_8,handling_00,handling,10,0.0373814340019327,2.4316692658744543,3.247600066673842,39.314714307514734,0.28391730498536477,1.0345434707261294,1.0
17,117,previous_s_curve,moderate,LTI_8,handling_01,handling,10,0.0354919187218893,2.5406826718537925,3.26159079270597,38.34092009620294,0.2359197679897013,1.0986647263206717,1.0
17,117,previous_s_curve,moderate,LTI_8,handling_02,handling,10,0.03718631661040444,2.5853678042970847,3.234195768384504,38.55452413748599,0.28113863470893374,1.121771854785859,1.0
17,117,previous_s_curve,moderate,LTI_8,handling_03,handling,10,0.03608919381667442,2.535217109047056,3.248224615669299,38.55127902592796,0.26220427193426693,1.094617844929165,1.0
17,117,previous_s_curve,moderate,LTI_8,handling_04,handling,10,0.03935733095128829,2.6285806109163623,3.261906375274062,37.76788820262412,0.2192135803208745,1.1497139653834696,1.0
17,117,previous_s_curve,moderate,LTI_8,handling_05,handling,10,0.03577513173256023,2.46440840063867,3.2497884113197473,39.20866377231822,0.27515725021999005,1.0526687075799592,1.0
17,117,previous_s_curve,moderate,LTI_8,handling_06,handling,10,0.03562078747781073,2.4873149239252075,3.2478395282788832,39.059406639244045,0.274240017995814,1.0658327984350682,1.0
17,117,previous_s_curve,moderate,LTI_8,handling_07,handling,10,0.03781451373669906,2.5753862904753584,3.2364804967737992,38.33893859688749,0.2754682941546613,1.117825012727821,1.0
17,117,previous_s_curve,moderate,LTI_8,handling_08,handling,10,0.035368867015149394,2.502852263485351,3.2534667408694027,38.74544401770245,0.25898985387282036,1.0759674805810353,1.0
17,117,previous_s_curve,moderate,LTI_8,handling_09,handling,10,0.03550219250191107,2.4880319919204807,3.2569481523905477,38.6622744628604,0.2535757659947701,1.0684588531711667,1.0
17,117,previous_s_curve,moderate,LTI_10,nominal_00,nominal,12,0.034966116455033815,2.1253896913773453,3.1651900149939642,12.571274141978147,0.36450264997626663,0.9327615925545467,1.0
17,117,previous_s_curve,moderate,LTI_10,nominal_01,nominal,12,0.035161902270242434,2.1075747130532703,3.1696164218248133,12.494628477315535,0.3505414191341923,0.9232546986584153,1.0
17,117,previous_s_curve,moderate,LTI_10,nominal_02,nominal,12,0.03651661687106503,2.066644864311773,3.1722829489758793,12.43324196532514,0.34495008130121535,0.9011857894648297,1.0
17,117,previous_s_curve,moderate,LTI_10,nominal_03,nominal,12,0.03412325874920357,2.1221125586763874,3.180334537561235,12.302212261608426,0.30571228052927163,0.9313463219153953,1.0
17,117,previous_s_curve,moderate,LTI_10,nominal_04,nominal,12,0.03649986838270376,2.109293930709207,3.1608562993385423,12.596951939526042,0.37605257691694743,0.9237182584487988,1.0
17,117,previous_s_curve,moderate,LTI_10,nominal_05,nominal,12,0.03337042015958555,2.1582997928657095,3.1719812096390094,12.496748929925246,0.33962298516291717,0.950890342424396,1.0
17,117,previous_s_curve,moderate,LTI_10,nominal_06,nominal,12,0.0358058013478536,2.252803968760418,3.171058395148564,12.436360907542843,0.3150323299767006,1.0013803873130918,1.0
17,117,previous_s_curve,moderate,LTI_10,nominal_07,nominal,12,0.037404524373744336,2.1012247033065186,3.1632236436767083,12.510248659100801,0.36104888622198944,0.9190747718896979,1.0
17,117,previous_s_curve,moderate,LTI_10,nominal_08,nominal,12,0.035130804148276934,2.272007905262352,3.1714898988526268,12.491622049374357,0.3201389527290778,1.0122090067664493,1.0
17,117,previous_s_curve,moderate,LTI_10,nominal_09,nominal,12,0.03550872863323118,2.2290636095484735,3.165552077377277,12.515373375284709,0.33758428061926177,0.9882960391308746,1.0
17,117,previous_s_curve,moderate,LTI_10,heavy_00,heavy,12,0.03867056434720643,2.244932631044224,3.1207553230355147,11.683279949559536,0.40364871941439867,0.9942818769043995,1.0
17,117,previous_s_curve,moderate,LTI_10,heavy_01,heavy,12,0.03838304920676229,2.154465960909157,3.1041650888474277,11.890983569506124,0.46820238675200415,0.9452186897951202,1.0
17,117,previous_s_curve,moderate,LTI_10,heavy_02,heavy,12,0.03686963509415681,2.1464729620542595,3.1144312389982587,11.813167528616034,0.44622141020282924,0.9416699060634246,1.0
17,117,previous_s_curve,moderate,LTI_10,heavy_03,heavy,12,0.037123490359207374,2.2702814922827486,3.1174810321335666,11.830417343543518,0.4258533185636285,1.0087046811326519,1.0
17,117,previous_s_curve,moderate,LTI_10,heavy_04,heavy,12,0.037240903920395634,2.2161454737734556,3.1212194014421306,11.714523652151751,0.4124767930065922,0.9791521697615813,1.0
17,117,previous_s_curve,moderate,LTI_10,heavy_05,heavy,12,0.03748886788143923,2.147341641828506,3.110792624289743,11.83806637702729,0.45391545188716115,0.9418448785497873,1.0
17,117,previous_s_curve,moderate,LTI_10,heavy_06,heavy,12,0.03873075037152899,2.1195330188695074,3.107934365369116,11.838695595195244,0.46162788091639395,0.9265791053306595,1.0
17,117,previous_s_curve,moderate,LTI_10,heavy_07,heavy,12,0.038072282249676556,2.252937399862883,3.114083797042172,11.808847346982317,0.4290434311944935,0.9986893580157806,1.0
17,117,previous_s_curve,moderate,LTI_10,heavy_08,heavy,12,0.035610865773362255,2.1660537313287374,3.122168557358668,11.754475558018884,0.42555634765884537,0.9527209242282527,1.0
17,117,previous_s_curve,moderate,LTI_10,heavy_09,heavy,12,0.03915002049570639,2.0926821221149634,3.1138959255973546,11.748972327585909,0.4455920974059621,0.9122728118554102,1.0
17,117,previous_s_curve,moderate,LTI_10,handling_00,handling,12,0.03845053225040143,2.3129123702355243,3.209110710021683,14.074473737471065,0.2839390070146363,1.034999798153933,1.0
17,117,previous_s_curve,moderate,LTI_10,handling_01,handling,12,0.0344918080642793,2.4307957654195986,3.2134799066965076,13.95459017826199,0.23592605362080815,1.0991402221823976,1.0
17,117,previous_s_curve,moderate,LTI_10,handling_02,handling,12,0.036407951268366136,2.475210153141204,3.1994402985304804,14.162063878316347,0.2811595696039986,1.1222675070885386,1.0
17,117,previous_s_curve,moderate,LTI_10,handling_03,handling,12,0.03559869160056676,2.4242611754455248,3.2070868711718648,14.054587077947195,0.26221880309954304,1.09509733874518,1.0
17,117,previous_s_curve,moderate,LTI_10,handling_04,handling,12,0.03720349673888091,2.5251170289484737,3.2117024733237085,13.94209689212917,0.21921513537960263,1.1502083784808232,1.0
17,117,previous_s_curve,moderate,LTI_10,handling_05,handling,12,0.03636272089696587,2.346099438421626,3.2100571819329042,14.065820763694727,0.27517602480646686,1.0531312214375117,1.0
17,117,previous_s_curve,moderate,LTI_10,handling_06,handling,12,0.0359167393743993,2.370639191532984,3.208535978517113,14.076204400873342,0.27425850703498805,1.0663012241477496,1.0
17,117,previous_s_curve,moderate,LTI_10,handling_07,handling,12,0.0370706699353273,2.468291643525573,3.1998812529777894,14.126660621993988,0.2754872723993217,1.1183183258368006,1.0
17,117,previous_s_curve,moderate,LTI_10,handling_08,handling,12,0.03522112422730307,2.389283455271249,3.2105426847463554,14.023251555041025,0.2590033099808984,1.0764376492510417,1.0
17,117,previous_s_curve,moderate,LTI_10,handling_09,handling,12,0.03544382510619599,2.375406363245356,3.212066978214023,13.988769440438034,0.2535874564982025,1.0689248011035282,1.0
17,117,previous_s_curve,strong,M4,nominal_00,nominal,0,0.054774797157879834,3.222931360643904,4.610654684668084,2.8417369702143467,0.5823948746897835,1.4080577572315587,1.0
17,117,previous_s_curve,strong,M4,nominal_01,nominal,0,0.055213963101105455,3.1955386077062653,4.619511512649078,2.8184406525517307,0.5608474301062609,1.393507319689289,1.0
17,117,previous_s_curve,strong,M4,nominal_02,nominal,0,0.057610126305729675,3.132262081139655,4.622817077292215,2.7638313311050697,0.5522616836682553,1.3595055017242552,1.0
17,117,previous_s_curve,strong,M4,nominal_03,nominal,0,0.05358360946799084,3.2187009224510437,4.647292109598089,2.8391442726054255,0.49139922093546745,1.4063766055587548,1.0
17,117,previous_s_curve,strong,M4,nominal_04,nominal,0,0.05743259553465182,3.19819320165629,4.600949651716232,2.819517161415893,0.6002662082330523,1.3940074017646866,1.0
17,117,previous_s_curve,strong,M4,nominal_05,nominal,0,0.05196437589706204,3.2739623508691222,4.627954455209329,2.8870296785348475,0.5438808920740795,1.4362503842160785,1.0
17,117,previous_s_curve,strong,M4,nominal_06,nominal,0,0.05566136401242418,3.4217242989183374,4.636069853398674,3.0132519019879633,0.5056992355866747,1.5144015913543603,1.0
17,117,previous_s_curve,strong,M4,nominal_07,nominal,0,0.0591240814041685,3.1863956387779377,4.606958538843224,2.808766447366214,0.5771259956860008,1.3869656672418402,1.0
17,117,previous_s_curve,strong,M4,nominal_08,nominal,0,0.054222182142962365,3.4509977227186472,4.636316158526195,3.0398512046394814,0.5135719277511678,1.5310843754523522,1.0
17,117,previous_s_curve,strong,M4,nominal_09,nominal,0,0.055347492920031646,3.384643746878395,4.621287352333713,2.98023250493338,0.5406604154842917,1.493972286643995,1.0
17,117,previous_s_curve,strong,M4,heavy_00,heavy,0,0.06119720665145216,3.4098102614156516,4.552957417634939,2.9926316195691016,0.6425513846965191,1.502410691374446,1.0
17,117,previous_s_curve,strong,M4,heavy_01,heavy,0,0.06111105765924378,3.2687905455431907,4.5144280441182,2.8712936774093616,0.7420155329140606,1.426247627247631,1.0
17,117,previous_s_curve,strong,M4,heavy_02,heavy,0,0.05857987663330191,3.2560607490848112,4.533046782909698,2.8621425518499417,0.7082002962919421,1.420988211233049,1.0
17,117,previous_s_curve,strong,M4,heavy_03,heavy,0,0.058189219717947424,3.447538251656438,4.545147850447001,3.0257864389825424,0.6766607795663532,1.5244322217995412,1.0
17,117,previous_s_curve,strong,M4,heavy_04,heavy,0,0.05893022807550234,3.364640457757957,4.551235937664013,2.954815458860845,0.6561708402489199,1.4790218486169853,1.0
17,117,previous_s_curve,strong,M4,heavy_05,heavy,0,0.0596284932709328,3.257573309802312,4.526305362441493,2.8628347249890154,0.7200442850808492,1.4211862978614442,1.0
17,117,previous_s_curve,strong,M4,heavy_06,heavy,0,0.06181262297546815,3.2148673246771517,4.519720932287182,2.8263654608239257,0.731961742133034,1.3976213643364253,1.0
17,117,previous_s_curve,strong,M4,heavy_07,heavy,0,0.06004376787236829,3.4214083290911357,4.538783733950375,3.0019025534789168,0.6816305850114099,1.508946491087711,1.0
17,117,previous_s_curve,strong,M4,heavy_08,heavy,0,0.056368360250864114,3.2862061042229858,4.5489229196519485,2.8890194198910404,0.6763518165280299,1.438198018095848,1.0
17,117,previous_s_curve,strong,M4,heavy_09,heavy,0,0.06262977362778928,3.173641628697041,4.530175969126748,2.792271488134417,0.7073463124751714,1.375737898403285,1.0
17,117,previous_s_curve,strong,M4,handling_00,handling,0,0.05992832525149635,3.5159907613307846,4.692428984664238,3.104086266261061,0.4578676928321724,1.5669489261408627,1.0
17,117,previous_s_curve,strong,M4,handling_01,handling,0,0.0531869218533346,3.700524275949606,4.718469697082839,3.2649038860971578,0.382715625770382,1.6666811327487425,1.0
17,117,previous_s_curve,strong,M4,handling_02,handling,0,0.05640082625606129,3.7690511048840367,4.684430448922151,3.321807908831826,0.45335866548973974,1.7018279553054205,1.0
17,117,previous_s_curve,strong,M4,handling_03,handling,0,0.05515983343264701,3.689964775327657,4.699802685302894,3.2544527659952003,0.4238839570193859,1.6600840320525636,1.0
17,117,previous_s_curve,strong,M4,handling_04,handling,0,0.05727987757854756,3.8481476770277707,4.72465905671121,3.440126856316972,0.35632464017078624,1.7458939013860315,1.0
17,117,previous_s_curve,strong,M4,handling_05,handling,0,0.05641167351086263,3.5676094342008975,4.69777429610445,3.149506391925429,0.4441768093194362,1.5950777363814617,1.0
17,117,previous_s_curve,strong,M4,handling_06,handling,0,0.05567987613335831,3.6059270636970604,4.6966605250246305,3.182410597142239,0.4427202081897773,1.6154410191474422,1.0
17,117,previous_s_curve,strong,M4,handling_07,handling,0,0.05763599402115781,3.7587143170554707,4.686363738286915,3.312055107709777,0.4445395926813493,1.6957826267629479,1.0
17,117,previous_s_curve,strong,M4,handling_08,handling,0,0.05454185840412671,3.635339528409527,4.704870289896071,3.207908840875252,0.41889751735113157,1.6312861648898767,1.0
17,117,previous_s_curve,strong,M4,handling_09,handling,0,0.05498133590680475,3.6139331004480804,4.708375958763361,3.189185372212212,0.4104486652165178,1.619731693577714,1.0
17,117,previous_s_curve,strong,LTI_1,nominal_00,nominal,0,0.06365077513631488,3.208864773588577,4.596288046188449,2.8262501401342495,0.581171823048585,1.405156031070953,1.0
17,117,previous_s_curve,strong,LTI_1,nominal_01,nominal,0,0.06288554661827075,3.1817432267897336,4.605272659897339,2.803260375995404,0.5596820134189909,1.3906743287413477,1.0
17,117,previous_s_curve,strong,LTI_1,nominal_02,nominal,0,0.060868476119301865,3.1188715918689307,4.608627802176654,2.7491631452404164,0.5511180529932287,1.3567577143431289,1.0
17,117,previous_s_curve,strong,LTI_1,nominal_03,nominal,0,0.06530306367089352,3.2052609840914945,4.633396583795908,2.824554004481428,0.49041447327966314,1.4036342337419814,1.0
17,117,previous_s_curve,strong,LTI_1,nominal_04,nominal,0,0.06320261439147558,3.184105521611041,4.5865249731323345,2.8038355448821095,0.5989913868375724,1.3910942452399202,1.0
17,117,previous_s_curve,strong,LTI_1,nominal_05,nominal,0,0.06631429008435606,3.259992933599902,4.613769256438234,2.871626707880888,0.5427629504148921,1.4333634473053176,1.0
17,117,previous_s_curve,strong,LTI_1,nominal_06,nominal,0,0.07782933351131438,3.4071436706832574,4.622078467662395,2.997210513009135,0.5046759332229527,1.511390173137395,1.0
17,117,previous_s_curve,strong,LTI_1,nominal_07,nominal,0,0.06420456695462512,3.1724153912956,4.592685935672363,2.7932827585588806,0.5759105670172526,1.3840946367838145,1.0
17,117,previous_s_curve,strong,LTI_1,nominal_08,nominal,0,0.07873884930371156,3.4362694707950894,4.622264547335319,3.023759020125806,0.5125318418571377,1.528038449823093,1.0
17,117,previous_s_curve,strong,LTI_1,nominal_09,nominal,0,0.07464894814490919,3.36995409361252,4.607146968165908,2.964082339546835,0.5395448189989287,1.4909376917609243,1.0
17,117,previous_s_curve,strong,LTI_1,heavy_00,heavy,0,0.07635021550047583,3.3955192020538494,4.540965787478786,2.9761820992201233,0.6413338181450897,1.4994520015511636,1.0
17,117,previous_s_curve,strong,LTI_1,heavy_01,heavy,0,0.06738363710320652,3.254402643735726,4.501930842860771,2.8543490672823726,0.7405236863140051,1.4232539016206214,1.0
17,117,previous_s_curve,strong,LTI_1,heavy_02,heavy,0,0.065823101404438,3.2421611555922696,4.5207131242954555,2.845885208333547,0.7068111305039516,1.41809151828006,1.0
17,117,previous_s_curve,strong,LTI_1,heavy_03,heavy,0,0.0763425016893624,3.4329909667867167,4.532936686989972,3.00891604565889,0.6753597083689364,1.5213882359312856,1.0
17,117,previous_s_curve,strong,LTI_1,heavy_04,heavy,0,0.0725937504164592,3.350473722981884,4.539132446417925,2.938532872484511,0.6549212804831258,1.4760986791482325,1.0
17,117,previous_s_curve,strong,LTI_1,heavy_05,heavy,0,0.06630783901239715,3.243505968692459,4.513929619496808,2.846267686290285,0.7186192702917293,1.418258367943022,1.0
17,117,previous_s_curve,strong,LTI_1,heavy_06,heavy,0,0.06521987316079907,3.2007979034550766,4.507306559946751,2.809827764663346,0.7305000152108195,1.3947108868352116,1.0
17,117,previous_s_curve,strong,LTI_1,heavy_07,heavy,0,0.07578009542169634,3.4067430073519005,4.526571854454619,2.9848911842453028,0.6803098627732785,1.505904439136503,1.0
17,117,previous_s_curve,strong,LTI_1,heavy_08,heavy,0,0.06672022966686823,3.2723874624287093,4.536711806650851,2.8730651677466468,0.6750544500612637,1.4353405551183662,1.0
17,117,previous_s_curve,strong,LTI_1,heavy_09,heavy,0,0.06413569469927943,3.160028720313305,4.517868639321653,2.776196004528902,0.7059542534860319,1.3729199856247916,1.0
17,117,previous_s_curve,strong,LTI_1,handling_00,handling,0,0.06322877230692023,3.499500109027051,4.675673607790894,3.0863400012660436,0.45681006866759016,1.5635643257615455,1.0
17,117,previous_s_curve,strong,LTI_1,handling_01,handling,0,0.0757681675778828,3.6834342674093414,4.701998961858237,3.2465873956922593,0.3818577392738203,1.6631618137309654,1.0
17,117,previous_s_curve,strong,LTI_1,handling_02,handling,0,0.07722627405145754,3.7509985572412057,4.667720094570129,3.302280797618994,0.4523106168419347,1.6980964691690825,1.0
17,117,previous_s_curve,strong,LTI_1,handling_03,handling,0,0.07351808361743388,3.672597968874995,4.683180162624341,3.2357602762027193,0.4229158586225507,1.6565098115976562,1.0
17,117,previous_s_curve,strong,LTI_1,handling_04,handling,0,0.08813602307249518,3.8303273496238495,4.708295584930217,3.408963591863289,0.3555362404835031,1.7422158851065406,1.0
17,117,previous_s_curve,strong,LTI_1,handling_05,handling,0,0.06522051867590568,3.5509420556062565,4.681057791542594,3.1315980346757666,0.44315659449894523,1.5916477165793514,1.0
17,117,previous_s_curve,strong,LTI_1,handling_06,handling,0,0.06732914963572903,3.589027455864751,4.679955008794405,3.1642304895728235,0.4417033948166804,1.6119593331304956,1.0
17,117,previous_s_curve,strong,LTI_1,handling_07,handling,0,0.07773752947565003,3.740705362846179,4.669695616767667,3.292556718354779,0.44351378696240257,1.692071939584443,1.0
17,117,previous_s_curve,strong,LTI_1,handling_08,handling,0,0.07010025877619305,3.6183941518341247,4.688272872776785,3.189698799750812,0.4179436805658071,1.6277982202940562,1.0
17,117,previous_s_curve,strong,LTI_1,handling_09,handling,0,0.0695315450490175,3.5971387490996376,4.691810912575026,3.1711476333551825,0.4095168322035076,1.6162829337857116,1.0
17,117,previous_s_curve,strong,LTI_2,nominal_00,nominal,2,0.07062917491696559,3.2179517452159057,4.59722025116236,45.744849349999434,0.5814363548430971,1.4075679144246307,1.0
17,117,previous_s_curve,strong,LTI_2,nominal_01,nominal,2,0.07034460927180526,3.1906654951056144,4.606206737887317,45.304049668176894,0.5599114538722212,1.3930269848251402,1.0
17,117,previous_s_curve,strong,LTI_2,nominal_02,nominal,2,0.0711685320565024,3.1274247732831943,4.609550609527986,45.10651423195637,0.5513326051621241,1.3590517679951153,1.0
17,117,previous_s_curve,strong,LTI_2,nominal_03,nominal,2,0.06879834878204091,3.2139051646652987,4.63429257492009,43.919246823339755,0.4905408755847039,1.4058800364528439,1.0
17,117,previous_s_curve,strong,LTI_2,nominal_04,nominal,2,0.07233548606939383,3.1932414741885355,4.587471004951581,46.30909567241777,0.5992859285257096,1.3935332031178687,1.0
17,117,previous_s_curve,strong,LTI_2,nominal_05,nominal,2,0.06904135594856399,3.2689401016766966,4.614693113972848,44.99119174578117,0.5429673742450043,1.435732216249657,1.0
17,117,previous_s_curve,strong,LTI_2,nominal_06,nominal,2,0.07333366786229444,3.416493839434398,4.622977766282289,44.31681875405426,0.5048296516457825,1.5138233461464683,1.0
17,117,previous_s_curve,strong,LTI_2,nominal_07,nominal,2,0.07311295118953923,3.1814216928468264,4.593633378992449,45.733769153191844,0.5761687832857006,1.3864970716292435,1.0
17,117,previous_s_curve,strong,LTI_2,nominal_08,nominal,2,0.07297306460451747,3.445772885621952,4.623172150017555,44.472458671173996,0.5126965655027396,1.530489537845535,1.0
17,117,previous_s_curve,strong,LTI_2,nominal_09,nominal,2,0.0728364588123265,3.3794111010678267,4.608074615114303,45.00516040318033,0.5397506945629461,1.4934141257049884,1.0
17,117,previous_s_curve,strong,LTI_2,heavy_00,heavy,2,0.07493317026633953,3.4048755231776484,4.541793978508883,42.92433118588451,0.6417078981116614,1.5019440375890936,1.0
17,117,previous_s_curve,strong,LTI_2,heavy_01,heavy,2,0.07414678548539042,3.263818757107082,4.5027962739795475,45.841051111807005,0.741073638139417,1.4258390161468004,1.0
17,117,previous_s_curve,strong,LTI_2,heavy_02,heavy,2,0.0718004257258624,3.251248484440186,4.521568231660336,44.76356502090242,0.7072920988479957,1.420576381954862,1.0
17,117,previous_s_curve,strong,LTI_2,heavy_03,heavy,2,0.07368842452749529,3.442536362856688,4.533776153069561,43.75620499368459,0.675789425053552,1.5239508112267326,1.0
17,117,previous_s_curve,strong,LTI_2,heavy_04,heavy,2,0.07284366144359855,3.359746204409396,4.539953525629044,43.260104669814936,0.6553146389519123,1.4785693252298078,1.0
17,117,previous_s_curve,strong,LTI_2,heavy_05,heavy,2,0.0727035257669945,3.25264629928489,4.51479366546218,45.1465886062017,0.7191240724912039,1.4207766896668486,1.0
17,117,previous_s_curve,strong,LTI_2,heavy_06,heavy,2,0.07396757210811312,3.210030846277545,4.508177683887591,45.55251708131205,0.7310277758149507,1.397228868791722,1.0
17,117,previous_s_curve,strong,LTI_2,heavy_07,heavy,2,0.07464696240068434,3.4163502597733317,4.527414493570478,44.01182826650548,0.6807514578749324,1.5084784659750645,1.0
17,117,previous_s_curve,strong,LTI_2,heavy_08,heavy,2,0.07023885595703092,3.2813987637593427,4.53754412881316,43.76128736312467,0.6754762639717021,1.437770254682982,1.0
17,117,previous_s_curve,strong,LTI_2,heavy_09,heavy,2,0.07388138919557811,3.168944368016576,4.518719824299046,44.85385171043219,0.7064342409795819,1.3753558004596094,1.0
17,117,previous_s_curve,strong,LTI_2,handling_00,handling,2,0.07458317936823199,3.510023371363228,4.676713824530128,51.01217175865104,0.45686498764749317,1.5661796694832524,1.0
17,117,previous_s_curve,strong,LTI_2,handling_01,handling,2,0.07247758323851577,3.694427179367128,4.703013053526556,49.7555673880569,0.3818178441627321,1.6658060507569437,1.0
17,117,previous_s_curve,strong,LTI_2,handling_02,handling,2,0.07550318355183952,3.762713984623756,4.668774327545451,51.07651931552975,0.45236713771802506,1.7009305584562207,1.0
17,117,previous_s_curve,strong,LTI_2,handling_03,handling,2,0.07353346995065378,3.683818218100642,4.684202933474331,50.505070827639344,0.4229293890651773,1.659222216026019,1.0
17,117,previous_s_curve,strong,LTI_2,handling_04,handling,2,0.07764482103106439,3.8417724007631553,4.70929540900742,49.34991951564031,0.3554667561108782,1.7449402579192412,1.0
17,117,previous_s_curve,strong,LTI_2,handling_05,handling,2,0.07274933017346336,3.5616962580203397,4.682089255741121,50.78928953216182,0.4431941149837223,1.594277477881739,1.0
17,117,previous_s_curve,strong,LTI_2,handling_06,handling,2,0.07274133706823216,3.599942673572381,4.680987925108366,50.78650603482193,0.44174007135369736,1.6146216136040406,1.0
17,117,previous_s_curve,strong,LTI_2,handling_07,handling,2,0.07613730728819172,3.752296188616571,4.670741249035956,50.925755802693956,0.44355776856011664,1.694893243618487,1.0
17,117,previous_s_curve,strong,LTI_2,handling_08,handling,2,0.072355280193185,3.62933115664019,4.689316161241208,50.379374189105036,0.41794905375628877,1.6304497374244922,1.0
17,117,previous_s_curve,strong,LTI_2,handling_09,handling,2,0.07233020673871374,3.6079135136078553,4.69284479432153,50.21932826692179,0.4095105025094244,1.6189066808966017,1.0
17,117,previous_s_curve,strong,LTI_3,nominal_00,nominal,4,0.07067918463195615,3.2213505613256532,4.627267789232209,37.8907385362962,0.5833899253224447,1.408790888016443,1.0
17,117,previous_s_curve,strong,LTI_3,nominal_01,nominal,4,0.07106977012774941,3.193968088953814,4.635993914504792,37.49231094660599,0.561821004778337,1.3942264193513958,1.0
17,117,previous_s_curve,strong,LTI_3,nominal_02,nominal,4,0.07378899923070988,3.130713662973103,4.639087775074915,37.26881151842011,0.5532291785276772,1.360203840189868,1.0
17,117,previous_s_curve,strong,LTI_3,nominal_03,nominal,4,0.06816967570773856,3.2171400492865927,4.663442081802542,36.2823253133663,0.492298198570673,1.4070854637194135,1.0
17,117,previous_s_curve,strong,LTI_3,nominal_04,nominal,4,0.0735927105845715,3.196618527651633,4.617345706761773,38.114046207375374,0.6012827004873497,1.3947420861415454,1.0
17,117,previous_s_curve,strong,LTI_3,nominal_05,nominal,4,0.06685291483820478,3.2723790602373906,4.64472813269163,37.31845059308079,0.5448320682296319,1.4369866678907994,1.0
17,117,previous_s_curve,strong,LTI_3,nominal_06,nominal,4,0.06705676236942108,3.420107579945364,4.652314806323479,36.65595994458263,0.506607732992741,1.5151862322515557,1.0
17,117,previous_s_curve,strong,LTI_3,nominal_07,nominal,4,0.07486189684497874,3.1848238029956506,4.622839088335514,37.63842189934198,0.5781207270749382,1.387696687087644,1.0
17,117,previous_s_curve,strong,LTI_3,nominal_08,nominal,4,0.06530562515862837,3.4493675759321816,4.653035334396043,36.90494493659945,0.5144853288622565,1.5318752823441792,1.0
17,117,previous_s_curve,strong,LTI_3,nominal_09,nominal,4,0.06805178260319818,3.38302909899843,4.6375124489503685,37.219760950817594,0.5416078983760146,1.4947549114389882,1.0
17,117,previous_s_curve,strong,LTI_3,heavy_00,heavy,4,0.0695080631344912,3.4084936331514153,4.5648558245917625,31.307785232544177,0.6434236656680895,1.5031015244067603,1.0
17,117,previous_s_curve,strong,LTI_3,heavy_01,heavy,4,0.07260387951188817,3.2674861100264345,4.526799359329953,32.83689115400307,0.7429878775388125,1.426928420797004,1.0
17,117,previous_s_curve,strong,LTI_3,heavy_02,heavy,4,0.06999008799659782,3.254766106946057,4.54555702050733,32.38056996989758,0.7091380410274598,1.4216488190978653,1.0
17,117,previous_s_curve,strong,LTI_3,heavy_03,heavy,4,0.0664389093308931,3.4462130253053997,4.557824366178583,32.055810252601006,0.6775611565784996,1.5251343236427868,1.0
17,117,previous_s_curve,strong,LTI_3,heavy_04,heavy,4,0.06816670082067419,3.3633303406697337,4.563497053784094,31.572533607310255,0.6570559192474829,1.4796994942066366,1.0
17,117,previous_s_curve,strong,LTI_3,heavy_05,heavy,4,0.07109221245951866,3.2562750462677736,4.538716829046696,32.53423532472189,0.7209943386478258,1.4218534788986155,1.0
17,117,previous_s_curve,strong,LTI_3,heavy_06,heavy,4,0.07376494450208015,3.2135673623102186,4.532004090342242,32.64404946438058,0.7329258594056286,1.3982842704940148,1.0
17,117,previous_s_curve,strong,LTI_3,heavy_07,heavy,4,0.06872879976441781,3.4200902846044072,4.551083635523592,32.011846609722745,0.6825389788446641,1.5096489920483538,1.0
17,117,previous_s_curve,strong,LTI_3,heavy_08,heavy,4,0.06712885884838661,3.2849065045872585,4.561575490087362,31.9516660664844,0.6772563388892564,1.438853034130418,1.0
17,117,previous_s_curve,strong,LTI_3,heavy_09,heavy,4,0.07467581185350144,3.1723470263870084,4.542277811277487,32.20759071080746,0.7082880461219673,1.3763833520799187,1.0
17,117,previous_s_curve,strong,LTI_3,handling_00,handling,4,0.08082917177066992,3.513882068648357,4.714187382483429,45.59492514889343,0.458927474666327,1.5679410977550061,1.0
17,117,previous_s_curve,strong,LTI_3,handling_01,handling,4,0.07080350600721604,3.698351734185971,4.740271110301839,44.41475198136915,0.38367571890656404,1.6677420543751749,1.0
17,117,previous_s_curve,strong,LTI_3,handling_02,handling,4,0.07435367543252608,3.766835061546836,4.7057535170413765,45.59712063688886,0.45440569698275224,1.7029365352481955,1.0
17,117,previous_s_curve,strong,LTI_3,handling_03,handling,4,0.07377069025539523,3.6877934350302555,4.721310607909895,45.085325747892625,0.4248974882869501,1.6611503520034527,1.0
17,117,previous_s_curve,strong,LTI_3,handling_04,handling,4,0.07090868028275117,3.845920357462401,4.746279065016672,44.00430175510811,0.3572455009693068,1.7470188923444872,1.0
17,117,previous_s_curve,strong,LTI_3,handling_05,handling,4,0.07699949295575632,3.5654849255024392,4.719694391589666,45.419037413756584,0.44521716035557163,1.5960879613440186,1.0
17,117,previous_s_curve,strong,LTI_3,handling_06,handling,4,0.0758673270639726,3.6037798936427854,4.718492199870835,45.40206691886009,0.44375787496376135,1.6164691711895123,1.0
17,117,previous_s_curve,strong,LTI_3,handling_07,handling,4,0.07536075302593648,3.7565092760082046,4.707364682593831,45.403743585554494,0.4455783574528183,1.6968888103367572,1.0
17,117,previous_s_curve,strong,LTI_3,handling_08,handling,4,0.07393413361613561,3.6331923277287363,4.726632969113404,45.00176215802377,0.41990569918227755,1.6323245313183037,1.0
17,117,previous_s_curve,strong,LTI_3,handling_09,handling,4,0.07439827838233773,3.6117955062143334,4.730036585496092,44.832660386463495,0.411447765702293,1.6207602170006454,1.0
17,117,previous_s_curve,strong,LTI_5,nominal_00,nominal,7,0.07963661535577651,3.471140068948288,4.6008141029183625,53.551879151223055,0.5824706590815184,1.4097288438072748,1.0
17,117,previous_s_curve,strong,LTI_5,nominal_01,nominal,7,0.07978145277175022,3.445590782319283,4.6098147979051305,53.22573201351867,0.560907129786897,1.3951615994465996,1.0
17,117,previous_s_curve,strong,LTI_5,nominal_02,nominal,7,0.0819230443566515,3.3918623947182844,4.6131147854920815,53.04185076209061,0.5523153213156607,1.3611405361359736,1.0
17,117,previous_s_curve,strong,LTI_5,nominal_03,nominal,7,0.07702386082865784,3.4569726528091347,4.637752537080243,52.250613460433016,0.49140892111345574,1.408006329390921,1.0
17,117,previous_s_curve,strong,LTI_5,nominal_04,nominal,7,0.08219583499255144,3.45635334436154,4.5911197025748285,53.7383536886423,0.6003566036479709,1.3956866798839855,1.0
17,117,previous_s_curve,strong,LTI_5,nominal_05,nominal,7,0.07632074868184754,3.5065253579410305,4.61825913981656,53.08486291303991,0.5439272116766234,1.4379128519596411,1.0
17,117,previous_s_curve,strong,LTI_5,nominal_06,nominal,7,0.0769303414320572,3.6360413419885855,4.626438641278683,52.56783386519916,0.505720762905183,1.5161022439001457,1.0
17,117,previous_s_curve,strong,LTI_5,nominal_07,nominal,7,0.0831851631518561,3.4481586070945105,4.597292873124464,53.3545701839391,0.5772004730042661,1.388639716778147,1.0
17,117,previous_s_curve,strong,LTI_5,nominal_08,nominal,7,0.07557623883805112,3.6555699622857225,4.626667854542961,52.7635228689084,0.5135974136836323,1.5327873097754618,1.0
17,117,previous_s_curve,strong,LTI_5,nominal_09,nominal,7,0.07780039124096536,3.60989903035525,4.6116497217292025,53.02261435691859,0.540707552265461,1.4956807896825455,1.0
17,117,previous_s_curve,strong,LTI_5,heavy_00,heavy,7,0.07960034560297681,3.62541116279457,4.544976276667912,49.771972583863,0.6426879633600433,1.50403672685083,1.0
17,117,previous_s_curve,strong,LTI_5,heavy_01,heavy,7,0.08240850669994701,3.5157734624775645,4.506109136515291,51.070776002368945,0.7422242043734147,1.427880688625506,1.0
17,117,previous_s_curve,strong,LTI_5,heavy_02,heavy,7,0.07987305539543563,3.4948151807771164,4.524853448908591,50.66765494261356,0.7083819612885064,1.4225923030072534,1.0
17,117,previous_s_curve,strong,LTI_5,heavy_03,heavy,7,0.07721449406051024,3.651229092453812,4.536997972174727,50.39428436082495,0.6768189442689743,1.52606963063826,1.0
17,117,previous_s_curve,strong,LTI_5,heavy_04,heavy,7,0.07834956146994584,3.5836703584770673,4.543102603424228,49.98716430046291,0.656315587460093,1.4806349118176039,1.0
17,117,previous_s_curve,strong,LTI_5,heavy_05,heavy,7,0.08091556024618111,3.4999487913552874,4.518112418873578,50.80360287379397,0.7202354529743147,1.4228002059329918,1.0
17,117,previous_s_curve,strong,LTI_5,heavy_06,heavy,7,0.08321100621862405,3.467937810766208,4.511523434262834,50.90113143464771,0.7321626481193134,1.399234371296657,1.0
17,117,previous_s_curve,strong,LTI_5,heavy_07,heavy,7,0.07916193228087716,3.636584788532008,4.530645566810798,50.36616831016598,0.6817942806560594,1.5105892619810903,1.0
17,117,previous_s_curve,strong,LTI_5,heavy_08,heavy,7,0.07728602777083242,3.512284548950126,4.540742182211801,50.29555295145025,0.6765089325147767,1.4397887432765202,1.0
17,117,previous_s_curve,strong,LTI_5,heavy_09,heavy,7,0.08376903105541447,3.430029097398716,4.521988570464436,50.525066080353966,0.7075291155309266,1.3773291418511582,1.0
17,117,previous_s_curve,strong,LTI_5,handling_00,handling,7,0.08721492197804895,3.77035399373025,4.680714707527209,59.14880571030723,0.4578269591533269,1.5688549188164038,1.0
17,117,previous_s_curve,strong,LTI_5,handling_01,handling,7,0.07901752818424453,3.9216252814592427,4.706895110644958,58.29581481726137,0.38262119483762935,1.6686157626393254,1.0
17,117,previous_s_curve,strong,LTI_5,handling_02,handling,7,0.08245074527519848,3.994232047492862,4.672823068198501,59.1819294120367,0.45331869182885826,1.7038266863139022,1.0
17,117,previous_s_curve,strong,LTI_5,handling_03,handling,7,0.08158061183410431,3.9203570261811387,4.688243242571488,58.791292194409266,0.42382022894115123,1.6620392071673247,1.0
17,117,previous_s_curve,strong,LTI_5,handling_04,handling,7,0.07981246568346557,4.048727494734526,4.713112142808847,58.01261232171129,0.3562140945569539,1.747869199246049,1.0
17,117,previous_s_curve,strong,LTI_5,handling_05,handling,7,0.08395941698421867,3.8114142478540103,4.686051670630373,59.021781855368566,0.4441256124806231,1.5969912580402097,1.0
17,117,previous_s_curve,strong,LTI_5,handling_06,handling,7,0.08309899600424812,3.845621300469739,4.684954757134292,59.014222654886,0.4426686468608015,1.6173689231553263,1.0
17,117,previous_s_curve,strong,LTI_5,handling_07,handling,7,0.08328468650219466,3.988096029350567,4.674753561336501,59.039639381932524,0.44449376652041533,1.697780620346802,1.0
17,117,previous_s_curve,strong,LTI_5,handling_08,handling,7,0.08149214387919036,3.8696463268718695,4.693323230121813,58.721475949130436,0.4188287198121992,1.633215809767987,1.0
17,117,previous_s_curve,strong,LTI_5,handling_09,handling,7,0.08180875198582759,3.8511922577446187,4.69681292227015,58.59504925956375,0.4103737399629469,1.6216524771272707,1.0
17,117,previous_s_curve,strong,LTI_8,nominal_00,nominal,10,0.05693882214573656,3.347488757363051,4.6714812083819615,53.27480299287393,0.5822441414681855,1.407590749693339,1.0
17,117,previous_s_curve,strong,LTI_8,nominal_01,nominal,10,0.05715673770862119,3.316442337210794,4.684633730363495,52.95792235010499,0.5607053192271447,1.3930502893104177,1.0
17,117,previous_s_curve,strong,LTI_8,nominal_02,nominal,10,0.05877092981283588,3.2497168876958615,4.692623102639049,52.83972501613626,0.552122840975051,1.359065699074012,1.0
17,117,previous_s_curve,strong,LTI_8,nominal_03,nominal,10,0.05627997610527676,3.329629755638537,4.720041637220222,51.8192486454863,0.49128438282838105,1.4059236209403834,1.0
17,117,previous_s_curve,strong,LTI_8,nominal_04,nominal,10,0.05903710670389676,3.319316485696703,4.66125659442526,53.34501191783438,0.6001079137961437,1.3935443791165474,1.0
17,117,previous_s_curve,strong,LTI_8,nominal_05,nominal,10,0.05517465098939114,3.3980506250880396,4.690676047337231,52.806948383332696,0.5437458367450777,1.4357759713471723,1.0
17,117,previous_s_curve,strong,LTI_8,nominal_06,nominal,10,0.06041158874983151,3.5293731831836985,4.697507898690084,51.54670876860367,0.5055788903228992,1.513897054146274,1.0
17,117,previous_s_curve,strong,LTI_8,nominal_07,nominal,10,0.060601634994570025,3.2971966581828362,4.671802751772264,52.73573396932362,0.5769767675170907,1.3865091583417346,1.0
17,117,previous_s_curve,strong,LTI_8,nominal_08,nominal,10,0.059475550334957446,3.56816656412182,4.694608105162726,51.97055740398389,0.5134488596164519,1.5305712220636951,1.0
17,117,previous_s_curve,strong,LTI_8,nominal_09,nominal,10,0.05950792963969923,3.4955163450706785,4.680372540683151,52.06393747666019,0.5405262136149769,1.4934714673740177,1.0
17,117,previous_s_curve,strong,LTI_8,heavy_00,heavy,10,0.06461960554436832,3.469488772323919,4.587972547465972,48.997885251003275,0.6423841509402284,1.5019176123504598,1.0
17,117,previous_s_curve,strong,LTI_8,heavy_01,heavy,10,0.06278008566826844,3.342853308821685,4.542489825447703,50.74025192445659,0.7418080630227893,1.425771237442786,1.0
17,117,previous_s_curve,strong,LTI_8,heavy_02,heavy,10,0.06043069984969413,3.3348852163300267,4.564945077778874,50.511564477545136,0.7080073088834862,1.4205200642379512,1.0
17,117,previous_s_curve,strong,LTI_8,heavy_03,heavy,10,0.06222017057123763,3.5283353402601354,4.572693190061638,49.91475018099961,0.6764809367111403,1.5239248197558457,1.0
17,117,previous_s_curve,strong,LTI_8,heavy_04,heavy,10,0.06205075855514129,3.4332391324210043,4.585632258811624,49.45729705678403,0.6559986054542235,1.4785368562917887,1.0
17,117,previous_s_curve,strong,LTI_8,heavy_05,heavy,10,0.061373119780045386,3.334193987003076,4.557081496844299,50.579845962503796,0.7198462311332559,1.4207159626993413,1.0
17,117,previous_s_curve,strong,LTI_8,heavy_06,heavy,10,0.06295718609886095,3.2875934191587888,4.551382051293823,50.68176584991278,0.7317584416588732,1.3971592999665143,1.0
17,117,previous_s_curve,strong,LTI_8,heavy_07,heavy,10,0.0635699199843467,3.492093402509739,4.567876887959093,49.720366031525174,0.6814481364185786,1.5084442737028576,1.0
17,117,previous_s_curve,strong,LTI_8,heavy_08,heavy,10,0.05882474097387823,3.3674760208024668,4.582855905404446,50.18114768773269,0.6761720761995982,1.4377278700167568,1.0
17,117,previous_s_curve,strong,LTI_8,heavy_09,heavy,10,0.06343272971168429,3.2417289525075588,4.566873051639048,50.34107648057362,0.7071530114255526,1.375289265689427,1.0
17,117,previous_s_curve,strong,LTI_8,handling_00,handling,10,0.06104460655200417,3.6758725521133226,4.775427745308785,57.86633528687828,0.4577605775014006,1.5663941871166953,1.0
17,117,previous_s_curve,strong,LTI_8,handling_01,handling,10,0.05774983927907977,3.846953702434686,4.80140566821115,56.47399415251498,0.3826389742824907,1.6660870221493647,1.0
17,117,previous_s_curve,strong,LTI_8,handling_02,handling,10,0.06057473857583358,3.915916881386868,4.756756442449034,56.89460943235301,0.4532533052349122,1.7012072039183173,1.0
17,117,previous_s_curve,strong,LTI_8,handling_03,handling,10,0.05888694452278976,3.837865476477075,4.778972178711934,56.82719102868833,0.42379069624170457,1.6594876515652586,1.0
17,117,previous_s_curve,strong,LTI_8,handling_04,handling,10,0.06344032467648537,3.984577587518445,4.804116749961687,55.69266658836205,0.3562583824664206,1.7452654540211636,1.0
17,117,previous_s_curve,strong,LTI_8,handling_05,handling,10,0.05843621557427331,3.727330888605194,4.7796914990686625,57.70616450113637,0.4440753892696684,1.594510560012976,1.0
17,117,previous_s_curve,strong,LTI_8,handling_06,handling,10,0.05819439674287242,3.7630876905838644,4.777033115436101,57.51349011152623,0.44261936168801974,1.614863961609591,1.0
17,117,previous_s_curve,strong,LTI_8,handling_07,handling,10,0.0616612403919046,3.900101828459107,4.760561698600816,56.59957832550841,0.44443773153751576,1.695166255502567,1.0
17,117,previous_s_curve,strong,LTI_8,handling_08,handling,10,0.05775920067877802,3.7874715197510347,4.786858598662539,57.06353369749286,0.4188063365314072,1.6307044798522408,1.0
17,117,previous_s_curve,strong,LTI_8,handling_09,handling,10,0.058011691049341264,3.7642616650285143,4.792418448474899,56.93791998667125,0.4103608560219494,1.6191568761818766,1.0
17,117,previous_s_curve,strong,LTI_10,nominal_00,nominal,12,0.0571013236465364,3.2203381628802483,4.676196642082266,18.929700028607364,0.5823431590651652,1.4081879988759458,1.0
17,117,previous_s_curve,strong,LTI_10,nominal_01,nominal,12,0.05744869864478905,3.192970740395055,4.684157938150972,18.814437990176163,0.5607951661476009,1.393636135206297,1.0
17,117,previous_s_curve,strong,LTI_10,nominal_02,nominal,12,0.05965603315385447,3.1296870574927897,4.688411296916384,18.72132923864622,0.552208958833489,1.3596337977932154,1.0
17,117,previous_s_curve,strong,LTI_10,nominal_03,nominal,12,0.05578954554226061,3.2161611868957842,4.7052195787847975,18.526718488849518,0.49134582364556273,1.406500916553837,1.0
17,117,previous_s_curve,strong,LTI_10,nominal_04,nominal,12,0.059630101710506214,3.195575521701494,4.668223873740175,18.967949843741845,0.6002145569812374,1.3941394453260936,1.0
17,117,previous_s_curve,strong,LTI_10,nominal_05,nominal,12,0.05443032573198243,3.2713640377139495,4.689359867282027,18.818901859371312,0.5438287756828293,1.436377647661637,1.0
17,117,previous_s_curve,strong,LTI_10,nominal_06,nominal,12,0.058035890517035185,3.419073992372945,4.6906507472553445,18.732135551628467,0.5056465250109756,1.514527910710205,1.0
17,117,previous_s_curve,strong,LTI_10,nominal_07,nominal,12,0.061178791176365946,3.1837805043135723,4.672945733277472,18.838286688621626,0.5770735391014526,1.3870969159275441,1.0
17,117,previous_s_curve,strong,LTI_10,nominal_08,nominal,12,0.0567441513961987,3.4483631442977596,4.691148966502185,18.814952695658775,0.513519756767169,1.5312103186719581,1.0
17,117,previous_s_curve,strong,LTI_10,nominal_09,nominal,12,0.057739766723984294,3.381995893408833,4.67971082204262,18.849735734580644,0.5406081035976189,1.4941011515242848,1.0
17,117,previous_s_curve,strong,LTI_10,heavy_00,heavy,12,0.06287515137393773,3.40745472879262,4.60658389434327,17.60365720103919,0.6425003773064705,1.5025294771005557,1.0
17,117,previous_s_curve,strong,LTI_10,heavy_01,heavy,12,0.0627662022300573,3.266381689008134,4.575941994884461,17.911122560599196,0.7419662673359382,1.4263720753652813,1.0
17,117,previous_s_curve,strong,LTI_10,heavy_02,heavy,12,0.060274211118062804,3.2536785682411526,4.593354188206582,17.79414599361983,0.7081505854417072,1.4211096996238348,1.0
17,117,previous_s_curve,strong,LTI_10,heavy_03,heavy,12,0.06010036361891943,3.445187212123143,4.6001998468994865,17.82344049342356,0.6766111655802892,1.5245524238967045,1.0
17,117,previous_s_curve,strong,LTI_10,heavy_04,heavy,12,0.060660092292215,3.362291146204685,4.606605203876688,17.649061102170293,0.6561202329501749,1.479140832509424,1.0
17,117,previous_s_curve,strong,LTI_10,heavy_05,heavy,12,0.061298981855263425,3.255181557372663,4.587154963745575,17.831568181689768,0.7199946981846577,1.421308834329439,1.0
17,117,previous_s_curve,strong,LTI_10,heavy_06,heavy,12,0.06337514645845786,3.212477486859523,4.582004097305589,17.831910861819164,0.7319121008814109,1.3977447202694158,1.0
17,117,previous_s_curve,strong,LTI_10,heavy_07,heavy,12,0.06183724699470355,3.4190289896753248,4.594475718153141,17.791246764321325,0.681580596721967,1.5090676463470796,1.0
17,117,previous_s_curve,strong,LTI_10,heavy_08,heavy,12,0.058142754484617115,3.2838702685215555,4.607009443518601,17.706686785917153,0.6763017671449655,1.438317150337777,1.0
17,117,previous_s_curve,strong,LTI_10,heavy_09,heavy,12,0.06408820311981062,3.1712764600350436,4.592116727144301,17.697027545952903,0.7072959507964104,1.3758593924736906,1.0
17,117,previous_s_curve,strong,LTI_10,handling_00,handling,12,0.06249076799071302,3.512809656845677,4.751852091890571,21.188052604577123,0.4578138730869759,1.5670935023950598,1.0
17,117,previous_s_curve,strong,LTI_10,handling_01,handling,12,0.05615313434784152,3.697283343489653,4.765016196929996,21.01244522170343,0.382661415810754,1.6668206469304299,1.0
17,117,previous_s_curve,strong,LTI_10,handling_02,handling,12,0.059309196706304565,3.7657510782418853,4.7378356207173935,21.325067481218877,0.4533051597485745,1.7019740730924786,1.0
17,117,previous_s_curve,strong,LTI_10,handling_03,handling,12,0.058039050224160484,3.6866942865571497,4.751709511283088,21.162269879050456,0.42382994434960214,1.6602272718456563,1.0
17,117,previous_s_curve,strong,LTI_10,handling_04,handling,12,0.06013620937108854,3.8448085378812356,4.764789916238414,20.997193479364856,0.35627064208095827,1.7460320080782235,1.0
17,117,previous_s_curve,strong,LTI_10,handling_05,handling,12,0.05917472670151171,3.564434906055689,4.754610773951978,21.17602064047467,0.4441230098684852,1.5952210027190434,1.0
17,117,previous_s_curve,strong,LTI_10,handling_06,handling,12,0.05850356224229506,3.602734572091561,4.752448260063693,21.192493074095214,0.4426664281217194,1.6155845435930027,1.0
17,117,previous_s_curve,strong,LTI_10,handling_07,handling,12,0.06044143094438785,3.7553816295589817,4.738971414590216,21.27217731172344,0.4444857450674964,1.6959288469065137,1.0
17,117,previous_s_curve,strong,LTI_10,handling_08,handling,12,0.057414059101383176,3.632130331172446,4.7573849118603375,21.11391134187179,0.4188434396268322,1.6314283125927374,1.0
17,117,previous_s_curve,strong,LTI_10,handling_09,handling,12,0.057794280162308025,3.61070126098237,4.760261817510426,21.06187696887844,0.41039439063750466,1.6198734183475016,1.0
17,117,shifted_double_lane,near_linear,M4,nominal_00,nominal,0,0.01183236396094511,0.7507246978561047,1.8171193764731435,0.6907020650576297,0.2805781940765172,0.3501129007876513,1.0
17,117,shifted_double_lane,near_linear,M4,nominal_01,nominal,0,0.01218600773825251,0.7408048818225168,1.8204750955737101,0.68089865510311,0.2724295812997853,0.3448802935524344,1.0
17,117,shifted_double_lane,near_linear,M4,nominal_02,nominal,0,0.013363569755365956,0.7173729731702818,1.8219909913414638,0.657384744952014,0.269118850257417,0.3326379948484846,1.0
17,117,shifted_double_lane,near_linear,M4,nominal_03,nominal,0,0.011620600052021014,0.7501902529705549,1.8305528899705568,0.6913027631360155,0.24599496701391463,0.34950745275860007,1.0
17,117,shifted_double_lane,near_linear,M4,nominal_04,nominal,0,0.01267061525927593,0.7410283122807497,1.8138068033992527,0.6812524002122033,0.287233383238169,0.3449682329299831,1.0
17,117,shifted_double_lane,near_linear,M4,nominal_05,nominal,0,0.010797553824477089,0.7704787308999187,1.823091040048885,0.7106948337597606,0.26610592557022855,0.36032778712299307,1.0
17,117,shifted_double_lane,near_linear,M4,nominal_06,nominal,0,0.011224293644240288,0.8254477432885072,1.8260147548346723,0.7681208342695968,0.25158264597976543,0.38822844455730265,1.0
17,117,shifted_double_lane,near_linear,M4,nominal_07,nominal,0,0.013197159875333729,0.7364787084588913,1.8163935629847998,0.6776258264806041,0.2784608153408636,0.3423298925693982,1.0
17,117,shifted_double_lane,near_linear,M4,nominal_08,nominal,0,0.01092904789089065,0.8369577324529252,1.8256908998043508,0.7788113732460181,0.25468184323792625,0.39437135358666886,1.0
17,117,shifted_double_lane,near_linear,M4,nominal_09,nominal,0,0.011125367044172956,0.810908598046026,1.8207520346437194,0.7530326813208231,0.26485303236842045,0.38085383556824726,1.0
17,117,shifted_double_lane,near_linear,M4,heavy_00,heavy,0,0.011886243646741405,0.8167178698958949,1.7970872549233754,0.7610409543758521,0.3029393240302675,0.3833654308581349,1.0
17,117,shifted_double_lane,near_linear,M4,heavy_01,heavy,0,0.012351300523166553,0.7634909521312131,1.7827415828097417,0.7064637014021244,0.3398160764196041,0.3560137172526194,1.0
17,117,shifted_double_lane,near_linear,M4,heavy_02,heavy,0,0.0118826212366476,0.7598636034859388,1.7895782697822953,0.7019553202758666,0.32736686912421886,0.35429608913151217,1.0
17,117,shifted_double_lane,near_linear,M4,heavy_03,heavy,0,0.011139833721626538,0.8314724584990176,1.793336308189512,0.7736435488659482,0.3158023894370132,0.3915653477827197,1.0
17,117,shifted_double_lane,near_linear,M4,heavy_04,heavy,0,0.011442746980749178,0.8003089889569536,1.796286157496037,0.7435664793549888,0.308057907807057,0.37509136897362705,1.0
17,117,shifted_double_lane,near_linear,M4,heavy_05,heavy,0,0.012108172899367192,0.7600158613008265,1.787155744984287,0.7024672422904803,0.33172585078358396,0.3542993270911227,1.0
17,117,shifted_double_lane,near_linear,M4,heavy_06,heavy,0,0.012963368076906335,0.7438983261474496,1.7849829924135872,0.686722285893535,0.33607274096583695,0.3457495331518569,1.0
17,117,shifted_double_lane,near_linear,M4,heavy_07,heavy,0,0.011542175394620803,0.8208565959971076,1.7914206773709918,0.7641331743695727,0.3175503251017047,0.3858078310213605,1.0
17,117,shifted_double_lane,near_linear,M4,heavy_08,heavy,0,0.011182374962239524,0.7717741618014182,1.795213715403675,0.7134659510429271,0.3156121520275574,0.360599437385689,1.0
17,117,shifted_double_lane,near_linear,M4,heavy_09,heavy,0,0.013572989398434635,0.7290675868495539,1.789164659899726,0.6720654204193641,0.32691943515992417,0.3378884009908099,1.0
17,117,shifted_double_lane,near_linear,M4,handling_00,handling,0,0.014765922272053762,0.8632761609961701,1.8456604245492794,0.8070519720706755,0.23315120232043607,0.4072890128661958,1.0
17,117,shifted_double_lane,near_linear,M4,handling_01,handling,0,0.011395020546608771,0.9357126938666068,1.8542095787339568,0.8813773313472436,0.20366693123067858,0.44305175049173195,1.0
17,117,shifted_double_lane,near_linear,M4,handling_02,handling,0,0.01197188844790396,0.9608811467392737,1.84242578400036,0.9046881190476653,0.2314929529532008,0.45552199726964215,1.0
17,117,shifted_double_lane,near_linear,M4,handling_03,handling,0,0.012024901344587084,0.9292693353617553,1.8479244174221277,0.8755073544020111,0.2199691808964012,0.4406133110911516,1.0
17,117,shifted_double_lane,near_linear,M4,handling_04,handling,0,0.012185073639615702,0.9986507909274304,1.8560169984610184,0.9399821736557531,0.19303285353394598,0.47137175838320716,1.0
17,117,shifted_double_lane,near_linear,M4,handling_05,handling,0,0.013375374790986917,0.8831887928444029,1.8473051134898149,0.8274945924036977,0.22788407867835925,0.4174255748440354,1.0
17,117,shifted_double_lane,near_linear,M4,handling_06,handling,0,0.012850088297741345,0.8975537533114473,1.8468663944448604,0.8423297646488234,0.22732733169772562,0.42470063015921694,1.0
17,117,shifted_double_lane,near_linear,M4,handling_07,handling,0,0.012298350469847773,0.9564132483262896,1.8432580150621187,0.9010787901058753,0.2280222263257955,0.45326621159635727,1.0
17,117,shifted_double_lane,near_linear,M4,handling_08,handling,0,0.012237930652682928,0.9089591101342662,1.849736523460915,0.8546328896053135,0.2180055597034269,0.43035690635762386,1.0
17,117,shifted_double_lane,near_linear,M4,handling_09,handling,0,0.012475657574024508,0.9008977011126432,1.8510326433290418,0.8466836432656283,0.21464753502959563,0.4261918182694477,1.0
17,117,shifted_double_lane,near_linear,LTI_1,nominal_00,nominal,0,0.013571150846436772,0.7523782060668834,1.8174282188371642,0.6909298821409623,0.28076236793762566,0.3502997774227132,1.0
17,117,shifted_double_lane,near_linear,LTI_1,nominal_01,nominal,0,0.013928890412084933,0.7424114446863095,1.8207654615430993,0.6811136408264262,0.2726060434531511,0.3450615299598586,1.0
17,117,shifted_double_lane,near_linear,LTI_1,nominal_02,nominal,0,0.015154342403379126,0.7189249435424208,1.8222992024458813,0.6576060457491459,0.2692920964623542,0.33281131673896935,1.0
17,117,shifted_double_lane,near_linear,LTI_1,nominal_03,nominal,0,0.013213807324327427,0.7517644225021551,1.830839124316453,0.6915106823346665,0.24614780959229354,0.349682764122235,1.0
17,117,shifted_double_lane,near_linear,LTI_1,nominal_04,nominal,0,0.014461175918122494,0.7426674490094156,1.8141386901585723,0.6815017253310554,0.28742400806966556,0.3451544802528622,1.0
17,117,shifted_double_lane,near_linear,LTI_1,nominal_05,nominal,0,0.012375859828810745,0.7721487321899106,1.823401773822727,0.7109155949436275,0.26627667453169224,0.3605155937191349,1.0
17,117,shifted_double_lane,near_linear,LTI_1,nominal_06,nominal,0,0.012238431925120209,0.8272052516978807,1.8263001684398594,0.7683585648155864,0.2517412607184484,0.38842734436458093,1.0
17,117,shifted_double_lane,near_linear,LTI_1,nominal_07,nominal,0,0.014955784313955047,0.7380861081557617,1.8166975236601512,0.6778633423400273,0.27864330845694824,0.3425120327891619,1.0
17,117,shifted_double_lane,near_linear,LTI_1,nominal_08,nominal,0,0.011814413617024937,0.8387480631679831,1.8259854903808397,0.7790336061178591,0.254843027181755,0.39457463982952823,1.0
17,117,shifted_double_lane,near_linear,LTI_1,nominal_09,nominal,0,0.012354707800248608,0.812666662046689,1.8210786528003184,0.7532658412750788,0.26502350386946205,0.38105334065645596,1.0
17,117,shifted_double_lane,near_linear,LTI_1,heavy_00,heavy,0,0.012918574740956468,0.8181904652461551,1.7975485521500756,0.7613735822335248,0.3031093595532802,0.3835414639366979,1.0
17,117,shifted_double_lane,near_linear,LTI_1,heavy_01,heavy,0,0.01382380214703478,0.7649308213256696,1.7832436341625755,0.7068004028859264,0.34001979485575295,0.35618892823973075,1.0
17,117,shifted_double_lane,near_linear,LTI_1,heavy_02,heavy,0,0.013335743232895795,0.7612668439368132,1.7900555721004507,0.7022809995435634,0.3275583153641417,0.35446580900743985,1.0
17,117,shifted_double_lane,near_linear,LTI_1,heavy_03,heavy,0,0.01206530209208001,0.8329895537044315,1.793796968761207,0.7739722583109457,0.3159837509169405,0.3917499103659219,1.0
17,117,shifted_double_lane,near_linear,LTI_1,heavy_04,heavy,0,0.01260361029195119,0.8017627606629687,1.796754324265418,0.743890572918585,0.3082321275086313,0.3752649378661509,1.0
17,117,shifted_double_lane,near_linear,LTI_1,heavy_05,heavy,0,0.013572189121520875,0.761431323101914,1.7876473801135542,0.702796168198702,0.3319215535166765,0.35447066815949996,1.0
17,117,shifted_double_lane,near_linear,LTI_1,heavy_06,heavy,0,0.01449270215630263,0.7452907700970969,1.785485151664596,0.6870607504579506,0.336272570032628,0.3459181073981582,1.0
17,117,shifted_double_lane,near_linear,LTI_1,heavy_07,heavy,0,0.012580929633610117,0.8223545544249171,1.7918884356578715,0.7644755034430601,0.31773349860216515,0.3859903674794111,1.0
17,117,shifted_double_lane,near_linear,LTI_1,heavy_08,heavy,0,0.012545049689760895,0.7731813224765894,1.7956683868871124,0.7137749579161763,0.31579259641588536,0.3607680987050911,1.0
17,117,shifted_double_lane,near_linear,LTI_1,heavy_09,heavy,0,0.015108132687424412,0.7304111807791449,1.7896368324477794,0.6723897347969845,0.3271103943544505,0.3380499535353648,1.0
17,117,shifted_double_lane,near_linear,LTI_1,handling_00,handling,0,0.016939390508641794,0.8655384370946955,1.8457388970470114,0.8071996739501528,0.23332432326222363,0.40753626848060065,1.0
17,117,shifted_double_lane,near_linear,LTI_1,handling_01,handling,0,0.013008522109722274,0.9367263542273669,1.8542693419561944,0.8815389759929667,0.2038140842032813,0.44331272414504125,1.0
17,117,shifted_double_lane,near_linear,LTI_1,handling_02,handling,0,0.013621863024386656,0.9608614810428834,1.8425431759236128,0.9048784918273318,0.2316657879504057,0.45580135004928723,1.0
17,117,shifted_double_lane,near_linear,LTI_1,handling_03,handling,0,0.013820837411733119,0.9316190845191966,1.8480472541829995,0.8756690428928334,0.22013100624694776,0.44087847486691567,1.0
17,117,shifted_double_lane,near_linear,LTI_1,handling_04,handling,0,0.013046221934073815,0.9986247353612411,1.856125187433308,0.9401260964623377,0.193171356190408,0.4716474061480893,1.0
17,117,shifted_double_lane,near_linear,LTI_1,handling_05,handling,0,0.015484513443994865,0.8855006501383704,1.847398784705292,0.8276306561919358,0.2280524240421213,0.41767781190534364,1.0
17,117,shifted_double_lane,near_linear,LTI_1,handling_06,handling,0,0.01489853659774931,0.8998960797062042,1.8469556142608197,0.8424758280353413,0.22749537114389262,0.42495758097481756,1.0
17,117,shifted_double_lane,near_linear,LTI_1,handling_07,handling,0,0.013944410824894912,0.9566123702429574,1.8433629816012016,0.9012562993142194,0.22819197733408972,0.4535428909822528,1.0
17,117,shifted_double_lane,near_linear,LTI_1,handling_08,handling,0,0.014164375383042148,0.9113097632742079,1.8498408085443818,0.8547810276315905,0.21816526823036297,0.4306144953430321,1.0
17,117,shifted_double_lane,near_linear,LTI_1,handling_09,handling,0,0.014419860922640141,0.9032274811415276,1.8511212693327175,0.8468207240103439,0.21480419358411343,0.4264455510537002,1.0
17,117,shifted_double_lane,near_linear,LTI_2,nominal_00,nominal,2,0.014640241403083095,0.7524752738561178,1.8177964482678477,6.2983444004292055,0.2807529056232131,0.3502659960580048,1.0
17,117,shifted_double_lane,near_linear,LTI_2,nominal_01,nominal,2,0.014969018036727292,0.7425080902969172,1.8211338099898613,6.253660855133824,0.2725969599433313,0.34502801878894584,1.0
17,117,shifted_double_lane,near_linear,LTI_2,nominal_02,nominal,2,0.016146928672701715,0.719020314719112,1.8226622185403203,6.242835603421841,0.2692831768853574,0.33277896845990923,1.0
17,117,shifted_double_lane,near_linear,LTI_2,nominal_03,nominal,2,0.01421691010568129,0.7518591499358972,1.8311878231763807,6.084699674206119,0.2461400844954337,0.34964817709412965,1.0
17,117,shifted_double_lane,near_linear,LTI_2,nominal_04,nominal,2,0.01550625407563818,0.7427653541336184,1.8145142708727346,6.3317531110846925,0.2874143887153385,0.3451217690959088,1.0
17,117,shifted_double_lane,near_linear,LTI_2,nominal_05,nominal,2,0.013456967992092018,0.7722451195596574,1.8237645711760648,6.209068390158402,0.26626782112282393,0.3604801784675861,1.0
17,117,shifted_double_lane,near_linear,LTI_2,nominal_06,nominal,2,0.01319093031334731,0.8273039712264844,1.8266511770783815,6.064315533570586,0.25173355234002465,0.38838999664686313,1.0
17,117,shifted_double_lane,near_linear,LTI_2,nominal_07,nominal,2,0.015957172923418615,0.7381838006527206,1.8170632518965915,6.266897446563236,0.27863428575580373,0.34247978841469495,1.0
17,117,shifted_double_lane,near_linear,LTI_2,nominal_08,nominal,2,0.01278038838753917,0.8388472516196466,1.8263401362175364,6.094171420885787,0.25483497518545206,0.39453629648886596,1.0
17,117,shifted_double_lane,near_linear,LTI_2,nominal_09,nominal,2,0.01336109772015394,0.8127650672531327,1.8214439117742,6.150003291543329,0.2650151721792051,0.38101708077188773,1.0
17,117,shifted_double_lane,near_linear,LTI_2,heavy_00,heavy,2,0.01363156904662889,0.818280692531749,1.7978893085770595,5.25485310901954,0.3031047054523533,0.3835160113610521,1.0
17,117,shifted_double_lane,near_linear,LTI_2,heavy_01,heavy,2,0.014643614374825798,0.7650221014754751,1.7836119670793227,5.506529396281429,0.3400145955171651,0.35616638609101553,1.0
17,117,shifted_double_lane,near_linear,LTI_2,heavy_02,heavy,2,0.014157399717502095,0.7613569675739695,1.7904101584702015,5.456020878711346,0.3275528670709767,0.3544422676940508,1.0
17,117,shifted_double_lane,near_linear,LTI_2,heavy_03,heavy,2,0.012816108605305904,0.8330806757793939,1.7941433425282383,5.353811197844433,0.3159785215074107,0.3917235386319118,1.0
17,117,shifted_double_lane,near_linear,LTI_2,heavy_04,heavy,2,0.01336516025587834,0.8018523854186175,1.797098919827022,5.309956492386999,0.30822713984828337,0.3752396884152011,1.0
17,117,shifted_double_lane,near_linear,LTI_2,heavy_05,heavy,2,0.014391501669686597,0.7615218142407622,1.7880067601546514,5.4734817543544505,0.33191619705157327,0.35444753854860667,1.0
17,117,shifted_double_lane,near_linear,LTI_2,heavy_06,heavy,2,0.015299369603393412,0.7453814978017667,1.7858484179982081,5.498559234949388,0.33626729084979995,0.34589597796537536,1.0
17,117,shifted_double_lane,near_linear,LTI_2,heavy_07,heavy,2,0.013329623986941012,0.8224461241794906,1.7922367793772054,5.348983443454505,0.3177285453869482,0.3859650261615251,1.0
17,117,shifted_double_lane,near_linear,LTI_2,heavy_08,heavy,2,0.013365596228829662,0.7732705005838679,1.7960184649320536,5.393510156759267,0.3157870971908161,0.3607433177623104,1.0
17,117,shifted_double_lane,near_linear,LTI_2,heavy_09,heavy,2,0.015887746638425296,0.7305011281727312,1.7899897721019438,5.452654546410045,0.3271051562725377,0.3380279970709581,1.0
17,117,shifted_double_lane,near_linear,LTI_2,handling_00,handling,2,0.018152999286695642,0.8656480357454746,1.846115253934823,7.4942059417280396,0.2333118151189834,0.4074821289232863,1.0
17,117,shifted_double_lane,near_linear,LTI_2,handling_01,handling,2,0.014289472815914596,0.9368373368985735,1.8546311919067746,7.275356707658757,0.2038045371640649,0.4432544176332902,1.0
17,117,shifted_double_lane,near_linear,LTI_2,handling_02,handling,2,0.014906005985603725,0.961055555288388,1.842926662318831,7.400676216182942,0.23165390965651766,0.4557426739808697,1.0
17,117,shifted_double_lane,near_linear,LTI_2,handling_03,handling,2,0.015102912007960422,0.9317305940665773,1.8484278287391125,7.363664947260779,0.22012001873983372,0.4408209228363936,1.0
17,117,shifted_double_lane,near_linear,LTI_2,handling_04,handling,2,0.014173861148349695,0.9988147898262989,1.856493055079035,7.1680860562447535,0.19316299132781303,0.4715863607852791,1.0
17,117,shifted_double_lane,near_linear,LTI_2,handling_05,handling,2,0.016747657682746973,0.8856101418486312,1.847783885501314,7.455032526616143,0.2280404145803814,0.41762230055878025,1.0
17,117,shifted_double_lane,near_linear,LTI_2,handling_06,handling,2,0.01617887381707979,0.9000072760828683,1.8473414628437368,7.438239507864837,0.22748349433788811,0.42490140632290374,1.0
17,117,shifted_double_lane,near_linear,LTI_2,handling_07,handling,2,0.0151982861053196,0.9567270733210211,1.8437425136193877,7.3757494341929,0.22818049812711452,0.4534847355964539,1.0
17,117,shifted_double_lane,near_linear,LTI_2,handling_08,handling,2,0.015448899087741389,0.9114214743466196,1.8502170137629084,7.37451158549839,0.21815432458099684,0.4305577090081229,1.0
17,117,shifted_double_lane,near_linear,LTI_2,handling_09,handling,2,0.015686746376148867,0.9033376431555878,1.8514929842623562,7.358993139192962,0.21479356421666793,0.4263892546061443,1.0
17,117,shifted_double_lane,near_linear,LTI_3,nominal_00,nominal,3,0.013081659079176952,0.7518748119509975,1.816196484863585,11.697265827570082,0.2804645843712712,0.3499861750586393,1.0
17,117,shifted_double_lane,near_linear,LTI_3,nominal_01,nominal,3,0.013313309709650332,0.7420332709840688,1.8195558825059157,11.57607362562559,0.27232027704500683,0.34475691292961436,1.0
17,117,shifted_double_lane,near_linear,LTI_3,nominal_02,nominal,3,0.01425117560529441,0.7188757994655004,1.8210885973807283,11.537505340811894,0.2690111635859207,0.3325201941282969,1.0
17,117,shifted_double_lane,near_linear,LTI_3,nominal_03,nominal,3,0.012748680755923517,0.7512925626677798,1.829681713926949,11.152863598386455,0.24589949983755008,0.34938608113229686,1.0
17,117,shifted_double_lane,near_linear,LTI_3,nominal_04,nominal,3,0.013759193398444948,0.7425273586032547,1.8128813157475219,11.802145805303082,0.2871160395734753,0.34484299003528873,1.0
17,117,shifted_double_lane,near_linear,LTI_3,nominal_05,nominal,3,0.012261702867378241,0.7712593028350004,1.8221926047672514,11.462234611239557,0.26600018672312703,0.36019874632210247,1.0
17,117,shifted_double_lane,near_linear,LTI_3,nominal_06,nominal,3,0.012765110116262995,0.8261983579006126,1.8251316545562484,11.189495396945395,0.2514845366295301,0.38809100730917134,1.0
17,117,shifted_double_lane,near_linear,LTI_3,nominal_07,nominal,3,0.014129620285345826,0.7383335409419637,1.815473855197232,11.66271400815365,0.27834807310963544,0.342207255841094,1.0
17,117,shifted_double_lane,near_linear,LTI_3,nominal_08,nominal,3,0.01266556558334189,0.8373446666151176,1.8248048264040635,11.237527219625889,0.2545823094821998,0.394230518963929,1.0
17,117,shifted_double_lane,near_linear,LTI_3,nominal_09,nominal,3,0.012639417746120889,0.8118814501505779,1.8198608351340457,11.405662176623254,0.26474793069644803,0.3807173115331416,1.0
17,117,shifted_double_lane,near_linear,LTI_3,heavy_00,heavy,3,0.01252842573938511,0.8188152091697998,1.7964307954200647,9.569512179750921,0.30283813949023053,0.38325091627167557,1.0
17,117,shifted_double_lane,near_linear,LTI_3,heavy_01,heavy,3,0.012843640660781612,0.7661531289985912,1.7820306219466882,10.175472911352049,0.33969674766277835,0.3559023608196093,1.0
17,117,shifted_double_lane,near_linear,LTI_3,heavy_02,heavy,3,0.012414784007027908,0.7620480821387857,1.7888864677084142,9.996030870123082,0.32725377328913535,0.3541868984923425,1.0
17,117,shifted_double_lane,near_linear,LTI_3,heavy_03,heavy,3,0.0120734585675245,0.8328528216515502,1.7926567072054282,9.771314350971917,0.31569529151109094,0.39144568816075553,1.0
17,117,shifted_double_lane,near_linear,LTI_3,heavy_04,heavy,3,0.012104330988207424,0.8022623990442067,1.7956235850132383,9.666434826062599,0.3079542977574205,0.374978493516016,1.0
17,117,shifted_double_lane,near_linear,LTI_3,heavy_05,heavy,3,0.012614148822742985,0.7624017899050883,1.7864617183273486,10.059398385359808,0.3316105738095663,0.3541895812511647,1.0
17,117,shifted_double_lane,near_linear,LTI_3,heavy_06,heavy,3,0.013333704820054136,0.7466715102208211,1.7842858619264557,10.133070115129438,0.33595518114001016,0.3456420725523034,1.0
17,117,shifted_double_lane,near_linear,LTI_3,heavy_07,heavy,3,0.012316023598839045,0.8227512353543799,1.790740951763823,9.796736757469175,0.3174422371339038,0.3856900429084506,1.0
17,117,shifted_double_lane,near_linear,LTI_3,heavy_08,heavy,3,0.011826255947864845,0.7735321768876836,1.7945298406330017,9.812393532409391,0.31550489461987097,0.3604898011943703,1.0
17,117,shifted_double_lane,near_linear,LTI_3,heavy_09,heavy,3,0.01382983899460809,0.7319374004347637,1.7884727432251726,10.00245036308449,0.3268063123986321,0.337784808122633,1.0
17,117,shifted_double_lane,near_linear,LTI_3,handling_00,handling,3,0.01625026553790631,0.8631281129268394,1.8444609319628358,14.034892270064706,0.23304090166855995,0.4071127357137299,1.0
17,117,shifted_double_lane,near_linear,LTI_3,handling_01,handling,3,0.013621304691907952,0.9350770684920505,1.8530452736152303,13.556597150836534,0.20357390023745892,0.4428622413412029,1.0
17,117,shifted_double_lane,near_linear,LTI_3,handling_02,handling,3,0.014164394936108727,0.9601997743537563,1.841240698279068,13.937683246216315,0.23138385237800702,0.45532279370972617,1.0
17,117,shifted_double_lane,near_linear,LTI_3,handling_03,handling,3,0.014092750025062118,0.9288437371495545,1.8467578849925086,13.794760364064087,0.21986672183457612,0.4404228487451852,1.0
17,117,shifted_double_lane,near_linear,LTI_3,handling_04,handling,3,0.014504521021079957,0.9979807052004939,1.8548834816406878,13.360136065425996,0.19294592955241427,0.47117065642338435,1.0
17,117,shifted_double_lane,near_linear,LTI_3,handling_05,handling,3,0.015122910670710792,0.8828715672883574,1.8461081050724986,13.945830431189963,0.22777699680757219,0.41724475721094784,1.0
17,117,shifted_double_lane,near_linear,LTI_3,handling_06,handling,3,0.014712480312580887,0.8972093838196786,1.845671753617738,13.926502618733638,0.22722059704846106,0.42451643754723917,1.0
17,117,shifted_double_lane,near_linear,LTI_3,handling_07,handling,3,0.014365484252079157,0.9557452662476554,1.842074123875643,13.888782018634746,0.22791502913460993,0.45306904289655164,1.0
17,117,shifted_double_lane,near_linear,LTI_3,handling_08,handling,3,0.014216558404667286,0.9085766891289394,1.8485666430753123,13.782838830739877,0.21790423626092145,0.4301714271797211,1.0
17,117,shifted_double_lane,near_linear,LTI_3,handling_09,handling,3,0.014366392957188666,0.9005809230891655,1.8498626496867425,13.739340274249557,0.214548084218327,0.4260089845469468,1.0
17,117,shifted_double_lane,near_linear,LTI_5,nominal_00,nominal,6,0.013549634585613932,0.7528762375662641,1.8154293129602415,8.512831567406032,0.2805034530957513,0.3501013030877678,1.0
17,117,shifted_double_lane,near_linear,LTI_5,nominal_01,nominal,6,0.01376236621724222,0.7429034095625174,1.8188112586949208,8.383805452847232,0.27235753964591664,0.34486992394131916,1.0
17,117,shifted_double_lane,near_linear,LTI_5,nominal_02,nominal,6,0.014682825363965361,0.7194036353668646,1.8203386107598294,8.32290470423798,0.2690478488460327,0.3326301290001104,1.0
17,117,shifted_double_lane,near_linear,LTI_5,nominal_03,nominal,6,0.013163729389712707,0.7522395356604044,1.8289706927272196,7.984956845691625,0.24593145655342932,0.34949692736330934,1.0
17,117,shifted_double_lane,near_linear,LTI_5,nominal_04,nominal,6,0.014253154955754944,0.743171448760702,1.8120969818970791,8.61488561630674,0.2871562564702305,0.34495774876752466,1.0
17,117,shifted_double_lane,near_linear,LTI_5,nominal_05,nominal,6,0.012692342652327984,0.7726411795132946,1.8214442815848337,8.29751253714981,0.26603608785977495,0.36031441339284787,1.0
17,117,shifted_double_lane,near_linear,LTI_5,nominal_06,nominal,6,0.013198835089622992,0.827714008304221,1.8244100262930023,8.114750593315813,0.2515172648977467,0.38821076196039767,1.0
17,117,shifted_double_lane,near_linear,LTI_5,nominal_07,nominal,6,0.014630660529334514,0.7385857791361156,1.8147113778450736,8.484894664919883,0.27838649170593305,0.3423203372507998,1.0
17,117,shifted_double_lane,near_linear,LTI_5,nominal_08,nominal,6,0.013057152070171616,0.8392616237126097,1.8240756366260042,8.15999997823229,0.2546156458016868,0.394352099022837,1.0
17,117,shifted_double_lane,near_linear,LTI_5,nominal_09,nominal,6,0.01312131480723516,0.8131760126564449,1.8191066346838607,8.311302648957275,0.2647833371952821,0.38083706136592244,1.0
17,117,shifted_double_lane,near_linear,LTI_5,heavy_00,heavy,6,0.01321894240221889,0.8186927783126929,1.7957588825941708,7.06452549323288,0.30288018016544044,0.3833544391530677,1.0
17,117,shifted_double_lane,near_linear,LTI_5,heavy_01,heavy,6,0.0136153408382639,0.7654449018985937,1.7813001778295807,7.6095506315926995,0.33974549500575113,0.356005335465602,1.0
17,117,shifted_double_lane,near_linear,LTI_5,heavy_02,heavy,6,0.013139492176877427,0.7617678880977299,1.7881770006643838,7.407541599088396,0.3273004517224189,0.3542881088933577,1.0
17,117,shifted_double_lane,near_linear,LTI_5,heavy_03,heavy,6,0.012742591791339186,0.8335082297750743,1.7919667431448818,7.256371141047901,0.31573966374168677,0.3915523597303225,1.0
17,117,shifted_double_lane,near_linear,LTI_5,heavy_04,heavy,6,0.01280291337523611,0.8022594240957304,1.7949434254306709,7.130122751216983,0.30799736960616436,0.3750811802087981,1.0
17,117,shifted_double_lane,near_linear,LTI_5,heavy_05,heavy,6,0.013355204825207573,0.7619360095590424,1.7857413433580325,7.47823049349526,0.331657975714491,0.35429129670420667,1.0
17,117,shifted_double_lane,near_linear,LTI_5,heavy_06,heavy,6,0.014072663850330196,0.7457941018812952,1.7835562899989725,7.542471764543164,0.33600336955929894,0.3457427442191451,1.0
17,117,shifted_double_lane,near_linear,LTI_5,heavy_07,heavy,6,0.013028479909244628,0.8228753727656621,1.790045775671672,7.287724051509954,0.3174868434792704,0.3857957793059819,1.0
17,117,shifted_double_lane,near_linear,LTI_5,heavy_08,heavy,6,0.012520352306005301,0.7736736725384052,1.7938476591586645,7.225295098072436,0.31554952703084765,0.3605908072209265,1.0
17,117,shifted_double_lane,near_linear,LTI_5,heavy_09,heavy,6,0.01453181369109435,0.7309021214290345,1.7877658547023927,7.394842189977527,0.3268529466314252,0.3378829602789325,1.0
17,117,shifted_double_lane,near_linear,LTI_5,handling_00,handling,6,0.01639555665100322,0.8660778130116368,1.843644537472222,10.04035840246642,0.23307034668393267,0.4072595842285239,1.0
17,117,shifted_double_lane,near_linear,LTI_5,handling_01,handling,6,0.013742677767332769,0.9372683387822334,1.8522683112628013,9.678109098095021,0.20359610266884737,0.4430148641618874,1.0
17,117,shifted_double_lane,near_linear,LTI_5,handling_02,handling,6,0.014391208864156083,0.961395936691249,1.8404082284104022,10.07880636270506,0.23141251835691318,0.4554811941131473,1.0
17,117,shifted_double_lane,near_linear,LTI_5,handling_03,handling,6,0.014270113078858877,0.9321693773380806,1.8459372452633327,9.901971625084736,0.2198927827102842,0.44057647246053894,1.0
17,117,shifted_double_lane,near_linear,LTI_5,handling_04,handling,6,0.01462518379865313,0.9975708080596826,1.8540981560235459,9.56860898127121,0.1929654557264138,0.47132896700850824,1.0
17,117,shifted_double_lane,near_linear,LTI_5,handling_05,handling,6,0.015253563097974198,0.8860389882900408,1.8453025868193706,9.976974574147082,0.2278051047607703,0.4173936647481436,1.0
17,117,shifted_double_lane,near_linear,LTI_5,handling_06,handling,6,0.014857887531311311,0.9004451991083999,1.844864468227904,9.979170528028051,0.2272485160387782,0.42466705275755146,1.0
17,117,shifted_double_lane,near_linear,LTI_5,handling_07,handling,6,0.01461262681425601,0.9571864564354569,1.8412505814728097,10.033810106078317,0.2279428994793832,0.4532263897437654,1.0
17,117,shifted_double_lane,near_linear,LTI_5,handling_08,handling,6,0.014360517027689569,0.911859244709243,1.8477561492466044,9.859808527327502,0.21792990719396166,0.4303224208696613,1.0
17,117,shifted_double_lane,near_linear,LTI_5,handling_09,handling,6,0.014510495753249341,0.9037663584319633,1.8490624368369757,9.810561602472951,0.214572998995248,0.4261585537743877,1.0
17,117,shifted_double_lane,near_linear,LTI_8,nominal_00,nominal,10,0.01286390331409032,0.7524746076513075,1.8169840800028425,3.901624243278451,0.28058810845250864,0.3501289481074208,1.0
17,117,shifted_double_lane,near_linear,LTI_8,nominal_01,nominal,10,0.013160660294538077,0.7425133977938446,1.8203057222837487,3.8534106321558497,0.272439310476516,0.3448961804749724,1.0
17,117,shifted_double_lane,near_linear,LTI_8,nominal_02,nominal,10,0.014230359493718127,0.7190442951066177,1.821699110921779,3.8366618446384027,0.26912856607849733,0.3326539582179723,1.0
17,117,shifted_double_lane,near_linear,LTI_8,nominal_03,nominal,10,0.012585484987157763,0.7518537772253251,1.8301344991000132,3.6912594017804343,0.24600390289750998,0.34952258381432816,1.0
17,117,shifted_double_lane,near_linear,LTI_8,nominal_04,nominal,10,0.013654741056707859,0.7427796384194261,1.8136660303119023,3.9466903952342602,0.2872435092691941,0.34498470617326965,1.0
17,117,shifted_double_lane,near_linear,LTI_8,nominal_05,nominal,10,0.011895004578765765,0.772225660804456,1.8230167611458297,3.8086881549995693,0.26611537822584885,0.36034324519983824,1.0
17,117,shifted_double_lane,near_linear,LTI_8,nominal_06,nominal,10,0.012332572666499602,0.8326144580372804,1.8256446761947298,3.72263681116846,0.2515915367654918,0.38824376986066883,1.0
17,117,shifted_double_lane,near_linear,LTI_8,nominal_07,nominal,10,0.014131343550844225,0.7382090087527656,1.816019079502307,3.8982264899041943,0.27847073850875004,0.3423463879272306,1.0
17,117,shifted_double_lane,near_linear,LTI_8,nominal_08,nominal,10,0.01206962820586344,0.8462709533642115,1.82553615543486,3.7349331313095235,0.2546907758959973,0.39438652932743984,1.0
17,117,shifted_double_lane,near_linear,LTI_8,nominal_09,nominal,10,0.012261641218021865,0.8163272868676018,1.8205351466405233,3.805689681884306,0.26486234163451833,0.3808695539470797,1.0
17,117,shifted_double_lane,near_linear,LTI_8,heavy_00,heavy,10,0.012672813595271733,0.8183026381356028,1.79668908248672,3.2205457422667467,0.3029443552963556,0.3833738594028315,1.0
17,117,shifted_double_lane,near_linear,LTI_8,heavy_01,heavy,10,0.013122630745342291,0.7650908519287104,1.78260272137088,3.4506254328749217,0.3398215577283098,0.35602341851778874,1.0
17,117,shifted_double_lane,near_linear,LTI_8,heavy_02,heavy,10,0.012639143875485592,0.7614126615148574,1.7893875094849794,3.369997005279779,0.32737229881090524,0.35430531525086395,1.0
17,117,shifted_double_lane,near_linear,LTI_8,heavy_03,heavy,10,0.012003422013424763,0.8330847533922712,1.7932304428531127,3.2873586398351597,0.31580751039670446,0.39157363825116653,1.0
17,117,shifted_double_lane,near_linear,LTI_8,heavy_04,heavy,10,0.012239540861885107,0.8018780401963528,1.796012081524209,3.2494293100656115,0.30806304457035455,0.3750998951159136,1.0
17,117,shifted_double_lane,near_linear,LTI_8,heavy_05,heavy,10,0.012865472112129343,0.7615830895067638,1.7869561507060783,3.3987105225908323,0.33173130467906103,0.3543087408597081,1.0
17,117,shifted_double_lane,near_linear,LTI_8,heavy_06,heavy,10,0.013669585108081667,0.7454638636605159,1.7847743672487328,3.4302298736264003,0.33607826926740975,0.3457593460535625,1.0
17,117,shifted_double_lane,near_linear,LTI_8,heavy_07,heavy,10,0.012381101417989867,0.8224666754822869,1.7912087693356258,3.3057168914217367,0.3175554791615226,0.38581643194338267,1.0
17,117,shifted_double_lane,near_linear,LTI_8,heavy_08,heavy,10,0.011963639518849706,0.773306118313897,1.795096390279683,3.2928897262053263,0.3156174579197233,0.3606081471216952,1.0
17,117,shifted_double_lane,near_linear,LTI_8,heavy_09,heavy,10,0.014215333652451912,0.730594818198544,1.7888632396292903,3.3769659858742505,0.3269249489284492,0.33789816779344567,1.0
17,117,shifted_double_lane,near_linear,LTI_8,handling_00,handling,10,0.015893539109885703,0.8864965192246651,1.8498714430575516,4.630526763122925,0.2331648110125645,0.40731485863482586,1.0
17,117,shifted_double_lane,near_linear,LTI_8,handling_01,handling,10,0.01282838771642513,0.9657897217397449,1.860920817647641,4.464467873667701,0.2036788670366475,0.4430774520605589,1.0
17,117,shifted_double_lane,near_linear,LTI_8,handling_02,handling,10,0.013448262119178525,0.9925022920292017,1.8431614488376986,4.621257729114984,0.23150621182130413,0.45554879110938623,1.0
17,117,shifted_double_lane,near_linear,LTI_8,handling_03,handling,10,0.013432251118317414,0.960051619068487,1.8519521388037883,4.557478728784789,0.21998196106050671,0.44063950010178987,1.0
17,117,shifted_double_lane,near_linear,LTI_8,handling_04,handling,10,0.013578846566881648,1.0284891979390842,1.8624502938717447,4.405667979374711,0.19304411556585546,0.4713978383594794,1.0
17,117,shifted_double_lane,near_linear,LTI_8,handling_05,handling,10,0.01461096581413288,0.9089392904978596,1.8516528818886793,4.598533838661499,0.22789735393300836,0.4174513371691995,1.0
17,117,shifted_double_lane,near_linear,LTI_8,handling_06,handling,10,0.014148126126867833,0.9249533358484173,1.8507371416487488,4.595845203608868,0.22734054227206513,0.4247265511361696,1.0
17,117,shifted_double_lane,near_linear,LTI_8,handling_07,handling,10,0.013740367886775143,0.9876000158262922,1.844881532210303,4.605887650027716,0.22803535776499873,0.45329305648866025,1.0
17,117,shifted_double_lane,near_linear,LTI_8,handling_08,handling,10,0.013588997694980343,0.9375342372758443,1.8548801798882462,4.545011446994903,0.21801828598000142,0.4303827485424298,1.0
17,117,shifted_double_lane,near_linear,LTI_8,handling_09,handling,10,0.013791534491722029,0.9283724136501685,1.8571345204940863,4.5277921166990245,0.21466012597149756,0.4262175545379124,1.0
17,117,shifted_double_lane,near_linear,LTI_10,nominal_00,nominal,12,0.012270099392537773,0.7517891505820379,1.8170967974264418,3.0300871337976782,0.28057810367561764,0.35011526502814766,1.0
17,117,shifted_double_lane,near_linear,LTI_10,nominal_01,nominal,12,0.012587880470801914,0.7416636365964208,1.820448789171617,2.999222362286975,0.27242961958529477,0.3448827270046754,1.0
17,117,shifted_double_lane,near_linear,LTI_10,nominal_02,nominal,12,0.013692821586334569,0.7181382509555672,1.821998946975506,2.9971597235863596,0.2691189680336379,0.3326406765346469,1.0
17,117,shifted_double_lane,near_linear,LTI_10,nominal_03,nominal,12,0.012033352189895959,0.7510827332381235,1.830575717750193,2.876281309915962,0.24599527629881598,0.34950965288260694,1.0
17,117,shifted_double_lane,near_linear,LTI_10,nominal_04,nominal,12,0.013069155611950465,0.7418138213080753,1.8137924874030389,3.066832785488548,0.2872331802071247,0.34497081123774387,1.0
17,117,shifted_double_lane,near_linear,LTI_10,nominal_05,nominal,12,0.011298048105932322,0.7718178109348516,1.8230915184264032,2.953863715556026,0.26610601177440957,0.36032983524467,1.0
17,117,shifted_double_lane,near_linear,LTI_10,nominal_06,nominal,12,0.0117838251587307,0.8271219671026862,1.826005407261158,2.8661699036062345,0.25158272144798827,0.38823005118768766,1.0
17,117,shifted_double_lane,near_linear,LTI_10,nominal_07,nominal,12,0.013563813419363462,0.7371377766331657,1.8163753071265867,3.0330823619480523,0.27846070600888295,0.3423325588642206,1.0
17,117,shifted_double_lane,near_linear,LTI_10,nominal_08,nominal,12,0.011528022554790542,0.8387405997437463,1.825680079474414,2.8707282155137617,0.25468190862101836,0.39437279377902784,1.0
17,117,shifted_double_lane,near_linear,LTI_10,nominal_09,nominal,12,0.01167677451202181,0.8124903083414107,1.820756131784957,2.9331956745217975,0.2648529695526212,0.3808556278373443,1.0
17,117,shifted_double_lane,near_linear,LTI_10,heavy_00,heavy,12,0.012268606019026584,0.8175472452088561,1.7969766383304993,2.4860896297606576,0.3029355432799499,0.38336259020692676,1.0
17,117,shifted_double_lane,near_linear,LTI_10,heavy_01,heavy,12,0.012653894210803698,0.7641572064622063,1.7826063733253925,2.645124152846038,0.33981138346281087,0.3560115921550629,1.0
17,117,shifted_double_lane,near_linear,LTI_10,heavy_02,heavy,12,0.012183498573742742,0.7603020231033872,1.789453556289855,2.578514893551572,0.3273626316183575,0.35429394695235294,1.0
17,117,shifted_double_lane,near_linear,LTI_10,heavy_03,heavy,12,0.011591421505431555,0.8328497770506869,1.7932051777634386,2.54423044649389,0.3157983501609404,0.39156225461715477,1.0
17,117,shifted_double_lane,near_linear,LTI_10,heavy_04,heavy,12,0.011814987477006744,0.8011073281950202,1.7961768182256574,2.5011055849631556,0.3080540815851929,0.3750887075821936,1.0
17,117,shifted_double_lane,near_linear,LTI_10,heavy_05,heavy,12,0.012405922911523882,0.7605778098428746,1.7870332757214715,2.601739612162963,0.33172145614077536,0.3542972086064871,1.0
17,117,shifted_double_lane,near_linear,LTI_10,heavy_06,heavy,12,0.01321554951615072,0.7449416358872211,1.7848630776295513,2.6269001397373066,0.33606821616583443,0.3457476776390964,1.0
17,117,shifted_double_lane,near_linear,LTI_10,heavy_07,heavy,12,0.011956822085922716,0.8219129964663319,1.7912921930614891,2.554934842234915,0.31754618196079143,0.3858049079361326,1.0
17,117,shifted_double_lane,near_linear,LTI_10,heavy_08,heavy,12,0.011517540162065848,0.7723828564209967,1.7950835714105022,2.522038435016675,0.31560826545618365,0.3605970965937034,1.0
17,117,shifted_double_lane,near_linear,LTI_10,heavy_09,heavy,12,0.01378263641234763,0.7303522067739333,1.789041627973937,2.594928810478914,0.3269152070981897,0.3378867332781277,1.0
17,117,shifted_double_lane,near_linear,LTI_10,handling_00,handling,12,0.015233540443718142,0.8653116340909571,1.8457784645904558,3.6191988226545306,0.2331548715220316,0.40729670992676914,1.0
17,117,shifted_double_lane,near_linear,LTI_10,handling_01,handling,12,0.01207728043458086,0.9364770968341593,1.8543358889860826,3.4645764339848975,0.20367028791655592,0.44305899223712764,1.0
17,117,shifted_double_lane,near_linear,LTI_10,handling_02,handling,12,0.012664353746291043,0.9606903808975967,1.8425472465461519,3.5699539819087662,0.23149635151709505,0.4555293637319743,1.0
17,117,shifted_double_lane,near_linear,LTI_10,handling_03,handling,12,0.012672851586892256,0.9314595247314994,1.8480831069526185,3.5357196627988743,0.21997262146327007,0.4406207123330025,1.0
17,117,shifted_double_lane,near_linear,LTI_10,handling_04,handling,12,0.01289149459511656,0.9983826321082375,1.856185934166764,3.395826360027679,0.193036014450214,0.47137879913116204,1.0
17,117,shifted_double_lane,near_linear,LTI_10,handling_05,handling,12,0.013911477861696156,0.885251664456465,1.8474349323712198,3.5868179284173642,0.2278876863708533,0.41743310352916924,1.0
17,117,shifted_double_lane,near_linear,LTI_10,handling_06,handling,12,0.013424008353024531,0.8996581475048238,1.8469871821227029,3.5783855613108844,0.227330896150735,0.42470811954727655,1.0
17,117,shifted_double_lane,near_linear,LTI_10,handling_07,handling,12,0.012965977257168824,0.9565610022585704,1.8433781822276174,3.5602294778413195,0.22802561090788293,0.45327365542747083,1.0
17,117,shifted_double_lane,near_linear,LTI_10,handling_08,handling,12,0.01284947640656449,0.9110901388160805,1.8498886440625197,3.535600754676254,0.21800905109223934,0.4303643240908527,1.0
17,117,shifted_double_lane,near_linear,LTI_10,handling_09,handling,12,0.013064601468593692,0.903018448396886,1.8511802329227955,3.5263344758551343,0.21465102482297618,0.42619927097138705,1.0
17,117,shifted_double_lane,moderate,M4,nominal_00,nominal,0,0.02514656481717275,1.516561020694597,3.593245850762933,1.4060307064859852,0.5861298534927962,0.7054226424457154,1.0
17,117,shifted_double_lane,moderate,M4,nominal_01,nominal,0,0.02587796171164596,1.4964293691233679,3.600529082832312,1.3864840854322045,0.5694813738933978,0.6947571350127973,1.0
17,117,shifted_double_lane,moderate,M4,nominal_02,nominal,0,0.02831050585645137,1.4486298280423267,3.603696917314556,1.338745459058813,0.5627555258245631,0.6696650301513466,1.0
17,117,shifted_double_lane,moderate,M4,nominal_03,nominal,0,0.02472403518902673,1.5161483499966881,3.6223245708498575,1.408858800980779,0.5153527754031219,0.7044810277845497,1.0
17,117,shifted_double_lane,moderate,M4,nominal_04,nominal,0,0.02691456330202132,1.4967067713901974,3.5861893821281576,1.3867990724731825,0.5997745956178555,0.6947840885761308,1.0
17,117,shifted_double_lane,moderate,M4,nominal_05,nominal,0,0.022983789719439596,1.5571486252590585,3.606276020290075,1.4472177531988295,0.5564739016362241,0.7265360646070816,1.0
17,117,shifted_double_lane,moderate,M4,nominal_06,nominal,0,0.023888185919082594,1.6702313044390127,3.612600067267074,1.5654496196124563,0.5266848507305403,0.7838827136997797,1.0
17,117,shifted_double_lane,moderate,M4,nominal_07,nominal,0,0.028052688046854363,1.487726470215624,3.5916450809140072,1.3800784732203613,0.5818641799223215,0.6894145344508716,1.0
17,117,shifted_double_lane,moderate,M4,nominal_08,nominal,0,0.023209987493466974,1.693629333995325,3.612006152719568,1.5867155959317143,0.5329863303327725,0.7965142984323452,1.0
17,117,shifted_double_lane,moderate,M4,nominal_09,nominal,0,0.023715756960233238,1.6401603341814572,3.601393891948816,1.5342016451172993,0.5538778079329023,0.7685934110556771,1.0
17,117,shifted_double_lane,moderate,M4,heavy_00,heavy,0,0.025276445103748404,1.6515673439928718,3.550804679892194,1.5500682762490336,0.631745870973761,0.7730716876787488,1.0
17,117,shifted_double_lane,moderate,M4,heavy_01,heavy,0,0.0262570085680299,1.542201245177005,3.5205319229717267,1.437290028886325,0.7071146212025349,0.7166983499004274,1.0
17,117,shifted_double_lane,moderate,M4,heavy_02,heavy,0,0.025229360354642506,1.5348326237247467,3.5347840775289594,1.4282560470998704,0.6816943434960931,0.7133458907547693,1.0
17,117,shifted_double_lane,moderate,M4,heavy_03,heavy,0,0.02362770318810694,1.681153550152092,3.5430011160261436,1.5744837715759206,0.657937076793221,0.7898276462747934,1.0
17,117,shifted_double_lane,moderate,M4,heavy_04,heavy,0,0.024339281782089515,1.617841765545601,3.549144479677331,1.5139646320201974,0.6422090955571828,0.756104892430946,1.0
17,117,shifted_double_lane,moderate,M4,heavy_05,heavy,0,0.025718717031546105,1.5351279845562669,3.529728915646331,1.4292574907495634,0.6906002463401756,0.7132929912094477,1.0
17,117,shifted_double_lane,moderate,M4,heavy_06,heavy,0,0.027506076295029276,1.5023258993671458,3.525125951748415,1.3973080785443925,0.6995166846717049,0.6957316921759474,1.0
17,117,shifted_double_lane,moderate,M4,heavy_07,heavy,0,0.024528699986944038,1.6596084188321136,3.5388815124960993,1.5554658442371432,0.6615573170414877,0.7779465869640374,1.0
17,117,shifted_double_lane,moderate,M4,heavy_08,heavy,0,0.02374813952965306,1.5592183034558915,3.5468635964756268,1.4519707629909777,0.6576574869780605,0.7263993698657009,1.0
17,117,shifted_double_lane,moderate,M4,heavy_09,heavy,0,0.028757791383369542,1.4722737698866184,3.5337775525644894,1.367773483381733,0.6808726291954297,0.6797211152401935,1.0
17,117,shifted_double_lane,moderate,M4,handling_00,handling,0,0.03125572944862817,1.748731263810862,3.65453553887441,1.6458292180349443,0.48915010565882167,0.8235481908762684,1.0
17,117,shifted_double_lane,moderate,M4,handling_01,handling,0,0.02434458245722921,1.9064043986365105,3.673666325276528,1.7995666306953175,0.4285549675165573,0.8974146302330172,1.0
17,117,shifted_double_lane,moderate,M4,handling_02,handling,0,0.025592970257038643,1.9565721609297504,3.647771198808044,1.8459300399135252,0.48563419882079056,0.922623570668962,1.0
17,117,shifted_double_lane,moderate,M4,handling_03,handling,0,0.02567792559369724,1.8921857057996625,3.659849799770444,1.7867040609713079,0.4620302639241891,0.8921615037835954,1.0
17,117,shifted_double_lane,moderate,M4,handling_04,handling,0,0.02595581002730706,2.036990404770865,3.677965382624218,1.9202305757922808,0.406654939742043,0.955774131696494,1.0
17,117,shifted_double_lane,moderate,M4,handling_05,handling,0,0.028378311723733392,1.7897921659193852,3.658293775994178,1.6876179464761618,0.47831169318685696,0.8444568416900508,1.0
17,117,shifted_double_lane,moderate,M4,handling_06,handling,0,0.027320513935843064,1.8193300007521567,3.657374507151181,1.7180332836448278,0.4771539000124593,0.8594031456535227,1.0
17,117,shifted_double_lane,moderate,M4,handling_07,handling,0,0.02630211473053384,1.9477347577254345,3.6495904704559186,1.838945693215189,0.4785361535376557,0.9180007231501468,1.0
17,117,shifted_double_lane,moderate,M4,handling_08,handling,0,0.026078164520149393,1.8462134630271476,3.6637037859294432,1.7438638965867632,0.4580190170679333,0.8711315155485423,1.0
17,117,shifted_double_lane,moderate,M4,handling_09,handling,0,0.026574151640433287,1.8282912708096837,3.666477126807519,1.7278807964144756,0.45114289398279017,0.8626023704774746,1.0
17,117,shifted_double_lane,moderate,LTI_1,nominal_00,nominal,0,0.028613735537926222,1.5199784767887445,3.593957873353102,1.4065902091440527,0.5865749115524546,0.7058156800377916,1.0
17,117,shifted_double_lane,moderate,LTI_1,nominal_01,nominal,0,0.029357937684962296,1.499780769395662,3.601242478080761,1.3870176193754344,0.5699087964498555,0.6951380464639628,1.0
17,117,shifted_double_lane,moderate,LTI_1,nominal_02,nominal,0,0.031903186938400746,1.4518590362699315,3.604376031962427,1.3392876534974685,0.5631757244873814,0.6700282756462519,1.0
17,117,shifted_double_lane,moderate,LTI_1,nominal_03,nominal,0,0.02788724089171326,1.5194366363618428,3.622961859640929,1.4093813839697824,0.5157257258706004,0.7048505404553382,1.0
17,117,shifted_double_lane,moderate,LTI_1,nominal_04,nominal,0,0.030496247263103377,1.5001256547416955,3.5869135419094547,1.387343501706321,0.6002345978200324,0.6951750576214195,1.0
17,117,shifted_double_lane,moderate,LTI_1,nominal_05,nominal,0,0.02610800326768657,1.5606335581699329,3.6069619691358317,1.447743982196416,0.5568879328754497,0.7269324538350481,1.0
17,117,shifted_double_lane,moderate,LTI_1,nominal_06,nominal,0,0.025862826195382767,1.673907297177154,3.613298128228018,1.5660447095885344,0.5270708215883515,0.7843051425324118,1.0
17,117,shifted_double_lane,moderate,LTI_1,nominal_07,nominal,0,0.03157193392941952,1.4910821199091775,3.592405032489531,1.3806577760030374,0.5823056833354979,0.6897967618064333,1.0
17,117,shifted_double_lane,moderate,LTI_1,nominal_08,nominal,0,0.02491877646561286,1.6973714945023113,3.612661685853806,1.5872804982788495,0.5333780300535739,0.7969466439632829,1.0
17,117,shifted_double_lane,moderate,LTI_1,nominal_09,nominal,0,0.02613004757740573,1.6438258212096297,3.602107948232809,1.53478528366599,0.554291188442536,0.7690160559204039,1.0
17,117,shifted_double_lane,moderate,LTI_1,heavy_00,heavy,0,0.027332259688948597,1.6546539857088582,3.55177760152559,1.5508447995852033,0.6321563138493138,0.773444473703674,1.0
17,117,shifted_double_lane,moderate,LTI_1,heavy_01,heavy,0,0.02922351194489352,1.5451795136400772,3.5216098897156534,1.438064848483557,0.7076021900237847,0.7170663748989502,1.0
17,117,shifted_double_lane,moderate,LTI_1,heavy_02,heavy,0,0.028153620273729477,1.5377660727260516,3.5358001696792702,1.4289764971081558,0.6821538673522006,0.7137027490290816,1.0
17,117,shifted_double_lane,moderate,LTI_1,heavy_03,heavy,0,0.025458424956540545,1.6843219314321014,3.5440378076956267,1.5752518727092288,0.6583730944403403,0.7902188780555146,1.0
17,117,shifted_double_lane,moderate,LTI_1,heavy_04,heavy,0,0.026655088797679326,1.620848242968644,3.5501309661560985,1.5147206754456044,0.6426291032732117,0.7564718490880525,1.0
17,117,shifted_double_lane,moderate,LTI_1,heavy_05,heavy,0,0.028666810369462066,1.5380875289343419,3.5307578326783955,1.4300156334418042,0.6910695204488676,0.7136530797725147,1.0
17,117,shifted_double_lane,moderate,LTI_1,heavy_06,heavy,0,0.030596781314696942,1.5052140860451746,3.526173335112794,1.3980523032550587,0.6999955288508853,0.6960851875780861,1.0
17,117,shifted_double_lane,moderate,LTI_1,heavy_07,heavy,0,0.02659663297732613,1.662744061080057,3.5399297194930766,1.5562283538276223,0.661997686814716,0.7783328868511973,1.0
17,117,shifted_double_lane,moderate,LTI_1,heavy_08,heavy,0,0.026478886378717807,1.5621605059815353,3.547868751421638,1.4526912542628254,0.6580917404716788,0.7267548843239717,1.0
17,117,shifted_double_lane,moderate,LTI_1,heavy_09,heavy,0,0.03186759976693195,1.475083890213943,3.5348330672742896,1.3685189371296547,0.6813313831650575,0.6800595905128979,1.0
17,117,shifted_double_lane,moderate,LTI_1,handling_00,handling,0,0.0355759071733534,1.753458394029,3.6548849221134736,1.646192787122266,0.48957162487428957,0.8240745079730675,1.0
17,117,shifted_double_lane,moderate,LTI_1,handling_01,handling,0,0.027465236228012974,1.9064509613149137,3.673972911901648,1.7999316212700103,0.4289161805925297,0.897974471515367,1.0
17,117,shifted_double_lane,moderate,LTI_1,handling_02,handling,0,0.02880072778343803,1.9566238738516752,3.64811158759017,1.846351594929049,0.48605478771423793,0.9232225718420098,1.0
17,117,shifted_double_lane,moderate,LTI_1,handling_03,handling,0,0.029181452261968548,1.8922401973296776,3.6601580130963214,1.7870662757577724,0.4624255141245232,0.8927293882171506,1.0
17,117,shifted_double_lane,moderate,LTI_1,handling_04,handling,0,0.02756047999708765,2.0370269586963823,3.678242004324551,1.9206789510429259,0.4069959513566545,0.9563681436638617,1.0
17,117,shifted_double_lane,moderate,LTI_1,handling_05,handling,0,0.0325489499240371,1.7946259050682063,3.6586170487594707,1.6880225069490717,0.478722062533144,0.8449949722151582,1.0
17,117,shifted_double_lane,moderate,LTI_1,handling_06,handling,0,0.031357115497275,1.8242291467918104,3.6577068894688267,1.7184611429250918,0.4775635327956906,0.85995196570323,1.0
17,117,shifted_double_lane,moderate,LTI_1,handling_07,handling,0,0.029504462146350507,1.9478252357796915,3.6499864619302183,1.8393428920797603,0.47894973546282826,0.9185937876770774,1.0
17,117,shifted_double_lane,moderate,LTI_1,handling_08,handling,0,0.029853420581289793,1.8480248609569172,3.663977059594639,1.744232770140923,0.4584093896056154,0.8716824843769464,1.0
17,117,shifted_double_lane,moderate,LTI_1,handling_09,handling,0,0.030388672273536116,1.8314900646244916,3.6667200145977503,1.7282939392013574,0.4515262674995059,0.8631448039902437,1.0
17,117,shifted_double_lane,moderate,LTI_2,nominal_00,nominal,2,0.03073344226977138,1.5201838968392385,3.5947193227536705,12.595196140763592,0.5865664404743787,0.7057513711646691,1.0
17,117,shifted_double_lane,moderate,LTI_2,nominal_01,nominal,2,0.03142319265848516,1.499985398307205,3.6019852414783937,12.50579306102497,0.5699008224534197,0.6950742335945129,1.0
17,117,shifted_double_lane,moderate,LTI_2,nominal_02,nominal,2,0.03388282040833392,1.4520610024857779,3.6051086832968346,12.484167602327057,0.5631680202243666,0.6699666739948463,1.0
17,117,shifted_double_lane,moderate,LTI_2,nominal_03,nominal,2,0.029871695573645517,1.5196381968493373,3.6236672903776594,12.167559136351523,0.5157195523648247,0.7047846612116639,1.0
17,117,shifted_double_lane,moderate,LTI_2,nominal_04,nominal,2,0.03257365534807219,1.5003323970024869,3.5876700295695687,12.66190613125712,0.600226133735198,0.695112833987166,1.0
17,117,shifted_double_lane,moderate,LTI_2,nominal_05,nominal,2,0.02824067340221222,1.560838286254294,3.6076946507828263,12.416594071178586,0.5568800960845284,0.7268650109424343,1.0
17,117,shifted_double_lane,moderate,LTI_2,nominal_06,nominal,2,0.02772390313291942,1.6741177945581078,3.614026212774438,12.12622672817239,0.5270648641950788,0.7842342226153932,1.0
17,117,shifted_double_lane,moderate,LTI_2,nominal_07,nominal,2,0.03356409068943362,1.4912885475472877,3.5931611226031257,12.53189329647419,0.5822982122235902,0.689735475920232,1.0
17,117,shifted_double_lane,moderate,LTI_2,nominal_08,nominal,2,0.026801381192030273,1.697583113468664,3.61337902300061,12.186232774220908,0.5333713721414717,0.7968738107773006,1.0
17,117,shifted_double_lane,moderate,LTI_2,nominal_09,nominal,2,0.028103464138189194,1.6440350922023645,3.6028446683777386,12.297741578882375,0.554284481389163,0.7689471919599679,1.0
17,117,shifted_double_lane,moderate,LTI_2,heavy_00,heavy,2,0.0287465430627024,1.6548466913610074,3.5524668866142948,10.506610321817291,0.6321580209402836,0.7733973513245184,1.0
17,117,shifted_double_lane,moderate,LTI_2,heavy_01,heavy,2,0.03086596874136384,1.5453729530906128,3.5223506537558675,11.010575213353617,0.7076041998505557,0.7170247425393872,1.0
17,117,shifted_double_lane,moderate,LTI_2,heavy_02,heavy,2,0.029798672633814433,1.5379574429479168,3.536529316813436,10.90979407001868,0.6821547972847425,0.7136590909568615,1.0
17,117,shifted_double_lane,moderate,LTI_2,heavy_03,heavy,2,0.026940490676213628,1.6845170834367142,3.5447518132456812,10.705072837033065,0.6583739050684237,0.7901699848842942,1.0
17,117,shifted_double_lane,moderate,LTI_2,heavy_04,heavy,2,0.028168005088661324,1.6210403209570587,3.5508276191979427,10.61718527048744,0.6426302537926846,0.7564250196174866,1.0
17,117,shifted_double_lane,moderate,LTI_2,heavy_05,heavy,2,0.030308018008260044,1.538279563646517,3.5314822598569706,10.944622796078743,0.6910708451836287,0.7136102504115494,1.0
17,117,shifted_double_lane,moderate,LTI_2,heavy_06,heavy,2,0.03221898644621034,1.505406434351449,3.5269047473195037,10.994736460594508,0.699997253103006,0.6960442929379665,1.0
17,117,shifted_double_lane,moderate,LTI_2,heavy_07,heavy,2,0.028080180978279787,1.6629389114279076,3.5406469739553312,10.695137780588489,0.6619992616819181,0.7782859904676099,1.0
17,117,shifted_double_lane,moderate,LTI_2,heavy_08,heavy,2,0.028115791954184954,1.5623503870533304,3.548575930948754,10.784845169952337,0.6580920369577368,0.726708807014351,1.0
17,117,shifted_double_lane,moderate,LTI_2,heavy_09,heavy,2,0.03344022826836483,1.4752748142083165,3.5355587981382306,10.902918807217091,0.681332880328019,0.6800189898966337,1.0
17,117,shifted_double_lane,moderate,LTI_2,handling_00,handling,2,0.037979052640482305,1.7536902214958432,3.65566510851691,14.98562184591687,0.48955528618432403,0.8239697915898756,1.0
17,117,shifted_double_lane,moderate,LTI_2,handling_01,handling,2,0.029961848125682068,1.9068629819721923,3.6747246290845768,14.547038677251361,0.4289048776332301,0.8978620680472432,1.0
17,117,shifted_double_lane,moderate,LTI_2,handling_02,handling,2,0.03130645101743427,1.9570766565254525,3.648904261081027,14.797522474673753,0.4860397121236648,0.9231094417384095,1.0
17,117,shifted_double_lane,moderate,LTI_2,handling_03,handling,2,0.03168933859094952,1.892659563833261,3.660920836305572,14.723715007945628,0.4624118582701388,0.8926183658559996,1.0
17,117,shifted_double_lane,moderate,LTI_2,handling_04,handling,2,0.02973575003965525,2.037458614258765,3.6789802234655644,14.33180033899831,0.406986717406184,0.9562507440515596,1.0
17,117,shifted_double_lane,moderate,LTI_2,handling_05,handling,2,0.03504111198839335,1.7948583042225865,3.6593887617184575,14.907177752256164,0.4787065263534343,0.8448876772862133,1.0
17,117,shifted_double_lane,moderate,LTI_2,handling_06,handling,2,0.03387725592514593,1.824465202382394,3.658479910653613,14.873408584835023,0.4775482598724895,0.8598434441305484,1.0
17,117,shifted_double_lane,moderate,LTI_2,handling_07,handling,2,0.031951536821318544,1.9482685955761017,3.650771539596466,14.74746667125773,0.47893541765944103,0.9184816779875821,1.0
17,117,shifted_double_lane,moderate,LTI_2,handling_08,handling,2,0.032373516163033814,1.848257257948083,3.664731848891328,14.745697100875796,0.4583957264988446,0.87157286385277,1.0
17,117,shifted_double_lane,moderate,LTI_2,handling_09,handling,2,0.03287604948646068,1.83172467935503,3.667485264743174,14.714628592660173,0.4515131540711377,0.8630361202876676,1.0
17,117,shifted_double_lane,moderate,LTI_3,nominal_00,nominal,3,0.02742686661501384,1.520342599054085,3.5914292166721893,23.590786495392162,0.5858297622431264,0.7051640418901343,1.0
17,117,shifted_double_lane,moderate,LTI_3,nominal_01,nominal,3,0.027918888047443382,1.5004116056370658,3.598751291428509,23.34822161072756,0.5691915724093398,0.6945058650660197,1.0
17,117,shifted_double_lane,moderate,LTI_3,nominal_02,nominal,3,0.02987513591293321,1.453345447760395,3.601919203757766,23.272887982875464,0.5624694464877736,0.6694269088086902,1.0
17,117,shifted_double_lane,moderate,LTI_3,nominal_03,nominal,3,0.026783981176505562,1.519836314496397,3.6206062781715493,22.496108444794775,0.5150965543523941,0.7042323256886907,1.0
17,117,shifted_double_lane,moderate,LTI_3,nominal_04,nominal,3,0.028870083260357414,1.501411107538481,3.584367986317449,23.801641374584886,0.5994654092563303,0.6945298877134701,1.0
17,117,shifted_double_lane,moderate,LTI_3,nominal_05,nominal,3,0.02570746794193322,1.5599606334430083,3.6045065249639836,23.117044690801656,0.5561929576377335,0.7262704394438274,1.0
17,117,shifted_double_lane,moderate,LTI_3,nominal_06,nominal,3,0.026820699694413766,1.6730011757862377,3.6108651982792646,22.5610985204678,0.5264226253908013,0.7835962442540555,1.0
17,117,shifted_double_lane,moderate,LTI_3,nominal_07,nominal,3,0.02970178693382906,1.493303910387555,3.5898667460763405,23.520974357990934,0.5815659449486498,0.6891661788503255,1.0
17,117,shifted_double_lane,moderate,LTI_3,nominal_08,nominal,3,0.026548805800462604,1.6954310494712164,3.6102600688430777,22.657745520591696,0.5327208002905505,0.7962195150892554,1.0
17,117,shifted_double_lane,moderate,LTI_3,nominal_09,nominal,3,0.026566227117076662,1.6435115922082395,3.5996381736311736,22.99712009495939,0.5535985477693075,0.7683104662614942,1.0
17,117,shifted_double_lane,moderate,LTI_3,heavy_00,heavy,3,0.026475583319029824,1.6575001309932822,3.549500235135816,19.325320635769344,0.6314815311839169,0.7728350027580705,1.0
17,117,shifted_double_lane,moderate,LTI_3,heavy_01,heavy,3,0.027108212724208255,1.5493672658512614,3.519147819923181,20.546482215587645,0.7068066027286508,0.7164722396940874,1.0
17,117,shifted_double_lane,moderate,LTI_3,heavy_02,heavy,3,0.02616603897572301,1.540960833575603,3.53341166333666,20.188407088981922,0.6814012139159539,0.7131234753217232,1.0
17,117,shifted_double_lane,moderate,LTI_3,heavy_03,heavy,3,0.025417123742265995,1.6853054383433648,3.541677292768522,19.73097373188983,0.6576587674578372,0.789579255284598,1.0
17,117,shifted_double_lane,moderate,LTI_3,heavy_04,heavy,3,0.025564264378233243,1.6233753092819783,3.5478287012213046,19.522529578304926,0.641938887480676,0.7558722632742004,1.0
17,117,shifted_double_lane,moderate,LTI_3,heavy_05,heavy,3,0.026600633510661706,1.5417064943418533,3.5283522368884412,20.31492263973746,0.6903018879576311,0.7130697794666844,1.0
17,117,shifted_double_lane,moderate,LTI_3,heavy_06,heavy,3,0.02811150039133321,1.509730273957729,3.523743085799752,20.463599723721664,0.6992127425183572,0.6955144134177627,1.0
17,117,shifted_double_lane,moderate,LTI_3,heavy_07,heavy,3,0.025985586254722273,1.6650287397855363,3.5375569827869504,19.78160484012509,0.6612764905642943,0.7777032370420317,1.0
17,117,shifted_double_lane,moderate,LTI_3,heavy_08,heavy,3,0.024919487870690635,1.5643363232908614,3.5455308179745875,19.819788160107656,0.6573784402592414,0.7261746486318144,1.0
17,117,shifted_double_lane,moderate,LTI_3,heavy_09,heavy,3,0.029138654259358927,1.4798803454922476,3.5324293268475886,20.20312677840677,0.6805791536283606,0.679512232851559,1.0
17,117,shifted_double_lane,moderate,LTI_3,handling_00,handling,3,0.03392305524787364,1.7493253710233974,3.652229125552643,28.2340986766194,0.48885120736472465,0.8231779293250563,1.0
17,117,shifted_double_lane,moderate,LTI_3,handling_01,handling,3,0.02851366319953089,1.905048350895638,3.6714230176281304,27.261156788356864,0.4282985946665371,0.8970096952767834,1.0
17,117,shifted_double_lane,moderate,LTI_3,handling_02,handling,3,0.029680321203284482,1.955120004588454,3.645450301507307,28.026268864593426,0.4853387766105373,0.9221987203804385,1.0
17,117,shifted_double_lane,moderate,LTI_3,handling_03,handling,3,0.02951240470936139,1.8908088215571368,3.6575632843942856,27.74177700561447,0.4617508076732025,0.8917562231671723,1.0
17,117,shifted_double_lane,moderate,LTI_3,handling_04,handling,3,0.030391311378765808,2.03555863017768,3.6757396391311707,26.857650625477962,0.40641382845769813,0.9553403372153277,1.0
17,117,shifted_double_lane,moderate,LTI_3,handling_05,handling,3,0.0315679226563515,1.7899131811712992,3.655991212284572,28.05261963457266,0.47802077707582996,0.844075001811032,1.0
17,117,shifted_double_lane,moderate,LTI_3,handling_06,handling,3,0.030737277256018925,1.819413085570582,3.6550765586027922,28.01177866281254,0.476863905149452,0.8590132680066526,1.0
17,117,shifted_double_lane,moderate,LTI_3,handling_07,handling,3,0.030140607009763724,1.9463102977975437,3.647313935935592,27.927539930549173,0.4782452557738373,0.9175807342232238,1.0
17,117,shifted_double_lane,moderate,LTI_3,handling_08,handling,3,0.029731415958586433,1.8448656666448087,3.6614103292235107,27.720543153360026,0.45774223785378987,0.870737747314958,1.0
17,117,shifted_double_lane,moderate,LTI_3,handling_09,handling,3,0.03005318983546782,1.8269536058724591,3.6641827922480266,27.633551765875808,0.45087061036335835,0.8622147238400303,1.0
17,117,shifted_double_lane,moderate,LTI_5,nominal_00,nominal,6,0.028256905042671424,1.521062367381258,3.5898583826928765,17.548002623700402,0.5859434870741715,0.7053972560154003,1.0
17,117,shifted_double_lane,moderate,LTI_5,nominal_01,nominal,6,0.02871395379911438,1.500842433984843,3.597191998119207,17.284094625311063,0.5693014603043556,0.69473430742767,1.0
17,117,shifted_double_lane,moderate,LTI_5,nominal_02,nominal,6,0.030642495892589886,1.452890660510668,3.6003819519686924,17.161153466115,0.5625780476259398,0.6696477998982266,1.0
17,117,shifted_double_lane,moderate,LTI_5,nominal_03,nominal,6,0.02750649267043706,1.5204644771373037,3.619143304874714,16.463904644096772,0.5151934724197317,0.7044571120555687,1.0
17,117,shifted_double_lane,moderate,LTI_5,nominal_04,nominal,6,0.029746638099077582,1.5012122815060538,3.5827655740843616,17.75902741336107,0.5995824417883932,0.6947614226105663,1.0
17,117,shifted_double_lane,moderate,LTI_5,nominal_05,nominal,6,0.02646333828329385,1.5616998985932997,3.6029717579056264,17.103814544256757,0.5562993966407719,0.7265061837785692,1.0
17,117,shifted_double_lane,moderate,LTI_5,nominal_06,nominal,6,0.027558843867674817,1.6750141732058474,3.6093754073750923,16.72631257038424,0.5265211177115314,0.7838424571440087,1.0
17,117,shifted_double_lane,moderate,LTI_5,nominal_07,nominal,6,0.030584362197039944,1.4921593714471497,3.588275262730375,17.493919038489185,0.5816786735657422,0.6893937041094306,1.0
17,117,shifted_double_lane,moderate,LTI_5,nominal_08,nominal,6,0.027215449306776506,1.6984899828578854,3.608761613070135,16.817030256380498,0.5328207101405176,0.7964704921005309,1.0
17,117,shifted_double_lane,moderate,LTI_5,nominal_09,nominal,6,0.027397558939757878,1.6449321880068262,3.5980935183297156,17.13129493087074,0.553703626028162,0.7685556895689981,1.0
17,117,shifted_double_lane,moderate,LTI_5,heavy_00,heavy,6,0.027688623237461858,1.6557504109161212,3.548112630236041,14.67614552495178,0.6315973420465016,0.773045492749727,1.0
17,117,shifted_double_lane,moderate,LTI_5,heavy_01,heavy,6,0.028481781869661552,1.5462978015054847,3.5176313789283085,15.793787032292524,0.7069385577402671,0.7166792386665614,1.0
17,117,shifted_double_lane,moderate,LTI_5,heavy_02,heavy,6,0.027461574821062772,1.5388532170258165,3.5319524962803115,15.38021139866179,0.6815282933028255,0.7133273410421983,1.0
17,117,shifted_double_lane,moderate,LTI_5,heavy_03,heavy,6,0.02660682570214483,1.6854583078431489,3.5402373402950347,15.06460212546106,0.6577800652572304,0.7897973899889692,1.0
17,117,shifted_double_lane,moderate,LTI_5,heavy_04,heavy,6,0.026799332387909876,1.6219460839631912,3.546425298800084,14.810473706205197,0.6420572225676229,0.7560807249199338,1.0
17,117,shifted_double_lane,moderate,LTI_5,heavy_05,heavy,6,0.027923125027350778,1.539182358902931,3.5268730323393918,15.525155603250969,0.6904306798527386,0.7132744437165689,1.0
17,117,shifted_double_lane,moderate,LTI_5,heavy_06,heavy,6,0.029429378169603268,1.5063046852248094,3.5222470790387703,15.658486703190825,0.6993434670386357,0.6957160101787262,1.0
17,117,shifted_double_lane,moderate,LTI_5,heavy_07,heavy,6,0.027245608828653064,1.6638786557484142,3.5361078989920784,15.131232232685486,0.661398390895661,0.777918498813132,1.0
17,117,shifted_double_lane,moderate,LTI_5,heavy_08,heavy,6,0.026160680801679864,1.5632308598815547,3.5441046810225427,15.00575948999722,0.6575006095228353,0.7263790207086771,1.0
17,117,shifted_double_lane,moderate,LTI_5,heavy_09,heavy,6,0.030390779114933958,1.4761475765033454,3.530957983658462,15.358414840449896,0.6807062663649576,0.6797081524387523,1.0
17,117,shifted_double_lane,moderate,LTI_5,handling_00,handling,6,0.03413114013818488,1.7546256757521246,3.6505249009322003,20.523514700446018,0.4889491349929243,0.8234828810040018,1.0
17,117,shifted_double_lane,moderate,LTI_5,handling_01,handling,6,0.028631509070711082,1.9041484646645184,3.6697964237954745,19.77254010367301,0.42837810903333373,0.8973310603918627,1.0
17,117,shifted_double_lane,moderate,LTI_5,handling_02,handling,6,0.029989678895889042,1.954152320235888,3.6437642236823624,20.598532541201568,0.4854343316867052,0.9225319151088178,1.0
17,117,shifted_double_lane,moderate,LTI_5,handling_03,handling,6,0.02974019257354235,1.890961699416373,3.6559003873922746,20.23528205478754,0.46184002009336,0.8920786174480898,1.0
17,117,shifted_double_lane,moderate,LTI_5,handling_04,handling,6,0.030487341257939712,2.0346177916070145,3.6741452611031553,19.54426827330372,0.4064863704701253,0.955676415926713,1.0
17,117,shifted_double_lane,moderate,LTI_5,handling_05,handling,6,0.03173906074586309,1.7957943447999127,3.6543074468836636,20.391256531899277,0.4781152722390115,0.8443856071631973,1.0
17,117,shifted_double_lane,moderate,LTI_5,handling_06,handling,6,0.030927154364417824,1.8254217796963512,3.6533898435299794,20.39525519693348,0.4769578674738225,0.8593280403796419,1.0
17,117,shifted_double_lane,moderate,LTI_5,handling_07,handling,6,0.030485106021849853,1.9453322078246793,3.6455987725990724,20.506941610680858,0.4783388856575657,0.9179112463495013,1.0
17,117,shifted_double_lane,moderate,LTI_5,handling_08,handling,6,0.029908541145619954,1.849187711682697,3.659766163686005,20.14879528591303,0.4578305562383404,0.8710540078150215,1.0
17,117,shifted_double_lane,moderate,LTI_5,handling_09,handling,6,0.030232839422565275,1.832661896719009,3.662558155196143,20.04787696426557,0.45095708566245496,0.862527600126502,1.0
17,117,shifted_double_lane,moderate,LTI_8,nominal_00,nominal,10,0.027309011476827304,1.5202117514604059,3.5929989822932265,7.994830712252704,0.586163003473258,0.705459202924628,1.0
17,117,shifted_double_lane,moderate,LTI_8,nominal_01,nominal,10,0.027929109478197586,1.5000284280338503,3.6000036438570597,7.89802985468582,0.5695140060366044,0.6947934498158999,1.0
17,117,shifted_double_lane,moderate,LTI_8,nominal_02,nominal,10,0.030151433698985926,1.4521478037960807,3.6029002769493843,7.866470964302615,0.5627881394690132,0.6697016004297361,1.0
17,117,shifted_double_lane,moderate,LTI_8,nominal_03,nominal,10,0.026750238748261577,1.5196544514405292,3.62128004879201,7.567947142656553,0.5153831398888119,0.704515995235245,1.0
17,117,shifted_double_lane,moderate,LTI_8,nominal_04,nominal,10,0.02898559894377673,1.5003971132653557,3.58574770012753,8.08798789878853,0.599808370743849,0.6948216084441059,1.0
17,117,shifted_double_lane,moderate,LTI_8,nominal_05,nominal,10,0.02526942429440057,1.5630647197602403,3.6058643861358415,7.8037516250985925,0.5565057135038425,0.726571442501631,1.0
17,117,shifted_double_lane,moderate,LTI_8,nominal_06,nominal,10,0.026177493321876296,1.6897370532883618,3.6119542221888423,7.625932495024977,0.5267150667278108,0.7839182054418282,1.0
17,117,shifted_double_lane,moderate,LTI_8,nominal_07,nominal,10,0.030024821844054903,1.4913799166302366,3.590889006274344,7.9912377797898975,0.581897408209909,0.6894523331958512,1.0
17,117,shifted_double_lane,moderate,LTI_8,nominal_08,nominal,10,0.025558710108202005,1.7176198675486074,3.6116422423982537,7.648515481690281,0.5330166327596674,0.796549347472817,1.0
17,117,shifted_double_lane,moderate,LTI_8,nominal_09,nominal,10,0.02606730375011619,1.655622500587512,3.6007039556575244,7.796137173821095,0.5539092367232182,0.7686295937429416,1.0
17,117,shifted_double_lane,moderate,LTI_8,heavy_00,heavy,10,0.02692654226094577,1.6549266500760176,3.55005545265921,6.638247926979159,0.6317650987313677,0.7730917055296037,1.0
17,117,shifted_double_lane,moderate,LTI_8,heavy_01,heavy,10,0.02789239280379314,1.5455690965215545,3.519987236287212,7.107715043640875,0.7071354322153973,0.7167209435833461,1.0
17,117,shifted_double_lane,moderate,LTI_8,heavy_02,heavy,10,0.026835344741691632,1.5381182133722393,3.534410724047437,6.943810102817564,0.6817148665565509,0.7133674048911803,1.0
17,117,shifted_double_lane,moderate,LTI_8,heavy_03,heavy,10,0.025428384819458905,1.6845584506652131,3.542674374683941,6.769673324402301,0.6579566110712234,0.7898470694523952,1.0
17,117,shifted_double_lane,moderate,LTI_8,heavy_04,heavy,10,0.026013822085055573,1.6211373502952109,3.5485013921874753,6.69702976257454,0.6422286407251699,0.7561250093320409,1.0
17,117,shifted_double_lane,moderate,LTI_8,heavy_05,heavy,10,0.027326412125050735,1.5384532365923733,3.529285303662527,7.0023634078685015,0.6906208888401782,0.7133149384781985,1.0
17,117,shifted_double_lane,moderate,LTI_8,heavy_06,heavy,10,0.02901482562239982,1.5056297657957316,3.5245749140032987,7.0681961832465925,0.6995375921796154,0.6957546011523535,1.0
17,117,shifted_double_lane,moderate,LTI_8,heavy_07,heavy,10,0.02628397440190842,1.6630173327810855,3.538356467270909,6.809336699600327,0.6615769993029125,0.7779667970574528,1.0
17,117,shifted_double_lane,moderate,LTI_8,heavy_08,heavy,10,0.025399784243487704,1.5624629829789178,3.5463773108207306,6.785899304147427,0.6576775373888184,0.7264197327255792,1.0
17,117,shifted_double_lane,moderate,LTI_8,heavy_09,heavy,10,0.030140453237352406,1.475525091322916,3.5331313475870645,6.962065427900641,0.6808934215903203,0.6797440435948472,1.0
17,117,shifted_double_lane,moderate,LTI_8,handling_00,handling,10,0.03362705441716315,1.8019276303195084,3.6543489524009667,9.42218980238836,0.4891944668302349,0.8236076353159417,1.0
17,117,shifted_double_lane,moderate,LTI_8,handling_01,handling,10,0.02728925593827723,1.967348345457448,3.6731737790288297,9.077840127267901,0.42859472862794373,0.8974748267494144,1.0
17,117,shifted_double_lane,moderate,LTI_8,handling_02,handling,10,0.028625994919155854,2.020665700118275,3.64754881336542,9.396907463378431,0.4856775214353036,0.9226857474986947,1.0
17,117,shifted_double_lane,moderate,LTI_8,handling_03,handling,10,0.02858061645029019,1.954474210634587,3.6593411071929576,9.26871967728671,0.46207233033665984,0.8922224116702809,1.0
17,117,shifted_double_lane,moderate,LTI_8,handling_04,handling,10,0.02879857998952446,2.097627304253703,3.6773649432449647,8.953902729186465,0.4066928036185918,0.9558358310291998,1.0
17,117,shifted_double_lane,moderate,LTI_8,handling_05,handling,10,0.0309584280038965,1.8484950904486024,3.6581398879044897,9.354912102343818,0.47835512415897163,0.8445162914142347,1.0
17,117,shifted_double_lane,moderate,LTI_8,handling_06,handling,10,0.03002008202093683,1.8815751157064762,3.657191521021204,9.348552493995168,0.477197143990464,0.8594630572459764,1.0
17,117,shifted_double_lane,moderate,LTI_8,handling_07,handling,10,0.029268779452185298,2.0108292020538223,3.6491358364822646,9.366764901828073,0.47857916115429844,0.9180631158417558,1.0
17,117,shifted_double_lane,moderate,LTI_8,handling_08,handling,10,0.028876142360592976,1.9081033977729427,3.6632668130931325,9.244261032472307,0.4580609513335793,0.8711915416849613,1.0
17,117,shifted_double_lane,moderate,LTI_8,handling_09,handling,10,0.02930460354719149,1.8894048254072129,3.6659747854574536,9.210008487659843,0.4511844795739575,0.862662201936789,1.0
17,117,shifted_double_lane,moderate,LTI_10,nominal_00,nominal,12,0.02589673018551538,1.5185939253844252,3.593148979478607,6.141990197680799,0.5861303811075294,0.7054274361134291,1.0
17,117,shifted_double_lane,moderate,LTI_10,nominal_01,nominal,12,0.026562467130337677,1.4979724093260138,3.6004823212850945,6.080749074677631,0.5694822368753543,0.6947620876044902,1.0
17,117,shifted_double_lane,moderate,LTI_10,nominal_02,nominal,12,0.02886049468600444,1.4505010064222952,3.603648257425584,6.078869273673019,0.5627566023119702,0.6696705046595844,1.0
17,117,shifted_double_lane,moderate,LTI_10,nominal_03,nominal,12,0.025432824074200895,1.517801412487355,3.6223078479188233,5.8319589175977615,0.5153543508642339,0.7044855531597768,1.0
17,117,shifted_double_lane,moderate,LTI_10,nominal_04,nominal,12,0.0275883990366234,1.4980581836784288,3.5860966875690377,6.217167488794495,0.5997748401197286,0.6947892938612952,1.0
17,117,shifted_double_lane,moderate,LTI_10,nominal_05,nominal,12,0.023856288961393572,1.559880028617293,3.606214690317351,5.986312906161975,0.556474879078402,0.7265402436008966,1.0
17,117,shifted_double_lane,moderate,LTI_10,nominal_06,nominal,12,0.024881758346569992,1.673779006422465,3.6125675233751973,5.804900227438247,0.52668579926966,0.7838859528253511,1.0
17,117,shifted_double_lane,moderate,LTI_10,nominal_07,nominal,12,0.02866555647920747,1.4893714943709717,3.591615752098596,6.149943526566956,0.5818646714890694,0.6894199118200289,1.0
17,117,shifted_double_lane,moderate,LTI_10,nominal_08,nominal,12,0.024286333514187117,1.6975675674545037,3.611926761165152,5.815181777819075,0.5329872428212086,0.7965172180862322,1.0
17,117,shifted_double_lane,moderate,LTI_10,nominal_09,nominal,12,0.024684473798746345,1.6434787208312305,3.601339505616024,5.941569935594034,0.5538784009656904,0.7685970005301646,1.0
17,117,shifted_double_lane,moderate,LTI_10,heavy_00,heavy,12,0.025943330341052288,1.6528076914093428,3.5505406428837887,5.159243302824415,0.6317370437505531,0.7730652867849452,1.0
17,117,shifted_double_lane,moderate,LTI_10,heavy_01,heavy,12,0.026757664592886338,1.5438820675768172,3.520246543201879,5.486320569769259,0.7071036660207516,0.7166934625910686,1.0
17,117,shifted_double_lane,moderate,LTI_10,heavy_02,heavy,12,0.025732366107561223,1.5360526927922717,3.5344898202640254,5.349441656403297,0.6816844651472684,0.7133410111337356,1.0
17,117,shifted_double_lane,moderate,LTI_10,heavy_03,heavy,12,0.02443283689000055,1.6838818854338875,3.542741041910316,5.276053822575668,0.6579276527820009,0.7898207651049041,1.0
17,117,shifted_double_lane,moderate,LTI_10,heavy_04,heavy,12,0.024984457038277626,1.6190141149491026,3.5488820596857695,5.189895937202251,0.6422001715655881,0.7560989005282561,1.0
17,117,shifted_double_lane,moderate,LTI_10,heavy_05,heavy,12,0.02621368878122078,1.5366153543038847,3.5294379753532015,5.397274912584956,0.6905899957760135,0.7132881445145852,1.0
17,117,shifted_double_lane,moderate,LTI_10,heavy_06,heavy,12,0.027913124830138022,1.5047698506318128,3.5248387139974517,5.435854760778901,0.6995061276065219,0.6957273783858379,1.0
17,117,shifted_double_lane,moderate,LTI_10,heavy_07,heavy,12,0.025255599533146784,1.6614778064513793,3.5386253723678682,5.299358882915982,0.6615476416275216,0.7779400259267569,1.0
17,117,shifted_double_lane,moderate,LTI_10,heavy_08,heavy,12,0.02432122863104636,1.5600758397272059,3.546604052898599,5.232835071398135,0.6576484369515583,0.7263940989721929,1.0
17,117,shifted_double_lane,moderate,LTI_10,heavy_09,heavy,12,0.029086874319957268,1.4751973005144374,3.533529101804657,5.336284366431393,0.6808627704418713,0.6797171998075254,1.0
17,117,shifted_double_lane,moderate,LTI_10,handling_00,handling,12,0.03205539515708295,1.7534663396612993,3.654799520692059,7.299345967587528,0.4891607586591331,0.8235648261109824,1.0
17,117,shifted_double_lane,moderate,LTI_10,handling_01,handling,12,0.025539262917431114,1.9056503162740308,3.673953340067951,6.979508038636722,0.4285649143510769,0.8974305880273216,1.0
17,117,shifted_double_lane,moderate,LTI_10,handling_02,handling,12,0.02679681123636442,1.9556953618043231,3.647960789884036,7.191587179802559,0.4856440960946335,0.9226395758706109,1.0
17,117,shifted_double_lane,moderate,LTI_10,handling_03,handling,12,0.02680268930593882,1.8913420167338042,3.6600843270036814,7.124549092421649,0.4620403497624599,0.8921776492399501,1.0
17,117,shifted_double_lane,moderate,LTI_10,handling_04,handling,12,0.027211945255497805,2.0362804536291192,3.6782243304338404,6.835076761429529,0.4066643890757659,0.9557897980991188,1.0
17,117,shifted_double_lane,moderate,LTI_10,handling_05,handling,12,0.029303786560807777,1.7946072142674308,3.658539354242084,7.231818662840575,0.4783221979529091,0.8444731923320212,1.0
17,117,shifted_double_lane,moderate,LTI_10,handling_06,handling,12,0.02831303194524586,1.8243171748808216,3.6576208882766386,7.213542856347025,0.4771642862243031,0.8594194239842794,1.0
17,117,shifted_double_lane,moderate,LTI_10,handling_07,handling,12,0.02745783105515211,1.9467985413740383,3.6498593615845656,7.1725091422971765,0.4785460409829806,0.9180168789314771,1.0
17,117,shifted_double_lane,moderate,LTI_10,handling_08,handling,12,0.027139129550532496,1.8481183134655799,3.6639268183945823,7.1258863398972565,0.45802925752310597,0.8711477091655423,1.0
17,117,shifted_double_lane,moderate,LTI_10,handling_09,handling,12,0.027593655559495354,1.8315902323710878,3.6666929668962975,7.107889259113863,0.45115315652477767,0.8626186447372953,1.0
17,117,shifted_double_lane,strong,M4,nominal_00,nominal,0,0.04342770756162204,2.3173450984915385,5.265090609000786,2.1785731245243465,0.9521084185315558,1.071205774976518,1.0
17,117,shifted_double_lane,strong,M4,nominal_01,nominal,0,0.04462332461101668,2.2864979288645064,5.276807684065876,2.1494674485245064,0.9262652805160785,1.0546875493149193,1.0
17,117,shifted_double_lane,strong,M4,nominal_02,nominal,0,0.04854667076965109,2.2125153058135956,5.281624149608357,2.076161448979566,0.9159705149193366,1.0153739841005007,1.0
17,117,shifted_double_lane,strong,M4,nominal_03,nominal,0,0.042805850001608046,2.3189027628977428,5.312685350578672,2.188049639488233,0.8418131532198885,1.0707112814614657,1.0
17,117,shifted_double_lane,strong,M4,nominal_04,nominal,0,0.04639944678469372,2.2864670783091063,5.253324865066039,2.1488291089739464,0.9734696643902796,1.0542221560899248,1.0
17,117,shifted_double_lane,strong,M4,nominal_05,nominal,0,0.03981341675041434,2.3812085843443356,5.286591190089458,2.2438273816492145,0.9057454358494097,1.1048746297807428,1.0
17,117,shifted_double_lane,strong,M4,nominal_06,nominal,0,0.041048376418452666,2.5594328404014535,5.297484025548187,2.4315965803400994,0.8590778688295977,1.1952315103206832,1.0
17,117,shifted_double_lane,strong,M4,nominal_07,nominal,0,0.04841517278669725,2.273457749540816,5.2621212960222215,2.140479866549055,0.9457156176261046,1.0459167684073654,1.0
17,117,shifted_double_lane,strong,M4,nominal_08,nominal,0,0.0396175099923428,2.5953418129696955,5.296620791989951,2.4625181013452906,0.8687385638167509,1.2151846558226576,1.0
17,117,shifted_double_lane,strong,M4,nominal_09,nominal,0,0.04101149870090223,2.5115505767186446,5.278816332763172,2.380999030977265,0.9015842040632696,1.1706915403820186,1.0
17,117,shifted_double_lane,strong,M4,heavy_00,heavy,0,0.043524248364871905,2.5281168450542046,5.196633339179911,2.404375605687808,1.0226814159900426,1.1754657132211228,1.0
17,117,shifted_double_lane,strong,M4,heavy_01,heavy,0,0.04539397807875587,2.3560202104419425,5.148125121057059,2.2242379316371426,1.1398483057390678,1.0862071915019926,1.0
17,117,shifted_double_lane,strong,M4,heavy_02,heavy,0,0.04355241334061045,2.344678562118513,5.170908783087215,2.211002920872878,1.1004057513075847,1.0814914411130139,1.0
17,117,shifted_double_lane,strong,M4,heavy_03,heavy,0,0.040389992133875785,2.5721866209094446,5.184761296725096,2.4382869287207947,1.0630334079479256,1.2015924476802584,1.0
17,117,shifted_double_lane,strong,M4,heavy_04,heavy,0,0.04202863156738384,2.4749094380165872,5.193852030321607,2.3467557152559384,1.0389488459592406,1.1488792599773938,1.0
17,117,shifted_double_lane,strong,M4,heavy_05,heavy,0,0.044416830657349006,2.3451798530737245,5.162721533666955,2.212355710608485,1.1142424642078677,1.0812176766802062,1.0
17,117,shifted_double_lane,strong,M4,heavy_06,heavy,0,0.04737846569589078,2.294492535170972,5.155112470943525,2.1628382168373017,1.1282218824838792,1.0535949961736448,1.0
17,117,shifted_double_lane,strong,M4,heavy_07,heavy,0,0.04218070805716481,2.5391967412559593,5.177867366086625,2.409970591478666,1.0688375265492267,1.1827015646233001,1.0
17,117,shifted_double_lane,strong,M4,heavy_08,heavy,0,0.04101730631266633,2.382751603118931,5.190260798016204,2.2482967259302287,1.0629909890003142,1.1023658905651428,1.0
17,117,shifted_double_lane,strong,M4,heavy_09,heavy,0,0.04938259910307799,2.2485725023620255,5.168756117983234,2.118407646136716,1.0994636683410535,1.028835886374779,1.0
17,117,shifted_double_lane,strong,M4,handling_00,handling,0,0.05347821867859532,2.6903486004578805,5.365661301258948,2.559297105552184,0.801317710781052,1.2594333444499333,1.0
17,117,shifted_double_lane,strong,M4,handling_01,handling,0,0.042370172327489256,2.9586091972564263,5.399017952724683,2.8053051401736773,0.705970570822466,1.3771642055914026,1.0
17,117,shifted_double_lane,strong,M4,handling_02,handling,0,0.044592257449357825,3.032505029639921,5.355143032063906,2.873394708052476,0.7953707443120244,1.4153878962154607,1.0
17,117,shifted_double_lane,strong,M4,handling_03,handling,0,0.04471732277129632,2.9331875697934806,5.375294819435582,2.7826205575469856,0.7585319896136558,1.368009673059307,1.0
17,117,shifted_double_lane,strong,M4,handling_04,handling,0,0.04445711488243788,3.167559189507444,5.406995078543024,2.997188347537577,0.6713374164443525,1.4697123912861692,1.0
17,117,shifted_double_lane,strong,M4,handling_05,handling,0,0.048842625646859254,2.7635820391965438,5.372230488706879,2.62516256181448,0.7842083692548378,1.2926627081283673,1.0
17,117,shifted_double_lane,strong,M4,handling_06,handling,0,0.047225589495523204,2.8155515319137003,5.370819624670835,2.673119648700374,0.7823342824924295,1.316197497184635,1.0
17,117,shifted_double_lane,strong,M4,handling_07,handling,0,0.04586755199183005,3.019835861493488,5.358209077499995,2.864062650861569,0.7843365756329176,1.4081343717723862,1.0
17,117,shifted_double_lane,strong,M4,handling_08,handling,0,0.04527683842907495,2.860708257393478,5.381645536867318,2.715450509967098,0.7523137123793349,1.335045609297311,1.0
17,117,shifted_double_lane,strong,M4,handling_09,handling,0,0.04610780838227295,2.8333976405238532,5.386272387996484,2.6914165810614277,0.7415932922180797,1.3217081334540188,1.0
17,117,shifted_double_lane,strong,LTI_1,nominal_00,nominal,0,0.04858944957721526,2.322879101445063,5.266412855576671,2.1796589752913755,0.9530397008405954,1.0718451373622102,1.0
17,117,shifted_double_lane,strong,LTI_1,nominal_01,nominal,0,0.049813461577613245,2.291923333727522,5.278052813659326,2.1505688188490537,0.9271636497778105,1.0553064961286922,1.0
17,117,shifted_double_lane,strong,LTI_1,nominal_02,nominal,0,0.05394512453560805,2.2177138734819244,5.282821735603618,2.0771894854457353,0.9168560458581723,1.0159609478453846,1.0
17,117,shifted_double_lane,strong,LTI_1,nominal_03,nominal,0,0.047486085777496516,2.3242680096174184,5.313830831865492,2.1890712304995916,0.842607835689436,1.0713157420632118,1.0
17,117,shifted_double_lane,strong,LTI_1,nominal_04,nominal,0,0.05175836261650085,2.291951577881068,5.254621532186841,2.149946542484528,0.974429754961681,1.0548554809415716,1.0
17,117,shifted_double_lane,strong,LTI_1,nominal_05,nominal,0,0.04442007206124225,2.386807029346718,5.287806411061171,2.244931348201787,0.9066172617163306,1.1055244520885845,1.0
17,117,shifted_double_lane,strong,LTI_1,nominal_06,nominal,0,0.043941889051310766,2.5654402013847006,5.298742996055826,2.4327576917809957,0.8598958202531638,1.1959327241612252,1.0
17,117,shifted_double_lane,strong,LTI_1,nominal_07,nominal,0,0.053686403974461346,2.2788724314864304,5.263417527803657,2.1415739121948434,0.9466416026200194,1.0465355814908548,1.0
17,117,shifted_double_lane,strong,LTI_1,nominal_08,nominal,0,0.04210285730394663,2.6014476692350663,5.2978470909656235,2.4636839106089736,0.8695664899061524,1.215904505020532,1.0
17,117,shifted_double_lane,strong,LTI_1,nominal_09,nominal,0,0.04456879454788288,2.5174924408570956,5.280061561138436,2.3821538450558606,0.9024546739300043,1.171389161614748,1.0
17,117,shifted_double_lane,strong,LTI_1,heavy_00,heavy,0,0.04664349797827341,2.533102766488938,5.198278715895217,2.40583128405788,1.0235379585055975,1.176078396485838,1.0
17,117,shifted_double_lane,strong,LTI_1,heavy_01,heavy,0,0.04990547391442014,2.3608585248486724,5.149821360896004,2.225656486297616,1.1408495825401597,1.086802091184362,1.0
17,117,shifted_double_lane,strong,LTI_1,heavy_02,heavy,0,0.04798936542529937,2.349389698843182,5.172597351709732,2.2123830327233667,1.1013546061280322,1.0820697026973363,1.0
17,117,shifted_double_lane,strong,LTI_1,heavy_03,heavy,0,0.04315742355490659,2.577362053073377,5.186417608064849,2.439723529624938,1.063936291474237,1.2022367279016393,1.0
17,117,shifted_double_lane,strong,LTI_1,heavy_04,heavy,0,0.04552928795370773,2.4798277170414047,5.19551716250802,2.3481695053546146,1.039823248883201,1.1494804441814714,1.0
17,117,shifted_double_lane,strong,LTI_1,heavy_05,heavy,0,0.048895087542791676,2.349934580466911,5.1644413722214875,2.2137476219865415,1.1152096394959117,1.0818005125498882,1.0
17,117,shifted_double_lane,strong,LTI_1,heavy_06,heavy,0,0.05209488099861588,2.299169044246444,5.15685240132548,2.1642462634931965,1.129207564155708,1.0541646810667566,1.0
17,117,shifted_double_lane,strong,LTI_1,heavy_07,heavy,0,0.04531884539471846,2.544325021167821,5.179532383762376,2.411443887959055,1.0697494805574774,1.1833354554207336,1.0
17,117,shifted_double_lane,strong,LTI_1,heavy_08,heavy,0,0.04514058223146958,2.3874807920271097,5.191874782099353,2.249639755891119,1.0638920817663715,1.1029450021931975,1.0
17,117,shifted_double_lane,strong,LTI_1,heavy_09,heavy,0,0.05414450540346507,2.2530871313779564,5.170422599171171,2.1197730009512923,1.1004126065162867,1.0293806065067501,1.0
17,117,shifted_double_lane,strong,LTI_1,handling_00,handling,0,0.059841752154557955,2.6928605537831287,5.366423665901505,2.560116144133747,0.802212221504171,1.2603137070857497,1.0
17,117,shifted_double_lane,strong,LTI_1,handling_01,handling,0,0.04678414384138045,2.958931623409937,5.399721870779462,2.8061275144521316,0.7067478385205682,1.3781164872692522,1.0
17,117,shifted_double_lane,strong,LTI_1,handling_02,handling,0,0.04917836704597281,3.0329580078922955,5.355984146149339,2.8742995570901835,0.7962619548976214,1.416403883166361,1.0
17,117,shifted_double_lane,strong,LTI_1,handling_03,handling,0,0.049733819854869146,2.9335149959929465,5.3760014979186685,2.7835868338793426,0.7593751524469805,1.3689713869971436,1.0
17,117,shifted_double_lane,strong,LTI_1,handling_04,handling,0,0.04663850593160213,3.1678965767400893,5.407658271955395,2.9981706938300725,0.6720747868434513,1.4707321923704397,1.0
17,117,shifted_double_lane,strong,LTI_1,handling_05,handling,0,0.05492914689157902,2.763929345115271,5.37296098223968,2.6260022373462957,0.7850809007064428,1.2935671951706094,1.0
17,117,shifted_double_lane,strong,LTI_1,handling_06,handling,0,0.05308424988001508,2.8159422210661944,5.371561119172197,2.674002385530796,0.7832052222067251,1.3171219762442026,1.0
17,117,shifted_double_lane,strong,LTI_1,handling_07,handling,0,0.05045113423363934,3.020232735599909,5.35902561241097,2.8650981576611128,0.7852149173214489,1.4091395625488572,1.0
17,117,shifted_double_lane,strong,LTI_1,handling_08,handling,0,0.050710283838594945,2.861105343089149,5.382308571373776,2.7163579164208405,0.7531476436957275,1.3359766929081478,1.0
17,117,shifted_double_lane,strong,LTI_1,handling_09,handling,0,0.05160642066419476,2.8337467490522186,5.386987801503824,2.692289971781267,0.7424140634327847,1.3226239572371545,1.0
17,117,shifted_double_lane,strong,LTI_2,nominal_00,nominal,2,0.051681854645382205,2.3232225904697734,5.26755157979855,18.88872726999191,0.9530675058181806,1.071756439430121,1.0
17,117,shifted_double_lane,strong,LTI_2,nominal_01,nominal,2,0.052835049704899106,2.2922627238094306,5.279167514190204,18.75452436519765,0.9271914633027478,1.0552184727644667,1.0
17,117,shifted_double_lane,strong,LTI_2,nominal_02,nominal,2,0.056868042853143265,2.218052557234891,5.283922876201564,18.722142347688997,0.9168841973381947,1.0158758725491694,1.0
17,117,shifted_double_lane,strong,LTI_2,nominal_03,nominal,2,0.05036900072873939,2.324605595284099,5.314896471518022,18.246368850959485,0.8426355040435342,1.0712252076312012,1.0
17,117,shifted_double_lane,strong,LTI_2,nominal_04,nominal,2,0.054805624528058094,2.2922958108683162,5.2557762154142695,18.988520614364838,0.9744586215020891,1.0547696019891366,1.0
17,117,shifted_double_lane,strong,LTI_2,nominal_05,nominal,2,0.0475009570474397,2.3871516708378,5.288909400940795,18.620693923862262,0.9066441402855004,1.105431723973954,1.0
17,117,shifted_double_lane,strong,LTI_2,nominal_06,nominal,2,0.04659915920165686,2.5657935842384405,5.29983766769196,18.182957743232638,0.8599241656208391,1.1958362011560686,1.0
17,117,shifted_double_lane,strong,LTI_2,nominal_07,nominal,2,0.05661429238521981,2.2792136602715733,5.264547207234584,18.792728997464003,0.9466714558378987,1.0464511535307757,1.0
17,117,shifted_double_lane,strong,LTI_2,nominal_08,nominal,2,0.044781514449664425,2.60180296904088,5.298952230052669,18.273719797832282,0.8695936274697715,1.2158054506607885,1.0
17,117,shifted_double_lane,strong,LTI_2,nominal_09,nominal,2,0.047398323438477566,2.5178453118700643,5.281168066933364,18.44058807199804,0.9024834883713863,1.171295106502645,1.0
17,117,shifted_double_lane,strong,LTI_2,heavy_00,heavy,2,0.04872442988923028,2.5334276193088177,5.1993300746901605,15.751802709396072,1.0235823152361403,1.1760169258394928,1.0
17,117,shifted_double_lane,strong,LTI_2,heavy_01,heavy,2,0.05235214394060582,2.3611798093141787,5.1509234899374325,16.509315801914326,1.1408985686305004,1.0867474667969703,1.0
17,117,shifted_double_lane,strong,LTI_2,heavy_02,heavy,2,0.05043543401951514,2.3497087679867983,5.173684706573545,16.35873451760497,1.1014002353539303,1.0820121283753286,1.0
17,117,shifted_double_lane,strong,LTI_2,heavy_03,heavy,2,0.04532069703072855,2.577688866032397,5.187486638887272,16.050894878117084,1.063979839141859,1.2021727857090432,1.0
17,117,shifted_double_lane,strong,LTI_2,heavy_04,heavy,2,0.04775518619738608,2.480149808031676,5.196578638087671,15.918599657375676,1.03986708077694,1.1494190446600603,1.0
17,117,shifted_double_lane,strong,LTI_2,heavy_05,heavy,2,0.0513383126883361,2.3502544271965737,5.165539343751062,16.410744130879028,1.1152565016256675,1.081744134472407,1.0
17,117,shifted_double_lane,strong,LTI_2,heavy_06,heavy,2,0.054527561408980206,2.299488873759627,5.1579585644757815,16.485809036823106,1.1292558320577486,1.0541109600447576,1.0
17,117,shifted_double_lane,strong,LTI_2,heavy_07,heavy,2,0.04749641910379801,2.5446509824541708,5.180604358435039,16.035281368117367,1.0697949290156956,1.1832741983840136,1.0
17,117,shifted_double_lane,strong,LTI_2,heavy_08,heavy,2,0.047558783260980966,2.387799100876681,5.1929350262933065,16.17149090544678,1.0639351217299784,1.1028841410276904,1.0
17,117,shifted_double_lane,strong,LTI_2,heavy_09,heavy,2,0.056516669049222173,2.2534053993879573,5.171504223831231,16.34805270309053,1.1004597198178299,1.0293272730342835,1.0
17,117,shifted_double_lane,strong,LTI_2,handling_00,handling,2,0.06333778843444901,2.6932357768048134,5.367588158853841,22.47107042137017,0.8022227047611374,1.2601661930791133,1.0
17,117,shifted_double_lane,strong,LTI_2,handling_01,handling,2,0.05030271296837413,2.9596996903692987,5.400849239971833,21.810949413743888,0.7067627822492918,1.3779602741402925,1.0
17,117,shifted_double_lane,strong,LTI_2,handling_02,handling,2,0.05272069227360907,3.033793230796488,5.357163460172446,22.186300929767928,0.7962741160225284,1.4162460741396972,1.0
17,117,shifted_double_lane,strong,LTI_2,handling_03,handling,2,0.053292168933518375,2.934291905498351,5.3771434575555865,22.076122740203793,0.759388345877912,1.3688164499576518,1.0
17,117,shifted_double_lane,strong,LTI_2,handling_04,handling,2,0.049666162497429285,3.1687091310968474,5.4087681156604175,21.486328607839475,0.6720917093930411,1.4705704211516992,1.0
17,117,shifted_double_lane,strong,LTI_2,handling_05,handling,2,0.058525117485710994,2.7646730909997292,5.374115242227483,22.35315997506813,0.7850918801626144,1.293416535103022,1.0
17,117,shifted_double_lane,strong,LTI_2,handling_06,handling,2,0.05670273308174852,2.816707032535707,5.372716797492284,22.302043850963972,0.7832165599536516,1.3169698283367195,1.0
17,117,shifted_double_lane,strong,LTI_2,handling_07,handling,2,0.053912367721079484,3.021052863474266,5.360194608582299,22.110699213333103,0.7852281429100532,1.4089831857037953,1.0
17,117,shifted_double_lane,strong,LTI_2,handling_08,handling,2,0.05430459143608687,2.8618758400898456,5.3834408754312575,22.109824396405152,0.7531605476939116,1.3358234670768825,1.0
17,117,shifted_double_lane,strong,LTI_2,handling_09,handling,2,0.05515937822648158,2.8344992924292898,5.3881385121867185,22.063136907099558,0.7424275699097956,1.3224720049343854,1.0
17,117,shifted_double_lane,strong,LTI_3,nominal_00,nominal,3,0.046175182214784644,2.328398177358118,5.262562557768036,35.880007302496345,0.9514092946517716,1.070817132640641,1.0
17,117,shifted_double_lane,strong,LTI_3,nominal_01,nominal,3,0.047034091255751,2.298020936160421,5.27428538771901,35.51613357610951,0.9255862153795587,1.0543117121948293,1.0
17,117,shifted_double_lane,strong,LTI_3,nominal_02,nominal,3,0.050272929443210525,2.2252983311200176,5.279100248480554,35.40810942510771,0.9152979978683835,1.0150241729772171,1.0
17,117,shifted_double_lane,strong,LTI_3,nominal_03,nominal,3,0.04528968320493706,2.3299005016006404,5.310241979556408,34.22426791413303,0.8412017678667502,1.070333827870348,1.0
17,117,shifted_double_lane,strong,LTI_3,nominal_04,nominal,3,0.04866839701857923,2.299303380954876,5.250742227430355,36.19855115777368,0.9727519499466075,1.0538452516224128,1.0
17,117,shifted_double_lane,strong,LTI_3,nominal_05,nominal,3,0.043241594102549956,2.3902180342975647,5.284081225572338,35.16060336647948,0.9050852489478199,1.104467027823737,1.0
17,117,shifted_double_lane,strong,LTI_3,nominal_06,nominal,3,0.04495356388223546,2.5685441890840988,5.295055070036402,34.298664110168296,0.8584563389860124,1.1947799836582067,1.0
17,117,shifted_double_lane,strong,LTI_3,nominal_07,nominal,3,0.050254632766290025,2.2879691779864966,5.259596201961067,35.772840533432536,0.9450190219426273,1.045550876401017,1.0
17,117,shifted_double_lane,strong,LTI_3,nominal_08,nominal,3,0.04416770450069152,2.602141223092395,5.294142184541141,34.4455120155269,0.8681111459444163,1.2147152434985846,1.0
17,117,shifted_double_lane,strong,LTI_3,nominal_09,nominal,3,0.044710385723130616,2.521849037025309,5.276323357197508,34.96178412992198,0.9009279887343515,1.1702514380217912,1.0
17,117,shifted_double_lane,strong,LTI_3,heavy_00,heavy,3,0.04503292204159872,2.5425769930142823,5.194777861726115,29.451778406220033,1.0220742170725319,1.1751022957432957,1.0
17,117,shifted_double_lane,strong,LTI_3,heavy_01,heavy,3,0.046269711563469366,2.3723213818820574,5.146125612831307,31.306815136013878,1.1391541984615368,1.0858736815941563,1.0
17,117,shifted_double_lane,strong,LTI_3,heavy_02,heavy,3,0.04456420232386063,2.359282707823355,5.168963238221129,30.77275028333313,1.099740853193021,1.0811606664625277,1.0
17,117,shifted_double_lane,strong,LTI_3,heavy_03,heavy,3,0.04278311007282407,2.5834276068779394,5.182849376399247,30.065956874383303,1.0623997273130152,1.2012065816118136,1.0
17,117,shifted_double_lane,strong,LTI_3,heavy_04,heavy,3,0.04353789629847433,2.48867560369313,5.19198220340729,29.756715389333436,1.0383298998387924,1.1485240838244493,1.0
17,117,shifted_double_lane,strong,LTI_3,heavy_05,heavy,3,0.04534416222128262,2.3604779019304147,5.1607701004873805,30.96159707647041,1.1135672296754908,1.0808869977583582,1.0
17,117,shifted_double_lane,strong,LTI_3,heavy_06,heavy,3,0.04789272675518538,2.3109979142995964,5.153151652813689,31.18778294867554,1.1275351097338004,1.0532777110441183,1.0
17,117,shifted_double_lane,strong,LTI_3,heavy_07,heavy,3,0.044050446449102054,2.552867320952681,5.175952034466615,30.14077058489003,1.068198187451255,1.1823279807214448,1.0
17,117,shifted_double_lane,strong,LTI_3,heavy_08,heavy,3,0.042396823332992266,2.395624421972266,5.188335390445534,30.21703110966907,1.0623542684779976,1.1020266110182757,1.0
17,117,shifted_double_lane,strong,LTI_3,heavy_09,heavy,3,0.049576384083184634,2.265142099120545,5.166805708356114,30.799453700976038,1.0987967864248473,1.0285329767395133,1.0
17,117,shifted_double_lane,strong,LTI_3,handling_00,handling,3,0.056597773882672196,2.689727959224323,5.362437281574668,42.76358549417701,0.8005968524200267,1.258837124992373,1.0
17,117,shifted_double_lane,strong,LTI_3,handling_01,handling,3,0.047743295742289645,2.9562997513244627,5.39587450212698,41.261247563044144,0.705338399356657,1.3764872982790435,1.0
17,117,shifted_double_lane,strong,LTI_3,handling_02,handling,3,0.04980757129783663,3.0300881652398317,5.3519469239227995,42.41477606566542,0.7946595592175203,1.4146824196829828,1.0
17,117,shifted_double_lane,strong,LTI_3,handling_03,handling,3,0.049546975664608334,2.930846376851315,5.372094780855471,41.9926300028241,0.7578523194740174,1.3673390503511864,1.0
17,117,shifted_double_lane,strong,LTI_3,handling_04,handling,3,0.05048548989079202,3.165114881119522,5.403873032639769,40.627325868074344,0.6707380954311738,1.468973074131427,1.0
17,117,shifted_double_lane,strong,LTI_3,handling_05,handling,3,0.05271101900195394,2.761375007637424,5.369011144787091,42.48269800758911,0.7835044580843967,1.2920404495022564,1.0
17,117,shifted_double_lane,strong,LTI_3,handling_06,handling,3,0.05141958223373434,2.8133167249716724,5.367606412595321,42.41537832205315,0.7816326000222245,1.3155591701599578,1.0
17,117,shifted_double_lane,strong,LTI_3,handling_07,handling,3,0.05072543518072463,3.01741335095249,5.3550238586828245,42.264027606356926,0.7836340477841163,1.4074390009884683,1.0
17,117,shifted_double_lane,strong,LTI_3,handling_08,handling,3,0.04982866278186512,2.858463379476625,5.37843566584986,41.96831694080172,0.7516390753977097,1.3343966959513645,1.0
17,117,shifted_double_lane,strong,LTI_3,handling_09,handling,3,0.050409339790731485,2.831165823656255,5.383059845105681,41.83798406158747,0.7409274617328137,1.3210709896308097,1.0
17,117,shifted_double_lane,strong,LTI_5,nominal_00,nominal,6,0.046732949178787786,2.3247663827964926,5.2601176848574305,27.848867574752504,0.9517017380709508,1.0711653897186957,1.0
17,117,shifted_double_lane,strong,LTI_5,nominal_01,nominal,6,0.04755658811506977,2.2937545334550626,5.2718949912366915,27.44067843382626,0.925871355265405,1.0546508435573902,1.0
17,117,shifted_double_lane,strong,LTI_5,nominal_02,nominal,6,0.05078314148239057,2.2195208387519463,5.2767391700236566,27.256649759396396,0.9155811147839075,1.0153470070603456,1.0
17,117,shifted_double_lane,strong,LTI_5,nominal_03,nominal,6,0.04571612475919232,2.326050600038659,5.307978775798475,26.15625005939571,0.841461032366249,1.0706695229753556,1.0
17,117,shifted_double_lane,strong,LTI_5,nominal_04,nominal,6,0.049272056748172206,2.293853102461069,5.24829505253796,28.18382876097086,0.9730511058563733,1.0541874168040726,1.0
17,117,shifted_double_lane,strong,LTI_5,nominal_05,nominal,6,0.04371065919938799,2.3886874747394944,5.281720553879898,27.147726360721666,0.905362939531733,1.1048242312379446,1.0
17,117,shifted_double_lane,strong,LTI_5,nominal_06,nominal,6,0.04537236550055025,2.5673754255891534,5.292727816603856,26.55015941973566,0.858717364878304,1.1951597754078869,1.0
17,117,shifted_double_lane,strong,LTI_5,nominal_07,nominal,6,0.050847275870369225,2.2807352876525178,5.2571679875921715,27.776674364358097,0.9453099658434508,1.0458841646287151,1.0
17,117,shifted_double_lane,strong,LTI_5,nominal_08,nominal,6,0.04453658408562756,2.603404836163279,5.291828606925731,26.68343420446788,0.8683746592952813,1.2151065922701674,1.0
17,117,shifted_double_lane,strong,LTI_5,nominal_09,nominal,6,0.04522328566073631,2.519453568878809,5.273953142861457,27.187696062698066,0.9012023495000288,1.1706263855094536,1.0
17,117,shifted_double_lane,strong,LTI_5,heavy_00,heavy,6,0.04601877169703033,2.535050708871416,5.192613658257411,23.5992149088234,1.0223530095431355,1.1754170054695339,1.0
17,117,shifted_double_lane,strong,LTI_5,heavy_01,heavy,6,0.047432532254653326,2.3628152427062763,5.1438126702443965,25.34074484114786,1.139464659800809,1.0861754040561866,1.0
17,117,shifted_double_lane,strong,LTI_5,heavy_02,heavy,6,0.045671777681210245,2.3513002936330993,5.166701985417613,24.698080585567247,1.1000421310264579,1.0814595098647282,1.0
17,117,shifted_double_lane,strong,LTI_5,heavy_03,heavy,6,0.04379748315996127,2.5793507155030198,5.1806342558172895,24.186660552671,1.0626886999394134,1.2015383935576187,1.0
17,117,shifted_double_lane,strong,LTI_5,heavy_04,heavy,6,0.044561099519480674,2.4817476537678314,5.18979645282705,23.80755011376647,1.0386137835569205,1.1488350213779517,1.0
17,117,shifted_double_lane,strong,LTI_5,heavy_05,heavy,6,0.04647002054671097,2.3518581541674006,5.158483873448375,24.924072006975823,1.1138717636344413,1.0811861224257788,1.0
17,117,shifted_double_lane,strong,LTI_5,heavy_06,heavy,6,0.049010700451795244,2.3010818307492893,5.150844761722537,25.13749584492606,1.1278436154617526,1.0535686013501342,1.0
17,117,shifted_double_lane,strong,LTI_5,heavy_07,heavy,6,0.045101645005435925,2.546309057039333,5.1737268461606245,24.29908795373666,1.0684885334356824,1.1826514677693958,1.0
17,117,shifted_double_lane,strong,LTI_5,heavy_08,heavy,6,0.04345829575946502,2.3893685279195678,5.186137638969189,24.11181678299388,1.0626459542926583,1.1023296298040914,1.0
17,117,shifted_double_lane,strong,LTI_5,heavy_09,heavy,6,0.05063424555850162,2.2549535685947464,5.164553034376196,24.67908641850409,1.0990987311258515,1.028813026352981,1.0
17,117,shifted_double_lane,strong,LTI_5,handling_00,handling,6,0.05630125729589707,2.694841307919106,5.359854277487583,32.1018769704092,0.8008814645859549,1.2593196085217246,1.0
17,117,shifted_double_lane,strong,LTI_5,handling_01,handling,6,0.04722755166646388,2.9545919304680877,5.393394309809295,30.902153078118552,0.7055835993915737,1.3770109712700405,1.0
17,117,shifted_double_lane,strong,LTI_5,handling_02,handling,6,0.049477139950157796,3.028217380792805,5.349337413400882,32.2031654596346,0.7949373951685132,1.415223813982751,1.0
17,117,shifted_double_lane,strong,LTI_5,handling_03,handling,6,0.049155146585045995,2.9291078503469326,5.3695661261941625,31.635996604104772,0.7581177701458236,1.3678604381713144,1.0
17,117,shifted_double_lane,strong,LTI_5,handling_04,handling,6,0.049943722225627,3.1633125954351504,5.401435388437898,30.531806940931595,0.6709676892249922,1.4695299329036404,1.0
17,117,shifted_double_lane,strong,LTI_5,handling_05,handling,6,0.05233865464445443,2.7599925620653893,5.366453473558382,31.887281495415237,0.7837815462027244,1.292536838594473,1.0
17,117,shifted_double_lane,strong,LTI_5,handling_06,handling,6,0.05104058862849033,2.8116078540896865,5.36504554816698,31.891424264933566,0.7819083212998311,1.3160641845560876,1.0
17,117,shifted_double_lane,strong,LTI_5,handling_07,handling,6,0.05042902868077278,3.0155740358237995,5.352430817286451,32.06341135442052,0.7839082008097625,1.407974017689149,1.0
17,117,shifted_double_lane,strong,LTI_5,handling_08,handling,6,0.04941070401120752,2.856747009822766,5.375929800036495,31.501620505685732,0.7519030267569542,1.3349063166812931,1.0
17,117,shifted_double_lane,strong,LTI_5,handling_09,handling,6,0.05000294098660484,2.8294886212969406,5.3805794471227095,31.34512626525899,0.741187833462879,1.3215736421010897,1.0
17,117,shifted_double_lane,strong,LTI_8,nominal_00,nominal,10,0.04690241170727221,2.325657956503157,5.264103179390979,12.537266593878087,0.9522036160786156,1.0712723128962045,1.0
17,117,shifted_double_lane,strong,LTI_8,nominal_01,nominal,10,0.047942463568557296,2.292440141852068,5.275439187785723,12.392657112794183,0.9263595304395177,1.054754212135159,1.0
17,117,shifted_double_lane,strong,LTI_8,nominal_02,nominal,10,0.05157410923438419,2.21833843189311,5.2800736864558635,12.352228297405063,0.9160649544800625,1.0154418452721423,1.0
17,117,shifted_double_lane,strong,LTI_8,nominal_03,nominal,10,0.046078492359755155,2.3257513746322696,5.310862751607734,11.885215044390197,0.8419026402220043,1.0707766283248243,1.0
17,117,shifted_double_lane,strong,LTI_8,nominal_04,nominal,10,0.049748922951967936,2.2925402143439535,5.252197158506738,12.685280106499926,0.9735662917190562,1.0542907587385437,1.0
17,117,shifted_double_lane,strong,LTI_8,nominal_05,nominal,10,0.04345069312317437,2.400790581826837,5.285537174530882,12.237177776782204,0.905837680065487,1.1049391054971809,1.0
17,117,shifted_double_lane,strong,LTI_8,nominal_06,nominal,10,0.04467442563682009,2.602796781965856,5.295975566799171,11.95592437976853,0.8591665845123038,1.1952971607014038,1.0
17,117,shifted_double_lane,strong,LTI_8,nominal_07,nominal,10,0.051623875620982924,2.279499519018479,5.26031688634172,12.542841144957363,0.9458113268300261,1.0459869545885767,1.0
17,117,shifted_double_lane,strong,LTI_8,nominal_08,nominal,10,0.04332630472624635,2.6458203636289195,5.2956641254601795,11.982415577715583,0.8688272240069175,1.2152487875957922,1.0
17,117,shifted_double_lane,strong,LTI_8,nominal_09,nominal,10,0.0447321889638034,2.5472400505697887,5.277379479479957,12.221461616738283,0.9016755843964736,1.1707579870826688,1.0
17,117,shifted_double_lane,strong,LTI_8,heavy_00,heavy,10,0.0461925982243773,2.5337021773509596,5.1950517066798065,10.516182021040914,1.0227415202437384,1.175504211766433,1.0
17,117,shifted_double_lane,strong,LTI_8,heavy_01,heavy,10,0.04806199332574723,2.3616859405006587,5.146971474512532,11.241719641555866,1.13991213877244,1.0862500457113828,1.0
17,117,shifted_double_lane,strong,LTI_8,heavy_02,heavy,10,0.046178354943653944,2.350148390376977,5.1697434227805195,10.989687600808523,1.1004688403954226,1.081532097257393,1.0
17,117,shifted_double_lane,strong,LTI_8,heavy_03,heavy,10,0.04327791533566313,2.583139363287793,5.183777669590579,10.703617676496574,1.0630939745383852,1.2016284120882068,1.0
17,117,shifted_double_lane,strong,LTI_8,heavy_04,heavy,10,0.04473610874318837,2.480435228210715,5.19260161856157,10.60615723882655,1.0390096398735438,1.1489175569805359,1.0
17,117,shifted_double_lane,strong,LTI_8,heavy_05,heavy,10,0.04704550490628924,2.350721414926956,5.161602651805078,11.080295793861824,1.1143058661579057,1.081259251186655,1.0
17,117,shifted_double_lane,strong,LTI_8,heavy_06,heavy,10,0.049870312284049374,2.300060991916052,5.153920167623252,11.186851411254965,1.1282859887606478,1.0536388756325334,1.0
17,117,shifted_double_lane,strong,LTI_8,heavy_07,heavy,10,0.045004552327507004,2.5448986745762783,5.176609180695144,10.772210833259592,1.0688985990148905,1.1827395907551637,1.0
17,117,shifted_double_lane,strong,LTI_8,heavy_08,heavy,10,0.04370269438839933,2.388133728726285,5.18922112813687,10.743497615233169,1.0630528929392091,1.1024041807385028,1.0
17,117,shifted_double_lane,strong,LTI_8,heavy_09,heavy,10,0.0516955903100387,2.254035614393106,5.167231355811747,11.030536570006284,1.0995275847358088,1.0288804290972011,1.0
17,117,shifted_double_lane,strong,LTI_8,handling_00,handling,10,0.05733007728263442,2.783508095356753,5.364714650699095,14.597857712025192,0.8014446402423245,1.2595423299021362,1.0
17,117,shifted_double_lane,strong,LTI_8,handling_01,handling,10,0.04697729906261245,3.0511622410925283,5.397776013326363,14.047461873033733,0.7060874085351574,1.3772776057474894,1.0
17,117,shifted_double_lane,strong,LTI_8,handling_02,handling,10,0.04933025137089477,3.129883351708497,5.354277917242888,14.538830245999522,0.7954948100889465,1.415502817862482,1.0
17,117,shifted_double_lane,strong,LTI_8,handling_03,handling,10,0.04927921530615297,3.027515953570125,5.374100904422942,14.346562895912,0.7586537313965152,1.3681230087170626,1.0
17,117,shifted_double_lane,strong,LTI_8,handling_04,handling,10,0.048894945960605264,3.2603542440106135,5.405816136023035,13.842860468467375,0.671449814003903,1.4698303217687092,1.0
17,117,shifted_double_lane,strong,LTI_8,handling_05,handling,10,0.052979958018633776,2.8579793857046467,5.371341200875155,14.487238062293603,0.784333156679294,1.2927720658466941,1.0
17,117,shifted_double_lane,strong,LTI_8,handling_06,handling,10,0.0515233225876727,2.9104842940949416,5.369895496874893,14.474691044879263,0.7824585877333192,1.3163079028641294,1.0
17,117,shifted_double_lane,strong,LTI_8,handling_07,handling,10,0.05051462743165034,3.115322868410161,5.356933429044966,14.496405632350749,0.7844601817785892,1.40825022415384,1.0
17,117,shifted_double_lane,strong,LTI_8,handling_08,handling,10,0.04970179141994167,2.9543424053792577,5.380565775084935,14.311666313632573,0.7524352898293004,1.3351571909230744,1.0
17,117,shifted_double_lane,strong,LTI_8,handling_09,handling,10,0.05044142554981724,2.9254550117031273,5.38510376844527,14.261646673017683,0.7417142723556451,1.3218196785050973,1.0
17,117,shifted_double_lane,strong,LTI_10,nominal_00,nominal,12,0.04406972354121564,2.3192669932680676,5.264924698390438,9.532178654333489,0.9521100662822669,1.0712112197051933,1.0
17,117,shifted_double_lane,strong,LTI_10,nominal_01,nominal,12,0.04518803571246421,2.287998487550073,5.276633035209864,9.39886297418232,0.9262677560197052,1.054693207029334,1.0
17,117,shifted_double_lane,strong,LTI_10,nominal_02,nominal,12,0.04894853545196861,2.216204870733086,5.281447727625575,9.3391063895271,0.9159735225696727,1.015380387963505,1.0
17,117,shifted_double_lane,strong,LTI_10,nominal_03,nominal,12,0.04341494618680481,2.3200325302141325,5.3125616093508325,9.003695457315443,0.8418175102621825,1.070716280081967,1.0
17,117,shifted_double_lane,strong,LTI_10,nominal_04,nominal,12,0.046937282864289956,2.2886136793883125,5.253095213902063,9.638072343344747,0.9734706475105337,1.0542280829250843,1.0
17,117,shifted_double_lane,strong,LTI_10,nominal_05,nominal,12,0.04062514744245079,2.384929658990274,5.286403564732034,9.319790756151624,0.9057481946908278,1.1048792372436862,1.0
17,117,shifted_double_lane,strong,LTI_10,nominal_06,nominal,12,0.04205805825279016,2.564842027290695,5.297371367391481,9.182655316542501,0.8590806899393265,1.1952343667736416,1.0
17,117,shifted_double_lane,strong,LTI_10,nominal_07,nominal,12,0.04887290014143434,2.276845786612394,5.261963126997854,9.515826362739306,0.9457172396932871,1.0459227519832515,1.0
17,117,shifted_double_lane,strong,LTI_10,nominal_08,nominal,12,0.04076485699206981,2.6018352639307696,5.296440216200236,9.221213490609776,0.868741243197593,1.2151872514576296,1.0
17,117,shifted_double_lane,strong,LTI_10,nominal_09,nominal,12,0.041952453126432275,2.5162393207827782,5.2786379966817805,9.373466607600037,0.9015861145246571,1.170694893482237,1.0
17,117,shifted_double_lane,strong,LTI_10,heavy_00,heavy,12,0.044126013787651706,2.5281257157194506,5.196217994801438,8.287981363097046,1.0226626320910424,1.1754525287851325,1.0
17,117,shifted_double_lane,strong,LTI_10,heavy_01,heavy,12,0.04573033523297991,2.3594966421303725,5.147614217822391,8.802090452469258,1.139825248376018,1.0861965432970968,1.0
17,117,shifted_double_lane,strong,LTI_10,heavy_02,heavy,12,0.04390812495226894,2.347451483212725,5.170448386675678,8.587098658075682,1.100384867487357,1.0814809930733265,1.0
17,117,shifted_double_lane,strong,LTI_10,heavy_03,heavy,12,0.041193899369505675,2.5754407379042585,5.1842960478805145,8.46088852839629,1.0630134507051157,1.2015789006524764,1.0
17,117,shifted_double_lane,strong,LTI_10,heavy_04,heavy,12,0.04259180510486818,2.4748082202614565,5.193437205104344,8.335140277213847,1.0389298804889568,1.1488669079969427,1.0
17,117,shifted_double_lane,strong,LTI_10,heavy_05,heavy,12,0.04475610530141155,2.3483279805700263,5.16226325919906,8.662629797635212,1.114220825156709,1.0812072032733464,1.0
17,117,shifted_double_lane,strong,LTI_10,heavy_06,heavy,12,0.04760130840607458,2.2990857720027815,5.154655740286185,8.726750173325838,1.1281996174139732,1.0535852335392815,1.0
17,117,shifted_double_lane,strong,LTI_10,heavy_07,heavy,12,0.042854895643957315,2.5404708653842074,5.177404446807519,8.502657012038116,1.0688170368020156,1.1826882978770135,1.0
17,117,shifted_double_lane,strong,LTI_10,heavy_08,heavy,12,0.041478553714882016,2.383701725045283,5.189794557182842,8.401975733530756,1.0629717913026597,1.1023549415810534,1.0
17,117,shifted_double_lane,strong,LTI_10,heavy_09,heavy,12,0.04951429445242241,2.2538093282700924,5.168295268921574,8.57506492194834,1.0994427980497352,1.0288266923408569,1.0
17,117,shifted_double_lane,strong,LTI_10,handling_00,handling,12,0.05416485564639072,2.6938545490321633,5.365924487014181,11.106024116677089,0.801343941019553,1.2594590575980666,1.0
17,117,shifted_double_lane,strong,LTI_10,handling_01,handling,12,0.043544184051079675,2.9566385619498874,5.399331728270652,10.614710222964103,0.7059958948525541,1.3771895266432215,1.0
17,117,shifted_double_lane,strong,LTI_10,handling_02,handling,12,0.04574109913776117,3.0302223057737603,5.355405244449893,11.038263768891838,0.7953950876894277,1.4154126873987904,1.0
17,117,shifted_double_lane,strong,LTI_10,handling_03,handling,12,0.0457781226658035,2.9310244536684014,5.375533880342067,10.839644739612043,0.7585571673780924,1.368034853690053,1.0
17,117,shifted_double_lane,strong,LTI_10,handling_04,handling,12,0.045784425840028814,3.165673813237546,5.40728466769047,10.5503612975743,0.6713617653176087,1.469737554875956,1.0
17,117,shifted_double_lane,strong,LTI_10,handling_05,handling,12,0.049679432457332716,2.76147604675961,5.372475891844352,10.997091864249517,0.7842343542346768,1.2926882086783122,1.0
17,117,shifted_double_lane,strong,LTI_10,handling_06,handling,12,0.048135299963138665,2.8134149586460273,5.37106657699905,10.965652335401254,0.7823599821869921,1.3162228833301537,1.0
17,117,shifted_double_lane,strong,LTI_10,handling_07,handling,12,0.046950251879700734,3.017426926764108,5.358483840945217,10.99822776364814,0.7843610350435856,1.4081592279351347,1.0
17,117,shifted_double_lane,strong,LTI_10,handling_08,handling,12,0.04626852905001685,2.8586252170542004,5.381871907222051,10.8284444841002,0.7523393419869713,1.3350709655596333,1.0
17,117,shifted_double_lane,strong,LTI_10,handling_09,handling,12,0.04704958768427135,2.8312359861604883,5.386557683710982,10.803037204895334,0.7416191085761045,1.3217335831705868,1.0
17,117,constant_22,near_linear,M4,nominal_00,nominal,0,0.010552098228883271,0.6673413706169304,1.361147323668315,0.7524574255638438,0.17809176974972704,0.29609294175078754,1.0
17,117,constant_22,near_linear,M4,nominal_01,nominal,0,0.010780161514963504,0.6589314440098673,1.3625134460756114,0.7430827889915764,0.1722167822000155,0.29233112686967,1.0
17,117,constant_22,near_linear,M4,nominal_02,nominal,0,0.011675009859456534,0.6391279617027413,1.363099087714373,0.7210092680850786,0.16985038088061255,0.2835040610635131,1.0
17,117,constant_22,near_linear,M4,nominal_03,nominal,0,0.010264585089001091,0.666628033445035,1.3664969328743708,0.7517661200329689,0.15311850994537068,0.2957178853858831,1.0
17,117,constant_22,near_linear,M4,nominal_04,nominal,0,0.011238398691881516,0.659120419387357,1.359760320951122,0.7432815578657496,0.1829287329981555,0.2924255078080014,1.0
17,117,constant_22,near_linear,M4,nominal_05,nominal,0,0.009742711669105878,0.6839031370679853,1.3635745246793791,0.7709478631663,0.16760785041054185,0.30345037025508226,1.0
17,117,constant_22,near_linear,M4,nominal_06,nominal,0,0.010414050898033756,0.7296092614924634,1.3646228530552484,0.8221061926301804,0.15713864352075194,0.32374180178185236,1.0
17,117,constant_22,near_linear,M4,nominal_07,nominal,0,0.011614277792307724,0.6550998143813228,1.3607801450819006,0.7388855420901278,0.17663372161143626,0.2906076982135662,1.0
17,117,constant_22,near_linear,M4,nominal_08,nominal,0,0.010247601631980316,0.7393234678303533,1.3645377667299472,0.8328841732692038,0.15933235086106876,0.32808497431675215,1.0
17,117,constant_22,near_linear,M4,nominal_09,nominal,0,0.01022657402860956,0.7175573232152537,1.362528436769782,0.808620860635165,0.1667416953252063,0.31840517076292607,1.0
17,117,constant_22,near_linear,M4,heavy_00,heavy,0,0.011176070218626205,0.7219512338566468,1.3522694318803614,0.8135543245827868,0.19437830543655363,0.32039340222027757,1.0
17,117,constant_22,near_linear,M4,heavy_01,heavy,0,0.011250638546116177,0.6773473189733255,1.3462414796473448,0.7636580032735163,0.22097099553247718,0.30057979301497445,1.0
17,117,constant_22,near_linear,M4,heavy_02,heavy,0,0.010823991414101054,0.6744253380321714,1.349201888837663,0.7603813381890214,0.21196359960289604,0.29927593099225924,1.0
17,117,constant_22,near_linear,M4,heavy_03,heavy,0,0.010674561380005769,0.734565246790696,1.3507641790692027,0.8274647365310225,0.20356359513136804,0.3260783853103088,1.0
17,117,constant_22,near_linear,M4,heavy_04,heavy,0,0.010695635729451406,0.7083206325257226,1.3520031216565689,0.7982768941809404,0.19804241174001186,0.31434314960756,1.0
17,117,constant_22,near_linear,M4,heavy_05,heavy,0,0.011018081203192488,0.6745010689362954,1.3481444466787824,0.7604661742291774,0.21512116163196618,0.2993076600707536,1.0
17,117,constant_22,near_linear,M4,heavy_06,heavy,0,0.011659878708837076,0.6608173355764307,1.347219941118934,0.7452447048012562,0.2182869516666359,0.2931985017718918,1.0
17,117,constant_22,near_linear,M4,heavy_07,heavy,0,0.010920239765003163,0.7255459360440897,1.3499075119902597,0.8174731687913676,0.20487942956136102,0.3220407299315353,1.0
17,117,constant_22,near_linear,M4,heavy_08,heavy,0,0.01029983741082781,0.6845350701293901,1.3516494718006378,0.7716504016909321,0.2034550870680071,0.3037755673111703,1.0
17,117,constant_22,near_linear,M4,heavy_09,heavy,0,0.012071271932179328,0.6482403840825757,1.3490234065168887,0.7312660433710393,0.21171099016759645,0.2875692910257355,1.0
17,117,constant_22,near_linear,M4,handling_00,handling,0,0.012734021703152739,0.760996798155985,1.3731545469994226,0.8573017016197367,0.143722691225011,0.337608247604529,1.0
17,117,constant_22,near_linear,M4,handling_01,handling,0,0.010048307402015441,0.8194703651137079,1.3763215449697233,0.9227548142448325,0.1223560328292201,0.363527681244286,1.0
17,117,constant_22,near_linear,M4,handling_02,handling,0,0.010589634716823731,0.8396662905848297,1.3717709606590789,0.9452408015731943,0.14253207407520566,0.3725566374695754,1.0
17,117,constant_22,near_linear,M4,handling_03,handling,0,0.01053019380861983,0.8154558798813747,1.3739106747752647,0.9182323356626054,0.13418231910343617,0.36177464504614026,1.0
17,117,constant_22,near_linear,M4,handling_04,handling,0,0.011050291467495452,0.8657538655551815,1.3769315001880935,0.9745479136968862,0.11465269617741533,0.3840605223068108,1.0
17,117,constant_22,near_linear,M4,handling_05,handling,0,0.01157116096010463,0.777467402428168,1.3737793834395458,0.8757188822803272,0.13989395757609188,0.3449256453803004,1.0
17,117,constant_22,near_linear,M4,handling_06,handling,0,0.011150385639789824,0.7893618162537214,1.3735880700334588,0.8890174767340798,0.13949442298216413,0.3502043922711795,1.0
17,117,constant_22,near_linear,M4,handling_07,handling,0,0.010838288128362673,0.8361497931705442,1.3720702480500442,0.9413662168920691,0.14004096005372924,0.3709782975748401,1.0
17,117,constant_22,near_linear,M4,handling_08,handling,0,0.010644687972119121,0.7986818722628033,1.3746442930219085,0.8994769784883098,0.13274873710932814,0.3543246392608835,1.0
17,117,constant_22,near_linear,M4,handling_09,handling,0,0.0108110946923757,0.791946138540974,1.3751358815500359,0.891973570091407,0.13032452968934444,0.35132782433287746,1.0
17,117,constant_22,near_linear,LTI_1,nominal_00,nominal,0,0.009805523858620525,0.6668369665602188,1.360115216522271,0.7518301108168789,0.17796384732513282,0.29588219171321606,1.0
17,117,constant_22,near_linear,LTI_1,nominal_01,nominal,0,0.009873264488909178,0.6584327908039128,1.3615144287044827,0.7424829812421441,0.17209539782427224,0.2921270363802895,1.0
17,117,constant_22,near_linear,LTI_1,nominal_02,nominal,0,0.010257436586996765,0.638647012836938,1.362118047091688,0.720428857579915,0.1697317741312853,0.2833079194656756,1.0
17,117,constant_22,near_linear,LTI_1,nominal_03,nominal,0,0.00990683948123833,0.6661524984398084,1.3655570724166934,0.7511931722029629,0.15301656772436145,0.29552334128827534,1.0
17,117,constant_22,near_linear,LTI_1,nominal_04,nominal,0,0.010160256808575924,0.6586063938938559,1.3587274012686457,0.7426512379610342,0.18279515478370972,0.2922137695171284,1.0
17,117,constant_22,near_linear,LTI_1,nominal_05,nominal,0,0.009728062856671502,0.6833901701947406,1.3625929980004836,0.7703327263313149,0.1674912343910248,0.30324144867077135,1.0
17,117,constant_22,near_linear,LTI_1,nominal_06,nominal,0,0.011812588254224632,0.7290796708406839,1.3636396575014884,0.8214497245785753,0.15703123772908834,0.32352328688364484,1.0
17,117,constant_22,near_linear,LTI_1,nominal_07,nominal,0,0.010524664915864358,0.6545913833662629,1.359754488375957,0.7382729526995659,0.1765067501454015,0.2904006693926572,1.0
17,117,constant_22,near_linear,LTI_1,nominal_08,nominal,0,0.011937143494663557,0.7387886486781087,1.3635564573479635,0.8322226342577893,0.1592230595733142,0.3278626790918434,1.0
17,117,constant_22,near_linear,LTI_1,nominal_09,nominal,0,0.011189932578321389,0.7170268993457182,1.361534460675033,0.8079633913297255,0.16662444502356302,0.3181838090372992,1.0
17,117,constant_22,near_linear,LTI_1,heavy_00,heavy,0,0.012013329482084223,0.72140531127666,1.3512867213313975,0.8129008473588326,0.19424155599382006,0.3201700680706502,1.0
17,117,constant_22,near_linear,LTI_1,heavy_01,heavy,0,0.010763698151927108,0.6767947618291206,1.34516748185517,0.7629805140576031,0.22080278591194008,0.300352251925342,1.0
17,117,constant_22,near_linear,LTI_1,heavy_02,heavy,0,0.010380242207098617,0.6738891705846762,1.3481562177934479,0.7597419319107306,0.21180770053029227,0.2990571861179545,1.0
17,117,constant_22,near_linear,LTI_1,heavy_03,heavy,0,0.011862174702045987,0.7340050802679564,1.3497373984028065,0.8267805613845651,0.2034168594220607,0.3258453724064708,1.0
17,117,constant_22,near_linear,LTI_1,heavy_04,heavy,0,0.011244338163903465,0.7077817673213054,1.3510089607419347,0.7976300440618695,0.19790223192761394,0.31412253394443584,1.0
17,117,constant_22,near_linear,LTI_1,heavy_05,heavy,0,0.01053240976939576,0.6739609341026943,1.3471037574025035,0.7598201247102864,0.21496099299406998,0.2990861369636486,1.0
17,117,constant_22,near_linear,LTI_1,heavy_06,heavy,0,0.010779977121283132,0.660279430734695,1.3461652703456264,0.7446022831167891,0.21812270564833955,0.29297901638030655,1.0
17,117,constant_22,near_linear,LTI_1,heavy_07,heavy,0,0.011818979129178129,0.7249856579582024,1.3488726620113816,0.8167879693595077,0.20473051512424095,0.3218086211563921,1.0
17,117,constant_22,near_linear,LTI_1,heavy_08,heavy,0,0.01024147093836779,0.6840124615548487,1.350639264079946,0.7710089176566889,0.20330984607419025,0.30356029477333296,1.0
17,117,constant_22,near_linear,LTI_1,heavy_09,heavy,0,0.010962060257527039,0.6477346691805007,1.347975748675917,0.7306426806044753,0.21155529254316321,0.28735889071245274,1.0
17,117,constant_22,near_linear,LTI_1,handling_00,handling,0,0.01076741894824024,0.7604264316722642,1.372151840271811,0.8565871152753544,0.1436215480090981,0.3373739572106776,1.0
17,117,constant_22,near_linear,LTI_1,handling_01,handling,0,0.010732628736079013,0.8188830633962625,1.3753551776176856,0.9220200845836956,0.12227310221665479,0.363285470037828,1.0
17,117,constant_22,near_linear,LTI_1,handling_02,handling,0,0.01117638600358588,0.839025675332582,1.3707396550753974,0.9444556700104575,0.14243000800678568,0.37229379947904706,1.0
17,117,constant_22,near_linear,LTI_1,handling_03,handling,0,0.010613857047639669,0.8148560930463365,1.3729302285837053,0.9174829227087586,0.1340887112426836,0.36152618288743515,1.0
17,117,constant_22,near_linear,LTI_1,handling_04,handling,0,0.013223711617025884,0.8651495076831409,1.3759818002276394,0.9737934782107753,0.11457548606988216,0.38380664042834356,1.0
17,117,constant_22,near_linear,LTI_1,handling_05,handling,0,0.010169654778599116,0.7769022693362492,1.3727894209043345,0.8750111770194863,0.13979618497109547,0.34468803936077264,1.0
17,117,constant_22,near_linear,LTI_1,handling_06,handling,0,0.010143359300409318,0.7887827024696041,1.372594651488021,0.8882930522013982,0.13939669520019443,0.3499626137661455,1.0
17,117,constant_22,near_linear,LTI_1,handling_07,handling,0,0.01137031995287436,0.8355179185861941,1.3710507098311113,0.9405784921838505,0.1399411025084368,0.3707177933103958,1.0
17,117,constant_22,near_linear,LTI_1,handling_08,handling,0,0.010207932217568274,0.7981037689534938,1.3736498434290163,0.8987534983568403,0.1326569408116695,0.35408341528520276,1.0
17,117,constant_22,near_linear,LTI_1,handling_09,handling,0,0.010234882151796207,0.7913794632350457,1.3741421729298182,0.8912674327674595,0.13023498536593775,0.35109024770216235,1.0
17,117,constant_22,near_linear,LTI_2,nominal_00,nominal,0,0.009851857661105518,0.666925213388312,1.360295413713142,0.7519390773703462,0.17798610895913367,0.29591886699015324,1.0
17,117,constant_22,near_linear,LTI_2,nominal_01,nominal,0,0.009949475113547287,0.6585196436049181,1.3616885963260381,0.7425870111705196,0.1721164647050633,0.29216245697237603,1.0
17,117,constant_22,near_linear,LTI_2,nominal_02,nominal,0,0.01042708599518217,0.6387306480300213,1.3622889859478449,0.7205293290752707,0.1697523315041842,0.2833419150615345,1.0
17,117,constant_22,near_linear,LTI_2,nominal_03,nominal,0,0.009895369313528834,0.6662346170393125,1.3657195996247231,0.751291679332587,0.15303410794111294,0.2955568144740345,1.0
17,117,constant_22,near_linear,LTI_2,nominal_04,nominal,0,0.010266355734647474,0.6586964116543913,1.358906463516316,0.7427589684874591,0.18281845299103067,0.29225069962630623,1.0
17,117,constant_22,near_linear,LTI_2,nominal_05,nominal,0,0.009654114875815733,0.6834793100017836,1.362763880924793,0.7704391982496278,0.16751143548878314,0.30327763940862346,1.0
17,117,constant_22,near_linear,LTI_2,nominal_06,nominal,0,0.011540799754632002,0.7291715231777687,1.3638100109250888,0.8215628012789431,0.1570497872049258,0.32356102548566584,1.0
17,117,constant_22,near_linear,LTI_2,nominal_07,nominal,0,0.010637259483711598,0.6546800226911433,1.3599336316290394,0.7383794091179774,0.17652884492835866,0.2904366948383825,1.0
17,117,constant_22,near_linear,LTI_2,nominal_08,nominal,0,0.011622784360647946,0.7388815274780767,1.3637232037834068,0.8323367553521495,0.15924194707723452,0.3279010957773028,1.0
17,117,constant_22,near_linear,LTI_2,nominal_09,nominal,0,0.010975636124197548,0.7171193769642756,1.3617076612993995,0.8080772338288587,0.1666447808141781,0.3182222017790674,1.0
17,117,constant_22,near_linear,LTI_2,heavy_00,heavy,0,0.011862648879005953,0.7214982406022994,1.3514544192488251,0.8130109045659978,0.19426476725143946,0.3202079753527939,1.0
17,117,constant_22,near_linear,LTI_2,heavy_01,heavy,0,0.010801057806475138,0.6768900608925723,1.3453526901020925,0.7630962950099297,0.2208316939080991,0.300391355015602,1.0
17,117,constant_22,near_linear,LTI_2,heavy_02,heavy,0,0.010409805179755212,0.6739810700452802,1.3483321395377708,0.7598509407483021,0.21183435723066213,0.2990945873988222,1.0
17,117,constant_22,near_linear,LTI_2,heavy_03,heavy,0,0.011657322460874047,0.734101037396653,1.3499128798946531,0.8268967584690485,0.20344186894960706,0.3258850864089681,1.0
17,117,constant_22,near_linear,LTI_2,heavy_04,heavy,0,0.011130930253750138,0.7078736088207589,1.3511786857401025,0.79773883826537,0.19792605256936513,0.3141600223201653,1.0
17,117,constant_22,near_linear,LTI_2,heavy_05,heavy,0,0.0105690703511698,0.6740537441782525,1.3472829066056091,0.759930204570372,0.21498842974795146,0.2991240823793597,1.0
17,117,constant_22,near_linear,LTI_2,heavy_06,heavy,0,0.01088095503971809,0.660371936356158,1.3463470136334148,0.7447121493589872,0.21815088458842777,0.2930166709521681,1.0
17,117,constant_22,near_linear,LTI_2,heavy_07,heavy,0,0.011655380250391685,0.7250816930052078,1.3490497060257494,0.8169043860518546,0.2047559257838353,0.32184822740941493,1.0
17,117,constant_22,near_linear,LTI_2,heavy_08,heavy,0,0.010211755430313678,0.6841017459368817,1.350811839110508,0.7711174903125614,0.20333456585167473,0.30359693284710143,1.0
17,117,constant_22,near_linear,LTI_2,heavy_09,heavy,0,0.01110209116135962,0.6478215704862427,1.3481552951662839,0.7307487400234188,0.21158191205745716,0.28739486121261304,1.0
17,117,constant_22,near_linear,LTI_2,handling_00,handling,0,0.011017822328242614,0.7605281306662725,1.3723307071870752,0.8567136314330287,0.143639499998239,0.33741554183518696,1.0
17,117,constant_22,near_linear,LTI_2,handling_01,handling,0,0.010514476510931955,0.8189871742047995,1.3755265216086994,0.9221497621084235,0.12228773399883933,0.36332820473874733,1.0
17,117,constant_22,near_linear,LTI_2,handling_02,handling,0,0.010971945649499115,0.8391366216742665,1.3709237951352775,0.944593261167875,0.14244815416615983,0.3723405294792761,1.0
17,117,constant_22,near_linear,LTI_2,handling_03,handling,0,0.01049017693358941,0.8149628879600134,1.373104926462649,0.917615776447558,0.13410529638268337,0.361570205010591,1.0
17,117,constant_22,near_linear,LTI_2,handling_04,handling,0,0.012798686766152754,0.8652565807679938,1.3761500230822095,0.9739265725308285,0.11458908859019737,0.38385136869996883,1.0
17,117,constant_22,near_linear,LTI_2,handling_05,handling,0,0.010306514161872352,0.777003049277795,1.3729658832701563,0.8751368158490461,0.13981352031592786,0.3447301678195877,1.0
17,117,constant_22,near_linear,LTI_2,handling_06,handling,0,0.010206157692069,0.7888859580144841,1.3727717530172667,0.8884216436788442,0.13941402631687191,0.3500054912520077,1.0
17,117,constant_22,near_linear,LTI_2,handling_07,handling,0,0.011177799927908707,0.8356307076115215,1.3712326960059498,0.9407184949807834,0.13995884446916926,0.37076407828362656,1.0
17,117,constant_22,near_linear,LTI_2,handling_08,handling,0,0.010170321847674435,0.7982066358183808,1.3738217789630058,0.8988816636212559,0.13267318774563447,0.35412610961698093,1.0
17,117,constant_22,near_linear,LTI_2,handling_09,handling,0,0.010223195833298927,0.7914796843419809,1.37431863225659,0.8913924743208644,0.1302508193460546,0.3511322583347361,1.0
17,117,constant_22,near_linear,LTI_3,nominal_00,nominal,0,0.012872788151719182,0.6679426289414391,1.3623489867346479,0.7531890387278072,0.17824181817158496,0.2963401393496927,1.0
17,117,constant_22,near_linear,LTI_3,nominal_01,nominal,0,0.013192168031046133,0.6595121800102145,1.3636763336715232,0.7437971253282581,0.17235920181204475,0.29257058043990736,1.0
17,117,constant_22,near_linear,LTI_3,nominal_02,nominal,0,0.014444766498300203,0.6396882099720138,1.36427420511572,0.7216862712533066,0.16998955848511388,0.2837342168383995,1.0
17,117,constant_22,near_linear,LTI_3,nominal_03,nominal,0,0.01211878277173186,0.6671824142656927,1.36760297008167,0.7524457365995292,0.15323823560454014,0.29594636108039735,1.0
17,117,constant_22,near_linear,LTI_3,nominal_04,nominal,0,0.01381082445268503,0.6597186382900171,1.360991139036288,0.7440276939678884,0.1830853815506596,0.29267381136010084,1.0
17,117,constant_22,near_linear,LTI_3,nominal_05,nominal,0,0.011401856842366795,0.6845007799304605,1.3647345194274754,0.7716747985368867,0.16774470516134826,0.3036955445850092,1.0
17,117,constant_22,near_linear,LTI_3,nominal_06,nominal,0,0.010219281038858514,0.7302263902723036,1.3657689135653304,0.8228729213149756,0.15726475516183105,0.32399836566697665,1.0
17,117,constant_22,near_linear,LTI_3,nominal_07,nominal,0,0.014132513874120676,0.6556921067092805,1.3619742086837752,0.7395999173074991,0.1767826663266229,0.29085055036471125,1.0
17,117,constant_22,near_linear,LTI_3,nominal_08,nominal,0,0.009676052988205933,0.7399464383141463,1.3656966387831149,0.8336564640105157,0.15946066125482625,0.3283459461807416,1.0
17,117,constant_22,near_linear,LTI_3,nominal_09,nominal,0,0.010694944158000728,0.7181866380958685,1.3636858072372078,0.8093880846220182,0.1668792995744318,0.3186649525846074,1.0
17,117,constant_22,near_linear,LTI_3,heavy_00,heavy,0,0.011269830284404266,0.7225915784366501,1.3534558809736943,0.8143410745622442,0.19453954699760745,0.3206567310423814,1.0
17,117,constant_22,near_linear,LTI_3,heavy_01,heavy,0,0.012972417678548868,0.6779943232481578,1.3474989297686337,0.7644532679925441,0.22116904869514853,0.30084770299941366,1.0
17,117,constant_22,near_linear,LTI_3,heavy_02,heavy,0,0.012500315410656134,0.6750536517896859,1.3504362392107632,0.7611340242196433,0.2121472453146716,0.2995336059714739,1.0
17,117,constant_22,near_linear,LTI_3,heavy_03,heavy,0,0.010405889400416908,0.735229968433214,1.3519677519351012,0.8282681280348888,0.20373652017419186,0.32635298135414903,1.0
17,117,constant_22,near_linear,LTI_3,heavy_04,heavy,0,0.01122015582323078,0.7089525310886248,1.3531710295842703,0.7990535455550624,0.19820766541080523,0.3146032225072048,1.0
17,117,constant_22,near_linear,LTI_3,heavy_05,heavy,0,0.012733067143760013,0.6751338057006901,1.3493865052574623,0.761244582856548,0.21530980468612165,0.29956856357263956,1.0
17,117,constant_22,near_linear,LTI_3,heavy_06,heavy,0,0.013720945830736974,0.661447486518454,1.3484548818142845,0.7459983847573156,0.21848036625053768,0.2934569652676484,1.0
17,117,constant_22,near_linear,LTI_3,heavy_07,heavy,0,0.01101647575336384,0.7262023924406641,1.351120515079179,0.8182778936748084,0.20505490897976178,0.3223142402446383,1.0
17,117,constant_22,near_linear,LTI_3,heavy_08,heavy,0,0.011588071601861871,0.685147551277279,1.3528332830397798,0.7724040623156969,0.20362625837968437,0.30402927036710675,1.0
17,117,constant_22,near_linear,LTI_3,heavy_09,heavy,0,0.014292682561297891,0.6488409435756657,1.3502509990682772,0.7319979463028401,0.211894403298156,0.28781714410433873,1.0
17,117,constant_22,near_linear,LTI_3,handling_00,handling,0,0.016272834429580888,0.7616559651305532,1.374312926031488,0.8581298596265873,0.14384081212880376,0.3378818560495524,1.0
17,117,constant_22,near_linear,LTI_3,handling_01,handling,0,0.011343177278989211,0.8201497435587184,1.3774391811753819,0.9236065837586388,0.12245297141866332,0.3638107929151137,1.0
17,117,constant_22,near_linear,LTI_3,handling_02,handling,0,0.012010535232812156,0.8404140321920252,1.3729632735939035,0.9461735810987025,0.14265128567355978,0.37286361632609716,1.0
17,117,constant_22,near_linear,LTI_3,handling_03,handling,0,0.012450193677817235,0.8161492504710968,1.3750918622128085,0.9191005563312944,0.1342916852089039,0.36206492267868134,1.0
17,117,constant_22,near_linear,LTI_3,handling_04,handling,0,0.01013835271495487,0.8664768839210757,1.3780591148694439,0.9754342495465673,0.11474297984388117,0.38435737893808436,1.0
17,117,constant_22,near_linear,LTI_3,handling_05,handling,0,0.014739416764873685,0.7781455323823167,1.3749401537961323,0.8765419324130916,0.14000816012646752,0.3452031693539337,1.0
17,117,constant_22,near_linear,LTI_3,handling_06,handling,0,0.0140308901527083,0.7900383592614733,1.3747470919771685,0.8898562773217211,0.13960857605858126,0.3504867966314833,1.0
17,117,constant_22,near_linear,LTI_3,handling_07,handling,0,0.012262776926595014,0.8368802821152542,1.3732488185437897,0.9422788113615231,0.14015760353886994,0.3712825802257044,1.0
17,117,constant_22,near_linear,LTI_3,handling_08,handling,0,0.013046996811074865,0.7993554525812399,1.3758096953480856,0.9003149707763989,0.13285599145834756,0.3546064732740652,1.0
17,117,constant_22,near_linear,LTI_3,handling_09,handling,0,0.013306849048591531,0.792626397993246,1.3762852145299633,0.8928030489627568,0.1304291629176936,0.3516054235398889,1.0
17,117,constant_22,near_linear,LTI_5,nominal_00,nominal,0,0.01026842217687109,0.6672241421061612,1.3609065036004144,0.7523096458781081,0.1780617938489308,0.29604355553283257,1.0
17,117,constant_22,near_linear,LTI_5,nominal_01,nominal,0,0.01045833909470244,0.6588145441695012,1.3622796409936269,0.7429410469773959,0.17218818621087487,0.2922830454550766,1.0
17,117,constant_22,near_linear,LTI_5,nominal_02,nominal,0,0.011232088014241335,0.639014859037509,1.3628692146811479,0.7208715998735195,0.1698223658663257,0.2834577308157545,1.0
17,117,constant_22,near_linear,LTI_5,nominal_03,nominal,0,0.010084810373599819,0.6665146752759862,1.3662734399853085,0.751628430868994,0.15309408812828884,0.295671278501852,1.0
17,117,constant_22,near_linear,LTI_5,nominal_04,nominal,0,0.010877285722142433,0.6590012082948316,1.3595144319622035,0.7431311861957987,0.1828975719623668,0.2923761120092362,1.0
17,117,constant_22,near_linear,LTI_5,nominal_05,nominal,0,0.009645547811865076,0.6837823394357766,1.3633441748964306,0.7708019256959989,0.1675802757938321,0.3034009683329488,1.0
17,117,constant_22,near_linear,LTI_5,nominal_06,nominal,0,0.010733398389261335,0.7294840808595943,1.3643900088308514,0.8219490408562179,0.15711309909749668,0.3236898317172906,1.0
17,117,constant_22,near_linear,LTI_5,nominal_07,nominal,0,0.011254899287630831,0.6549811076192713,1.3605410226417836,0.7387413575888868,0.17660396615048804,0.29055918002163417,1.0
17,117,constant_22,near_linear,LTI_5,nominal_08,nominal,0,0.01065014527590332,0.739197355289742,1.36430238753539,0.832726242598322,0.15930639037856711,0.3280321709995918,1.0
17,117,constant_22,near_linear,LTI_5,nominal_09,nominal,0,0.010412379497953816,0.717433208544032,1.36229560191352,0.8084650295188889,0.16671403915088726,0.31835295681697684,1.0
17,117,constant_22,near_linear,LTI_5,heavy_00,heavy,0,0.011406316023545643,0.7218178848041019,1.3520304486057766,0.8133905086111196,0.1943447601172011,0.3203386155524062,1.0
17,117,constant_22,near_linear,LTI_5,heavy_01,heavy,0,0.011080488512479997,0.6772156253408977,1.345985430437515,0.7634937993085739,0.22093068038112,0.30052525385952344,1.0
17,117,constant_22,near_linear,LTI_5,heavy_02,heavy,0,0.010661996878148094,0.6742960345055959,1.348947584547437,0.7602256325328383,0.2119258728392881,0.29922299246638373,1.0
17,117,constant_22,near_linear,LTI_5,heavy_03,heavy,0,0.011004294378902692,0.7344299918858206,1.3505151975083127,0.8272969646175699,0.2035278730952686,0.326021657698313,1.0
17,117,constant_22,near_linear,LTI_5,heavy_04,heavy,0,0.01083140030153066,0.7081893014357312,1.351761545201268,0.7981138445820813,0.19800809590222268,0.3142891410837359,1.0
17,117,constant_22,near_linear,LTI_5,heavy_05,heavy,0,0.010845939971056383,0.6743714172044118,1.347895474499895,0.7603080727915987,0.21508253518219286,0.29925423371080107,1.0
17,117,constant_22,near_linear,LTI_5,heavy_06,heavy,0,0.011380966675716716,0.6606884345563114,1.346968129784149,0.7450891820560691,0.21824745852274027,0.2931457221352251,1.0
17,117,constant_22,near_linear,LTI_5,heavy_07,heavy,0,0.011162904899764998,0.7254108197042932,1.3496570704411204,0.817305279704059,0.20484325734524672,0.32198434726240877,1.0
17,117,constant_22,near_linear,LTI_5,heavy_08,heavy,0,0.010246297660309203,0.6844082524394102,1.3514042839065332,0.771492112376838,0.20341963438012522,0.3037230174698037,1.0
17,117,constant_22,near_linear,LTI_5,heavy_09,heavy,0,0.011729934728752866,0.6481189958204923,1.3487706769302703,0.7311136934361068,0.21167330536712511,0.2875183620793248,1.0
17,117,constant_22,near_linear,LTI_5,handling_00,handling,0,0.012164480499415568,0.7608689947128092,1.3729300436549292,0.8571400845686739,0.1436998957572765,0.3375554434566423,1.0
17,117,constant_22,near_linear,LTI_5,handling_01,handling,0,0.010086211851276594,0.8193371636662864,1.3761024466360188,0.9225867937836668,0.12233710964916275,0.3634724132725137,1.0
17,117,constant_22,near_linear,LTI_5,handling_02,handling,0,0.01060320643489973,0.8395217716217722,1.3715406044109126,0.9450594053877935,0.14250915513361148,0.3724976173390385,1.0
17,117,constant_22,near_linear,LTI_5,handling_03,handling,0,0.0104171097367007,0.8153210929999779,1.373690628107152,0.9180625043812742,0.13416114546611707,0.36171844414839893,1.0
17,117,constant_22,near_linear,LTI_5,handling_04,handling,0,0.011510830268623195,0.865616620307426,1.3767157426077878,0.974375205321703,0.11463502642979752,0.38400242092397985,1.0
17,117,constant_22,near_linear,LTI_5,handling_05,handling,0,0.01111589402670098,0.7773407734883715,1.3735573719360208,0.8755589294120075,0.13987187291627637,0.3448719752927564,1.0
17,117,constant_22,near_linear,LTI_5,handling_06,handling,0,0.010780637411565373,0.7892320253416572,1.3733653582323362,0.8888537235419739,0.13947235892101575,0.3501498056776145,1.0
17,117,constant_22,near_linear,LTI_5,handling_07,handling,0,0.010842380498717209,0.836008565260995,1.3718423641660438,0.9411886798242751,0.14001850646205083,0.3709197217313222,1.0
17,117,constant_22,near_linear,LTI_5,handling_08,handling,0,0.010404834603620114,0.7985517586390048,1.3744169033709934,0.8993127578963817,0.13272792636148642,0.354269952330687,1.0
17,117,constant_22,near_linear,LTI_5,handling_09,handling,0,0.010540536817801528,0.7918159726430339,1.374911322466743,0.8918131290509257,0.1303041909849166,0.35127386212790657,1.0
17,117,constant_22,near_linear,LTI_8,nominal_00,nominal,0,0.011149259939654228,0.6675345246993996,1.3615419273812739,0.7526963348644361,0.17814084089975038,0.2961737831101139,1.0
17,117,constant_22,near_linear,LTI_8,nominal_01,nominal,0,0.011412481671642829,0.6591216431104607,1.3628946946959237,0.7433107859944917,0.17226321835205766,0.29240920016461047,1.0
17,117,constant_22,near_linear,LTI_8,nominal_02,nominal,0,0.012438293013010084,0.6393111247324273,1.3634765720448283,0.7212294922861072,0.16989569260537138,0.28357899128665043,1.0
17,117,constant_22,near_linear,LTI_8,nominal_03,nominal,0,0.010706702200109594,0.6668078731481694,1.3668526678932578,0.7519820233861622,0.15315717232502504,0.29579166536823015,1.0
17,117,constant_22,near_linear,LTI_8,nominal_04,nominal,0,0.011928987000605372,0.6593175360167502,1.3601651717262246,0.7435254605014356,0.18298009173040078,0.29250691529237655,1.0
17,117,constant_22,near_linear,LTI_8,nominal_05,nominal,0,0.010106548062578566,0.68409836936161,1.3639485316364413,0.7711812260175227,0.1676523779429817,0.30353014037792886,1.0
17,117,constant_22,near_linear,LTI_8,nominal_06,nominal,0,0.01020634634736063,0.7298104311993385,1.3649960184628858,0.8223542447406261,0.15717953850836405,0.32382499929353453,1.0
17,117,constant_22,near_linear,LTI_8,nominal_07,nominal,0,0.012291264106825548,0.6552942634675181,1.3611724353953556,0.7391189415471209,0.1766824293043452,0.29068711431146455,1.0
17,117,constant_22,near_linear,LTI_8,nominal_08,nominal,0,0.009922634146785047,0.7395268292608577,1.3649151399484019,0.8331344362923414,0.15937398880320766,0.3281696621375416,1.0
17,117,constant_22,near_linear,LTI_8,nominal_09,nominal,0,0.01021346304822917,0.7177597998038477,1.3629076687197397,0.8088705189165236,0.16678652871888822,0.3184898110592423,1.0
17,117,constant_22,near_linear,LTI_8,heavy_00,heavy,0,0.01113325566333246,0.7221559665336259,1.3526474504298207,0.8138033315034036,0.19442965751635968,0.3204772657219739,1.0
17,117,constant_22,near_linear,LTI_8,heavy_01,heavy,0,0.011687056407939591,0.677557188618768,1.34664929174828,0.7639133902473195,0.22103494095161533,0.30066628971825826,1.0
17,117,constant_22,near_linear,LTI_8,heavy_02,heavy,0,0.01124215986239052,0.6746277501259759,1.349599265219367,0.7606216494480688,0.2120225613262009,0.2993586578116552,1.0
17,117,constant_22,near_linear,LTI_8,heavy_03,heavy,0,0.010516910186750914,0.7347765244753718,1.351150664237106,0.8277209659079264,0.203618918759124,0.3261662349923402,1.0
17,117,constant_22,near_linear,LTI_8,heavy_04,heavy,0,0.010769220951002594,0.708522937766963,1.3523768179715805,0.7985230333204848,0.19809510712253584,0.3144260788986562,1.0
17,117,constant_22,near_linear,LTI_8,heavy_05,heavy,0,0.011450159085037543,0.6747054669590683,1.348538795100479,0.760715079657888,0.21518185017044092,0.29939159249200026,1.0
17,117,constant_22,near_linear,LTI_8,heavy_06,heavy,0,0.012205271724919224,0.661021090675233,1.347620036566957,0.7454869261034804,0.2183492823279728,0.2932817917809021,1.0
17,117,constant_22,near_linear,LTI_8,heavy_07,heavy,0,0.010870039496066734,0.7257574241800985,1.3502974754548973,0.8177299373878746,0.20493564377930626,0.3221283464282743,1.0
17,117,constant_22,near_linear,LTI_8,heavy_08,heavy,0,0.010593926601689755,0.6847316735878933,1.3520294282942473,0.771889859173312,0.20350976383999078,0.303856604670452,1.0
17,117,constant_22,near_linear,LTI_8,heavy_09,heavy,0,0.012668969226579448,0.6484317048731223,1.3494188141086996,0.7314999350921662,0.21176987110903184,0.28764885555782677,1.0
17,117,constant_22,near_linear,LTI_8,handling_00,handling,0,0.01377227253204954,0.761218223832904,1.3735438490481813,0.857578510303673,0.1437621612266128,0.33769967394900163,1.0
17,117,constant_22,near_linear,LTI_8,handling_01,handling,0,0.01024024087437644,0.819697089232312,1.3766946062351346,0.923037716167201,0.12238820825314245,0.363621651012201,1.0
17,117,constant_22,near_linear,LTI_8,handling_02,handling,0,0.01082765879192606,0.8399177659640952,1.3721721156893654,0.9455530504651055,0.14257198487236405,0.37265941155451016,1.0
17,117,constant_22,near_linear,LTI_8,handling_03,handling,0,0.010948832594806692,0.8156884289535619,1.3743050717828338,0.9185221363445263,0.13421879157193686,0.3618714502612952,1.0
17,117,constant_22,near_linear,LTI_8,handling_04,handling,0,0.010547388284203358,0.8659895724056182,1.3772977763782601,0.974838194555834,0.11468261380967867,0.38415889364645517,1.0
17,117,constant_22,near_linear,LTI_8,handling_05,handling,0,0.012461361746017524,0.7776922399587803,1.374163401337709,0.8759927503949003,0.1399320727311172,0.34501826951840536,1.0
17,117,constant_22,near_linear,LTI_8,handling_06,handling,0,0.011928555142389868,0.7895865555627993,1.3739735317415827,0.8892978596394089,0.13953253102416702,0.3502986685593015,1.0
17,117,constant_22,near_linear,LTI_8,handling_07,handling,0,0.011084336022908049,0.8363954889149396,1.3724666465938247,0.9416717164522939,0.14007998264630458,0.37108009485765775,1.0
17,117,constant_22,near_linear,LTI_8,handling_08,handling,0,0.011241163732405765,0.798905784354033,1.3750342115824443,0.8997564576742484,0.13278446233709307,0.3544185155374254,1.0
17,117,constant_22,near_linear,LTI_8,handling_09,handling,0,0.011445457084820506,0.7921734778158939,1.3755201884794193,0.8922461558789684,0.13035934627038512,0.3514201956213625,1.0
17,117,constant_22,near_linear,LTI_10,nominal_00,nominal,0,0.010169437820740179,0.6671741554280755,1.3608042512884977,0.7522475403248382,0.17804910794564477,0.2960226558822786,1.0
17,117,constant_22,near_linear,LTI_10,nominal_01,nominal,0,0.010345195356199582,0.6587651652596239,1.3621807064373601,0.7428816891177903,0.17217615541857925,0.2922628175536587,1.0
17,117,constant_22,near_linear,LTI_10,nominal_02,nominal,0,0.011072505034384918,0.6389672479473976,1.3627720783292878,0.7208141821398393,0.1698106136611132,0.28343829618382654,1.0
17,117,constant_22,near_linear,LTI_10,nominal_03,nominal,0,0.010026309412280202,0.6664676663907034,1.3661805185041842,0.7515718298832355,0.15308400208685927,0.2956520307021011,1.0
17,117,constant_22,near_linear,LTI_10,nominal_04,nominal,0,0.010747348941757499,0.6589502519889302,1.359411022995749,0.7430678491477731,0.18288431887793863,0.29235510436151135,1.0
17,117,constant_22,near_linear,LTI_10,nominal_05,nominal,0,0.009617899538360838,0.6837315651544502,1.3632470032002932,0.7707410748847601,0.16756872209320645,0.3033802696478009,1.0
17,117,constant_22,near_linear,LTI_10,nominal_06,nominal,0,0.010852128024149567,0.7294316815254825,1.3642927438405354,0.8218841497678965,0.15710246386959673,0.3236681947421621,1.0
17,117,constant_22,near_linear,LTI_10,nominal_07,nominal,0,0.011125448138147004,0.6549307219733143,1.360439401196589,0.7386807046929942,0.17659137438012718,0.2905386491147582,1.0
17,117,constant_22,near_linear,LTI_10,nominal_08,nominal,0,0.010798706354637245,0.7391444288932574,1.3642040394508919,0.8326608361949904,0.15929556718058335,0.3280101571169759,1.0
17,117,constant_22,near_linear,LTI_10,nominal_09,nominal,0,0.010484963710139402,0.7173806758206216,1.3621971696213948,0.8083999761314155,0.16670241906448352,0.3183310189487426,1.0
17,117,constant_22,near_linear,LTI_10,heavy_00,heavy,0,0.011473009736482312,0.7217639772545157,1.3519333769461224,0.8133263911152754,0.19433125170826726,0.32031655429201933,1.0
17,117,constant_22,near_linear,LTI_10,heavy_01,heavy,0,0.011014714064113869,0.6771609252726958,1.3458791177525902,0.7634268261438506,0.22091402337973912,0.30050272174559695,1.0
17,117,constant_22,near_linear,LTI_10,heavy_02,heavy,0,0.010600751516332389,0.6742430211399212,1.3488434557588724,0.7601624639339486,0.21191045098144906,0.29920135396151376,1.0
17,117,constant_22,near_linear,LTI_10,heavy_03,heavy,0,0.011105014422814195,0.7343746168568797,1.3504137354497012,0.8272294196533695,0.20351336670439157,0.32599862206833613,1.0
17,117,constant_22,near_linear,LTI_10,heavy_04,heavy,0,0.01086856380631869,0.7081360798490496,1.351663334624417,0.7980505260905735,0.19799424582638311,0.31426734394488604,1.0
17,117,constant_22,near_linear,LTI_10,heavy_05,heavy,0,0.010780588878026628,0.6743179862471915,1.3477925035632368,0.7602444154529939,0.21506668503547133,0.29923231217351576,1.0
17,117,constant_22,near_linear,LTI_10,heavy_06,heavy,0,0.011278419560840296,0.6606352132140204,1.346863751334501,0.7450256744684051,0.2182311997427083,0.2931239953840474,1.0
17,117,constant_22,near_linear,LTI_10,heavy_07,heavy,0,0.011234658518335015,0.7253554241349958,1.3495547871690736,0.8172376245445834,0.20482853184486718,0.32196139522047373,1.0
17,117,constant_22,near_linear,LTI_10,heavy_08,heavy,0,0.01022261594994571,0.6843566165919152,1.3513044767051208,0.7714288227143474,0.2034052802463721,0.3037017423149149,1.0
17,117,constant_22,near_linear,LTI_10,heavy_09,heavy,0,0.011606887489931163,0.6480689733078988,1.3486670964779313,0.7310521289968194,0.211657903631081,0.28749754929565347,1.0
17,117,constant_22,near_linear,LTI_10,handling_00,handling,0,0.01194274979238258,0.7608123401384019,1.3728304456839586,0.8570690959073013,0.14368983243920722,0.33753213277845845,1.0
17,117,constant_22,near_linear,LTI_10,handling_01,handling,0,0.010120830155696613,0.8192788931150657,1.376006567736871,0.922513924691182,0.1223288682543688,0.36344834331092374,1.0
17,117,constant_22,near_linear,LTI_10,handling_02,handling,0,0.010626851453392606,0.8394575194316343,1.3714381190511045,0.9449794514283771,0.14249899544760114,0.37247145462178205,1.0
17,117,constant_22,near_linear,LTI_10,handling_03,handling,0,0.01038995274464625,0.815261531224165,1.3735932642306692,0.9179881140212729,0.13415183476194253,0.36169373111268727,1.0
17,117,constant_22,near_linear,LTI_10,handling_04,handling,0,0.011706014978454703,0.8655566681120206,1.3766215356047034,0.9743003942497339,0.11462735545332131,0.3839771975468997,1.0
17,117,constant_22,near_linear,LTI_10,handling_05,handling,0,0.010944845103877025,0.7772846472923075,1.373459058524406,0.8754886726132209,0.1398621470435504,0.34484833979662866,1.0
17,117,constant_22,near_linear,LTI_10,handling_06,handling,0,0.010646305430267978,0.7891745076972053,1.3732666951486663,0.8887818030781229,0.13946263691480568,0.35012575366683135,1.0
17,117,constant_22,near_linear,LTI_10,handling_07,handling,0,0.010861424034392449,0.8359457780502159,1.3717410587853118,0.9411104378676478,0.14000856790022087,0.3708937946759273,1.0
17,117,constant_22,near_linear,LTI_10,handling_08,handling,0,0.010325830707159069,0.7984943638517773,1.3743168922572893,0.8992409590201965,0.13271879811102585,0.35424596518926604,1.0
17,117,constant_22,near_linear,LTI_10,handling_09,handling,0,0.010448571303410625,0.7917600435505013,1.374812692459905,0.8917430630491766,0.1302952883919069,0.3512502422451458,1.0
17,117,constant_22,moderate,M4,nominal_00,nominal,0,0.021417169200686963,1.343333340585251,2.7122722740833085,1.5042628002004559,0.3646502439561678,0.5941796244909107,1.0
17,117,constant_22,moderate,M4,nominal_01,nominal,0,0.021878850177860315,1.3263395462358494,2.715211844414119,1.4853784583754026,0.35276518460725736,0.5865839989889762,1.0
17,117,constant_22,moderate,M4,nominal_02,nominal,0,0.023691859517323305,1.2861702025786166,2.716468202939029,1.4407970371971575,0.3479867207789456,0.5687141597021278,1.0
17,117,constant_22,moderate,M4,nominal_03,nominal,0,0.020835958684360886,1.3422950796671662,2.7238238963719343,1.5029948332881613,0.3140982187445677,0.5935187773754305,1.0
17,117,constant_22,moderate,M4,nominal_04,nominal,0,0.022811796969716087,1.3266016466791415,2.709297441140834,1.4855707398216398,0.37444587189467676,0.5867248526049055,1.0
17,117,constant_22,moderate,M4,nominal_05,nominal,0,0.019776556480092848,1.3771254504770143,2.717507801790622,1.5417343245610595,0.3434209278497673,0.6091310040406797,1.0
17,117,constant_22,moderate,M4,nominal_06,nominal,0,0.021149517412554966,1.4703654792303844,2.7198325129890515,1.6446171280343806,0.3222112189959107,0.6502618967289997,1.0
17,117,constant_22,moderate,M4,nominal_07,nominal,0,0.023577708270516477,1.318633838261724,2.7115047273614556,1.4765180641692275,0.3617134207811735,0.5830589491637719,1.0
17,117,constant_22,moderate,M4,nominal_08,nominal,0,0.02081117362955387,1.4900190017768407,2.7196350208100766,1.6664830799283223,0.32664353105464206,0.659064205475295,1.0
17,117,constant_22,moderate,M4,nominal_09,nominal,0,0.020765881885812076,1.4456726781040292,2.7153112691051904,1.6173398645833734,0.3416577267262482,0.639403416222068,1.0
17,117,constant_22,moderate,M4,heavy_00,heavy,0,0.022685293813590003,1.4542748704674768,2.6934479299480643,1.6262358120881348,0.39756560044103445,0.6432122623405118,1.0
17,117,constant_22,moderate,M4,heavy_01,heavy,0,0.022827787463735056,1.3632746648862957,2.680573772378963,1.5252747310431416,0.4513594611279231,0.6029875899251623,1.0
17,117,constant_22,moderate,M4,heavy_02,heavy,0,0.021958554462302503,1.3574158112074155,2.6868410844688224,1.5190409229669113,0.433146760277049,0.6004062153576931,1.0
17,117,constant_22,moderate,M4,heavy_03,heavy,0,0.02166461423731692,1.4795352538736668,2.6902161667050586,1.6546695307303136,0.416123254132075,0.6546995908665548,1.0
17,117,constant_22,moderate,M4,heavy_04,heavy,0,0.021707489131606722,1.426462321847391,2.6928528561677076,1.5955871449201025,0.4049794858324617,0.6309593965981247,1.0
17,117,constant_22,moderate,M4,heavy_05,heavy,0,0.022353624549106325,1.3575482516574195,2.6846140637379956,1.519075834953982,0.4395326575040945,0.600449902966904,1.0
17,117,constant_22,moderate,M4,heavy_06,heavy,0,0.023655532939582925,1.3298320118683244,2.6826397191153286,1.4881010551373477,0.4459444507391926,0.5880677004280737,1.0
17,117,constant_22,moderate,M4,heavy_07,heavy,0,0.02216223860881242,1.4612841022521295,2.6883994424335995,1.634204877006469,0.4187960612034678,0.6465005443731585,1.0
17,117,constant_22,moderate,M4,heavy_08,heavy,0,0.020896268921154055,1.3779768629155784,2.692056726927233,1.5421005624073636,0.41593278666331246,0.6095621063127821,1.0
17,117,constant_22,moderate,M4,heavy_09,heavy,0,0.024488008396806395,1.3044638721887363,2.686452360167433,1.4598835762141642,0.4326589801353135,0.5767062679059041,1.0
17,117,constant_22,moderate,M4,handling_00,handling,0,0.025827893562605102,1.5347995788364017,2.7379582718955238,1.71566575504687,0.29510930533413504,0.6785120481795465,1.0
17,117,constant_22,moderate,M4,handling_01,handling,0,0.020407410306200684,1.6545014321921794,2.7449412308999674,1.8472564457676113,0.25179412435677984,0.7311480618502448,1.0
17,117,constant_22,moderate,M4,handling_02,handling,0,0.02150586601180467,1.6951774269133422,2.735046142176973,1.8924095846629747,0.29266914225203444,0.7493243486218548,1.0
17,117,constant_22,moderate,M4,handling_03,handling,0,0.021379366837577053,1.6460382072947577,2.7396851723298243,1.8380978175380138,0.2757615138608038,0.7275259515302946,1.0
17,117,constant_22,moderate,M4,handling_04,handling,0,0.022464207025392112,1.7491398646623322,2.74632937189631,1.951312264977034,0.23616667653141918,0.7728044334617447,1.0
17,117,constant_22,moderate,M4,handling_05,handling,0,0.02347169369485796,1.5684363397289214,2.739331789090952,1.7527396819816219,0.287345075596721,0.6933635903103638,1.0
17,117,constant_22,moderate,M4,handling_06,handling,0,0.02262337367484293,1.592697648872811,2.7389311014017137,1.779432529246409,0.28653168142361773,0.7040602878726754,1.0
17,117,constant_22,moderate,M4,handling_07,handling,0,0.022012173493488246,1.6880991815623574,2.7357061312751534,1.8845071814003171,0.2876263631105301,0.7461309937140823,1.0
17,117,constant_22,moderate,M4,handling_08,handling,0,0.021603621825917057,1.6118610200903436,2.7412595683469125,1.8004406912827915,0.2728616501896046,0.7124413950812863,1.0
17,117,constant_22,moderate,M4,handling_09,handling,0,0.021940107269586714,1.5981873602118108,2.742328590904583,1.7853744553863995,0.2679525862382734,0.7063775814289733,1.0
17,117,constant_22,moderate,LTI_1,nominal_00,nominal,0,0.01991397148702412,1.3422286930397525,2.710148534113494,1.503061287917287,0.36437084479783344,0.5937472279349356,1.0
17,117,constant_22,moderate,LTI_1,nominal_01,nominal,0,0.020054155381393966,1.3252836800556804,2.7131542251114187,1.484213941882157,0.35249975770224634,0.5861654006733981,1.0
17,117,constant_22,moderate,LTI_1,nominal_02,nominal,0,0.020838850099413265,1.2851540290188532,2.714446566615003,1.439686140190283,0.347727218584834,0.5683122211297835,1.0
17,117,constant_22,moderate,LTI_1,nominal_03,nominal,0,0.020121567444279245,1.341286660029358,2.721887131578994,1.5018896737473686,0.3138744075778534,0.5931195881298845,1.0
17,117,constant_22,moderate,LTI_1,nominal_04,nominal,0,0.02063853439217577,1.3255137933721859,2.7071815417934784,1.48434557699143,0.37415435820987414,0.58629062369219,1.0
17,117,constant_22,moderate,LTI_1,nominal_05,nominal,0,0.019751077396301518,1.376036177399201,2.7154851071081354,1.5405333297682908,0.3431657315857227,0.6087020103738677,1.0
17,117,constant_22,moderate,LTI_1,nominal_06,nominal,0,0.02396868736384497,1.4692357000823009,2.7178095091008174,1.643359519276908,0.32197570442490075,0.6498124343513344,1.0
17,117,constant_22,moderate,LTI_1,nominal_07,nominal,0,0.02138134912431276,1.3175582107646453,2.7093945523234977,1.475344808281635,0.3614359971403752,0.5826344587575403,1.0
17,117,constant_22,moderate,LTI_1,nominal_08,nominal,0,0.02421801581018004,1.4888763818766455,2.717617478059031,1.6652162113987257,0.32640401518726986,0.6586067746481584,1.0
17,117,constant_22,moderate,LTI_1,nominal_09,nominal,0,0.022706154685886437,1.4445305317850372,2.71326466860945,1.6160798759288777,0.3414011368792319,0.638948344021054,1.0
17,117,constant_22,moderate,LTI_1,heavy_00,heavy,0,0.024376867193703647,1.4531102209264932,2.691421809200711,1.624952779000871,0.3972673187611093,0.6427525702493202,1.0
17,117,constant_22,moderate,LTI_1,heavy_01,heavy,0,0.02184260920175077,1.3621021028759788,2.6783649442822206,1.5239756525429868,0.45099399093958664,0.6025202585394823,1.0
17,117,constant_22,moderate,LTI_1,heavy_02,heavy,0,0.021065083870837494,1.3562774368987816,2.6847066906509975,1.5178155861036051,0.43280758013525356,0.5999568582738392,1.0
17,117,constant_22,moderate,LTI_1,heavy_03,heavy,0,0.024064708919410465,1.4783262867587639,2.6881019629840037,1.6533558290133186,0.41580371026447904,0.6542197822116327,1.0
17,117,constant_22,moderate,LTI_1,heavy_04,heavy,0,0.022818137155409684,1.4253139688878038,2.6908035350390223,1.5943204450515063,0.40467388861586806,0.6305055142426748,1.0
17,117,constant_22,moderate,LTI_1,heavy_05,heavy,0,0.02137384522516568,1.356401677607529,2.682470751295625,1.5178175495466626,0.43918435347802764,0.59999488918772,1.0
17,117,constant_22,moderate,LTI_1,heavy_06,heavy,0,0.021878594539373682,1.3286917875158928,2.6804689164872846,1.486870754058264,0.4455874150540319,0.587617164593287,1.0
17,117,constant_22,moderate,LTI_1,heavy_07,heavy,0,0.02397682904009802,1.4600891852074247,2.686269700734246,1.6328895342599723,0.41847181831420704,0.6460228187703758,1.0
17,117,constant_22,moderate,LTI_1,heavy_08,heavy,0,0.020784151444176408,1.3768651198024633,2.6899748481218384,1.5408712265881013,0.4156163947176453,0.609119598045441,1.0
17,117,constant_22,moderate,LTI_1,heavy_09,heavy,0,0.02224967137486138,1.3033607362166857,2.68429690225741,1.458691412642138,0.43232016525865075,0.5762745377996018,1.0
17,117,constant_22,moderate,LTI_1,handling_00,handling,0,0.02188717753851252,1.5335855559837268,2.7359048578566014,1.7142968588290235,0.2948873815304839,0.6780308662261854,1.0
17,117,constant_22,moderate,LTI_1,handling_01,handling,0,0.021799222193313164,1.6532445587332614,2.742964917690224,1.8458498615581664,0.2516110733804085,0.7306496890450678,1.0
17,117,constant_22,moderate,LTI_1,handling_02,handling,0,0.02269352602541121,1.6938249817653277,2.732936522358816,1.8908682837226543,0.2924451938185095,0.7487832361839378,1.0
17,117,constant_22,moderate,LTI_1,handling_03,handling,0,0.021560343244544235,1.6447552901080804,2.7376711373722937,1.8366628203613644,0.27555564256832743,0.7270147845264477,1.0
17,117,constant_22,moderate,LTI_1,handling_04,handling,0,0.02684382775006316,1.747841127113452,2.744387643266603,1.94980645485904,0.23599581330517277,0.7722813676017175,1.0
17,117,constant_22,moderate,LTI_1,handling_05,handling,0,0.020668937817241852,1.5672303971511286,2.737304220628684,1.7513300921416068,0.28713035282913196,0.692875317283041,1.0
17,117,constant_22,moderate,LTI_1,handling_06,handling,0,0.020613265973388053,1.591460958579846,2.7368967972546567,1.778029017663672,0.2863170436915305,0.7035632535640377,1.0
17,117,constant_22,moderate,LTI_1,handling_07,handling,0,0.02308923748581672,1.6867464959141751,2.733620366525434,1.8829980004625473,0.2874071112191196,0.7455947596793766,1.0
17,117,constant_22,moderate,LTI_1,handling_08,handling,0,0.02074094957926888,1.610625600522898,2.7392142239211568,1.7990439163129237,0.2726596688115986,0.711945364288202,1.0
17,117,constant_22,moderate,LTI_1,handling_09,handling,0,0.020797579769423268,1.5969796526850073,2.7402966012736223,1.7839646460354734,0.26775541295820143,0.705889163912969,1.0
17,117,constant_22,moderate,LTI_2,nominal_00,nominal,0,0.020009145081644784,1.3424211572215887,2.710521102282305,1.5032691788906571,0.3644195706562285,0.5938226278925903,1.0
17,117,constant_22,moderate,LTI_2,nominal_01,nominal,0,0.020209314001711935,1.3254688096236953,2.713514732270956,1.484412281402533,0.3525459241200377,0.586238200290197,1.0
17,117,constant_22,moderate,LTI_2,nominal_02,nominal,0,0.021182302614894545,1.2853319715242375,2.714800607722473,1.4398775473213974,0.3477722954818583,0.5683820314078584,1.0
17,117,constant_22,moderate,LTI_2,nominal_03,nominal,0,0.02009912734402314,1.341462047112158,2.7222239019690297,1.5020773347678626,0.31391300551847706,0.5931884217756356,1.0
17,117,constant_22,moderate,LTI_2,nominal_04,nominal,0,0.02085461348617889,1.3257055188561049,2.707552117248403,1.484557749458066,0.37420530933083707,0.5863665110945234,1.0
17,117,constant_22,moderate,LTI_2,nominal_05,nominal,0,0.019602987500286877,1.3762266842959303,2.715839040218918,1.5407363765834863,0.34321003592053045,0.6087764789873515,1.0
17,117,constant_22,moderate,LTI_2,nominal_06,nominal,0,0.02342114437216941,1.4694328930421965,2.718161863707836,1.6435753097691943,0.3220164697086381,0.649890222998506,1.0
17,117,constant_22,moderate,LTI_2,nominal_07,nominal,0,0.02161048164652774,1.3177472010820046,2.7097648973627995,1.4755478090423686,0.3614843754531038,0.582708475175203,1.0
17,117,constant_22,moderate,LTI_2,nominal_08,nominal,0,0.023584248150546605,1.4890760305577664,2.7179629760835065,1.6654339833284155,0.3264454998962115,0.6586859939967138,1.0
17,117,constant_22,moderate,LTI_2,nominal_09,nominal,0,0.022275183334614573,1.4447287833742029,2.7136230621445767,1.6162972269580398,0.3414457361214993,0.6390274342844164,1.0
17,117,constant_22,moderate,LTI_2,heavy_00,heavy,0,0.0240724384642217,1.453310051402895,2.691769612101991,1.6251681116508447,0.39731808936320284,0.6428308051116208,1.0
17,117,constant_22,moderate,LTI_2,heavy_01,heavy,0,0.02191969592392777,1.3623058404613986,2.678747800851369,1.5241966820155985,0.45105695852093136,0.6026007673753618,1.0
17,117,constant_22,moderate,LTI_2,heavy_02,heavy,0,0.021125672453434486,1.356474072570231,2.685071242196076,1.5180234908232852,0.4328657291482599,0.6000338869000741,1.0
17,117,constant_22,moderate,LTI_2,heavy_03,heavy,0,0.0236504025026105,1.4785326760613409,2.6884653368563054,1.653578028778413,0.4158583204913237,0.6543017731022062,1.0
17,117,constant_22,moderate,LTI_2,heavy_04,heavy,0,0.022589045894395348,1.425511242942827,2.6911554508489486,1.5945333146914396,0.4047259627244104,0.6305828468874687,1.0
17,117,constant_22,moderate,LTI_2,heavy_05,heavy,0,0.02144906562818061,1.3566002040205185,2.6828416682445697,1.5180275323330206,0.43924417321372944,0.600073026924166,1.0
17,117,constant_22,moderate,LTI_2,heavy_06,heavy,0,0.022084205379351178,1.328889395525658,2.6808449485269823,1.4870801377238296,0.44564882770746483,0.5876946508844423,1.0
17,117,constant_22,moderate,LTI_2,heavy_07,heavy,0,0.02364644024992,1.460295529050828,2.686636102947382,1.6331120413130775,0.4185272951441705,0.6461045472900637,1.0
17,117,constant_22,moderate,LTI_2,heavy_08,heavy,0,0.020724207682849157,1.377056569871248,2.6903325549903263,1.541078302998659,0.4156703923194473,0.6091951100647882,1.0
17,117,constant_22,moderate,LTI_2,heavy_09,heavy,0,0.022534053426483427,1.3035511006268896,2.6846683494525903,1.4588931750827128,0.43237824602043107,0.5763485368464693,1.0
17,117,constant_22,moderate,LTI_2,handling_00,handling,0,0.022390808322337485,1.5338029711994925,2.736272584920527,1.714539180192938,0.2949268324507932,0.6781163978333348,1.0
17,117,constant_22,moderate,LTI_2,handling_01,handling,0,0.021360311374927214,1.6534683180408307,2.7433167777361804,1.846097466430197,0.25164342083069086,0.7307377496018006,1.0
17,117,constant_22,moderate,LTI_2,handling_02,handling,0,0.022283433944780554,1.6940638156929413,2.7333146120186327,1.8911415925026767,0.29248507003353486,0.7488795798413483,1.0
17,117,constant_22,moderate,LTI_2,handling_03,handling,0,0.021312109759654425,1.644984675601914,2.7380302487494697,1.8369165703043218,0.2755921749389065,0.727105484928969,1.0
17,117,constant_22,moderate,LTI_2,handling_04,handling,0,0.02598868219531006,1.7480721730235873,2.7447330161744503,1.9500708782413088,0.23602596257709293,0.7723736552784897,1.0
17,117,constant_22,moderate,LTI_2,handling_05,handling,0,0.020944191537991694,1.5674463866569863,2.7376670635014975,1.7515773098015002,0.2871684833004629,0.6929620175536154,1.0
17,117,constant_22,moderate,LTI_2,handling_06,handling,0,0.0207397966357702,1.5916824004604877,2.7372608857051905,1.7782745201129981,0.2863551670488375,0.7036515281891459,1.0
17,117,constant_22,moderate,LTI_2,handling_07,handling,0,0.02270319833326977,1.6869889191313217,2.733994087349853,1.8832655894505674,0.28744612592341684,0.7456901727674567,1.0
17,117,constant_22,moderate,LTI_2,handling_08,handling,0,0.02066544962432398,1.6108463748091602,2.7395678167802755,1.7992886412106903,0.2726954733475012,0.7120332863045925,1.0
17,117,constant_22,moderate,LTI_2,handling_09,handling,0,0.02077409940774339,1.5971946895942553,2.7406588923751904,1.7842130927670963,0.26779033370088634,0.7059756581803412,1.0
17,117,constant_22,moderate,LTI_3,nominal_00,nominal,0,0.026076780331320118,1.3446223077964976,2.7147461396076404,1.5056631310945257,0.3649779715240289,0.5946867407110952,1.0
17,117,constant_22,moderate,LTI_3,nominal_01,nominal,0,0.02672219809118509,1.327569321140328,2.717608148485915,1.486766323199481,0.35307660838046656,0.5870750667716131,1.0
17,117,constant_22,moderate,LTI_3,nominal_02,nominal,0,0.02925874591618387,1.2873539235565086,2.718884151799266,1.4420988666622754,0.34829122904481163,0.5691857392745627,1.0
17,117,constant_22,moderate,LTI_3,nominal_03,nominal,0,0.024548551898811877,1.343470699209636,2.7261082737498317,1.5043227729727735,0.3143610669761574,0.5939875236529678,1.0
17,117,constant_22,moderate,LTI_3,nominal_04,nominal,0,0.02798216305516463,1.3278764461617127,2.7118291975731665,1.4869990852555122,0.374787737749813,0.5872340111611822,1.0
17,117,constant_22,moderate,LTI_3,nominal_05,nominal,0,0.023096161286494592,1.3783947200379238,2.7198919255394047,1.5431582250334652,0.34372041186602853,0.6096343737646747,1.0
17,117,constant_22,moderate,LTI_3,nominal_06,nominal,0,0.020732854135559933,1.4716822794232718,2.7221915425558123,1.6460850589173177,0.3224877478680367,0.650789552982606,1.0
17,117,constant_22,moderate,LTI_3,nominal_07,nominal,0,0.028639050885083842,1.3198866571185945,2.713962594100534,1.4778888176682456,0.362038856929239,0.5835568318929082,1.0
17,117,constant_22,moderate,LTI_3,nominal_08,nominal,0,0.01963306482510509,1.4913693736567397,2.722020183335661,1.6679836060798572,0.3269247252341967,0.6596011547949016,1.0
17,117,constant_22,moderate,LTI_3,nominal_09,nominal,0,0.0216882145797953,1.4470357638544613,2.7176954200682966,1.6188224512080869,0.34195885897801653,0.639937406886107,1.0
17,117,constant_22,moderate,LTI_3,heavy_00,heavy,0,0.022862058212840132,1.4556409625422153,2.695879835495766,1.6277435135121734,0.39791728135085686,0.6437541774853581,1.0
17,117,constant_22,moderate,LTI_3,heavy_01,heavy,0,0.026296695427468975,1.364661066757514,2.683160952099271,1.5267985635702028,0.45178976083144984,0.6035377498602329,1.0
17,117,constant_22,moderate,LTI_3,heavy_02,heavy,0,0.02533141937671531,1.3587498259501554,2.6893813843760785,1.5205046654785872,0.43354628918287924,0.6009354574086087,1.0
17,117,constant_22,moderate,LTI_3,heavy_03,heavy,0,0.02110739050447406,1.4809782827056341,2.6926952063427096,1.6562329120699482,0.41649980949126847,0.655264929977728,1.0
17,117,constant_22,moderate,LTI_3,heavy_04,heavy,0,0.022751815520206643,1.4278089383786152,2.695255320287721,1.5970752396973726,0.4053397218380855,0.6314943598888755,1.0
17,117,constant_22,moderate,LTI_3,heavy_05,heavy,0,0.02580621931707954,1.3588914137463526,2.687151308459978,1.5205667989354672,0.439942866402011,0.6009857194947275,1.0
17,117,constant_22,moderate,LTI_3,heavy_06,heavy,0,0.027809205764045167,1.3311677605038557,2.685182000744426,1.4895434650858017,0.4463648786356603,0.588598163355886,1.0
17,117,constant_22,moderate,LTI_3,heavy_07,heavy,0,0.022345124136769277,1.462718730086561,2.690896643000611,1.635748649896321,0.4191781267906542,0.6470633887788665,1.0
17,117,constant_22,moderate,LTI_3,heavy_08,heavy,0,0.023480980424242875,1.3792846575047017,2.6944971855234376,1.5435439382336802,0.4163056426074703,0.6100835188883095,1.0
17,117,constant_22,moderate,LTI_3,heavy_09,heavy,0,0.02896497094697812,1.3057570135612349,2.6889788845843676,1.4612824251705177,0.433058088944398,0.57721476375969,1.0
17,117,constant_22,moderate,LTI_3,handling_00,handling,0,0.0329168620275106,1.536203246334554,2.740331826573181,1.7172503053734935,0.29536849398602266,0.6790739395966756,1.0
17,117,constant_22,moderate,LTI_3,handling_01,handling,0,0.022954541548998782,1.6559561031712744,2.747227912142368,1.8488950036374616,0.25200810477001123,0.7317305461310187,1.0
17,117,constant_22,moderate,LTI_3,handling_02,handling,0,0.024317209895200958,1.6967792216268793,2.737486480744702,1.8941944729786668,0.29293072594457403,0.7499562951973004,1.0
17,117,constant_22,moderate,LTI_3,handling_03,handling,0,0.025193598806117493,1.6475221119810912,2.7421038200509873,1.8398018249664758,0.2760020546627585,0.7281231038913722,1.0
17,117,constant_22,moderate,LTI_3,handling_04,handling,0,0.020573681425799677,1.7506643662580053,2.7486551008410878,1.9530589823865867,0.2363664808054684,0.773415992917995,1.0
17,117,constant_22,moderate,LTI_3,handling_05,handling,0,0.029809065928098608,1.569881606758593,2.7417153722671848,1.7543751542698032,0.2875958933900747,0.693933851416291,1.0
17,117,constant_22,moderate,LTI_3,handling_06,handling,0,0.02837857072828219,1.5941384401551015,2.7413112506673825,1.7811064544692499,0.28678240651882575,0.7046407965117913,1.0
17,117,constant_22,moderate,LTI_3,handling_07,handling,0,0.02483200520151867,1.6896639099302615,2.738118577906388,1.8862742042855465,0.2878824858809073,0.74675730269171,1.0
17,117,constant_22,moderate,LTI_3,handling_08,handling,0,0.026390572226256116,1.61329478402529,2.743643370086877,1.802113564806942,0.2730976558009883,0.7130208893616728,1.0
17,117,constant_22,moderate,LTI_3,handling_09,handling,0,0.026915932997230975,1.599639198976276,2.7446799094338434,1.7870083217821977,0.26818299567145554,0.7069482348519419,1.0
17,117,constant_22,moderate,LTI_5,nominal_00,nominal,0,0.0208507505299112,1.343078102470493,2.711781725471956,1.503977410077152,0.3645850564833375,0.5940787125717891,1.0
17,117,constant_22,moderate,LTI_5,nominal_01,nominal,0,0.021236067036745597,1.3260953860820912,2.7147352710240673,1.4850933086670937,0.35270292910782763,0.5864857882865349,1.0
17,117,constant_22,moderate,LTI_5,nominal_02,nominal,0,0.022805605400838,1.2859346180129123,2.715999486962463,1.440531005499775,0.34792569697764353,0.5686196115008914,1.0
17,117,constant_22,moderate,LTI_5,nominal_03,nominal,0,0.0204796738062134,1.3420581091611643,2.7233684820153656,1.5027203046973892,0.31404484406407435,0.5934235460890175,1.0
17,117,constant_22,moderate,LTI_5,nominal_04,nominal,0,0.02208917341513706,1.326352710527557,2.708803116419119,1.4852802837989156,0.3743781596036516,0.586623963148841,1.0
17,117,constant_22,moderate,LTI_5,nominal_05,nominal,0,0.019585780786178113,1.3768723036162958,2.7170380818151854,1.5414408786900307,0.34336085130521293,0.6090299835837922,1.0
17,117,constant_22,moderate,LTI_5,nominal_06,nominal,0,0.021794236653405248,1.4701018642883796,2.7193585254613253,1.6443136830168126,0.3221554546338853,0.6501554431029634,1.0
17,117,constant_22,moderate,LTI_5,nominal_07,nominal,0,0.02285851676812791,1.3183861913449444,2.71101772824188,1.4762393816776307,0.36164868885163454,0.5829598733868796,1.0
17,117,constant_22,moderate,LTI_5,nominal_08,nominal,0,0.02162327346363945,1.4897529348904597,2.719155875667197,1.6661784054696778,0.3265868893821112,0.6589559994393415,1.0
17,117,constant_22,moderate,LTI_5,nominal_09,nominal,0,0.021142017847104337,1.4454009975733577,2.714836807756944,1.6170388718907998,0.3415974683402984,0.6392965159594466,1.0
17,117,constant_22,moderate,LTI_5,heavy_00,heavy,0,0.02315119070139398,1.4539947011151468,2.692960840224312,1.6259142440827787,0.39749281426766425,0.6431000572715968,1.0
17,117,constant_22,moderate,LTI_5,heavy_01,heavy,0,0.022487957547923283,1.3629993268886753,2.6800525700767674,1.5249570758327142,0.45127230075422897,0.6028761074648435,1.0
17,117,constant_22,moderate,LTI_5,heavy_02,heavy,0,0.021636364285253427,1.3571454251159478,2.6863235540344492,1.5187397056814171,0.4330650978704785,0.6002979958305817,1.0
17,117,constant_22,moderate,LTI_5,heavy_03,heavy,0,0.0223308433848268,1.4792402689287716,2.689709140096496,1.6543447778559135,0.41604586295437423,0.6545833547675666,1.0
17,117,constant_22,moderate,LTI_5,heavy_04,heavy,0,0.02198404848593365,1.426186693958019,2.6923605306474983,1.595270391619387,0.40490506715080554,0.6308488361385033,1.0
17,117,constant_22,moderate,LTI_5,heavy_05,heavy,0,0.022010565302422187,1.3572771705360311,2.684106716859214,1.5187628609560957,0.43944908293384816,0.6003406935940031,1.0
17,117,constant_22,moderate,LTI_5,heavy_06,heavy,0,0.023097366113839092,1.329562925624455,2.6821268316544202,1.4878003138713787,0.44585902990423404,0.5879598794461272,1.0
17,117,constant_22,moderate,LTI_5,heavy_07,heavy,0,0.022652817422621686,1.4610001202663503,2.6878896582365366,1.6338798199725806,0.4187177031605895,0.6463850650437913,1.0
17,117,constant_22,moderate,LTI_5,heavy_08,heavy,0,0.02079312282139769,1.3777112241249845,2.691557101694365,1.541794404938251,0.415855958889296,0.6094546230497554,1.0
17,117,constant_22,moderate,LTI_5,heavy_09,heavy,0,0.023804658787105616,1.3042013906742367,2.685938040243336,1.4595891766327727,0.4325773917932093,0.5766022738302677,1.0
17,117,constant_22,moderate,LTI_5,handling_00,handling,0,0.024690695483978488,1.5345302225500066,2.737502572742067,1.7153544106746936,0.29505945883436135,0.6784039415585146,1.0
17,117,constant_22,moderate,LTI_5,handling_01,handling,0,0.020491722014199645,1.6542190634768057,2.7444972153987868,1.8469328733724237,0.2517524967451601,0.7310346950511392,1.0
17,117,constant_22,moderate,LTI_5,handling_02,handling,0,0.02153925127121418,1.6948707933450744,2.734578947155046,1.892060380746521,0.29261902320304356,0.7492032209827352,1.0
17,117,constant_22,moderate,LTI_5,handling_03,handling,0,0.021159708595869273,1.6457526115235628,2.739232069175458,1.8377707270831967,0.2757151039529592,0.7274106886458506,1.0
17,117,constant_22,moderate,LTI_5,handling_04,handling,0,0.023394245566403297,1.7488476296016866,2.7458922508298835,1.9509642816371178,0.23612770505849248,0.7726850959578816,1.0
17,117,constant_22,moderate,LTI_5,handling_05,handling,0,0.02256482103382475,1.5681687635746686,2.738881117848682,1.752417435346196,0.28729673934671174,0.6932536466031505,1.0
17,117,constant_22,moderate,LTI_5,handling_06,handling,0,0.02188840289197089,1.5924231430970708,2.738479066210841,1.779102797096966,0.28648338685370267,0.7039484240043429,1.0
17,117,constant_22,moderate,LTI_5,handling_07,handling,0,0.02202633463432698,1.687799606060836,2.7352439381664952,1.8841651466178744,0.2875772282851011,0.7460107938499746,1.0
17,117,constant_22,moderate,LTI_5,handling_08,handling,0,0.021129952942972107,1.6115856357582556,2.740798780780689,1.800112713222857,0.27281601498563396,0.7123292931765431,1.0
17,117,constant_22,moderate,LTI_5,handling_09,handling,0,0.02140482170699498,1.5979147916022487,2.7418735044110445,1.785050930529417,0.2679079530663651,0.7062669903887445,1.0
17,117,constant_22,moderate,LTI_8,nominal_00,nominal,0,0.022620262389643236,1.3437592273788272,2.713089103656377,1.5047179702758462,0.36475768045654294,0.5943458467577967,1.0
17,117,constant_22,moderate,LTI_8,nominal_01,nominal,0,0.023152678201465337,1.32674537712942,2.716001926497759,1.4858271408520625,0.352866974300608,0.586744482952044,1.0
17,117,constant_22,moderate,LTI_8,nominal_02,nominal,0,0.025230526001801354,1.2865602820985802,2.717247597873588,1.4412160117921016,0.3480861051179192,0.5688680488200243,1.0
17,117,constant_22,moderate,LTI_8,nominal_03,nominal,0,0.021724136071968846,1.3426795582207305,2.7245618542609598,1.5034197150685225,0.3141833197645288,0.5936705149493089,1.0
17,117,constant_22,moderate,LTI_8,nominal_04,nominal,0,0.0242044109868199,1.3270219168034079,2.710134659090073,1.4860354894445322,0.3745582211138344,0.5868921588659581,1.0
17,117,constant_22,moderate,LTI_8,nominal_05,nominal,0,0.02050704017795891,1.3775431373639901,2.718283370321102,1.5421937611543697,0.34351861116130555,0.6092951657757285,1.0
17,117,constant_22,moderate,LTI_8,nominal_06,nominal,0,0.020727357426093957,1.4707978374156419,2.7206052209964184,1.645089880837083,0.3223011165262115,0.6504334092333305,1.0
17,117,constant_22,moderate,LTI_8,nominal_07,nominal,0,0.02494295510370495,1.3190482534168142,2.7123166680277726,1.4769625208004389,0.36182010046975777,0.5832221356122035,1.0
17,117,constant_22,moderate,LTI_8,nominal_08,nominal,0,0.020151836061492963,1.4904566415648663,2.7204163176900416,1.6669600115476861,0.3267350101476724,0.6592388634634093,1.0
17,117,constant_22,moderate,LTI_8,nominal_09,nominal,0,0.0207371427086707,1.44612121451841,2.7160969092585856,1.617815884812895,0.34175608007680314,0.6395778008626749,1.0
17,117,constant_22,moderate,LTI_8,heavy_00,heavy,0,0.02259787809772956,1.4547155516425674,2.694220912315852,1.6267103054405507,0.3976779520161866,0.6433853627035108,1.0
17,117,constant_22,moderate,LTI_8,heavy_01,heavy,0,0.023711914799248897,1.3637237825956114,2.681417665396427,1.5257615733141385,0.4514987845447233,0.6031656988982298,1.0
17,117,constant_22,moderate,LTI_8,heavy_02,heavy,0,0.022804434253419714,1.3578493297430598,2.6876639513337066,1.5194985971646744,0.43327541288643656,0.6005766127390311,1.0
17,117,constant_22,moderate,LTI_8,heavy_03,heavy,0,0.021344163020076547,1.4800016140584078,2.6910172837776303,1.6551588417021785,0.41624408814250285,0.6548809807286466,1.0
17,117,constant_22,moderate,LTI_8,heavy_04,heavy,0,0.02185517321645218,1.426897298650457,2.6936284918104683,1.596056135451682,0.4050947115099071,0.6311304856140576,1.0
17,117,constant_22,moderate,LTI_8,heavy_05,heavy,0,0.023228162803773454,1.3579858990173512,2.685431401161446,1.5195500510853506,0.43966500997421853,0.6006227584458946,1.0
17,117,constant_22,moderate,LTI_8,heavy_06,heavy,0,0.024760030942497412,1.3302676874098998,2.683468399378834,1.4885620092801752,0.4460803288899849,0.5882391168068244,1.0
17,117,constant_22,moderate,LTI_8,heavy_07,heavy,0,0.02206026233340795,1.4617435757853543,2.6892073065289357,1.6346949667018187,0.41891882000410574,0.6466813644418986,1.0
17,117,constant_22,moderate,LTI_8,heavy_08,heavy,0,0.021489720296158667,1.378398849607854,2.6928451016339783,1.5425566254793888,0.41605225211611635,0.6097291451285506,1.0
17,117,constant_22,moderate,LTI_8,heavy_09,heavy,0,0.025698185756981594,1.3048836670271922,2.6872712164503882,1.4603278635503736,0.4327874849648202,0.5768699679574243,1.0
17,117,constant_22,moderate,LTI_8,handling_00,handling,0,0.02791043590137386,1.5352735037682814,2.738759586662126,1.7161936720197797,0.2951960677531668,0.6787001184201175,1.0
17,117,constant_22,moderate,LTI_8,handling_01,handling,0,0.02078000542499823,1.654989309570024,2.7457081611566383,1.84779600091686,0.2518652760295113,0.7313417224226653,1.0
17,117,constant_22,moderate,LTI_8,handling_02,handling,0,0.021974755786653817,1.6957186022412452,2.735870784626661,1.893005435007338,0.2927568708533249,0.7495362672932658,1.0
17,117,constant_22,moderate,LTI_8,handling_03,handling,0,0.022210544750313494,1.6465383225526908,2.740498732830069,1.8386506795788178,0.2758418745403372,0.7277254281917847,1.0
17,117,constant_22,moderate,LTI_8,handling_04,handling,0,0.02144132116605101,1.7496435567323698,2.7470953299741168,1.9518890223509946,0.2362330054704942,0.7730074272103652,1.0
17,117,constant_22,moderate,LTI_8,handling_05,handling,0,0.02525440455692517,1.568917618330317,2.7401223514360353,1.753283468405357,0.2874289359814892,0.6935542345804652,1.0
17,117,constant_22,moderate,LTI_8,handling_06,handling,0,0.024179803596526273,1.5931802222564255,2.739724482336677,1.7799890900364794,0.2866155310157371,0.7042544051624703,1.0
17,117,constant_22,moderate,LTI_8,handling_07,handling,0,0.022497603539266317,1.6886279384068532,2.7365211124558564,1.8850903855752335,0.28771219807741794,0.746340869170271,1.0
17,117,constant_22,moderate,LTI_8,handling_08,handling,0,0.022792782845429592,1.612342174358821,2.742060823734752,1.8009956135581158,0.2729404020130245,0.7126347419821868,1.0
17,117,constant_22,moderate,LTI_8,handling_09,handling,0,0.023205678106054183,1.5986750037442914,2.743118492440515,1.785916088421914,0.26802939275642484,0.7065677847682302,1.0
17,117,constant_22,moderate,LTI_10,nominal_00,nominal,0,0.020651414717561208,1.34296832666601,2.711571048684472,1.5038585995417342,0.36455733453678313,0.5940358132024683,1.0
17,117,constant_22,moderate,LTI_10,nominal_01,nominal,0,0.021008334313043203,1.325990657326126,2.7145312277516878,1.4849757808663104,0.35267660804848583,0.5864442809394971,1.0
17,117,constant_22,moderate,LTI_10,nominal_02,nominal,0,0.022484310979337955,1.285833852077978,2.71579904469376,1.4404212553776965,0.34789997053414534,0.5685797671553575,1.0
17,117,constant_22,moderate,LTI_10,nominal_03,nominal,0,0.020362445743802738,1.3419582500764302,2.723176725187336,1.5026121023227859,0.31402268843475173,0.5933840324111705,1.0
17,117,constant_22,moderate,LTI_10,nominal_04,nominal,0,0.021827260566221782,1.3262446965900505,2.7085943223364355,1.485159098489235,0.3743492220561157,0.5865808616902521,1.0
17,117,constant_22,moderate,LTI_10,nominal_05,nominal,0,0.019530503763057205,1.3767643121026691,2.7168375617831577,1.5413203714338624,0.3433355544918803,0.6089874618053368,1.0
17,117,constant_22,moderate,LTI_10,nominal_06,nominal,0,0.0220336508767852,1.4699899018434812,2.7191581206687685,1.644189512822657,0.32213212181368456,0.6501109173540779,1.0
17,117,constant_22,moderate,LTI_10,nominal_07,nominal,0,0.022597578620750722,1.318279448189224,2.7108083796077405,1.4761233657525639,0.3616211625432475,0.5829177578906236,1.0
17,117,constant_22,moderate,LTI_10,nominal_08,nominal,0,0.021922941101827225,1.4896396825987372,2.71895326294,1.6660532871720999,0.326563157396072,0.6589106789774469,1.0
17,117,constant_22,moderate,LTI_10,nominal_09,nominal,0,0.021288228405384826,1.445287469809839,2.7146338647345534,1.616914344647121,0.34157202576770884,0.6392513957167298,1.0
17,117,constant_22,moderate,LTI_10,heavy_00,heavy,0,0.023285856153446294,1.4538794821880925,2.6927604085860977,1.6257879025941182,0.3974633308562651,0.6430546224244748,1.0
17,117,constant_22,moderate,LTI_10,heavy_01,heavy,0,0.022354730790613,1.362883042696328,2.679833635199644,1.5248288215429953,0.4512360887658321,0.6028298056174848,1.0
17,117,constant_22,moderate,LTI_10,heavy_02,heavy,0,0.021512709885067288,1.3570326619916429,2.6861090338881817,1.518618816027977,0.4330315251665123,0.600253520475113,1.0
17,117,constant_22,moderate,LTI_10,heavy_03,heavy,0,0.02253435571782355,1.4791192288959418,2.6894999290290738,1.654215238888994,0.4160142532517043,0.6545358944718122,1.0
17,117,constant_22,moderate,LTI_10,heavy_04,heavy,0,0.022059217370968852,1.4260730642269215,2.692157789783833,1.5951456316586496,0.40487485459787137,0.6308039665192476,1.0
17,117,constant_22,moderate,LTI_10,heavy_05,heavy,0,0.02187846112884473,1.357163542929752,2.6838943593414264,1.5186375316235687,0.43941459445253456,0.6002956417670856,1.0
17,117,constant_22,moderate,LTI_10,heavy_06,heavy,0,0.022890024609708175,1.3294499026628173,2.6819117042252016,1.4876788594327897,0.4458236658335128,0.5879152571137637,1.0
17,117,constant_22,moderate,LTI_10,heavy_07,heavy,0,0.022797584499839044,1.4608817662372966,2.687678863153185,1.633750108855905,0.41868562066194887,0.6463377990734934,1.0
17,117,constant_22,moderate,LTI_10,heavy_08,heavy,0,0.020745655941612536,1.3776011734179348,2.6913511190524955,1.5416732803323268,0.41582467051070365,0.6094108657819882,1.0
17,117,constant_22,moderate,LTI_10,heavy_09,heavy,0,0.023556058595798256,1.304092132197148,2.6857246370936583,1.4594716102400385,0.4325438556267161,0.576559543664404,1.0
17,117,constant_22,moderate,LTI_10,handling_00,handling,0,0.02424638928077129,1.534409483375948,2.7372983744417807,1.7152186190856504,0.29503736942877923,0.6783560500177964,1.0
17,117,constant_22,moderate,LTI_10,handling_01,handling,0,0.020563426206237606,1.654094206495584,2.7443009067089714,1.8467934930359535,0.2517342983201543,0.7309851519259831,1.0
17,117,constant_22,moderate,LTI_10,handling_02,handling,0,0.02158804885606043,1.6947330758101204,2.7343690717792737,1.8919074025910618,0.29259672240876566,0.7491493406559464,1.0
17,117,constant_22,moderate,LTI_10,handling_03,handling,0,0.02110686309556139,1.6456250558283234,2.7390324853550716,1.8376284061761323,0.2756946187190286,0.727359828584807,1.0
17,117,constant_22,moderate,LTI_10,handling_04,handling,0,0.023788031395927056,1.7487186382642195,2.7456994149865324,1.9508151034825214,0.23611072260824828,0.7726331113328405,1.0
17,117,constant_22,moderate,LTI_10,handling_05,handling,0,0.022222715941096694,1.5680488453365462,2.7386795269815405,1.7522774144537308,0.2872753712830367,0.6932050597239438,1.0
17,117,constant_22,moderate,LTI_10,handling_06,handling,0,0.021620149336178552,1.5923001626889117,2.7382767934961834,1.7789627829968186,0.2864620259679972,0.7038989623227977,1.0
17,117,constant_22,moderate,LTI_10,handling_07,handling,0,0.022065814325546405,1.6876650333002075,2.73503645615813,1.8840153718480523,0.2875553979900761,0.7459574062342743,1.0
17,117,constant_22,moderate,LTI_10,handling_08,handling,0,0.020973102085458526,1.6114628296028168,2.7405940751982283,1.7999753783010823,0.2727959217755164,0.7122799513590593,1.0
17,117,constant_22,moderate,LTI_10,handling_09,handling,0,0.021221942695391696,1.5977951642083281,2.7416715888960703,1.784911181722765,0.2678883419429587,0.7062184152974611,1.0
17,117,constant_22,strong,M4,nominal_00,nominal,0,0.03312940442696275,2.038432203594685,4.039025011501635,2.2554464867434607,0.5701167312789474,0.8964140195921778,1.0
17,117,constant_22,strong,M4,nominal_01,nominal,0,0.03383972702679257,2.0125351974633654,4.043920203210032,2.226827111935157,0.5519417436214367,0.8848360241890255,1.0
17,117,constant_22,strong,M4,nominal_02,nominal,0,0.036629508379460315,1.950871948630632,4.046052978211488,2.1588504927029244,0.5446630170823308,0.8574574785399085,1.0
17,117,constant_22,strong,M4,nominal_03,nominal,0,0.03223584263517906,2.0380637171143494,4.058544682664615,2.2539450362884503,0.49271318065214975,0.8956956595884208,1.0
17,117,constant_22,strong,M4,nominal_04,nominal,0,0.0352900419294586,2.012642780310807,4.034062984657296,2.226535353626116,0.5851311785391792,0.8849012831312126,1.0
17,117,constant_22,strong,M4,nominal_05,nominal,0,0.03059294114556935,2.090860755004702,4.047830543331153,2.312916050222985,0.537585912829194,0.9194914197102922,1.0
17,117,constant_22,strong,M4,nominal_06,nominal,0,0.0326968919452287,2.235618574312883,4.051965781084225,2.468669540554862,0.5050555115641803,0.9826615713235464,1.0
17,117,constant_22,strong,M4,nominal_07,nominal,0,0.03648359694262507,2.000896528601613,4.037745731433777,2.212373207828408,0.5656683840292526,0.8793249756813364,1.0
17,117,constant_22,strong,M4,nominal_08,nominal,0,0.03215743296544342,2.2656405435963447,4.0516333437148955,2.5023045295060276,0.5118139243765127,0.9961795250754667,1.0
17,117,constant_22,strong,M4,nominal_09,nominal,0,0.032116775184571025,2.1970414265566385,4.04426357412743,2.427066103920358,0.5348561845773345,0.9658602385553953,1.0
17,117,constant_22,strong,M4,heavy_00,heavy,0,0.035048273019712334,2.209334853474537,4.008040897480599,2.43800620223374,0.620358077033803,0.9710466429097161,1.0
17,117,constant_22,strong,M4,heavy_01,heavy,0,0.03529153046491352,2.0681699737634407,3.9866471161114374,2.283485042034138,0.7026219581614117,0.9090911272632632,1.0
17,117,constant_22,strong,M4,heavy_02,heavy,0,0.0339371307514369,2.059248368163265,3.996972543601621,2.274988725503896,0.6747942525716294,0.9053075211170333,1.0
17,117,constant_22,strong,M4,heavy_03,heavy,0,0.033444740838786714,2.2472079156778597,4.0026720661976825,2.4822152612508885,0.6486623293780872,0.9885866596853886,1.0
17,117,constant_22,strong,M4,heavy_04,heavy,0,0.03354560165714401,2.1661455404728183,4.006942890153013,2.391749096042861,0.6317003017920271,0.9522629748875726,1.0
17,117,constant_22,strong,M4,heavy_05,heavy,0,0.034551960614824566,2.0594568366056607,3.993260815055725,2.2746612534247843,0.6845557879320306,0.9053138551532297,1.0
17,117,constant_22,strong,M4,heavy_06,heavy,0,0.036566078394131285,2.01698078136116,3.9899777344004717,2.2268271878395716,0.6943859822847298,0.8863009353043589,1.0
17,117,constant_22,strong,M4,heavy_07,heavy,0,0.03422794644434103,2.2193826981183795,3.9996713932011247,2.450236321728631,0.652785557820983,0.9759490178481397,1.0
17,117,constant_22,strong,M4,heavy_08,heavy,0,0.032291220151754625,2.0910528430516098,4.005555657031786,2.3108561100660063,0.6484619928740487,0.9194723741513839,1.0
17,117,constant_22,strong,M4,heavy_09,heavy,0,0.03784569014414388,1.9784210225803727,3.9962617495704587,2.1838637168457096,0.6741221002820756,0.8689953110698251,1.0
17,117,constant_22,strong,M4,handling_00,handling,0,0.039885519001671796,2.336791664112086,4.08189315954557,2.5767715660728387,0.4637312039723274,1.0264861117138837,1.0
17,117,constant_22,strong,M4,handling_01,handling,0,0.0315909217032345,2.5238730841242036,4.094140601481262,2.7759344499547898,0.3972085185919894,1.107631641665437,1.0
17,117,constant_22,strong,M4,handling_02,handling,0,0.033291536416348314,2.5854303501168427,4.077192568240217,2.8440764432505006,0.45989858344358925,1.1351613986812612,1.0
17,117,constant_22,strong,M4,handling_03,handling,0,0.03308715482707448,2.5099000023567246,4.0851488523468555,2.7619796452317256,0.43399381398270737,1.101855179889915,1.0
17,117,constant_22,strong,M4,handling_04,handling,0,0.03477493548641683,2.6714506107674,4.096795174335009,2.9331562712271073,0.3731736475093672,1.1717257427090981,1.0
17,117,constant_22,strong,M4,handling_05,handling,0,0.03626330954676954,2.389106367655216,4.084305303574383,2.6329982847273783,0.45179810701102335,1.0493566047846608,1.0
17,117,constant_22,strong,M4,handling_06,handling,0,0.03497154154345321,2.4267591241314936,4.083646220700956,2.6733489606991223,0.45053793788432783,1.0657754500011178,1.0
17,117,constant_22,strong,M4,handling_07,handling,0,0.034080265197144195,2.5747326627011957,4.078324623725464,2.8319716860307294,0.45217830556441296,1.13027356919266,1.0
17,117,constant_22,strong,M4,handling_08,handling,0,0.0334143493972596,2.456969732127421,4.087770467280686,2.70510313102578,0.42956026619266896,1.0787382177232314,1.0
17,117,constant_22,strong,M4,handling_09,handling,0,0.033931523572051724,2.435961007556165,4.089585090855216,2.682264721628116,0.42203894824841104,1.0694572518494183,1.0
17,117,constant_22,strong,LTI_1,nominal_00,nominal,0,0.030821137944395793,2.036594874158854,4.035720272776546,2.2537268600771627,0.5696252729649548,0.8957351957503399,1.0
17,117,constant_22,strong,LTI_1,nominal_01,nominal,0,0.03105013608591733,2.0107376036142357,4.040712705978026,2.225182835169331,0.5514738370593915,0.8841792018537964,1.0
17,117,constant_22,strong,LTI_1,nominal_02,nominal,0,0.03228720354833993,1.949133602595253,4.04283128510215,2.1572728631132247,0.5442050307451176,0.8568278272847357,1.0
17,117,constant_22,strong,LTI_1,nominal_03,nominal,0,0.03113842812896246,2.036349587764351,4.055482646129226,2.2523743898154023,0.49231572014560165,0.8950685986200183,1.0
17,117,constant_22,strong,LTI_1,nominal_04,nominal,0,0.03196268745954636,2.010779720128752,4.030686654358129,2.224839947930721,0.5846191720816105,0.8842202227868213,1.0
17,117,constant_22,strong,LTI_1,nominal_05,nominal,0,0.030530160790527006,2.089043716049542,4.044662063357161,2.3112306376926113,0.5371354491034142,0.9188167850350392,1.0
17,117,constant_22,strong,LTI_1,nominal_06,nominal,0,0.03694573798441839,2.233719005769473,4.048815527110097,2.4668694699841627,0.5046383010545494,0.98195238614947,1.0
17,117,constant_22,strong,LTI_1,nominal_07,nominal,0,0.03312204957482495,1.9990851790277373,4.034463075650016,2.210713366947024,0.5651800232965364,0.8786593808110488,1.0
17,117,constant_22,strong,LTI_1,nominal_08,nominal,0,0.03730471551369104,2.2636928637727016,4.048449078511014,2.5004924366574692,0.5113900875634826,0.9954571929016837,1.0
17,117,constant_22,strong,LTI_1,nominal_09,nominal,0,0.03502211798086413,2.1950841829817285,4.0410742942676015,2.42526105007013,0.5344032727910776,0.9651430502773982,1.0
17,117,constant_22,strong,LTI_1,heavy_00,heavy,0,0.03759056150344282,2.207375441041072,4.004807887432273,2.4362255650999893,0.6198347633518954,0.970321104336154,1.0
17,117,constant_22,strong,LTI_1,heavy_01,heavy,0,0.03374974920350402,2.0661667884590256,3.9832164106885597,2.281681883090401,0.7019855330027108,0.9083567788376334,1.0
17,117,constant_22,strong,LTI_1,heavy_02,heavy,0,0.03254776835812164,2.0573192301944716,3.993604221551043,2.2732404389923904,0.6742020675271472,0.9046010429187524,1.0
17,117,constant_22,strong,LTI_1,heavy_03,heavy,0,0.03707069753315066,2.2451443005280423,3.9993801688759105,2.4803352474759746,0.6481035040251402,0.9878288676281674,1.0
17,117,constant_22,strong,LTI_1,heavy_04,heavy,0,0.03520629339304294,2.164198703249299,4.0037460549504855,2.3899919970739867,0.6311647065496611,0.9515472554328704,1.0
17,117,constant_22,strong,LTI_1,heavy_05,heavy,0,0.033026703702015714,2.057496436357439,3.9899143470621703,2.272899486804322,0.6839482268334107,0.9045986699129769,1.0
17,117,constant_22,strong,LTI_1,heavy_06,heavy,0,0.033827655068915406,2.015035522611079,3.98660166375307,2.225123058471739,0.6937636215081189,0.8855936734493859,1.0
17,117,constant_22,strong,LTI_1,heavy_07,heavy,0,0.03695340021733498,2.2173244812611896,3.996358333259586,2.4483858659400624,0.6522186385990576,0.9751952079384625,1.0
17,117,constant_22,strong,LTI_1,heavy_08,heavy,0,0.032098563156247456,2.089144268031526,4.002309696902423,2.3091526751372626,0.6479082652228797,0.9187757353837549,1.0
17,117,constant_22,strong,LTI_1,heavy_09,heavy,0,0.03441244639677157,1.9765880833006801,3.992911229707852,2.182216453267383,0.6735302540737093,0.8683179625977041,1.0
17,117,constant_22,strong,LTI_1,handling_00,handling,0,0.03394923108568193,2.3347563753514735,4.078718795204631,2.5748052092529097,0.4633377587435084,1.0257284969635796,1.0
17,117,constant_22,strong,LTI_1,handling_01,handling,0,0.03370429398398926,2.5217449357091266,4.091089208184605,2.7739132844947414,0.3968807089925327,1.106843971001907,1.0
17,117,constant_22,strong,LTI_1,handling_02,handling,0,0.035071962611942425,2.5831746126279893,4.073937646004149,2.841864262027883,0.4595016483998311,1.1343056307180757,1.0
17,117,constant_22,strong,LTI_1,handling_03,handling,0,0.0333622407260276,2.5077311998795073,4.08192862432593,2.7599174569158222,0.43362740430759555,1.101047665492833,1.0
17,117,constant_22,strong,LTI_1,handling_04,handling,0,0.041397434549644875,2.6692358100190234,4.093683046447614,2.9309949873714545,0.37286638156758206,1.1708969573136352,1.0
17,117,constant_22,strong,LTI_1,handling_05,handling,0,0.03204681795689162,2.3870758855633967,4.081146000074836,2.6309991263785535,0.4514168551735862,1.0485869387751192,1.0
17,117,constant_22,strong,LTI_1,handling_06,handling,0,0.03194795990788539,2.424674465019367,4.080493440389033,2.6713513621554594,0.450156808958713,1.0649914271140235,1.0
17,117,constant_22,strong,LTI_1,handling_07,handling,0,0.035692362255005154,2.5724438154323375,4.075105714077434,2.829802048049603,0.45178921504935143,1.1294257193866652,1.0
17,117,constant_22,strong,LTI_1,handling_08,handling,0,0.0321231011429603,2.454883917549623,4.084593519772014,2.70311232494251,0.4292004755219994,1.0779552975036915,1.0
17,117,constant_22,strong,LTI_1,handling_09,handling,0,0.032220187930609955,2.43392371743698,4.086449659185151,2.6802526311908,0.42168725780458816,1.068686655441799,1.0
17,117,constant_22,strong,LTI_2,nominal_00,nominal,0,0.03097658466391421,2.0369207333643966,4.036304823486241,2.2540214059337327,0.5697113400224972,0.8958539961550683,1.0
17,117,constant_22,strong,LTI_2,nominal_01,nominal,0,0.03129563721571311,2.0110484421957886,4.041279488447763,2.2254637377019306,0.5515555713683874,0.8842938537385001,1.0
17,117,constant_22,strong,LTI_2,nominal_02,nominal,0,0.03281747058479587,1.949440505270142,4.043388491725166,2.1575350913805176,0.5442849325670024,0.8569375952778802,1.0
17,117,constant_22,strong,LTI_2,nominal_03,nominal,0,0.031112084853977155,2.0366453283984036,4.056013460768794,2.2526399734695297,0.49238458307982774,0.8951771469293679,1.0
17,117,constant_22,strong,LTI_2,nominal_04,nominal,0,0.03230247693390545,2.0111104505754582,4.031284558024136,2.2251313849244387,0.584709028380285,0.8843396716486637,1.0
17,117,constant_22,strong,LTI_2,nominal_05,nominal,0,0.030314338305909128,2.089364873854698,4.045219222286342,2.3115182487273342,0.5372139948801087,0.9189343327101233,1.0
17,117,constant_22,strong,LTI_2,nominal_06,nominal,0,0.03611999668983512,2.2340540147384527,4.049369173377838,2.467175293497968,0.5047108378488568,0.9820755920166593,1.0
17,117,constant_22,strong,LTI_2,nominal_07,nominal,0,0.03348136220738793,1.9994019786717123,4.035043994928456,2.2109920442161797,0.5652655430227412,0.878775857604099,1.0
17,117,constant_22,strong,LTI_2,nominal_08,nominal,0,0.03634623639446528,2.2640325833683144,4.049008667922298,2.5008010316870237,0.5114638219779504,0.9955827634006571,1.0
17,117,constant_22,strong,LTI_2,nominal_09,nominal,0,0.034376268147475866,2.1954299301679407,4.041637577202456,2.425569395350475,0.534482333903447,0.9652681566665883,1.0
17,117,constant_22,strong,LTI_2,heavy_00,heavy,0,0.03713219695390106,2.207715422901383,4.005359896624936,2.4365216410787176,0.6199243156525178,0.9704451690833363,1.0
17,117,constant_22,strong,LTI_2,heavy_01,heavy,0,0.03387825955629425,2.0665176502945326,3.9838163564038522,2.281986023555478,0.7020957095597893,0.9084838326709442,1.0
17,117,constant_22,strong,LTI_2,heavy_02,heavy,0,0.03264894241722964,2.05765094456533,3.994189926738924,2.273533267693285,0.6743041039024418,0.9047226917524348,1.0
17,117,constant_22,strong,LTI_2,heavy_03,heavy,0,0.03644316685231235,2.2455031683466173,3.999951485558124,2.4806496374268705,0.6481995013239822,0.987958956877298,1.0
17,117,constant_22,strong,LTI_2,heavy_04,heavy,0,0.03486328991011452,2.1645336725653013,4.004300573844576,2.39028458363083,0.631256459033656,0.9516697742300241,1.0
17,117,constant_22,strong,LTI_2,heavy_05,heavy,0,0.033151006392184115,2.0578387241556886,3.990497143863795,2.273195356809097,0.6840530899184267,0.9047220298618948,1.0
17,117,constant_22,strong,LTI_2,heavy_06,heavy,0,0.03415145949257938,2.0153755145630123,3.9871917875890572,2.2254103136939434,0.6938711949310136,0.8857158453873216,1.0
17,117,constant_22,strong,LTI_2,heavy_07,heavy,0,0.03645599618919012,2.217682750392602,3.996933838631972,2.4486927175077433,0.6523161327315768,0.9753247559250616,1.0
17,117,constant_22,strong,LTI_2,heavy_08,heavy,0,0.03201391967793656,2.089475829709727,4.002872968461318,2.3094370025001636,0.6480032659847639,0.9188951680885863,1.0
17,117,constant_22,strong,LTI_2,heavy_09,heavy,0,0.034855408468240354,1.9769085524577676,3.9934941584696464,2.182492290470111,0.673632223980666,0.8684345836882833,1.0
17,117,constant_22,strong,LTI_2,handling_00,handling,0,0.034714655222566164,2.3351235404672925,4.079291143119688,2.57515094164195,0.4634079257230792,1.0258635292943838,1.0
17,117,constant_22,strong,LTI_2,handling_01,handling,0,0.03304584045115612,2.5221265156630435,4.091636405143452,2.7742667063382402,0.3969388291825114,1.1069835303250888,1.0
17,117,constant_22,strong,LTI_2,handling_02,handling,0,0.034461110885671456,2.5835823920737315,4.074524844868086,2.8422541887518866,0.45957254817783466,1.1344584035677032,1.0
17,117,constant_22,strong,LTI_2,handling_03,handling,0,0.032994483837084525,2.5081216861187783,4.082507354647737,2.7602797417358147,0.4336926343834209,1.101191336343988,1.0
17,117,constant_22,strong,LTI_2,handling_04,handling,0,0.040106420028517435,2.6696325360453117,4.094239371833295,2.9313721158920285,0.37292077943761237,1.1710435845043237,1.0
17,117,constant_22,strong,LTI_2,handling_05,handling,0,0.03246788494518861,2.3874421893326896,4.081711020818384,2.6313414309029297,0.45148477674322873,1.048723975076402,1.0
17,117,constant_22,strong,LTI_2,handling_06,handling,0,0.03214538880655916,2.425050399251385,4.08106021899639,2.6717017023561085,0.45022472206434055,1.0651310482870988,1.0
17,117,constant_22,strong,LTI_2,handling_07,handling,0,0.035118085686589084,2.5728567556368547,4.075686313831826,2.8301843385916494,0.4518586698376719,1.1295769809752965,1.0
17,117,constant_22,strong,LTI_2,handling_08,handling,0,0.032015263587915524,2.4552593363160184,4.085164176187839,2.7034617192252446,0.4292644622414304,1.0780944482005574,1.0
17,117,constant_22,strong,LTI_2,handling_09,handling,0,0.03219050362599449,2.434289318137717,4.08701264360751,2.6805944878963768,0.4217497490793041,1.0688234929755005,1.0
17,117,constant_22,strong,LTI_3,nominal_00,nominal,0,0.04017725893558663,2.0405736078503147,4.042877389754353,2.2574505094420676,0.5706932646970493,0.8972100072407454,1.0
17,117,constant_22,strong,LTI_3,nominal_01,nominal,0,0.0411641090134663,2.014647741363171,4.047705057800019,2.228743392313442,0.5524907904644478,0.8856064125260505,1.0
17,117,constant_22,strong,LTI_3,nominal_02,nominal,0,0.045055880093048936,1.9528996866422463,4.0498454947970774,2.160704207877494,0.5452004830852092,0.85819607742638,1.0
17,117,constant_22,strong,LTI_3,nominal_03,nominal,0,0.037829279027891384,2.0400915868226366,4.0621859886175145,2.255778144526181,0.49317999113117905,0.896431817791977,1.0
17,117,constant_22,strong,LTI_3,nominal_04,nominal,0,0.0431205234763412,2.0148146477607383,4.037999219467572,2.228509531966452,0.5857316995182432,0.885699732688501,1.0
17,117,constant_22,strong,LTI_3,nominal_05,nominal,0,0.03559432179832328,2.092988618235318,4.0516263128744825,2.314880627931852,0.5381145986012704,0.9202828660852441,1.0
17,117,constant_22,strong,LTI_3,nominal_06,nominal,0,0.03204175063106657,2.2379030860662272,4.055641399626993,2.4707706506823337,0.5055454152379022,0.9834939714315806,1.0
17,117,constant_22,strong,LTI_3,nominal_07,nominal,0,0.044148917771778824,2.0030442272603857,4.041572006181865,2.2143317481327816,0.5662413304958375,0.8801055092640505,1.0
17,117,constant_22,strong,LTI_3,nominal_08,nominal,0,0.03034206632627454,2.2679605292807703,4.05534902551229,2.504418355470293,0.512311551614851,0.9970272632536143,1.0
17,117,constant_22,strong,LTI_3,nominal_09,nominal,0,0.033498333948226565,2.1993245566942496,4.048067160935683,2.4291710375791364,0.5353877713489822,0.9667016497072978,1.0
17,117,constant_22,strong,LTI_3,heavy_00,heavy,0,0.03532742988788826,2.2116935986933135,4.011845555394261,2.440096461835335,0.6209750607723835,0.9719017131910348,1.0
17,117,constant_22,strong,LTI_3,heavy_01,heavy,0,0.04058392662096271,2.07051862873932,3.9906675215326906,2.285597580531069,0.7033713161484748,0.9099554334736945,1.0
17,117,constant_22,strong,LTI_3,heavy_02,heavy,0,0.03907124655266845,2.061532703717509,4.000922927289058,2.2770387551554574,0.6754918160305323,0.9061393832707472,1.0
17,117,constant_22,strong,LTI_3,heavy_03,heavy,0,0.03260317104210677,2.2496291440036167,4.006533573792747,2.484420923008445,0.6493208567559192,0.9894793040438058,1.0
17,117,constant_22,strong,LTI_3,heavy_04,heavy,0,0.03513724670164219,2.168466396818087,4.01076226499139,2.393811050372841,0.6323316462993047,0.9531063138178731,1.0
17,117,constant_22,strong,LTI_3,heavy_05,heavy,0,0.039811890676185784,2.061756166671797,3.9972700363478566,2.2767263315286828,0.6852713548192018,0.9061558394798382,1.0
17,117,constant_22,strong,LTI_3,heavy_06,heavy,0,0.042895924408111935,2.0192623119382804,3.993980534920475,2.228865625564586,0.695118875009573,0.8871334697219333,1.0
17,117,constant_22,strong,LTI_3,heavy_07,heavy,0,0.03452102301336677,2.2217976388656386,4.003557615385751,2.4524442689846113,0.6534535815138425,0.9768369111768024,1.0
17,117,constant_22,strong,LTI_3,heavy_08,heavy,0,0.036216564966524735,2.09329232047918,4.009362254055272,2.3128538348583287,0.6491145333172245,0.9202930057571956,1.0
17,117,constant_22,strong,LTI_3,heavy_09,heavy,0,0.04466407702106591,1.980621200432956,4.000190696422155,2.1857945321605117,0.6748192830059715,0.8697928916522746,1.0
17,117,constant_22,strong,LTI_3,handling_00,handling,0,0.050542909264634735,2.3391471290924817,4.085647290572243,2.579047870623062,0.4641907988766116,1.0273707142326767,1.0
17,117,constant_22,strong,LTI_3,handling_01,handling,0,0.03531702923200595,2.5263387762951273,4.097784446690046,2.7782806953584607,0.3975917801049509,1.1085521508430558,1.0
17,117,constant_22,strong,LTI_3,handling_02,handling,0,0.03744816433043516,2.5881344789095486,4.080961099254188,2.8466379542810594,0.4603623152333241,1.136160741932133,1.0
17,117,constant_22,strong,LTI_3,handling_03,handling,0,0.03875161727103118,2.5124113779636987,4.088879486548947,2.7644117463857505,0.4344220055234492,1.1027984400555868,1.0
17,117,constant_22,strong,LTI_3,handling_04,handling,0,0.031804179395335426,2.674016974494156,4.100403586049665,2.9356636453796288,0.3735330181202988,1.1726946447433466,1.0
17,117,constant_22,strong,LTI_3,handling_05,handling,0,0.04576806749750963,2.3915428062877555,4.088073479971682,2.6353440669492167,0.45224352663025635,1.0502554191020017,1.0
17,117,constant_22,strong,LTI_3,handling_06,handling,0,0.043588285728610586,2.429185283441594,4.087425578665187,2.6757492034835115,0.450983226634464,1.066691056908284,1.0
17,117,constant_22,strong,LTI_3,handling_07,handling,0,0.038252720011189,2.5773834265353566,4.082071456672637,2.8344956568642963,0.45263291642026193,1.1312637573180697,1.0
17,117,constant_22,strong,LTI_3,handling_08,handling,0,0.04055231920846753,2.459384200296053,4.091450095502501,2.7075007412613616,0.4299807375024645,1.0796527815608536,1.0
17,117,constant_22,strong,LTI_3,handling_09,handling,0,0.04135651684547516,2.4384078109044807,4.093216011761499,2.684611422351626,0.422449990857148,1.0703575002425731,1.0
17,117,constant_22,strong,LTI_5,nominal_00,nominal,0,0.03227815955147162,2.0380176418931732,4.038275052710701,2.2550297516691646,0.5700030581848721,0.8962567601101985,1.0
17,117,constant_22,strong,LTI_5,nominal_01,nominal,0,0.03287451338551907,2.0121233853428597,4.043190696727456,2.226426636410773,0.5518329613029307,0.884683064618176,1.0
17,117,constant_22,strong,LTI_5,nominal_02,nominal,0,0.03529767542643577,1.9504760508857042,4.0453086647674725,2.158461080020412,0.5445562743776128,0.8573104685205313,1.0
17,117,constant_22,strong,LTI_5,nominal_03,nominal,0,0.03170499081134855,2.037662797419968,4.057821276362598,2.253555258369744,0.4926192668765925,0.8955472069587194,1.0
17,117,constant_22,strong,LTI_5,nominal_04,nominal,0,0.0342021200659643,2.012223293015943,4.033298691758238,2.2261271839082273,0.5850132644267579,0.8847441948765067,1.0
17,117,constant_22,strong,LTI_5,nominal_05,nominal,0,0.030309470904661035,2.0904478006890272,4.047099029601243,2.3125047232891505,0.5374808073436456,0.9193337421996135,1.0
17,117,constant_22,strong,LTI_5,nominal_06,nominal,0,0.03367007051519322,2.235184924693655,4.051241415205942,2.4682267913268037,0.5049576107049432,0.9824948669439211,1.0
17,117,constant_22,strong,LTI_5,nominal_07,nominal,0,0.03540084517194214,2.000479691034508,4.0370015108790325,2.2119652652797592,0.565555419311226,0.879170764464993,1.0
17,117,constant_22,strong,LTI_5,nominal_08,nominal,0,0.03338441442221734,2.2651845553226098,4.050901088866625,2.501860701680851,0.5117145874962712,0.9960099414035067,1.0
17,117,constant_22,strong,LTI_5,nominal_09,nominal,0,0.032683209244913754,2.1965962092140536,4.043537529057095,2.426626522547374,0.5347507528027376,0.9656930142052381,1.0
17,117,constant_22,strong,LTI_5,heavy_00,heavy,0,0.035750826576078656,2.2088729655872625,4.00727191521255,2.437552100645203,0.6202316845722546,0.9708711240278726,1.0
17,117,constant_22,strong,LTI_5,heavy_01,heavy,0,0.03477606667902754,2.0677075027443355,3.9858522135855616,2.283036578522013,0.7024716170089352,0.908917417824891,1.0
17,117,constant_22,strong,LTI_5,heavy_02,heavy,0,0.03345172764935521,2.0587940220634406,3.9961832905781987,2.274548466685537,0.6746530752084424,0.9051388460648673,1.0
17,117,constant_22,strong,LTI_5,heavy_03,heavy,0,0.03445103072498908,2.2467246168507593,4.001897800185827,2.4817405798142564,0.6485283335448044,0.9884046860559926,1.0
17,117,constant_22,strong,LTI_5,heavy_04,heavy,0,0.03396355480798372,2.1656794353256594,4.006190121600656,2.3913020935674645,0.6315712007588619,0.952090179744037,1.0
17,117,constant_22,strong,LTI_5,heavy_05,heavy,0,0.03403381883062142,2.0590013752778478,3.9924760350694095,2.274219667235519,0.6844114190135893,0.9051436675125374,1.0
17,117,constant_22,strong,LTI_5,heavy_06,heavy,0,0.035722882200416806,2.0165297820018218,3.9891947272068697,2.2264027903715373,0.6942385131058002,0.8861331100247273,1.0
17,117,constant_22,strong,LTI_5,heavy_07,heavy,0,0.03496672607903508,2.2189015960762175,3.998893544603208,2.4497609481753564,0.6526499084521703,0.9757683841681735,1.0
17,117,constant_22,strong,LTI_5,heavy_08,heavy,0,0.0321386170358566,2.09060494034116,4.0047919243467724,2.3104244943681893,0.6483288922520273,0.9193046565310742,1.0
17,117,constant_22,strong,LTI_5,heavy_09,heavy,0,0.03681507220362584,1.9779962908866626,3.995477498395354,2.1834486385239025,0.6739809842493756,0.8688335612525087,1.0
17,117,constant_22,strong,LTI_5,handling_00,handling,0,0.03818573537665016,2.33634766589574,4.081199666173798,2.5763178225549987,0.4636434593557326,1.0263168916933247,1.0
17,117,constant_22,strong,LTI_5,handling_01,handling,0,0.0317328713264002,2.5234026790781705,4.0934660824543245,2.7754629688335117,0.3971345057444328,1.1074535050704022,1.0
17,117,constant_22,strong,LTI_5,handling_02,handling,0,0.033350742935678516,2.5849405218454726,4.076482615424002,2.843568695481984,0.45981036919775636,1.1349709437950162,1.0
17,117,constant_22,strong,LTI_5,handling_03,handling,0,0.03276945621677364,2.5094249076462085,4.084440630554368,2.7615030331887067,0.43391179831057003,1.10167414996061,1.0
17,117,constant_22,strong,LTI_5,handling_04,handling,0,0.03618506309368923,2.6709600038430237,4.096102854595243,2.9326501845774398,0.37310406523105943,1.1715377441913755,1.0
17,117,constant_22,strong,LTI_5,handling_05,handling,0,0.03491229521753243,2.38866333500248,4.083595668231713,2.6325296113386165,0.4517128933248376,1.049184310427781,1.0
17,117,constant_22,strong,LTI_5,handling_06,handling,0,0.03387941005337044,2.4263039555373282,4.0829506926424575,2.672883859051382,0.45045278973629493,1.0656000229838682,1.0
17,117,constant_22,strong,LTI_5,handling_07,handling,0,0.03411011354188963,2.574233605327307,4.0776222034049265,2.8314732947724432,0.4520917186649951,1.1300846173089876,1.0
17,117,constant_22,strong,LTI_5,handling_08,handling,0,0.0327163359220029,2.4565123995953555,4.087070876321581,2.704642031541418,0.4294795549384427,1.0785623078009035,1.0
17,117,constant_22,strong,LTI_5,handling_09,handling,0,0.03314107693961949,2.43550958885416,4.088893999328544,2.681793507186498,0.4219599070926413,1.0692837815073528,1.0
17,117,constant_22,strong,LTI_8,nominal_00,nominal,0,0.034963423502910825,2.0391481789657515,4.0403090065393545,2.256090291877602,0.5703066307299195,0.8966759932459969,1.0
17,117,constant_22,strong,LTI_8,nominal_01,nominal,0,0.035780117895314996,2.0132385554928733,4.045164720652158,2.2274409173192984,0.5521220765149578,0.8850888385345366,1.0
17,117,constant_22,strong,LTI_8,nominal_02,nominal,0,0.03897291704859215,1.9515465010156512,4.047311019929966,2.1594422154844968,0.5448393013025764,0.8576995138332226,1.0
17,117,constant_22,strong,LTI_8,nominal_03,nominal,0,0.03358576604283196,2.0387334045694083,4.05974394031532,2.2545255380513844,0.49286511062392296,0.8959350052163697,1.0
17,117,constant_22,strong,LTI_8,nominal_04,nominal,0,0.037414247138722705,2.013369709571252,4.035376634376613,2.2271720862244724,0.5853294505361183,0.8851647021571932,1.0
17,117,constant_22,strong,LTI_8,nominal_05,nominal,0,0.03170531907730323,2.0915662523086684,4.049088487547392,2.3135445620762694,0.5377592084376229,0.9197506177352806,1.0
17,117,constant_22,strong,LTI_8,nominal_06,nominal,0,0.032060581599013004,2.236371315418851,4.05318210600542,2.4693384903824835,0.5052155793190872,0.9829332966173986,1.0
17,117,constant_22,strong,LTI_8,nominal_07,nominal,0,0.038566286754007015,2.0016132545962546,4.039021713799259,2.2130017219794005,0.5658570931714464,0.879581846497205,1.0
17,117,constant_22,strong,LTI_8,nominal_08,nominal,0,0.031158556154049392,2.266409209341577,4.052862835510444,2.5029792897163623,0.5119766259288586,0.9964564526133864,1.0
17,117,constant_22,strong,LTI_8,nominal_09,nominal,0,0.032081197447902866,2.197801405518811,4.045504682025777,2.4277403333252776,0.535030652619757,0.9661361608614465,1.0
17,117,constant_22,strong,LTI_8,heavy_00,heavy,0,0.03492677895352262,2.210103316241144,4.009277645750484,2.4386569661846775,0.6205563691112277,0.9713212108466026,1.0
17,117,constant_22,strong,LTI_8,heavy_01,heavy,0,0.03665713639341761,2.0689452386755978,3.987971616781718,2.2841531638592083,0.7028658903415037,0.9093722803639143,1.0
17,117,constant_22,strong,LTI_8,heavy_02,heavy,0,0.03524048474520732,2.0599979333029754,3.9982658472568495,2.275632086898041,0.6750201440705819,0.9055766913233978,1.0
17,117,constant_22,strong,LTI_8,heavy_03,heavy,0,0.032965670405071375,2.2480008198569497,4.003933599972063,2.482906303881152,0.64887486813361,0.9888745311903991,1.0
17,117,constant_22,strong,LTI_8,heavy_04,heavy,0,0.033782002736377215,2.16690265375566,4.008167010301548,2.392392062540818,0.6319034476909366,0.9525340979327477,1.0
17,117,constant_22,strong,LTI_8,heavy_05,heavy,0,0.03590049129531935,2.0602131814955857,3.9945745610386725,2.275311235307029,0.6847879441676967,0.9055868197453708,1.0
17,117,constant_22,strong,LTI_8,heavy_06,heavy,0,0.03826658716273368,2.017732127526302,3.9912803113467077,2.227457871070593,0.6946241422559195,0.886571274458799,1.0
17,117,constant_22,strong,LTI_8,heavy_07,heavy,0,0.0340858215261586,2.2201743864155894,4.000942267754656,2.450927765323343,0.6530014241944754,0.9762357082704323,1.0
17,117,constant_22,strong,LTI_8,heavy_08,heavy,0,0.03320612899978174,2.0917854019660154,4.006799073277337,2.311480663196256,0.6486723026212622,0.9197366330421286,1.0
17,117,constant_22,strong,LTI_8,heavy_09,heavy,0,0.039706361368234244,1.9791373426389833,3.9975488242139186,2.184469457912305,0.6743478508946976,0.8692533620008234,1.0
17,117,constant_22,strong,LTI_8,handling_00,handling,0,0.04302491939479498,2.3375937492641876,4.083142847617432,2.577523936854744,0.46388562085559154,1.0267831073894351,1.0
17,117,constant_22,strong,LTI_8,handling_01,handling,0,0.03212984331346046,2.5247069433277614,4.095351762407454,2.7767038724384485,0.3973364437367468,1.1079386390685937,1.0
17,117,constant_22,strong,LTI_8,handling_02,handling,0,0.03398661547876828,2.5863450396007828,4.078475768402254,2.8449255224308416,0.4600546683762581,1.1354975376159346,1.0
17,117,constant_22,strong,LTI_8,handling_03,handling,0,0.034325234015667776,2.5107532986283205,4.086413709791095,2.762768163658785,0.4341373960533419,1.1021712418670941,1.0
17,117,constant_22,strong,LTI_8,handling_04,handling,0,0.03320995333745066,2.6723175438588243,4.098011262981742,2.933978063842849,0.37329340205419476,1.1720483474840442,1.0
17,117,constant_22,strong,LTI_8,handling_05,handling,0,0.03894447318953982,2.3899288219319565,4.085583445571295,2.6337722815000264,0.4519475854945663,1.0496580150735662,1.0
17,117,constant_22,strong,LTI_8,handling_06,handling,0,0.037308837074659394,2.427580235388027,4.084928281355492,2.674141028538924,0.45068740648188405,1.0660825641813196,1.0
17,117,constant_22,strong,LTI_8,handling_07,handling,0,0.03480123468122643,2.5756354165924398,4.079593198720883,2.832803964170223,0.45233121251920916,1.130606387740359,1.0
17,117,constant_22,strong,LTI_8,handling_08,handling,0,0.035192711049999964,2.4577897731728617,4.08901727663497,2.705890825568077,0.42970109709087717,1.0790443036268371,1.0
17,117,constant_22,strong,LTI_8,handling_09,handling,0,0.03582549836304343,2.4367897843397106,4.090814851069176,2.683036564864006,0.42217648515262457,1.0697582422638159,1.0
17,117,constant_22,strong,LTI_10,nominal_00,nominal,0,0.0319731957949381,2.0378348523705108,4.037946491273524,2.2548601382901916,0.5699542444399079,0.8961893564757967,1.0
17,117,constant_22,strong,LTI_10,nominal_01,nominal,0,0.03252705101066844,2.0119433256687276,4.042871899944863,2.226264552227406,0.5517865116184024,0.8846178811896621,1.0
17,117,constant_22,strong,LTI_10,nominal_02,nominal,0,0.034808823499908985,1.9503032544874315,4.044985684389119,2.1583044563713267,0.5445108214942203,0.8572479986817934,1.0
17,117,constant_22,strong,LTI_10,nominal_03,nominal,0,0.03152594720141327,2.0374903585288973,4.057511825047383,2.2534007342939684,0.49257987686467786,0.8954850837896101,1.0
17,117,constant_22,strong,LTI_10,nominal_04,nominal,0,0.033801940679484985,2.012037890219274,4.032962910019852,2.225959859745244,0.5849623865724518,0.884676538006996,1.0
17,117,constant_22,strong,LTI_10,nominal_05,nominal,0,0.03022338765308592,2.0902671680176197,4.04678537281074,2.312338616915148,0.5374361059893923,0.9192668161690903,1.0
17,117,constant_22,strong,LTI_10,nominal_06,nominal,0,0.03403044548549258,2.234996167475314,4.050928611176261,2.4680494947942146,0.5049162316757201,0.9824245519626417,1.0
17,117,constant_22,strong,LTI_10,nominal_07,nominal,0,0.03500219656670917,2.000296542291298,4.0366751150436695,2.211799558052562,0.5655069124801178,0.8791046737631734,1.0
17,117,constant_22,strong,LTI_10,nominal_08,nominal,0,0.03383687274794484,2.2649876567180938,4.0505849044518465,2.501682154722497,0.5116725466365194,0.9959383144994807,1.0
17,117,constant_22,strong,LTI_10,nominal_09,nominal,0,0.032901199648691246,2.19640162834283,4.043220556740578,2.426448559463326,0.5347057956095564,0.9656218457524395,1.0
17,117,constant_22,strong,LTI_10,heavy_00,heavy,0,0.03595220425954838,2.2086788315063597,4.006950709814092,2.4373772044700313,0.6201798935440976,0.9707993404908153,1.0
17,117,constant_22,strong,LTI_10,heavy_01,heavy,0,0.03456861934983334,2.06750838806191,3.985511404583314,2.282858999161938,0.7024084854730734,0.9088445917806728,1.0
17,117,constant_22,strong,LTI_10,heavy_02,heavy,0,0.03326006557602089,2.058600698849328,3.9958490486349656,2.274376522026322,0.6745943897233803,0.9050688535996168,1.0
17,117,constant_22,strong,LTI_10,heavy_03,heavy,0,0.034757736236624204,2.246519799304042,4.001571268982074,2.481555714453865,0.6484729868574576,0.9883296542159179,1.0
17,117,constant_22,strong,LTI_10,heavy_04,heavy,0,0.03407457393701175,2.1654833605445063,4.0058730755068535,2.391129469481269,0.6315181840576357,0.9520193538761952,1.0
17,117,constant_22,strong,LTI_10,heavy_05,heavy,0,0.03382886549915115,2.0588066371633196,3.9921446512835805,2.274046310791244,0.6843511885492121,0.9050727871003621,1.0
17,117,constant_22,strong,LTI_10,heavy_06,heavy,0,0.035403402334493614,2.0163365022167676,3.98885939279973,2.2262350086164173,0.6941767969924795,0.8860629937560341,1.0
17,117,constant_22,strong,LTI_10,heavy_07,heavy,0,0.03518304547569727,2.2186972669933334,3.998564847801666,2.449575942051253,0.6525937466835121,0.9756937287448025,1.0
17,117,constant_22,strong,LTI_10,heavy_08,heavy,0,0.03206365661233626,2.090415551053641,4.004469982098713,2.3102570829960865,0.6482740661352138,0.9192357003493025,1.0
17,117,constant_22,strong,LTI_10,heavy_09,heavy,0,0.036433454031507904,1.9778141781231313,3.9951449921286892,2.1832866583123614,0.673922332765721,0.868766455640477,1.0
17,117,constant_22,strong,LTI_10,handling_00,handling,0,0.03751682728959419,2.336144812620817,4.08088336870275,2.5761231012977737,0.46360426356103074,1.0262414385620744,1.0
17,117,constant_22,strong,LTI_10,handling_01,handling,0,0.031843562661064626,2.5231908199788817,4.093162371442229,2.775263019532581,0.3971018872266772,1.1073751523653987,1.0
17,117,constant_22,strong,LTI_10,handling_02,handling,0,0.03342428341754235,2.5847155955268284,4.076158175462818,2.8433494810437128,0.45977080882417753,1.1348856775463538,1.0
17,117,constant_22,strong,LTI_10,handling_03,handling,0,0.032691158498562696,2.50920881672262,4.084119891579198,2.76129884662022,0.43387530719932366,1.1015937522208976,1.0
17,117,constant_22,strong,LTI_10,handling_04,handling,0,0.03678123924453679,2.670739565549809,4.09579321152795,2.93243640996791,0.37307349864471134,1.1714553226889965,1.0
17,117,constant_22,strong,LTI_10,handling_05,handling,0,0.034398250951641104,2.388460988019477,4.083283275381863,2.6323291146835377,0.4516749203413766,1.0491076734263718,1.0
17,117,constant_22,strong,LTI_10,handling_06,handling,0,0.03347669687612403,2.426096207118753,4.082637336651606,2.6726866164043144,0.4504148267906422,1.0655219517528811,1.0
17,117,constant_22,strong,LTI_10,handling_07,handling,0,0.03416944648926691,2.574005428588882,4.077301379384632,2.831258324258629,0.4520529449969841,1.130000151045462,1.0
17,117,constant_22,strong,LTI_10,handling_08,handling,0,0.03248195801187514,2.4563046154068724,4.086754511170132,2.7044449686539935,0.429443731669565,1.0784843779246207,1.0
17,117,constant_22,strong,LTI_10,handling_09,handling,0,0.03286760497187412,2.4353072463513943,4.08858181366529,2.6815931510506803,0.42192489693833196,1.0692070931742335,1.0
