centering,kind,lag,output,correlation,method,seed,process_noise_scale
pooled,autocorrelation,1,yaw,-0.06128243785514267,global,601,1.0
pooled,autocorrelation,1,acceleration,-0.11920350888205791,global,601,1.0
pooled,autocorrelation,1,steering,-0.3214970948664473,global,601,1.0
pooled,past_input,1,yaw,0.07732542242433793,global,601,1.0
pooled,past_input,1,acceleration,0.08937350357782854,global,601,1.0
pooled,past_input,1,steering,-0.08375762705648714,global,601,1.0
pooled,autocorrelation,2,yaw,0.15608535537832063,global,601,1.0
pooled,autocorrelation,2,acceleration,-0.054217116953661465,global,601,1.0
pooled,autocorrelation,2,steering,0.009448631748345983,global,601,1.0
pooled,past_input,2,yaw,0.06657600164567301,global,601,1.0
pooled,past_input,2,acceleration,0.08740281659514237,global,601,1.0
pooled,past_input,2,steering,-0.07927233282956925,global,601,1.0
pooled,autocorrelation,3,yaw,0.23557078465861828,global,601,1.0
pooled,autocorrelation,3,acceleration,0.05239493534840669,global,601,1.0
pooled,autocorrelation,3,steering,0.0697903918955187,global,601,1.0
pooled,past_input,3,yaw,0.059741156441387853,global,601,1.0
pooled,past_input,3,acceleration,0.08330426233320128,global,601,1.0
pooled,past_input,3,steering,-0.07692836683155632,global,601,1.0
pooled,autocorrelation,4,yaw,0.2145300690620706,global,601,1.0
pooled,autocorrelation,4,acceleration,0.08650724093453331,global,601,1.0
pooled,autocorrelation,4,steering,0.07191285512048265,global,601,1.0
pooled,past_input,4,yaw,0.050710899860037795,global,601,1.0
pooled,past_input,4,acceleration,0.07840919912289704,global,601,1.0
pooled,past_input,4,steering,-0.07348170155246027,global,601,1.0
pooled,autocorrelation,5,yaw,0.22917547283739748,global,601,1.0
pooled,autocorrelation,5,acceleration,0.07491621754602121,global,601,1.0
pooled,autocorrelation,5,steering,0.07568929355993331,global,601,1.0
pooled,past_input,5,yaw,0.04316667698666616,global,601,1.0
pooled,past_input,5,acceleration,0.07319772718888021,global,601,1.0
pooled,past_input,5,steering,-0.07091189999012282,global,601,1.0
pooled,autocorrelation,6,yaw,0.2476440326861404,global,601,1.0
pooled,autocorrelation,6,acceleration,0.10725190032987435,global,601,1.0
pooled,autocorrelation,6,steering,0.05353870146942659,global,601,1.0
pooled,past_input,6,yaw,0.03768392400922417,global,601,1.0
pooled,past_input,6,acceleration,0.06688938562436776,global,601,1.0
pooled,past_input,6,steering,-0.06463952314816726,global,601,1.0
pooled,autocorrelation,7,yaw,0.2192418361327949,global,601,1.0
pooled,autocorrelation,7,acceleration,0.09883343154451643,global,601,1.0
pooled,autocorrelation,7,steering,0.09575802538047168,global,601,1.0
pooled,past_input,7,yaw,0.02599214878234313,global,601,1.0
pooled,past_input,7,acceleration,0.06355459560844877,global,601,1.0
pooled,past_input,7,steering,-0.06150897885255794,global,601,1.0
pooled,autocorrelation,8,yaw,0.2130756624725389,global,601,1.0
pooled,autocorrelation,8,acceleration,0.07125524459664463,global,601,1.0
pooled,autocorrelation,8,steering,0.056805701257554644,global,601,1.0
pooled,past_input,8,yaw,0.01621177180493127,global,601,1.0
pooled,past_input,8,acceleration,0.05915932521523369,global,601,1.0
pooled,past_input,8,steering,-0.056475934168487736,global,601,1.0
pooled,autocorrelation,9,yaw,0.20791030927824913,global,601,1.0
pooled,autocorrelation,9,acceleration,0.07256508602769374,global,601,1.0
pooled,autocorrelation,9,steering,0.057831445613079534,global,601,1.0
pooled,past_input,9,yaw,0.00643540279998376,global,601,1.0
pooled,past_input,9,acceleration,0.0500726572111939,global,601,1.0
pooled,past_input,9,steering,-0.056030903436349595,global,601,1.0
pooled,autocorrelation,10,yaw,0.2200648212623209,global,601,1.0
pooled,autocorrelation,10,acceleration,0.09234209185744138,global,601,1.0
pooled,autocorrelation,10,steering,0.05765413727469988,global,601,1.0
pooled,past_input,10,yaw,-0.0012463906413537973,global,601,1.0
pooled,past_input,10,acceleration,0.04382508436970528,global,601,1.0
pooled,past_input,10,steering,-0.04701610894075998,global,601,1.0
pooled,autocorrelation,11,yaw,0.1907860909602993,global,601,1.0
pooled,autocorrelation,11,acceleration,0.084881794871795,global,601,1.0
pooled,autocorrelation,11,steering,0.05769762975076336,global,601,1.0
pooled,past_input,11,yaw,-0.01314513406325929,global,601,1.0
pooled,past_input,11,acceleration,0.03680061306515013,global,601,1.0
pooled,past_input,11,steering,-0.045376122926270454,global,601,1.0
pooled,autocorrelation,12,yaw,0.21847966677927358,global,601,1.0
pooled,autocorrelation,12,acceleration,0.08337551056054673,global,601,1.0
pooled,autocorrelation,12,steering,0.04319173855700343,global,601,1.0
pooled,past_input,12,yaw,-0.01969646082768525,global,601,1.0
pooled,past_input,12,acceleration,0.028461750967439563,global,601,1.0
pooled,past_input,12,steering,-0.03934078856913837,global,601,1.0
pooled,autocorrelation,13,yaw,0.16226921873399974,global,601,1.0
pooled,autocorrelation,13,acceleration,0.08083250682301546,global,601,1.0
pooled,autocorrelation,13,steering,0.08775596752790554,global,601,1.0
pooled,past_input,13,yaw,-0.026531878007023665,global,601,1.0
pooled,past_input,13,acceleration,0.02218242101667738,global,601,1.0
pooled,past_input,13,steering,-0.038691339353773925,global,601,1.0
pooled,autocorrelation,14,yaw,0.17683473143395045,global,601,1.0
pooled,autocorrelation,14,acceleration,0.06761870355816439,global,601,1.0
pooled,autocorrelation,14,steering,0.03810686858169258,global,601,1.0
pooled,past_input,14,yaw,-0.036771435468709514,global,601,1.0
pooled,past_input,14,acceleration,0.018174481742715784,global,601,1.0
pooled,past_input,14,steering,-0.03275891877568676,global,601,1.0
pooled,autocorrelation,15,yaw,0.18348477262221555,global,601,1.0
pooled,autocorrelation,15,acceleration,0.07777064949021446,global,601,1.0
pooled,autocorrelation,15,steering,0.05397482137082335,global,601,1.0
pooled,past_input,15,yaw,-0.038129347160555944,global,601,1.0
pooled,past_input,15,acceleration,0.01253930492579093,global,601,1.0
pooled,past_input,15,steering,-0.027751914488239812,global,601,1.0
pooled,autocorrelation,16,yaw,0.16289397811905396,global,601,1.0
pooled,autocorrelation,16,acceleration,0.05962128811837499,global,601,1.0
pooled,autocorrelation,16,steering,0.028931076973613353,global,601,1.0
pooled,past_input,16,yaw,-0.05065621275176029,global,601,1.0
pooled,past_input,16,acceleration,0.0018945429583073989,global,601,1.0
pooled,past_input,16,steering,-0.02268221550623697,global,601,1.0
pooled,autocorrelation,17,yaw,0.12613702938983903,global,601,1.0
pooled,autocorrelation,17,acceleration,0.06520700878207057,global,601,1.0
pooled,autocorrelation,17,steering,0.0691121890182492,global,601,1.0
pooled,past_input,17,yaw,-0.055918986997580473,global,601,1.0
pooled,past_input,17,acceleration,-0.004147788346848356,global,601,1.0
pooled,past_input,17,steering,-0.01993784083981127,global,601,1.0
pooled,autocorrelation,18,yaw,0.18451603174483167,global,601,1.0
pooled,autocorrelation,18,acceleration,0.050929200666177905,global,601,1.0
pooled,autocorrelation,18,steering,0.056013141335158376,global,601,1.0
pooled,past_input,18,yaw,-0.059617507447865294,global,601,1.0
pooled,past_input,18,acceleration,-0.007885892274313272,global,601,1.0
pooled,past_input,18,steering,-0.013027308900122958,global,601,1.0
pooled,autocorrelation,19,yaw,0.12196939245916444,global,601,1.0
pooled,autocorrelation,19,acceleration,0.062020405859589164,global,601,1.0
pooled,autocorrelation,19,steering,-0.00967449974642333,global,601,1.0
pooled,past_input,19,yaw,-0.06650608508561726,global,601,1.0
pooled,past_input,19,acceleration,-0.015191588916516043,global,601,1.0
pooled,past_input,19,steering,-0.008929808879353325,global,601,1.0
pooled,autocorrelation,20,yaw,0.14474035444351477,global,601,1.0
pooled,autocorrelation,20,acceleration,0.06854125514703703,global,601,1.0
pooled,autocorrelation,20,steering,0.0648295752905909,global,601,1.0
pooled,past_input,20,yaw,-0.07240751723301474,global,601,1.0
pooled,past_input,20,acceleration,-0.02314118707112238,global,601,1.0
pooled,past_input,20,steering,-0.0031377172284408252,global,601,1.0
within_record,autocorrelation,1,yaw,-0.13243454142445524,global,601,1.0
within_record,autocorrelation,1,acceleration,-0.14191173394969658,global,601,1.0
within_record,autocorrelation,1,steering,-0.3395588516229112,global,601,1.0
within_record,past_input,1,yaw,0.07519937422917994,global,601,1.0
within_record,past_input,1,acceleration,0.12283757264750376,global,601,1.0
within_record,past_input,1,steering,-0.08536489475275351,global,601,1.0
within_record,autocorrelation,2,yaw,0.09935187436886259,global,601,1.0
within_record,autocorrelation,2,acceleration,-0.07683429731191956,global,601,1.0
within_record,autocorrelation,2,steering,-0.004309298714124708,global,601,1.0
within_record,past_input,2,yaw,0.06319918147305538,global,601,1.0
within_record,past_input,2,acceleration,0.11853633306006123,global,601,1.0
within_record,past_input,2,steering,-0.08170087560222715,global,601,1.0
within_record,autocorrelation,3,yaw,0.18309924281518727,global,601,1.0
within_record,autocorrelation,3,acceleration,0.03220935397946475,global,601,1.0
within_record,autocorrelation,3,steering,0.05669402469715955,global,601,1.0
within_record,past_input,3,yaw,0.05385691185099185,global,601,1.0
within_record,past_input,3,acceleration,0.11582141124065445,global,601,1.0
within_record,past_input,3,steering,-0.07996154301332754,global,601,1.0
within_record,autocorrelation,4,yaw,0.16097011722746235,global,601,1.0
within_record,autocorrelation,4,acceleration,0.06699103556545893,global,601,1.0
within_record,autocorrelation,4,steering,0.058892414155088293,global,601,1.0
within_record,past_input,4,yaw,0.042107543782773434,global,601,1.0
within_record,past_input,4,acceleration,0.11211925813103801,global,601,1.0
within_record,past_input,4,steering,-0.07648428685145299,global,601,1.0
within_record,autocorrelation,5,yaw,0.17662513887059408,global,601,1.0
within_record,autocorrelation,5,acceleration,0.05559983016966256,global,601,1.0
within_record,autocorrelation,5,steering,0.06205936140103369,global,601,1.0
within_record,past_input,5,yaw,0.03143398795561969,global,601,1.0
within_record,past_input,5,acceleration,0.10543503171792823,global,601,1.0
within_record,past_input,5,steering,-0.07543115426963128,global,601,1.0
within_record,autocorrelation,6,yaw,0.19615091504400753,global,601,1.0
within_record,autocorrelation,6,acceleration,0.08820579234064627,global,601,1.0
within_record,autocorrelation,6,steering,0.03978587190380851,global,601,1.0
within_record,past_input,6,yaw,0.023636323186974235,global,601,1.0
within_record,past_input,6,acceleration,0.10007931610668869,global,601,1.0
within_record,past_input,6,steering,-0.06743651895893407,global,601,1.0
within_record,autocorrelation,7,yaw,0.16624981716228454,global,601,1.0
within_record,autocorrelation,7,acceleration,0.07924551191184526,global,601,1.0
within_record,autocorrelation,7,steering,0.08291645531315905,global,601,1.0
within_record,past_input,7,yaw,0.007728274815716144,global,601,1.0
within_record,past_input,7,acceleration,0.09611944507357462,global,601,1.0
within_record,past_input,7,steering,-0.06477625604146343,global,601,1.0
within_record,autocorrelation,8,yaw,0.1604035510217326,global,601,1.0
within_record,autocorrelation,8,acceleration,0.05087655171344192,global,601,1.0
within_record,autocorrelation,8,steering,0.04318750035858382,global,601,1.0
within_record,past_input,8,yaw,-0.004877183642497897,global,601,1.0
within_record,past_input,8,acceleration,0.09291199455440062,global,601,1.0
within_record,past_input,8,steering,-0.06143968290995227,global,601,1.0
within_record,autocorrelation,9,yaw,0.15397514016692052,global,601,1.0
within_record,autocorrelation,9,acceleration,0.05189660676433721,global,601,1.0
within_record,autocorrelation,9,steering,0.04427461319380658,global,601,1.0
within_record,past_input,9,yaw,-0.016616672471587657,global,601,1.0
within_record,past_input,9,acceleration,0.08232821976315946,global,601,1.0
within_record,past_input,9,steering,-0.0623666562891854,global,601,1.0
within_record,autocorrelation,10,yaw,0.16778457670789923,global,601,1.0
within_record,autocorrelation,10,acceleration,0.07214428609618481,global,601,1.0
within_record,autocorrelation,10,steering,0.04366979279530706,global,601,1.0
within_record,past_input,10,yaw,-0.026056087945710543,global,601,1.0
within_record,past_input,10,acceleration,0.07685583553314042,global,601,1.0
within_record,past_input,10,steering,-0.05158894638509979,global,601,1.0
within_record,autocorrelation,11,yaw,0.13674100431929903,global,601,1.0
within_record,autocorrelation,11,acceleration,0.06434931891187419,global,601,1.0
within_record,autocorrelation,11,steering,0.044000881323123124,global,601,1.0
within_record,past_input,11,yaw,-0.04318575089261936,global,601,1.0
within_record,past_input,11,acceleration,0.07063679339013822,global,601,1.0
within_record,past_input,11,steering,-0.05098680641661915,global,601,1.0
within_record,autocorrelation,12,yaw,0.1653553261342419,global,601,1.0
within_record,autocorrelation,12,acceleration,0.06227822271400458,global,601,1.0
within_record,autocorrelation,12,steering,0.029622069551779977,global,601,1.0
within_record,past_input,12,yaw,-0.051698887120681686,global,601,1.0
within_record,past_input,12,acceleration,0.06094510634037217,global,601,1.0
within_record,past_input,12,steering,-0.045150875222061376,global,601,1.0
within_record,autocorrelation,13,yaw,0.10457614128124772,global,601,1.0
within_record,autocorrelation,13,acceleration,0.058909615235958876,global,601,1.0
within_record,autocorrelation,13,steering,0.07439458661028725,global,601,1.0
within_record,past_input,13,yaw,-0.0619983963282968,global,601,1.0
within_record,past_input,13,acceleration,0.055440463933439085,global,601,1.0
within_record,past_input,13,steering,-0.04176972119598738,global,601,1.0
within_record,autocorrelation,14,yaw,0.12035995337284647,global,601,1.0
within_record,autocorrelation,14,acceleration,0.04561375502670996,global,601,1.0
within_record,autocorrelation,14,steering,0.023574597600226392,global,601,1.0
within_record,past_input,14,yaw,-0.07690115478571731,global,601,1.0
within_record,past_input,14,acceleration,0.051314636000345866,global,601,1.0
within_record,past_input,14,steering,-0.03727850551317616,global,601,1.0
within_record,autocorrelation,15,yaw,0.12724855185248685,global,601,1.0
within_record,autocorrelation,15,acceleration,0.056772792619999714,global,601,1.0
within_record,autocorrelation,15,steering,0.03965493290790711,global,601,1.0
within_record,past_input,15,yaw,-0.08004576850987163,global,601,1.0
within_record,past_input,15,acceleration,0.04510850327949822,global,601,1.0
within_record,past_input,15,steering,-0.032008008671904085,global,601,1.0
within_record,autocorrelation,16,yaw,0.1053833534873684,global,601,1.0
within_record,autocorrelation,16,acceleration,0.038288312146262264,global,601,1.0
within_record,autocorrelation,16,steering,0.014299335260017585,global,601,1.0
within_record,past_input,16,yaw,-0.09480156960371389,global,601,1.0
within_record,past_input,16,acceleration,0.03256190125526514,global,601,1.0
within_record,past_input,16,steering,-0.026364369121646438,global,601,1.0
within_record,autocorrelation,17,yaw,0.06595495540763126,global,601,1.0
within_record,autocorrelation,17,acceleration,0.04387601456629439,global,601,1.0
within_record,autocorrelation,17,steering,0.05527891860406067,global,601,1.0
within_record,past_input,17,yaw,-0.1035918620941655,global,601,1.0
within_record,past_input,17,acceleration,0.027193211202330425,global,601,1.0
within_record,past_input,17,steering,-0.02404988644616674,global,601,1.0
within_record,autocorrelation,18,yaw,0.12961801413243543,global,601,1.0
within_record,autocorrelation,18,acceleration,0.02951947517659726,global,601,1.0
within_record,autocorrelation,18,steering,0.04203028688767268,global,601,1.0
within_record,past_input,18,yaw,-0.10832322530720342,global,601,1.0
within_record,past_input,18,acceleration,0.022040300539310113,global,601,1.0
within_record,past_input,18,steering,-0.01743147539819989,global,601,1.0
within_record,autocorrelation,19,yaw,0.06262075602703897,global,601,1.0
within_record,autocorrelation,19,acceleration,0.04080359166926202,global,601,1.0
within_record,autocorrelation,19,steering,-0.02433460800681326,global,601,1.0
within_record,past_input,19,yaw,-0.11930358192091216,global,601,1.0
within_record,past_input,19,acceleration,0.01564065574649248,global,601,1.0
within_record,past_input,19,steering,-0.011913991018712166,global,601,1.0
within_record,autocorrelation,20,yaw,0.08604577647105373,global,601,1.0
within_record,autocorrelation,20,acceleration,0.04741512062642184,global,601,1.0
within_record,autocorrelation,20,steering,0.05138855493847378,global,601,1.0
within_record,past_input,20,yaw,-0.1275248308581103,global,601,1.0
within_record,past_input,20,acceleration,0.007950669831778237,global,601,1.0
within_record,past_input,20,steering,-0.004410645456858886,global,601,1.0
pooled,autocorrelation,1,yaw,-0.2664615276457191,likelihood_MAP,601,1.0
pooled,autocorrelation,1,acceleration,-0.1507505774271669,likelihood_MAP,601,1.0
pooled,autocorrelation,1,steering,-0.3928146887187579,likelihood_MAP,601,1.0
pooled,past_input,1,yaw,0.13247348656686728,likelihood_MAP,601,1.0
pooled,past_input,1,acceleration,0.09738859906795783,likelihood_MAP,601,1.0
pooled,past_input,1,steering,-0.04702513131567675,likelihood_MAP,601,1.0
pooled,autocorrelation,2,yaw,-0.004676155828418901,likelihood_MAP,601,1.0
pooled,autocorrelation,2,acceleration,-0.07917184247840903,likelihood_MAP,601,1.0
pooled,autocorrelation,2,steering,-0.04434197310862519,likelihood_MAP,601,1.0
pooled,past_input,2,yaw,0.12489099259056191,likelihood_MAP,601,1.0
pooled,past_input,2,acceleration,0.0938792779762656,likelihood_MAP,601,1.0
pooled,past_input,2,steering,-0.04228629823140311,likelihood_MAP,601,1.0
pooled,autocorrelation,3,yaw,0.08879018776077238,likelihood_MAP,601,1.0
pooled,autocorrelation,3,acceleration,0.028926618672119327,likelihood_MAP,601,1.0
pooled,autocorrelation,3,steering,0.019561853198203114,likelihood_MAP,601,1.0
pooled,past_input,3,yaw,0.12146152321495274,likelihood_MAP,601,1.0
pooled,past_input,3,acceleration,0.08808851810092011,likelihood_MAP,601,1.0
pooled,past_input,3,steering,-0.039930983399550854,likelihood_MAP,601,1.0
pooled,autocorrelation,4,yaw,0.06442911580160304,likelihood_MAP,601,1.0
pooled,autocorrelation,4,acceleration,0.06316727361331442,likelihood_MAP,601,1.0
pooled,autocorrelation,4,steering,0.02445233777333844,likelihood_MAP,601,1.0
pooled,past_input,4,yaw,0.11550072713493814,likelihood_MAP,601,1.0
pooled,past_input,4,acceleration,0.0815811853141174,likelihood_MAP,601,1.0
pooled,past_input,4,steering,-0.036446163855470545,likelihood_MAP,601,1.0
pooled,autocorrelation,5,yaw,0.08467326074281695,likelihood_MAP,601,1.0
pooled,autocorrelation,5,acceleration,0.055245516857338604,likelihood_MAP,601,1.0
pooled,autocorrelation,5,steering,0.02582196156168658,likelihood_MAP,601,1.0
pooled,past_input,5,yaw,0.11124125262839726,likelihood_MAP,601,1.0
pooled,past_input,5,acceleration,0.0747122821668488,likelihood_MAP,601,1.0
pooled,past_input,5,steering,-0.034116433480887845,likelihood_MAP,601,1.0
pooled,autocorrelation,6,yaw,0.11023559682925346,likelihood_MAP,601,1.0
pooled,autocorrelation,6,acceleration,0.08874783226196743,likelihood_MAP,601,1.0
pooled,autocorrelation,6,steering,0.006557428051067574,likelihood_MAP,601,1.0
pooled,past_input,6,yaw,0.1092848170632015,likelihood_MAP,601,1.0
pooled,past_input,6,acceleration,0.06684924378495005,likelihood_MAP,601,1.0
pooled,past_input,6,steering,-0.027908688109603914,likelihood_MAP,601,1.0
pooled,autocorrelation,7,yaw,0.07888476479239509,likelihood_MAP,601,1.0
pooled,autocorrelation,7,acceleration,0.07911127947353336,likelihood_MAP,601,1.0
pooled,autocorrelation,7,steering,0.051498697198253694,likelihood_MAP,601,1.0
pooled,past_input,7,yaw,0.10038435112453432,likelihood_MAP,601,1.0
pooled,past_input,7,acceleration,0.06211024432428711,likelihood_MAP,601,1.0
pooled,past_input,7,steering,-0.02508396801913485,likelihood_MAP,601,1.0
pooled,autocorrelation,8,yaw,0.07692476906336687,likelihood_MAP,601,1.0
pooled,autocorrelation,8,acceleration,0.04902442454204834,likelihood_MAP,601,1.0
pooled,autocorrelation,8,steering,0.012198461106520961,likelihood_MAP,601,1.0
pooled,past_input,8,yaw,0.09312603466195143,likelihood_MAP,601,1.0
pooled,past_input,8,acceleration,0.05626257819843463,likelihood_MAP,601,1.0
pooled,past_input,8,steering,-0.020414211035091976,likelihood_MAP,601,1.0
pooled,autocorrelation,9,yaw,0.07366756111998883,likelihood_MAP,601,1.0
pooled,autocorrelation,9,acceleration,0.05134892119279494,likelihood_MAP,601,1.0
pooled,autocorrelation,9,steering,0.014990565404031618,likelihood_MAP,601,1.0
pooled,past_input,9,yaw,0.08588040869785217,likelihood_MAP,601,1.0
pooled,past_input,9,acceleration,0.04575208351424127,likelihood_MAP,601,1.0
pooled,past_input,9,steering,-0.020641529452223615,likelihood_MAP,601,1.0
pooled,autocorrelation,10,yaw,0.09269266465678198,likelihood_MAP,601,1.0
pooled,autocorrelation,10,acceleration,0.07132836181482365,likelihood_MAP,601,1.0
pooled,autocorrelation,10,steering,0.01603797025220811,likelihood_MAP,601,1.0
pooled,past_input,10,yaw,0.08078277173836539,likelihood_MAP,601,1.0
pooled,past_input,10,acceleration,0.03804283805011703,likelihood_MAP,601,1.0
pooled,past_input,10,steering,-0.012017531195263392,likelihood_MAP,601,1.0
pooled,autocorrelation,11,yaw,0.06368223287444151,likelihood_MAP,601,1.0
pooled,autocorrelation,11,acceleration,0.06523303325481104,likelihood_MAP,601,1.0
pooled,autocorrelation,11,steering,0.015875697734203772,likelihood_MAP,601,1.0
pooled,past_input,11,yaw,0.07073200816491637,likelihood_MAP,601,1.0
pooled,past_input,11,acceleration,0.029494123555307068,likelihood_MAP,601,1.0
pooled,past_input,11,steering,-0.01108855028536753,likelihood_MAP,601,1.0
pooled,autocorrelation,12,yaw,0.10202716658733439,likelihood_MAP,601,1.0
pooled,autocorrelation,12,acceleration,0.06465930760771707,likelihood_MAP,601,1.0
pooled,autocorrelation,12,steering,0.005231205163635388,likelihood_MAP,601,1.0
pooled,past_input,12,yaw,0.06614679256758854,likelihood_MAP,601,1.0
pooled,past_input,12,acceleration,0.019839520423303416,likelihood_MAP,601,1.0
pooled,past_input,12,steering,-0.0057933532977105994,likelihood_MAP,601,1.0
pooled,autocorrelation,13,yaw,0.04019619986756985,likelihood_MAP,601,1.0
pooled,autocorrelation,13,acceleration,0.062363613926918804,likelihood_MAP,601,1.0
pooled,autocorrelation,13,steering,0.05334363958066485,likelihood_MAP,601,1.0
pooled,past_input,13,yaw,0.06140146714646547,likelihood_MAP,601,1.0
pooled,past_input,13,acceleration,0.012443588162148767,likelihood_MAP,601,1.0
pooled,past_input,13,steering,-0.006108831744995499,likelihood_MAP,601,1.0
pooled,autocorrelation,14,yaw,0.06580271238040505,likelihood_MAP,601,1.0
pooled,autocorrelation,14,acceleration,0.04674664853021049,likelihood_MAP,601,1.0
pooled,autocorrelation,14,steering,0.0027224616159159916,likelihood_MAP,601,1.0
pooled,past_input,14,yaw,0.05240083378787982,likelihood_MAP,601,1.0
pooled,past_input,14,acceleration,0.007306196041298401,likelihood_MAP,601,1.0
pooled,past_input,14,steering,-0.0012124376181231675,likelihood_MAP,601,1.0
pooled,autocorrelation,15,yaw,0.08011005983000094,likelihood_MAP,601,1.0
pooled,autocorrelation,15,acceleration,0.05961706549866203,likelihood_MAP,601,1.0
pooled,autocorrelation,15,steering,0.0210925146812178,likelihood_MAP,601,1.0
pooled,past_input,15,yaw,0.05288568830592898,likelihood_MAP,601,1.0
pooled,past_input,15,acceleration,0.0003783351386196357,likelihood_MAP,601,1.0
pooled,past_input,15,steering,0.0025642522934860345,likelihood_MAP,601,1.0
pooled,autocorrelation,16,yaw,0.0627818350025188,likelihood_MAP,601,1.0
pooled,autocorrelation,16,acceleration,0.04181890577653716,likelihood_MAP,601,1.0
pooled,autocorrelation,16,steering,-0.0019853834065983447,likelihood_MAP,601,1.0
pooled,past_input,16,yaw,0.0412686169198493,likelihood_MAP,601,1.0
pooled,past_input,16,acceleration,-0.011666878993453342,likelihood_MAP,601,1.0
pooled,past_input,16,steering,0.006426168627877743,likelihood_MAP,601,1.0
pooled,autocorrelation,17,yaw,0.027592178621178284,likelihood_MAP,601,1.0
pooled,autocorrelation,17,acceleration,0.04994259045557236,likelihood_MAP,601,1.0
pooled,autocorrelation,17,steering,0.04096891591091954,likelihood_MAP,601,1.0
pooled,past_input,17,yaw,0.03710131114442589,likelihood_MAP,601,1.0
pooled,past_input,17,acceleration,-0.018940758620243244,likelihood_MAP,601,1.0
pooled,past_input,17,steering,0.007816463318419864,likelihood_MAP,601,1.0
pooled,autocorrelation,18,yaw,0.10457275734253058,likelihood_MAP,601,1.0
pooled,autocorrelation,18,acceleration,0.03592702567271712,likelihood_MAP,601,1.0
pooled,autocorrelation,18,steering,0.029508922307449077,likelihood_MAP,601,1.0
pooled,past_input,18,yaw,0.034758915051802786,likelihood_MAP,601,1.0
pooled,past_input,18,acceleration,-0.023745366123455916,likelihood_MAP,601,1.0
pooled,past_input,18,steering,0.013432831502440516,likelihood_MAP,601,1.0
pooled,autocorrelation,19,yaw,0.03952643444734138,likelihood_MAP,601,1.0
pooled,autocorrelation,19,acceleration,0.04722255782007392,likelihood_MAP,601,1.0
pooled,autocorrelation,19,steering,-0.03590013764373065,likelihood_MAP,601,1.0
pooled,past_input,19,yaw,0.028497830502183477,likelihood_MAP,601,1.0
pooled,past_input,19,acceleration,-0.03211629166100267,likelihood_MAP,601,1.0
pooled,past_input,19,steering,0.015981741569396444,likelihood_MAP,601,1.0
pooled,autocorrelation,20,yaw,0.07482104496442317,likelihood_MAP,601,1.0
pooled,autocorrelation,20,acceleration,0.05329224008376013,likelihood_MAP,601,1.0
pooled,autocorrelation,20,steering,0.043606480005604145,likelihood_MAP,601,1.0
pooled,past_input,20,yaw,0.023293897719844355,likelihood_MAP,601,1.0
pooled,past_input,20,acceleration,-0.0410645707463571,likelihood_MAP,601,1.0
pooled,past_input,20,steering,0.020244660220870365,likelihood_MAP,601,1.0
within_record,autocorrelation,1,yaw,-0.30311833177027137,likelihood_MAP,601,1.0
within_record,autocorrelation,1,acceleration,-0.16459316775697735,likelihood_MAP,601,1.0
within_record,autocorrelation,1,steering,-0.3997129586331807,likelihood_MAP,601,1.0
within_record,past_input,1,yaw,0.1056500473375731,likelihood_MAP,601,1.0
within_record,past_input,1,acceleration,0.13242397418892327,likelihood_MAP,601,1.0
within_record,past_input,1,steering,-0.04961974323831313,likelihood_MAP,601,1.0
within_record,autocorrelation,2,yaw,-0.03359617922276467,likelihood_MAP,601,1.0
within_record,autocorrelation,2,acceleration,-0.09320802092337044,likelihood_MAP,601,1.0
within_record,autocorrelation,2,steering,-0.049481065844467424,likelihood_MAP,601,1.0
within_record,past_input,2,yaw,0.09735224951868607,likelihood_MAP,601,1.0
within_record,past_input,2,acceleration,0.12662613399022624,likelihood_MAP,601,1.0
within_record,past_input,2,steering,-0.045156930700993275,likelihood_MAP,601,1.0
within_record,autocorrelation,3,yaw,0.06140391071497954,likelihood_MAP,601,1.0
within_record,autocorrelation,3,acceleration,0.016288983605460678,likelihood_MAP,601,1.0
within_record,autocorrelation,3,steering,0.014544266028026458,likelihood_MAP,601,1.0
within_record,past_input,3,yaw,0.0918974373832542,likelihood_MAP,601,1.0
within_record,past_input,3,acceleration,0.12230892714593761,likelihood_MAP,601,1.0
within_record,past_input,3,steering,-0.042936015736191026,likelihood_MAP,601,1.0
within_record,autocorrelation,4,yaw,0.036557582612389616,likelihood_MAP,601,1.0
within_record,autocorrelation,4,acceleration,0.05106536092533938,likelihood_MAP,601,1.0
within_record,autocorrelation,4,steering,0.019475964210008495,likelihood_MAP,601,1.0
within_record,past_input,4,yaw,0.0837619463911381,likelihood_MAP,601,1.0
within_record,past_input,4,acceleration,0.1168699734208407,likelihood_MAP,601,1.0
within_record,past_input,4,steering,-0.03889877657193323,likelihood_MAP,601,1.0
within_record,autocorrelation,5,yaw,0.057991395136328734,likelihood_MAP,601,1.0
within_record,autocorrelation,5,acceleration,0.04308569417241978,likelihood_MAP,601,1.0
within_record,autocorrelation,5,steering,0.020760223836559476,likelihood_MAP,601,1.0
within_record,past_input,5,yaw,0.07679306570527472,likelihood_MAP,601,1.0
within_record,past_input,5,acceleration,0.10849997330601877,likelihood_MAP,601,1.0
within_record,past_input,5,steering,-0.037650197348458016,likelihood_MAP,601,1.0
within_record,autocorrelation,6,yaw,0.08349332925379432,likelihood_MAP,601,1.0
within_record,autocorrelation,6,acceleration,0.07689031931194176,likelihood_MAP,601,1.0
within_record,autocorrelation,6,steering,0.001339819648170027,likelihood_MAP,601,1.0
within_record,past_input,6,yaw,0.0730259453891138,likelihood_MAP,601,1.0
within_record,past_input,6,acceleration,0.10153033393002513,likelihood_MAP,601,1.0
within_record,past_input,6,steering,-0.0293063713658492,likelihood_MAP,601,1.0
within_record,autocorrelation,7,yaw,0.051671852032157434,likelihood_MAP,601,1.0
within_record,autocorrelation,7,acceleration,0.06685569311910906,likelihood_MAP,601,1.0
within_record,autocorrelation,7,steering,0.04654806720974787,likelihood_MAP,601,1.0
within_record,past_input,7,yaw,0.06035762330895048,likelihood_MAP,601,1.0
within_record,past_input,7,acceleration,0.09605042932617522,likelihood_MAP,601,1.0
within_record,past_input,7,steering,-0.026582498356930235,likelihood_MAP,601,1.0
within_record,autocorrelation,8,yaw,0.049469921320892285,likelihood_MAP,601,1.0
within_record,autocorrelation,8,acceleration,0.036096956888687436,likelihood_MAP,601,1.0
within_record,autocorrelation,8,steering,0.007068202633903343,likelihood_MAP,601,1.0
within_record,past_input,8,yaw,0.05086082070474274,likelihood_MAP,601,1.0
within_record,past_input,8,acceleration,0.09144172297639147,likelihood_MAP,601,1.0
within_record,past_input,8,steering,-0.023252466882252576,likelihood_MAP,601,1.0
within_record,autocorrelation,9,yaw,0.046041570791297406,likelihood_MAP,601,1.0
within_record,autocorrelation,9,acceleration,0.038140368275783404,likelihood_MAP,601,1.0
within_record,autocorrelation,9,steering,0.009778534674501614,likelihood_MAP,601,1.0
within_record,past_input,9,yaw,0.04219228894432746,likelihood_MAP,601,1.0
within_record,past_input,9,acceleration,0.07942745147551994,likelihood_MAP,601,1.0
within_record,past_input,9,steering,-0.024521088829949658,likelihood_MAP,601,1.0
within_record,autocorrelation,10,yaw,0.06598259335821977,likelihood_MAP,601,1.0
within_record,autocorrelation,10,acceleration,0.058249054949553535,likelihood_MAP,601,1.0
within_record,autocorrelation,10,steering,0.010388728934510387,likelihood_MAP,601,1.0
within_record,past_input,10,yaw,0.0358666089930344,likelihood_MAP,601,1.0
within_record,past_input,10,acceleration,0.07240814555668564,likelihood_MAP,601,1.0
within_record,past_input,10,steering,-0.013753108546339389,likelihood_MAP,601,1.0
within_record,autocorrelation,11,yaw,0.035980934416363554,likelihood_MAP,601,1.0
within_record,autocorrelation,11,acceleration,0.05212983833233208,likelihood_MAP,601,1.0
within_record,autocorrelation,11,steering,0.010464823814907253,likelihood_MAP,601,1.0
within_record,past_input,11,yaw,0.020920510655628385,likelihood_MAP,601,1.0
within_record,past_input,11,acceleration,0.06450212609473838,likelihood_MAP,601,1.0
within_record,past_input,11,steering,-0.013582795238711321,likelihood_MAP,601,1.0
within_record,autocorrelation,12,yaw,0.07497402864659733,likelihood_MAP,601,1.0
within_record,autocorrelation,12,acceleration,0.05107641508992723,likelihood_MAP,601,1.0
within_record,autocorrelation,12,steering,-0.00012469171707391545,likelihood_MAP,601,1.0
within_record,past_input,12,yaw,0.01483286692466783,likelihood_MAP,601,1.0
within_record,past_input,12,acceleration,0.05335520445470597,likelihood_MAP,601,1.0
within_record,past_input,12,steering,-0.008295908253804045,likelihood_MAP,601,1.0
within_record,autocorrelation,13,yaw,0.010888522099962583,likelihood_MAP,601,1.0
within_record,autocorrelation,13,acceleration,0.048378579193493615,likelihood_MAP,601,1.0
within_record,autocorrelation,13,steering,0.04818892702369362,likelihood_MAP,601,1.0
within_record,past_input,13,yaw,0.006968901792648409,likelihood_MAP,601,1.0
within_record,past_input,13,acceleration,0.046691418596933744,likelihood_MAP,601,1.0
within_record,past_input,13,steering,-0.005615629993970895,likelihood_MAP,601,1.0
within_record,autocorrelation,14,yaw,0.03701505289756559,likelihood_MAP,601,1.0
within_record,autocorrelation,14,acceleration,0.03276573379464253,likelihood_MAP,601,1.0
within_record,autocorrelation,14,steering,-0.0028846758466301702,likelihood_MAP,601,1.0
within_record,past_input,14,yaw,-0.00643484391900026,likelihood_MAP,601,1.0
within_record,past_input,14,acceleration,0.04132065485170609,likelihood_MAP,601,1.0
within_record,past_input,14,steering,-0.002038169260874333,likelihood_MAP,601,1.0
within_record,autocorrelation,15,yaw,0.05109070099395361,likelihood_MAP,601,1.0
within_record,autocorrelation,15,acceleration,0.04618798703377974,likelihood_MAP,601,1.0
within_record,autocorrelation,15,steering,0.015415051713303426,likelihood_MAP,601,1.0
within_record,past_input,15,yaw,-0.00742327813752872,likelihood_MAP,601,1.0
within_record,past_input,15,acceleration,0.03363509643080123,likelihood_MAP,601,1.0
within_record,past_input,15,steering,0.0021276741527700726,likelihood_MAP,601,1.0
within_record,autocorrelation,16,yaw,0.034002692558829116,likelihood_MAP,601,1.0
within_record,autocorrelation,16,acceleration,0.02802068630761463,likelihood_MAP,601,1.0
within_record,autocorrelation,16,steering,-0.007799275974212625,likelihood_MAP,601,1.0
within_record,past_input,16,yaw,-0.020947274865620327,likelihood_MAP,601,1.0
within_record,past_input,16,acceleration,0.019544103140075507,likelihood_MAP,601,1.0
within_record,past_input,16,steering,0.0066781644908521795,likelihood_MAP,601,1.0
within_record,autocorrelation,17,yaw,-0.0020469795566140717,likelihood_MAP,601,1.0
within_record,autocorrelation,17,acceleration,0.036189556529778816,likelihood_MAP,601,1.0
within_record,autocorrelation,17,steering,0.03579774738267773,likelihood_MAP,601,1.0
within_record,past_input,17,yaw,-0.028543612793642457,likelihood_MAP,601,1.0
within_record,past_input,17,acceleration,0.012895962333288208,likelihood_MAP,601,1.0
within_record,past_input,17,steering,0.007766243973768844,likelihood_MAP,601,1.0
within_record,autocorrelation,18,yaw,0.07802345861976441,likelihood_MAP,601,1.0
within_record,autocorrelation,18,acceleration,0.022424877140516695,likelihood_MAP,601,1.0
within_record,autocorrelation,18,steering,0.02431309371447788,likelihood_MAP,601,1.0
within_record,past_input,18,yaw,-0.03174236103577433,likelihood_MAP,601,1.0
within_record,past_input,18,acceleration,0.006798965109317757,likelihood_MAP,601,1.0
within_record,past_input,18,steering,0.01296380673544371,likelihood_MAP,601,1.0
within_record,autocorrelation,19,yaw,0.01041091725489767,likelihood_MAP,601,1.0
within_record,autocorrelation,19,acceleration,0.03380139285992364,likelihood_MAP,601,1.0
within_record,autocorrelation,19,steering,-0.041284966841320644,likelihood_MAP,601,1.0
within_record,past_input,19,yaw,-0.0420565567570053,likelihood_MAP,601,1.0
within_record,past_input,19,acceleration,-0.000895046246703316,likelihood_MAP,601,1.0
within_record,past_input,19,steering,0.016959712208109313,likelihood_MAP,601,1.0
within_record,autocorrelation,20,yaw,0.04599520423590156,likelihood_MAP,601,1.0
within_record,autocorrelation,20,acceleration,0.039756300467051586,likelihood_MAP,601,1.0
within_record,autocorrelation,20,steering,0.038535893514286226,likelihood_MAP,601,1.0
within_record,past_input,20,yaw,-0.04950014853478417,likelihood_MAP,601,1.0
within_record,past_input,20,acceleration,-0.009719466832055046,likelihood_MAP,601,1.0
within_record,past_input,20,steering,0.022897306254039223,likelihood_MAP,601,1.0
pooled,autocorrelation,1,yaw,-0.2664615276457191,validated_MAP,601,1.0
pooled,autocorrelation,1,acceleration,-0.1507505774271669,validated_MAP,601,1.0
pooled,autocorrelation,1,steering,-0.3928146887187579,validated_MAP,601,1.0
pooled,past_input,1,yaw,0.13247348656686728,validated_MAP,601,1.0
pooled,past_input,1,acceleration,0.09738859906795783,validated_MAP,601,1.0
pooled,past_input,1,steering,-0.04702513131567675,validated_MAP,601,1.0
pooled,autocorrelation,2,yaw,-0.004676155828418901,validated_MAP,601,1.0
pooled,autocorrelation,2,acceleration,-0.07917184247840903,validated_MAP,601,1.0
pooled,autocorrelation,2,steering,-0.04434197310862519,validated_MAP,601,1.0
pooled,past_input,2,yaw,0.12489099259056191,validated_MAP,601,1.0
pooled,past_input,2,acceleration,0.0938792779762656,validated_MAP,601,1.0
pooled,past_input,2,steering,-0.04228629823140311,validated_MAP,601,1.0
pooled,autocorrelation,3,yaw,0.08879018776077238,validated_MAP,601,1.0
pooled,autocorrelation,3,acceleration,0.028926618672119327,validated_MAP,601,1.0
pooled,autocorrelation,3,steering,0.019561853198203114,validated_MAP,601,1.0
pooled,past_input,3,yaw,0.12146152321495274,validated_MAP,601,1.0
pooled,past_input,3,acceleration,0.08808851810092011,validated_MAP,601,1.0
pooled,past_input,3,steering,-0.039930983399550854,validated_MAP,601,1.0
pooled,autocorrelation,4,yaw,0.06442911580160304,validated_MAP,601,1.0
pooled,autocorrelation,4,acceleration,0.06316727361331442,validated_MAP,601,1.0
pooled,autocorrelation,4,steering,0.02445233777333844,validated_MAP,601,1.0
pooled,past_input,4,yaw,0.11550072713493814,validated_MAP,601,1.0
pooled,past_input,4,acceleration,0.0815811853141174,validated_MAP,601,1.0
pooled,past_input,4,steering,-0.036446163855470545,validated_MAP,601,1.0
pooled,autocorrelation,5,yaw,0.08467326074281695,validated_MAP,601,1.0
pooled,autocorrelation,5,acceleration,0.055245516857338604,validated_MAP,601,1.0
pooled,autocorrelation,5,steering,0.02582196156168658,validated_MAP,601,1.0
pooled,past_input,5,yaw,0.11124125262839726,validated_MAP,601,1.0
pooled,past_input,5,acceleration,0.0747122821668488,validated_MAP,601,1.0
pooled,past_input,5,steering,-0.034116433480887845,validated_MAP,601,1.0
pooled,autocorrelation,6,yaw,0.11023559682925346,validated_MAP,601,1.0
pooled,autocorrelation,6,acceleration,0.08874783226196743,validated_MAP,601,1.0
pooled,autocorrelation,6,steering,0.006557428051067574,validated_MAP,601,1.0
pooled,past_input,6,yaw,0.1092848170632015,validated_MAP,601,1.0
pooled,past_input,6,acceleration,0.06684924378495005,validated_MAP,601,1.0
pooled,past_input,6,steering,-0.027908688109603914,validated_MAP,601,1.0
pooled,autocorrelation,7,yaw,0.07888476479239509,validated_MAP,601,1.0
pooled,autocorrelation,7,acceleration,0.07911127947353336,validated_MAP,601,1.0
pooled,autocorrelation,7,steering,0.051498697198253694,validated_MAP,601,1.0
pooled,past_input,7,yaw,0.10038435112453432,validated_MAP,601,1.0
pooled,past_input,7,acceleration,0.06211024432428711,validated_MAP,601,1.0
pooled,past_input,7,steering,-0.02508396801913485,validated_MAP,601,1.0
pooled,autocorrelation,8,yaw,0.07692476906336687,validated_MAP,601,1.0
pooled,autocorrelation,8,acceleration,0.04902442454204834,validated_MAP,601,1.0
pooled,autocorrelation,8,steering,0.012198461106520961,validated_MAP,601,1.0
pooled,past_input,8,yaw,0.09312603466195143,validated_MAP,601,1.0
pooled,past_input,8,acceleration,0.05626257819843463,validated_MAP,601,1.0
pooled,past_input,8,steering,-0.020414211035091976,validated_MAP,601,1.0
pooled,autocorrelation,9,yaw,0.07366756111998883,validated_MAP,601,1.0
pooled,autocorrelation,9,acceleration,0.05134892119279494,validated_MAP,601,1.0
pooled,autocorrelation,9,steering,0.014990565404031618,validated_MAP,601,1.0
pooled,past_input,9,yaw,0.08588040869785217,validated_MAP,601,1.0
pooled,past_input,9,acceleration,0.04575208351424127,validated_MAP,601,1.0
pooled,past_input,9,steering,-0.020641529452223615,validated_MAP,601,1.0
pooled,autocorrelation,10,yaw,0.09269266465678198,validated_MAP,601,1.0
pooled,autocorrelation,10,acceleration,0.07132836181482365,validated_MAP,601,1.0
pooled,autocorrelation,10,steering,0.01603797025220811,validated_MAP,601,1.0
pooled,past_input,10,yaw,0.08078277173836539,validated_MAP,601,1.0
pooled,past_input,10,acceleration,0.03804283805011703,validated_MAP,601,1.0
pooled,past_input,10,steering,-0.012017531195263392,validated_MAP,601,1.0
pooled,autocorrelation,11,yaw,0.06368223287444151,validated_MAP,601,1.0
pooled,autocorrelation,11,acceleration,0.06523303325481104,validated_MAP,601,1.0
pooled,autocorrelation,11,steering,0.015875697734203772,validated_MAP,601,1.0
pooled,past_input,11,yaw,0.07073200816491637,validated_MAP,601,1.0
pooled,past_input,11,acceleration,0.029494123555307068,validated_MAP,601,1.0
pooled,past_input,11,steering,-0.01108855028536753,validated_MAP,601,1.0
pooled,autocorrelation,12,yaw,0.10202716658733439,validated_MAP,601,1.0
pooled,autocorrelation,12,acceleration,0.06465930760771707,validated_MAP,601,1.0
pooled,autocorrelation,12,steering,0.005231205163635388,validated_MAP,601,1.0
pooled,past_input,12,yaw,0.06614679256758854,validated_MAP,601,1.0
pooled,past_input,12,acceleration,0.019839520423303416,validated_MAP,601,1.0
pooled,past_input,12,steering,-0.0057933532977105994,validated_MAP,601,1.0
pooled,autocorrelation,13,yaw,0.04019619986756985,validated_MAP,601,1.0
pooled,autocorrelation,13,acceleration,0.062363613926918804,validated_MAP,601,1.0
pooled,autocorrelation,13,steering,0.05334363958066485,validated_MAP,601,1.0
pooled,past_input,13,yaw,0.06140146714646547,validated_MAP,601,1.0
pooled,past_input,13,acceleration,0.012443588162148767,validated_MAP,601,1.0
pooled,past_input,13,steering,-0.006108831744995499,validated_MAP,601,1.0
pooled,autocorrelation,14,yaw,0.06580271238040505,validated_MAP,601,1.0
pooled,autocorrelation,14,acceleration,0.04674664853021049,validated_MAP,601,1.0
pooled,autocorrelation,14,steering,0.0027224616159159916,validated_MAP,601,1.0
pooled,past_input,14,yaw,0.05240083378787982,validated_MAP,601,1.0
pooled,past_input,14,acceleration,0.007306196041298401,validated_MAP,601,1.0
pooled,past_input,14,steering,-0.0012124376181231675,validated_MAP,601,1.0
pooled,autocorrelation,15,yaw,0.08011005983000094,validated_MAP,601,1.0
pooled,autocorrelation,15,acceleration,0.05961706549866203,validated_MAP,601,1.0
pooled,autocorrelation,15,steering,0.0210925146812178,validated_MAP,601,1.0
pooled,past_input,15,yaw,0.05288568830592898,validated_MAP,601,1.0
pooled,past_input,15,acceleration,0.0003783351386196357,validated_MAP,601,1.0
pooled,past_input,15,steering,0.0025642522934860345,validated_MAP,601,1.0
pooled,autocorrelation,16,yaw,0.0627818350025188,validated_MAP,601,1.0
pooled,autocorrelation,16,acceleration,0.04181890577653716,validated_MAP,601,1.0
pooled,autocorrelation,16,steering,-0.0019853834065983447,validated_MAP,601,1.0
pooled,past_input,16,yaw,0.0412686169198493,validated_MAP,601,1.0
pooled,past_input,16,acceleration,-0.011666878993453342,validated_MAP,601,1.0
pooled,past_input,16,steering,0.006426168627877743,validated_MAP,601,1.0
pooled,autocorrelation,17,yaw,0.027592178621178284,validated_MAP,601,1.0
pooled,autocorrelation,17,acceleration,0.04994259045557236,validated_MAP,601,1.0
pooled,autocorrelation,17,steering,0.04096891591091954,validated_MAP,601,1.0
pooled,past_input,17,yaw,0.03710131114442589,validated_MAP,601,1.0
pooled,past_input,17,acceleration,-0.018940758620243244,validated_MAP,601,1.0
pooled,past_input,17,steering,0.007816463318419864,validated_MAP,601,1.0
pooled,autocorrelation,18,yaw,0.10457275734253058,validated_MAP,601,1.0
pooled,autocorrelation,18,acceleration,0.03592702567271712,validated_MAP,601,1.0
pooled,autocorrelation,18,steering,0.029508922307449077,validated_MAP,601,1.0
pooled,past_input,18,yaw,0.034758915051802786,validated_MAP,601,1.0
pooled,past_input,18,acceleration,-0.023745366123455916,validated_MAP,601,1.0
pooled,past_input,18,steering,0.013432831502440516,validated_MAP,601,1.0
pooled,autocorrelation,19,yaw,0.03952643444734138,validated_MAP,601,1.0
pooled,autocorrelation,19,acceleration,0.04722255782007392,validated_MAP,601,1.0
pooled,autocorrelation,19,steering,-0.03590013764373065,validated_MAP,601,1.0
pooled,past_input,19,yaw,0.028497830502183477,validated_MAP,601,1.0
pooled,past_input,19,acceleration,-0.03211629166100267,validated_MAP,601,1.0
pooled,past_input,19,steering,0.015981741569396444,validated_MAP,601,1.0
pooled,autocorrelation,20,yaw,0.07482104496442317,validated_MAP,601,1.0
pooled,autocorrelation,20,acceleration,0.05329224008376013,validated_MAP,601,1.0
pooled,autocorrelation,20,steering,0.043606480005604145,validated_MAP,601,1.0
pooled,past_input,20,yaw,0.023293897719844355,validated_MAP,601,1.0
pooled,past_input,20,acceleration,-0.0410645707463571,validated_MAP,601,1.0
pooled,past_input,20,steering,0.020244660220870365,validated_MAP,601,1.0
within_record,autocorrelation,1,yaw,-0.30311833177027137,validated_MAP,601,1.0
within_record,autocorrelation,1,acceleration,-0.16459316775697735,validated_MAP,601,1.0
within_record,autocorrelation,1,steering,-0.3997129586331807,validated_MAP,601,1.0
within_record,past_input,1,yaw,0.1056500473375731,validated_MAP,601,1.0
within_record,past_input,1,acceleration,0.13242397418892327,validated_MAP,601,1.0
within_record,past_input,1,steering,-0.04961974323831313,validated_MAP,601,1.0
within_record,autocorrelation,2,yaw,-0.03359617922276467,validated_MAP,601,1.0
within_record,autocorrelation,2,acceleration,-0.09320802092337044,validated_MAP,601,1.0
within_record,autocorrelation,2,steering,-0.049481065844467424,validated_MAP,601,1.0
within_record,past_input,2,yaw,0.09735224951868607,validated_MAP,601,1.0
within_record,past_input,2,acceleration,0.12662613399022624,validated_MAP,601,1.0
within_record,past_input,2,steering,-0.045156930700993275,validated_MAP,601,1.0
within_record,autocorrelation,3,yaw,0.06140391071497954,validated_MAP,601,1.0
within_record,autocorrelation,3,acceleration,0.016288983605460678,validated_MAP,601,1.0
within_record,autocorrelation,3,steering,0.014544266028026458,validated_MAP,601,1.0
within_record,past_input,3,yaw,0.0918974373832542,validated_MAP,601,1.0
within_record,past_input,3,acceleration,0.12230892714593761,validated_MAP,601,1.0
within_record,past_input,3,steering,-0.042936015736191026,validated_MAP,601,1.0
within_record,autocorrelation,4,yaw,0.036557582612389616,validated_MAP,601,1.0
within_record,autocorrelation,4,acceleration,0.05106536092533938,validated_MAP,601,1.0
within_record,autocorrelation,4,steering,0.019475964210008495,validated_MAP,601,1.0
within_record,past_input,4,yaw,0.0837619463911381,validated_MAP,601,1.0
within_record,past_input,4,acceleration,0.1168699734208407,validated_MAP,601,1.0
within_record,past_input,4,steering,-0.03889877657193323,validated_MAP,601,1.0
within_record,autocorrelation,5,yaw,0.057991395136328734,validated_MAP,601,1.0
within_record,autocorrelation,5,acceleration,0.04308569417241978,validated_MAP,601,1.0
within_record,autocorrelation,5,steering,0.020760223836559476,validated_MAP,601,1.0
within_record,past_input,5,yaw,0.07679306570527472,validated_MAP,601,1.0
within_record,past_input,5,acceleration,0.10849997330601877,validated_MAP,601,1.0
within_record,past_input,5,steering,-0.037650197348458016,validated_MAP,601,1.0
within_record,autocorrelation,6,yaw,0.08349332925379432,validated_MAP,601,1.0
within_record,autocorrelation,6,acceleration,0.07689031931194176,validated_MAP,601,1.0
within_record,autocorrelation,6,steering,0.001339819648170027,validated_MAP,601,1.0
within_record,past_input,6,yaw,0.0730259453891138,validated_MAP,601,1.0
within_record,past_input,6,acceleration,0.10153033393002513,validated_MAP,601,1.0
within_record,past_input,6,steering,-0.0293063713658492,validated_MAP,601,1.0
within_record,autocorrelation,7,yaw,0.051671852032157434,validated_MAP,601,1.0
within_record,autocorrelation,7,acceleration,0.06685569311910906,validated_MAP,601,1.0
within_record,autocorrelation,7,steering,0.04654806720974787,validated_MAP,601,1.0
within_record,past_input,7,yaw,0.06035762330895048,validated_MAP,601,1.0
within_record,past_input,7,acceleration,0.09605042932617522,validated_MAP,601,1.0
within_record,past_input,7,steering,-0.026582498356930235,validated_MAP,601,1.0
within_record,autocorrelation,8,yaw,0.049469921320892285,validated_MAP,601,1.0
within_record,autocorrelation,8,acceleration,0.036096956888687436,validated_MAP,601,1.0
within_record,autocorrelation,8,steering,0.007068202633903343,validated_MAP,601,1.0
within_record,past_input,8,yaw,0.05086082070474274,validated_MAP,601,1.0
within_record,past_input,8,acceleration,0.09144172297639147,validated_MAP,601,1.0
within_record,past_input,8,steering,-0.023252466882252576,validated_MAP,601,1.0
within_record,autocorrelation,9,yaw,0.046041570791297406,validated_MAP,601,1.0
within_record,autocorrelation,9,acceleration,0.038140368275783404,validated_MAP,601,1.0
within_record,autocorrelation,9,steering,0.009778534674501614,validated_MAP,601,1.0
within_record,past_input,9,yaw,0.04219228894432746,validated_MAP,601,1.0
within_record,past_input,9,acceleration,0.07942745147551994,validated_MAP,601,1.0
within_record,past_input,9,steering,-0.024521088829949658,validated_MAP,601,1.0
within_record,autocorrelation,10,yaw,0.06598259335821977,validated_MAP,601,1.0
within_record,autocorrelation,10,acceleration,0.058249054949553535,validated_MAP,601,1.0
within_record,autocorrelation,10,steering,0.010388728934510387,validated_MAP,601,1.0
within_record,past_input,10,yaw,0.0358666089930344,validated_MAP,601,1.0
within_record,past_input,10,acceleration,0.07240814555668564,validated_MAP,601,1.0
within_record,past_input,10,steering,-0.013753108546339389,validated_MAP,601,1.0
within_record,autocorrelation,11,yaw,0.035980934416363554,validated_MAP,601,1.0
within_record,autocorrelation,11,acceleration,0.05212983833233208,validated_MAP,601,1.0
within_record,autocorrelation,11,steering,0.010464823814907253,validated_MAP,601,1.0
within_record,past_input,11,yaw,0.020920510655628385,validated_MAP,601,1.0
within_record,past_input,11,acceleration,0.06450212609473838,validated_MAP,601,1.0
within_record,past_input,11,steering,-0.013582795238711321,validated_MAP,601,1.0
within_record,autocorrelation,12,yaw,0.07497402864659733,validated_MAP,601,1.0
within_record,autocorrelation,12,acceleration,0.05107641508992723,validated_MAP,601,1.0
within_record,autocorrelation,12,steering,-0.00012469171707391545,validated_MAP,601,1.0
within_record,past_input,12,yaw,0.01483286692466783,validated_MAP,601,1.0
within_record,past_input,12,acceleration,0.05335520445470597,validated_MAP,601,1.0
within_record,past_input,12,steering,-0.008295908253804045,validated_MAP,601,1.0
within_record,autocorrelation,13,yaw,0.010888522099962583,validated_MAP,601,1.0
within_record,autocorrelation,13,acceleration,0.048378579193493615,validated_MAP,601,1.0
within_record,autocorrelation,13,steering,0.04818892702369362,validated_MAP,601,1.0
within_record,past_input,13,yaw,0.006968901792648409,validated_MAP,601,1.0
within_record,past_input,13,acceleration,0.046691418596933744,validated_MAP,601,1.0
within_record,past_input,13,steering,-0.005615629993970895,validated_MAP,601,1.0
within_record,autocorrelation,14,yaw,0.03701505289756559,validated_MAP,601,1.0
within_record,autocorrelation,14,acceleration,0.03276573379464253,validated_MAP,601,1.0
within_record,autocorrelation,14,steering,-0.0028846758466301702,validated_MAP,601,1.0
within_record,past_input,14,yaw,-0.00643484391900026,validated_MAP,601,1.0
within_record,past_input,14,acceleration,0.04132065485170609,validated_MAP,601,1.0
within_record,past_input,14,steering,-0.002038169260874333,validated_MAP,601,1.0
within_record,autocorrelation,15,yaw,0.05109070099395361,validated_MAP,601,1.0
within_record,autocorrelation,15,acceleration,0.04618798703377974,validated_MAP,601,1.0
within_record,autocorrelation,15,steering,0.015415051713303426,validated_MAP,601,1.0
within_record,past_input,15,yaw,-0.00742327813752872,validated_MAP,601,1.0
within_record,past_input,15,acceleration,0.03363509643080123,validated_MAP,601,1.0
within_record,past_input,15,steering,0.0021276741527700726,validated_MAP,601,1.0
within_record,autocorrelation,16,yaw,0.034002692558829116,validated_MAP,601,1.0
within_record,autocorrelation,16,acceleration,0.02802068630761463,validated_MAP,601,1.0
within_record,autocorrelation,16,steering,-0.007799275974212625,validated_MAP,601,1.0
within_record,past_input,16,yaw,-0.020947274865620327,validated_MAP,601,1.0
within_record,past_input,16,acceleration,0.019544103140075507,validated_MAP,601,1.0
within_record,past_input,16,steering,0.0066781644908521795,validated_MAP,601,1.0
within_record,autocorrelation,17,yaw,-0.0020469795566140717,validated_MAP,601,1.0
within_record,autocorrelation,17,acceleration,0.036189556529778816,validated_MAP,601,1.0
within_record,autocorrelation,17,steering,0.03579774738267773,validated_MAP,601,1.0
within_record,past_input,17,yaw,-0.028543612793642457,validated_MAP,601,1.0
within_record,past_input,17,acceleration,0.012895962333288208,validated_MAP,601,1.0
within_record,past_input,17,steering,0.007766243973768844,validated_MAP,601,1.0
within_record,autocorrelation,18,yaw,0.07802345861976441,validated_MAP,601,1.0
within_record,autocorrelation,18,acceleration,0.022424877140516695,validated_MAP,601,1.0
within_record,autocorrelation,18,steering,0.02431309371447788,validated_MAP,601,1.0
within_record,past_input,18,yaw,-0.03174236103577433,validated_MAP,601,1.0
within_record,past_input,18,acceleration,0.006798965109317757,validated_MAP,601,1.0
within_record,past_input,18,steering,0.01296380673544371,validated_MAP,601,1.0
within_record,autocorrelation,19,yaw,0.01041091725489767,validated_MAP,601,1.0
within_record,autocorrelation,19,acceleration,0.03380139285992364,validated_MAP,601,1.0
within_record,autocorrelation,19,steering,-0.041284966841320644,validated_MAP,601,1.0
within_record,past_input,19,yaw,-0.0420565567570053,validated_MAP,601,1.0
within_record,past_input,19,acceleration,-0.000895046246703316,validated_MAP,601,1.0
within_record,past_input,19,steering,0.016959712208109313,validated_MAP,601,1.0
within_record,autocorrelation,20,yaw,0.04599520423590156,validated_MAP,601,1.0
within_record,autocorrelation,20,acceleration,0.039756300467051586,validated_MAP,601,1.0
within_record,autocorrelation,20,steering,0.038535893514286226,validated_MAP,601,1.0
within_record,past_input,20,yaw,-0.04950014853478417,validated_MAP,601,1.0
within_record,past_input,20,acceleration,-0.009719466832055046,validated_MAP,601,1.0
within_record,past_input,20,steering,0.022897306254039223,validated_MAP,601,1.0
pooled,autocorrelation,1,yaw,-0.2664615276457191,validated_group,601,1.0
pooled,autocorrelation,1,acceleration,-0.1507505774271669,validated_group,601,1.0
pooled,autocorrelation,1,steering,-0.3928146887187579,validated_group,601,1.0
pooled,past_input,1,yaw,0.13247348656686728,validated_group,601,1.0
pooled,past_input,1,acceleration,0.09738859906795783,validated_group,601,1.0
pooled,past_input,1,steering,-0.04702513131567675,validated_group,601,1.0
pooled,autocorrelation,2,yaw,-0.004676155828418901,validated_group,601,1.0
pooled,autocorrelation,2,acceleration,-0.07917184247840903,validated_group,601,1.0
pooled,autocorrelation,2,steering,-0.04434197310862519,validated_group,601,1.0
pooled,past_input,2,yaw,0.12489099259056191,validated_group,601,1.0
pooled,past_input,2,acceleration,0.0938792779762656,validated_group,601,1.0
pooled,past_input,2,steering,-0.04228629823140311,validated_group,601,1.0
pooled,autocorrelation,3,yaw,0.08879018776077238,validated_group,601,1.0
pooled,autocorrelation,3,acceleration,0.028926618672119327,validated_group,601,1.0
pooled,autocorrelation,3,steering,0.019561853198203114,validated_group,601,1.0
pooled,past_input,3,yaw,0.12146152321495274,validated_group,601,1.0
pooled,past_input,3,acceleration,0.08808851810092011,validated_group,601,1.0
pooled,past_input,3,steering,-0.039930983399550854,validated_group,601,1.0
pooled,autocorrelation,4,yaw,0.06442911580160304,validated_group,601,1.0
pooled,autocorrelation,4,acceleration,0.06316727361331442,validated_group,601,1.0
pooled,autocorrelation,4,steering,0.02445233777333844,validated_group,601,1.0
pooled,past_input,4,yaw,0.11550072713493814,validated_group,601,1.0
pooled,past_input,4,acceleration,0.0815811853141174,validated_group,601,1.0
pooled,past_input,4,steering,-0.036446163855470545,validated_group,601,1.0
pooled,autocorrelation,5,yaw,0.08467326074281695,validated_group,601,1.0
pooled,autocorrelation,5,acceleration,0.055245516857338604,validated_group,601,1.0
pooled,autocorrelation,5,steering,0.02582196156168658,validated_group,601,1.0
pooled,past_input,5,yaw,0.11124125262839726,validated_group,601,1.0
pooled,past_input,5,acceleration,0.0747122821668488,validated_group,601,1.0
pooled,past_input,5,steering,-0.034116433480887845,validated_group,601,1.0
pooled,autocorrelation,6,yaw,0.11023559682925346,validated_group,601,1.0
pooled,autocorrelation,6,acceleration,0.08874783226196743,validated_group,601,1.0
pooled,autocorrelation,6,steering,0.006557428051067574,validated_group,601,1.0
pooled,past_input,6,yaw,0.1092848170632015,validated_group,601,1.0
pooled,past_input,6,acceleration,0.06684924378495005,validated_group,601,1.0
pooled,past_input,6,steering,-0.027908688109603914,validated_group,601,1.0
pooled,autocorrelation,7,yaw,0.07888476479239509,validated_group,601,1.0
pooled,autocorrelation,7,acceleration,0.07911127947353336,validated_group,601,1.0
pooled,autocorrelation,7,steering,0.051498697198253694,validated_group,601,1.0
pooled,past_input,7,yaw,0.10038435112453432,validated_group,601,1.0
pooled,past_input,7,acceleration,0.06211024432428711,validated_group,601,1.0
pooled,past_input,7,steering,-0.02508396801913485,validated_group,601,1.0
pooled,autocorrelation,8,yaw,0.07692476906336687,validated_group,601,1.0
pooled,autocorrelation,8,acceleration,0.04902442454204834,validated_group,601,1.0
pooled,autocorrelation,8,steering,0.012198461106520961,validated_group,601,1.0
pooled,past_input,8,yaw,0.09312603466195143,validated_group,601,1.0
pooled,past_input,8,acceleration,0.05626257819843463,validated_group,601,1.0
pooled,past_input,8,steering,-0.020414211035091976,validated_group,601,1.0
pooled,autocorrelation,9,yaw,0.07366756111998883,validated_group,601,1.0
pooled,autocorrelation,9,acceleration,0.05134892119279494,validated_group,601,1.0
pooled,autocorrelation,9,steering,0.014990565404031618,validated_group,601,1.0
pooled,past_input,9,yaw,0.08588040869785217,validated_group,601,1.0
pooled,past_input,9,acceleration,0.04575208351424127,validated_group,601,1.0
pooled,past_input,9,steering,-0.020641529452223615,validated_group,601,1.0
pooled,autocorrelation,10,yaw,0.09269266465678198,validated_group,601,1.0
pooled,autocorrelation,10,acceleration,0.07132836181482365,validated_group,601,1.0
pooled,autocorrelation,10,steering,0.01603797025220811,validated_group,601,1.0
pooled,past_input,10,yaw,0.08078277173836539,validated_group,601,1.0
pooled,past_input,10,acceleration,0.03804283805011703,validated_group,601,1.0
pooled,past_input,10,steering,-0.012017531195263392,validated_group,601,1.0
pooled,autocorrelation,11,yaw,0.06368223287444151,validated_group,601,1.0
pooled,autocorrelation,11,acceleration,0.06523303325481104,validated_group,601,1.0
pooled,autocorrelation,11,steering,0.015875697734203772,validated_group,601,1.0
pooled,past_input,11,yaw,0.07073200816491637,validated_group,601,1.0
pooled,past_input,11,acceleration,0.029494123555307068,validated_group,601,1.0
pooled,past_input,11,steering,-0.01108855028536753,validated_group,601,1.0
pooled,autocorrelation,12,yaw,0.10202716658733439,validated_group,601,1.0
pooled,autocorrelation,12,acceleration,0.06465930760771707,validated_group,601,1.0
pooled,autocorrelation,12,steering,0.005231205163635388,validated_group,601,1.0
pooled,past_input,12,yaw,0.06614679256758854,validated_group,601,1.0
pooled,past_input,12,acceleration,0.019839520423303416,validated_group,601,1.0
pooled,past_input,12,steering,-0.0057933532977105994,validated_group,601,1.0
pooled,autocorrelation,13,yaw,0.04019619986756985,validated_group,601,1.0
pooled,autocorrelation,13,acceleration,0.062363613926918804,validated_group,601,1.0
pooled,autocorrelation,13,steering,0.05334363958066485,validated_group,601,1.0
pooled,past_input,13,yaw,0.06140146714646547,validated_group,601,1.0
pooled,past_input,13,acceleration,0.012443588162148767,validated_group,601,1.0
pooled,past_input,13,steering,-0.006108831744995499,validated_group,601,1.0
pooled,autocorrelation,14,yaw,0.06580271238040505,validated_group,601,1.0
pooled,autocorrelation,14,acceleration,0.04674664853021049,validated_group,601,1.0
pooled,autocorrelation,14,steering,0.0027224616159159916,validated_group,601,1.0
pooled,past_input,14,yaw,0.05240083378787982,validated_group,601,1.0
pooled,past_input,14,acceleration,0.007306196041298401,validated_group,601,1.0
pooled,past_input,14,steering,-0.0012124376181231675,validated_group,601,1.0
pooled,autocorrelation,15,yaw,0.08011005983000094,validated_group,601,1.0
pooled,autocorrelation,15,acceleration,0.05961706549866203,validated_group,601,1.0
pooled,autocorrelation,15,steering,0.0210925146812178,validated_group,601,1.0
pooled,past_input,15,yaw,0.05288568830592898,validated_group,601,1.0
pooled,past_input,15,acceleration,0.0003783351386196357,validated_group,601,1.0
pooled,past_input,15,steering,0.0025642522934860345,validated_group,601,1.0
pooled,autocorrelation,16,yaw,0.0627818350025188,validated_group,601,1.0
pooled,autocorrelation,16,acceleration,0.04181890577653716,validated_group,601,1.0
pooled,autocorrelation,16,steering,-0.0019853834065983447,validated_group,601,1.0
pooled,past_input,16,yaw,0.0412686169198493,validated_group,601,1.0
pooled,past_input,16,acceleration,-0.011666878993453342,validated_group,601,1.0
pooled,past_input,16,steering,0.006426168627877743,validated_group,601,1.0
pooled,autocorrelation,17,yaw,0.027592178621178284,validated_group,601,1.0
pooled,autocorrelation,17,acceleration,0.04994259045557236,validated_group,601,1.0
pooled,autocorrelation,17,steering,0.04096891591091954,validated_group,601,1.0
pooled,past_input,17,yaw,0.03710131114442589,validated_group,601,1.0
pooled,past_input,17,acceleration,-0.018940758620243244,validated_group,601,1.0
pooled,past_input,17,steering,0.007816463318419864,validated_group,601,1.0
pooled,autocorrelation,18,yaw,0.10457275734253058,validated_group,601,1.0
pooled,autocorrelation,18,acceleration,0.03592702567271712,validated_group,601,1.0
pooled,autocorrelation,18,steering,0.029508922307449077,validated_group,601,1.0
pooled,past_input,18,yaw,0.034758915051802786,validated_group,601,1.0
pooled,past_input,18,acceleration,-0.023745366123455916,validated_group,601,1.0
pooled,past_input,18,steering,0.013432831502440516,validated_group,601,1.0
pooled,autocorrelation,19,yaw,0.03952643444734138,validated_group,601,1.0
pooled,autocorrelation,19,acceleration,0.04722255782007392,validated_group,601,1.0
pooled,autocorrelation,19,steering,-0.03590013764373065,validated_group,601,1.0
pooled,past_input,19,yaw,0.028497830502183477,validated_group,601,1.0
pooled,past_input,19,acceleration,-0.03211629166100267,validated_group,601,1.0
pooled,past_input,19,steering,0.015981741569396444,validated_group,601,1.0
pooled,autocorrelation,20,yaw,0.07482104496442317,validated_group,601,1.0
pooled,autocorrelation,20,acceleration,0.05329224008376013,validated_group,601,1.0
pooled,autocorrelation,20,steering,0.043606480005604145,validated_group,601,1.0
pooled,past_input,20,yaw,0.023293897719844355,validated_group,601,1.0
pooled,past_input,20,acceleration,-0.0410645707463571,validated_group,601,1.0
pooled,past_input,20,steering,0.020244660220870365,validated_group,601,1.0
within_record,autocorrelation,1,yaw,-0.30311833177027137,validated_group,601,1.0
within_record,autocorrelation,1,acceleration,-0.16459316775697735,validated_group,601,1.0
within_record,autocorrelation,1,steering,-0.3997129586331807,validated_group,601,1.0
within_record,past_input,1,yaw,0.1056500473375731,validated_group,601,1.0
within_record,past_input,1,acceleration,0.13242397418892327,validated_group,601,1.0
within_record,past_input,1,steering,-0.04961974323831313,validated_group,601,1.0
within_record,autocorrelation,2,yaw,-0.03359617922276467,validated_group,601,1.0
within_record,autocorrelation,2,acceleration,-0.09320802092337044,validated_group,601,1.0
within_record,autocorrelation,2,steering,-0.049481065844467424,validated_group,601,1.0
within_record,past_input,2,yaw,0.09735224951868607,validated_group,601,1.0
within_record,past_input,2,acceleration,0.12662613399022624,validated_group,601,1.0
within_record,past_input,2,steering,-0.045156930700993275,validated_group,601,1.0
within_record,autocorrelation,3,yaw,0.06140391071497954,validated_group,601,1.0
within_record,autocorrelation,3,acceleration,0.016288983605460678,validated_group,601,1.0
within_record,autocorrelation,3,steering,0.014544266028026458,validated_group,601,1.0
within_record,past_input,3,yaw,0.0918974373832542,validated_group,601,1.0
within_record,past_input,3,acceleration,0.12230892714593761,validated_group,601,1.0
within_record,past_input,3,steering,-0.042936015736191026,validated_group,601,1.0
within_record,autocorrelation,4,yaw,0.036557582612389616,validated_group,601,1.0
within_record,autocorrelation,4,acceleration,0.05106536092533938,validated_group,601,1.0
within_record,autocorrelation,4,steering,0.019475964210008495,validated_group,601,1.0
within_record,past_input,4,yaw,0.0837619463911381,validated_group,601,1.0
within_record,past_input,4,acceleration,0.1168699734208407,validated_group,601,1.0
within_record,past_input,4,steering,-0.03889877657193323,validated_group,601,1.0
within_record,autocorrelation,5,yaw,0.057991395136328734,validated_group,601,1.0
within_record,autocorrelation,5,acceleration,0.04308569417241978,validated_group,601,1.0
within_record,autocorrelation,5,steering,0.020760223836559476,validated_group,601,1.0
within_record,past_input,5,yaw,0.07679306570527472,validated_group,601,1.0
within_record,past_input,5,acceleration,0.10849997330601877,validated_group,601,1.0
within_record,past_input,5,steering,-0.037650197348458016,validated_group,601,1.0
within_record,autocorrelation,6,yaw,0.08349332925379432,validated_group,601,1.0
within_record,autocorrelation,6,acceleration,0.07689031931194176,validated_group,601,1.0
within_record,autocorrelation,6,steering,0.001339819648170027,validated_group,601,1.0
within_record,past_input,6,yaw,0.0730259453891138,validated_group,601,1.0
within_record,past_input,6,acceleration,0.10153033393002513,validated_group,601,1.0
within_record,past_input,6,steering,-0.0293063713658492,validated_group,601,1.0
within_record,autocorrelation,7,yaw,0.051671852032157434,validated_group,601,1.0
within_record,autocorrelation,7,acceleration,0.06685569311910906,validated_group,601,1.0
within_record,autocorrelation,7,steering,0.04654806720974787,validated_group,601,1.0
within_record,past_input,7,yaw,0.06035762330895048,validated_group,601,1.0
within_record,past_input,7,acceleration,0.09605042932617522,validated_group,601,1.0
within_record,past_input,7,steering,-0.026582498356930235,validated_group,601,1.0
within_record,autocorrelation,8,yaw,0.049469921320892285,validated_group,601,1.0
within_record,autocorrelation,8,acceleration,0.036096956888687436,validated_group,601,1.0
within_record,autocorrelation,8,steering,0.007068202633903343,validated_group,601,1.0
within_record,past_input,8,yaw,0.05086082070474274,validated_group,601,1.0
within_record,past_input,8,acceleration,0.09144172297639147,validated_group,601,1.0
within_record,past_input,8,steering,-0.023252466882252576,validated_group,601,1.0
within_record,autocorrelation,9,yaw,0.046041570791297406,validated_group,601,1.0
within_record,autocorrelation,9,acceleration,0.038140368275783404,validated_group,601,1.0
within_record,autocorrelation,9,steering,0.009778534674501614,validated_group,601,1.0
within_record,past_input,9,yaw,0.04219228894432746,validated_group,601,1.0
within_record,past_input,9,acceleration,0.07942745147551994,validated_group,601,1.0
within_record,past_input,9,steering,-0.024521088829949658,validated_group,601,1.0
within_record,autocorrelation,10,yaw,0.06598259335821977,validated_group,601,1.0
within_record,autocorrelation,10,acceleration,0.058249054949553535,validated_group,601,1.0
within_record,autocorrelation,10,steering,0.010388728934510387,validated_group,601,1.0
within_record,past_input,10,yaw,0.0358666089930344,validated_group,601,1.0
within_record,past_input,10,acceleration,0.07240814555668564,validated_group,601,1.0
within_record,past_input,10,steering,-0.013753108546339389,validated_group,601,1.0
within_record,autocorrelation,11,yaw,0.035980934416363554,validated_group,601,1.0
within_record,autocorrelation,11,acceleration,0.05212983833233208,validated_group,601,1.0
within_record,autocorrelation,11,steering,0.010464823814907253,validated_group,601,1.0
within_record,past_input,11,yaw,0.020920510655628385,validated_group,601,1.0
within_record,past_input,11,acceleration,0.06450212609473838,validated_group,601,1.0
within_record,past_input,11,steering,-0.013582795238711321,validated_group,601,1.0
within_record,autocorrelation,12,yaw,0.07497402864659733,validated_group,601,1.0
within_record,autocorrelation,12,acceleration,0.05107641508992723,validated_group,601,1.0
within_record,autocorrelation,12,steering,-0.00012469171707391545,validated_group,601,1.0
within_record,past_input,12,yaw,0.01483286692466783,validated_group,601,1.0
within_record,past_input,12,acceleration,0.05335520445470597,validated_group,601,1.0
within_record,past_input,12,steering,-0.008295908253804045,validated_group,601,1.0
within_record,autocorrelation,13,yaw,0.010888522099962583,validated_group,601,1.0
within_record,autocorrelation,13,acceleration,0.048378579193493615,validated_group,601,1.0
within_record,autocorrelation,13,steering,0.04818892702369362,validated_group,601,1.0
within_record,past_input,13,yaw,0.006968901792648409,validated_group,601,1.0
within_record,past_input,13,acceleration,0.046691418596933744,validated_group,601,1.0
within_record,past_input,13,steering,-0.005615629993970895,validated_group,601,1.0
within_record,autocorrelation,14,yaw,0.03701505289756559,validated_group,601,1.0
within_record,autocorrelation,14,acceleration,0.03276573379464253,validated_group,601,1.0
within_record,autocorrelation,14,steering,-0.0028846758466301702,validated_group,601,1.0
within_record,past_input,14,yaw,-0.00643484391900026,validated_group,601,1.0
within_record,past_input,14,acceleration,0.04132065485170609,validated_group,601,1.0
within_record,past_input,14,steering,-0.002038169260874333,validated_group,601,1.0
within_record,autocorrelation,15,yaw,0.05109070099395361,validated_group,601,1.0
within_record,autocorrelation,15,acceleration,0.04618798703377974,validated_group,601,1.0
within_record,autocorrelation,15,steering,0.015415051713303426,validated_group,601,1.0
within_record,past_input,15,yaw,-0.00742327813752872,validated_group,601,1.0
within_record,past_input,15,acceleration,0.03363509643080123,validated_group,601,1.0
within_record,past_input,15,steering,0.0021276741527700726,validated_group,601,1.0
within_record,autocorrelation,16,yaw,0.034002692558829116,validated_group,601,1.0
within_record,autocorrelation,16,acceleration,0.02802068630761463,validated_group,601,1.0
within_record,autocorrelation,16,steering,-0.007799275974212625,validated_group,601,1.0
within_record,past_input,16,yaw,-0.020947274865620327,validated_group,601,1.0
within_record,past_input,16,acceleration,0.019544103140075507,validated_group,601,1.0
within_record,past_input,16,steering,0.0066781644908521795,validated_group,601,1.0
within_record,autocorrelation,17,yaw,-0.0020469795566140717,validated_group,601,1.0
within_record,autocorrelation,17,acceleration,0.036189556529778816,validated_group,601,1.0
within_record,autocorrelation,17,steering,0.03579774738267773,validated_group,601,1.0
within_record,past_input,17,yaw,-0.028543612793642457,validated_group,601,1.0
within_record,past_input,17,acceleration,0.012895962333288208,validated_group,601,1.0
within_record,past_input,17,steering,0.007766243973768844,validated_group,601,1.0
within_record,autocorrelation,18,yaw,0.07802345861976441,validated_group,601,1.0
within_record,autocorrelation,18,acceleration,0.022424877140516695,validated_group,601,1.0
within_record,autocorrelation,18,steering,0.02431309371447788,validated_group,601,1.0
within_record,past_input,18,yaw,-0.03174236103577433,validated_group,601,1.0
within_record,past_input,18,acceleration,0.006798965109317757,validated_group,601,1.0
within_record,past_input,18,steering,0.01296380673544371,validated_group,601,1.0
within_record,autocorrelation,19,yaw,0.01041091725489767,validated_group,601,1.0
within_record,autocorrelation,19,acceleration,0.03380139285992364,validated_group,601,1.0
within_record,autocorrelation,19,steering,-0.041284966841320644,validated_group,601,1.0
within_record,past_input,19,yaw,-0.0420565567570053,validated_group,601,1.0
within_record,past_input,19,acceleration,-0.000895046246703316,validated_group,601,1.0
within_record,past_input,19,steering,0.016959712208109313,validated_group,601,1.0
within_record,autocorrelation,20,yaw,0.04599520423590156,validated_group,601,1.0
within_record,autocorrelation,20,acceleration,0.039756300467051586,validated_group,601,1.0
within_record,autocorrelation,20,steering,0.038535893514286226,validated_group,601,1.0
within_record,past_input,20,yaw,-0.04950014853478417,validated_group,601,1.0
within_record,past_input,20,acceleration,-0.009719466832055046,validated_group,601,1.0
within_record,past_input,20,steering,0.022897306254039223,validated_group,601,1.0
pooled,autocorrelation,1,yaw,-0.27465329458196347,validated_fallback,601,1.0
pooled,autocorrelation,1,acceleration,-0.15506692885266757,validated_fallback,601,1.0
pooled,autocorrelation,1,steering,-0.38388206044946915,validated_fallback,601,1.0
pooled,past_input,1,yaw,0.03575133080668677,validated_fallback,601,1.0
pooled,past_input,1,acceleration,0.11246629496966655,validated_fallback,601,1.0
pooled,past_input,1,steering,-0.05824012967830332,validated_fallback,601,1.0
pooled,autocorrelation,2,yaw,-0.010416488430555692,validated_fallback,601,1.0
pooled,autocorrelation,2,acceleration,-0.08282181893544445,validated_fallback,601,1.0
pooled,autocorrelation,2,steering,-0.03731522652114646,validated_fallback,601,1.0
pooled,past_input,2,yaw,0.02753286962563812,validated_fallback,601,1.0
pooled,past_input,2,acceleration,0.10946222296575286,validated_fallback,601,1.0
pooled,past_input,2,steering,-0.05276190680482166,validated_fallback,601,1.0
pooled,autocorrelation,3,yaw,0.08437847984946362,validated_fallback,601,1.0
pooled,autocorrelation,3,acceleration,0.02804617638667801,validated_fallback,601,1.0
pooled,autocorrelation,3,steering,0.025303883272559453,validated_fallback,601,1.0
pooled,past_input,3,yaw,0.02369277470218422,validated_fallback,601,1.0
pooled,past_input,3,acceleration,0.10421404343820304,validated_fallback,601,1.0
pooled,past_input,3,steering,-0.04963109806151617,validated_fallback,601,1.0
pooled,autocorrelation,4,yaw,0.059712682986507525,validated_fallback,601,1.0
pooled,autocorrelation,4,acceleration,0.06218088225254531,validated_fallback,601,1.0
pooled,autocorrelation,4,steering,0.030043834261302627,validated_fallback,601,1.0
pooled,past_input,4,yaw,0.01744189974232351,validated_fallback,601,1.0
pooled,past_input,4,acceleration,0.09821415325363421,validated_fallback,601,1.0
pooled,past_input,4,steering,-0.04536057054983653,validated_fallback,601,1.0
pooled,autocorrelation,5,yaw,0.07989395979900976,validated_fallback,601,1.0
pooled,autocorrelation,5,acceleration,0.050770076568007666,validated_fallback,601,1.0
pooled,autocorrelation,5,steering,0.0325106135789929,validated_fallback,601,1.0
pooled,past_input,5,yaw,0.012792836142319264,validated_fallback,601,1.0
pooled,past_input,5,acceleration,0.09187414113315438,validated_fallback,601,1.0
pooled,past_input,5,steering,-0.04224549063344135,validated_fallback,601,1.0
pooled,autocorrelation,6,yaw,0.10536700515904991,validated_fallback,601,1.0
pooled,autocorrelation,6,acceleration,0.08470734702925437,validated_fallback,601,1.0
pooled,autocorrelation,6,steering,0.01228142976307021,validated_fallback,601,1.0
pooled,past_input,6,yaw,0.01030500486513439,validated_fallback,601,1.0
pooled,past_input,6,acceleration,0.08445789101017427,validated_fallback,601,1.0
pooled,past_input,6,steering,-0.03526126024668335,validated_fallback,601,1.0
pooled,autocorrelation,7,yaw,0.07452395768871782,validated_fallback,601,1.0
pooled,autocorrelation,7,acceleration,0.07520871107522609,validated_fallback,601,1.0
pooled,autocorrelation,7,steering,0.05736239357546241,validated_fallback,601,1.0
pooled,past_input,7,yaw,0.0010599126696301494,validated_fallback,601,1.0
pooled,past_input,7,acceleration,0.08019517082824155,validated_fallback,601,1.0
pooled,past_input,7,steering,-0.031636830160235094,validated_fallback,601,1.0
pooled,autocorrelation,8,yaw,0.07163663561753456,validated_fallback,601,1.0
pooled,autocorrelation,8,acceleration,0.047092385842934376,validated_fallback,601,1.0
pooled,autocorrelation,8,steering,0.018463124062964627,validated_fallback,601,1.0
pooled,past_input,8,yaw,-0.006291004483312744,validated_fallback,601,1.0
pooled,past_input,8,acceleration,0.07483868937163493,validated_fallback,601,1.0
pooled,past_input,8,steering,-0.026151095372334867,validated_fallback,601,1.0
pooled,autocorrelation,9,yaw,0.06932633380804919,validated_fallback,601,1.0
pooled,autocorrelation,9,acceleration,0.0492174136497191,validated_fallback,601,1.0
pooled,autocorrelation,9,steering,0.020576986254840897,validated_fallback,601,1.0
pooled,past_input,9,yaw,-0.0138313664362214,validated_fallback,601,1.0
pooled,past_input,9,acceleration,0.06471586526107374,validated_fallback,601,1.0
pooled,past_input,9,steering,-0.02554948945586048,validated_fallback,601,1.0
pooled,autocorrelation,10,yaw,0.08848180444531654,validated_fallback,601,1.0
pooled,autocorrelation,10,acceleration,0.06923955839913387,validated_fallback,601,1.0
pooled,autocorrelation,10,steering,0.022193451956980057,validated_fallback,601,1.0
pooled,past_input,10,yaw,-0.019158422479424415,validated_fallback,601,1.0
pooled,past_input,10,acceleration,0.057501687215075634,validated_fallback,601,1.0
pooled,past_input,10,steering,-0.016086699652348553,validated_fallback,601,1.0
pooled,autocorrelation,11,yaw,0.05927219546979227,validated_fallback,601,1.0
pooled,autocorrelation,11,acceleration,0.06236141961011799,validated_fallback,601,1.0
pooled,autocorrelation,11,steering,0.02156698672994102,validated_fallback,601,1.0
pooled,past_input,11,yaw,-0.029288126059377098,validated_fallback,601,1.0
pooled,past_input,11,acceleration,0.04946146472443595,validated_fallback,601,1.0
pooled,past_input,11,steering,-0.014387409419955045,validated_fallback,601,1.0
pooled,autocorrelation,12,yaw,0.098694874301824,validated_fallback,601,1.0
pooled,autocorrelation,12,acceleration,0.06096569472387271,validated_fallback,601,1.0
pooled,autocorrelation,12,steering,0.01140477468872463,validated_fallback,601,1.0
pooled,past_input,12,yaw,-0.03381411407373995,validated_fallback,601,1.0
pooled,past_input,12,acceleration,0.04023774766516268,validated_fallback,601,1.0
pooled,past_input,12,steering,-0.008309082027488446,validated_fallback,601,1.0
pooled,autocorrelation,13,yaw,0.03655176480596945,validated_fallback,601,1.0
pooled,autocorrelation,13,acceleration,0.05939750939131338,validated_fallback,601,1.0
pooled,autocorrelation,13,steering,0.05915189537731715,validated_fallback,601,1.0
pooled,past_input,13,yaw,-0.038800869447438824,validated_fallback,601,1.0
pooled,past_input,13,acceleration,0.03323687655192913,validated_fallback,601,1.0
pooled,past_input,13,steering,-0.007872816519708122,validated_fallback,601,1.0
pooled,autocorrelation,14,yaw,0.062231343531259135,validated_fallback,601,1.0
pooled,autocorrelation,14,acceleration,0.044302065706370304,validated_fallback,601,1.0
pooled,autocorrelation,14,steering,0.008508495172390815,validated_fallback,601,1.0
pooled,past_input,14,yaw,-0.047648112538024846,validated_fallback,601,1.0
pooled,past_input,14,acceleration,0.028470605950594842,validated_fallback,601,1.0
pooled,past_input,14,steering,-0.0021976444337565514,validated_fallback,601,1.0
pooled,autocorrelation,15,yaw,0.07607149786599639,validated_fallback,601,1.0
pooled,autocorrelation,15,acceleration,0.057013236625519624,validated_fallback,601,1.0
pooled,autocorrelation,15,steering,0.026613508112691406,validated_fallback,601,1.0
pooled,past_input,15,yaw,-0.04682412255916323,validated_fallback,601,1.0
pooled,past_input,15,acceleration,0.021868435753380627,validated_fallback,601,1.0
pooled,past_input,15,steering,0.0024167840862741913,validated_fallback,601,1.0
pooled,autocorrelation,16,yaw,0.05993502713059837,validated_fallback,601,1.0
pooled,autocorrelation,16,acceleration,0.038389957396786696,validated_fallback,601,1.0
pooled,autocorrelation,16,steering,0.004180482028709779,validated_fallback,601,1.0
pooled,past_input,16,yaw,-0.05831820419544951,validated_fallback,601,1.0
pooled,past_input,16,acceleration,0.010088324255466697,validated_fallback,601,1.0
pooled,past_input,16,steering,0.0071184409715643795,validated_fallback,601,1.0
pooled,autocorrelation,17,yaw,0.02463196645353887,validated_fallback,601,1.0
pooled,autocorrelation,17,acceleration,0.047451264331099745,validated_fallback,601,1.0
pooled,autocorrelation,17,steering,0.047116344270624576,validated_fallback,601,1.0
pooled,past_input,17,yaw,-0.06208549358180587,validated_fallback,601,1.0
pooled,past_input,17,acceleration,0.00313959322344079,validated_fallback,601,1.0
pooled,past_input,17,steering,0.00929701928434102,validated_fallback,601,1.0
pooled,autocorrelation,18,yaw,0.10210876578974225,validated_fallback,601,1.0
pooled,autocorrelation,18,acceleration,0.03356937507584315,validated_fallback,601,1.0
pooled,autocorrelation,18,steering,0.0343921490042749,validated_fallback,601,1.0
pooled,past_input,18,yaw,-0.0642281189294219,validated_fallback,601,1.0
pooled,past_input,18,acceleration,-0.001354571682214092,validated_fallback,601,1.0
pooled,past_input,18,steering,0.015683258183060444,validated_fallback,601,1.0
pooled,autocorrelation,19,yaw,0.03629240418794293,validated_fallback,601,1.0
pooled,autocorrelation,19,acceleration,0.04408656164357883,validated_fallback,601,1.0
pooled,autocorrelation,19,steering,-0.029819996531536,validated_fallback,601,1.0
pooled,past_input,19,yaw,-0.07010720428978773,validated_fallback,601,1.0
pooled,past_input,19,acceleration,-0.009439679872157197,validated_fallback,601,1.0
pooled,past_input,19,steering,0.01903490409272054,validated_fallback,601,1.0
pooled,autocorrelation,20,yaw,0.07233813453180737,validated_fallback,601,1.0
pooled,autocorrelation,20,acceleration,0.04975381042710274,validated_fallback,601,1.0
pooled,autocorrelation,20,steering,0.04956213935792387,validated_fallback,601,1.0
pooled,past_input,20,yaw,-0.07505751025612574,validated_fallback,601,1.0
pooled,past_input,20,acceleration,-0.01810995773447384,validated_fallback,601,1.0
pooled,past_input,20,steering,0.024074359703814743,validated_fallback,601,1.0
within_record,autocorrelation,1,yaw,-0.3144116541629942,validated_fallback,601,1.0
within_record,autocorrelation,1,acceleration,-0.1665413334549029,validated_fallback,601,1.0
within_record,autocorrelation,1,steering,-0.3969677374268682,validated_fallback,601,1.0
within_record,past_input,1,yaw,0.06561509275990897,validated_fallback,601,1.0
within_record,past_input,1,acceleration,0.13747140090822524,validated_fallback,601,1.0
within_record,past_input,1,steering,-0.054584509912469104,validated_fallback,601,1.0
within_record,autocorrelation,2,yaw,-0.042202800069440265,validated_fallback,601,1.0
within_record,autocorrelation,2,acceleration,-0.09470238145568456,validated_fallback,601,1.0
within_record,autocorrelation,2,steering,-0.0471667950915234,validated_fallback,601,1.0
within_record,past_input,2,yaw,0.057516578069309196,validated_fallback,601,1.0
within_record,past_input,2,acceleration,0.13183727229220563,validated_fallback,601,1.0
within_record,past_input,2,steering,-0.04969492139936083,validated_fallback,601,1.0
within_record,autocorrelation,3,yaw,0.0545768931656478,validated_fallback,601,1.0
within_record,autocorrelation,3,acceleration,0.01745054949775494,validated_fallback,601,1.0
within_record,autocorrelation,3,steering,0.015865672493856543,validated_fallback,601,1.0
within_record,past_input,3,yaw,0.0523546727762475,validated_fallback,601,1.0
within_record,past_input,3,acceleration,0.12771386879563884,validated_fallback,601,1.0
within_record,past_input,3,steering,-0.04699280904302377,validated_fallback,601,1.0
within_record,autocorrelation,4,yaw,0.029240102457773733,validated_fallback,601,1.0
within_record,autocorrelation,4,acceleration,0.052045188047904326,validated_fallback,601,1.0
within_record,autocorrelation,4,steering,0.020481648021900035,validated_fallback,601,1.0
within_record,past_input,4,yaw,0.0446097677917098,validated_fallback,601,1.0
within_record,past_input,4,acceleration,0.12252089209699263,validated_fallback,601,1.0
within_record,past_input,4,steering,-0.04251699355914443,validated_fallback,601,1.0
within_record,autocorrelation,5,yaw,0.0501443342878389,validated_fallback,601,1.0
within_record,autocorrelation,5,acceleration,0.040729409194844954,validated_fallback,601,1.0
within_record,autocorrelation,5,steering,0.02287144212275481,validated_fallback,601,1.0
within_record,past_input,5,yaw,0.03802362771810972,validated_fallback,601,1.0
within_record,past_input,5,acceleration,0.11429406543272227,validated_fallback,601,1.0
within_record,past_input,5,steering,-0.04079352847035662,validated_fallback,601,1.0
within_record,autocorrelation,6,yaw,0.07629141211871156,validated_fallback,601,1.0
within_record,autocorrelation,6,acceleration,0.07482666266171943,validated_fallback,601,1.0
within_record,autocorrelation,6,steering,0.002307757990885298,validated_fallback,601,1.0
within_record,past_input,6,yaw,0.03460010492364311,validated_fallback,601,1.0
within_record,past_input,6,acceleration,0.10745681423778583,validated_fallback,601,1.0
within_record,past_input,6,steering,-0.031983079982940865,validated_fallback,601,1.0
within_record,autocorrelation,7,yaw,0.0449604246130386,validated_fallback,601,1.0
within_record,autocorrelation,7,acceleration,0.06497028691681352,validated_fallback,601,1.0
within_record,autocorrelation,7,steering,0.04791161578246439,validated_fallback,601,1.0
within_record,past_input,7,yaw,0.022354993539411734,validated_fallback,601,1.0
within_record,past_input,7,acceleration,0.10212858826064254,validated_fallback,601,1.0
within_record,past_input,7,steering,-0.028772073817641946,validated_fallback,601,1.0
within_record,autocorrelation,8,yaw,0.042536604935832875,validated_fallback,601,1.0
within_record,autocorrelation,8,acceleration,0.03641441065740195,validated_fallback,601,1.0
within_record,autocorrelation,8,steering,0.008611565861015143,validated_fallback,601,1.0
within_record,past_input,8,yaw,0.01345417402379211,validated_fallback,601,1.0
within_record,past_input,8,acceleration,0.09766263682352526,validated_fallback,601,1.0
within_record,past_input,8,steering,-0.02500693588354754,validated_fallback,601,1.0
within_record,autocorrelation,9,yaw,0.03937362440152693,validated_fallback,601,1.0
within_record,autocorrelation,9,acceleration,0.03833180418884369,validated_fallback,601,1.0
within_record,autocorrelation,9,steering,0.010838773989569719,validated_fallback,601,1.0
within_record,past_input,9,yaw,0.00534258616038583,validated_fallback,601,1.0
within_record,past_input,9,acceleration,0.08574392025095694,validated_fallback,601,1.0
within_record,past_input,9,steering,-0.025820713356667153,validated_fallback,601,1.0
within_record,autocorrelation,10,yaw,0.059583613729992,validated_fallback,601,1.0
within_record,autocorrelation,10,acceleration,0.05859150914800376,validated_fallback,601,1.0
within_record,autocorrelation,10,steering,0.011949922135002516,validated_fallback,601,1.0
within_record,past_input,10,yaw,-0.00034315735140914703,validated_fallback,601,1.0
within_record,past_input,10,acceleration,0.07897136987747268,validated_fallback,601,1.0
within_record,past_input,10,steering,-0.014609355367635022,validated_fallback,601,1.0
within_record,autocorrelation,11,yaw,0.029322740301092883,validated_fallback,601,1.0
within_record,autocorrelation,11,acceleration,0.05164250571291052,validated_fallback,601,1.0
within_record,autocorrelation,11,steering,0.01159407177065658,validated_fallback,601,1.0
within_record,past_input,11,yaw,-0.014585221339802387,validated_fallback,601,1.0
within_record,past_input,11,acceleration,0.0712858437866932,validated_fallback,601,1.0
within_record,past_input,11,steering,-0.014070394943777785,validated_fallback,601,1.0
within_record,autocorrelation,12,yaw,0.06953622950405332,validated_fallback,601,1.0
within_record,autocorrelation,12,acceleration,0.04976031205331998,validated_fallback,601,1.0
within_record,autocorrelation,12,steering,0.0014498920626936944,validated_fallback,601,1.0
within_record,past_input,12,yaw,-0.019830077160374455,validated_fallback,601,1.0
within_record,past_input,12,acceleration,0.06026787170139408,validated_fallback,601,1.0
within_record,past_input,12,steering,-0.008378092556301488,validated_fallback,601,1.0
within_record,autocorrelation,13,yaw,0.004680365530668955,validated_fallback,601,1.0
within_record,autocorrelation,13,acceleration,0.04766991034664021,validated_fallback,601,1.0
within_record,autocorrelation,13,steering,0.04943607709935671,validated_fallback,601,1.0
within_record,past_input,13,yaw,-0.02692838812907706,validated_fallback,601,1.0
within_record,past_input,13,acceleration,0.05365743109372002,validated_fallback,601,1.0
within_record,past_input,13,steering,-0.005336655490513862,validated_fallback,601,1.0
within_record,autocorrelation,14,yaw,0.031204749570724343,validated_fallback,601,1.0
within_record,autocorrelation,14,acceleration,0.03272559530633478,validated_fallback,601,1.0
within_record,autocorrelation,14,steering,-0.002221443805508675,validated_fallback,601,1.0
within_record,past_input,14,yaw,-0.0394530631126335,validated_fallback,601,1.0
within_record,past_input,14,acceleration,0.048199679386211954,validated_fallback,601,1.0
within_record,past_input,14,steering,-0.0013106093102623687,validated_fallback,601,1.0
within_record,autocorrelation,15,yaw,0.045365722910306217,validated_fallback,601,1.0
within_record,autocorrelation,15,acceleration,0.04611665015912361,validated_fallback,601,1.0
within_record,autocorrelation,15,steering,0.01599859030136023,validated_fallback,601,1.0
within_record,past_input,15,yaw,-0.039477096035397834,validated_fallback,601,1.0
within_record,past_input,15,acceleration,0.04046355146896244,validated_fallback,601,1.0
within_record,past_input,15,steering,0.0033343413743144182,validated_fallback,601,1.0
within_record,autocorrelation,16,yaw,0.02869147254918489,validated_fallback,601,1.0
within_record,autocorrelation,16,acceleration,0.027304005311533368,validated_fallback,601,1.0
within_record,autocorrelation,16,steering,-0.006632553064694846,validated_fallback,601,1.0
within_record,past_input,16,yaw,-0.0521046285822848,validated_fallback,601,1.0
within_record,past_input,16,acceleration,0.026331578295416838,validated_fallback,601,1.0
within_record,past_input,16,steering,0.00835702761630915,validated_fallback,601,1.0
within_record,autocorrelation,17,yaw,-0.00798658302981897,validated_fallback,601,1.0
within_record,autocorrelation,17,acceleration,0.03626562594903425,validated_fallback,601,1.0
within_record,autocorrelation,17,steering,0.037190046160586,validated_fallback,601,1.0
within_record,past_input,17,yaw,-0.058658075830803486,validated_fallback,601,1.0
within_record,past_input,17,acceleration,0.01969987308689239,validated_fallback,601,1.0
within_record,past_input,17,steering,0.009820644376114495,validated_fallback,601,1.0
within_record,autocorrelation,18,yaw,0.07323498336287022,validated_fallback,601,1.0
within_record,autocorrelation,18,acceleration,0.022435868610604755,validated_fallback,601,1.0
within_record,autocorrelation,18,steering,0.024545816717348054,validated_fallback,601,1.0
within_record,past_input,18,yaw,-0.060810812621781625,validated_fallback,601,1.0
within_record,past_input,18,acceleration,0.01349062599555362,validated_fallback,601,1.0
within_record,past_input,18,steering,0.015434681289444113,validated_fallback,601,1.0
within_record,autocorrelation,19,yaw,0.004891651679080221,validated_fallback,601,1.0
within_record,autocorrelation,19,acceleration,0.03315182714991817,validated_fallback,601,1.0
within_record,autocorrelation,19,steering,-0.040173220498855335,validated_fallback,601,1.0
within_record,past_input,19,yaw,-0.0700611152921007,validated_fallback,601,1.0
within_record,past_input,19,acceleration,0.005799208112660087,validated_fallback,601,1.0
within_record,past_input,19,steering,0.01982893002292127,validated_fallback,601,1.0
within_record,autocorrelation,20,yaw,0.04130331194873627,validated_fallback,601,1.0
within_record,autocorrelation,20,acceleration,0.038857498526671974,validated_fallback,601,1.0
within_record,autocorrelation,20,steering,0.03982120335357765,validated_fallback,601,1.0
within_record,past_input,20,yaw,-0.07638689427371718,validated_fallback,601,1.0
within_record,past_input,20,acceleration,-0.0030195586172853477,validated_fallback,601,1.0
within_record,past_input,20,steering,0.02613995126165589,validated_fallback,601,1.0
pooled,autocorrelation,1,yaw,-0.2664615389163258,archived_MAP,601,1.0
pooled,autocorrelation,1,acceleration,-0.15075059141571207,archived_MAP,601,1.0
pooled,autocorrelation,1,steering,-0.39281468905314465,archived_MAP,601,1.0
pooled,past_input,1,yaw,0.1324734588070098,archived_MAP,601,1.0
pooled,past_input,1,acceleration,0.09738859016623462,archived_MAP,601,1.0
pooled,past_input,1,steering,-0.04702512780162195,archived_MAP,601,1.0
pooled,autocorrelation,2,yaw,-0.004676165274580864,archived_MAP,601,1.0
pooled,autocorrelation,2,acceleration,-0.07917185712265895,archived_MAP,601,1.0
pooled,autocorrelation,2,steering,-0.04434197248124475,archived_MAP,601,1.0
pooled,past_input,2,yaw,0.12489096498506821,archived_MAP,601,1.0
pooled,past_input,2,acceleration,0.09387926943267583,archived_MAP,601,1.0
pooled,past_input,2,steering,-0.042286294618823335,archived_MAP,601,1.0
pooled,autocorrelation,3,yaw,0.08879017952804627,archived_MAP,601,1.0
pooled,autocorrelation,3,acceleration,0.02892660664896751,archived_MAP,601,1.0
pooled,autocorrelation,3,steering,0.019561853250504316,archived_MAP,601,1.0
pooled,past_input,3,yaw,0.12146149589677145,archived_MAP,601,1.0
pooled,past_input,3,acceleration,0.08808850995907828,archived_MAP,601,1.0
pooled,past_input,3,steering,-0.03993097963332895,archived_MAP,601,1.0
pooled,autocorrelation,4,yaw,0.06442910771845002,archived_MAP,601,1.0
pooled,autocorrelation,4,acceleration,0.06316726292172264,archived_MAP,601,1.0
pooled,autocorrelation,4,steering,0.024452337562085882,archived_MAP,601,1.0
pooled,past_input,4,yaw,0.11550070020595676,archived_MAP,601,1.0
pooled,past_input,4,acceleration,0.08158117751995653,archived_MAP,601,1.0
pooled,past_input,4,steering,-0.036446159992090735,archived_MAP,601,1.0
pooled,autocorrelation,5,yaw,0.08467325293987332,archived_MAP,601,1.0
pooled,autocorrelation,5,acceleration,0.05524550443492133,archived_MAP,601,1.0
pooled,autocorrelation,5,steering,0.025821961946038224,archived_MAP,601,1.0
pooled,past_input,5,yaw,0.11124122609886519,archived_MAP,601,1.0
pooled,past_input,5,acceleration,0.07471227479217289,archived_MAP,601,1.0
pooled,past_input,5,steering,-0.034116429502764944,archived_MAP,601,1.0
pooled,autocorrelation,6,yaw,0.110235589165579,archived_MAP,601,1.0
pooled,autocorrelation,6,acceleration,0.08874782027290044,archived_MAP,601,1.0
pooled,autocorrelation,6,steering,0.00655742792836554,archived_MAP,601,1.0
pooled,past_input,6,yaw,0.10928479101673658,archived_MAP,601,1.0
pooled,past_input,6,acceleration,0.0668492367735344,archived_MAP,601,1.0
pooled,past_input,6,steering,-0.02790868407250406,archived_MAP,601,1.0
pooled,autocorrelation,7,yaw,0.07888475700742985,archived_MAP,601,1.0
pooled,autocorrelation,7,acceleration,0.07911126871298779,archived_MAP,601,1.0
pooled,autocorrelation,7,steering,0.05149869739788711,archived_MAP,601,1.0
pooled,past_input,7,yaw,0.10038432560754476,archived_MAP,601,1.0
pooled,past_input,7,acceleration,0.06211023775933414,archived_MAP,601,1.0
pooled,past_input,7,steering,-0.025083963969774987,archived_MAP,601,1.0
pooled,autocorrelation,8,yaw,0.07692476164653264,archived_MAP,601,1.0
pooled,autocorrelation,8,acceleration,0.049024414104823694,archived_MAP,601,1.0
pooled,autocorrelation,8,steering,0.012198460730822949,archived_MAP,601,1.0
pooled,past_input,8,yaw,0.09312600982090445,archived_MAP,601,1.0
pooled,past_input,8,acceleration,0.05626257211341538,archived_MAP,601,1.0
pooled,past_input,8,steering,-0.020414206937565346,archived_MAP,601,1.0
pooled,autocorrelation,9,yaw,0.07366755346339714,archived_MAP,601,1.0
pooled,autocorrelation,9,acceleration,0.05134891049085749,archived_MAP,601,1.0
pooled,autocorrelation,9,steering,0.014990565654033857,archived_MAP,601,1.0
pooled,past_input,9,yaw,0.08588038455636761,archived_MAP,601,1.0
pooled,past_input,9,acceleration,0.045752077867665684,archived_MAP,601,1.0
pooled,past_input,9,steering,-0.02064152532137418,archived_MAP,601,1.0
pooled,autocorrelation,10,yaw,0.0926926574444214,archived_MAP,601,1.0
pooled,autocorrelation,10,acceleration,0.07132835220572831,archived_MAP,601,1.0
pooled,autocorrelation,10,steering,0.01603797022658085,archived_MAP,601,1.0
pooled,past_input,10,yaw,0.08078274836459193,archived_MAP,601,1.0
pooled,past_input,10,acceleration,0.038042832864017606,archived_MAP,601,1.0
pooled,past_input,10,steering,-0.012017526988800774,archived_MAP,601,1.0
pooled,autocorrelation,11,yaw,0.063682225318962,archived_MAP,601,1.0
pooled,autocorrelation,11,acceleration,0.06523302284862412,archived_MAP,601,1.0
pooled,autocorrelation,11,steering,0.0158756982407634,archived_MAP,601,1.0
pooled,past_input,11,yaw,0.07073198568094163,archived_MAP,601,1.0
pooled,past_input,11,acceleration,0.029494118923680337,archived_MAP,601,1.0
pooled,past_input,11,steering,-0.011088546094493574,archived_MAP,601,1.0
pooled,autocorrelation,12,yaw,0.10202716017095782,archived_MAP,601,1.0
pooled,autocorrelation,12,acceleration,0.06465929736844316,archived_MAP,601,1.0
pooled,autocorrelation,12,steering,0.005231204875612966,archived_MAP,601,1.0
pooled,past_input,12,yaw,0.06614677107618867,archived_MAP,601,1.0
pooled,past_input,12,acceleration,0.01983951631183983,archived_MAP,601,1.0
pooled,past_input,12,steering,-0.0057933491391290995,archived_MAP,601,1.0
pooled,autocorrelation,13,yaw,0.040196192580208095,archived_MAP,601,1.0
pooled,autocorrelation,13,acceleration,0.062363603973003216,archived_MAP,601,1.0
pooled,autocorrelation,13,steering,0.0533436394962021,archived_MAP,601,1.0
pooled,past_input,13,yaw,0.06140144665137512,archived_MAP,601,1.0
pooled,past_input,13,acceleration,0.012443584572891355,archived_MAP,601,1.0
pooled,past_input,13,steering,-0.006108827634784647,archived_MAP,601,1.0
pooled,autocorrelation,14,yaw,0.06580270566687349,archived_MAP,601,1.0
pooled,autocorrelation,14,acceleration,0.046746640919014315,archived_MAP,601,1.0
pooled,autocorrelation,14,steering,0.0027224614228151473,archived_MAP,601,1.0
pooled,past_input,14,yaw,0.05240081432812553,archived_MAP,601,1.0
pooled,past_input,14,acceleration,0.007306192957642949,archived_MAP,601,1.0
pooled,past_input,14,steering,-0.0012124335409371809,archived_MAP,601,1.0
pooled,autocorrelation,15,yaw,0.08011005359446055,archived_MAP,601,1.0
pooled,autocorrelation,15,acceleration,0.05961705802581287,archived_MAP,601,1.0
pooled,autocorrelation,15,steering,0.021092514538920252,archived_MAP,601,1.0
pooled,past_input,15,yaw,0.052885669990043835,archived_MAP,601,1.0
pooled,past_input,15,acceleration,0.00037833262500970734,archived_MAP,601,1.0
pooled,past_input,15,steering,0.0025642563446796477,archived_MAP,601,1.0
pooled,autocorrelation,16,yaw,0.06278182912203127,archived_MAP,601,1.0
pooled,autocorrelation,16,acceleration,0.04181889807157373,archived_MAP,601,1.0
pooled,autocorrelation,16,steering,-0.00198538341586293,archived_MAP,601,1.0
pooled,past_input,16,yaw,0.04126859969170073,archived_MAP,601,1.0
pooled,past_input,16,acceleration,-0.011666880939000092,archived_MAP,601,1.0
pooled,past_input,16,steering,0.006426172631800267,archived_MAP,601,1.0
pooled,autocorrelation,17,yaw,0.0275921722760805,archived_MAP,601,1.0
pooled,autocorrelation,17,acceleration,0.049942582565599344,archived_MAP,601,1.0
pooled,autocorrelation,17,steering,0.040968915807631574,archived_MAP,601,1.0
pooled,past_input,17,yaw,0.03710129514850716,archived_MAP,601,1.0
pooled,past_input,17,acceleration,-0.018940759978698297,archived_MAP,601,1.0
pooled,past_input,17,steering,0.007816467246925857,archived_MAP,601,1.0
pooled,autocorrelation,18,yaw,0.10457275210527557,archived_MAP,601,1.0
pooled,autocorrelation,18,acceleration,0.03592701845302778,archived_MAP,601,1.0
pooled,autocorrelation,18,steering,0.02950892229030671,archived_MAP,601,1.0
pooled,past_input,18,yaw,0.034758900274753854,archived_MAP,601,1.0
pooled,past_input,18,acceleration,-0.023745366938359543,archived_MAP,601,1.0
pooled,past_input,18,steering,0.013432835321738763,archived_MAP,601,1.0
pooled,autocorrelation,19,yaw,0.03952642851417688,archived_MAP,601,1.0
pooled,autocorrelation,19,acceleration,0.047222551812842135,archived_MAP,601,1.0
pooled,autocorrelation,19,steering,-0.0359001377764276,archived_MAP,601,1.0
pooled,past_input,19,yaw,0.028497816963977015,archived_MAP,601,1.0
pooled,past_input,19,acceleration,-0.03211629192047751,archived_MAP,601,1.0
pooled,past_input,19,steering,0.015981745269580242,archived_MAP,601,1.0
pooled,autocorrelation,20,yaw,0.07482103994695158,archived_MAP,601,1.0
pooled,autocorrelation,20,acceleration,0.053292234964711714,archived_MAP,601,1.0
pooled,autocorrelation,20,steering,0.043606479718785826,archived_MAP,601,1.0
pooled,past_input,20,yaw,0.023293885454515915,archived_MAP,601,1.0
pooled,past_input,20,acceleration,-0.041064570397141696,archived_MAP,601,1.0
pooled,past_input,20,steering,0.020244663803722484,archived_MAP,601,1.0
within_record,autocorrelation,1,yaw,-0.30311834111038416,archived_MAP,601,1.0
within_record,autocorrelation,1,acceleration,-0.1645931801938989,archived_MAP,601,1.0
within_record,autocorrelation,1,steering,-0.3997129587103509,archived_MAP,601,1.0
within_record,past_input,1,yaw,0.10565002012497357,archived_MAP,601,1.0
within_record,past_input,1,acceleration,0.1324239636272288,archived_MAP,601,1.0
within_record,past_input,1,steering,-0.049619739742290454,archived_MAP,601,1.0
within_record,autocorrelation,2,yaw,-0.03359618711817905,archived_MAP,601,1.0
within_record,autocorrelation,2,acceleration,-0.09320803405710114,archived_MAP,601,1.0
within_record,autocorrelation,2,steering,-0.04948106501129522,archived_MAP,601,1.0
within_record,past_input,2,yaw,0.09735222236761501,archived_MAP,601,1.0
within_record,past_input,2,acceleration,0.1266261237625086,archived_MAP,601,1.0
within_record,past_input,2,steering,-0.04515692706139221,archived_MAP,601,1.0
within_record,autocorrelation,3,yaw,0.061403903908841595,archived_MAP,601,1.0
within_record,autocorrelation,3,acceleration,0.016288972951840387,archived_MAP,601,1.0
within_record,autocorrelation,3,steering,0.014544266272706292,archived_MAP,601,1.0
within_record,past_input,3,yaw,0.09189741042501637,archived_MAP,601,1.0
within_record,past_input,3,acceleration,0.12230891733968148,archived_MAP,601,1.0
within_record,past_input,3,steering,-0.042936011883417786,archived_MAP,601,1.0
within_record,autocorrelation,4,yaw,0.03655757603083237,archived_MAP,601,1.0
within_record,autocorrelation,4,acceleration,0.05106535153071829,archived_MAP,601,1.0
within_record,autocorrelation,4,steering,0.019475964184411745,archived_MAP,601,1.0
within_record,past_input,4,yaw,0.08376191975603439,archived_MAP,601,1.0
within_record,past_input,4,acceleration,0.11686996405142341,archived_MAP,601,1.0
within_record,past_input,4,steering,-0.03889877256734593,archived_MAP,601,1.0
within_record,autocorrelation,5,yaw,0.05799138874395161,archived_MAP,601,1.0
within_record,autocorrelation,5,acceleration,0.043085683064269104,archived_MAP,601,1.0
within_record,autocorrelation,5,steering,0.02076022443497807,archived_MAP,601,1.0
within_record,past_input,5,yaw,0.07679303944647943,archived_MAP,601,1.0
within_record,past_input,5,acceleration,0.10849996435413242,archived_MAP,601,1.0
within_record,past_input,5,steering,-0.037650193190567095,archived_MAP,601,1.0
within_record,autocorrelation,6,yaw,0.08349332304778548,archived_MAP,601,1.0
within_record,autocorrelation,6,acceleration,0.07689030863128424,archived_MAP,601,1.0
within_record,autocorrelation,6,steering,0.001339819725353667,archived_MAP,601,1.0
within_record,past_input,6,yaw,0.07302591956665848,archived_MAP,601,1.0
within_record,past_input,6,acceleration,0.10153032535661319,archived_MAP,601,1.0
within_record,past_input,6,steering,-0.029306367091454157,archived_MAP,601,1.0
within_record,autocorrelation,7,yaw,0.051671845788275314,archived_MAP,601,1.0
within_record,autocorrelation,7,acceleration,0.06685568373735129,archived_MAP,601,1.0
within_record,autocorrelation,7,steering,0.04654806759058064,archived_MAP,601,1.0
within_record,past_input,7,yaw,0.06035759802240485,archived_MAP,601,1.0
within_record,past_input,7,acceleration,0.09605042121560146,archived_MAP,601,1.0
within_record,past_input,7,steering,-0.02658249403000365,archived_MAP,601,1.0
within_record,autocorrelation,8,yaw,0.049469915649330815,archived_MAP,601,1.0
within_record,autocorrelation,8,acceleration,0.0360969478999136,archived_MAP,601,1.0
within_record,autocorrelation,8,steering,0.007068202455536309,archived_MAP,601,1.0
within_record,past_input,8,yaw,0.05086079611105036,archived_MAP,601,1.0
within_record,past_input,8,acceleration,0.09144171534429837,archived_MAP,601,1.0
within_record,past_input,8,steering,-0.023252462498088607,archived_MAP,601,1.0
within_record,autocorrelation,9,yaw,0.04604156473656319,archived_MAP,601,1.0
within_record,autocorrelation,9,acceleration,0.038140359039918866,archived_MAP,601,1.0
within_record,autocorrelation,9,steering,0.009778535127366482,archived_MAP,601,1.0
within_record,past_input,9,yaw,0.042192265096135544,archived_MAP,601,1.0
within_record,past_input,9,acceleration,0.07942744433149651,archived_MAP,601,1.0
within_record,past_input,9,steering,-0.024521084387790163,archived_MAP,601,1.0
within_record,autocorrelation,10,yaw,0.06598258783284645,archived_MAP,601,1.0
within_record,autocorrelation,10,acceleration,0.05824904679651299,archived_MAP,601,1.0
within_record,autocorrelation,10,steering,0.010388729114638881,archived_MAP,601,1.0
within_record,past_input,10,yaw,0.03586658596630404,archived_MAP,601,1.0
within_record,past_input,10,acceleration,0.07240813901443421,archived_MAP,601,1.0
within_record,past_input,10,steering,-0.013753104006454108,archived_MAP,601,1.0
within_record,autocorrelation,11,yaw,0.035980928739611555,archived_MAP,601,1.0
within_record,autocorrelation,11,acceleration,0.05212982938767124,archived_MAP,601,1.0
within_record,autocorrelation,11,steering,0.010464824525826937,archived_MAP,601,1.0
within_record,past_input,11,yaw,0.02092048856799329,archived_MAP,601,1.0
within_record,past_input,11,acceleration,0.06450212024747902,archived_MAP,601,1.0
within_record,past_input,11,steering,-0.013582790678997205,archived_MAP,601,1.0
within_record,autocorrelation,12,yaw,0.07497402397028133,archived_MAP,601,1.0
within_record,autocorrelation,12,acceleration,0.05107640636032847,archived_MAP,601,1.0
within_record,autocorrelation,12,steering,-0.00012469181371441978,archived_MAP,601,1.0
within_record,past_input,12,yaw,0.014832845936522324,archived_MAP,601,1.0
within_record,past_input,12,acceleration,0.05335519918671466,archived_MAP,601,1.0
within_record,past_input,12,steering,-0.008295903708076367,archived_MAP,601,1.0
within_record,autocorrelation,13,yaw,0.01088851660961433,archived_MAP,601,1.0
within_record,autocorrelation,13,acceleration,0.048378570771253786,archived_MAP,601,1.0
within_record,autocorrelation,13,steering,0.04818892714376095,archived_MAP,601,1.0
within_record,past_input,13,yaw,0.0069688818741288645,archived_MAP,601,1.0
within_record,past_input,13,acceleration,0.046691413906127965,archived_MAP,601,1.0
within_record,past_input,13,steering,-0.005615625489073915,archived_MAP,601,1.0
within_record,autocorrelation,14,yaw,0.03701504809002634,archived_MAP,601,1.0
within_record,autocorrelation,14,acceleration,0.03276572775070822,archived_MAP,601,1.0
within_record,autocorrelation,14,steering,-0.0028846758146006367,archived_MAP,601,1.0
within_record,past_input,14,yaw,-0.00643486269618413,archived_MAP,601,1.0
within_record,past_input,14,acceleration,0.041320650762875555,archived_MAP,601,1.0
within_record,past_input,14,steering,-0.0020381647677057747,archived_MAP,601,1.0
within_record,autocorrelation,15,yaw,0.05109069664017089,archived_MAP,601,1.0
within_record,autocorrelation,15,acceleration,0.04618798109630366,archived_MAP,601,1.0
within_record,autocorrelation,15,steering,0.01541505178135436,archived_MAP,601,1.0
within_record,past_input,15,yaw,-0.0074232956302466655,archived_MAP,601,1.0
within_record,past_input,15,acceleration,0.033635093002920516,archived_MAP,601,1.0
within_record,past_input,15,steering,0.0021276786375071834,archived_MAP,601,1.0
within_record,autocorrelation,16,yaw,0.03400268857435801,archived_MAP,601,1.0
within_record,autocorrelation,16,acceleration,0.02802068016189487,archived_MAP,601,1.0
within_record,autocorrelation,16,steering,-0.007799275762270814,archived_MAP,601,1.0
within_record,past_input,16,yaw,-0.020947291083713675,archived_MAP,601,1.0
within_record,past_input,16,acceleration,0.019544100376141203,archived_MAP,601,1.0
within_record,past_input,16,steering,0.00667816893159747,archived_MAP,601,1.0
within_record,autocorrelation,17,yaw,-0.0020469839825095868,archived_MAP,601,1.0
within_record,autocorrelation,17,acceleration,0.03618955019503715,archived_MAP,601,1.0
within_record,autocorrelation,17,steering,0.035797747497727635,archived_MAP,601,1.0
within_record,past_input,17,yaw,-0.028543627592610452,archived_MAP,601,1.0
within_record,past_input,17,acceleration,0.012895960264222892,archived_MAP,601,1.0
within_record,past_input,17,steering,0.007766248310645848,archived_MAP,601,1.0
within_record,autocorrelation,18,yaw,0.07802345517735053,archived_MAP,601,1.0
within_record,autocorrelation,18,acceleration,0.022424871506383233,archived_MAP,601,1.0
within_record,autocorrelation,18,steering,0.024313093921216927,archived_MAP,601,1.0
within_record,past_input,18,yaw,-0.03174237445855463,archived_MAP,601,1.0
within_record,past_input,18,acceleration,0.006798963570547889,archived_MAP,601,1.0
within_record,past_input,18,steering,0.012963810971784919,archived_MAP,601,1.0
within_record,autocorrelation,19,yaw,0.010410913301217255,archived_MAP,601,1.0
within_record,autocorrelation,19,acceleration,0.033801388398680965,archived_MAP,601,1.0
within_record,autocorrelation,19,steering,-0.04128496673872719,archived_MAP,601,1.0
within_record,past_input,19,yaw,-0.04205656880571126,archived_MAP,601,1.0
within_record,past_input,19,acceleration,-0.0008950470460737594,archived_MAP,601,1.0
within_record,past_input,19,steering,0.016959716333784382,archived_MAP,601,1.0
within_record,autocorrelation,20,yaw,0.04599520121465702,archived_MAP,601,1.0
within_record,autocorrelation,20,acceleration,0.03975629687232472,archived_MAP,601,1.0
within_record,autocorrelation,20,steering,0.038535893434572865,archived_MAP,601,1.0
within_record,past_input,20,yaw,-0.04950015911695138,archived_MAP,601,1.0
within_record,past_input,20,acceleration,-0.009719466889924993,archived_MAP,601,1.0
within_record,past_input,20,steering,0.022897310227658053,archived_MAP,601,1.0
