seed,process_noise_scale,scenario,case,replay_observer,tracking_rmse_deg_s,beta_rmse_deg,yaw_rmse_deg_s,front_force_rmse,rear_force_rmse,applied_steer_rmse_deg,command_rms_deg,command_beta_rms_deg,command_yaw_rate_rms_deg,command_front_force_per_mass_rms_deg,command_rear_force_per_mass_rms_deg,command_applied_steering_rms_deg,command_total_rms_deg,command_joint_force_rms_deg,moment_00_rad2,moment_01_rad2,moment_02_rad2,moment_03_rad2,moment_04_rad2,moment_10_rad2,moment_11_rad2,moment_12_rad2,moment_13_rad2,moment_14_rad2,moment_20_rad2,moment_21_rad2,moment_22_rad2,moment_23_rad2,moment_24_rad2,moment_30_rad2,moment_31_rad2,moment_32_rad2,moment_33_rad2,moment_34_rad2,moment_40_rad2,moment_41_rad2,moment_42_rad2,moment_43_rad2,moment_44_rad2
601,0.01,broadband,learned_with_learned_kf,learned,0.15342651744602498,0.030822970414641875,0.03002677568633465,0.04608892993000181,0.044149963344173496,0.009240091117773016,0.28531966180615925,0.06278914709850222,0.269406610770755,0.46517362852378047,2.726107850891455,0.09544206604837287,3.3097036664872,3.1585656635331967,1.9541599790577033e-06,-1.6202850381578979e-06,-8.695847229023598e-06,-5.21507072024785e-05,2.909074511393067e-08,-1.6202850381578979e-06,3.194987523700228e-05,1.762301332635628e-05,8.92321714780889e-05,-4.399500453791668e-07,-8.695847229023598e-06,1.762301332635628e-05,0.0003078890184993753,0.0020368428428449124,3.569493730299739e-06,-5.21507072024785e-05,8.92321714780889e-05,0.0020368428428449124,0.01384077486115005,2.4169833357212317e-05,2.909074511393067e-08,-4.399500453791668e-07,3.569493730299739e-06,2.4169833357212317e-05,3.311788572802652e-06
601,0.01,broadband,learned_with_learned_kf,nominal,0.15342651744602498,0.041332604422350164,0.04678610758576686,0.02412079992596676,0.01255941227155109,0.013309316378301364,0.28531966180615925,0.08545538045165232,0.4224923403573637,0.1635010870993793,0.24523513352884024,0.1364494666973945,0.6564578261544671,0.300724366645965,3.850177316709012e-06,1.703656397491228e-06,1.1469874532050232e-06,4.372969516546947e-06,-1.2629758131038768e-06,1.703656397491228e-06,7.303054005658277e-05,2.5986155068022345e-05,-9.779471987971455e-06,-4.69055585097073e-06,1.1469874532050232e-06,2.5986155068022345e-05,1.833800987156235e-05,-4.1445386909567916e-07,5.690175755410507e-08,4.372969516546947e-06,-9.779471987971455e-06,-4.1445386909567916e-07,6.439174070369823e-05,2.1598646883685043e-06,-1.2629758131038768e-06,-4.69055585097073e-06,5.690175755410507e-08,2.1598646883685043e-06,6.631293616508695e-06
601,0.01,broadband,learned_with_learned_kf,oracle,0.15342651744602498,0.00217990502236225,0.01140946533689067,0.004384120806931411,0.0025324097471389447,0.00539435530255664,0.28531966180615925,0.00526483825650325,0.10182724724658528,0.03412534418609014,0.06536682852084015,0.055401570022854216,0.17610570275799098,0.06292776207830893,1.3253087846587923e-08,3.4970101819575544e-08,-2.8986082271609388e-08,1.6613213331937084e-07,8.507439130789954e-09,3.4970101819575544e-08,3.499584110278303e-06,2.814598836453879e-07,2.107930679475566e-07,6.862568361171972e-07,-2.8986082271609388e-08,2.814598836453879e-07,6.099086933117337e-07,-6.954146975853156e-07,4.4319150724709026e-07,1.6613213331937084e-07,2.107930679475566e-07,-6.954146975853156e-07,4.410330212045339e-06,3.259236160189137e-09,8.507439130789954e-09,6.862568361171972e-07,4.4319150724709026e-07,3.259236160189137e-09,1.0155343182629256e-06
601,0.01,broadband,nominal_with_nominal_kf,learned,0.1585231138831473,0.030728841342054492,0.029676757973306746,0.04612565525717137,0.04392018892543268,0.009213086643014609,0.2809977278687999,0.12575279718689458,0.32270086913472984,0.528483029412557,0.4728471855521642,0.10019014463922722,1.1341608261407077,0.9538709591795745,5.859853296763059e-06,1.932112789941112e-07,-6.2859524524822094e-06,-5.633141667499871e-06,-1.022544399274953e-06,1.932112789941112e-07,4.0079437410083774e-05,2.3555010096062174e-05,9.175535893279506e-06,-8.631042627521843e-07,-6.2859524524822094e-06,2.3555010096062174e-05,0.00017899131523504297,0.0001636066300916209,4.057186884816845e-06,-5.633141667499871e-06,9.175535893279506e-06,0.0001636066300916209,0.00016652766931193948,4.962577185491688e-06,-1.022544399274953e-06,-8.631042627521843e-07,4.057186884816845e-06,4.962577185491688e-06,3.368565082890989e-06
601,0.01,broadband,nominal_with_nominal_kf,nominal,0.1585231138831473,0.04120337366314916,0.04673189360095192,0.02448042806587378,0.012560025792587309,0.01372789016336048,0.2809977278687999,0.1685624841390452,0.5071682677266723,0.2869848977704864,0.13618986763438365,0.14975604783870053,0.7543070417671636,0.2807448759983411,1.0403530682229333e-05,8.025969812273054e-06,1.387019729073668e-06,-9.85536027125954e-07,-4.558116301833465e-06,8.025969812273054e-06,8.832434659340139e-05,3.829224150135867e-05,-6.774861475863906e-06,-5.7888839027653485e-06,1.387019729073668e-06,3.829224150135867e-05,2.8656990425000353e-05,-4.027199700987648e-06,8.126526587719456e-07,-9.85536027125954e-07,-6.774861475863906e-06,-4.027199700987648e-06,6.136939308818516e-06,2.9091280673047837e-06,-4.558116301833465e-06,-5.7888839027653485e-06,8.126526587719456e-07,2.9091280673047837e-06,7.560026133322042e-06
601,0.01,broadband,nominal_with_nominal_kf,oracle,0.1585231138831473,0.00217990502236225,0.01140946533689067,0.004384120806931411,0.00253240974713894,0.00539435530255665,0.2809977278687999,0.009214193266163009,0.12529659139581087,0.05892993351108573,0.03318785935603911,0.05741709524943887,0.19252621121082064,0.051157999073018524,2.6193698466726227e-08,9.4520529023804e-08,-6.123398958743981e-08,8.509394750952352e-08,2.348499107530894e-08,9.4520529023804e-08,4.799004255762254e-06,5.347818354680638e-07,3.787915943101002e-08,8.606809680642005e-07,-6.123398958743981e-08,5.347818354680638e-07,1.0824264095498834e-06,-3.042551234732096e-07,7.539611342547649e-07,8.509394750952352e-08,3.787915943101002e-08,-3.042551234732096e-07,3.391514771355484e-07,6.212691693174571e-09,2.348499107530894e-08,8.606809680642005e-07,7.539611342547649e-07,6.212691693174571e-09,1.0252954421214573e-06
601,0.01,transient,learned_with_learned_kf,learned,0.14188353782897578,0.05321558607590264,0.042002943968590896,0.07663491721622515,0.07140027292820346,0.01070482716343526,0.5228119088799555,0.11803451846703013,0.37541597928122666,0.9483902027001975,5.480736350430194,0.10785678521271924,6.557335270793077,6.387463774734706,6.419343109134304e-06,-6.96822124457212e-06,2.866755662817004e-05,0.00020676585412618287,8.640488256961006e-07,-6.96822124457212e-06,7.110556267170273e-05,1.9841151303494163e-05,5.972687665735419e-05,-6.929857276336269e-06,2.866755662817004e-05,1.9841151303494163e-05,0.0012770080970428792,0.008407330502005836,3.2234084508880195e-06,0.00020676585412618287,5.972687665735419e-05,0.008407330502005836,0.0561575358702797,2.323067733125437e-05,8.640488256961006e-07,-6.929857276336269e-06,3.2234084508880195e-06,2.323067733125437e-05,4.299020598212588e-06
601,0.01,transient,learned_with_learned_kf,nominal,0.14188353782897578,0.06945691815252727,0.07167476396719394,0.033731720184525096,0.014585282123188706,0.015753467112740373,0.5228119088799555,0.15264786961933616,0.6563021925513388,0.288402070801567,0.4706859950043675,0.15814236364448295,1.1676908669103958,0.6222321044342365,1.1351558543268731e-05,1.6957173685429415e-05,1.2258018906254988e-05,1.7898306251707672e-05,-2.877757455297318e-06,1.6957173685429415e-05,0.00020098956211064026,8.336305306987252e-05,-1.0980506487055438e-05,-2.319159474690786e-05,1.2258018906254988e-05,8.336305306987252e-05,6.0903744186799284e-05,2.667230142545824e-05,-3.955416562909977e-06,1.7898306251707672e-05,-1.0980506487055438e-05,2.667230142545824e-05,0.0003030286396203464,-1.915098644856159e-06,-2.877757455297318e-06,-2.319159474690786e-05,-3.955416562909977e-06,-1.915098644856159e-06,9.225428748218102e-06
601,0.01,transient,learned_with_learned_kf,oracle,0.14188353782897578,0.00202394824270731,0.011089035293127705,0.00435758512970779,0.00240135782554332,0.00554500307220332,0.5228119088799555,0.005089522766640825,0.10046206488038037,0.03812765444831373,0.06954937722110324,0.05600728517214408,0.1772863478762256,0.06726009751698324,1.1970556251005683e-08,3.495257327910967e-08,-2.9067150950135478e-08,1.6506625365566176e-07,5.455759899179578e-09,3.495257327910967e-08,3.4307325285469705e-06,2.3563188913421748e-07,3.4638968645321127e-07,5.755145254152305e-07,-2.9067150950135478e-08,2.3563188913421748e-07,7.611961358604976e-07,-8.439261801013466e-07,4.937298336084905e-07,1.6506625365566176e-07,3.4638968645321127e-07,-8.439261801013466e-07,4.989306576793525e-06,1.8166780126783504e-09,5.455759899179578e-09,5.755145254152305e-07,4.937298336084905e-07,1.8166780126783504e-09,1.0347559082163036e-06
601,0.01,transient,nominal_with_nominal_kf,learned,0.14530132633657492,0.05310196716100153,0.04184115551362079,0.07654917380956741,0.07113727152476249,0.010675857347796015,0.5183189364329465,0.22965854342067504,0.4628679012171612,1.066220159020643,0.9545517958218521,0.11162202334340035,2.2473732940637996,1.9697507907204184,1.8638586727093715e-05,1.3204243634271714e-05,2.6227413336035386e-05,2.2244125582164573e-05,-2.960381988132228e-06,1.3204243634271714e-05,9.29371555084162e-05,4.692013703310422e-05,8.891100053024032e-06,-8.872368297055868e-06,2.6227413336035386e-05,4.692013703310422e-05,0.0007872160999461769,0.0007293499034732839,2.1295653394207273e-06,2.2244125582164573e-05,8.891100053024032e-06,0.0007293499034732839,0.0007105970779764019,4.113277145641012e-06,-2.960381988132228e-06,-8.872368297055868e-06,2.1295653394207273e-06,4.113277145641012e-06,4.289020137003839e-06
601,0.01,transient,nominal_with_nominal_kf,nominal,0.14530132633657492,0.06931058974384992,0.07148145710740367,0.033979825517682874,0.01456897709323136,0.016055642729463408,0.5183189364329465,0.29850748358946044,0.7893562360810596,0.4743208840182519,0.20010378876754994,0.16822831259488752,1.2963128586126773,0.48485193291095124,3.246402557015911e-05,5.705732082372055e-05,2.2667689856332796e-05,2.713212844063317e-07,-1.1295264713393071e-05,5.705732082372055e-05,0.00023746729250270936,0.00011080158365775193,-1.3246377335253902e-05,-2.6357929868598e-05,2.2667689856332796e-05,0.00011080158365775193,8.073388354040137e-05,-3.7881967694107894e-06,-4.383696014745546e-06,2.713212844063317e-07,-1.3246377335253902e-05,-3.7881967694107894e-06,1.3665698243044705e-05,-1.985687178588876e-07,-1.1295264713393071e-05,-2.6357929868598e-05,-4.383696014745546e-06,-1.985687178588876e-07,9.816616658804971e-06
601,0.01,transient,nominal_with_nominal_kf,oracle,0.14530132633657492,0.0020239482427073198,0.0110890352931277,0.00435758512970779,0.00240135782554332,0.00554500307220331,0.5183189364329465,0.00880198719761933,0.12296415807358774,0.06451370776580671,0.03521954003694302,0.05740659010910053,0.19246535973525847,0.057104888466086835,2.4083964822281507e-08,1.0272300942060041e-07,-5.478137930046388e-08,8.520861348395471e-08,2.3825369134619494e-08,1.0272300942060041e-07,4.618371396123894e-06,5.072474125205604e-07,6.260205676492847e-08,7.469236185934704e-07,-5.478137930046388e-08,5.072474125205604e-07,1.287314565959879e-06,-3.289357889623987e-07,8.323004194318659e-07,8.520861348395471e-08,6.260205676492847e-08,-3.289357889623987e-07,3.817594160398832e-07,9.431296383358294e-09,2.3825369134619494e-08,7.469236185934704e-07,8.323004194318659e-07,9.431296383358294e-09,1.0228404950539901e-06
601,1.0,broadband,learned_with_learned_kf,learned,0.1498688579705513,0.038445562530050326,0.025729285167147842,0.039185937963077636,0.03571910397829086,0.018070818340155743,0.5880104911351177,0.19979556096844794,0.2425532535702962,0.4461463541970674,0.2855264176239631,0.1707353309599707,0.9348515692037426,0.6794049092872214,3.1456855981964886e-05,3.0926079480999963e-06,5.3137871929083185e-05,1.7148854921590687e-05,1.2793913057056527e-07,3.0926079480999963e-06,1.945283237091e-05,8.55142874555521e-06,4.224027609318129e-06,6.971180789760695e-08,5.3137871929083185e-05,8.55142874555521e-06,0.00017784619034067216,4.705444992742004e-05,5.28326449539956e-07,1.7148854921590687e-05,4.224027609318129e-06,4.705444992742004e-05,4.08935205618016e-05,1.0027777441478696e-07,1.2793913057056527e-07,6.971180789760695e-08,5.28326449539956e-07,1.0027777441478696e-07,9.236010683236489e-06
601,1.0,broadband,learned_with_learned_kf,nominal,0.1498688579705513,0.051885603886511034,0.02590451307300392,0.024440049581294206,0.02002904145101477,0.01830887730691391,0.5880104911351177,0.26933403370157605,0.2441065156067884,0.3324711560297805,0.20649670155290006,0.17230505493414816,0.7981986200900751,0.47143916567166083,5.015775893286679e-05,3.722408864182292e-06,2.938082606021724e-05,1.3463548010783836e-05,-3.364404751288908e-07,3.722408864182292e-06,1.9725404262479854e-05,5.882237212501192e-06,4.5307242377003855e-06,-7.615312617410351e-09,2.938082606021724e-05,5.882237212501192e-06,9.29480233123464e-05,2.0329910583541398e-05,8.392676712258219e-07,1.3463548010783836e-05,4.5307242377003855e-06,2.0329910583541398e-05,2.4805063767142226e-05,-2.0188771308858043e-07,-3.364404751288908e-07,-7.615312617410351e-09,8.392676712258219e-07,-2.0188771308858043e-07,9.359921205702706e-06
601,1.0,broadband,learned_with_learned_kf,oracle,0.1498688579705513,0.011678606187896439,0.025240692426517768,0.011568567997253181,0.01099494883270701,0.01806790431950292,0.5880104911351177,0.05786522973377469,0.23797008763184233,0.12693426645076678,0.11074921598960523,0.17071006673014566,0.3443880833299448,0.115576424077707,1.5552322480554583e-06,1.019654164826979e-07,-1.9381774184649194e-06,1.438496958876096e-06,8.030182931721806e-08,1.019654164826979e-07,1.8741013781717123e-05,5.010473000575164e-07,9.296178113288757e-07,4.915543864899236e-08,-1.9381774184649194e-06,5.010473000575164e-07,7.194116116710615e-06,-3.7560000605776904e-06,4.577751135234352e-07,1.438496958876096e-06,9.296178113288757e-07,-3.7560000605776904e-06,6.03746598510946e-06,1.2284878217339934e-07,8.030182931721806e-08,4.915543864899236e-08,4.577751135234352e-07,1.2284878217339934e-07,9.233377823813429e-06
601,1.0,broadband,nominal_with_nominal_kf,learned,0.15590840247839766,0.03591304366192578,0.0254563627318475,0.033590025304864775,0.03284768706851192,0.01807560304204856,0.5892984737406795,0.14818561267701688,0.2800525735725132,0.39766033605594264,0.37043588313888937,0.19211292174473224,0.8912600908979806,0.7008541674355987,8.042164321456532e-06,4.870643973808926e-07,6.331560931269877e-06,9.3496150259198e-06,6.958837421371051e-08,4.870643973808926e-07,2.390377766950675e-05,3.1743769198977946e-06,3.2459174024670632e-06,4.31091727721957e-08,6.331560931269877e-06,3.1743769198977946e-06,5.63296182436945e-05,3.955910585999696e-05,1.0437358915385164e-06,9.3496150259198e-06,3.2459174024670632e-06,3.955910585999696e-05,4.919777833022145e-05,4.981920407327467e-07,6.958837421371051e-08,4.31091727721957e-08,1.0437358915385164e-06,4.981920407327467e-07,1.1245810340622337e-05
601,1.0,broadband,nominal_with_nominal_kf,nominal,0.15590840247839766,0.05049982043395358,0.025749604260664076,0.02049919966941912,0.01803754884545618,0.01830832101729376,0.5892984737406795,0.20751099614842228,0.2832022465395577,0.25623854290657955,0.21526505501949705,0.19464064630461814,0.6703619054141272,0.3698886521188663,1.5766906131526723e-05,2.1170024666557713e-06,4.7966915510460774e-06,7.907190165446192e-06,2.9053008771111248e-08,2.1170024666557713e-06,2.4445482534077942e-05,3.955748616443364e-06,3.51992718881173e-06,9.949798738559321e-08,4.7966915510460774e-06,3.955748616443364e-06,2.1097047213884262e-05,5.526258259477529e-06,1.2623358863815207e-06,7.907190165446192e-06,3.51992718881173e-06,5.526258259477529e-06,1.4689699295258416e-05,3.3854474078015154e-07,2.9053008771111248e-08,9.949798738559321e-08,1.2623358863815207e-06,3.3854474078015154e-07,1.1542849994678587e-05
601,1.0,broadband,nominal_with_nominal_kf,oracle,0.15590840247839766,0.011678606187896439,0.02524069242651778,0.011568567997253181,0.01099494883270701,0.01806790431950292,0.5892984737406795,0.04995606884462348,0.27774774081031894,0.15871843586740178,0.14896513882392343,0.19202519827676878,0.3910826414939091,0.12091318682503449,7.637416541743778e-07,1.0545101722701885e-07,-1.6358317105711807e-06,2.1613904555670673e-06,9.204331716724169e-08,1.0545101722701885e-07,2.350941358170448e-05,5.801236295932013e-07,8.282867095091447e-07,3.068084128485778e-08,-1.6358317105711807e-06,5.801236295932013e-07,7.846765895104237e-06,-4.904197317130985e-06,7.056537190847629e-07,2.1613904555670673e-06,8.282867095091447e-07,-4.904197317130985e-06,6.857730440428397e-06,2.5228196591640337e-07,9.204331716724169e-08,3.068084128485778e-08,7.056537190847629e-07,2.5228196591640337e-07,1.1235231626594366e-05
601,1.0,transient,learned_with_learned_kf,learned,0.1357766402173111,0.06468098534877706,0.025888168567910173,0.058475498857148,0.055052285174994706,0.018347305587945416,0.7364486551532422,0.3350941724431241,0.24586513012009906,0.658062858374684,0.49852133402270987,0.1701523677587656,1.4334627171186187,1.119338839383556,7.542883341069902e-05,4.222421767963026e-06,9.7225894555742e-05,3.066377259636928e-05,1.5258778976892427e-07,4.222421767963026e-06,2.0032130191999766e-05,1.0351957563097956e-05,5.322566646509967e-06,-8.478197100003213e-08,9.7225894555742e-05,1.0351957563097956e-05,0.000267186997401595,0.00011072109605336314,3.933252497699368e-07,3.066377259636928e-05,5.322566646509967e-06,0.00011072109605336314,0.00012982023587309084,1.785629921124369e-07,1.5258778976892427e-07,-8.478197100003213e-08,3.933252497699368e-07,1.785629921124369e-07,9.167732699488271e-06
601,1.0,transient,learned_with_learned_kf,nominal,0.1357766402173111,0.08614708265574328,0.026333013524046867,0.03224343947220402,0.02732940698250681,0.018614322161727096,0.7364486551532422,0.4638069719701553,0.250357250084881,0.4585243334789294,0.3579926307877252,0.17190388311100485,1.231633972571442,0.7609071229372086,0.00013677744717037506,8.725889001571995e-06,6.195747767584494e-05,3.5365766123328485e-05,-1.924835694949304e-07,8.725889001571995e-06,2.0887711964565196e-05,1.0623121362424262e-05,1.1459603745718592e-05,-1.4416129610369492e-07,6.195747767584494e-05,1.0623121362424262e-05,0.00013303621919155852,6.42913081525156e-05,9.553555681971575e-07,3.5365766123328485e-05,1.1459603745718592e-05,6.42913081525156e-05,9.30264335145317e-05,-3.342669866146374e-08,-1.924835694949304e-07,-1.4416129610369492e-07,9.553555681971575e-07,-3.342669866146374e-08,9.307682897553361e-06
601,1.0,transient,learned_with_learned_kf,oracle,0.1357766402173111,0.011641655287791765,0.025305895931738532,0.01131892363695288,0.010781790108000075,0.018337094365746258,0.7364486551532422,0.05968942764250076,0.24047049967146275,0.13598890720004608,0.12113799274255543,0.17005262489305079,0.35266767439095575,0.12344623648875952,1.6395126058790561e-06,1.0237805742012391e-07,-2.029388962895662e-06,1.5740200672755745e-06,1.1534809658696192e-07,1.0237805742012391e-07,1.921720115997205e-05,3.571316099606036e-07,1.4772204709146109e-06,-8.555051281879427e-08,-2.029388962895662e-06,3.571316099606036e-07,8.015239597774023e-06,-4.42019469218881e-06,5.094581521236105e-07,1.5740200672755745e-06,1.4772204709146109e-06,-4.42019469218881e-06,7.255984892260933e-06,1.6248403652920465e-07,1.1534809658696192e-07,-8.555051281879427e-08,5.094581521236105e-07,1.6248403652920465e-07,9.157532802678051e-06
601,1.0,transient,nominal_with_nominal_kf,learned,0.1429798731687753,0.06260807246697554,0.02560245686166937,0.053169796657621546,0.0525369376753196,0.018351923924884432,0.7356027493484627,0.27199214067528094,0.28405646545698776,0.7346995477731382,0.7061092500140257,0.19009375566466258,1.6492803447017952,1.3984334418509017,2.8251845647559943e-05,1.874981354435587e-06,4.0215310861997446e-05,4.302485658069042e-05,2.86949007401265e-07,1.874981354435587e-06,2.45915208460314e-05,6.431572159715326e-06,6.9636663184225355e-06,-4.696012023503956e-08,4.0215310861997446e-05,6.431572159715326e-06,0.0002038441759582745,0.00018119042078288376,1.0560933685518496e-06,4.302485658069042e-05,6.9636663184225355e-06,0.00018119042078288376,0.00018942289572797548,5.874221335344096e-07,2.86949007401265e-07,-4.696012023503956e-08,1.0560933685518496e-06,5.874221335344096e-07,1.1015294336534262e-05
601,1.0,transient,nominal_with_nominal_kf,nominal,0.1429798731687753,0.08501713044204691,0.0261666009731236,0.02764005989956863,0.02513123189250187,0.018578181799926367,0.7356027493484627,0.36794786868783624,0.2902593543526769,0.3923272960384249,0.3505968668199426,0.19242535007007575,1.1089423165037513,0.6624202037846262,5.056409147294649e-05,7.381059198676626e-06,3.1259380512383856e-05,3.42445663381124e-05,3.261157179964555e-07,7.381059198676626e-06,2.5691798549569e-05,8.247652866203318e-06,8.363636619279975e-06,2.070645324617736e-08,3.1259380512383856e-05,8.247652866203318e-06,5.3365371813965225e-05,3.471497169330883e-05,1.3594228065923915e-06,3.42445663381124e-05,8.363636619279975e-06,3.471497169330883e-05,4.477033153636362e-05,5.053185369239858e-07,3.261157179964555e-07,2.070645324617736e-08,1.3594228065923915e-06,5.053185369239858e-07,1.1289389552188768e-05
601,1.0,transient,nominal_with_nominal_kf,oracle,0.1429798731687753,0.01164165528779176,0.025305895931738532,0.01131892363695288,0.01078179010800006,0.018337094365746258,0.7356027493484627,0.050990298246296625,0.2807821706427817,0.17021904411521868,0.16136954909770157,0.18992867026963398,0.39956167116254127,0.130959156160375,7.962797135408104e-07,1.5267450644474973e-07,-1.7850758499017433e-06,2.3905108217369115e-06,1.2362112557788645e-07,1.5267450644474973e-07,2.4026846052878686e-05,3.770282568421407e-07,1.1692343012189635e-06,-6.512559926010927e-08,-1.7850758499017433e-06,3.770282568421407e-07,8.966429307969383e-06,-5.615234526997898e-06,7.882555874542992e-07,2.3905108217369115e-06,1.1692343012189635e-06,-5.615234526997898e-06,8.025808760706145e-06,4.150376949207001e-07,1.2362112557788645e-07,-6.512559926010927e-08,7.882555874542992e-07,4.150376949207001e-07,1.099632613406076e-05
602,0.01,broadband,learned_with_learned_kf,learned,0.17220199321591684,0.029077493314008836,0.026313133027399082,0.0796024574019065,0.08734264274180706,0.01050582391060717,0.2966289478193837,0.12297443152062497,0.2611075093993898,0.9600011537396369,5.830744553666733,0.11117587288321365,6.800118325225578,6.764305774017809,6.867978831462964e-06,1.4224618629181093e-06,9.802973019872038e-07,1.80485782479358e-05,-3.438446024751604e-07,1.4224618629181093e-06,2.6303854744171155e-05,2.1364258786581168e-05,6.765445532707163e-05,-2.31533507127829e-07,9.802973019872038e-07,2.1364258786581168e-05,0.0006701309306728725,0.0034740187488712924,-3.0867434746065857e-06,1.80485782479358e-05,6.765445532707163e-05,0.0034740187488712924,0.022753139228383745,1.1289868514714447e-05,-3.438446024751604e-07,-2.31533507127829e-07,-3.0867434746065857e-06,1.1289868514714447e-05,4.354783219003903e-06
602,0.01,broadband,learned_with_learned_kf,nominal,0.17220199321591684,0.03729956914694792,0.0411637725553438,0.023293242236051354,0.01188426933046856,0.013942849025576295,0.2966289478193837,0.15841638265490526,0.4194467317919628,0.3125850212409074,0.5186575470929247,0.14301916586919453,1.0211556568204674,0.6490275949715731,1.1104713834859498e-05,3.2101289729142556e-06,-7.72944387191255e-07,-2.316700368704681e-06,-3.370626540804242e-06,3.2101289729142556e-06,7.893501123078855e-05,5.04525844180713e-05,2.140939276580654e-06,1.924952584632837e-07,-7.72944387191255e-07,5.04525844180713e-05,4.732535709213858e-05,-3.6172859367846073e-06,3.08731919541952e-06,-2.316700368704681e-06,2.140939276580654e-06,-3.6172859367846073e-06,0.000158845852207055,7.511116250744307e-06,-3.370626540804242e-06,1.924952584632837e-07,3.08731919541952e-06,7.511116250744307e-06,7.011418704597932e-06
602,0.01,broadband,learned_with_learned_kf,oracle,0.17220199321591684,0.00225134239430982,0.011351607968693415,0.00436778961628697,0.002484217934178765,0.00547394484298662,0.2966289478193837,0.009755563056514685,0.11018335286877065,0.0576637920427739,0.11774745130493673,0.0566854485437419,0.22027917802203648,0.12009623954977489,3.320694490503427e-08,5.355788979579329e-08,-5.840227247329045e-08,1.6069999390535858e-07,1.2660691934102835e-08,5.355788979579329e-08,4.069761738459902e-06,5.968134956094085e-07,2.4075263722223325e-07,7.53637376138193e-07,-5.840227247329045e-08,5.968134956094085e-07,1.2980853792759194e-06,-1.1521909189994746e-06,7.258930760256929e-07,1.6069999390535858e-07,2.4075263722223325e-07,-1.1521909189994746e-06,7.511203276669191e-06,1.6178656601484246e-07,1.2660691934102835e-08,7.53637376138193e-07,7.258930760256929e-07,1.6178656601484246e-07,1.0409160065819213e-06
602,0.01,broadband,nominal_with_nominal_kf,learned,0.16867179604796895,0.02926150171287003,0.026594913259733684,0.07956352825114618,0.08733847045104758,0.010475376866660505,0.2782593588401069,0.12031711753139378,0.2891912628874292,0.9039933685573468,0.9394318161006409,0.11389351989725745,1.8623663367543415,1.813956128543084,5.995137454481822e-06,1.7977451702879109e-06,-3.134500061592034e-06,-2.8197185353321948e-06,-1.20103870994932e-06,1.7977451702879109e-06,2.780447458384599e-05,1.076444899019199e-05,2.556575564630036e-06,-9.502163790065148e-07,-3.134500061592034e-06,1.076444899019199e-05,0.00041217608961279276,0.0004154577656482293,4.770009688768818e-06,-2.8197185353321948e-06,2.556575564630036e-06,0.0004154577656482293,0.00044015998002403217,4.997194797271166e-06,-1.20103870994932e-06,-9.502163790065148e-07,4.770009688768818e-06,4.997194797271166e-06,4.283998061138734e-06
602,0.01,broadband,nominal_with_nominal_kf,nominal,0.16867179604796895,0.03757410994937273,0.04209328855911458,0.02387323167464306,0.0120594082456316,0.014347421742538299,0.2782593588401069,0.1537923374332635,0.4572030524867031,0.28045981171660883,0.13156811584387906,0.1561957288791899,0.7407244956603563,0.29611312440407656,8.563012725257049e-06,4.106919392938298e-06,-1.1796441105953627e-07,-9.302345794473621e-07,-3.7622495701600835e-06,4.106919392938298e-06,7.65660009760668e-05,3.478455675321e-05,-2.886430971390066e-06,-1.1196211548742525e-06,-1.1796441105953627e-07,3.478455675321e-05,2.651355646862644e-05,-2.155559349708256e-06,2.7197568805227384e-06,-9.302345794473621e-07,-2.886430971390066e-06,-2.155559349708256e-06,5.6516958094494534e-06,2.7658426877834976e-06,-3.7622495701600835e-06,-1.1196211548742525e-06,2.7197568805227384e-06,2.7658426877834976e-06,8.378781711228756e-06
602,0.01,broadband,nominal_with_nominal_kf,oracle,0.16867179604796895,0.00225134239430983,0.01135160796869341,0.00436778961628696,0.0024842179341787703,0.00547394484298662,0.2782593588401069,0.00954507263696043,0.124702547872047,0.05918215146807358,0.03275552979032756,0.05807950481332193,0.19364063625593714,0.052178265388442044,2.828321721215125e-08,8.731306205013887e-08,-5.72904712072374e-08,8.695320977324035e-08,2.989838517311498e-08,8.731306205013887e-08,4.754697194066286e-06,5.77184126283841e-07,1.624573259337374e-08,8.642362031570048e-07,-5.72904712072374e-08,5.77184126283841e-07,1.0835668495342542e-06,-2.846295433619356e-07,7.696418195125559e-07,8.695320977324035e-08,1.624573259337374e-08,-2.846295433619356e-07,3.302701078916777e-07,2.165901339389168e-08,2.989838517311498e-08,8.642362031570048e-07,7.696418195125559e-07,2.165901339389168e-08,1.0469669554634155e-06
602,0.01,transient,learned_with_learned_kf,learned,0.1592638422940307,0.05322432790375257,0.03655567635279214,0.14013959297632192,0.14530549416170058,0.011835635149967976,0.5208667720716024,0.23312471054538939,0.3696809003955043,2.0003953911705006,11.799536731046816,0.12155000507363853,13.807194531102976,13.771913883981702,2.516179546360953e-05,4.779736752211779e-07,9.770877440635811e-05,0.0003408975666190436,-4.704357444323295e-07,4.779736752211779e-07,5.8224649505308264e-05,1.5837520828836596e-05,-6.903776514939997e-05,-2.6316044879847904e-06,9.770877440635811e-05,1.5837520828836596e-05,0.0029479701995934206,0.015050221788205743,-8.411842345756431e-06,0.0003408975666190436,-6.903776514939997e-05,0.015050221788205743,0.09339160229868769,2.0036175942974905e-06,-4.704357444323295e-07,-2.6316044879847904e-06,-8.411842345756431e-06,2.0036175942974905e-06,5.206089212452648e-06
602,0.01,transient,learned_with_learned_kf,nominal,0.1592638422940307,0.06333274365826358,0.06265059990066138,0.03355072441423385,0.013815620201908147,0.016045953736407815,0.5208667720716024,0.2905363459130087,0.6242785200363266,0.5211339654016374,0.8558947464403129,0.15803350726047888,1.7445784814467828,1.1047449333872625,3.657077132775902e-05,3.524149368876888e-05,1.5434333612918227e-05,-3.1057640953088764e-06,-8.04068761372129e-06,3.524149368876888e-05,0.00018573587403470927,0.000131903391709655,1.7006687794623518e-05,-1.3291597222434223e-05,1.5434333612918227e-05,0.000131903391709655,0.00012999580025198522,2.048241148461188e-05,-3.705128218977061e-07,-3.1057640953088764e-06,1.7006687794623518e-05,2.048241148461188e-05,0.000450703167309358,-1.131186040824019e-05,-8.04068761372129e-06,-1.3291597222434223e-05,-3.705128218977061e-07,-1.131186040824019e-05,8.590445082593898e-06
602,0.01,transient,learned_with_learned_kf,oracle,0.1592638422940307,0.002129356473136695,0.011720346216889239,0.004192991524735535,0.00235874068313161,0.005585098286338784,0.5208667720716024,0.00966646337895761,0.11519597627805774,0.06044631957772917,0.12277158356336879,0.05674948259012256,0.231931713020123,0.12728248599333822,3.288799503664114e-08,5.723899241659798e-08,-4.590156632790501e-08,1.4759255831050865e-07,1.669932314496352e-08,5.723899241659798e-08,4.447937248573451e-06,6.392804705120353e-07,4.930833174911745e-07,8.10697901327113e-07,-4.590156632790501e-08,6.392804705120353e-07,1.4327867777273598e-06,-1.1685159556202836e-06,7.86684697714417e-07,1.4759255831050865e-07,4.930833174911745e-07,-1.1685159556202836e-06,8.10752238952825e-06,1.7586871010214657e-07,1.669932314496352e-08,8.10697901327113e-07,7.86684697714417e-07,1.7586871010214657e-07,1.0565801600831054e-06
602,0.01,transient,nominal_with_nominal_kf,learned,0.14913596149979175,0.05289489838609066,0.036517960116208906,0.13961390248080502,0.14476532854538768,0.01156609144252491,0.5054281859427456,0.23039197094817396,0.4035333925780072,1.9297826651252301,1.937225146400922,0.12110999182920193,3.933567668495077,3.8333663264272273,2.3869901680139626e-05,-1.6511874753039933e-06,0.00011138163263657972,0.00011065775704176731,-1.6516973299848803e-06,-1.6511874753039933e-06,5.947236880729543e-05,-1.6631581746855617e-05,-4.0071656324227445e-05,-4.7857359478291206e-06,0.00011138163263657972,-1.6631581746855617e-05,0.0019397904091770022,0.0019054879665399895,5.371773434319276e-06,0.00011065775704176731,-4.0071656324227445e-05,0.0019054879665399895,0.0019065264679138775,6.452583924897214e-06,-1.6516973299848803e-06,-4.7857359478291206e-06,5.371773434319276e-06,6.452583924897214e-06,4.826260221507041e-06
602,0.01,transient,nominal_with_nominal_kf,nominal,0.14913596149979175,0.06336565014841605,0.06269559868438727,0.03375126637162037,0.0138255011396207,0.01596501937675149,0.5054281859427456,0.27282384126661385,0.6928148293569251,0.47427339854553274,0.1900526777528277,0.16680874853909294,1.2499426114386156,0.5052103517726012,2.6849157097422324e-05,3.963782469913547e-05,1.4830980664097374e-05,-9.552631522901456e-07,-8.87341155543277e-06,3.963782469913547e-05,0.00018957803185084963,9.502115952171962e-05,-5.689668180282141e-06,-1.6784114085463106e-05,1.4830980664097374e-05,9.502115952171962e-05,7.354870986896036e-05,-1.0150496499184264e-07,-7.353553032966778e-07,-9.552631522901456e-07,-5.689668180282141e-06,-1.0150496499184264e-07,1.2660145367583508e-05,-1.1717913218299603e-06,-8.87341155543277e-06,-1.6784114085463106e-05,-7.353553032966778e-07,-1.1717913218299603e-06,9.71158060688754e-06
602,0.01,transient,nominal_with_nominal_kf,oracle,0.14913596149979175,0.0021293564731366997,0.01172034621688924,0.00419299152473553,0.00235874068313161,0.00558509828633879,0.5054281859427456,0.00925912492981651,0.12996728762156634,0.06157750650791716,0.035145284202610184,0.057850706504702566,0.20091496395938843,0.05585502396473348,2.652077276284313e-08,1.1429114470256501e-07,-4.828444349268154e-08,8.850461490046766e-08,3.575672071153638e-08,1.1429114470256501e-07,5.167017457505551e-06,5.945433851210864e-07,4.830517311700239e-08,9.200976410753439e-07,-4.828444349268154e-08,5.945433851210864e-07,1.1681691786223798e-06,-2.933200451156243e-07,8.004993634001133e-07,8.850461490046766e-08,4.830517311700239e-08,-2.933200451156243e-07,3.7997110609882246e-07,3.551877871324233e-08,3.575672071153638e-08,9.200976410753439e-07,8.004993634001133e-07,3.551877871324233e-08,1.0497009280499718e-06
602,1.0,broadband,learned_with_learned_kf,learned,0.24028784488815486,0.07746648621094587,0.03389476719170441,0.13745698990601662,0.11082902843556694,0.019535129865031302,1.4352409543547506,1.8497507719170443,0.29455606798275485,6.697920393089189,0.8040395679563668,0.1827373404763894,8.736329626979359,7.439066622367359,0.006466217392584463,0.0004602976088156767,0.02724368809942691,0.0007635142390640052,1.6699446509689222e-05,0.0004602976088156767,6.251498797130869e-05,0.0025531303939577824,6.456325781905611e-05,-9.929677597311712e-08,0.02724368809942691,0.0025531303939577824,0.15612985378398464,0.003977568736128186,-1.5359745031383974e-05,0.0007635142390640052,6.456325781905611e-05,0.003977568736128186,0.0006394038775486278,-2.509745673646381e-07,1.6699446509689222e-05,-9.929677597311712e-08,-1.5359745031383974e-05,-2.509745673646381e-07,1.0672804543038987e-05
602,1.0,broadband,learned_with_learned_kf,nominal,0.24028784488815486,0.08032947342132689,0.03141698994385611,0.06303028354558755,0.043991267768266035,0.022034428095552443,1.4352409543547506,1.7244426201776892,0.27440180351202625,3.127051931646528,0.325621954309436,0.19605082339906674,4.8113348644943645,3.3719420699137372,0.0056086300790341,0.00036380514557982947,0.011939909160665597,0.0003401849662995404,-7.128212693108489e-06,0.00036380514557982947,4.5671183463023064e-05,0.0007264368797716834,2.8430841987434534e-05,-2.4756857236620755e-06,0.011939909160665597,0.0007264368797716834,0.039691111843797436,0.0007566550574108728,0.00014977595279699207,0.0003401849662995404,2.8430841987434534e-05,0.0007566550574108728,6.824333790135677e-05,-5.72101199550615e-07,-7.128212693108489e-06,-2.4756857236620755e-06,0.00014977595279699207,-5.72101199550615e-07,1.3197723916934403e-05
602,1.0,broadband,learned_with_learned_kf,oracle,0.24028784488815486,0.011852772560565699,0.02533643322797511,0.01165194629235681,0.010635321666088125,0.01814582242659065,1.4352409543547506,0.22354055310439574,0.21484574662380576,0.35626573056721544,0.15455438832482904,0.17293760644648012,0.4947120403806382,0.3697664956356564,2.9633370848916374e-05,1.7267338346609614e-07,-2.4536991780848572e-05,2.641489376934796e-06,4.90902027355138e-07,1.7267338346609614e-07,1.6843663067244978e-05,7.395832068088853e-07,1.4519901055341367e-06,1.1578394301857802e-07,-2.4536991780848572e-05,7.395832068088853e-07,6.0445206191687525e-05,-7.236426302946812e-06,1.6316983369809574e-06,2.641489376934796e-06,1.4519901055341367e-06,-7.236426302946812e-06,1.2977109975244915e-05,2.744859063601828e-07,4.90902027355138e-07,1.1578394301857802e-07,1.6316983369809574e-06,2.744859063601828e-07,9.62714258236218e-06
602,1.0,broadband,nominal_with_nominal_kf,learned,0.16349840451265377,0.0417030089851371,0.02648509379954043,0.05884272545605164,0.05756559983671252,0.018325245341409748,0.5990014558483017,0.17204214482733143,0.29116930568950405,0.683213183186344,0.6298079922184546,0.19461843326072184,1.380228552149537,1.2622720909987462,1.1051176086697832e-05,4.293929575618721e-07,1.3538824929730013e-05,1.6774314268424024e-05,1.1257377420947108e-07,4.293929575618721e-07,2.5883648075436353e-05,6.926974119405994e-07,8.598499589111691e-07,4.557823739213938e-09,1.3538824929730013e-05,6.926974119405994e-07,0.00019353000286803846,0.00016942987228356438,-1.494765729751142e-08,1.6774314268424024e-05,8.598499589111691e-07,0.00016942987228356438,0.00017204303804027387,-4.689879682602762e-07,1.1257377420947108e-07,4.557823739213938e-09,-1.494765729751142e-08,-4.689879682602762e-07,1.1550057315653606e-05
602,1.0,broadband,nominal_with_nominal_kf,nominal,0.16349840451265377,0.0465821488813934,0.02570957668993648,0.020517331498254777,0.01764750390488057,0.0184268538794672,0.5990014558483017,0.19154006151766842,0.28258143079220305,0.2569592748118265,0.21362548516069468,0.19570519289201085,0.6417762532430041,0.3739534778749607,1.2520057054223717e-05,1.6709185006746572e-06,2.8777690501448367e-06,6.1089516884804985e-06,5.8888423212555755e-08,1.6709185006746572e-06,2.4340369232203644e-05,3.260659494233141e-06,3.288700338324634e-06,3.700031279271852e-08,2.8777690501448367e-06,3.260659494233141e-06,2.0815503751035274e-05,4.956790927057453e-06,1.3082887339005092e-06,6.1089516884804985e-06,3.288700338324634e-06,4.956790927057453e-06,1.4178843771640789e-05,3.878706962921666e-07,5.8888423212555755e-08,3.700031279271852e-08,1.3082887339005092e-06,3.878706962921666e-07,1.1683015861159403e-05
602,1.0,broadband,nominal_with_nominal_kf,oracle,0.16349840451265377,0.011852772560565699,0.02533643322797511,0.01165194629235681,0.010635321666088129,0.01814582242659065,0.5990014558483017,0.05076797449055097,0.2785555913540621,0.16060782489304354,0.1450500273469157,0.19269008162238585,0.39266194783280106,0.12119871304787747,7.920268358568571e-07,1.2489797999224244e-07,-1.6744630521526013e-06,2.1415977354035484e-06,1.2774947239308754e-07,1.2489797999224244e-07,2.3648448974775047e-05,3.4645451261276157e-07,9.172618703205308e-07,5.7934096020846174e-08,-1.6744630521526013e-06,3.4645451261276157e-07,8.00353924119157e-06,-4.7711976862666795e-06,7.736622094020092e-07,2.1415977354035484e-06,9.172618703205308e-07,-4.7711976862666795e-06,6.452385775197543e-06,3.7356433154132706e-07,1.2774947239308754e-07,5.7934096020846174e-08,7.736622094020092e-07,3.7356433154132706e-07,1.131890233896767e-05
602,1.0,transient,learned_with_learned_kf,learned,0.21987017996892994,0.10035213155118675,0.034134235462923754,0.16898253009855058,0.1420250163223422,0.019519606737476693,1.5514686277262064,2.3997731874106263,0.29371972534918783,8.433756825560422,1.4041021485186334,0.1778675965822028,11.237745715765488,9.784425767522164,0.008879908805799936,0.0005033339328227467,0.03509027812241064,0.0009477811090623237,2.0141999878352016e-05,0.0005033339328227467,6.18724165820712e-05,0.002809088076416949,6.768719181305482e-05,1.9183112930398462e-07,0.03509027812241064,0.002809088076416949,0.1985489321431521,0.005832537816838646,2.6076515446356356e-06,0.0009477811090623237,6.768719181305482e-05,0.005832537816838646,0.0022040443441266647,7.636646279834819e-08,2.0141999878352016e-05,1.9183112930398462e-07,2.6076515446356356e-06,7.636646279834819e-08,1.0087912121103189e-05
602,1.0,transient,learned_with_learned_kf,nominal,0.21987017996892994,0.11472834627784143,0.03229713369374053,0.07152274227051682,0.05280202644528324,0.022035007320125935,1.5514686277262064,2.467414600564106,0.27958934795307794,3.6252211250492246,0.508401342178374,0.19104940810963505,6.162139854613572,4.0634463608130575,0.008353275060384772,0.0004478557771575028,0.015568659043086946,0.00047933959395867474,-1.542654839290435e-05,0.0004478557771575028,4.8617710500396444e-05,0.0008765998526818787,4.060820786587194e-05,-2.609994259875012e-06,0.015568659043086946,0.0008765998526818787,0.04935429504459525,0.0010415993933842902,0.0001479123666932334,0.00047933959395867474,4.060820786587194e-05,0.0010415993933842902,0.0001776329228160885,-1.4439259851723523e-06,-1.542654839290435e-05,-2.609994259875012e-06,0.0001479123666932334,-1.4439259851723523e-06,1.2515066194484674e-05
602,1.0,transient,learned_with_learned_kf,oracle,0.21987017996892994,0.012107866903645206,0.025517221735896812,0.01132353863590979,0.01065713747889675,0.0181747286850302,1.5514686277262064,0.23449487495107718,0.21395375959045962,0.364166785412322,0.1673032252497282,0.1687299684712395,0.4966972157144438,0.377454741102046,3.244597045310156e-05,3.1394472245835176e-07,-2.748302389665309e-05,2.8790154147142327e-06,5.692088259846257e-07,3.1394472245835176e-07,1.6898756112735346e-05,8.95281381140465e-07,1.719073767491357e-06,2.2674109768557527e-07,-2.748302389665309e-05,8.95281381140465e-07,6.195502659422842e-05,-8.405673789032284e-06,1.391983225454188e-06,2.8790154147142327e-06,1.719073767491357e-06,-8.405673789032284e-06,1.519788206818745e-05,2.4848842009313763e-07,5.692088259846257e-07,2.2674109768557527e-07,1.391983225454188e-06,2.4848842009313763e-07,9.17665497842703e-06
602,1.0,transient,nominal_with_nominal_kf,learned,0.14626984941267065,0.06583472899012562,0.026678887282441166,0.09259812733695624,0.09045636828198397,0.018373074668932572,0.7394262169592981,0.286277229858809,0.29603853060106333,1.2806422683772667,1.2197661914108544,0.19047595042002594,2.6250152758399286,2.462184462199865,3.63377219821012e-05,-1.337306307743556e-07,9.645398582082201e-05,9.778634597583263e-05,-6.469997417351682e-08,-1.337306307743556e-07,2.675894958085015e-05,-1.4060248634729358e-06,-1.4271224346190277e-06,3.3131924125128564e-07,9.645398582082201e-05,-1.4060248634729358e-06,0.0007868147924207966,0.0007440308835592365,2.0428947118237644e-07,9.778634597583263e-05,-1.4271224346190277e-06,0.0007440308835592365,0.0007335019521292233,-2.6846672331073064e-07,-6.469997417351682e-08,3.3131924125128564e-07,2.0428947118237644e-07,-2.6846672331073064e-07,1.1056511144729669e-05
602,1.0,transient,nominal_with_nominal_kf,nominal,0.14626984941267065,0.07850522546010866,0.026206301589736247,0.027757817863087654,0.02513360333770025,0.01847392297394692,0.7394262169592981,0.33953108015839895,0.29073143066324014,0.39480512507848625,0.35182545008102867,0.19153751856583734,1.0521308343612894,0.6740769526809973,4.002627186284686e-05,5.516129327182221e-06,2.2189922747270202e-05,2.484696714113902e-05,-7.60915711965243e-08,5.516129327182221e-06,2.5766498246599e-05,7.155477231254267e-06,6.9394530661445555e-06,3.4037544872682556e-07,2.2189922747270202e-05,7.155477231254267e-06,5.0876331088823105e-05,3.1220766577999736e-05,1.2845334589314506e-06,2.484696714113902e-05,6.9394530661445555e-06,3.1220766577999736e-05,4.136868874735007e-05,4.6223911212652935e-07,-7.60915711965243e-08,3.4037544872682556e-07,1.2845334589314506e-06,4.6223911212652935e-07,1.1178919706470727e-05
602,1.0,transient,nominal_with_nominal_kf,oracle,0.14626984941267065,0.0121078669036452,0.025517221735896812,0.01132353863590979,0.01065713747889675,0.0181747286850302,0.7394262169592981,0.05302152417999151,0.2831680105871005,0.1705627910454221,0.16045650874615489,0.18841018376214075,0.4035625849692953,0.12571979017471635,8.635929736860069e-07,1.956172134917728e-07,-1.9432727348292576e-06,2.471779319092505e-06,1.2585502386278746e-07,1.956172134917728e-07,2.4439044657041897e-05,6.426790286044969e-07,1.22776733184807e-06,3.401362034585199e-07,-1.9432727348292576e-06,6.426790286044969e-07,8.983199193458203e-06,-5.843782870686898e-06,7.052580440844222e-07,2.471779319092505e-06,1.22776733184807e-06,-5.843782870686898e-06,7.92065589684227e-06,4.109495932869527e-07,1.2585502386278746e-07,3.401362034585199e-07,7.052580440844222e-07,4.109495932869527e-07,1.0820407118589395e-05
603,0.01,broadband,learned_with_learned_kf,learned,0.14761647634183575,0.026176792845910755,0.028063342137181986,0.05006125172240189,0.05371940396715459,0.01026496516781025,0.279985468791175,0.06421193485414467,0.25136822826581445,0.5897306995910134,3.0972907608949884,0.1108802167122906,3.7551099280364646,3.667760130761193,1.7197088974198027e-06,3.3592906287618084e-07,-6.635170427589729e-06,-3.312088999559343e-05,-1.7014947543873061e-07,3.3592906287618084e-07,2.315193617653296e-05,2.2352149997666982e-05,0.00012735837046465277,-1.4474952489575208e-06,-6.635170427589729e-06,2.2352149997666982e-05,0.00035259800972991005,0.0020116513135296017,4.946310052842927e-06,-3.312088999559343e-05,0.00012735837046465277,0.0020116513135296017,0.011897137411646795,2.3117208818027684e-05,-1.7014947543873061e-07,-1.4474952489575208e-06,4.946310052842927e-06,2.3117208818027684e-05,4.257946995941029e-06
603,0.01,broadband,learned_with_learned_kf,nominal,0.14761647634183575,0.036780125918740254,0.042009071235723526,0.022537924786605178,0.011279364797810849,0.013086727275734367,0.279985468791175,0.08939334757467465,0.36604918805458014,0.167937656157311,0.28007883155341096,0.14063039186012852,0.6153551759712783,0.3266502712936885,3.1059439961609347e-06,1.6487007433701966e-06,8.475379220491446e-07,1.2995987108940765e-06,-1.8251345645229103e-07,1.6487007433701966e-06,5.026128507059088e-05,1.9149618655046594e-05,-1.0542445041084246e-05,-4.009497998608839e-06,8.475379220491446e-07,1.9149618655046594e-05,1.4148235195707091e-05,-1.9905870619306563e-06,2.400897878259521e-07,1.2995987108940765e-06,-1.0542445041084246e-05,-1.9905870619306563e-06,6.15454021976516e-05,1.9832646763963533e-06,-1.8251345645229103e-07,-4.009497998608839e-06,2.400897878259521e-07,1.9832646763963533e-06,6.401736405965341e-06
603,0.01,broadband,learned_with_learned_kf,oracle,0.14761647634183575,0.0023184044535886,0.01155972474770157,0.00471818614388099,0.002718888923575925,0.005452472612598345,0.279985468791175,0.005637519531716525,0.10582890740415696,0.04148420672701195,0.08155087839406515,0.059124042626311824,0.18615630468186137,0.07623650569631545,1.0495227721419262e-08,6.467432051586752e-09,-1.4284079564159868e-08,3.616195760119235e-08,-1.5431607271545318e-09,6.467432051586752e-09,3.906719800156768e-06,3.518614173403076e-07,2.394478848968935e-07,7.010595642782608e-07,-1.4284079564159868e-08,3.518614173403076e-07,8.317176155108284e-07,-9.880299648534043e-07,5.720095365188495e-07,3.616195760119235e-08,2.394478848968935e-07,-9.880299648534043e-07,5.23502116645669e-06,-3.560746252428033e-09,-1.5431607271545318e-09,7.010595642782608e-07,5.720095365188495e-07,-3.560746252428033e-09,1.1079928347781269e-06
603,0.01,broadband,nominal_with_nominal_kf,learned,0.15523027025000635,0.026374556039999997,0.028329068608094015,0.05060231089994094,0.053805323325256074,0.0101899561642178,0.272056257840686,0.10787682255256345,0.307962536183181,0.5806924548397625,0.5781778502572706,0.11055307880109244,1.178779907077163,1.1265328352505852,4.084698860428689e-06,1.608338392248033e-06,-6.913232295972381e-06,-6.789130178348094e-06,-1.0072831007978519e-06,1.608338392248033e-06,3.3893341750096784e-05,1.3561780737422254e-05,4.461099665811931e-06,-2.903723822177966e-06,-6.913232295972381e-06,1.3561780737422254e-05,0.00019832664579552084,0.00019166295573656156,4.979840333104462e-06,-6.789130178348094e-06,4.461099665811931e-06,0.00019166295573656156,0.00020123449782642,5.19472726921563e-06,-1.0072831007978519e-06,-2.903723822177966e-06,4.979840333104462e-06,5.19472726921563e-06,4.054412087282074e-06
603,0.01,broadband,nominal_with_nominal_kf,nominal,0.15523027025000635,0.03706985264586049,0.04251601280531887,0.023130123206714,0.01138311429531793,0.013556670921326019,0.272056257840686,0.15173270916169904,0.4613896009690957,0.27187745939686747,0.12491635498615009,0.1476360238344886,0.7056254168311952,0.2672425046847615,8.226833475151188e-06,1.1886534226804454e-05,3.9137896315792315e-06,1.0543460211431267e-07,-4.584818027973236e-06,1.1886534226804454e-05,7.440745726215451e-05,3.307213465259792e-05,-6.560419554477618e-06,-7.045255276581184e-06,3.9137896315792315e-06,3.307213465259792e-05,2.6195438293682553e-05,-3.7372315064121062e-06,1.194836035609346e-07,1.0543460211431267e-07,-6.560419554477618e-06,-3.7372315064121062e-06,4.890160109466264e-06,1.912564266792594e-06,-4.584818027973236e-06,-7.045255276581184e-06,1.194836035609346e-07,1.912564266792594e-06,7.278575561480219e-06
603,0.01,broadband,nominal_with_nominal_kf,oracle,0.15523027025000635,0.00231840445358859,0.01155972474770157,0.00471818614388099,0.00271888892357593,0.0054524726125983495,0.272056257840686,0.00977092124383641,0.12692066212560416,0.06328928334134373,0.03498998890692352,0.057909043147920926,0.1959838926761877,0.05466344600935624,2.9574167119148413e-08,8.811105252992101e-08,-7.246837031707052e-08,9.554300804109158e-08,2.0750353302369524e-08,8.811105252992101e-08,4.926842029216084e-06,5.855699030290586e-07,2.8812646874490504e-08,8.41784059338373e-07,-7.246837031707052e-08,5.855699030290586e-07,1.2516805129504703e-06,-3.470162181939935e-07,8.143791987260033e-07,9.554300804109158e-08,2.8812646874490504e-08,-3.470162181939935e-07,3.768272999654923e-07,1.5672669842233852e-09,2.0750353302369524e-08,8.41784059338373e-07,8.143791987260033e-07,1.5672669842233852e-09,1.034608329698046e-06
603,0.01,transient,learned_with_learned_kf,learned,0.1435856201454517,0.041984165007080444,0.04078311310465378,0.08433406623492525,0.08764114471684951,0.01221176676585158,0.5153932013802363,0.10686617666047966,0.3633983532637369,1.2053230517143454,6.090385282041813,0.12928264272930878,7.202131729807219,7.279411512855768,4.956161161305529e-06,2.5688336725109655e-06,-1.498341712827624e-05,-4.90884316974317e-05,-1.0101096310970456e-08,2.5688336725109655e-06,5.3727495423714384e-05,-2.733849526796397e-05,-0.00010038583428612264,-7.255831199194409e-06,-1.498341712827624e-05,-2.733849526796397e-05,0.0014801356269929253,0.008196841045526237,9.510083639174177e-06,-4.90884316974317e-05,-0.00010038583428612264,0.008196841045526237,0.046320818213632445,4.2527444046573445e-05,-1.0101096310970456e-08,-7.255831199194409e-06,9.510083639174177e-06,4.2527444046573445e-05,6.0326707957678226e-06
603,0.01,transient,learned_with_learned_kf,nominal,0.1435856201454517,0.06238649377873169,0.06873519693718325,0.033137018468684915,0.013909921131402058,0.015862539904368138,0.5153932013802363,0.16234529077635168,0.6099808574543528,0.30213189698342563,0.5079744038086559,0.16676636082365087,1.1653500734324982,0.6868950831557076,1.0462213961199912e-05,6.075385962716377e-06,5.035298031150862e-06,4.76827235477739e-06,-1.4556787926806606e-07,6.075385962716377e-06,0.00015592661604179768,6.777534917190606e-05,2.4270391656730616e-06,-2.0293583379859218e-05,5.035298031150862e-06,6.777534917190606e-05,4.685523266920554e-05,2.8714785284667727e-05,-4.0536269489439525e-06,4.76827235477739e-06,2.4270391656730616e-06,2.8714785284667727e-05,0.0002528066087007966,-6.300479559403092e-06,-1.4556787926806606e-07,-2.0293583379859218e-05,-4.0536269489439525e-06,-6.300479559403092e-06,9.257438903829987e-06
603,0.01,transient,learned_with_learned_kf,oracle,0.1435856201454517,0.00205060055359024,0.011095472939370535,0.0043233543198969,0.0024958155834380502,0.005338876933350721,0.5153932013802363,0.0051837850603629245,0.1023655344172029,0.0416735807938635,0.08070877543839144,0.05713495610724688,0.17925568951041,0.07642998149743865,8.89435284628103e-09,7.125444354490759e-09,-1.0568808788278322e-08,2.68808327778727e-08,-2.0626660410526845e-09,7.125444354490759e-09,3.6345335051169884e-06,3.4937023562138545e-07,1.6041280033779207e-07,5.943783535939616e-07,-1.0568808788278322e-08,3.4937023562138545e-07,8.239564054384268e-07,-8.343670393054225e-07,5.480683544401917e-07,2.68808327778727e-08,1.6041280033779207e-07,-8.343670393054225e-07,4.884370926674007e-06,5.333546639517449e-08,-2.0626660410526845e-09,5.943783535939616e-07,5.480683544401917e-07,5.333546639517449e-08,1.0383242700313186e-06
603,0.01,transient,nominal_with_nominal_kf,learned,0.14036166422261562,0.041702239525032124,0.040649145448549015,0.08424921811033005,0.08713582588319845,0.01204916472606072,0.5071462858566669,0.18038797032234358,0.4491950435327706,1.1688016875552072,1.1636007268133919,0.12625009513914337,2.2790796835397815,2.2999917055378925,1.20558718990782e-05,7.19485881983113e-06,3.2210486074146866e-05,2.8136075864305472e-05,-1.8123778175850174e-06,7.19485881983113e-06,8.245762764391675e-05,-2.9719064849425435e-05,-5.516726603204655e-05,-1.1607375538657555e-05,3.2210486074146866e-05,-2.9719064849425435e-05,0.0008714592993680955,0.0008391771150644018,9.895756206691225e-06,2.8136075864305472e-05,-5.516726603204655e-05,0.0008391771150644018,0.0008336163470092393,1.1467275548824921e-05,-1.8123778175850174e-06,-1.1607375538657555e-05,9.895756206691225e-06,1.1467275548824921e-05,5.647851811638214e-06
603,0.01,transient,nominal_with_nominal_kf,nominal,0.14036166422261562,0.06238802755428208,0.06871306606531745,0.03342993707314474,0.013911106432495879,0.01612182564104467,0.5071462858566669,0.2690688421763108,0.758868270623648,0.46719185795315576,0.19462488032527886,0.16881687293568004,1.3271713383258121,0.5191085606972776,2.5948974949361734e-05,6.127589962307849e-05,2.8292005431540417e-05,3.851938821380485e-06,-1.1269265571875589e-05,6.127589962307849e-05,0.0002204496161677803,0.00010580327494000283,-5.093380735299179e-06,-2.7211598946331335e-05,2.8292005431540417e-05,0.00010580327494000283,7.600613393166893e-05,4.410730801258037e-07,-6.4568704796332335e-06,3.851938821380485e-06,-5.093380735299179e-06,4.410730801258037e-07,1.2646210485825777e-05,-1.7659665911603367e-06,-1.1269265571875589e-05,-2.7211598946331335e-05,-6.4568704796332335e-06,-1.7659665911603367e-06,9.76645409207623e-06
603,0.01,transient,nominal_with_nominal_kf,oracle,0.14036166422261562,0.00205060055359025,0.01109547293937055,0.0043233543198969,0.00249581558343806,0.005338876933350721,0.5071462858566669,0.00890338526451038,0.12293901345555251,0.06404114540201737,0.03707868084500133,0.05529933490510438,0.18816340855551814,0.05616401435374191,2.456218682009575e-08,7.815468290346102e-08,-5.889966101609329e-08,8.954153527434439e-08,2.3417078167292685e-08,7.815468290346102e-08,4.614863565051924e-06,5.785235461141986e-07,-6.578934483790333e-08,7.061182221216783e-07,-5.889966101609329e-08,5.785235461141986e-07,1.2845681874915636e-06,-3.6324393656850247e-07,7.8738139858154e-07,8.954153527434439e-08,-6.578934483790333e-08,-3.6324393656850247e-07,4.2389610306629063e-07,2.8228535758631596e-09,2.3417078167292685e-08,7.061182221216783e-07,7.8738139858154e-07,2.8228535758631596e-09,9.474889986235483e-07
603,1.0,broadband,learned_with_learned_kf,learned,0.13835818025550614,0.024150713661564755,0.025348097190302336,0.030397956817365603,0.02786813056154679,0.018422039381803302,0.46472376278061994,0.08376862661698663,0.1937415296240567,0.08863227153319991,0.23808373319543547,0.19202986539434347,0.40578689724781414,0.29837253816532383,3.324451792598199e-06,2.9294768142127326e-07,-8.366322715038768e-07,-6.206912537920426e-06,-7.000417764524028e-08,2.9294768142127326e-07,1.2404419943524538e-05,1.325962808793812e-07,8.038635875762068e-07,6.4468204705829135e-09,-8.366322715038768e-07,1.325962808793812e-07,5.087211228765973e-06,2.953213437854271e-06,1.7328710681847573e-07,-6.206912537920426e-06,8.038635875762068e-07,2.953213437854271e-06,3.301047327501766e-05,-5.770422259166782e-08,-7.000417764524028e-08,6.4468204705829135e-09,1.7328710681847573e-07,-5.770422259166782e-08,1.1703443084644592e-05
603,1.0,broadband,learned_with_learned_kf,nominal,0.13835818025550614,0.0469359502063343,0.025658966023451375,0.01912411395998758,0.017145611657936523,0.0185331265142579,0.46472376278061994,0.15479896202089272,0.1956264278626919,0.07377920964652038,0.1465929023267021,0.19299149465615778,0.3777341975074236,0.18860368909426342,1.035175146208974e-05,-8.433616962683505e-08,9.952800326311236e-07,-4.024687628540996e-06,2.0953296091635926e-08,-8.433616962683505e-08,1.2611990272465627e-05,6.695358076517485e-07,1.4899406900121366e-06,-3.963440594968381e-08,9.952800326311236e-07,6.695358076517485e-07,3.88071863828757e-06,1.1777175731703606e-06,2.2080138229792817e-07,-4.024687628540996e-06,1.4899406900121366e-06,1.1777175731703606e-06,9.709256769933652e-06,1.222843978981609e-07,2.0953296091635926e-08,-3.963440594968381e-08,2.2080138229792817e-07,1.222843978981609e-07,1.180078427615906e-05
603,1.0,broadband,learned_with_learned_kf,oracle,0.13835818025550614,0.011989512702872681,0.02529176181030801,0.01203631776842497,0.01110863682232221,0.018414958341070452,0.46472376278061994,0.043988098601647534,0.1933812845136005,0.04873372268662017,0.0985702043821724,0.1919719037394982,0.29748123489556977,0.09140538200210611,7.56189268671023e-07,-2.3780489840287818e-08,-4.201780329341168e-08,-1.057002865894392e-06,-5.789161859259103e-08,-2.3780489840287818e-08,1.2369606806111885e-05,9.665237445208346e-08,7.00367092046854e-07,-9.119068151208972e-10,-4.201780329341168e-08,9.665237445208346e-08,1.5845388799961467e-06,-9.953926779376846e-07,2.0191261527112667e-07,-1.057002865894392e-06,7.00367092046854e-07,-9.953926779376846e-07,3.8008337216895457e-06,2.0391511994705437e-07,-5.789161859259103e-08,-9.119068151208972e-10,2.0191261527112667e-07,2.0391511994705437e-07,1.1697802129183506e-05
603,1.0,broadband,nominal_with_nominal_kf,learned,0.1550917019405462,0.024894644297776082,0.025361997846057194,0.031841406762990916,0.028332164146686673,0.01843254627890402,0.5999626531583084,0.10371092296395656,0.2786932971332925,0.39126827002280673,0.32040187221868044,0.19591372033050597,0.7719375566568123,0.634392595712483,3.7297800886471688e-06,-3.0757730924974063e-08,2.5626038233003357e-06,5.693344488355507e-06,1.9931165842592206e-07,-3.0757730924974063e-08,2.367470084514024e-05,-1.5173194777646363e-07,2.560957883581747e-07,6.021894505237671e-08,2.5626038233003357e-06,-1.5173194777646363e-07,4.992049021673493e-05,2.7327805891748325e-05,6.990412935107041e-07,5.693344488355507e-06,2.560957883581747e-07,2.7327805891748325e-05,3.5158327350798796e-05,2.1822976806349848e-07,1.9931165842592206e-07,6.021894505237671e-08,6.990412935107041e-07,2.1822976806349848e-07,1.170234040182908e-05
603,1.0,broadband,nominal_with_nominal_kf,nominal,0.1550917019405462,0.047651721467532285,0.025707702109834862,0.02032846621749203,0.01749904157189791,0.01867675569755911,0.5999626531583084,0.19593352510492126,0.28240866630965394,0.25487181322979524,0.2105935880066978,0.1984918363888626,0.6693182536262466,0.3577497792464167,1.4063177723008699e-05,2.455522688445768e-06,6.6539595256221234e-06,9.738829796116106e-06,1.7781284485194793e-07,2.455522688445768e-06,2.4319163918088815e-05,3.0469702251121155e-06,3.0355674073374345e-06,-7.193145346408416e-09,6.6539595256221234e-06,3.0469702251121155e-06,2.1274467188130145e-05,4.811491586171746e-06,1.1923334192837706e-06,9.738829796116106e-06,3.0355674073374345e-06,4.811491586171746e-06,1.4095447016337516e-05,3.4505655270206017e-07,1.7781284485194793e-07,-7.193145346408416e-09,1.1923334192837706e-06,3.4505655270206017e-07,1.2016243814311192e-05
603,1.0,broadband,nominal_with_nominal_kf,oracle,0.1550917019405462,0.011989512702872681,0.025291761810308,0.01203631776842498,0.01110863682232221,0.018414958341070452,0.5999626531583084,0.05119894832958686,0.2779629017237883,0.16461477945271472,0.1487021885958229,0.19573493621994137,0.39754194912820917,0.1259728373929961,8.057001873419945e-07,1.2652190016422567e-07,-1.7011919835047348e-06,2.210944245064608e-06,1.5263116200180692e-07,1.2652190016422567e-07,2.355181757294286e-05,4.6120542019177625e-07,9.55628401153552e-07,4.3272877735366003e-08,-1.7011919835047348e-06,4.6120542019177625e-07,8.421758176955648e-06,-4.928366872095426e-06,7.686458076467541e-07,2.210944245064608e-06,9.55628401153552e-07,-4.928366872095426e-06,6.775881580342774e-06,4.1284201311401633e-07,1.5263116200180692e-07,4.3272877735366003e-08,7.686458076467541e-07,4.1284201311401633e-07,1.1680588561511165e-05
603,1.0,transient,learned_with_learned_kf,learned,0.1302558531400662,0.040741422165116475,0.025223570909426986,0.04664055459113415,0.04543232725211529,0.01821292299730544,0.6340105236383605,0.1555917633994864,0.19323434564414796,0.1443185150992115,0.4698142564761657,0.18943392962517575,0.6005191486767674,0.592836474753423,1.3798600493001079e-05,-7.458486266507997e-09,-3.0769068036767047e-06,-3.476854418627447e-05,-1.6995103954168855e-07,-7.458486266507997e-09,1.2194590239769558e-05,4.932855515409593e-07,1.5313106510588381e-06,-2.910216333655761e-08,-3.0769068036767047e-06,4.932855515409593e-07,1.2473288255546066e-05,1.4812399907337791e-05,2.8114913716813264e-07,-3.476854418627447e-05,1.5313106510588381e-06,1.4812399907337791e-05,0.0001465768131465578,3.561355224799531e-07,-1.6995103954168855e-07,-2.910216333655761e-08,2.8114913716813264e-07,3.561355224799531e-07,1.1405575057180126e-05
603,1.0,transient,learned_with_learned_kf,nominal,0.1302558531400662,0.07946210198990374,0.025884840715008777,0.027815612477666684,0.02677252698693821,0.01833979894625033,0.6340105236383605,0.2961622916123541,0.19790870147119885,0.12297746803461598,0.27774648756047016,0.19050907602239534,0.5129841543520424,0.37896488486807633,3.958428420213122e-05,-1.3374387687488941e-06,3.7103356913104107e-06,-2.000191758003805e-05,-1.0960181335387443e-07,-1.3374387687488941e-06,1.2776339695427487e-05,2.1000566013614044e-06,4.624707036259282e-06,-6.871167579054694e-08,3.7103356913104107e-06,2.1000566013614044e-06,1.0535084995252471e-05,9.536886479027601e-06,1.5308307569893917e-07,-2.000191758003805e-05,4.624707036259282e-06,9.536886479027601e-06,3.8841961516093934e-05,1.0875705959518684e-07,-1.0960181335387443e-07,-6.871167579054694e-08,1.5308307569893917e-07,1.0875705959518684e-07,1.151073343944424e-05
603,1.0,transient,learned_with_learned_kf,oracle,0.1302558531400662,0.011900890179569825,0.02515645350529902,0.01146412262866486,0.010785169237431851,0.01820507388515839,0.6340105236383605,0.046647949862060556,0.19270649164924383,0.0521935343284136,0.10596026029227432,0.18936541300021797,0.2948072975709061,0.09437084130017012,8.510802956842444e-07,-1.0667108377173278e-08,-6.253228036675982e-08,-1.137814439654371e-06,-5.972249009261245e-08,-1.0667108377173278e-08,1.212876365530312e-05,1.9651522889617827e-07,5.949793035536796e-07,-5.159237770231422e-08,-6.253228036675982e-08,1.9651522889617827e-07,1.766429517463925e-06,-1.2419596920332236e-06,1.7658389962374206e-07,-1.137814439654371e-06,5.949793035536796e-07,-1.2419596920332236e-06,4.310851525678342e-06,1.9304442794706791e-07,-5.972249009261245e-08,-5.159237770231422e-08,1.7658389962374206e-07,1.9304442794706791e-07,1.1398889666587572e-05
603,1.0,transient,nominal_with_nominal_kf,learned,0.13951090216989498,0.041235284491675385,0.025230735412076,0.047808650747427024,0.04575855366483405,0.018222001654139817,0.7419905827435642,0.17977570322811917,0.27987671187107604,0.671841195815739,0.6206429127804823,0.18874720992359956,1.4003838139914402,1.234041470840311,1.2617759769751612e-05,1.7118537162647502e-07,2.419074081420554e-05,2.7941585463788085e-05,1.2764235870697433e-07,1.7118537162647502e-07,2.3875115798774755e-05,2.7089767496338526e-07,3.698881655138503e-07,2.641742315089177e-08,2.419074081420554e-05,2.7089767496338526e-07,0.00016814215730944862,0.00014183906187171868,9.090712728211197e-07,2.7941585463788085e-05,3.698881655138503e-07,0.00014183906187171868,0.00015118668487930936,3.7653272789000615e-07,1.2764235870697433e-07,2.641742315089177e-08,9.090712728211197e-07,3.7653272789000615e-07,1.0858325089814123e-05
603,1.0,transient,nominal_with_nominal_kf,nominal,0.13951090216989498,0.07982903917343581,0.025921673799607442,0.028643364235914903,0.02699070464598689,0.018496437235087478,0.7419905827435642,0.34575585573949086,0.2874822086190246,0.406972391347414,0.3771845993881698,0.1915950088564478,1.1481934422644051,0.7137239146176344,4.4310754214312824e-05,7.127653011049367e-06,3.581584072249053e-05,3.8717095805120404e-05,-2.6154581438453815e-07,7.127653011049367e-06,2.5205677888070117e-05,8.046197108583464e-06,7.456856722337665e-06,-7.327767985504366e-08,3.581584072249053e-05,8.046197108583464e-06,5.53091849488162e-05,3.6594189231317026e-05,8.042425930833911e-07,3.8717095805120404e-05,7.456856722337665e-06,3.6594189231317026e-05,4.7704929032993984e-05,-9.193785873240927e-08,-2.6154581438453815e-07,-7.327767985504366e-08,8.042425930833911e-07,-9.193785873240927e-08,1.119346221297753e-05
603,1.0,transient,nominal_with_nominal_kf,oracle,0.13951090216989498,0.01190089017956982,0.02515645350529902,0.01146412262866485,0.010785169237431851,0.01820507388515839,0.7419905827435642,0.05211938376679294,0.2790717710685867,0.1727322438862144,0.16207154401355534,0.18856877659936333,0.39357065061982216,0.12882499411527307,8.331943107738912e-07,5.07849008486258e-08,-1.8987736438513326e-06,2.44302117941177e-06,1.0650918951046303e-07,5.07849008486258e-08,2.373685628356502e-05,7.125343816778222e-07,7.719891254234223e-07,-2.8052249397049876e-08,-1.8987736438513326e-06,7.125343816778222e-07,9.248893331011234e-06,-5.887684302450258e-06,7.094517654703474e-07,2.44302117941177e-06,7.719891254234223e-07,-5.887684302450258e-06,8.072945972038707e-06,3.081622157825961e-07,1.0650918951046303e-07,-2.8052249397049876e-08,7.094517654703474e-07,3.081622157825961e-07,1.0837729287506529e-05
604,0.01,broadband,learned_with_learned_kf,learned,0.17068869429273087,0.02318829931222758,0.02935238907166171,0.05896356455366234,0.06115627359450991,0.00928642892714523,0.2993695741754204,0.10602704147530932,0.314990694812431,0.9929366295388242,4.266600353656246,0.09183250469031623,5.263157188252744,5.223836605104508,4.69322368342858e-06,3.3856342924807553e-06,-9.247626085717787e-07,7.643207881670124e-06,-7.817225846060478e-07,3.3856342924807553e-06,3.619391151064601e-05,1.3898677513202035e-05,3.60523602825826e-05,-2.207807418799246e-06,-9.247626085717787e-07,1.3898677513202035e-05,0.0006456743806697001,0.003233826945241812,2.6714446162733104e-06,7.643207881670124e-06,3.60523602825826e-05,0.003233826945241812,0.017433321444299255,6.835590149657075e-06,-7.817225846060478e-07,-2.207807418799246e-06,2.6714446162733104e-06,6.835590149657075e-06,2.774963702045806e-06
604,0.01,broadband,learned_with_learned_kf,nominal,0.17068869429273087,0.03253960446136696,0.04680829989151572,0.02406889984032428,0.01147935348007718,0.01503161702628717,0.2993695741754204,0.15784631504692184,0.49632618688190755,0.3457615747989881,0.41103027536948267,0.1503449511957479,1.0493998408740588,0.6132812912764269,1.0204726651382355e-05,1.270961450147316e-05,3.783249375482917e-06,2.6913609157900477e-07,-4.419103885293112e-06,1.270961450147316e-05,9.352265483900795e-05,4.885522918203991e-05,1.4546119544319995e-06,-7.601917001883606e-06,3.783249375482917e-06,4.885522918203991e-05,4.361919039729276e-05,9.394863070924158e-06,4.961611584514776e-07,2.6913609157900477e-07,1.4546119544319995e-06,9.394863070924158e-06,0.00012349921127640588,3.2524530356418678e-06,-4.419103885293112e-06,-7.601917001883606e-06,4.961611584514776e-07,3.2524530356418678e-06,7.79282506678492e-06
604,0.01,broadband,learned_with_learned_kf,oracle,0.17068869429273087,0.00226056711736325,0.011685336119910749,0.00439063359008187,0.00252644810300011,0.00540180613099276,0.2993695741754204,0.01140513394549377,0.12446648219519403,0.06892719327239571,0.09840596223536782,0.05322340947844578,0.2243856114294084,0.10525035598266638,4.599961811948526e-08,1.1166013199728752e-07,-8.943586222205396e-08,2.638620438445016e-07,2.8915635712068344e-08,1.1166013199728752e-07,4.9432592299023975e-06,6.420115496868464e-07,2.9331448782074157e-07,7.889517703093783e-07,-8.943586222205396e-08,6.420115496868464e-07,1.5854935914132623e-06,-1.2593055668479073e-06,7.839078883786031e-07,2.638620438445016e-07,2.9331448782074157e-07,-1.2593055668479073e-06,6.270215487986056e-06,7.907560369364406e-08,2.8915635712068344e-08,7.889517703093783e-07,7.839078883786031e-07,7.907560369364406e-08,9.184653138569171e-07
604,0.01,broadband,nominal_with_nominal_kf,learned,0.1644745825677177,0.023087718177222567,0.02916551125259078,0.05868414027424322,0.06069725824313442,0.008985579352207949,0.2739988068215195,0.09504894272935722,0.3171549592413423,0.6717614717053804,0.6534568735395062,0.09735724108880844,1.3634157224640184,1.2926492258763516,3.6949496803794104e-06,2.9224329243395736e-06,5.085192375383575e-06,4.252884146531343e-06,-8.201317156151026e-07,2.9224329243395736e-06,3.4957816996026114e-05,7.523534368267827e-06,-4.861035933535523e-06,-2.5799097590446124e-06,5.085192375383575e-06,7.523534368267827e-06,0.00025076564399177155,0.0002405605929057118,2.4243212064090753e-06,4.252884146531343e-06,-4.861035933535523e-06,0.0002405605929057118,0.0002477609457865332,2.129226170177799e-06,-8.201317156151026e-07,-2.5799097590446124e-06,2.4243212064090753e-06,2.129226170177799e-06,2.998362750748007e-06
604,0.01,broadband,nominal_with_nominal_kf,nominal,0.1644745825677177,0.032561954401153496,0.04725133754532103,0.02418029200460729,0.011568065620672651,0.01496850657825205,0.2739988068215195,0.13329989204267445,0.5128567216002133,0.283800917938543,0.12629320353546541,0.16357703703064183,0.7853940748147599,0.30979674568434795,6.24791432078744e-06,1.124253124332025e-05,2.4546592179688174e-06,-1.1396215257565784e-06,-4.357387734561396e-06,1.124253124332025e-05,9.185838601367239e-05,3.859410873468144e-05,-3.690314661557856e-06,-9.053218756513188e-06,2.4546592179688174e-06,3.859410873468144e-05,2.745432840743814e-05,-5.911016934676178e-07,5.127457690550079e-07,-1.1396215257565784e-06,-3.690314661557856e-06,-5.911016934676178e-07,5.134544468313354e-06,2.3546143321765896e-06,-4.357387734561396e-06,-9.053218756513188e-06,5.127457690550079e-07,2.3546143321765896e-06,9.005673042092127e-06
604,0.01,broadband,nominal_with_nominal_kf,oracle,0.1644745825677177,0.00226056711736325,0.011685336119910761,0.00439063359008187,0.00252644810300011,0.00540180613099276,0.2739988068215195,0.009549775808689539,0.12837817284047143,0.059637630045434466,0.03287525057955839,0.057356238275639515,0.19665849151752382,0.05211654120369735,2.8098244579428048e-08,1.0538031962562603e-07,-6.252425707566322e-08,8.741819718569971e-08,2.9678919494596495e-08,1.0538031962562603e-07,5.038760150223153e-06,5.835172270401232e-07,5.238061111901357e-08,8.945726309862026e-07,-6.252425707566322e-08,5.835172270401232e-07,1.1071289540373823e-06,-2.954484642353347e-07,7.428594857669627e-07,8.741819718569971e-08,5.238061111901357e-08,-2.954484642353347e-07,3.3284591978783714e-07,2.9228503498300344e-08,2.9678919494596495e-08,8.945726309862026e-07,7.428594857669627e-07,2.9228503498300344e-08,1.016376885420354e-06
604,0.01,transient,learned_with_learned_kf,learned,0.15753932766579165,0.04757357491821638,0.04412739220268511,0.09941088321087882,0.10029455291333718,0.01077856165361339,0.5219187689595131,0.20169102819340168,0.48395300498915506,1.9721201183664463,8.534992613970784,0.10298268995480139,10.495738686851457,10.466950977669246,1.7316436915019004e-05,5.304813726208583e-06,8.760634806564025e-05,0.000487803476999746,-6.648121720867089e-07,5.304813726208583e-06,9.158373875924122e-05,-5.433313330472986e-05,-0.0003569828814691344,-6.050940107279413e-06,8.760634806564025e-05,-5.433313330472986e-05,0.002696822794401604,0.013405398070538315,2.8906483634967786e-06,0.000487803476999746,-0.0003569828814691344,0.013405398070538315,0.07025369047684518,6.221324477554259e-06,-6.648121720867089e-07,-6.050940107279413e-06,2.8906483634967786e-06,6.221324477554259e-06,3.468068262678725e-06
604,0.01,transient,learned_with_learned_kf,nominal,0.15753932766579165,0.05503657599802314,0.08029062625033931,0.03591319645069812,0.014303149686612279,0.018250869293090735,0.5219187689595131,0.2805841236367483,0.8602824236704055,0.6073084230781536,0.7177371713567258,0.17522211997572296,1.9505791663732626,1.110301829691721,3.221190530206972e-05,6.067338272532002e-05,2.7376410149541798e-05,4.751735863948552e-06,-9.916597338464021e-06,6.067338272532002e-05,0.00030935578460049626,0.0001747909719498492,4.8816458746414785e-05,-3.205155533995813e-05,2.7376410149541798e-05,0.0001747909719498492,0.00014279802832096084,8.127633922339883e-05,-8.447845521055423e-06,4.751735863948552e-06,4.8816458746414785e-05,8.127633922339883e-05,0.00045498516851582356,-1.0234007387265066e-05,-9.916597338464021e-06,-3.205155533995813e-05,-8.447845521055423e-06,-1.0234007387265066e-05,1.0957566620045594e-05
604,0.01,transient,learned_with_learned_kf,oracle,0.15753932766579165,0.00215578491979368,0.01103915929965729,0.0043625390210372695,0.00247648997957361,0.005420295877449165,0.5219187689595131,0.01083706707620028,0.11844512197060693,0.0737885597727665,0.10709268063672535,0.05213995927695462,0.2212002984106814,0.11334986692749367,4.0264799124967174e-08,8.062334488450809e-08,-8.845682210600711e-08,2.51356722423585e-07,2.058793574127795e-08,8.062334488450809e-08,4.441946866856473e-06,7.356871173944012e-07,-6.132161783303508e-08,6.908436962591729e-07,-8.845682210600711e-08,7.356871173944012e-07,1.8144618548485304e-06,-1.4811883744460178e-06,8.426649254824622e-07,2.51356722423585e-07,-6.132161783303508e-08,-1.4811883744460178e-06,7.246378627378399e-06,1.2640734779321e-08,2.058793574127795e-08,6.908436962591729e-07,8.426649254824622e-07,1.2640734779321e-08,8.935837065787851e-07
604,0.01,transient,nominal_with_nominal_kf,learned,0.15175084869295546,0.047033197853146996,0.04376694662210171,0.09865585634205434,0.0994232454818768,0.010274722227860186,0.5034010000998186,0.2057489172708316,0.483102300243537,1.3682248917971644,1.3305190954218173,0.10771302518095516,2.750810131846885,2.6607941482896087,2.1323219967477676e-05,1.007293369312118e-06,9.699375934886185e-05,9.276794742023397e-05,-6.703454439187782e-07,1.007293369312118e-06,8.865639983721321e-05,-3.1575231595790155e-05,-6.797874851418499e-05,-7.421279190191911e-06,9.699375934886185e-05,-3.1575231595790155e-05,0.0011406727163644425,0.0010845821307290137,3.0334409567469856e-06,9.276794742023397e-05,-6.797874851418499e-05,0.0010845821307290137,0.0010684001839336348,4.297433557119329e-06,-6.703454439187782e-07,-7.421279190191911e-06,3.0334409567469856e-06,4.297433557119329e-06,3.7051788417920143e-06
604,0.01,transient,nominal_with_nominal_kf,nominal,0.15175084869295546,0.054903108167112344,0.08004703078401919,0.03577377552958128,0.01426991496816137,0.01788205149783788,0.5034010000998186,0.23674254635905717,0.884270232210324,0.5002207319655676,0.19517257226187884,0.18790788599497088,1.4214999934350385,0.5572045135010493,1.9527669152922276e-05,5.607722198256802e-05,2.0978339026375893e-05,-1.5383312812939264e-06,-9.696623379322735e-06,5.607722198256802e-05,0.0002983044604181952,0.0001346629639553165,-2.2758093023979e-06,-3.548116017556382e-05,2.0978339026375893e-05,0.0001346629639553165,8.859349642046283e-05,5.948301125194688e-06,-7.596228016396576e-06,-1.5383312812939264e-06,-2.2758093023979e-06,5.948301125194688e-06,1.3992579862035501e-05,-7.989636616623405e-07,-9.696623379322735e-06,-3.548116017556382e-05,-7.596228016396576e-06,-7.989636616623405e-07,1.2252457566653928e-05
604,0.01,transient,nominal_with_nominal_kf,oracle,0.15175084869295546,0.00215578491979369,0.01103915929965729,0.0043625390210372695,0.00247648997957362,0.00542029587744916,0.5034010000998186,0.00935261171410144,0.12228245116104683,0.06460646159934431,0.03603949678869681,0.05603140191116,0.19164532488574632,0.055747680690318956,2.7035607999092893e-08,7.893147081185434e-08,-6.307297246357866e-08,9.221032849295383e-08,2.527876369481888e-08,7.893147081185434e-08,4.563045990464731e-06,6.642026046528319e-07,-4.8425042574822285e-08,7.874546230807094e-07,-6.307297246357866e-08,6.642026046528319e-07,1.2977114449743825e-06,-3.6588470075891023e-07,8.07152503179428e-07,9.221032849295383e-08,-4.8425042574822285e-08,-3.6588470075891023e-07,3.9840362045690225e-07,-8.036716386685585e-10,2.527876369481888e-08,7.874546230807094e-07,8.07152503179428e-07,-8.036716386685585e-10,9.76168815057737e-07
604,1.0,broadband,learned_with_learned_kf,learned,0.1445744023632442,0.029353953715693864,0.025759731539454093,0.04583571413909859,0.044352178065223166,0.018128106293122635,0.5069367022919017,0.14009430855245703,0.23232523539504837,0.289516427823913,0.26611479364078183,0.16527922377594684,0.6400187210363613,0.510744855401301,9.843151611073893e-06,1.4555106131875104e-06,-4.4009168511036725e-06,-1.210990598199871e-06,9.13210230469426e-08,1.4555106131875104e-06,1.7698688014695315e-05,1.9962862188316246e-06,1.5812315836944943e-06,2.4253354763263783e-08,-4.4009168511036725e-06,1.9962862188316246e-06,4.3879101295655475e-05,2.5759062352093285e-05,4.507967394288035e-07,-1.210990598199871e-06,1.5812315836944943e-06,2.5759062352093285e-05,3.333798810127258e-05,2.254757449885127e-07,9.13210230469426e-08,2.4253354763263783e-08,4.507967394288035e-07,2.254757449885127e-07,8.699111803643772e-06
604,1.0,broadband,learned_with_learned_kf,nominal,0.1445744023632442,0.044450615745486116,0.02589051377954511,0.02192342346409108,0.019451582375224055,0.018289971866223453,0.5069367022919017,0.2291960551207552,0.23339738347924585,0.2234558975220307,0.18049119605966818,0.1665963027856982,0.6313971938907862,0.34458955907486316,2.2941372651019813e-05,2.3480111513101484e-06,8.441267602793705e-06,9.033401023602278e-06,-4.4940029620821526e-08,2.3480111513101484e-06,1.786817298862848e-05,3.331424558175593e-06,2.9024279975838354e-06,-3.492778221455012e-08,8.441267602793705e-06,3.331424558175593e-06,2.6255663529947883e-05,9.638577431519044e-06,5.46444260600123e-07,9.033401023602278e-06,2.9024279975838354e-06,9.638577431519044e-06,1.648277954379078e-05,1.6773415368302476e-08,-4.4940029620821526e-08,-3.492778221455012e-08,5.46444260600123e-07,1.6773415368302476e-08,8.825395919730161e-06
604,1.0,broadband,learned_with_learned_kf,oracle,0.1445744023632442,0.011854160464299459,0.025450977140611543,0.01174843608999572,0.010825703946169354,0.01809794142732633,0.5069367022919017,0.05846791608880599,0.2295961442051305,0.12007772264621241,0.10448360176071632,0.16503755730812122,0.3342328427546696,0.10353717375058646,1.287248509393646e-06,1.0719182623460094e-07,-1.6577776797545715e-06,1.764479657167557e-06,1.405881561306037e-07,1.0719182623460094e-07,1.7301679000078096e-05,5.542661908615287e-07,6.232468442878959e-07,4.0862341334239656e-08,-1.6577776797545715e-06,5.542661908615287e-07,6.523458910689662e-06,-3.583208231937616e-06,3.9082646063996794e-07,1.764479657167557e-06,6.232468442878959e-07,-3.583208231937616e-06,5.096681431360187e-06,2.103503736029789e-07,1.405881561306037e-07,4.0862341334239656e-08,3.9082646063996794e-07,2.103503736029789e-07,8.67567466475257e-06
604,1.0,broadband,nominal_with_nominal_kf,learned,0.16055393199320528,0.028979267246863234,0.025718416523887778,0.045544150279741916,0.04446244279707897,0.018186681082928473,0.5930600545478066,0.11970793879587935,0.2828348163140286,0.5359125681122259,0.4966715674460899,0.1931638138024437,1.0493547888022654,0.962537339783141,5.143644581743665e-06,1.0493462623108943e-06,-9.430811169700025e-06,-5.614729269628888e-06,1.39133216847459e-07,1.0493462623108943e-06,2.4399994542252702e-05,5.022629413781559e-07,3.8096956215347607e-07,3.4469078332084866e-08,-9.430811169700025e-06,5.022629413781559e-07,0.00015016623950939685,0.00012800660255057745,1.7084111962082655e-06,-5.614729269628888e-06,3.8096956215347607e-07,0.00012800660255057745,0.00013404034104949419,1.117695744448576e-06,1.39133216847459e-07,3.4469078332084866e-08,1.7084111962082655e-06,1.117695744448576e-06,1.1374212703841451e-05
604,1.0,broadband,nominal_with_nominal_kf,nominal,0.16055393199320528,0.04441079940940932,0.025881323016295383,0.02157045359722706,0.01920449256137649,0.01838548110473068,0.5930600545478066,0.18272370037629154,0.2845952243544566,0.2693614856793197,0.22802910558322326,0.19529942392284003,0.6830658697840248,0.3991402676241892,1.1802699796320138e-05,2.3475725023859025e-06,5.379972557398624e-06,8.573193438651582e-06,-2.8972204746062846e-08,2.3475725023859025e-06,2.470962270747178e-05,4.1352296043692175e-06,3.5152669069263674e-06,-1.7325783214648898e-08,5.379972557398624e-06,4.1352296043692175e-06,2.3507042571151133e-05,7.545227409104349e-06,1.0428597804885597e-06,8.573193438651582e-06,3.5152669069263674e-06,7.545227409104349e-06,1.6747703004624648e-05,3.2182103477755787e-07,-2.8972204746062846e-08,-1.7325783214648898e-08,1.0428597804885597e-06,3.2182103477755787e-07,1.1636122417908067e-05
604,1.0,broadband,nominal_with_nominal_kf,oracle,0.16055393199320528,0.011854160464299459,0.025450977140611553,0.01174843608999572,0.01082570394616935,0.01809794142732633,0.5930600545478066,0.0506591046149932,0.2799592707472548,0.16148472670785857,0.1458569577763972,0.1922758685663556,0.395025410439465,0.12119688144098932,7.859942172151297e-07,7.460412578257819e-08,-1.6880929821431466e-06,2.149324796588484e-06,1.4574207465446256e-07,7.460412578257819e-08,2.3900904742501202e-05,8.01027574149465e-07,7.771723615220092e-07,4.224264152350426e-08,-1.6880929821431466e-06,8.01027574149465e-07,8.09587910027754e-06,-4.852949792386529e-06,6.236258727360418e-07,2.149324796588484e-06,7.771723615220092e-07,-4.852949792386529e-06,6.560451765425658e-06,4.434971030160103e-07,1.4574207465446256e-07,4.224264152350426e-08,6.236258727360418e-07,4.434971030160103e-07,1.1267749555944638e-05
604,1.0,transient,learned_with_learned_kf,learned,0.12928615159453957,0.04166738617861061,0.02572561288599819,0.07194395909709253,0.07080661123758063,0.018047338326395046,0.6636856891726444,0.2046457035597376,0.23352440849546707,0.4674578833029228,0.4723920018660114,0.16208646278887884,0.9872192394139949,0.9049042887722212,2.1834646828431326e-05,2.1388557906134466e-06,-1.1137637396728262e-05,-6.7556241637502135e-06,-1.0947698997811773e-08,2.1388557906134466e-06,1.7915535136736844e-05,1.6239305714458083e-06,1.3534450298127635e-06,3.153635261701142e-08,-1.1137637396728262e-05,1.6239305714458083e-06,0.00010624358460233265,8.805533009258228e-05,3.131673858812682e-07,-6.7556241637502135e-06,1.3534450298127635e-06,8.805533009258228e-05,0.00010552618062149131,1.0442751884561439e-07,-1.0947698997811773e-08,3.153635261701142e-08,3.131673858812682e-07,1.0442751884561439e-07,8.394673753430391e-06
604,1.0,transient,learned_with_learned_kf,nominal,0.12928615159453957,0.07365529954831004,0.026448062284931656,0.031202655155529842,0.028560306747845467,0.018204939662898344,0.6636856891726444,0.4125686850061637,0.2403790685637483,0.3431790958577846,0.30132213999980373,0.16340384349527565,1.033509562174428,0.5958050083237224,7.35812380607769e-05,7.049919448762013e-06,3.575921636322907e-05,2.9397353011536706e-05,2.5035947623879217e-07,7.049919448762013e-06,1.906801392745573e-05,9.246580038599983e-06,8.702446805047895e-06,1.0377388890778512e-07,3.575921636322907e-05,9.246580038599983e-06,6.280806772931521e-05,4.209789798672099e-05,1.0184767855972133e-06,2.9397353011536706e-05,8.702446805047895e-06,4.209789798672099e-05,5.1847591779627885e-05,4.884596712483474e-07,2.5035947623879217e-07,1.0377388890778512e-07,1.0184767855972133e-06,4.884596712483474e-07,8.519926655722483e-06
604,1.0,transient,learned_with_learned_kf,oracle,0.12928615159453957,0.01203860668014146,0.025147985609625258,0.01164409874493484,0.010785321588043534,0.01799862227153514,0.6636856891726444,0.06153832930403018,0.22831974473030742,0.1291646658004998,0.11560699491206852,0.161657008804665,0.33306121056676374,0.10919699941920688,1.4154079401791742e-06,2.2589671548133863e-08,-1.9054782168959974e-06,1.9694218529537475e-06,4.8107442115435235e-08,2.2589671548133863e-08,1.713750635783947e-05,7.076070343912383e-07,5.329047589151857e-07,4.773428033573405e-08,-1.9054782168959974e-06,7.076070343912383e-07,7.435663749994277e-06,-4.393112704911788e-06,4.755779404438812e-07,1.9694218529537475e-06,5.329047589151857e-07,-4.393112704911788e-06,6.2076506958000636e-06,1.8285051926690871e-07,4.8107442115435235e-08,4.773428033573405e-08,4.755779404438812e-07,1.8285051926690871e-07,8.352456664933276e-06
604,1.0,transient,nominal_with_nominal_kf,learned,0.1479579431090408,0.04151632621965075,0.02570431080890746,0.07174549849959697,0.07102533924354196,0.018105429200592698,0.7374015945662691,0.17930536318921936,0.28488540797202155,1.0033880364044632,0.9675936112387706,0.18740174469635754,1.978512617941874,1.9183223639057925,1.2294441831040502e-05,1.5707598004457108e-06,2.8790167385431127e-06,6.860676790529415e-06,1.6554518516271855e-07,1.5707598004457108e-06,2.475315941323518e-05,1.8412900096944606e-06,1.3464876325538555e-06,1.1129153154745796e-07,2.8790167385431127e-06,1.8412900096944606e-06,0.0006257591132904547,0.0005921304895052414,1.8068716819332229e-06,6.860676790529415e-06,1.3464876325538555e-06,0.0005921304895052414,0.0005929547667766568,1.0152162033565874e-06,1.6554518516271855e-07,1.1129153154745796e-07,1.8068716819332229e-06,1.0152162033565874e-06,1.070130050725282e-05
604,1.0,transient,nominal_with_nominal_kf,nominal,0.1479579431090408,0.07364752170856112,0.02644619815588447,0.030893998666732547,0.02840769496681314,0.01830282541177679,0.7374015945662691,0.31888322412999937,0.293059673022406,0.4374955205306117,0.3943349745548395,0.18946745424555633,1.169729035941514,0.7547226537683689,3.693874457057067e-05,7.937868751499435e-06,3.0724834278001825e-05,3.305365199711882e-05,3.9467494049273426e-07,7.937868751499435e-06,2.6217126168020865e-05,1.2082254918602e-05,1.0792579896752729e-05,2.4378740388444157e-07,3.0724834278001825e-05,1.2082254918602e-05,6.790193133265684e-05,4.731123788509592e-05,1.5473325918597983e-06,3.305365199711882e-05,1.0792579896752729e-05,4.731123788509592e-05,5.727656928691527e-05,6.752487968468526e-07,3.9467494049273426e-07,2.4378740388444157e-07,1.5473325918597983e-06,6.752487968468526e-07,1.0942538874117943e-05
604,1.0,transient,nominal_with_nominal_kf,oracle,0.1479579431090408,0.01203860668014146,0.02514798560962525,0.01164409874493484,0.01078532158804353,0.01799862227153514,0.7374015945662691,0.05273482786027521,0.27879241629903706,0.17515994070598315,0.16203800263044893,0.18627751355446895,0.39383863671022673,0.12734240473180466,8.525170559516152e-07,-2.924407234347649e-08,-1.983566300009363e-06,2.482591218497631e-06,1.0068384120895514e-07,-2.924407234347649e-08,2.3694210472823205e-05,1.0010096624380545e-06,6.41912020028376e-07,1.48451989693106e-07,-1.983566300009363e-06,1.0010096624380545e-06,9.480406718563492e-06,-6.0760311917044384e-06,7.597606080441359e-07,2.482591218497631e-06,6.41912020028376e-07,-6.0760311917044384e-06,8.078369842397277e-06,2.7768717402647503e-07,1.0068384120895514e-07,1.48451989693106e-07,7.597606080441359e-07,2.7768717402647503e-07,1.0574041536408979e-05
605,0.01,broadband,learned_with_learned_kf,learned,0.14383951122976488,0.019777981718053693,0.034149734773945783,0.03153956625267591,0.02553120366060157,0.009051328093106005,0.2501442989582854,0.02381561436995919,0.2993740412149644,0.0626878133750437,0.10689441287184616,0.09875570820549376,0.3511372375407014,0.1582439968562034,2.949370070160176e-07,7.454201384909088e-08,-1.0179943997388782e-07,-1.3126975308081537e-07,-4.422278285116744e-08,7.454201384909088e-08,3.831532940896732e-05,4.869145642447899e-06,2.2630181765383018e-06,-5.149298639296869e-06,-1.0179943997388782e-07,4.869145642447899e-06,1.8459393879797946e-06,2.0816009921828896e-06,-5.860021866891502e-07,-1.3126975308081537e-07,2.2630181765383018e-06,2.0816009921828896e-06,7.2107409657336064e-06,-2.4801316478445177e-07,-4.422278285116744e-08,-5.149298639296869e-06,-5.860021866891502e-07,-2.4801316478445177e-07,3.1510046260789236e-06
605,0.01,broadband,learned_with_learned_kf,nominal,0.14383951122976488,0.03563023486547627,0.04137387170060862,0.02221421143249707,0.011489945983244676,0.012180229108108991,0.2501442989582854,0.04297361004511158,0.351766780713127,0.07517183564732541,0.07345913225845868,0.1343703318789991,0.4530879043862618,0.09692365197314326,1.170508115289889e-06,1.6611530410839722e-06,1.2667657176297665e-07,-3.434305951143747e-08,-8.91798533103935e-07,1.6611530410839722e-06,5.016687963050443e-05,1.069470745458397e-05,-4.550122461570165e-07,-5.527551179579364e-08,1.2667657176297665e-07,1.069470745458397e-05,4.277968836000603e-06,-1.1527733702190404e-06,5.252865771819243e-07,-3.434305951143747e-08,-4.550122461570165e-07,-1.1527733702190404e-06,4.2530709742574065e-06,1.6067139542050508e-06,-8.91798533103935e-07,-5.527551179579364e-08,5.252865771819243e-07,1.6067139542050508e-06,6.092980022669655e-06
605,0.01,broadband,learned_with_learned_kf,oracle,0.14383951122976488,0.0022787421516902396,0.011673583863668,0.004521221308080615,0.0025816815278483897,0.00548375786121554,0.2501442989582854,0.003795816226427505,0.09717966643618867,0.015882166448674857,0.01751883303697775,0.0608667192691751,0.1422211374933015,0.01947850920909735,5.958005657265755e-09,8.727168850902702e-09,-1.658587611382072e-09,-8.029518064411934e-09,3.047751714302768e-09,8.727168850902702e-09,3.36969901265008e-06,1.702908445287438e-07,-1.8543698176282032e-08,7.123342968218849e-07,-1.658587611382072e-09,1.702908445287438e-07,1.393839241663179e-07,-8.360359492803485e-08,2.3534373965655604e-07,-8.029518064411934e-09,-1.8543698176282032e-08,-8.360359492803485e-08,2.2163347567270048e-07,2.3042547488929334e-09,3.047751714302768e-09,7.123342968218849e-07,2.3534373965655604e-07,2.3042547488929334e-09,1.2276280436349123e-06
605,0.01,broadband,nominal_with_nominal_kf,learned,0.16500871257684993,0.019653818491371974,0.034181717858829654,0.03197191740069236,0.02585195117867885,0.009344359950397067,0.2708263935262937,0.08041672273848077,0.3710313737545854,0.3670227735919023,0.2797277135321002,0.10159522392050784,0.7841106285242423,0.6201711733852989,2.712835394151185e-06,-3.866980677380246e-06,-4.3032150092953674e-06,-2.818136642343515e-06,7.40653615060933e-07,-3.866980677380246e-06,4.60164106997541e-05,2.2397181469411725e-05,9.004426547414625e-06,-6.244748874958307e-06,-4.3032150092953674e-06,2.2397181469411725e-05,4.889154940240297e-05,3.4049560025923434e-05,-4.116656440979219e-06,-2.818136642343515e-06,9.004426547414625e-06,3.4049560025923434e-05,3.1583893792207115e-05,-1.9819191674634467e-06,7.40653615060933e-07,-6.244748874958307e-06,-4.116656440979219e-06,-1.9819191674634467e-06,3.317174593267044e-06
605,0.01,broadband,nominal_with_nominal_kf,nominal,0.16500871257684993,0.03549734370315387,0.04233263578605121,0.02300880361383903,0.01164909553160835,0.01312286275305929,0.2708263935262937,0.14531004097058514,0.4598519340795435,0.2707763446403698,0.12742846055144508,0.14288733556489266,0.7218275796804132,0.27105660151818567,8.243019382490466e-06,6.1083865668571495e-06,8.852081912640184e-07,-6.979664822113083e-07,-3.7591517081693673e-06,6.1083865668571495e-06,7.369057159784143e-05,3.35059104891486e-05,-4.435699247773438e-06,-3.6117506785084602e-06,8.852081912640184e-07,3.35059104891486e-05,2.4825681365679333e-05,-3.0809304615948842e-06,1.0088477644626327e-06,-6.979664822113083e-07,-4.435699247773438e-06,-3.0809304615948842e-06,5.18283742046354e-06,2.2502052740816382e-06,-3.7591517081693673e-06,-3.6117506785084602e-06,1.0088477644626327e-06,2.2502052740816382e-06,6.794960573829149e-06
605,0.01,broadband,nominal_with_nominal_kf,oracle,0.16500871257684993,0.0022787421516902396,0.01167358386366801,0.00452122130808061,0.0025816815278483897,0.00548375786121554,0.2708263935262937,0.00965000670397448,0.1282388054882455,0.061670271536747645,0.03421231658320064,0.058153605414632784,0.19597380271218198,0.05318487144394991,2.8625432015647553e-08,6.742830764159739e-08,-6.65608259331653e-08,9.079770586141814e-08,2.2289645530888606e-08,6.742830764159739e-08,5.023340679721965e-06,6.515757975365917e-07,-7.112840489055826e-08,8.716693451124399e-07,-6.65608259331653e-08,6.515757975365917e-07,1.1732189668777445e-06,-3.278750835501341e-07,8.062199988186068e-07,9.079770586141814e-08,-7.112840489055826e-08,-3.278750835501341e-07,3.602035246710662e-07,-4.617284933950977e-10,2.2289645530888606e-08,8.716693451124399e-07,8.062199988186068e-07,-4.617284933950977e-10,1.055750890132342e-06
605,0.01,transient,learned_with_learned_kf,learned,0.13048424652030238,0.03191633323394665,0.046706711912933706,0.049780327140765836,0.039401673765540615,0.010829884005725985,0.48506088186072943,0.05205197820758832,0.41637356211857435,0.12229415062667659,0.1747262832314399,0.11746047235066621,0.5346405652537723,0.287753196035944,1.480503555323923e-06,9.892693085189428e-07,-1.1835216803305947e-07,-6.777496048394551e-07,-2.6654195260949573e-07,9.892693085189428e-07,8.327480349921019e-05,1.2365601538637775e-05,8.372153578827827e-06,-1.1201697876543477e-05,-1.1835216803305947e-07,1.2365601538637775e-05,6.166366376852716e-06,7.741079376544462e-06,-1.8227542550311326e-06,-6.777496048394551e-07,8.372153578827827e-06,7.741079376544462e-06,1.8379655415214097e-05,-1.2068030459128033e-06,-2.6654195260949573e-07,-1.1201697876543477e-05,-1.8227542550311326e-06,-1.2068030459128033e-06,4.644922075583235e-06
605,0.01,transient,learned_with_learned_kf,nominal,0.13048424652030238,0.05973773090220458,0.0644710395228897,0.03197218075990956,0.013002364722672119,0.014227176760597645,0.48506088186072943,0.09334242192142497,0.5178403763257905,0.13448033649629038,0.09383834679846892,0.15377140940718032,0.6521953185678129,0.15390201951720625,4.839631596542277e-06,5.780230658473574e-06,4.736209929897813e-07,-4.2825114865870255e-07,-1.948193830232757e-06,5.780230658473574e-06,0.00010348021614192992,2.7609013216963032e-05,8.513831971327697e-08,-1.0487425864367308e-05,4.736209929897813e-07,2.7609013216963032e-05,1.2802776640339749e-05,-2.124638326377503e-06,-1.4390857556301262e-07,-4.2825114865870255e-07,8.513831971327697e-08,-2.124638326377503e-06,6.272144043919379e-06,-1.8963174748080872e-06,-1.948193830232757e-06,-1.0487425864367308e-05,-1.4390857556301262e-07,-1.8963174748080872e-06,8.027908625568186e-06
605,0.01,transient,learned_with_learned_kf,oracle,0.13048424652030238,0.002215864507781545,0.01138666912693352,0.004321537679809929,0.0025014793443234153,0.00550572589698814,0.48506088186072943,0.004028164532350245,0.09471323949846983,0.017024334552778915,0.018750927647674845,0.06065814368109192,0.14129997017909546,0.02123692818180942,6.681064007078771e-09,1.0438606182351852e-08,-1.804820817279007e-09,-1.0614199895538491e-08,9.500816728712623e-10,1.0438606182351852e-08,3.1902336433607917e-06,1.523798868540746e-07,1.0723298185385309e-08,6.758317889208424e-07,-1.804820817279007e-09,1.523798868540746e-07,1.532170230238576e-07,-9.048028434372396e-08,2.3663230938093965e-07,-1.0614199895538491e-08,1.0723298185385309e-08,-9.048028434372396e-08,2.5437858884079756e-07,2.544702103364496e-08,9.500816728712623e-10,6.758317889208424e-07,2.3663230938093965e-07,2.544702103364496e-08,1.2036785334796857e-06
605,0.01,transient,nominal_with_nominal_kf,learned,0.14622140447148407,0.031859836200267874,0.04681934627946079,0.050168840756787646,0.039562560811123235,0.011130118919208835,0.49496166897868515,0.13703699688566187,0.5156658224399242,0.6873510765647481,0.5303625311881437,0.11784774336507384,1.4549761849249463,1.1945703288190503,8.115991440502619e-06,-5.510029684820078e-06,-2.076301402390126e-06,-1.2597326985814984e-07,9.446431538985877e-07,-5.510029684820078e-06,9.651458234020066e-05,6.442648955256572e-05,3.062607693687811e-05,-1.3920274909012247e-05,-2.076301402390126e-06,6.442648955256572e-05,0.00018446418584644743,0.00014105382907004288,-1.1884925581751327e-05,-1.2597326985814984e-07,3.062607693687811e-05,0.00014105382907004288,0.00012432347472056605,-6.337681172273042e-06,9.446431538985877e-07,-1.3920274909012247e-05,-1.1884925581751327e-05,-6.337681172273042e-06,4.731487306334559e-06
605,0.01,transient,nominal_with_nominal_kf,nominal,0.14622140447148407,0.05970224411508636,0.06480356302160853,0.03253336971598967,0.01305155490076279,0.014908328830001899,0.49496166897868515,0.2571998276548965,0.7163092106843599,0.4566331239743846,0.1802137644469652,0.1560334599164814,1.2564168934764681,0.47607891052905227,2.5961720711228697e-05,4.558895993923057e-05,1.7982684962795567e-05,-4.6741248774430274e-08,-9.165825445568102e-06,4.558895993923057e-05,0.00018887298171867275,9.366340253335771e-05,-6.268088953334599e-06,-1.9034665710803314e-05,1.7982684962795567e-05,9.366340253335771e-05,6.921665015750335e-05,-1.6531105312735485e-06,-2.9538277917854114e-06,-4.6741248774430274e-08,-6.268088953334599e-06,-1.6531105312735485e-06,1.0959268565736725e-05,-9.230068854706907e-07,-9.165825445568102e-06,-1.9034665710803314e-05,-2.9538277917854114e-06,-9.230068854706907e-07,8.415324384187668e-06
605,0.01,transient,nominal_with_nominal_kf,oracle,0.14622140447148407,0.00221586450778156,0.011386669126933511,0.00432153767980991,0.00250147934432342,0.00550572589698814,0.49496166897868515,0.00960035474548053,0.12609248341941282,0.06429231582602586,0.0360920540184486,0.05686590154836289,0.1965800510802536,0.05643756300161101,2.859503281537466e-08,8.443337156193552e-08,-6.048464183044641e-08,9.539674990809142e-08,3.10294642626686e-08,8.443337156193552e-08,4.856139290656653e-06,6.59185683052588e-07,-2.11556741778431e-08,8.519786888196805e-07,-6.048464183044641e-08,6.59185683052588e-07,1.2803049359144469e-06,-3.4593586382150847e-07,8.050805258017446e-07,9.539674990809142e-08,-2.11556741778431e-08,-3.4593586382150847e-07,3.997138765420998e-07,1.8042048546508247e-08,3.10294642626686e-08,8.519786888196805e-07,8.050805258017446e-07,1.8042048546508247e-08,1.0037024347990097e-06
605,1.0,broadband,learned_with_learned_kf,learned,0.13836810225977755,0.027198424531900616,0.025474740409342944,0.052157776577236914,0.052069766936276685,0.01801684118354224,0.43328123737332025,0.08699275991587087,0.2073621961819788,0.16304519131749004,0.1509102232664623,0.1721449597262696,0.43309916473491283,0.30020484818542276,2.8452903825091415e-06,3.9950811899571593e-07,-1.0806908546200207e-06,-7.349971358451193e-08,2.0978358013081778e-08,3.9950811899571593e-07,1.4175957205641389e-05,5.88473294170407e-07,8.242940320447175e-07,7.95790746711578e-08,-1.0806908546200207e-06,5.88473294170407e-07,1.2504036083362387e-05,4.193165591088813e-06,3.056491232666273e-07,-7.349971358451193e-08,8.242940320447175e-07,4.193165591088813e-06,1.1836841472446078e-05,3.203225928921602e-07,2.0978358013081778e-08,7.95790746711578e-08,3.056491232666273e-07,3.203225928921602e-07,9.678098347703094e-06
605,1.0,broadband,learned_with_learned_kf,nominal,0.13836810225977755,0.04528158449582313,0.025722644981597577,0.018947154656662545,0.017210855395257848,0.01814618238589849,0.43328123737332025,0.17032484445519552,0.20923334977875693,0.07596540397582577,0.08839764033023387,0.1732166007144681,0.40067298368787246,0.14339366770243628,1.2648071708803942e-05,8.238846893841099e-07,1.248385373879567e-06,-2.4833187487464667e-07,-4.3850684516957474e-08,8.238846893841099e-07,1.4419580077173663e-05,7.308611263751268e-07,9.575801743801778e-07,9.244682645988395e-08,1.248385373879567e-06,7.308611263751268e-07,2.4610062167015003e-06,4.128099894571666e-07,3.1735379504681193e-07,-2.4833187487464667e-07,9.575801743801778e-07,4.128099894571666e-07,5.010805031795115e-06,2.7826098133938796e-07,-4.3850684516957474e-08,9.244682645988395e-08,3.1735379504681193e-07,2.7826098133938796e-07,9.777010823913217e-06
605,1.0,broadband,learned_with_learned_kf,oracle,0.13836810225977755,0.01196369087280052,0.025425614648153398,0.01175880324791492,0.010787732565577624,0.01801759411099125,0.43328123737332025,0.0472630745583665,0.2071596485075295,0.05408065749695497,0.05581317346425457,0.17215536904888665,0.2884919966803051,0.07444861484563511,8.442279512364016e-07,5.0631055968103006e-08,-4.67644623465508e-07,-2.1311034581044654e-07,5.518580036848776e-08,5.0631055968103006e-08,1.4172951534385228e-05,1.7189953541892805e-07,4.1393942042267984e-07,6.752125923241358e-08,-4.67644623465508e-07,1.7189953541892805e-07,1.2208226865215402e-06,-5.416959441096564e-07,2.1314139868122818e-07,-2.1311034581044654e-07,4.1393942042267984e-07,-5.416959441096564e-07,1.804287957996895e-06,3.7047952992967936e-08,5.518580036848776e-08,6.752125923241358e-08,2.1314139868122818e-07,3.7047952992967936e-08,9.680941578862385e-06
605,1.0,broadband,nominal_with_nominal_kf,learned,0.1618026712760838,0.027320813045736518,0.02547195460445515,0.053281381132442886,0.052812731895636546,0.018054917100632645,0.5918071615121331,0.11275311881351002,0.2801539829830122,0.6171926807429011,0.5832271836371871,0.1916625563579606,1.2126225882487212,1.1446654184729357,4.364212004793728e-06,6.607653932904132e-08,-8.225141997925117e-06,-4.516203489666998e-06,1.5209842793258503e-07,6.607653932904132e-08,2.392761085886094e-05,1.9174078173000774e-06,2.4504363326665166e-06,1.393264370233473e-07,-8.225141997925117e-06,1.9174078173000774e-06,0.00015712224163396364,0.00013583698961233855,1.3505847035795075e-06,-4.516203489666998e-06,2.4504363326665166e-06,0.00013583698961233855,0.0001449235689627881,5.931859706698754e-07,1.5209842793258503e-07,1.393264370233473e-07,1.3505847035795075e-06,5.931859706698754e-07,1.1197783577707126e-05
605,1.0,broadband,nominal_with_nominal_kf,nominal,0.1618026712760838,0.04551701557420147,0.025752160082990076,0.02035304454048656,0.01760263437161916,0.01832088242527255,0.5918071615121331,0.18730418449137054,0.2832214865280399,0.2553020156045934,0.21262588361149098,0.1945544709464014,0.6470496096969425,0.36581221618101856,1.2713266736628584e-05,1.7133606755887825e-06,3.692183496515446e-06,7.071144867558233e-06,-7.549879020127294e-09,1.7133606755887825e-06,2.446249915696399e-05,3.3170206893616824e-06,2.862705963039864e-06,1.905213877092093e-07,3.692183496515446e-06,3.3170206893616824e-06,2.0673199610860352e-05,4.56378138787137e-06,1.4722810687274878e-06,7.071144867558233e-06,2.862705963039864e-06,4.56378138787137e-06,1.4070515136636826e-05,3.659323016019097e-07,-7.549879020127294e-09,1.905213877092093e-07,1.4722810687274878e-06,3.659323016019097e-07,1.154065036862964e-05
605,1.0,broadband,nominal_with_nominal_kf,oracle,0.1618026712760838,0.01196369087280052,0.025425614648153412,0.01175880324791492,0.010787732565577631,0.01801759411099125,0.5918071615121331,0.05118898063075803,0.27969592339220634,0.16252049334449853,0.1463766851628819,0.19126725303566436,0.3914571066024165,0.12018471414228964,8.042739829553028e-07,6.929993995787751e-08,-1.723501209273707e-06,2.171720066255391e-06,9.962535682550864e-08,6.929993995787751e-08,2.3845273587135524e-05,5.777656362180545e-07,6.96444490051761e-07,1.5640511385491791e-07,-1.723501209273707e-06,5.777656362180545e-07,8.172413778237672e-06,-4.983388814852234e-06,8.01810540016084e-07,2.171720066255391e-06,6.96444490051761e-07,-4.983388814852234e-06,6.5953630997686134e-06,2.448888726660569e-07,9.962535682550864e-08,1.5640511385491791e-07,8.01810540016084e-07,2.448888726660569e-07,1.1152152387245876e-05
605,1.0,transient,learned_with_learned_kf,learned,0.12412246336464543,0.04166098686828212,0.02570046969569763,0.08346284043389379,0.08299773227594254,0.018187669731029858,0.6016015740616663,0.1531004066917779,0.21145304083608468,0.32918915828325945,0.256292109010646,0.17217827630095628,0.720712356900995,0.5748168876240305,9.482100813378147e-06,1.186351832869726e-06,3.6951259564381504e-06,1.955251491671832e-06,1.4915347023544045e-07,1.186351832869726e-06,1.491403816921884e-05,1.4926094131518917e-06,1.697254559947094e-06,7.731248069998079e-08,3.6951259564381504e-06,1.4926094131518917e-06,5.5970188726976925e-05,1.6971845625584398e-05,3.3907622138884254e-07,1.955251491671832e-06,1.697254559947094e-06,1.6971845625584398e-05,3.199226162903046e-05,5.409936985687251e-07,1.4915347023544045e-07,7.731248069998079e-08,3.3907622138884254e-07,5.409936985687251e-07,9.654067234822003e-06
605,1.0,transient,learned_with_learned_kf,nominal,0.12412246336464543,0.07546049329543959,0.02613935786746497,0.026248988281740736,0.025003890621279758,0.018314979593786647,0.6016015740616663,0.3301329214911839,0.21444246277195242,0.12345376766877152,0.1420987871589086,0.1732012286012309,0.6005793756492215,0.2495158465239819,4.933541107097039e-05,2.7263797818049884e-06,8.9033133058799e-06,-2.5197876087384378e-06,2.101741173331169e-08,2.7263797818049884e-06,1.5258140553789336e-05,1.6807465632880868e-06,1.814406315163255e-06,7.171852373359995e-08,8.9033133058799e-06,1.6807465632880868e-06,6.638111809211878e-06,3.179725475100116e-06,3.354057248159917e-07,-2.5197876087384378e-06,1.814406315163255e-06,3.179725475100116e-06,1.3495142413555243e-05,3.6249535836104517e-07,2.101741173331169e-08,7.171852373359995e-08,3.354057248159917e-07,3.6249535836104517e-07,9.748734146306778e-06
605,1.0,transient,learned_with_learned_kf,oracle,0.12412246336464543,0.012031331567794895,0.02544214961367498,0.01151203656789017,0.010630568954045846,0.0181974754014801,0.6016015740616663,0.051148813819286085,0.20965875390395233,0.059169546991067766,0.05978323304855249,0.17227780015548075,0.2936730050338091,0.07979020354922961,1.0062263294369361e-06,7.945561466538219e-08,-5.507942649652402e-07,-2.5735368675853594e-07,8.548763893517233e-08,7.945561466538219e-08,1.471325524637513e-05,2.3197563809170749e-07,4.465155620019392e-07,8.468123640356462e-08,-5.507942649652402e-07,2.3197563809170749e-07,1.4540692983853055e-06,-6.47229852062972e-07,1.8350626850653496e-07,-2.5735368675853594e-07,4.465155620019392e-07,-6.47229852062972e-07,2.0573942477022064e-06,1.0136210956369617e-07,8.548763893517233e-08,8.468123640356462e-08,1.8350626850653496e-07,1.0136210956369617e-07,9.665576292686394e-06
605,1.0,transient,nominal_with_nominal_kf,learned,0.1442166000138176,0.04176746531618434,0.025709379674056343,0.08435317672547754,0.08364859159588021,0.018215351603433926,0.7232467309048235,0.18057693508538122,0.284988772994628,1.1622183553665741,1.123951040862829,0.18836269783994158,2.33887546203606,2.2475612730453998,1.17517559068107e-05,-8.906414435639915e-08,8.972685699900414e-06,1.317561019302739e-05,2.4304455015442366e-07,-8.906414435639915e-08,2.475948906276879e-05,6.35888832466203e-06,6.7216819676844355e-06,1.3007760838446663e-07,8.972685699900414e-06,6.35888832466203e-06,0.0006285242695608071,0.0005956967710895772,2.4574334082083464e-06,1.317561019302739e-05,6.7216819676844355e-06,0.0005956967710895772,0.000598375725929767,2.0223541727891587e-06,2.4304455015442366e-07,1.3007760838446663e-07,2.4574334082083464e-06,2.0223541727891587e-06,1.081371016663305e-05
605,1.0,transient,nominal_with_nominal_kf,nominal,0.1442166000138176,0.07571251933963638,0.02619112251904534,0.027231605055294483,0.02528437665367187,0.01846171493229675,0.7232467309048235,0.3276755197657518,0.29033312318834437,0.3873085675908527,0.35263995182482316,0.19087018094836333,1.0702981830240177,0.6660502566726496,4.0597755270402166e-05,6.087269735029407e-06,2.494502828213399e-05,2.8270302785327778e-05,6.656076598207504e-08,6.087269735029407e-06,2.5715726131926516e-05,7.173188514908079e-06,6.7664043393273764e-06,1.7022866939771937e-07,2.494502828213399e-05,7.173188514908079e-06,4.8785708003456767e-05,3.0096584722372302e-05,1.5964937821834694e-06,2.8270302785327778e-05,6.7664043393273764e-06,3.0096584722372302e-05,4.072474520560712e-05,7.795487058142955e-07,6.656076598207504e-08,1.7022866939771937e-07,1.5964937821834694e-06,7.795487058142955e-07,1.110583094466987e-05
605,1.0,transient,nominal_with_nominal_kf,oracle,0.1442166000138176,0.01203133156779489,0.02544214961367498,0.01151203656789017,0.01063056895404585,0.0181974754014801,0.7232467309048235,0.05264745828875452,0.28207052019868417,0.17305191948844179,0.15840139897207556,0.1881829600848452,0.3998391178867688,0.12879193390952987,8.498915532605058e-07,8.16614684966811e-09,-1.9187918829448463e-06,2.4251156417125967e-06,1.4620332201453713e-07,8.16614684966811e-09,2.4249614696265857e-05,8.806328079290828e-07,8.814621661031383e-07,1.8114239130309177e-07,-1.9187918829448463e-06,8.806328079290828e-07,9.243690520691431e-06,-5.726671019644382e-06,6.847433053052437e-07,2.4251156417125967e-06,8.814621661031383e-07,-5.726671019644382e-06,7.722581460059753e-06,4.2028019722878384e-07,1.4620332201453713e-07,1.8114239130309177e-07,6.847433053052437e-07,4.2028019722878384e-07,1.0792993994761796e-05
