centering,kind,lag,output,correlation,method,seed,process_noise_scale
pooled,autocorrelation,1,yaw,-0.00380595797162124,global,604,1.0
pooled,autocorrelation,1,acceleration,-0.10741714489758804,global,604,1.0
pooled,autocorrelation,1,steering,-0.34187969178170396,global,604,1.0
pooled,past_input,1,yaw,0.11247520654774462,global,604,1.0
pooled,past_input,1,acceleration,0.036064389216740655,global,604,1.0
pooled,past_input,1,steering,-0.019670140252484945,global,604,1.0
pooled,autocorrelation,2,yaw,0.2204532119505056,global,604,1.0
pooled,autocorrelation,2,acceleration,-0.011521954854183907,global,604,1.0
pooled,autocorrelation,2,steering,0.05031468723144859,global,604,1.0
pooled,past_input,2,yaw,0.09668909304103815,global,604,1.0
pooled,past_input,2,acceleration,0.028725706225897648,global,604,1.0
pooled,past_input,2,steering,-0.02585302633316481,global,604,1.0
pooled,autocorrelation,3,yaw,0.2622063732179792,global,604,1.0
pooled,autocorrelation,3,acceleration,0.056642263489829675,global,604,1.0
pooled,autocorrelation,3,steering,0.07843548687090628,global,604,1.0
pooled,past_input,3,yaw,0.08350387112121938,global,604,1.0
pooled,past_input,3,acceleration,0.020350332571441292,global,604,1.0
pooled,past_input,3,steering,-0.030716019064386865,global,604,1.0
pooled,autocorrelation,4,yaw,0.28183790230221595,global,604,1.0
pooled,autocorrelation,4,acceleration,0.077217660611965,global,604,1.0
pooled,autocorrelation,4,steering,0.09120357081152555,global,604,1.0
pooled,past_input,4,yaw,0.06892115397332951,global,604,1.0
pooled,past_input,4,acceleration,0.01432176145222444,global,604,1.0
pooled,past_input,4,steering,-0.03454242531692221,global,604,1.0
pooled,autocorrelation,5,yaw,0.2720105221453371,global,604,1.0
pooled,autocorrelation,5,acceleration,0.10635160745291762,global,604,1.0
pooled,autocorrelation,5,steering,0.05625025672857459,global,604,1.0
pooled,past_input,5,yaw,0.057286617531180396,global,604,1.0
pooled,past_input,5,acceleration,0.003706495432511615,global,604,1.0
pooled,past_input,5,steering,-0.04126201658972488,global,604,1.0
pooled,autocorrelation,6,yaw,0.2672940513995507,global,604,1.0
pooled,autocorrelation,6,acceleration,0.10374456916797671,global,604,1.0
pooled,autocorrelation,6,steering,0.09222242335760711,global,604,1.0
pooled,past_input,6,yaw,0.044632397437203396,global,604,1.0
pooled,past_input,6,acceleration,-0.0037757568911116653,global,604,1.0
pooled,past_input,6,steering,-0.04719837982839133,global,604,1.0
pooled,autocorrelation,7,yaw,0.26181772622145616,global,604,1.0
pooled,autocorrelation,7,acceleration,0.08328892987231626,global,604,1.0
pooled,autocorrelation,7,steering,0.05146849601810651,global,604,1.0
pooled,past_input,7,yaw,0.029207934360149665,global,604,1.0
pooled,past_input,7,acceleration,-0.010611117317429504,global,604,1.0
pooled,past_input,7,steering,-0.05178166721969893,global,604,1.0
pooled,autocorrelation,8,yaw,0.25568410452349427,global,604,1.0
pooled,autocorrelation,8,acceleration,0.08426315095151131,global,604,1.0
pooled,autocorrelation,8,steering,0.10026721012945913,global,604,1.0
pooled,past_input,8,yaw,0.01833950100215091,global,604,1.0
pooled,past_input,8,acceleration,-0.015840073376149167,global,604,1.0
pooled,past_input,8,steering,-0.05633727776554233,global,604,1.0
pooled,autocorrelation,9,yaw,0.20691289331133303,global,604,1.0
pooled,autocorrelation,9,acceleration,0.11999166930153492,global,604,1.0
pooled,autocorrelation,9,steering,0.06228551558643402,global,604,1.0
pooled,past_input,9,yaw,0.006415962945800475,global,604,1.0
pooled,past_input,9,acceleration,-0.0220512535349892,global,604,1.0
pooled,past_input,9,steering,-0.06290896213363152,global,604,1.0
pooled,autocorrelation,10,yaw,0.2708898659000846,global,604,1.0
pooled,autocorrelation,10,acceleration,0.08714444121991491,global,604,1.0
pooled,autocorrelation,10,steering,0.09072072148356689,global,604,1.0
pooled,past_input,10,yaw,-0.007264290148170771,global,604,1.0
pooled,past_input,10,acceleration,-0.02933901867519377,global,604,1.0
pooled,past_input,10,steering,-0.06523067663166354,global,604,1.0
pooled,autocorrelation,11,yaw,0.20249637386113686,global,604,1.0
pooled,autocorrelation,11,acceleration,0.09555640652504209,global,604,1.0
pooled,autocorrelation,11,steering,0.03221704260501141,global,604,1.0
pooled,past_input,11,yaw,-0.01888181865297539,global,604,1.0
pooled,past_input,11,acceleration,-0.03548347737387133,global,604,1.0
pooled,past_input,11,steering,-0.07323113589067196,global,604,1.0
pooled,autocorrelation,12,yaw,0.23055885472765453,global,604,1.0
pooled,autocorrelation,12,acceleration,0.1116774592894814,global,604,1.0
pooled,autocorrelation,12,steering,0.09596906768807303,global,604,1.0
pooled,past_input,12,yaw,-0.029859551161467594,global,604,1.0
pooled,past_input,12,acceleration,-0.04579152970161335,global,604,1.0
pooled,past_input,12,steering,-0.0766486079654431,global,604,1.0
pooled,autocorrelation,13,yaw,0.2149930217445951,global,604,1.0
pooled,autocorrelation,13,acceleration,0.08600859447309832,global,604,1.0
pooled,autocorrelation,13,steering,0.015370110033653298,global,604,1.0
pooled,past_input,13,yaw,-0.04406037748542052,global,604,1.0
pooled,past_input,13,acceleration,-0.05252474792371249,global,604,1.0
pooled,past_input,13,steering,-0.0793617617312254,global,604,1.0
pooled,autocorrelation,14,yaw,0.17276144785286499,global,604,1.0
pooled,autocorrelation,14,acceleration,0.08160225414369647,global,604,1.0
pooled,autocorrelation,14,steering,0.08043095216475128,global,604,1.0
pooled,past_input,14,yaw,-0.05355542975296898,global,604,1.0
pooled,past_input,14,acceleration,-0.05892589158057481,global,604,1.0
pooled,past_input,14,steering,-0.08466720163426077,global,604,1.0
pooled,autocorrelation,15,yaw,0.19053847243890468,global,604,1.0
pooled,autocorrelation,15,acceleration,0.11489218058035733,global,604,1.0
pooled,autocorrelation,15,steering,0.07070385979015305,global,604,1.0
pooled,past_input,15,yaw,-0.06428790027267262,global,604,1.0
pooled,past_input,15,acceleration,-0.06611023765553364,global,604,1.0
pooled,past_input,15,steering,-0.08920039367941435,global,604,1.0
pooled,autocorrelation,16,yaw,0.17728082156846908,global,604,1.0
pooled,autocorrelation,16,acceleration,0.07282704031257131,global,604,1.0
pooled,autocorrelation,16,steering,0.06891440564296383,global,604,1.0
pooled,past_input,16,yaw,-0.07050918444337322,global,604,1.0
pooled,past_input,16,acceleration,-0.07130977854864293,global,604,1.0
pooled,past_input,16,steering,-0.09403675293932977,global,604,1.0
pooled,autocorrelation,17,yaw,0.14852966554525368,global,604,1.0
pooled,autocorrelation,17,acceleration,0.06641637957466978,global,604,1.0
pooled,autocorrelation,17,steering,0.023785201751480238,global,604,1.0
pooled,past_input,17,yaw,-0.08120873797764146,global,604,1.0
pooled,past_input,17,acceleration,-0.08175184931359024,global,604,1.0
pooled,past_input,17,steering,-0.09749998987516988,global,604,1.0
pooled,autocorrelation,18,yaw,0.11727495754244271,global,604,1.0
pooled,autocorrelation,18,acceleration,0.04834995192306425,global,604,1.0
pooled,autocorrelation,18,steering,0.04986027814716392,global,604,1.0
pooled,past_input,18,yaw,-0.09096534575975272,global,604,1.0
pooled,past_input,18,acceleration,-0.08978827237112949,global,604,1.0
pooled,past_input,18,steering,-0.09620264807502686,global,604,1.0
pooled,autocorrelation,19,yaw,0.14992150537603463,global,604,1.0
pooled,autocorrelation,19,acceleration,0.07777937006146342,global,604,1.0
pooled,autocorrelation,19,steering,0.056034984858779766,global,604,1.0
pooled,past_input,19,yaw,-0.09963700724063519,global,604,1.0
pooled,past_input,19,acceleration,-0.0928671463299446,global,604,1.0
pooled,past_input,19,steering,-0.10341413243827884,global,604,1.0
pooled,autocorrelation,20,yaw,0.10225174485659254,global,604,1.0
pooled,autocorrelation,20,acceleration,0.06702808724930648,global,604,1.0
pooled,autocorrelation,20,steering,0.020679517373951115,global,604,1.0
pooled,past_input,20,yaw,-0.10648384227213095,global,604,1.0
pooled,past_input,20,acceleration,-0.09968980960001972,global,604,1.0
pooled,past_input,20,steering,-0.10579828075531109,global,604,1.0
within_record,autocorrelation,1,yaw,-0.04320101390531473,global,604,1.0
within_record,autocorrelation,1,acceleration,-0.13893781376933612,global,604,1.0
within_record,autocorrelation,1,steering,-0.37134936063085233,global,604,1.0
within_record,past_input,1,yaw,0.08505609060595964,global,604,1.0
within_record,past_input,1,acceleration,0.07794917136787695,global,604,1.0
within_record,past_input,1,steering,0.009553850240856653,global,604,1.0
within_record,autocorrelation,2,yaw,0.19031570038787185,global,604,1.0
within_record,autocorrelation,2,acceleration,-0.039795801924185276,global,604,1.0
within_record,autocorrelation,2,steering,0.02896069450414772,global,604,1.0
within_record,past_input,2,yaw,0.06567583698955921,global,604,1.0
within_record,past_input,2,acceleration,0.0694556108572768,global,604,1.0
within_record,past_input,2,steering,0.0029854274496786976,global,604,1.0
within_record,autocorrelation,3,yaw,0.2332700044573303,global,604,1.0
within_record,autocorrelation,3,acceleration,0.02956878132312849,global,604,1.0
within_record,autocorrelation,3,steering,0.05778828099461192,global,604,1.0
within_record,past_input,3,yaw,0.04682352349704668,global,604,1.0
within_record,past_input,3,acceleration,0.06065929425120552,global,604,1.0
within_record,past_input,3,steering,-0.00444451629980404,global,604,1.0
within_record,autocorrelation,4,yaw,0.25366589953486046,global,604,1.0
within_record,autocorrelation,4,acceleration,0.049852560745681104,global,604,1.0
within_record,autocorrelation,4,steering,0.07036003977727318,global,604,1.0
within_record,past_input,4,yaw,0.02900569248278569,global,604,1.0
within_record,past_input,4,acceleration,0.05357581223113609,global,604,1.0
within_record,past_input,4,steering,-0.010215282269048038,global,604,1.0
within_record,autocorrelation,5,yaw,0.24285452792473794,global,604,1.0
within_record,autocorrelation,5,acceleration,0.07930299315360924,global,604,1.0
within_record,autocorrelation,5,steering,0.03388772163991727,global,604,1.0
within_record,past_input,5,yaw,0.01237522608507671,global,604,1.0
within_record,past_input,5,acceleration,0.04520410081590412,global,604,1.0
within_record,past_input,5,steering,-0.01952060346547409,global,604,1.0
within_record,autocorrelation,6,yaw,0.23830502030155915,global,604,1.0
within_record,autocorrelation,6,acceleration,0.07716787300146838,global,604,1.0
within_record,autocorrelation,6,steering,0.07066100883333337,global,604,1.0
within_record,past_input,6,yaw,-0.0037727200070667884,global,604,1.0
within_record,past_input,6,acceleration,0.03667866567260728,global,604,1.0
within_record,past_input,6,steering,-0.0242026730153672,global,604,1.0
within_record,autocorrelation,7,yaw,0.23257214034136275,global,604,1.0
within_record,autocorrelation,7,acceleration,0.05512372698716473,global,604,1.0
within_record,autocorrelation,7,steering,0.02901324136730754,global,604,1.0
within_record,past_input,7,yaw,-0.0241788505017184,global,604,1.0
within_record,past_input,7,acceleration,0.027048635787555158,global,604,1.0
within_record,past_input,7,steering,-0.03240796178055311,global,604,1.0
within_record,autocorrelation,8,yaw,0.22562373370202596,global,604,1.0
within_record,autocorrelation,8,acceleration,0.05640004991399037,global,604,1.0
within_record,autocorrelation,8,steering,0.0787857799981034,global,604,1.0
within_record,past_input,8,yaw,-0.03866276089738626,global,604,1.0
within_record,past_input,8,acceleration,0.020141889432879298,global,604,1.0
within_record,past_input,8,steering,-0.04046710507499144,global,604,1.0
within_record,autocorrelation,9,yaw,0.17443555789929843,global,604,1.0
within_record,autocorrelation,9,acceleration,0.09299366541408231,global,604,1.0
within_record,autocorrelation,9,steering,0.03948701071809522,global,604,1.0
within_record,past_input,9,yaw,-0.055942884533620174,global,604,1.0
within_record,past_input,9,acceleration,0.016436426911041413,global,604,1.0
within_record,past_input,9,steering,-0.04889475826748408,global,604,1.0
within_record,autocorrelation,10,yaw,0.24089387668928133,global,604,1.0
within_record,autocorrelation,10,acceleration,0.0586463773470285,global,604,1.0
within_record,autocorrelation,10,steering,0.06848750267081949,global,604,1.0
within_record,past_input,10,yaw,-0.07690768230155347,global,604,1.0
within_record,past_input,10,acceleration,0.010414484125252125,global,604,1.0
within_record,past_input,10,steering,-0.05319786863584844,global,604,1.0
within_record,autocorrelation,11,yaw,0.1705824575862121,global,604,1.0
within_record,autocorrelation,11,acceleration,0.06745527484693031,global,604,1.0
within_record,autocorrelation,11,steering,0.007585930846092117,global,604,1.0
within_record,past_input,11,yaw,-0.09005162683152092,global,604,1.0
within_record,past_input,11,acceleration,0.0028075013852728427,global,604,1.0
within_record,past_input,11,steering,-0.05940832444171326,global,604,1.0
within_record,autocorrelation,12,yaw,0.19951345167255205,global,604,1.0
within_record,autocorrelation,12,acceleration,0.08384777313062584,global,604,1.0
within_record,autocorrelation,12,steering,0.07314333664562479,global,604,1.0
within_record,past_input,12,yaw,-0.10641090990990913,global,604,1.0
within_record,past_input,12,acceleration,-0.005776585864174667,global,604,1.0
within_record,past_input,12,steering,-0.06930806152728733,global,604,1.0
within_record,autocorrelation,13,yaw,0.1828541070714988,global,604,1.0
within_record,autocorrelation,13,acceleration,0.057794264385373495,global,604,1.0
within_record,autocorrelation,13,steering,-0.009801703741264321,global,604,1.0
within_record,past_input,13,yaw,-0.12571245063155329,global,604,1.0
within_record,past_input,13,acceleration,-0.014651836465521251,global,604,1.0
within_record,past_input,13,steering,-0.07409611017343333,global,604,1.0
within_record,autocorrelation,14,yaw,0.1388714134550672,global,604,1.0
within_record,autocorrelation,14,acceleration,0.052784273781609416,global,604,1.0
within_record,autocorrelation,14,steering,0.05662694720982248,global,604,1.0
within_record,past_input,14,yaw,-0.13904528715818645,global,604,1.0
within_record,past_input,14,acceleration,-0.022056813253259974,global,604,1.0
within_record,past_input,14,steering,-0.08030885486762715,global,604,1.0
within_record,autocorrelation,15,yaw,0.1579568634514217,global,604,1.0
within_record,autocorrelation,15,acceleration,0.08660216225251008,global,604,1.0
within_record,autocorrelation,15,steering,0.0467888994863803,global,604,1.0
within_record,past_input,15,yaw,-0.1530227968779816,global,604,1.0
within_record,past_input,15,acceleration,-0.027248041663940792,global,604,1.0
within_record,past_input,15,steering,-0.08542626972831172,global,604,1.0
within_record,autocorrelation,16,yaw,0.1431346329302184,global,604,1.0
within_record,autocorrelation,16,acceleration,0.042803162039350695,global,604,1.0
within_record,autocorrelation,16,steering,0.04487218814048517,global,604,1.0
within_record,past_input,16,yaw,-0.16327940830798557,global,604,1.0
within_record,past_input,16,acceleration,-0.03360485885089423,global,604,1.0
within_record,past_input,16,steering,-0.09105180259067855,global,604,1.0
within_record,autocorrelation,17,yaw,0.1135038125155914,global,604,1.0
within_record,autocorrelation,17,acceleration,0.03569300059085599,global,604,1.0
within_record,autocorrelation,17,steering,-0.0015713941621984845,global,604,1.0
within_record,past_input,17,yaw,-0.17591529277092974,global,604,1.0
within_record,past_input,17,acceleration,-0.04816297466547436,global,604,1.0
within_record,past_input,17,steering,-0.09645562606577147,global,604,1.0
within_record,autocorrelation,18,yaw,0.08088332724672341,global,604,1.0
within_record,autocorrelation,18,acceleration,0.01691294262257896,global,604,1.0
within_record,autocorrelation,18,steering,0.02563819424494813,global,604,1.0
within_record,past_input,18,yaw,-0.190513758073351,global,604,1.0
within_record,past_input,18,acceleration,-0.056406235081010975,global,604,1.0
within_record,past_input,18,steering,-0.09928428518961227,global,604,1.0
within_record,autocorrelation,19,yaw,0.11533542696187346,global,604,1.0
within_record,autocorrelation,19,acceleration,0.04726311286784573,global,604,1.0
within_record,autocorrelation,19,steering,0.03193244357834378,global,604,1.0
within_record,past_input,19,yaw,-0.20119112022546387,global,604,1.0
within_record,past_input,19,acceleration,-0.061167607382803704,global,604,1.0
within_record,past_input,19,steering,-0.10551347232849566,global,604,1.0
within_record,autocorrelation,20,yaw,0.06501789406534575,global,604,1.0
within_record,autocorrelation,20,acceleration,0.03566708513406849,global,604,1.0
within_record,autocorrelation,20,steering,-0.004866406001368601,global,604,1.0
within_record,past_input,20,yaw,-0.21428528574220734,global,604,1.0
within_record,past_input,20,acceleration,-0.06609376900171993,global,604,1.0
within_record,past_input,20,steering,-0.11099797567886704,global,604,1.0
pooled,autocorrelation,1,yaw,-0.04679411820086033,likelihood_MAP,604,1.0
pooled,autocorrelation,1,acceleration,-0.16207736966241018,likelihood_MAP,604,1.0
pooled,autocorrelation,1,steering,-0.4144828840697444,likelihood_MAP,604,1.0
pooled,past_input,1,yaw,0.24330001831843331,likelihood_MAP,604,1.0
pooled,past_input,1,acceleration,0.08631442766219503,likelihood_MAP,604,1.0
pooled,past_input,1,steering,-0.04294003899240241,likelihood_MAP,604,1.0
pooled,autocorrelation,2,yaw,0.18919423088641207,likelihood_MAP,604,1.0
pooled,autocorrelation,2,acceleration,-0.054888685731703725,likelihood_MAP,604,1.0
pooled,autocorrelation,2,steering,-0.0016116577427834928,likelihood_MAP,604,1.0
pooled,past_input,2,yaw,0.2340835708686853,likelihood_MAP,604,1.0
pooled,past_input,2,acceleration,0.08044635801669953,likelihood_MAP,604,1.0
pooled,past_input,2,steering,-0.041856074775529946,likelihood_MAP,604,1.0
pooled,autocorrelation,3,yaw,0.23377662648009268,likelihood_MAP,604,1.0
pooled,autocorrelation,3,acceleration,0.019028585828291925,likelihood_MAP,604,1.0
pooled,autocorrelation,3,steering,0.02685411248007453,likelihood_MAP,604,1.0
pooled,past_input,3,yaw,0.22689822788658096,likelihood_MAP,604,1.0
pooled,past_input,3,acceleration,0.07360874716449764,likelihood_MAP,604,1.0
pooled,past_input,3,steering,-0.039399541830357335,likelihood_MAP,604,1.0
pooled,autocorrelation,4,yaw,0.2551697195958661,likelihood_MAP,604,1.0
pooled,autocorrelation,4,acceleration,0.03904292773727353,likelihood_MAP,604,1.0
pooled,autocorrelation,4,steering,0.042226157247959036,likelihood_MAP,604,1.0
pooled,past_input,4,yaw,0.21851471942384534,likelihood_MAP,604,1.0
pooled,past_input,4,acceleration,0.06895340052991104,likelihood_MAP,604,1.0
pooled,past_input,4,steering,-0.03561807719737647,likelihood_MAP,604,1.0
pooled,autocorrelation,5,yaw,0.24703115533609374,likelihood_MAP,604,1.0
pooled,autocorrelation,5,acceleration,0.0711925668752196,likelihood_MAP,604,1.0
pooled,autocorrelation,5,steering,0.0048030777023467235,likelihood_MAP,604,1.0
pooled,past_input,5,yaw,0.21255688932575395,likelihood_MAP,604,1.0
pooled,past_input,5,acceleration,0.059424257458943336,likelihood_MAP,604,1.0
pooled,past_input,5,steering,-0.03483617531487162,likelihood_MAP,604,1.0
pooled,autocorrelation,6,yaw,0.24398526565050574,likelihood_MAP,604,1.0
pooled,autocorrelation,6,acceleration,0.06885949542098894,likelihood_MAP,604,1.0
pooled,autocorrelation,6,steering,0.04403101240382225,likelihood_MAP,604,1.0
pooled,past_input,6,yaw,0.20582911494543854,likelihood_MAP,604,1.0
pooled,past_input,6,acceleration,0.05312112536907347,likelihood_MAP,604,1.0
pooled,past_input,6,steering,-0.033281650345591135,likelihood_MAP,604,1.0
pooled,autocorrelation,7,yaw,0.2409235400522092,likelihood_MAP,604,1.0
pooled,autocorrelation,7,acceleration,0.04797213741317888,likelihood_MAP,604,1.0
pooled,autocorrelation,7,steering,0.0010423052481265344,likelihood_MAP,604,1.0
pooled,past_input,7,yaw,0.19612394063579333,likelihood_MAP,604,1.0
pooled,past_input,7,acceleration,0.04733368137267013,likelihood_MAP,604,1.0
pooled,past_input,7,steering,-0.030331810468100334,likelihood_MAP,604,1.0
pooled,autocorrelation,8,yaw,0.23671123612358844,likelihood_MAP,604,1.0
pooled,autocorrelation,8,acceleration,0.04964662566414215,likelihood_MAP,604,1.0
pooled,autocorrelation,8,steering,0.054646011908059115,likelihood_MAP,604,1.0
pooled,past_input,8,yaw,0.19090971041156898,likelihood_MAP,604,1.0
pooled,past_input,8,acceleration,0.04290823910879364,likelihood_MAP,604,1.0
pooled,past_input,8,steering,-0.02727001805978349,likelihood_MAP,604,1.0
pooled,autocorrelation,9,yaw,0.1894878140432018,likelihood_MAP,604,1.0
pooled,autocorrelation,9,acceleration,0.08849833868479574,likelihood_MAP,604,1.0
pooled,autocorrelation,9,steering,0.01561325070025758,likelihood_MAP,604,1.0
pooled,past_input,9,yaw,0.18423335177388125,likelihood_MAP,604,1.0
pooled,past_input,9,acceleration,0.03723931017799663,likelihood_MAP,604,1.0
pooled,past_input,9,steering,-0.026418389239094144,likelihood_MAP,604,1.0
pooled,autocorrelation,10,yaw,0.2600639534577419,likelihood_MAP,604,1.0
pooled,autocorrelation,10,acceleration,0.05511106359604343,likelihood_MAP,604,1.0
pooled,autocorrelation,10,steering,0.04710512683373102,likelihood_MAP,604,1.0
pooled,past_input,10,yaw,0.17565350492520795,likelihood_MAP,604,1.0
pooled,past_input,10,acceleration,0.03066409730911388,likelihood_MAP,604,1.0
pooled,past_input,10,steering,-0.021168847094745518,likelihood_MAP,604,1.0
pooled,autocorrelation,11,yaw,0.19275523917888693,likelihood_MAP,604,1.0
pooled,autocorrelation,11,acceleration,0.06481927024087103,likelihood_MAP,604,1.0
pooled,autocorrelation,11,steering,-0.0132491350302218,likelihood_MAP,604,1.0
pooled,past_input,11,yaw,0.16907065317147252,likelihood_MAP,604,1.0
pooled,past_input,11,acceleration,0.024894227369658517,likelihood_MAP,604,1.0
pooled,past_input,11,steering,-0.021931004977231022,likelihood_MAP,604,1.0
pooled,autocorrelation,12,yaw,0.2271364906871845,likelihood_MAP,604,1.0
pooled,autocorrelation,12,acceleration,0.08069015724037021,likelihood_MAP,604,1.0
pooled,autocorrelation,12,steering,0.05568247521872075,likelihood_MAP,604,1.0
pooled,past_input,12,yaw,0.1633386145102102,likelihood_MAP,604,1.0
pooled,past_input,12,acceleration,0.015051418698373363,likelihood_MAP,604,1.0
pooled,past_input,12,steering,-0.018283503793271,likelihood_MAP,604,1.0
pooled,autocorrelation,13,yaw,0.21537215824709063,likelihood_MAP,604,1.0
pooled,autocorrelation,13,acceleration,0.0543087774711923,likelihood_MAP,604,1.0
pooled,autocorrelation,13,steering,-0.026261829102049127,likelihood_MAP,604,1.0
pooled,past_input,13,yaw,0.15386391256421628,likelihood_MAP,604,1.0
pooled,past_input,13,acceleration,0.008554511582647488,likelihood_MAP,604,1.0
pooled,past_input,13,steering,-0.01401375310799831,likelihood_MAP,604,1.0
pooled,autocorrelation,14,yaw,0.17533602384518857,likelihood_MAP,604,1.0
pooled,autocorrelation,14,acceleration,0.05089646550061366,likelihood_MAP,604,1.0
pooled,autocorrelation,14,steering,0.04226788097488607,likelihood_MAP,604,1.0
pooled,past_input,14,yaw,0.14904970722363045,likelihood_MAP,604,1.0
pooled,past_input,14,acceleration,0.0024132164646440417,likelihood_MAP,604,1.0
pooled,past_input,14,steering,-0.012550927520936186,likelihood_MAP,604,1.0
pooled,autocorrelation,15,yaw,0.19948806673193023,likelihood_MAP,604,1.0
pooled,autocorrelation,15,acceleration,0.08890660431691016,likelihood_MAP,604,1.0
pooled,autocorrelation,15,steering,0.03464628614458961,likelihood_MAP,604,1.0
pooled,past_input,15,yaw,0.14254211821567128,likelihood_MAP,604,1.0
pooled,past_input,15,acceleration,-0.004788266245084268,likelihood_MAP,604,1.0
pooled,past_input,15,steering,-0.01054828887755942,likelihood_MAP,604,1.0
pooled,autocorrelation,16,yaw,0.19254518116097352,likelihood_MAP,604,1.0
pooled,autocorrelation,16,acceleration,0.043828486439671396,likelihood_MAP,604,1.0
pooled,autocorrelation,16,steering,0.034706707317530415,likelihood_MAP,604,1.0
pooled,past_input,16,yaw,0.14029458340570458,likelihood_MAP,604,1.0
pooled,past_input,16,acceleration,-0.010060306502754045,likelihood_MAP,604,1.0
pooled,past_input,16,steering,-0.009094435316160731,likelihood_MAP,604,1.0
pooled,autocorrelation,17,yaw,0.16809702968928417,likelihood_MAP,604,1.0
pooled,autocorrelation,17,acceleration,0.04015819498114948,likelihood_MAP,604,1.0
pooled,autocorrelation,17,steering,-0.01079609514304128,likelihood_MAP,604,1.0
pooled,past_input,17,yaw,0.13314052130990012,likelihood_MAP,604,1.0
pooled,past_input,17,acceleration,-0.020662831001810492,likelihood_MAP,604,1.0
pooled,past_input,17,steering,-0.0066308060050526765,likelihood_MAP,604,1.0
pooled,autocorrelation,18,yaw,0.14014947025313962,likelihood_MAP,604,1.0
pooled,autocorrelation,18,acceleration,0.021430434551801304,likelihood_MAP,604,1.0
pooled,autocorrelation,18,steering,0.018312290821822445,likelihood_MAP,604,1.0
pooled,past_input,18,yaw,0.12611067398533946,likelihood_MAP,604,1.0
pooled,past_input,18,acceleration,-0.028940005149910318,likelihood_MAP,604,1.0
pooled,past_input,18,steering,0.0004225080219454936,likelihood_MAP,604,1.0
pooled,autocorrelation,19,yaw,0.18062047998044425,likelihood_MAP,604,1.0
pooled,autocorrelation,19,acceleration,0.05514304137571286,likelihood_MAP,604,1.0
pooled,autocorrelation,19,steering,0.026727386325661694,likelihood_MAP,604,1.0
pooled,past_input,19,yaw,0.12020382626575993,likelihood_MAP,604,1.0
pooled,past_input,19,acceleration,-0.03198735566484782,likelihood_MAP,604,1.0
pooled,past_input,19,steering,-0.0014647489833852696,likelihood_MAP,604,1.0
pooled,autocorrelation,20,yaw,0.13745985122974932,likelihood_MAP,604,1.0
pooled,autocorrelation,20,acceleration,0.04535947682810112,likelihood_MAP,604,1.0
pooled,autocorrelation,20,steering,-0.0061658537206390855,likelihood_MAP,604,1.0
pooled,past_input,20,yaw,0.11579210277554547,likelihood_MAP,604,1.0
pooled,past_input,20,acceleration,-0.03942805135017678,likelihood_MAP,604,1.0
pooled,past_input,20,steering,0.0015308601867191074,likelihood_MAP,604,1.0
within_record,autocorrelation,1,yaw,-0.14153408970114173,likelihood_MAP,604,1.0
within_record,autocorrelation,1,acceleration,-0.1816053666413908,likelihood_MAP,604,1.0
within_record,autocorrelation,1,steering,-0.4220947111882129,likelihood_MAP,604,1.0
within_record,past_input,1,yaw,0.1353275922190396,likelihood_MAP,604,1.0
within_record,past_input,1,acceleration,0.10405430077791217,likelihood_MAP,604,1.0
within_record,past_input,1,steering,-0.04190252473423822,likelihood_MAP,604,1.0
within_record,autocorrelation,2,yaw,0.11549427586687214,likelihood_MAP,604,1.0
within_record,autocorrelation,2,acceleration,-0.07220417948709064,likelihood_MAP,604,1.0
within_record,autocorrelation,2,steering,-0.007047503560110186,likelihood_MAP,604,1.0
within_record,past_input,2,yaw,0.12227671552375338,likelihood_MAP,604,1.0
within_record,past_input,2,acceleration,0.0969263837231203,likelihood_MAP,604,1.0
within_record,past_input,2,steering,-0.039640580816762055,likelihood_MAP,604,1.0
within_record,autocorrelation,3,yaw,0.16345293713758866,likelihood_MAP,604,1.0
within_record,autocorrelation,3,acceleration,0.0023449662830242386,likelihood_MAP,604,1.0
within_record,autocorrelation,3,steering,0.021723426025312294,likelihood_MAP,604,1.0
within_record,past_input,3,yaw,0.10940319362090793,likelihood_MAP,604,1.0
within_record,past_input,3,acceleration,0.08958411387477411,likelihood_MAP,604,1.0
within_record,past_input,3,steering,-0.038170802616368224,likelihood_MAP,604,1.0
within_record,autocorrelation,4,yaw,0.18670091735890582,likelihood_MAP,604,1.0
within_record,autocorrelation,4,acceleration,0.022281964899123288,likelihood_MAP,604,1.0
within_record,autocorrelation,4,steering,0.03703323185181532,likelihood_MAP,604,1.0
within_record,past_input,4,yaw,0.09764550999612548,likelihood_MAP,604,1.0
within_record,past_input,4,acceleration,0.08384344296243958,likelihood_MAP,604,1.0
within_record,past_input,4,steering,-0.03478517837591838,likelihood_MAP,604,1.0
within_record,autocorrelation,5,yaw,0.17713141798889845,likelihood_MAP,604,1.0
within_record,autocorrelation,5,acceleration,0.05463372854666054,likelihood_MAP,604,1.0
within_record,autocorrelation,5,steering,-0.0006494450145196445,likelihood_MAP,604,1.0
within_record,past_input,5,yaw,0.08685772066865338,likelihood_MAP,604,1.0
within_record,past_input,5,acceleration,0.07663006227822865,likelihood_MAP,604,1.0
within_record,past_input,5,steering,-0.03487937676352206,likelihood_MAP,604,1.0
within_record,autocorrelation,6,yaw,0.17358359092775988,likelihood_MAP,604,1.0
within_record,autocorrelation,6,acceleration,0.05264067704221655,likelihood_MAP,604,1.0
within_record,autocorrelation,6,steering,0.03888082436522138,likelihood_MAP,604,1.0
within_record,past_input,6,yaw,0.07661485282316223,likelihood_MAP,604,1.0
within_record,past_input,6,acceleration,0.06924267342315915,likelihood_MAP,604,1.0
within_record,past_input,6,steering,-0.030221798503635933,likelihood_MAP,604,1.0
within_record,autocorrelation,7,yaw,0.17066398027361562,likelihood_MAP,604,1.0
within_record,autocorrelation,7,acceleration,0.030678856278151034,likelihood_MAP,604,1.0
within_record,autocorrelation,7,steering,-0.004375186845662927,likelihood_MAP,604,1.0
within_record,past_input,7,yaw,0.06171490468303906,likelihood_MAP,604,1.0
within_record,past_input,7,acceleration,0.06063751144639913,likelihood_MAP,604,1.0
within_record,past_input,7,steering,-0.029128100185846897,likelihood_MAP,604,1.0
within_record,autocorrelation,8,yaw,0.16600615099662766,likelihood_MAP,604,1.0
within_record,autocorrelation,8,acceleration,0.03255932436949345,likelihood_MAP,604,1.0
within_record,autocorrelation,8,steering,0.04961560566223624,likelihood_MAP,604,1.0
within_record,past_input,8,yaw,0.0529241806364008,likelihood_MAP,604,1.0
within_record,past_input,8,acceleration,0.054563959637975175,likelihood_MAP,604,1.0
within_record,past_input,8,steering,-0.027797444092245886,likelihood_MAP,604,1.0
within_record,autocorrelation,9,yaw,0.11318332821869774,likelihood_MAP,604,1.0
within_record,autocorrelation,9,acceleration,0.07198985007143507,likelihood_MAP,604,1.0
within_record,autocorrelation,9,steering,0.010173664384095768,likelihood_MAP,604,1.0
within_record,past_input,9,yaw,0.04087388657824099,likelihood_MAP,604,1.0
within_record,past_input,9,acceleration,0.051487454812676636,likelihood_MAP,604,1.0
within_record,past_input,9,steering,-0.027007058090503373,likelihood_MAP,604,1.0
within_record,autocorrelation,10,yaw,0.1889966220162728,likelihood_MAP,604,1.0
within_record,autocorrelation,10,acceleration,0.03751635293968053,likelihood_MAP,604,1.0
within_record,autocorrelation,10,steering,0.041776113198162504,likelihood_MAP,604,1.0
within_record,past_input,10,yaw,0.024648330427954987,likelihood_MAP,604,1.0
within_record,past_input,10,acceleration,0.04607639771149878,likelihood_MAP,604,1.0
within_record,past_input,10,steering,-0.022002167820746307,likelihood_MAP,604,1.0
within_record,autocorrelation,11,yaw,0.11639654069352175,likelihood_MAP,604,1.0
within_record,autocorrelation,11,acceleration,0.04750847504044307,likelihood_MAP,604,1.0
within_record,autocorrelation,11,steering,-0.019026448311914673,likelihood_MAP,604,1.0
within_record,past_input,11,yaw,0.016319898163840996,likelihood_MAP,604,1.0
within_record,past_input,11,acceleration,0.03877148436255417,likelihood_MAP,604,1.0
within_record,past_input,11,steering,-0.019042431981872575,likelihood_MAP,604,1.0
within_record,autocorrelation,12,yaw,0.15338007109262106,likelihood_MAP,604,1.0
within_record,autocorrelation,12,acceleration,0.06348448475973684,likelihood_MAP,604,1.0
within_record,autocorrelation,12,steering,0.0507537358527099,likelihood_MAP,604,1.0
within_record,past_input,12,yaw,0.004700336131291059,likelihood_MAP,604,1.0
within_record,past_input,12,acceleration,0.030546466650030992,likelihood_MAP,604,1.0
within_record,past_input,12,steering,-0.020241724933234593,likelihood_MAP,604,1.0
within_record,autocorrelation,13,yaw,0.14024047602081013,likelihood_MAP,604,1.0
within_record,autocorrelation,13,acceleration,0.036859415765285834,likelihood_MAP,604,1.0
within_record,autocorrelation,13,steering,-0.03203733171877994,likelihood_MAP,604,1.0
within_record,past_input,13,yaw,-0.01069325018346768,likelihood_MAP,604,1.0
within_record,past_input,13,acceleration,0.021826114095519853,likelihood_MAP,604,1.0
within_record,past_input,13,steering,-0.016308338965221932,likelihood_MAP,604,1.0
within_record,autocorrelation,14,yaw,0.09605069700245618,likelihood_MAP,604,1.0
within_record,autocorrelation,14,acceleration,0.032834725337785135,likelihood_MAP,604,1.0
within_record,autocorrelation,14,steering,0.03708741271399896,likelihood_MAP,604,1.0
within_record,past_input,14,yaw,-0.02001796636167805,likelihood_MAP,604,1.0
within_record,past_input,14,acceleration,0.014488680403787448,likelihood_MAP,604,1.0
within_record,past_input,14,steering,-0.013893186249730119,likelihood_MAP,604,1.0
within_record,autocorrelation,15,yaw,0.12204517687840281,likelihood_MAP,604,1.0
within_record,autocorrelation,15,acceleration,0.07133496151464679,likelihood_MAP,604,1.0
within_record,autocorrelation,15,steering,0.029364933491641994,likelihood_MAP,604,1.0
within_record,past_input,15,yaw,-0.030372639457570162,likelihood_MAP,604,1.0
within_record,past_input,15,acceleration,0.009246027942860807,likelihood_MAP,604,1.0
within_record,past_input,15,steering,-0.010847969866716564,likelihood_MAP,604,1.0
within_record,autocorrelation,16,yaw,0.11307732812832996,likelihood_MAP,604,1.0
within_record,autocorrelation,16,acceleration,0.025117163526572478,likelihood_MAP,604,1.0
within_record,autocorrelation,16,steering,0.029437745407068068,likelihood_MAP,604,1.0
within_record,past_input,16,yaw,-0.03707360486874947,likelihood_MAP,604,1.0
within_record,past_input,16,acceleration,0.0026008001675225053,likelihood_MAP,604,1.0
within_record,past_input,16,steering,-0.008436879292208184,likelihood_MAP,604,1.0
within_record,autocorrelation,17,yaw,0.08693884614697542,likelihood_MAP,604,1.0
within_record,autocorrelation,17,acceleration,0.020882777453103678,likelihood_MAP,604,1.0
within_record,autocorrelation,17,steering,-0.01645921964977947,likelihood_MAP,604,1.0
within_record,past_input,17,yaw,-0.04699594666457508,likelihood_MAP,604,1.0
within_record,past_input,17,acceleration,-0.012321745940379755,likelihood_MAP,604,1.0
within_record,past_input,17,steering,-0.006351488800556605,likelihood_MAP,604,1.0
within_record,autocorrelation,18,yaw,0.056313930434103654,likelihood_MAP,604,1.0
within_record,autocorrelation,18,acceleration,0.0017124833059217945,likelihood_MAP,604,1.0
within_record,autocorrelation,18,steering,0.013050509494580106,likelihood_MAP,604,1.0
within_record,past_input,18,yaw,-0.059625366214886774,likelihood_MAP,604,1.0
within_record,past_input,18,acceleration,-0.02093428180095046,likelihood_MAP,604,1.0
within_record,past_input,18,steering,-0.0019886117904330198,likelihood_MAP,604,1.0
within_record,autocorrelation,19,yaw,0.10186393183552198,likelihood_MAP,604,1.0
within_record,autocorrelation,19,acceleration,0.03615499057280384,likelihood_MAP,604,1.0
within_record,autocorrelation,19,steering,0.021330959952370585,likelihood_MAP,604,1.0
within_record,past_input,19,yaw,-0.0684775135318262,likelihood_MAP,604,1.0
within_record,past_input,19,acceleration,-0.02599759479805305,likelihood_MAP,604,1.0
within_record,past_input,19,steering,-0.0013921112127310573,likelihood_MAP,604,1.0
within_record,autocorrelation,20,yaw,0.052739008186396284,likelihood_MAP,604,1.0
within_record,autocorrelation,20,acceleration,0.02581793980679525,likelihood_MAP,604,1.0
within_record,autocorrelation,20,steering,-0.011600086676314176,likelihood_MAP,604,1.0
within_record,past_input,20,yaw,-0.08029581685213102,likelihood_MAP,604,1.0
within_record,past_input,20,acceleration,-0.03168294247206194,likelihood_MAP,604,1.0
within_record,past_input,20,steering,-7.020963812675263e-05,likelihood_MAP,604,1.0
pooled,autocorrelation,1,yaw,-0.0977594492853837,validated_MAP,604,1.0
pooled,autocorrelation,1,acceleration,-0.1715691413183487,validated_MAP,604,1.0
pooled,autocorrelation,1,steering,-0.38931110872101915,validated_MAP,604,1.0
pooled,past_input,1,yaw,0.14531205803417419,validated_MAP,604,1.0
pooled,past_input,1,acceleration,0.06540899170297988,validated_MAP,604,1.0
pooled,past_input,1,steering,-0.05665089659511574,validated_MAP,604,1.0
pooled,autocorrelation,2,yaw,0.14804327308768692,validated_MAP,604,1.0
pooled,autocorrelation,2,acceleration,-0.0643377129392732,validated_MAP,604,1.0
pooled,autocorrelation,2,steering,0.015700163562299734,validated_MAP,604,1.0
pooled,past_input,2,yaw,0.13469858686853223,validated_MAP,604,1.0
pooled,past_input,2,acceleration,0.059343784536290786,validated_MAP,604,1.0
pooled,past_input,2,steering,-0.052434715743766916,validated_MAP,604,1.0
pooled,autocorrelation,3,yaw,0.19536191052941934,validated_MAP,604,1.0
pooled,autocorrelation,3,acceleration,0.011208227315625006,validated_MAP,604,1.0
pooled,autocorrelation,3,steering,0.04338444435571842,validated_MAP,604,1.0
pooled,past_input,3,yaw,0.1266808975461486,validated_MAP,604,1.0
pooled,past_input,3,acceleration,0.052270691485286624,validated_MAP,604,1.0
pooled,past_input,3,steering,-0.04680770634112551,validated_MAP,604,1.0
pooled,autocorrelation,4,yaw,0.21866235713502455,validated_MAP,604,1.0
pooled,autocorrelation,4,acceleration,0.03147622783219828,validated_MAP,604,1.0
pooled,autocorrelation,4,steering,0.05791295542927115,validated_MAP,604,1.0
pooled,past_input,4,yaw,0.11731719217326099,validated_MAP,604,1.0
pooled,past_input,4,acceleration,0.047468935972799234,validated_MAP,604,1.0
pooled,past_input,4,steering,-0.03983732564670683,validated_MAP,604,1.0
pooled,autocorrelation,5,yaw,0.20987872316635786,validated_MAP,604,1.0
pooled,autocorrelation,5,acceleration,0.0636370955116904,validated_MAP,604,1.0
pooled,autocorrelation,5,steering,0.02100266914487625,validated_MAP,604,1.0
pooled,past_input,5,yaw,0.11096647158683104,validated_MAP,604,1.0
pooled,past_input,5,acceleration,0.03771319305098639,validated_MAP,604,1.0
pooled,past_input,5,steering,-0.03576649034948607,validated_MAP,604,1.0
pooled,autocorrelation,6,yaw,0.20572464086706324,validated_MAP,604,1.0
pooled,autocorrelation,6,acceleration,0.062449830425285284,validated_MAP,604,1.0
pooled,autocorrelation,6,steering,0.05978625717927907,validated_MAP,604,1.0
pooled,past_input,6,yaw,0.10365650839954765,validated_MAP,604,1.0
pooled,past_input,6,acceleration,0.031139919334468406,validated_MAP,604,1.0
pooled,past_input,6,steering,-0.03093698292573137,validated_MAP,604,1.0
pooled,autocorrelation,7,yaw,0.20240352624944263,validated_MAP,604,1.0
pooled,autocorrelation,7,acceleration,0.04097440048063007,validated_MAP,604,1.0
pooled,autocorrelation,7,steering,0.016767409778317532,validated_MAP,604,1.0
pooled,past_input,7,yaw,0.0934184731211144,validated_MAP,604,1.0
pooled,past_input,7,acceleration,0.02515114889413822,validated_MAP,604,1.0
pooled,past_input,7,steering,-0.024736037122357054,validated_MAP,604,1.0
pooled,autocorrelation,8,yaw,0.19798579375364173,validated_MAP,604,1.0
pooled,autocorrelation,8,acceleration,0.04235939998600926,validated_MAP,604,1.0
pooled,autocorrelation,8,steering,0.06998638930845928,validated_MAP,604,1.0
pooled,past_input,8,yaw,0.08794123524422456,validated_MAP,604,1.0
pooled,past_input,8,acceleration,0.02049853218112783,validated_MAP,604,1.0
pooled,past_input,8,steering,-0.018437108643938698,validated_MAP,604,1.0
pooled,autocorrelation,9,yaw,0.1478835319456719,validated_MAP,604,1.0
pooled,autocorrelation,9,acceleration,0.08135259637168253,validated_MAP,604,1.0
pooled,autocorrelation,9,steering,0.031467998467109515,validated_MAP,604,1.0
pooled,past_input,9,yaw,0.08113489372346167,validated_MAP,604,1.0
pooled,past_input,9,acceleration,0.014583952604160446,validated_MAP,604,1.0
pooled,past_input,9,steering,-0.014342949086653551,validated_MAP,604,1.0
pooled,autocorrelation,10,yaw,0.22180072293981806,validated_MAP,604,1.0
pooled,autocorrelation,10,acceleration,0.046740943855249316,validated_MAP,604,1.0
pooled,autocorrelation,10,steering,0.06129120728059974,validated_MAP,604,1.0
pooled,past_input,10,yaw,0.0723675807194548,validated_MAP,604,1.0
pooled,past_input,10,acceleration,0.007701045562028635,validated_MAP,604,1.0
pooled,past_input,10,steering,-0.005917579981675122,validated_MAP,604,1.0
pooled,autocorrelation,11,yaw,0.1509330134819494,validated_MAP,604,1.0
pooled,autocorrelation,11,acceleration,0.058024405426196864,validated_MAP,604,1.0
pooled,autocorrelation,11,steering,0.001899537654042214,validated_MAP,604,1.0
pooled,past_input,11,yaw,0.06567803881492548,validated_MAP,604,1.0
pooled,past_input,11,acceleration,0.001663534132996582,validated_MAP,604,1.0
pooled,past_input,11,steering,-0.003484602019921323,validated_MAP,604,1.0
pooled,autocorrelation,12,yaw,0.18569067964273103,validated_MAP,604,1.0
pooled,autocorrelation,12,acceleration,0.07461516013914178,validated_MAP,604,1.0
pooled,autocorrelation,12,steering,0.0673490848861563,validated_MAP,604,1.0
pooled,past_input,12,yaw,0.05971683430534775,validated_MAP,604,1.0
pooled,past_input,12,acceleration,-0.008530918127648099,validated_MAP,604,1.0
pooled,past_input,12,steering,0.0032319638376140467,validated_MAP,604,1.0
pooled,autocorrelation,13,yaw,0.17406732962252094,validated_MAP,604,1.0
pooled,autocorrelation,13,acceleration,0.04734125726229167,validated_MAP,604,1.0
pooled,autocorrelation,13,steering,-0.012345077300528445,validated_MAP,604,1.0
pooled,past_input,13,yaw,0.05017012329565581,validated_MAP,604,1.0
pooled,past_input,13,acceleration,-0.015274490497375793,validated_MAP,604,1.0
pooled,past_input,13,steering,0.010520274545347616,validated_MAP,604,1.0
pooled,autocorrelation,14,yaw,0.13091526199155196,validated_MAP,604,1.0
pooled,autocorrelation,14,acceleration,0.04330171239223172,validated_MAP,604,1.0
pooled,autocorrelation,14,steering,0.054132349441237744,validated_MAP,604,1.0
pooled,past_input,14,yaw,0.04545287128302934,validated_MAP,604,1.0
pooled,past_input,14,acceleration,-0.02179257468238218,validated_MAP,604,1.0
pooled,past_input,14,steering,0.014985151466377316,validated_MAP,604,1.0
pooled,autocorrelation,15,yaw,0.15659691968888076,validated_MAP,604,1.0
pooled,autocorrelation,15,acceleration,0.08341089813163736,validated_MAP,604,1.0
pooled,autocorrelation,15,steering,0.04516139526663504,validated_MAP,604,1.0
pooled,past_input,15,yaw,0.03914233574241844,validated_MAP,604,1.0
pooled,past_input,15,acceleration,-0.02926715281780741,validated_MAP,604,1.0
pooled,past_input,15,steering,0.019829531958241692,validated_MAP,604,1.0
pooled,autocorrelation,16,yaw,0.14788970281704264,validated_MAP,604,1.0
pooled,autocorrelation,16,acceleration,0.037614166818180646,validated_MAP,604,1.0
pooled,autocorrelation,16,steering,0.04371646631463124,validated_MAP,604,1.0
pooled,past_input,16,yaw,0.037422870748201165,validated_MAP,604,1.0
pooled,past_input,16,acceleration,-0.03483111813640366,validated_MAP,604,1.0
pooled,past_input,16,steering,0.024072365965681384,validated_MAP,604,1.0
pooled,autocorrelation,17,yaw,0.12203737675448173,validated_MAP,604,1.0
pooled,autocorrelation,17,acceleration,0.034943594382306216,validated_MAP,604,1.0
pooled,autocorrelation,17,steering,1.8192493609718852e-05,validated_MAP,604,1.0
pooled,past_input,17,yaw,0.030701508551224086,validated_MAP,604,1.0
pooled,past_input,17,acceleration,-0.04573961263586741,validated_MAP,604,1.0
pooled,past_input,17,steering,0.029132191387040488,validated_MAP,604,1.0
pooled,autocorrelation,18,yaw,0.09312291982566416,validated_MAP,604,1.0
pooled,autocorrelation,18,acceleration,0.014507889464824066,validated_MAP,604,1.0
pooled,autocorrelation,18,steering,0.0266239477315826,validated_MAP,604,1.0
pooled,past_input,18,yaw,0.0245113747467356,validated_MAP,604,1.0
pooled,past_input,18,acceleration,-0.0542497766578196,validated_MAP,604,1.0
pooled,past_input,18,steering,0.03860882922813295,validated_MAP,604,1.0
pooled,autocorrelation,19,yaw,0.13492645849017157,validated_MAP,604,1.0
pooled,autocorrelation,19,acceleration,0.04910054829383074,validated_MAP,604,1.0
pooled,autocorrelation,19,steering,0.03526807854471335,validated_MAP,604,1.0
pooled,past_input,19,yaw,0.019382753131507186,validated_MAP,604,1.0
pooled,past_input,19,acceleration,-0.05765642872711405,validated_MAP,604,1.0
pooled,past_input,19,steering,0.039158282446081855,validated_MAP,604,1.0
pooled,autocorrelation,20,yaw,0.09019575953970184,validated_MAP,604,1.0
pooled,autocorrelation,20,acceleration,0.03963532951105213,validated_MAP,604,1.0
pooled,autocorrelation,20,steering,0.0011200223628609958,validated_MAP,604,1.0
pooled,past_input,20,yaw,0.015751711112066663,validated_MAP,604,1.0
pooled,past_input,20,acceleration,-0.06534625303072736,validated_MAP,604,1.0
pooled,past_input,20,steering,0.044542374352624994,validated_MAP,604,1.0
within_record,autocorrelation,1,yaw,-0.14919216240439484,validated_MAP,604,1.0
within_record,autocorrelation,1,acceleration,-0.18747461454613945,validated_MAP,604,1.0
within_record,autocorrelation,1,steering,-0.4037221546126995,validated_MAP,604,1.0
within_record,past_input,1,yaw,0.07520684615415504,validated_MAP,604,1.0
within_record,past_input,1,acceleration,0.10149588018222333,validated_MAP,604,1.0
within_record,past_input,1,steering,-0.06231050195548748,validated_MAP,604,1.0
within_record,autocorrelation,2,yaw,0.10827874396148372,validated_MAP,604,1.0
within_record,autocorrelation,2,acceleration,-0.07841596634818844,validated_MAP,604,1.0
within_record,autocorrelation,2,steering,0.005383664940896947,validated_MAP,604,1.0
within_record,past_input,2,yaw,0.06114795484057415,validated_MAP,604,1.0
within_record,past_input,2,acceleration,0.09424843347455562,validated_MAP,604,1.0
within_record,past_input,2,steering,-0.05639540708440792,validated_MAP,604,1.0
within_record,autocorrelation,3,yaw,0.15699106980180166,validated_MAP,604,1.0
within_record,autocorrelation,3,acceleration,-0.00226934767277363,validated_MAP,604,1.0
within_record,autocorrelation,3,steering,0.033522177269523945,validated_MAP,604,1.0
within_record,past_input,3,yaw,0.047689206655145124,validated_MAP,604,1.0
within_record,past_input,3,acceleration,0.08677803056193449,validated_MAP,604,1.0
within_record,past_input,3,steering,-0.05120976388010157,validated_MAP,604,1.0
within_record,autocorrelation,4,yaw,0.18140080592130226,validated_MAP,604,1.0
within_record,autocorrelation,4,acceleration,0.018016018186352623,validated_MAP,604,1.0
within_record,autocorrelation,4,steering,0.047957126783200535,validated_MAP,604,1.0
within_record,past_input,4,yaw,0.03542443194873752,validated_MAP,604,1.0
within_record,past_input,4,acceleration,0.08091847458052229,validated_MAP,604,1.0
within_record,past_input,4,steering,-0.04405739596671835,validated_MAP,604,1.0
within_record,autocorrelation,5,yaw,0.17201135303050344,validated_MAP,604,1.0
within_record,autocorrelation,5,acceleration,0.05020953243217982,validated_MAP,604,1.0
within_record,autocorrelation,5,steering,0.010443445637070076,validated_MAP,604,1.0
within_record,past_input,5,yaw,0.024447049981148283,validated_MAP,604,1.0
within_record,past_input,5,acceleration,0.07351540070080455,validated_MAP,604,1.0
within_record,past_input,5,steering,-0.040258249635913464,validated_MAP,604,1.0
within_record,autocorrelation,6,yaw,0.16711270578685594,validated_MAP,604,1.0
within_record,autocorrelation,6,acceleration,0.049289039396282444,validated_MAP,604,1.0
within_record,autocorrelation,6,steering,0.049968187092250024,validated_MAP,604,1.0
within_record,past_input,6,yaw,0.014053326861514552,validated_MAP,604,1.0
within_record,past_input,6,acceleration,0.06585109842755495,validated_MAP,604,1.0
within_record,past_input,6,steering,-0.03173186500218203,validated_MAP,604,1.0
within_record,autocorrelation,7,yaw,0.16415683859586794,validated_MAP,604,1.0
within_record,autocorrelation,7,acceleration,0.026926305568874712,validated_MAP,604,1.0
within_record,autocorrelation,7,steering,0.006545782727521643,validated_MAP,604,1.0
within_record,past_input,7,yaw,-0.0008590335961347569,validated_MAP,604,1.0
within_record,past_input,7,acceleration,0.057039102467260176,validated_MAP,604,1.0
within_record,past_input,7,steering,-0.026770866067686548,validated_MAP,604,1.0
within_record,autocorrelation,8,yaw,0.15938998978963811,validated_MAP,604,1.0
within_record,autocorrelation,8,acceleration,0.02863804483074911,validated_MAP,604,1.0
within_record,autocorrelation,8,steering,0.060263595386419254,validated_MAP,604,1.0
within_record,past_input,8,yaw,-0.009497413311150546,validated_MAP,604,1.0
within_record,past_input,8,acceleration,0.05067382395047659,validated_MAP,604,1.0
within_record,past_input,8,steering,-0.021574212276759073,validated_MAP,604,1.0
within_record,autocorrelation,9,yaw,0.1062722999351325,validated_MAP,604,1.0
within_record,autocorrelation,9,acceleration,0.06806826779468468,validated_MAP,604,1.0
within_record,autocorrelation,9,steering,0.02102833471687128,validated_MAP,604,1.0
within_record,past_input,9,yaw,-0.021248868618293285,validated_MAP,604,1.0
within_record,past_input,9,acceleration,0.0473206864769711,validated_MAP,604,1.0
within_record,past_input,9,steering,-0.01692355057365832,validated_MAP,604,1.0
within_record,autocorrelation,10,yaw,0.18280341186440466,validated_MAP,604,1.0
within_record,autocorrelation,10,acceleration,0.03262085455874562,validated_MAP,604,1.0
within_record,autocorrelation,10,steering,0.05092402768673272,validated_MAP,604,1.0
within_record,past_input,10,yaw,-0.037154594311945253,validated_MAP,604,1.0
within_record,past_input,10,acceleration,0.04159981233830706,validated_MAP,604,1.0
within_record,past_input,10,steering,-0.008096394889008563,validated_MAP,604,1.0
within_record,autocorrelation,11,yaw,0.10956875759175569,validated_MAP,604,1.0
within_record,autocorrelation,11,acceleration,0.04409232297504671,validated_MAP,604,1.0
within_record,autocorrelation,11,steering,-0.009019406031972531,validated_MAP,604,1.0
within_record,past_input,11,yaw,-0.045002998947698915,validated_MAP,604,1.0
within_record,past_input,11,acceleration,0.0338994030621936,validated_MAP,604,1.0
within_record,past_input,11,steering,-0.0013018173105685269,validated_MAP,604,1.0
within_record,autocorrelation,12,yaw,0.1451754452793286,validated_MAP,604,1.0
within_record,autocorrelation,12,acceleration,0.0607527218963186,validated_MAP,604,1.0
within_record,autocorrelation,12,steering,0.05773410249476942,validated_MAP,604,1.0
within_record,past_input,12,yaw,-0.05618261193073833,validated_MAP,604,1.0
within_record,past_input,12,acceleration,0.025286064218535836,validated_MAP,604,1.0
within_record,past_input,12,steering,0.001205259968807726,validated_MAP,604,1.0
within_record,autocorrelation,13,yaw,0.13272239604062291,validated_MAP,604,1.0
within_record,autocorrelation,13,acceleration,0.03326090650330795,validated_MAP,604,1.0
within_record,autocorrelation,13,steering,-0.02344342598025693,validated_MAP,604,1.0
within_record,past_input,13,yaw,-0.07087774242572709,validated_MAP,604,1.0
within_record,past_input,13,acceleration,0.016206850371850087,validated_MAP,604,1.0
within_record,past_input,13,steering,0.008733992574520082,validated_MAP,604,1.0
within_record,autocorrelation,14,yaw,0.08720943204861607,validated_MAP,604,1.0
within_record,autocorrelation,14,acceleration,0.028890515614510424,validated_MAP,604,1.0
within_record,autocorrelation,14,steering,0.044025989905558144,validated_MAP,604,1.0
within_record,past_input,14,yaw,-0.07940458812762541,validated_MAP,604,1.0
within_record,past_input,14,acceleration,0.008439035304501307,validated_MAP,604,1.0
within_record,past_input,14,steering,0.014722675102858004,validated_MAP,604,1.0
within_record,autocorrelation,15,yaw,0.1141159204091132,validated_MAP,604,1.0
within_record,autocorrelation,15,acceleration,0.06933912212936819,validated_MAP,604,1.0
within_record,autocorrelation,15,steering,0.03481979681055675,validated_MAP,604,1.0
within_record,past_input,15,yaw,-0.08869991187665309,validated_MAP,604,1.0
within_record,past_input,15,acceleration,0.0028130538834007395,validated_MAP,604,1.0
within_record,past_input,15,steering,0.021172389380223824,validated_MAP,604,1.0
within_record,autocorrelation,16,yaw,0.10426948484410586,validated_MAP,604,1.0
within_record,autocorrelation,16,acceleration,0.022615489568746153,validated_MAP,604,1.0
within_record,autocorrelation,16,steering,0.03355828243482374,validated_MAP,604,1.0
within_record,past_input,16,yaw,-0.09429964124052655,validated_MAP,604,1.0
within_record,past_input,16,acceleration,-0.004240109521588102,validated_MAP,604,1.0
within_record,past_input,16,steering,0.026898173339811607,validated_MAP,604,1.0
within_record,autocorrelation,17,yaw,0.07763729152980094,validated_MAP,604,1.0
within_record,autocorrelation,17,acceleration,0.01941447516790798,validated_MAP,604,1.0
within_record,autocorrelation,17,steering,-0.010839352398476113,validated_MAP,604,1.0
within_record,past_input,17,yaw,-0.10289352268600939,validated_MAP,604,1.0
within_record,past_input,17,acceleration,-0.01951716223112865,validated_MAP,604,1.0
within_record,past_input,17,steering,0.03205121029414472,validated_MAP,604,1.0
within_record,autocorrelation,18,yaw,0.04715667861254552,validated_MAP,604,1.0
within_record,autocorrelation,18,acceleration,-0.0013371359526250038,validated_MAP,604,1.0
within_record,autocorrelation,18,steering,0.016345436422257446,validated_MAP,604,1.0
within_record,past_input,18,yaw,-0.11385999707891284,validated_MAP,604,1.0
within_record,past_input,18,acceleration,-0.0284023762744101,validated_MAP,604,1.0
within_record,past_input,18,steering,0.0392922431257146,validated_MAP,604,1.0
within_record,autocorrelation,19,yaw,0.09154930729688011,validated_MAP,604,1.0
within_record,autocorrelation,19,acceleration,0.03388545539642448,validated_MAP,604,1.0
within_record,autocorrelation,19,steering,0.025132263034182905,validated_MAP,604,1.0
within_record,past_input,19,yaw,-0.12095882454503337,validated_MAP,604,1.0
within_record,past_input,19,acceleration,-0.033835574801874754,validated_MAP,604,1.0
within_record,past_input,19,steering,0.042696441990654775,validated_MAP,604,1.0
within_record,autocorrelation,20,yaw,0.04382194807758261,validated_MAP,604,1.0
within_record,autocorrelation,20,acceleration,0.02383984109590149,validated_MAP,604,1.0
within_record,autocorrelation,20,steering,-0.009389870198722857,validated_MAP,604,1.0
within_record,past_input,20,yaw,-0.13103618283268703,validated_MAP,604,1.0
within_record,past_input,20,acceleration,-0.03986086736972914,validated_MAP,604,1.0
within_record,past_input,20,steering,0.04679792124154549,validated_MAP,604,1.0
pooled,autocorrelation,1,yaw,-0.09113199113051708,validated_group,604,1.0
pooled,autocorrelation,1,acceleration,-0.163518501989667,validated_group,604,1.0
pooled,autocorrelation,1,steering,-0.4183791244539503,validated_group,604,1.0
pooled,past_input,1,yaw,0.16433328587188084,validated_group,604,1.0
pooled,past_input,1,acceleration,0.06510922770480941,validated_group,604,1.0
pooled,past_input,1,steering,-0.034973974318454615,validated_group,604,1.0
pooled,autocorrelation,2,yaw,0.1531245665689333,validated_group,604,1.0
pooled,autocorrelation,2,acceleration,-0.05815840787392682,validated_group,604,1.0
pooled,autocorrelation,2,steering,-0.0032897710566167147,validated_group,604,1.0
pooled,past_input,2,yaw,0.15297141447244494,validated_group,604,1.0
pooled,past_input,2,acceleration,0.05818471504324439,validated_group,604,1.0
pooled,past_input,2,steering,-0.03336822920647664,validated_group,604,1.0
pooled,autocorrelation,3,yaw,0.20016365904908862,validated_group,604,1.0
pooled,autocorrelation,3,acceleration,0.01670264705809986,validated_group,604,1.0
pooled,autocorrelation,3,steering,0.02591383243136395,validated_group,604,1.0
pooled,past_input,3,yaw,0.14405365308186488,validated_group,604,1.0
pooled,past_input,3,acceleration,0.05024960283943633,validated_group,604,1.0
pooled,past_input,3,steering,-0.030419879301821016,validated_group,604,1.0
pooled,autocorrelation,4,yaw,0.2231317731389172,validated_group,604,1.0
pooled,autocorrelation,4,acceleration,0.03698414876996116,validated_group,604,1.0
pooled,autocorrelation,4,steering,0.040143069063726104,validated_group,604,1.0
pooled,past_input,4,yaw,0.13373258064081245,validated_group,604,1.0
pooled,past_input,4,acceleration,0.04459401759905146,validated_group,604,1.0
pooled,past_input,4,steering,-0.02624526151126559,validated_group,604,1.0
pooled,autocorrelation,5,yaw,0.21421457631093346,validated_group,604,1.0
pooled,autocorrelation,5,acceleration,0.06863467411186645,validated_group,604,1.0
pooled,autocorrelation,5,steering,0.003025498093506995,validated_group,604,1.0
pooled,past_input,5,yaw,0.12628405200666803,validated_group,604,1.0
pooled,past_input,5,acceleration,0.03404214814384889,validated_group,604,1.0
pooled,past_input,5,steering,-0.025022725843820044,validated_group,604,1.0
pooled,autocorrelation,6,yaw,0.2099868393191529,validated_group,604,1.0
pooled,autocorrelation,6,acceleration,0.06789262763709446,validated_group,604,1.0
pooled,autocorrelation,6,steering,0.04345014410319921,validated_group,604,1.0
pooled,past_input,6,yaw,0.11787535928287075,validated_group,604,1.0
pooled,past_input,6,acceleration,0.0266753314059731,validated_group,604,1.0
pooled,past_input,6,steering,-0.02306043964075126,validated_group,604,1.0
pooled,autocorrelation,7,yaw,0.2062477487241601,validated_group,604,1.0
pooled,autocorrelation,7,acceleration,0.045194186420620744,validated_group,604,1.0
pooled,autocorrelation,7,steering,0.00032818556915083447,validated_group,604,1.0
pooled,past_input,7,yaw,0.10644817214966046,validated_group,604,1.0
pooled,past_input,7,acceleration,0.019937768031725308,validated_group,604,1.0
pooled,past_input,7,steering,-0.01973823182912308,validated_group,604,1.0
pooled,autocorrelation,8,yaw,0.2016984673058394,validated_group,604,1.0
pooled,autocorrelation,8,acceleration,0.04658178068711214,validated_group,604,1.0
pooled,autocorrelation,8,steering,0.05450433447718358,validated_group,604,1.0
pooled,past_input,8,yaw,0.0997361055511575,validated_group,604,1.0
pooled,past_input,8,acceleration,0.014572419634665702,validated_group,604,1.0
pooled,past_input,8,steering,-0.0163478730608371,validated_group,604,1.0
pooled,autocorrelation,9,yaw,0.15134725148377423,validated_group,604,1.0
pooled,autocorrelation,9,acceleration,0.08557707279757856,validated_group,604,1.0
pooled,autocorrelation,9,steering,0.015814883627072916,validated_group,604,1.0
pooled,past_input,9,yaw,0.09162189146489567,validated_group,604,1.0
pooled,past_input,9,acceleration,0.007980516458092798,validated_group,604,1.0
pooled,past_input,9,steering,-0.015151912107588717,validated_group,604,1.0
pooled,autocorrelation,10,yaw,0.2240779036994818,validated_group,604,1.0
pooled,autocorrelation,10,acceleration,0.050526733554822484,validated_group,604,1.0
pooled,autocorrelation,10,steering,0.04660069807986113,validated_group,604,1.0
pooled,past_input,10,yaw,0.08151053469243046,validated_group,604,1.0
pooled,past_input,10,acceleration,0.0004234761466606574,validated_group,604,1.0
pooled,past_input,10,steering,-0.009545478082611063,validated_group,604,1.0
pooled,autocorrelation,11,yaw,0.15372809919395683,validated_group,604,1.0
pooled,autocorrelation,11,acceleration,0.06117203497671953,validated_group,604,1.0
pooled,autocorrelation,11,steering,-0.012462190274766834,validated_group,604,1.0
pooled,past_input,11,yaw,0.07340980577645367,validated_group,604,1.0
pooled,past_input,11,acceleration,-0.006223318392222149,validated_group,604,1.0
pooled,past_input,11,steering,-0.009931273459328182,validated_group,604,1.0
pooled,autocorrelation,12,yaw,0.1881589666911474,validated_group,604,1.0
pooled,autocorrelation,12,acceleration,0.07827913134724761,validated_group,604,1.0
pooled,autocorrelation,12,steering,0.05502535903989453,validated_group,604,1.0
pooled,past_input,12,yaw,0.0660697657505185,validated_group,604,1.0
pooled,past_input,12,acceleration,-0.01699229001565506,validated_group,604,1.0
pooled,past_input,12,steering,-0.005951239279579893,validated_group,604,1.0
pooled,autocorrelation,13,yaw,0.1758927323121706,validated_group,604,1.0
pooled,autocorrelation,13,acceleration,0.05112724892945587,validated_group,604,1.0
pooled,autocorrelation,13,steering,-0.02463349665231773,validated_group,604,1.0
pooled,past_input,13,yaw,0.055088034620991454,validated_group,604,1.0
pooled,past_input,13,acceleration,-0.024249176430191557,validated_group,604,1.0
pooled,past_input,13,steering,-0.0013173741066762044,validated_group,604,1.0
pooled,autocorrelation,14,yaw,0.13239894238984018,validated_group,604,1.0
pooled,autocorrelation,14,acceleration,0.046177439146205895,validated_group,604,1.0
pooled,autocorrelation,14,steering,0.04379872080276977,validated_group,604,1.0
pooled,past_input,14,yaw,0.04890186114474052,validated_group,604,1.0
pooled,past_input,14,acceleration,-0.03127808960600944,validated_group,604,1.0
pooled,past_input,14,steering,0.0005302479283535247,validated_group,604,1.0
pooled,autocorrelation,15,yaw,0.1573200062183252,validated_group,604,1.0
pooled,autocorrelation,15,acceleration,0.08565274558021027,validated_group,604,1.0
pooled,autocorrelation,15,steering,0.0356183587165458,validated_group,604,1.0
pooled,past_input,15,yaw,0.04111532982204273,validated_group,604,1.0
pooled,past_input,15,acceleration,-0.03917309677800611,validated_group,604,1.0
pooled,past_input,15,steering,0.0028694301859036606,validated_group,604,1.0
pooled,autocorrelation,16,yaw,0.14882409964792326,validated_group,604,1.0
pooled,autocorrelation,16,acceleration,0.03969866019285995,validated_group,604,1.0
pooled,autocorrelation,16,steering,0.03582546208921715,validated_group,604,1.0
pooled,past_input,16,yaw,0.037913501661112,validated_group,604,1.0
pooled,past_input,16,acceleration,-0.045094809212152476,validated_group,604,1.0
pooled,past_input,16,steering,0.004655347344947121,validated_group,604,1.0
pooled,autocorrelation,17,yaw,0.12309998512969453,validated_group,604,1.0
pooled,autocorrelation,17,acceleration,0.03653762313043232,validated_group,604,1.0
pooled,autocorrelation,17,steering,-0.009213100578719687,validated_group,604,1.0
pooled,past_input,17,yaw,0.029708222831131163,validated_group,604,1.0
pooled,past_input,17,acceleration,-0.0563062719504491,validated_group,604,1.0
pooled,past_input,17,steering,0.007433426006641533,validated_group,604,1.0
pooled,autocorrelation,18,yaw,0.09323088761556354,validated_group,604,1.0
pooled,autocorrelation,18,acceleration,0.01576552742456799,validated_group,604,1.0
pooled,autocorrelation,18,steering,0.021109995512896742,validated_group,604,1.0
pooled,past_input,18,yaw,0.022053805690007377,validated_group,604,1.0
pooled,past_input,18,acceleration,-0.06507004164519618,validated_group,604,1.0
pooled,past_input,18,steering,0.014780209078164793,validated_group,604,1.0
pooled,autocorrelation,19,yaw,0.13432315072724219,validated_group,604,1.0
pooled,autocorrelation,19,acceleration,0.0499069512948404,validated_group,604,1.0
pooled,autocorrelation,19,steering,0.029415346835722514,validated_group,604,1.0
pooled,past_input,19,yaw,0.015480398260378662,validated_group,604,1.0
pooled,past_input,19,acceleration,-0.06872932580866634,validated_group,604,1.0
pooled,past_input,19,steering,0.013252236740054196,validated_group,604,1.0
pooled,autocorrelation,20,yaw,0.089356693504473,validated_group,604,1.0
pooled,autocorrelation,20,acceleration,0.04008363335881005,validated_group,604,1.0
pooled,autocorrelation,20,steering,-0.0034534148493296918,validated_group,604,1.0
pooled,past_input,20,yaw,0.010417961301653206,validated_group,604,1.0
pooled,past_input,20,acceleration,-0.07656754957665932,validated_group,604,1.0
pooled,past_input,20,steering,0.01662998790518518,validated_group,604,1.0
within_record,autocorrelation,1,yaw,-0.14256377636352438,validated_group,604,1.0
within_record,autocorrelation,1,acceleration,-0.1792004402230002,validated_group,604,1.0
within_record,autocorrelation,1,steering,-0.43257184243757457,validated_group,604,1.0
within_record,past_input,1,yaw,0.0985484579754252,validated_group,604,1.0
within_record,past_input,1,acceleration,0.10075863054481651,validated_group,604,1.0
within_record,past_input,1,steering,-0.03771750816925805,validated_group,604,1.0
within_record,autocorrelation,2,yaw,0.11334830345555463,validated_group,604,1.0
within_record,autocorrelation,2,acceleration,-0.07202026415294875,validated_group,604,1.0
within_record,autocorrelation,2,steering,-0.013478496926618571,validated_group,604,1.0
within_record,past_input,2,yaw,0.08357920142906707,validated_group,604,1.0
within_record,past_input,2,acceleration,0.09249593354163418,validated_group,604,1.0
within_record,past_input,2,steering,-0.034912123184079207,validated_group,604,1.0
within_record,autocorrelation,3,yaw,0.1618213398467401,validated_group,604,1.0
within_record,autocorrelation,3,acceleration,0.003418727320631169,validated_group,604,1.0
within_record,autocorrelation,3,steering,0.01605442174419567,validated_group,604,1.0
within_record,past_input,3,yaw,0.06903011150838151,validated_group,604,1.0
within_record,past_input,3,acceleration,0.08398277512678787,validated_group,604,1.0
within_record,past_input,3,steering,-0.03294731664208133,validated_group,604,1.0
within_record,autocorrelation,4,yaw,0.18598295398573,validated_group,604,1.0
within_record,autocorrelation,4,acceleration,0.02369935028555529,validated_group,604,1.0
within_record,autocorrelation,4,steering,0.030275007113630233,validated_group,604,1.0
within_record,past_input,4,yaw,0.055554491783557855,validated_group,604,1.0
within_record,past_input,4,acceleration,0.07708299018195713,validated_group,604,1.0
within_record,past_input,4,steering,-0.029131491620583466,validated_group,604,1.0
within_record,autocorrelation,5,yaw,0.17644208759727073,validated_group,604,1.0
within_record,autocorrelation,5,acceleration,0.05539127738505566,validated_group,604,1.0
within_record,autocorrelation,5,steering,-0.007621609988475974,validated_group,604,1.0
within_record,past_input,5,yaw,0.043225025400921116,validated_group,604,1.0
within_record,past_input,5,acceleration,0.06870613087606571,validated_group,604,1.0
within_record,past_input,5,steering,-0.028805126773676897,validated_group,604,1.0
within_record,autocorrelation,6,yaw,0.17149165899539748,validated_group,604,1.0
within_record,autocorrelation,6,acceleration,0.05491204384439922,validated_group,604,1.0
within_record,autocorrelation,6,steering,0.033543166352080815,validated_group,604,1.0
within_record,past_input,6,yaw,0.0314264725534001,validated_group,604,1.0
within_record,past_input,6,acceleration,0.060087734798025975,validated_group,604,1.0
within_record,past_input,6,steering,-0.023744731810955468,validated_group,604,1.0
within_record,autocorrelation,7,yaw,0.1681646241830984,validated_group,604,1.0
within_record,autocorrelation,7,acceleration,0.031384355834104385,validated_group,604,1.0
within_record,autocorrelation,7,steering,-0.009971220439760536,validated_group,604,1.0
within_record,past_input,7,yaw,0.015015165692295336,validated_group,604,1.0
within_record,past_input,7,acceleration,0.05038751266166772,validated_group,604,1.0
within_record,past_input,7,steering,-0.02228933840356387,validated_group,604,1.0
within_record,autocorrelation,8,yaw,0.1632866419206003,validated_group,604,1.0
within_record,autocorrelation,8,acceleration,0.03308842636600953,validated_group,604,1.0
within_record,autocorrelation,8,steering,0.044571263203378265,validated_group,604,1.0
within_record,past_input,8,yaw,0.0048220429088417765,validated_group,604,1.0
within_record,past_input,8,acceleration,0.04317031871327545,validated_group,604,1.0
within_record,past_input,8,steering,-0.0206523424247622,validated_group,604,1.0
within_record,autocorrelation,9,yaw,0.10992447967345233,validated_group,604,1.0
within_record,autocorrelation,9,acceleration,0.07251038913402953,validated_group,604,1.0
within_record,autocorrelation,9,steering,0.005166545766954424,validated_group,604,1.0
within_record,past_input,9,yaw,-0.008564286558603482,validated_group,604,1.0
within_record,past_input,9,acceleration,0.038982937813406934,validated_group,604,1.0
within_record,past_input,9,steering,-0.019551033873756393,validated_group,604,1.0
within_record,autocorrelation,10,yaw,0.18527185204263602,validated_group,604,1.0
within_record,autocorrelation,10,acceleration,0.036659674521346615,validated_group,604,1.0
within_record,autocorrelation,10,steering,0.036084019948587884,validated_group,604,1.0
within_record,past_input,10,yaw,-0.026157415161133703,validated_group,604,1.0
within_record,past_input,10,acceleration,0.03244206874008652,validated_group,604,1.0
within_record,past_input,10,steering,-0.014187380558599737,validated_group,604,1.0
within_record,autocorrelation,11,yaw,0.11253201496861977,validated_group,604,1.0
within_record,autocorrelation,11,acceleration,0.04750790457638338,validated_group,604,1.0
within_record,autocorrelation,11,steering,-0.023786617497035152,validated_group,604,1.0
within_record,past_input,11,yaw,-0.035767797314132696,validated_group,604,1.0
within_record,past_input,11,acceleration,0.024010484202702267,validated_group,604,1.0
within_record,past_input,11,steering,-0.01083232103412643,validated_group,604,1.0
within_record,autocorrelation,12,yaw,0.14789692094286241,validated_group,604,1.0
within_record,autocorrelation,12,acceleration,0.06470902257945647,validated_group,604,1.0
within_record,autocorrelation,12,steering,0.04489610191702444,validated_group,604,1.0
within_record,past_input,12,yaw,-0.04874031192276258,validated_group,604,1.0
within_record,past_input,12,acceleration,0.014685757748214878,validated_group,604,1.0
within_record,past_input,12,steering,-0.011722943762294012,validated_group,604,1.0
within_record,autocorrelation,13,yaw,0.13481284685696837,validated_group,604,1.0
within_record,autocorrelation,13,acceleration,0.03735461998663237,validated_group,604,1.0
within_record,autocorrelation,13,steering,-0.03626641074862543,validated_group,604,1.0
within_record,past_input,13,yaw,-0.06524328888471578,validated_group,604,1.0
within_record,past_input,13,acceleration,0.00496869014030175,validated_group,604,1.0
within_record,past_input,13,steering,-0.007474278736448848,validated_group,604,1.0
within_record,autocorrelation,14,yaw,0.08896398651950747,validated_group,604,1.0
within_record,autocorrelation,14,acceleration,0.032066874640225555,validated_group,604,1.0
within_record,autocorrelation,14,steering,0.03302636843196702,validated_group,604,1.0
within_record,past_input,14,yaw,-0.07564685196039132,validated_group,604,1.0
within_record,past_input,14,acceleration,-0.003422897493684271,validated_group,604,1.0
within_record,past_input,14,steering,-0.004721870196474405,validated_group,604,1.0
within_record,autocorrelation,15,yaw,0.1151411414657974,validated_group,604,1.0
within_record,autocorrelation,15,acceleration,0.07186911174100444,validated_group,604,1.0
within_record,autocorrelation,15,steering,0.02481895553313858,validated_group,604,1.0
within_record,past_input,15,yaw,-0.08683887934201179,validated_group,604,1.0
within_record,past_input,15,acceleration,-0.009581709826469996,validated_group,604,1.0
within_record,past_input,15,steering,-0.0013704040578663196,validated_group,604,1.0
within_record,autocorrelation,16,yaw,0.10559474033065162,validated_group,604,1.0
within_record,autocorrelation,16,acceleration,0.024987184644824214,validated_group,604,1.0
within_record,autocorrelation,16,steering,0.02511841611963546,validated_group,604,1.0
within_record,past_input,16,yaw,-0.09437785427164619,validated_group,604,1.0
within_record,past_input,16,acceleration,-0.01705478305705115,validated_group,604,1.0
within_record,past_input,16,steering,0.0012740522978793394,validated_group,604,1.0
within_record,autocorrelation,17,yaw,0.07906632799150905,validated_group,604,1.0
within_record,autocorrelation,17,acceleration,0.021316390314812028,validated_group,604,1.0
within_record,autocorrelation,17,steering,-0.02065895843223792,validated_group,604,1.0
within_record,past_input,17,yaw,-0.10484220737425329,validated_group,604,1.0
within_record,past_input,17,acceleration,-0.03269699808909408,validated_group,604,1.0
within_record,past_input,17,steering,0.0035504264118142517,validated_group,604,1.0
within_record,autocorrelation,18,yaw,0.04766802868807106,validated_group,604,1.0
within_record,autocorrelation,18,acceleration,0.0002501653873196548,validated_group,604,1.0
within_record,autocorrelation,18,steering,0.010184923197766768,validated_group,604,1.0
within_record,past_input,18,yaw,-0.11765746625610417,validated_group,604,1.0
within_record,past_input,18,acceleration,-0.041898374046037315,validated_group,604,1.0
within_record,past_input,18,steering,0.008084717895943868,validated_group,604,1.0
within_record,autocorrelation,19,yaw,0.09129938165349971,validated_group,604,1.0
within_record,autocorrelation,19,acceleration,0.03500440823270721,validated_group,604,1.0
within_record,autocorrelation,19,steering,0.018736063442517183,validated_group,604,1.0
within_record,past_input,19,yaw,-0.1265814660212728,validated_group,604,1.0
within_record,past_input,19,acceleration,-0.04766044040530097,validated_group,604,1.0
within_record,past_input,19,steering,0.008901578961482972,validated_group,604,1.0
within_record,autocorrelation,20,yaw,0.04343512815315812,validated_group,604,1.0
within_record,autocorrelation,20,acceleration,0.024643670041742415,validated_group,604,1.0
within_record,autocorrelation,20,steering,-0.014667256433778843,validated_group,604,1.0
within_record,past_input,20,yaw,-0.13846766941694283,validated_group,604,1.0
within_record,past_input,20,acceleration,-0.05388507055778642,validated_group,604,1.0
within_record,past_input,20,steering,0.010446694945978906,validated_group,604,1.0
pooled,autocorrelation,1,yaw,-0.08690782111781574,validated_fallback,604,1.0
pooled,autocorrelation,1,acceleration,-0.17102143457523897,validated_fallback,604,1.0
pooled,autocorrelation,1,steering,-0.423605119379408,validated_fallback,604,1.0
pooled,past_input,1,yaw,0.1395611342873922,validated_fallback,604,1.0
pooled,past_input,1,acceleration,0.059526052155161234,validated_fallback,604,1.0
pooled,past_input,1,steering,-0.04351474664590039,validated_fallback,604,1.0
pooled,autocorrelation,2,yaw,0.15659534795386404,validated_fallback,604,1.0
pooled,autocorrelation,2,acceleration,-0.06531218788510175,validated_fallback,604,1.0
pooled,autocorrelation,2,steering,-0.007054038536896679,validated_fallback,604,1.0
pooled,past_input,2,yaw,0.12766825573726218,validated_fallback,604,1.0
pooled,past_input,2,acceleration,0.053322168304300685,validated_fallback,604,1.0
pooled,past_input,2,steering,-0.04108984149713213,validated_fallback,604,1.0
pooled,autocorrelation,3,yaw,0.2035550115044887,validated_fallback,604,1.0
pooled,autocorrelation,3,acceleration,0.009790295461090257,validated_fallback,604,1.0
pooled,autocorrelation,3,steering,0.021939597246350948,validated_fallback,604,1.0
pooled,past_input,3,yaw,0.1183846931321408,validated_fallback,604,1.0
pooled,past_input,3,acceleration,0.04612933984954258,validated_fallback,604,1.0
pooled,past_input,3,steering,-0.03731227625683562,validated_fallback,604,1.0
pooled,autocorrelation,4,yaw,0.2258038391106465,validated_fallback,604,1.0
pooled,autocorrelation,4,acceleration,0.030098832303224517,validated_fallback,604,1.0
pooled,autocorrelation,4,steering,0.036710435192640146,validated_fallback,604,1.0
pooled,past_input,4,yaw,0.10775152851061341,validated_fallback,604,1.0
pooled,past_input,4,acceleration,0.04124407345661214,validated_fallback,604,1.0
pooled,past_input,4,steering,-0.032263473669230894,validated_fallback,604,1.0
pooled,autocorrelation,5,yaw,0.21654936593292,validated_fallback,604,1.0
pooled,autocorrelation,5,acceleration,0.062392009591754116,validated_fallback,604,1.0
pooled,autocorrelation,5,steering,-0.0006552674755117857,validated_fallback,604,1.0
pooled,past_input,5,yaw,0.10008171895261803,validated_fallback,604,1.0
pooled,past_input,5,acceleration,0.031449698017583606,validated_fallback,604,1.0
pooled,past_input,5,steering,-0.03016816476931051,validated_fallback,604,1.0
pooled,autocorrelation,6,yaw,0.21274411173188737,validated_fallback,604,1.0
pooled,autocorrelation,6,acceleration,0.061577905457827715,validated_fallback,604,1.0
pooled,autocorrelation,6,steering,0.039897328619086216,validated_fallback,604,1.0
pooled,past_input,6,yaw,0.09147079861570251,validated_fallback,604,1.0
pooled,past_input,6,acceleration,0.024863846329472927,validated_fallback,604,1.0
pooled,past_input,6,steering,-0.02732190740278491,validated_fallback,604,1.0
pooled,autocorrelation,7,yaw,0.2089842685272686,validated_fallback,604,1.0
pooled,autocorrelation,7,acceleration,0.03909425505998469,validated_fallback,604,1.0
pooled,autocorrelation,7,steering,-0.003266194191164759,validated_fallback,604,1.0
pooled,past_input,7,yaw,0.07995103986288382,validated_fallback,604,1.0
pooled,past_input,7,acceleration,0.018917087166661874,validated_fallback,604,1.0
pooled,past_input,7,steering,-0.02310156285138628,validated_fallback,604,1.0
pooled,autocorrelation,8,yaw,0.2038050492206,validated_fallback,604,1.0
pooled,autocorrelation,8,acceleration,0.04090536327098955,validated_fallback,604,1.0
pooled,autocorrelation,8,steering,0.051234914090812926,validated_fallback,604,1.0
pooled,past_input,8,yaw,0.07323109892728077,validated_fallback,604,1.0
pooled,past_input,8,acceleration,0.014349169805887555,validated_fallback,604,1.0
pooled,past_input,8,steering,-0.01880210798499509,validated_fallback,604,1.0
pooled,autocorrelation,9,yaw,0.1536318809124185,validated_fallback,604,1.0
pooled,autocorrelation,9,acceleration,0.08025568909329,validated_fallback,604,1.0
pooled,autocorrelation,9,steering,0.012496223934464555,validated_fallback,604,1.0
pooled,past_input,9,yaw,0.06519559016394358,validated_fallback,604,1.0
pooled,past_input,9,acceleration,0.008540048864079688,validated_fallback,604,1.0
pooled,past_input,9,steering,-0.016709955080595085,validated_fallback,604,1.0
pooled,autocorrelation,10,yaw,0.22569999314691733,validated_fallback,604,1.0
pooled,autocorrelation,10,acceleration,0.04558407346875277,validated_fallback,604,1.0
pooled,autocorrelation,10,steering,0.04383343162131337,validated_fallback,604,1.0
pooled,past_input,10,yaw,0.055249942570157,validated_fallback,604,1.0
pooled,past_input,10,acceleration,0.0017597650118815363,validated_fallback,604,1.0
pooled,past_input,10,steering,-0.01020368751063882,validated_fallback,604,1.0
pooled,autocorrelation,11,yaw,0.1558210653431806,validated_fallback,604,1.0
pooled,autocorrelation,11,acceleration,0.05654474073839462,validated_fallback,604,1.0
pooled,autocorrelation,11,steering,-0.015441896596398061,validated_fallback,604,1.0
pooled,past_input,11,yaw,0.047397284273474595,validated_fallback,604,1.0
pooled,past_input,11,acceleration,-0.004120825446483123,validated_fallback,604,1.0
pooled,past_input,11,steering,-0.009717434921625813,validated_fallback,604,1.0
pooled,autocorrelation,12,yaw,0.18986144335265018,validated_fallback,604,1.0
pooled,autocorrelation,12,acceleration,0.0740268635526124,validated_fallback,604,1.0
pooled,autocorrelation,12,steering,0.05279593428694321,validated_fallback,604,1.0
pooled,past_input,12,yaw,0.04030260203523113,validated_fallback,604,1.0
pooled,past_input,12,acceleration,-0.014134240348918942,validated_fallback,604,1.0
pooled,past_input,12,steering,-0.004866257397009089,validated_fallback,604,1.0
pooled,autocorrelation,13,yaw,0.1769439712925403,validated_fallback,604,1.0
pooled,autocorrelation,13,acceleration,0.04707555204361168,validated_fallback,604,1.0
pooled,autocorrelation,13,steering,-0.027363175010947146,validated_fallback,604,1.0
pooled,past_input,13,yaw,0.02969280769126134,validated_fallback,604,1.0
pooled,past_input,13,acceleration,-0.02065740708235537,validated_fallback,604,1.0
pooled,past_input,13,steering,0.0006179590446523339,validated_fallback,604,1.0
pooled,autocorrelation,14,yaw,0.1332382050249891,validated_fallback,604,1.0
pooled,autocorrelation,14,acceleration,0.04242824369187471,validated_fallback,604,1.0
pooled,autocorrelation,14,steering,0.04160155883605762,validated_fallback,604,1.0
pooled,past_input,14,yaw,0.023901162618455644,validated_fallback,604,1.0
pooled,past_input,14,acceleration,-0.02694868032854171,validated_fallback,604,1.0
pooled,past_input,14,steering,0.0032970098253949664,validated_fallback,604,1.0
pooled,autocorrelation,15,yaw,0.1578227764081997,validated_fallback,604,1.0
pooled,autocorrelation,15,acceleration,0.0827078853603358,validated_fallback,604,1.0
pooled,autocorrelation,15,steering,0.03378097959329906,validated_fallback,604,1.0
pooled,past_input,15,yaw,0.016621544540841218,validated_fallback,604,1.0
pooled,past_input,15,acceleration,-0.03414619847361605,validated_fallback,604,1.0
pooled,past_input,15,steering,0.006446529494065262,validated_fallback,604,1.0
pooled,autocorrelation,16,yaw,0.1494046064161195,validated_fallback,604,1.0
pooled,autocorrelation,16,acceleration,0.036804125872359435,validated_fallback,604,1.0
pooled,autocorrelation,16,steering,0.03425579549703577,validated_fallback,604,1.0
pooled,past_input,16,yaw,0.01397083993932721,validated_fallback,604,1.0
pooled,past_input,16,acceleration,-0.03939541102374252,validated_fallback,604,1.0
pooled,past_input,16,steering,0.009020882221223676,validated_fallback,604,1.0
pooled,autocorrelation,17,yaw,0.12321300797321816,validated_fallback,604,1.0
pooled,autocorrelation,17,acceleration,0.03402482066062553,validated_fallback,604,1.0
pooled,autocorrelation,17,steering,-0.010654838223128378,validated_fallback,604,1.0
pooled,past_input,17,yaw,0.006412062178132764,validated_fallback,604,1.0
pooled,past_input,17,acceleration,-0.04996837536972767,validated_fallback,604,1.0
pooled,past_input,17,steering,0.012552453318576818,validated_fallback,604,1.0
pooled,autocorrelation,18,yaw,0.0925834714630966,validated_fallback,604,1.0
pooled,autocorrelation,18,acceleration,0.013621684983771627,validated_fallback,604,1.0
pooled,autocorrelation,18,steering,0.0197019567649068,validated_fallback,604,1.0
pooled,past_input,18,yaw,-0.0004904047683278022,validated_fallback,604,1.0
pooled,past_input,18,acceleration,-0.05812195792339144,validated_fallback,604,1.0
pooled,past_input,18,steering,0.020635122538646796,validated_fallback,604,1.0
pooled,autocorrelation,19,yaw,0.1333699067114383,validated_fallback,604,1.0
pooled,autocorrelation,19,acceleration,0.04818851117702033,validated_fallback,604,1.0
pooled,autocorrelation,19,steering,0.02853616970456711,validated_fallback,604,1.0
pooled,past_input,19,yaw,-0.00627464178653302,validated_fallback,604,1.0
pooled,past_input,19,acceleration,-0.06117302357869471,validated_fallback,604,1.0
pooled,past_input,19,steering,0.01979170932819169,validated_fallback,604,1.0
pooled,autocorrelation,20,yaw,0.08847732503513689,validated_fallback,604,1.0
pooled,autocorrelation,20,acceleration,0.038803217838157204,validated_fallback,604,1.0
pooled,autocorrelation,20,steering,-0.004069064850607359,validated_fallback,604,1.0
pooled,past_input,20,yaw,-0.010506718474775658,validated_fallback,604,1.0
pooled,past_input,20,acceleration,-0.0684627146821835,validated_fallback,604,1.0
pooled,past_input,20,steering,0.023847185925825274,validated_fallback,604,1.0
within_record,autocorrelation,1,yaw,-0.1366356990585287,validated_fallback,604,1.0
within_record,autocorrelation,1,acceleration,-0.1869387068960572,validated_fallback,604,1.0
within_record,autocorrelation,1,steering,-0.43766530537590576,validated_fallback,604,1.0
within_record,past_input,1,yaw,0.07572165729540517,validated_fallback,604,1.0
within_record,past_input,1,acceleration,0.09435311592094753,validated_fallback,604,1.0
within_record,past_input,1,steering,-0.046359980945635614,validated_fallback,604,1.0
within_record,autocorrelation,2,yaw,0.11807304189660107,validated_fallback,604,1.0
within_record,autocorrelation,2,acceleration,-0.07941121671773232,validated_fallback,604,1.0
within_record,autocorrelation,2,steering,-0.017168537113042864,validated_fallback,604,1.0
within_record,past_input,2,yaw,0.06029143570860836,validated_fallback,604,1.0
within_record,past_input,2,acceleration,0.08691274357335609,validated_fallback,604,1.0
within_record,past_input,2,steering,-0.04261722010302663,validated_fallback,604,1.0
within_record,autocorrelation,3,yaw,0.16646466801704707,validated_fallback,604,1.0
within_record,autocorrelation,3,acceleration,-0.0037264366382982993,validated_fallback,604,1.0
within_record,autocorrelation,3,steering,0.01217084140886115,validated_fallback,604,1.0
within_record,past_input,3,yaw,0.04542346857606369,validated_fallback,604,1.0
within_record,past_input,3,acceleration,0.07925012338215558,validated_fallback,604,1.0
within_record,past_input,3,steering,-0.039703190892939964,validated_fallback,604,1.0
within_record,autocorrelation,4,yaw,0.18983041599883896,validated_fallback,604,1.0
within_record,autocorrelation,4,acceleration,0.01660494628040227,validated_fallback,604,1.0
within_record,autocorrelation,4,steering,0.0269040349588911,validated_fallback,604,1.0
within_record,past_input,4,yaw,0.031677785740883674,validated_fallback,604,1.0
within_record,past_input,4,acceleration,0.07323564392574936,validated_fallback,604,1.0
within_record,past_input,4,steering,-0.03489119837213953,validated_fallback,604,1.0
within_record,autocorrelation,5,yaw,0.17994886491983492,validated_fallback,604,1.0
within_record,autocorrelation,5,acceleration,0.04894756224906133,validated_fallback,604,1.0
within_record,autocorrelation,5,steering,-0.011206161113714891,validated_fallback,604,1.0
within_record,past_input,5,yaw,0.01916006435427244,validated_fallback,604,1.0
within_record,past_input,5,acceleration,0.06573826360766671,validated_fallback,604,1.0
within_record,past_input,5,steering,-0.03355786221523934,validated_fallback,604,1.0
within_record,autocorrelation,6,yaw,0.1755182918968868,validated_fallback,604,1.0
within_record,autocorrelation,6,acceleration,0.04841693619576498,validated_fallback,604,1.0
within_record,autocorrelation,6,steering,0.03003424119653457,validated_fallback,604,1.0
within_record,past_input,6,yaw,0.007248009610677485,validated_fallback,604,1.0
within_record,past_input,6,acceleration,0.058021236488100494,validated_fallback,604,1.0
within_record,past_input,6,steering,-0.027465346715543945,validated_fallback,604,1.0
within_record,autocorrelation,7,yaw,0.1720793925295492,validated_fallback,604,1.0
within_record,autocorrelation,7,acceleration,0.02502859520539393,validated_fallback,604,1.0
within_record,autocorrelation,7,steering,-0.013575189172128936,validated_fallback,604,1.0
within_record,past_input,7,yaw,-0.009134966480901376,validated_fallback,604,1.0
within_record,past_input,7,acceleration,0.04923053605624896,validated_fallback,604,1.0
within_record,past_input,7,steering,-0.024968494402265222,validated_fallback,604,1.0
within_record,autocorrelation,8,yaw,0.16670877460524533,validated_fallback,604,1.0
within_record,autocorrelation,8,acceleration,0.027163340180143603,validated_fallback,604,1.0
within_record,autocorrelation,8,steering,0.041351864896630224,validated_fallback,604,1.0
within_record,past_input,8,yaw,-0.019217511990542432,validated_fallback,604,1.0
within_record,past_input,8,acceleration,0.042936999502664205,validated_fallback,604,1.0
within_record,past_input,8,steering,-0.02228146575125331,validated_fallback,604,1.0
within_record,autocorrelation,9,yaw,0.11355076555146891,validated_fallback,604,1.0
within_record,autocorrelation,9,acceleration,0.0669548373612467,validated_fallback,604,1.0
within_record,autocorrelation,9,steering,0.0018698866003057442,validated_fallback,604,1.0
within_record,past_input,9,yaw,-0.03237519314443916,validated_fallback,604,1.0
within_record,past_input,9,acceleration,0.03967046985684715,validated_fallback,604,1.0
within_record,past_input,9,steering,-0.02014396388485056,validated_fallback,604,1.0
within_record,autocorrelation,10,yaw,0.1881771193878134,validated_fallback,604,1.0
within_record,autocorrelation,10,acceleration,0.03143677422549726,validated_fallback,604,1.0
within_record,autocorrelation,10,steering,0.033311651144383815,validated_fallback,604,1.0
within_record,past_input,10,yaw,-0.049629607988895055,validated_fallback,604,1.0
within_record,past_input,10,acceleration,0.034041115407171176,validated_fallback,604,1.0
within_record,past_input,10,steering,-0.013745632129957386,validated_fallback,604,1.0
within_record,autocorrelation,11,yaw,0.11592631650843079,validated_fallback,604,1.0
within_record,autocorrelation,11,acceleration,0.04258817810906502,validated_fallback,604,1.0
within_record,autocorrelation,11,steering,-0.026786071814899545,validated_fallback,604,1.0
within_record,past_input,11,yaw,-0.05879168691636235,validated_fallback,604,1.0
within_record,past_input,11,acceleration,0.026506029557621373,validated_fallback,604,1.0
within_record,past_input,11,steering,-0.009374804075398282,validated_fallback,604,1.0
within_record,autocorrelation,12,yaw,0.15103592668860077,validated_fallback,604,1.0
within_record,autocorrelation,12,acceleration,0.06016370264959908,validated_fallback,604,1.0
within_record,autocorrelation,12,steering,0.0427053951504868,validated_fallback,604,1.0
within_record,past_input,12,yaw,-0.07127678888867665,validated_fallback,604,1.0
within_record,past_input,12,acceleration,0.018077141889898906,validated_fallback,604,1.0
within_record,past_input,12,steering,-0.009268956658318747,validated_fallback,604,1.0
within_record,autocorrelation,13,yaw,0.1373313185628147,validated_fallback,604,1.0
within_record,autocorrelation,13,acceleration,0.033039561521749146,validated_fallback,604,1.0
within_record,autocorrelation,13,steering,-0.0390047979094297,validated_fallback,604,1.0
within_record,past_input,13,yaw,-0.087109347751204,validated_fallback,604,1.0
within_record,past_input,13,acceleration,0.009221808069127532,validated_fallback,604,1.0
within_record,past_input,13,steering,-0.0040337662672559815,validated_fallback,604,1.0
within_record,autocorrelation,14,yaw,0.09138887707692794,validated_fallback,604,1.0
within_record,autocorrelation,14,acceleration,0.02800596627623505,validated_fallback,604,1.0
within_record,autocorrelation,14,steering,0.03087683038226044,validated_fallback,604,1.0
within_record,past_input,14,yaw,-0.09684074168364666,validated_fallback,604,1.0
within_record,past_input,14,acceleration,0.0016954656947280001,validated_fallback,604,1.0
within_record,past_input,14,steering,-0.0003143295011958921,validated_fallback,604,1.0
within_record,autocorrelation,15,yaw,0.1169994562450062,validated_fallback,604,1.0
within_record,autocorrelation,15,acceleration,0.06863687825817939,validated_fallback,604,1.0
within_record,autocorrelation,15,steering,0.022961324739098874,validated_fallback,604,1.0
within_record,past_input,15,yaw,-0.10726160297422477,validated_fallback,604,1.0
within_record,past_input,15,acceleration,-0.003632093736091951,validated_fallback,604,1.0
within_record,past_input,15,steering,0.003973198539246393,validated_fallback,604,1.0
within_record,autocorrelation,16,yaw,0.1074476883596767,validated_fallback,604,1.0
within_record,autocorrelation,16,acceleration,0.021775584197862664,validated_fallback,604,1.0
within_record,autocorrelation,16,steering,0.02347507165674993,validated_fallback,604,1.0
within_record,past_input,16,yaw,-0.11397212216907862,validated_fallback,604,1.0
within_record,past_input,16,acceleration,-0.010312400259691261,validated_fallback,604,1.0
within_record,past_input,16,steering,0.007547811711030905,validated_fallback,604,1.0
within_record,autocorrelation,17,yaw,0.08065684506304525,validated_fallback,604,1.0
within_record,autocorrelation,17,acceleration,0.018520227673854514,validated_fallback,604,1.0
within_record,autocorrelation,17,steering,-0.02217697034407672,validated_fallback,604,1.0
within_record,past_input,17,yaw,-0.12350585412781247,validated_fallback,604,1.0
within_record,past_input,17,acceleration,-0.025210194643283813,validated_fallback,604,1.0
within_record,past_input,17,steering,0.010710909843517177,validated_fallback,604,1.0
within_record,autocorrelation,18,yaw,0.04843507331045226,validated_fallback,604,1.0
within_record,autocorrelation,18,acceleration,-0.0022233154019448724,validated_fallback,604,1.0
within_record,autocorrelation,18,steering,0.008710932519545253,validated_fallback,604,1.0
within_record,past_input,18,yaw,-0.13524876306084735,validated_fallback,604,1.0
within_record,past_input,18,acceleration,-0.03370470884564227,validated_fallback,604,1.0
within_record,past_input,18,steering,0.0160982233477782,validated_fallback,604,1.0
within_record,autocorrelation,19,yaw,0.09173989516529465,validated_fallback,604,1.0
within_record,autocorrelation,19,acceleration,0.03297759645416917,validated_fallback,604,1.0
within_record,autocorrelation,19,steering,0.017695754608450864,validated_fallback,604,1.0
within_record,past_input,19,yaw,-0.1430499722300254,validated_fallback,604,1.0
within_record,past_input,19,acceleration,-0.03876859234847189,validated_fallback,604,1.0
within_record,past_input,19,steering,0.017717604691886237,validated_fallback,604,1.0
within_record,autocorrelation,20,yaw,0.04394598944305192,validated_fallback,604,1.0
within_record,autocorrelation,20,acceleration,0.023001949183090446,validated_fallback,604,1.0
within_record,autocorrelation,20,steering,-0.015372953063692633,validated_fallback,604,1.0
within_record,past_input,20,yaw,-0.15377698040504043,validated_fallback,604,1.0
within_record,past_input,20,acceleration,-0.04436384517621473,validated_fallback,604,1.0
within_record,past_input,20,steering,0.02005315972310482,validated_fallback,604,1.0
pooled,autocorrelation,1,yaw,-0.04679411820086033,archived_MAP,604,1.0
pooled,autocorrelation,1,acceleration,-0.16207736966241018,archived_MAP,604,1.0
pooled,autocorrelation,1,steering,-0.4144828840697444,archived_MAP,604,1.0
pooled,past_input,1,yaw,0.24330001831843331,archived_MAP,604,1.0
pooled,past_input,1,acceleration,0.08631442766219503,archived_MAP,604,1.0
pooled,past_input,1,steering,-0.04294003899240241,archived_MAP,604,1.0
pooled,autocorrelation,2,yaw,0.18919423088641207,archived_MAP,604,1.0
pooled,autocorrelation,2,acceleration,-0.054888685731703725,archived_MAP,604,1.0
pooled,autocorrelation,2,steering,-0.0016116577427834928,archived_MAP,604,1.0
pooled,past_input,2,yaw,0.2340835708686853,archived_MAP,604,1.0
pooled,past_input,2,acceleration,0.08044635801669953,archived_MAP,604,1.0
pooled,past_input,2,steering,-0.041856074775529946,archived_MAP,604,1.0
pooled,autocorrelation,3,yaw,0.23377662648009268,archived_MAP,604,1.0
pooled,autocorrelation,3,acceleration,0.019028585828291925,archived_MAP,604,1.0
pooled,autocorrelation,3,steering,0.02685411248007453,archived_MAP,604,1.0
pooled,past_input,3,yaw,0.22689822788658096,archived_MAP,604,1.0
pooled,past_input,3,acceleration,0.07360874716449764,archived_MAP,604,1.0
pooled,past_input,3,steering,-0.039399541830357335,archived_MAP,604,1.0
pooled,autocorrelation,4,yaw,0.2551697195958661,archived_MAP,604,1.0
pooled,autocorrelation,4,acceleration,0.03904292773727353,archived_MAP,604,1.0
pooled,autocorrelation,4,steering,0.042226157247959036,archived_MAP,604,1.0
pooled,past_input,4,yaw,0.21851471942384534,archived_MAP,604,1.0
pooled,past_input,4,acceleration,0.06895340052991104,archived_MAP,604,1.0
pooled,past_input,4,steering,-0.03561807719737647,archived_MAP,604,1.0
pooled,autocorrelation,5,yaw,0.24703115533609374,archived_MAP,604,1.0
pooled,autocorrelation,5,acceleration,0.0711925668752196,archived_MAP,604,1.0
pooled,autocorrelation,5,steering,0.0048030777023467235,archived_MAP,604,1.0
pooled,past_input,5,yaw,0.21255688932575395,archived_MAP,604,1.0
pooled,past_input,5,acceleration,0.059424257458943336,archived_MAP,604,1.0
pooled,past_input,5,steering,-0.03483617531487162,archived_MAP,604,1.0
pooled,autocorrelation,6,yaw,0.24398526565050574,archived_MAP,604,1.0
pooled,autocorrelation,6,acceleration,0.06885949542098894,archived_MAP,604,1.0
pooled,autocorrelation,6,steering,0.04403101240382225,archived_MAP,604,1.0
pooled,past_input,6,yaw,0.20582911494543854,archived_MAP,604,1.0
pooled,past_input,6,acceleration,0.05312112536907347,archived_MAP,604,1.0
pooled,past_input,6,steering,-0.033281650345591135,archived_MAP,604,1.0
pooled,autocorrelation,7,yaw,0.2409235400522092,archived_MAP,604,1.0
pooled,autocorrelation,7,acceleration,0.04797213741317888,archived_MAP,604,1.0
pooled,autocorrelation,7,steering,0.0010423052481265344,archived_MAP,604,1.0
pooled,past_input,7,yaw,0.19612394063579333,archived_MAP,604,1.0
pooled,past_input,7,acceleration,0.04733368137267013,archived_MAP,604,1.0
pooled,past_input,7,steering,-0.030331810468100334,archived_MAP,604,1.0
pooled,autocorrelation,8,yaw,0.23671123612358844,archived_MAP,604,1.0
pooled,autocorrelation,8,acceleration,0.04964662566414215,archived_MAP,604,1.0
pooled,autocorrelation,8,steering,0.054646011908059115,archived_MAP,604,1.0
pooled,past_input,8,yaw,0.19090971041156898,archived_MAP,604,1.0
pooled,past_input,8,acceleration,0.04290823910879364,archived_MAP,604,1.0
pooled,past_input,8,steering,-0.02727001805978349,archived_MAP,604,1.0
pooled,autocorrelation,9,yaw,0.1894878140432018,archived_MAP,604,1.0
pooled,autocorrelation,9,acceleration,0.08849833868479574,archived_MAP,604,1.0
pooled,autocorrelation,9,steering,0.01561325070025758,archived_MAP,604,1.0
pooled,past_input,9,yaw,0.18423335177388125,archived_MAP,604,1.0
pooled,past_input,9,acceleration,0.03723931017799663,archived_MAP,604,1.0
pooled,past_input,9,steering,-0.026418389239094144,archived_MAP,604,1.0
pooled,autocorrelation,10,yaw,0.2600639534577419,archived_MAP,604,1.0
pooled,autocorrelation,10,acceleration,0.05511106359604343,archived_MAP,604,1.0
pooled,autocorrelation,10,steering,0.04710512683373102,archived_MAP,604,1.0
pooled,past_input,10,yaw,0.17565350492520795,archived_MAP,604,1.0
pooled,past_input,10,acceleration,0.03066409730911388,archived_MAP,604,1.0
pooled,past_input,10,steering,-0.021168847094745518,archived_MAP,604,1.0
pooled,autocorrelation,11,yaw,0.19275523917888693,archived_MAP,604,1.0
pooled,autocorrelation,11,acceleration,0.06481927024087103,archived_MAP,604,1.0
pooled,autocorrelation,11,steering,-0.0132491350302218,archived_MAP,604,1.0
pooled,past_input,11,yaw,0.16907065317147252,archived_MAP,604,1.0
pooled,past_input,11,acceleration,0.024894227369658517,archived_MAP,604,1.0
pooled,past_input,11,steering,-0.021931004977231022,archived_MAP,604,1.0
pooled,autocorrelation,12,yaw,0.2271364906871845,archived_MAP,604,1.0
pooled,autocorrelation,12,acceleration,0.08069015724037021,archived_MAP,604,1.0
pooled,autocorrelation,12,steering,0.05568247521872075,archived_MAP,604,1.0
pooled,past_input,12,yaw,0.1633386145102102,archived_MAP,604,1.0
pooled,past_input,12,acceleration,0.015051418698373363,archived_MAP,604,1.0
pooled,past_input,12,steering,-0.018283503793271,archived_MAP,604,1.0
pooled,autocorrelation,13,yaw,0.21537215824709063,archived_MAP,604,1.0
pooled,autocorrelation,13,acceleration,0.0543087774711923,archived_MAP,604,1.0
pooled,autocorrelation,13,steering,-0.026261829102049127,archived_MAP,604,1.0
pooled,past_input,13,yaw,0.15386391256421628,archived_MAP,604,1.0
pooled,past_input,13,acceleration,0.008554511582647488,archived_MAP,604,1.0
pooled,past_input,13,steering,-0.01401375310799831,archived_MAP,604,1.0
pooled,autocorrelation,14,yaw,0.17533602384518857,archived_MAP,604,1.0
pooled,autocorrelation,14,acceleration,0.05089646550061366,archived_MAP,604,1.0
pooled,autocorrelation,14,steering,0.04226788097488607,archived_MAP,604,1.0
pooled,past_input,14,yaw,0.14904970722363045,archived_MAP,604,1.0
pooled,past_input,14,acceleration,0.0024132164646440417,archived_MAP,604,1.0
pooled,past_input,14,steering,-0.012550927520936186,archived_MAP,604,1.0
pooled,autocorrelation,15,yaw,0.19948806673193023,archived_MAP,604,1.0
pooled,autocorrelation,15,acceleration,0.08890660431691016,archived_MAP,604,1.0
pooled,autocorrelation,15,steering,0.03464628614458961,archived_MAP,604,1.0
pooled,past_input,15,yaw,0.14254211821567128,archived_MAP,604,1.0
pooled,past_input,15,acceleration,-0.004788266245084268,archived_MAP,604,1.0
pooled,past_input,15,steering,-0.01054828887755942,archived_MAP,604,1.0
pooled,autocorrelation,16,yaw,0.19254518116097352,archived_MAP,604,1.0
pooled,autocorrelation,16,acceleration,0.043828486439671396,archived_MAP,604,1.0
pooled,autocorrelation,16,steering,0.034706707317530415,archived_MAP,604,1.0
pooled,past_input,16,yaw,0.14029458340570458,archived_MAP,604,1.0
pooled,past_input,16,acceleration,-0.010060306502754045,archived_MAP,604,1.0
pooled,past_input,16,steering,-0.009094435316160731,archived_MAP,604,1.0
pooled,autocorrelation,17,yaw,0.16809702968928417,archived_MAP,604,1.0
pooled,autocorrelation,17,acceleration,0.04015819498114948,archived_MAP,604,1.0
pooled,autocorrelation,17,steering,-0.01079609514304128,archived_MAP,604,1.0
pooled,past_input,17,yaw,0.13314052130990012,archived_MAP,604,1.0
pooled,past_input,17,acceleration,-0.020662831001810492,archived_MAP,604,1.0
pooled,past_input,17,steering,-0.0066308060050526765,archived_MAP,604,1.0
pooled,autocorrelation,18,yaw,0.14014947025313962,archived_MAP,604,1.0
pooled,autocorrelation,18,acceleration,0.021430434551801304,archived_MAP,604,1.0
pooled,autocorrelation,18,steering,0.018312290821822445,archived_MAP,604,1.0
pooled,past_input,18,yaw,0.12611067398533946,archived_MAP,604,1.0
pooled,past_input,18,acceleration,-0.028940005149910318,archived_MAP,604,1.0
pooled,past_input,18,steering,0.0004225080219454936,archived_MAP,604,1.0
pooled,autocorrelation,19,yaw,0.18062047998044425,archived_MAP,604,1.0
pooled,autocorrelation,19,acceleration,0.05514304137571286,archived_MAP,604,1.0
pooled,autocorrelation,19,steering,0.026727386325661694,archived_MAP,604,1.0
pooled,past_input,19,yaw,0.12020382626575993,archived_MAP,604,1.0
pooled,past_input,19,acceleration,-0.03198735566484782,archived_MAP,604,1.0
pooled,past_input,19,steering,-0.0014647489833852696,archived_MAP,604,1.0
pooled,autocorrelation,20,yaw,0.13745985122974932,archived_MAP,604,1.0
pooled,autocorrelation,20,acceleration,0.04535947682810112,archived_MAP,604,1.0
pooled,autocorrelation,20,steering,-0.0061658537206390855,archived_MAP,604,1.0
pooled,past_input,20,yaw,0.11579210277554547,archived_MAP,604,1.0
pooled,past_input,20,acceleration,-0.03942805135017678,archived_MAP,604,1.0
pooled,past_input,20,steering,0.0015308601867191074,archived_MAP,604,1.0
within_record,autocorrelation,1,yaw,-0.14153408970114173,archived_MAP,604,1.0
within_record,autocorrelation,1,acceleration,-0.1816053666413908,archived_MAP,604,1.0
within_record,autocorrelation,1,steering,-0.4220947111882129,archived_MAP,604,1.0
within_record,past_input,1,yaw,0.1353275922190396,archived_MAP,604,1.0
within_record,past_input,1,acceleration,0.10405430077791217,archived_MAP,604,1.0
within_record,past_input,1,steering,-0.04190252473423822,archived_MAP,604,1.0
within_record,autocorrelation,2,yaw,0.11549427586687214,archived_MAP,604,1.0
within_record,autocorrelation,2,acceleration,-0.07220417948709064,archived_MAP,604,1.0
within_record,autocorrelation,2,steering,-0.007047503560110186,archived_MAP,604,1.0
within_record,past_input,2,yaw,0.12227671552375338,archived_MAP,604,1.0
within_record,past_input,2,acceleration,0.0969263837231203,archived_MAP,604,1.0
within_record,past_input,2,steering,-0.039640580816762055,archived_MAP,604,1.0
within_record,autocorrelation,3,yaw,0.16345293713758866,archived_MAP,604,1.0
within_record,autocorrelation,3,acceleration,0.0023449662830242386,archived_MAP,604,1.0
within_record,autocorrelation,3,steering,0.021723426025312294,archived_MAP,604,1.0
within_record,past_input,3,yaw,0.10940319362090793,archived_MAP,604,1.0
within_record,past_input,3,acceleration,0.08958411387477411,archived_MAP,604,1.0
within_record,past_input,3,steering,-0.038170802616368224,archived_MAP,604,1.0
within_record,autocorrelation,4,yaw,0.18670091735890582,archived_MAP,604,1.0
within_record,autocorrelation,4,acceleration,0.022281964899123288,archived_MAP,604,1.0
within_record,autocorrelation,4,steering,0.03703323185181532,archived_MAP,604,1.0
within_record,past_input,4,yaw,0.09764550999612548,archived_MAP,604,1.0
within_record,past_input,4,acceleration,0.08384344296243958,archived_MAP,604,1.0
within_record,past_input,4,steering,-0.03478517837591838,archived_MAP,604,1.0
within_record,autocorrelation,5,yaw,0.17713141798889845,archived_MAP,604,1.0
within_record,autocorrelation,5,acceleration,0.05463372854666054,archived_MAP,604,1.0
within_record,autocorrelation,5,steering,-0.0006494450145196445,archived_MAP,604,1.0
within_record,past_input,5,yaw,0.08685772066865338,archived_MAP,604,1.0
within_record,past_input,5,acceleration,0.07663006227822865,archived_MAP,604,1.0
within_record,past_input,5,steering,-0.03487937676352206,archived_MAP,604,1.0
within_record,autocorrelation,6,yaw,0.17358359092775988,archived_MAP,604,1.0
within_record,autocorrelation,6,acceleration,0.05264067704221655,archived_MAP,604,1.0
within_record,autocorrelation,6,steering,0.03888082436522138,archived_MAP,604,1.0
within_record,past_input,6,yaw,0.07661485282316223,archived_MAP,604,1.0
within_record,past_input,6,acceleration,0.06924267342315915,archived_MAP,604,1.0
within_record,past_input,6,steering,-0.030221798503635933,archived_MAP,604,1.0
within_record,autocorrelation,7,yaw,0.17066398027361562,archived_MAP,604,1.0
within_record,autocorrelation,7,acceleration,0.030678856278151034,archived_MAP,604,1.0
within_record,autocorrelation,7,steering,-0.004375186845662927,archived_MAP,604,1.0
within_record,past_input,7,yaw,0.06171490468303906,archived_MAP,604,1.0
within_record,past_input,7,acceleration,0.06063751144639913,archived_MAP,604,1.0
within_record,past_input,7,steering,-0.029128100185846897,archived_MAP,604,1.0
within_record,autocorrelation,8,yaw,0.16600615099662766,archived_MAP,604,1.0
within_record,autocorrelation,8,acceleration,0.03255932436949345,archived_MAP,604,1.0
within_record,autocorrelation,8,steering,0.04961560566223624,archived_MAP,604,1.0
within_record,past_input,8,yaw,0.0529241806364008,archived_MAP,604,1.0
within_record,past_input,8,acceleration,0.054563959637975175,archived_MAP,604,1.0
within_record,past_input,8,steering,-0.027797444092245886,archived_MAP,604,1.0
within_record,autocorrelation,9,yaw,0.11318332821869774,archived_MAP,604,1.0
within_record,autocorrelation,9,acceleration,0.07198985007143507,archived_MAP,604,1.0
within_record,autocorrelation,9,steering,0.010173664384095768,archived_MAP,604,1.0
within_record,past_input,9,yaw,0.04087388657824099,archived_MAP,604,1.0
within_record,past_input,9,acceleration,0.051487454812676636,archived_MAP,604,1.0
within_record,past_input,9,steering,-0.027007058090503373,archived_MAP,604,1.0
within_record,autocorrelation,10,yaw,0.1889966220162728,archived_MAP,604,1.0
within_record,autocorrelation,10,acceleration,0.03751635293968053,archived_MAP,604,1.0
within_record,autocorrelation,10,steering,0.041776113198162504,archived_MAP,604,1.0
within_record,past_input,10,yaw,0.024648330427954987,archived_MAP,604,1.0
within_record,past_input,10,acceleration,0.04607639771149878,archived_MAP,604,1.0
within_record,past_input,10,steering,-0.022002167820746307,archived_MAP,604,1.0
within_record,autocorrelation,11,yaw,0.11639654069352175,archived_MAP,604,1.0
within_record,autocorrelation,11,acceleration,0.04750847504044307,archived_MAP,604,1.0
within_record,autocorrelation,11,steering,-0.019026448311914673,archived_MAP,604,1.0
within_record,past_input,11,yaw,0.016319898163840996,archived_MAP,604,1.0
within_record,past_input,11,acceleration,0.03877148436255417,archived_MAP,604,1.0
within_record,past_input,11,steering,-0.019042431981872575,archived_MAP,604,1.0
within_record,autocorrelation,12,yaw,0.15338007109262106,archived_MAP,604,1.0
within_record,autocorrelation,12,acceleration,0.06348448475973684,archived_MAP,604,1.0
within_record,autocorrelation,12,steering,0.0507537358527099,archived_MAP,604,1.0
within_record,past_input,12,yaw,0.004700336131291059,archived_MAP,604,1.0
within_record,past_input,12,acceleration,0.030546466650030992,archived_MAP,604,1.0
within_record,past_input,12,steering,-0.020241724933234593,archived_MAP,604,1.0
within_record,autocorrelation,13,yaw,0.14024047602081013,archived_MAP,604,1.0
within_record,autocorrelation,13,acceleration,0.036859415765285834,archived_MAP,604,1.0
within_record,autocorrelation,13,steering,-0.03203733171877994,archived_MAP,604,1.0
within_record,past_input,13,yaw,-0.01069325018346768,archived_MAP,604,1.0
within_record,past_input,13,acceleration,0.021826114095519853,archived_MAP,604,1.0
within_record,past_input,13,steering,-0.016308338965221932,archived_MAP,604,1.0
within_record,autocorrelation,14,yaw,0.09605069700245618,archived_MAP,604,1.0
within_record,autocorrelation,14,acceleration,0.032834725337785135,archived_MAP,604,1.0
within_record,autocorrelation,14,steering,0.03708741271399896,archived_MAP,604,1.0
within_record,past_input,14,yaw,-0.02001796636167805,archived_MAP,604,1.0
within_record,past_input,14,acceleration,0.014488680403787448,archived_MAP,604,1.0
within_record,past_input,14,steering,-0.013893186249730119,archived_MAP,604,1.0
within_record,autocorrelation,15,yaw,0.12204517687840281,archived_MAP,604,1.0
within_record,autocorrelation,15,acceleration,0.07133496151464679,archived_MAP,604,1.0
within_record,autocorrelation,15,steering,0.029364933491641994,archived_MAP,604,1.0
within_record,past_input,15,yaw,-0.030372639457570162,archived_MAP,604,1.0
within_record,past_input,15,acceleration,0.009246027942860807,archived_MAP,604,1.0
within_record,past_input,15,steering,-0.010847969866716564,archived_MAP,604,1.0
within_record,autocorrelation,16,yaw,0.11307732812832996,archived_MAP,604,1.0
within_record,autocorrelation,16,acceleration,0.025117163526572478,archived_MAP,604,1.0
within_record,autocorrelation,16,steering,0.029437745407068068,archived_MAP,604,1.0
within_record,past_input,16,yaw,-0.03707360486874947,archived_MAP,604,1.0
within_record,past_input,16,acceleration,0.0026008001675225053,archived_MAP,604,1.0
within_record,past_input,16,steering,-0.008436879292208184,archived_MAP,604,1.0
within_record,autocorrelation,17,yaw,0.08693884614697542,archived_MAP,604,1.0
within_record,autocorrelation,17,acceleration,0.020882777453103678,archived_MAP,604,1.0
within_record,autocorrelation,17,steering,-0.01645921964977947,archived_MAP,604,1.0
within_record,past_input,17,yaw,-0.04699594666457508,archived_MAP,604,1.0
within_record,past_input,17,acceleration,-0.012321745940379755,archived_MAP,604,1.0
within_record,past_input,17,steering,-0.006351488800556605,archived_MAP,604,1.0
within_record,autocorrelation,18,yaw,0.056313930434103654,archived_MAP,604,1.0
within_record,autocorrelation,18,acceleration,0.0017124833059217945,archived_MAP,604,1.0
within_record,autocorrelation,18,steering,0.013050509494580106,archived_MAP,604,1.0
within_record,past_input,18,yaw,-0.059625366214886774,archived_MAP,604,1.0
within_record,past_input,18,acceleration,-0.02093428180095046,archived_MAP,604,1.0
within_record,past_input,18,steering,-0.0019886117904330198,archived_MAP,604,1.0
within_record,autocorrelation,19,yaw,0.10186393183552198,archived_MAP,604,1.0
within_record,autocorrelation,19,acceleration,0.03615499057280384,archived_MAP,604,1.0
within_record,autocorrelation,19,steering,0.021330959952370585,archived_MAP,604,1.0
within_record,past_input,19,yaw,-0.0684775135318262,archived_MAP,604,1.0
within_record,past_input,19,acceleration,-0.02599759479805305,archived_MAP,604,1.0
within_record,past_input,19,steering,-0.0013921112127310573,archived_MAP,604,1.0
within_record,autocorrelation,20,yaw,0.052739008186396284,archived_MAP,604,1.0
within_record,autocorrelation,20,acceleration,0.02581793980679525,archived_MAP,604,1.0
within_record,autocorrelation,20,steering,-0.011600086676314176,archived_MAP,604,1.0
within_record,past_input,20,yaw,-0.08029581685213102,archived_MAP,604,1.0
within_record,past_input,20,acceleration,-0.03168294247206194,archived_MAP,604,1.0
within_record,past_input,20,steering,-7.020963812675263e-05,archived_MAP,604,1.0
