centering,kind,lag,output,correlation,method,seed,process_noise_scale
pooled,autocorrelation,1,yaw,-0.023520724099340595,global,605,1.0
pooled,autocorrelation,1,acceleration,-0.17701321393492533,global,605,1.0
pooled,autocorrelation,1,steering,-0.31518651032919376,global,605,1.0
pooled,past_input,1,yaw,0.09742297940161854,global,605,1.0
pooled,past_input,1,acceleration,-0.0041561444151521874,global,605,1.0
pooled,past_input,1,steering,-0.07122525778551662,global,605,1.0
pooled,autocorrelation,2,yaw,0.2122137850099974,global,605,1.0
pooled,autocorrelation,2,acceleration,-0.049090763512455636,global,605,1.0
pooled,autocorrelation,2,steering,0.06900987420879742,global,605,1.0
pooled,past_input,2,yaw,0.08255813213986829,global,605,1.0
pooled,past_input,2,acceleration,-0.0038225131023303695,global,605,1.0
pooled,past_input,2,steering,-0.07158874864404027,global,605,1.0
pooled,autocorrelation,3,yaw,0.282679872689611,global,605,1.0
pooled,autocorrelation,3,acceleration,0.02677935296453103,global,605,1.0
pooled,autocorrelation,3,steering,0.07983243329200762,global,605,1.0
pooled,past_input,3,yaw,0.06931345786800196,global,605,1.0
pooled,past_input,3,acceleration,-0.007947509840146796,global,605,1.0
pooled,past_input,3,steering,-0.06927311058393561,global,605,1.0
pooled,autocorrelation,4,yaw,0.2594551799298896,global,605,1.0
pooled,autocorrelation,4,acceleration,0.008082726821372184,global,605,1.0
pooled,autocorrelation,4,steering,0.10319825338658647,global,605,1.0
pooled,past_input,4,yaw,0.05658356658542288,global,605,1.0
pooled,past_input,4,acceleration,-0.012822644710143213,global,605,1.0
pooled,past_input,4,steering,-0.06736376431982469,global,605,1.0
pooled,autocorrelation,5,yaw,0.25689058891985794,global,605,1.0
pooled,autocorrelation,5,acceleration,0.08540458117967956,global,605,1.0
pooled,autocorrelation,5,steering,0.05639410827871697,global,605,1.0
pooled,past_input,5,yaw,0.04294499160078657,global,605,1.0
pooled,past_input,5,acceleration,-0.014281265732614162,global,605,1.0
pooled,past_input,5,steering,-0.06694867167246389,global,605,1.0
pooled,autocorrelation,6,yaw,0.2750069012331709,global,605,1.0
pooled,autocorrelation,6,acceleration,0.07194741338896092,global,605,1.0
pooled,autocorrelation,6,steering,0.11088734191983149,global,605,1.0
pooled,past_input,6,yaw,0.03017209981392069,global,605,1.0
pooled,past_input,6,acceleration,-0.01717276363337932,global,605,1.0
pooled,past_input,6,steering,-0.06748539279496282,global,605,1.0
pooled,autocorrelation,7,yaw,0.2271808831261207,global,605,1.0
pooled,autocorrelation,7,acceleration,0.025034079097048394,global,605,1.0
pooled,autocorrelation,7,steering,0.07611712232644775,global,605,1.0
pooled,past_input,7,yaw,0.016259152876026896,global,605,1.0
pooled,past_input,7,acceleration,-0.022703948092943037,global,605,1.0
pooled,past_input,7,steering,-0.06393856407117758,global,605,1.0
pooled,autocorrelation,8,yaw,0.25898002188548835,global,605,1.0
pooled,autocorrelation,8,acceleration,0.0623275194152323,global,605,1.0
pooled,autocorrelation,8,steering,0.10768903716077126,global,605,1.0
pooled,past_input,8,yaw,0.001096660779351516,global,605,1.0
pooled,past_input,8,acceleration,-0.025722844141155183,global,605,1.0
pooled,past_input,8,steering,-0.06424314223257772,global,605,1.0
pooled,autocorrelation,9,yaw,0.24111406513032518,global,605,1.0
pooled,autocorrelation,9,acceleration,0.08289160324325247,global,605,1.0
pooled,autocorrelation,9,steering,0.049649291059221216,global,605,1.0
pooled,past_input,9,yaw,-0.010506006226778764,global,605,1.0
pooled,past_input,9,acceleration,-0.029414109005780904,global,605,1.0
pooled,past_input,9,steering,-0.06223693543806635,global,605,1.0
pooled,autocorrelation,10,yaw,0.2158207987469633,global,605,1.0
pooled,autocorrelation,10,acceleration,0.05011634609072112,global,605,1.0
pooled,autocorrelation,10,steering,0.10844307534322352,global,605,1.0
pooled,past_input,10,yaw,-0.021301148735243844,global,605,1.0
pooled,past_input,10,acceleration,-0.031098277047520585,global,605,1.0
pooled,past_input,10,steering,-0.060592631888420394,global,605,1.0
pooled,autocorrelation,11,yaw,0.22323477375744655,global,605,1.0
pooled,autocorrelation,11,acceleration,0.0629553204989939,global,605,1.0
pooled,autocorrelation,11,steering,0.05489934103254996,global,605,1.0
pooled,past_input,11,yaw,-0.034419983490097686,global,605,1.0
pooled,past_input,11,acceleration,-0.031208157139327376,global,605,1.0
pooled,past_input,11,steering,-0.05662015237299738,global,605,1.0
pooled,autocorrelation,12,yaw,0.19880659449585758,global,605,1.0
pooled,autocorrelation,12,acceleration,0.018082682808659618,global,605,1.0
pooled,autocorrelation,12,steering,0.09309305839185576,global,605,1.0
pooled,past_input,12,yaw,-0.04752644228513544,global,605,1.0
pooled,past_input,12,acceleration,-0.03497709001565319,global,605,1.0
pooled,past_input,12,steering,-0.0536480502983112,global,605,1.0
pooled,autocorrelation,13,yaw,0.20246795108169613,global,605,1.0
pooled,autocorrelation,13,acceleration,0.06536572846030941,global,605,1.0
pooled,autocorrelation,13,steering,0.04075721780771714,global,605,1.0
pooled,past_input,13,yaw,-0.060026780647710304,global,605,1.0
pooled,past_input,13,acceleration,-0.03862077570115374,global,605,1.0
pooled,past_input,13,steering,-0.048896638758049296,global,605,1.0
pooled,autocorrelation,14,yaw,0.19760820757501732,global,605,1.0
pooled,autocorrelation,14,acceleration,0.09729687418486309,global,605,1.0
pooled,autocorrelation,14,steering,0.08363796544264149,global,605,1.0
pooled,past_input,14,yaw,-0.06960706271156628,global,605,1.0
pooled,past_input,14,acceleration,-0.04098876400456617,global,605,1.0
pooled,past_input,14,steering,-0.042431057241311694,global,605,1.0
pooled,autocorrelation,15,yaw,0.13737725632149753,global,605,1.0
pooled,autocorrelation,15,acceleration,0.034429148513127124,global,605,1.0
pooled,autocorrelation,15,steering,0.07420840410753558,global,605,1.0
pooled,past_input,15,yaw,-0.08104067103034182,global,605,1.0
pooled,past_input,15,acceleration,-0.045620873770309746,global,605,1.0
pooled,past_input,15,steering,-0.038815196122509686,global,605,1.0
pooled,autocorrelation,16,yaw,0.17176008743928353,global,605,1.0
pooled,autocorrelation,16,acceleration,0.027393809404809212,global,605,1.0
pooled,autocorrelation,16,steering,0.0360486115525348,global,605,1.0
pooled,past_input,16,yaw,-0.09108039625489266,global,605,1.0
pooled,past_input,16,acceleration,-0.047457354941668584,global,605,1.0
pooled,past_input,16,steering,-0.03869575843038076,global,605,1.0
pooled,autocorrelation,17,yaw,0.13540293911580925,global,605,1.0
pooled,autocorrelation,17,acceleration,0.045210699083905716,global,605,1.0
pooled,autocorrelation,17,steering,0.05484068579233168,global,605,1.0
pooled,past_input,17,yaw,-0.09922987612381276,global,605,1.0
pooled,past_input,17,acceleration,-0.04917548256750812,global,605,1.0
pooled,past_input,17,steering,-0.03278184690027567,global,605,1.0
pooled,autocorrelation,18,yaw,0.12702332368094127,global,605,1.0
pooled,autocorrelation,18,acceleration,0.02545854044297371,global,605,1.0
pooled,autocorrelation,18,steering,0.028678175099735213,global,605,1.0
pooled,past_input,18,yaw,-0.10557185915758859,global,605,1.0
pooled,past_input,18,acceleration,-0.054873549576248085,global,605,1.0
pooled,past_input,18,steering,-0.029585234002627966,global,605,1.0
pooled,autocorrelation,19,yaw,0.11854455871296778,global,605,1.0
pooled,autocorrelation,19,acceleration,0.047680428900605185,global,605,1.0
pooled,autocorrelation,19,steering,0.07830888679699334,global,605,1.0
pooled,past_input,19,yaw,-0.1140040887789211,global,605,1.0
pooled,past_input,19,acceleration,-0.06033117171706652,global,605,1.0
pooled,past_input,19,steering,-0.025532646926048865,global,605,1.0
pooled,autocorrelation,20,yaw,0.08902386713209325,global,605,1.0
pooled,autocorrelation,20,acceleration,0.012336305199299256,global,605,1.0
pooled,autocorrelation,20,steering,0.005016283571474659,global,605,1.0
pooled,past_input,20,yaw,-0.11894537644848635,global,605,1.0
pooled,past_input,20,acceleration,-0.06130633435507499,global,605,1.0
pooled,past_input,20,steering,-0.021634637942950587,global,605,1.0
within_record,autocorrelation,1,yaw,-0.08147020980015432,global,605,1.0
within_record,autocorrelation,1,acceleration,-0.1990614283347961,global,605,1.0
within_record,autocorrelation,1,steering,-0.3341626370941911,global,605,1.0
within_record,past_input,1,yaw,0.06001108969354521,global,605,1.0
within_record,past_input,1,acceleration,-0.003767062142756239,global,605,1.0
within_record,past_input,1,steering,-0.0745334603874835,global,605,1.0
within_record,autocorrelation,2,yaw,0.16828197877196302,global,605,1.0
within_record,autocorrelation,2,acceleration,-0.06877235192927661,global,605,1.0
within_record,autocorrelation,2,steering,0.054642028996805606,global,605,1.0
within_record,past_input,2,yaw,0.04284538935862479,global,605,1.0
within_record,past_input,2,acceleration,0.0006450156689123846,global,605,1.0
within_record,past_input,2,steering,-0.0766371227236577,global,605,1.0
within_record,autocorrelation,3,yaw,0.2423133334057936,global,605,1.0
within_record,autocorrelation,3,acceleration,0.008485782266505202,global,605,1.0
within_record,autocorrelation,3,steering,0.06582319372524652,global,605,1.0
within_record,past_input,3,yaw,0.024873793421363585,global,605,1.0
within_record,past_input,3,acceleration,-0.00571864765359366,global,605,1.0
within_record,past_input,3,steering,-0.0745320065848253,global,605,1.0
within_record,autocorrelation,4,yaw,0.2176032000146294,global,605,1.0
within_record,autocorrelation,4,acceleration,-0.01033024070262315,global,605,1.0
within_record,autocorrelation,4,steering,0.09003010745648507,global,605,1.0
within_record,past_input,4,yaw,0.0085606828977381,global,605,1.0
within_record,past_input,4,acceleration,-0.007698630517082649,global,605,1.0
within_record,past_input,4,steering,-0.07333030662384415,global,605,1.0
within_record,autocorrelation,5,yaw,0.21534750387667714,global,605,1.0
within_record,autocorrelation,5,acceleration,0.06841985333259386,global,605,1.0
within_record,autocorrelation,5,steering,0.04236232211742,global,605,1.0
within_record,past_input,5,yaw,-0.009439542669613027,global,605,1.0
within_record,past_input,5,acceleration,-0.009099348421600113,global,605,1.0
within_record,past_input,5,steering,-0.07398096195519742,global,605,1.0
within_record,autocorrelation,6,yaw,0.23421849723906554,global,605,1.0
within_record,autocorrelation,6,acceleration,0.054150093868943414,global,605,1.0
within_record,autocorrelation,6,steering,0.09764416140769627,global,605,1.0
within_record,past_input,6,yaw,-0.026040313063049866,global,605,1.0
within_record,past_input,6,acceleration,-0.012814391440143277,global,605,1.0
within_record,past_input,6,steering,-0.07525089592223426,global,605,1.0
within_record,autocorrelation,7,yaw,0.18396985715743197,global,605,1.0
within_record,autocorrelation,7,acceleration,0.0066434232922486965,global,605,1.0
within_record,autocorrelation,7,steering,0.062265696529605494,global,605,1.0
within_record,past_input,7,yaw,-0.04464286500537907,global,605,1.0
within_record,past_input,7,acceleration,-0.01725229933468327,global,605,1.0
within_record,past_input,7,steering,-0.07101913831273673,global,605,1.0
within_record,autocorrelation,8,yaw,0.2177484479115957,global,605,1.0
within_record,autocorrelation,8,acceleration,0.04424060657199183,global,605,1.0
within_record,autocorrelation,8,steering,0.09398645110574656,global,605,1.0
within_record,past_input,8,yaw,-0.06509171548220058,global,605,1.0
within_record,past_input,8,acceleration,-0.019284986445378783,global,605,1.0
within_record,past_input,8,steering,-0.0720926004060709,global,605,1.0
within_record,autocorrelation,9,yaw,0.19916804773644026,global,605,1.0
within_record,autocorrelation,9,acceleration,0.0652011090245276,global,605,1.0
within_record,autocorrelation,9,steering,0.035490261111880396,global,605,1.0
within_record,past_input,9,yaw,-0.08121702142981127,global,605,1.0
within_record,past_input,9,acceleration,-0.025320824620033915,global,605,1.0
within_record,past_input,9,steering,-0.07122830951373729,global,605,1.0
within_record,autocorrelation,10,yaw,0.17307552531775136,global,605,1.0
within_record,autocorrelation,10,acceleration,0.03157310695661247,global,605,1.0
within_record,autocorrelation,10,steering,0.09470395018358228,global,605,1.0
within_record,past_input,10,yaw,-0.09476272058455372,global,605,1.0
within_record,past_input,10,acceleration,-0.02293714879390306,global,605,1.0
within_record,past_input,10,steering,-0.06772521907594993,global,605,1.0
within_record,autocorrelation,11,yaw,0.18097694961280106,global,605,1.0
within_record,autocorrelation,11,acceleration,0.04487885768371421,global,605,1.0
within_record,autocorrelation,11,steering,0.041039525348679204,global,605,1.0
within_record,past_input,11,yaw,-0.11371079722082629,global,605,1.0
within_record,past_input,11,acceleration,-0.02251417106677214,global,605,1.0
within_record,past_input,11,steering,-0.06634118341879267,global,605,1.0
within_record,autocorrelation,12,yaw,0.15568836116797818,global,605,1.0
within_record,autocorrelation,12,acceleration,-0.0005774779584058378,global,605,1.0
within_record,autocorrelation,12,steering,0.07956445057289534,global,605,1.0
within_record,past_input,12,yaw,-0.13188207006383473,global,605,1.0
within_record,past_input,12,acceleration,-0.026525498997022116,global,605,1.0
within_record,past_input,12,steering,-0.06268515907403722,global,605,1.0
within_record,autocorrelation,13,yaw,0.1603139208021264,global,605,1.0
within_record,autocorrelation,13,acceleration,0.047885819325950145,global,605,1.0
within_record,autocorrelation,13,steering,0.026188426140129853,global,605,1.0
within_record,past_input,13,yaw,-0.14827039466742428,global,605,1.0
within_record,past_input,13,acceleration,-0.0291872245950307,global,605,1.0
within_record,past_input,13,steering,-0.06057674525671763,global,605,1.0
within_record,autocorrelation,14,yaw,0.15527499388718968,global,605,1.0
within_record,autocorrelation,14,acceleration,0.08053927052826906,global,605,1.0
within_record,autocorrelation,14,steering,0.06978812035575731,global,605,1.0
within_record,past_input,14,yaw,-0.1624127933233331,global,605,1.0
within_record,past_input,14,acceleration,-0.03378835668218194,global,605,1.0
within_record,past_input,14,steering,-0.05223073984619988,global,605,1.0
within_record,autocorrelation,15,yaw,0.09170286146516789,global,605,1.0
within_record,autocorrelation,15,acceleration,0.016356021271960088,global,605,1.0
within_record,autocorrelation,15,steering,0.06006012146929842,global,605,1.0
within_record,past_input,15,yaw,-0.17819124435406591,global,605,1.0
within_record,past_input,15,acceleration,-0.03745014241460471,global,605,1.0
within_record,past_input,15,steering,-0.04927683036843623,global,605,1.0
within_record,autocorrelation,16,yaw,0.1290050351019351,global,605,1.0
within_record,autocorrelation,16,acceleration,0.008840055161056008,global,605,1.0
within_record,autocorrelation,16,steering,0.02122029310461722,global,605,1.0
within_record,past_input,16,yaw,-0.19115091089318398,global,605,1.0
within_record,past_input,16,acceleration,-0.03708076182839979,global,605,1.0
within_record,past_input,16,steering,-0.04831421003123658,global,605,1.0
within_record,autocorrelation,17,yaw,0.09069711624089272,global,605,1.0
within_record,autocorrelation,17,acceleration,0.027006571883689705,global,605,1.0
within_record,autocorrelation,17,steering,0.040466160447831585,global,605,1.0
within_record,past_input,17,yaw,-0.20270632644001663,global,605,1.0
within_record,past_input,17,acceleration,-0.03752445838340108,global,605,1.0
within_record,past_input,17,steering,-0.04293444646718966,global,605,1.0
within_record,autocorrelation,18,yaw,0.0818703754197522,global,605,1.0
within_record,autocorrelation,18,acceleration,0.0063327898845078855,global,605,1.0
within_record,autocorrelation,18,steering,0.013759452085637868,global,605,1.0
within_record,past_input,18,yaw,-0.21509946978084035,global,605,1.0
within_record,past_input,18,acceleration,-0.04050108028805832,global,605,1.0
within_record,past_input,18,steering,-0.037593510939292175,global,605,1.0
within_record,autocorrelation,19,yaw,0.07363154717099148,global,605,1.0
within_record,autocorrelation,19,acceleration,0.02876651903337509,global,605,1.0
within_record,autocorrelation,19,steering,0.06476055583028248,global,605,1.0
within_record,past_input,19,yaw,-0.22649488815556673,global,605,1.0
within_record,past_input,19,acceleration,-0.04843378858431137,global,605,1.0
within_record,past_input,19,steering,-0.036708636362748036,global,605,1.0
within_record,autocorrelation,20,yaw,0.042714138221857316,global,605,1.0
within_record,autocorrelation,20,acceleration,-0.007327351132049309,global,605,1.0
within_record,autocorrelation,20,steering,-0.009690525097539019,global,605,1.0
within_record,past_input,20,yaw,-0.23454114959953729,global,605,1.0
within_record,past_input,20,acceleration,-0.04861984276350489,global,605,1.0
within_record,past_input,20,steering,-0.03118898173211542,global,605,1.0
pooled,autocorrelation,1,yaw,-0.10933872101737728,likelihood_MAP,605,1.0
pooled,autocorrelation,1,acceleration,-0.21760482135106704,likelihood_MAP,605,1.0
pooled,autocorrelation,1,steering,-0.40440524634803443,likelihood_MAP,605,1.0
pooled,past_input,1,yaw,0.21467337293226618,likelihood_MAP,605,1.0
pooled,past_input,1,acceleration,0.06121015654424968,likelihood_MAP,605,1.0
pooled,past_input,1,steering,-0.06021635784430788,likelihood_MAP,605,1.0
pooled,autocorrelation,2,yaw,0.14899055314270598,likelihood_MAP,605,1.0
pooled,autocorrelation,2,acceleration,-0.07871799167451533,likelihood_MAP,605,1.0
pooled,autocorrelation,2,steering,0.006428123729483026,likelihood_MAP,605,1.0
pooled,past_input,2,yaw,0.20746985912475474,likelihood_MAP,605,1.0
pooled,past_input,2,acceleration,0.06003937364409576,likelihood_MAP,605,1.0
pooled,past_input,2,steering,-0.056992832500689046,likelihood_MAP,605,1.0
pooled,autocorrelation,3,yaw,0.22516103908918456,likelihood_MAP,605,1.0
pooled,autocorrelation,3,acceleration,0.0004325074187090455,likelihood_MAP,605,1.0
pooled,autocorrelation,3,steering,0.01734463611297763,likelihood_MAP,605,1.0
pooled,past_input,3,yaw,0.20185220437048748,likelihood_MAP,605,1.0
pooled,past_input,3,acceleration,0.054271757274893834,likelihood_MAP,605,1.0
pooled,past_input,3,steering,-0.051017154043810374,likelihood_MAP,605,1.0
pooled,autocorrelation,4,yaw,0.20255357596293655,likelihood_MAP,605,1.0
pooled,autocorrelation,4,acceleration,-0.01913650842457668,likelihood_MAP,605,1.0
pooled,autocorrelation,4,steering,0.04385503597002586,likelihood_MAP,605,1.0
pooled,past_input,4,yaw,0.19674255287826584,likelihood_MAP,605,1.0
pooled,past_input,4,acceleration,0.04735014934389617,likelihood_MAP,605,1.0
pooled,past_input,4,steering,-0.04557960135794563,likelihood_MAP,605,1.0
pooled,autocorrelation,5,yaw,0.2021808410640513,likelihood_MAP,605,1.0
pooled,autocorrelation,5,acceleration,0.0626572207988364,likelihood_MAP,605,1.0
pooled,autocorrelation,5,steering,-0.004578390413061751,likelihood_MAP,605,1.0
pooled,past_input,5,yaw,0.19040792952590319,likelihood_MAP,605,1.0
pooled,past_input,5,acceleration,0.04363439438728331,likelihood_MAP,605,1.0
pooled,past_input,5,steering,-0.04174511744089313,likelihood_MAP,605,1.0
pooled,autocorrelation,6,yaw,0.22529174937996146,likelihood_MAP,605,1.0
pooled,autocorrelation,6,acceleration,0.04857502413707644,likelihood_MAP,605,1.0
pooled,autocorrelation,6,steering,0.053749856464905287,likelihood_MAP,605,1.0
pooled,past_input,6,yaw,0.1846614979081773,likelihood_MAP,605,1.0
pooled,past_input,6,acceleration,0.03830213565822809,likelihood_MAP,605,1.0
pooled,past_input,6,steering,-0.039152997199969605,likelihood_MAP,605,1.0
pooled,autocorrelation,7,yaw,0.1750182859330441,likelihood_MAP,605,1.0
pooled,autocorrelation,7,acceleration,0.0006102403113053002,likelihood_MAP,605,1.0
pooled,autocorrelation,7,steering,0.01943827743868097,likelihood_MAP,605,1.0
pooled,past_input,7,yaw,0.1775285862165276,likelihood_MAP,605,1.0
pooled,past_input,7,acceleration,0.030431009370946054,likelihood_MAP,605,1.0
pooled,past_input,7,steering,-0.03217281005668108,likelihood_MAP,605,1.0
pooled,autocorrelation,8,yaw,0.21535699672306027,likelihood_MAP,605,1.0
pooled,autocorrelation,8,acceleration,0.037701576260578684,likelihood_MAP,605,1.0
pooled,autocorrelation,8,steering,0.05443683402922214,likelihood_MAP,605,1.0
pooled,past_input,8,yaw,0.16948199998905958,likelihood_MAP,605,1.0
pooled,past_input,8,acceleration,0.02481050616922139,likelihood_MAP,605,1.0
pooled,past_input,8,steering,-0.029581030456564385,likelihood_MAP,605,1.0
pooled,autocorrelation,9,yaw,0.19979370543730157,likelihood_MAP,605,1.0
pooled,autocorrelation,9,acceleration,0.06199658010315372,likelihood_MAP,605,1.0
pooled,autocorrelation,9,steering,-0.0072894670570350754,likelihood_MAP,605,1.0
pooled,past_input,9,yaw,0.1648785434551623,likelihood_MAP,605,1.0
pooled,past_input,9,acceleration,0.01821194241932217,likelihood_MAP,605,1.0
pooled,past_input,9,steering,-0.024743576623130266,likelihood_MAP,605,1.0
pooled,autocorrelation,10,yaw,0.17730515369359123,likelihood_MAP,605,1.0
pooled,autocorrelation,10,acceleration,0.027772504822795724,likelihood_MAP,605,1.0
pooled,autocorrelation,10,steering,0.0606838132384742,likelihood_MAP,605,1.0
pooled,past_input,10,yaw,0.1603723479441162,likelihood_MAP,605,1.0
pooled,past_input,10,acceleration,0.013582631304493005,likelihood_MAP,605,1.0
pooled,past_input,10,steering,-0.020546380727509268,likelihood_MAP,605,1.0
pooled,autocorrelation,11,yaw,0.19163124371142717,likelihood_MAP,605,1.0
pooled,autocorrelation,11,acceleration,0.042058687316989085,likelihood_MAP,605,1.0
pooled,autocorrelation,11,steering,0.0040763245289350755,likelihood_MAP,605,1.0
pooled,past_input,11,yaw,0.15336547227139366,likelihood_MAP,605,1.0
pooled,past_input,11,acceleration,0.010282532158744659,likelihood_MAP,605,1.0
pooled,past_input,11,steering,-0.013994584971071105,likelihood_MAP,605,1.0
pooled,autocorrelation,12,yaw,0.16979017481923642,likelihood_MAP,605,1.0
pooled,autocorrelation,12,acceleration,-0.002767735587995384,likelihood_MAP,605,1.0
pooled,autocorrelation,12,steering,0.048915065170393394,likelihood_MAP,605,1.0
pooled,past_input,12,yaw,0.1461745537197929,likelihood_MAP,605,1.0
pooled,past_input,12,acceleration,0.002736016346822043,likelihood_MAP,605,1.0
pooled,past_input,12,steering,-0.008659836739285838,likelihood_MAP,605,1.0
pooled,autocorrelation,13,yaw,0.18099690982017352,likelihood_MAP,605,1.0
pooled,autocorrelation,13,acceleration,0.04624892234535226,likelihood_MAP,605,1.0
pooled,autocorrelation,13,steering,-0.005171779079436102,likelihood_MAP,605,1.0
pooled,past_input,13,yaw,0.13919750607518988,likelihood_MAP,605,1.0
pooled,past_input,13,acceleration,-0.004640237330511946,likelihood_MAP,605,1.0
pooled,past_input,13,steering,-0.0016123511478393765,likelihood_MAP,605,1.0
pooled,autocorrelation,14,yaw,0.18170164833438862,likelihood_MAP,605,1.0
pooled,autocorrelation,14,acceleration,0.08034643421256073,likelihood_MAP,605,1.0
pooled,autocorrelation,14,steering,0.043580303792223184,likelihood_MAP,605,1.0
pooled,past_input,14,yaw,0.13546499054192457,likelihood_MAP,605,1.0
pooled,past_input,14,acceleration,-0.01085356336926578,likelihood_MAP,605,1.0
pooled,past_input,14,steering,0.00696449404340259,likelihood_MAP,605,1.0
pooled,autocorrelation,15,yaw,0.12202702874235836,likelihood_MAP,605,1.0
pooled,autocorrelation,15,acceleration,0.015751985995458465,likelihood_MAP,605,1.0
pooled,autocorrelation,15,steering,0.037694032215768995,likelihood_MAP,605,1.0
pooled,past_input,15,yaw,0.1280621153870429,likelihood_MAP,605,1.0
pooled,past_input,15,acceleration,-0.0194567837030169,likelihood_MAP,605,1.0
pooled,past_input,15,steering,0.012304006499831618,likelihood_MAP,605,1.0
pooled,autocorrelation,16,yaw,0.16744310428348838,likelihood_MAP,605,1.0
pooled,autocorrelation,16,acceleration,0.007737550110775369,likelihood_MAP,605,1.0
pooled,autocorrelation,16,steering,-0.0015761722861495182,likelihood_MAP,605,1.0
pooled,past_input,16,yaw,0.12163802530183007,likelihood_MAP,605,1.0
pooled,past_input,16,acceleration,-0.025239985213397213,likelihood_MAP,605,1.0
pooled,past_input,16,steering,0.013936286884277145,likelihood_MAP,605,1.0
pooled,autocorrelation,17,yaw,0.13391365769798202,likelihood_MAP,605,1.0
pooled,autocorrelation,17,acceleration,0.028240325963866393,likelihood_MAP,605,1.0
pooled,autocorrelation,17,steering,0.021028832551569506,likelihood_MAP,605,1.0
pooled,past_input,17,yaw,0.11690114566141675,likelihood_MAP,605,1.0
pooled,past_input,17,acceleration,-0.030746111564621717,likelihood_MAP,605,1.0
pooled,past_input,17,steering,0.021030524818742354,likelihood_MAP,605,1.0
pooled,autocorrelation,18,yaw,0.1357712187589814,likelihood_MAP,605,1.0
pooled,autocorrelation,18,acceleration,0.011068907802227242,likelihood_MAP,605,1.0
pooled,autocorrelation,18,steering,-0.0005387308226093029,likelihood_MAP,605,1.0
pooled,past_input,18,yaw,0.11343328454166188,likelihood_MAP,605,1.0
pooled,past_input,18,acceleration,-0.0403124989394558,likelihood_MAP,605,1.0
pooled,past_input,18,steering,0.025164060252359365,likelihood_MAP,605,1.0
pooled,autocorrelation,19,yaw,0.13463299275547735,likelihood_MAP,605,1.0
pooled,autocorrelation,19,acceleration,0.03594490053602362,likelihood_MAP,605,1.0
pooled,autocorrelation,19,steering,0.05360516680728407,likelihood_MAP,605,1.0
pooled,past_input,19,yaw,0.10771060234791589,likelihood_MAP,605,1.0
pooled,past_input,19,acceleration,-0.04958646590696477,likelihood_MAP,605,1.0
pooled,past_input,19,steering,0.030039446659265633,likelihood_MAP,605,1.0
pooled,autocorrelation,20,yaw,0.11133214354530191,likelihood_MAP,605,1.0
pooled,autocorrelation,20,acceleration,-8.520855903658584e-06,likelihood_MAP,605,1.0
pooled,autocorrelation,20,steering,-0.019470199491044206,likelihood_MAP,605,1.0
pooled,past_input,20,yaw,0.10494765729555519,likelihood_MAP,605,1.0
pooled,past_input,20,acceleration,-0.054432249953254706,likelihood_MAP,605,1.0
pooled,past_input,20,steering,0.03421759148372815,likelihood_MAP,605,1.0
within_record,autocorrelation,1,yaw,-0.21265610938456303,likelihood_MAP,605,1.0
within_record,autocorrelation,1,acceleration,-0.23000154284374655,likelihood_MAP,605,1.0
within_record,autocorrelation,1,steering,-0.4137906066318563,likelihood_MAP,605,1.0
within_record,past_input,1,yaw,0.11131195217295028,likelihood_MAP,605,1.0
within_record,past_input,1,acceleration,0.07210095674205357,likelihood_MAP,605,1.0
within_record,past_input,1,steering,-0.06031187408157597,likelihood_MAP,605,1.0
within_record,autocorrelation,2,yaw,0.07124882148151962,likelihood_MAP,605,1.0
within_record,autocorrelation,2,acceleration,-0.08923563531124132,likelihood_MAP,605,1.0
within_record,autocorrelation,2,steering,-0.0005561349701363353,likelihood_MAP,605,1.0
within_record,past_input,2,yaw,0.10231703389458192,likelihood_MAP,605,1.0
within_record,past_input,2,acceleration,0.0750353237524621,likelihood_MAP,605,1.0
within_record,past_input,2,steering,-0.05791858855183133,likelihood_MAP,605,1.0
within_record,autocorrelation,3,yaw,0.15362487672049782,likelihood_MAP,605,1.0
within_record,autocorrelation,3,acceleration,-0.009675064459378118,likelihood_MAP,605,1.0
within_record,autocorrelation,3,steering,0.010349000283127527,likelihood_MAP,605,1.0
within_record,past_input,3,yaw,0.09246883494166679,likelihood_MAP,605,1.0
within_record,past_input,3,acceleration,0.0669858145319633,likelihood_MAP,605,1.0
within_record,past_input,3,steering,-0.05126610185205758,likelihood_MAP,605,1.0
within_record,autocorrelation,4,yaw,0.12842049063930028,likelihood_MAP,605,1.0
within_record,autocorrelation,4,acceleration,-0.029409888935307014,likelihood_MAP,605,1.0
within_record,autocorrelation,4,steering,0.03731989595532325,likelihood_MAP,605,1.0
within_record,past_input,4,yaw,0.08442907865970026,likelihood_MAP,605,1.0
within_record,past_input,4,acceleration,0.06279556057633308,likelihood_MAP,605,1.0
within_record,past_input,4,steering,-0.04556575158485022,likelihood_MAP,605,1.0
within_record,autocorrelation,5,yaw,0.12778590017194752,likelihood_MAP,605,1.0
within_record,autocorrelation,5,acceleration,0.05298200485726589,likelihood_MAP,605,1.0
within_record,autocorrelation,5,steering,-0.011517217789069377,likelihood_MAP,605,1.0
within_record,past_input,5,yaw,0.07434581485534822,likelihood_MAP,605,1.0
within_record,past_input,5,acceleration,0.05887864815224095,likelihood_MAP,605,1.0
within_record,past_input,5,steering,-0.041777626049711,likelihood_MAP,605,1.0
within_record,autocorrelation,6,yaw,0.15279617857110347,likelihood_MAP,605,1.0
within_record,autocorrelation,6,acceleration,0.03839112235906443,likelihood_MAP,605,1.0
within_record,autocorrelation,6,steering,0.047330201831420254,likelihood_MAP,605,1.0
within_record,past_input,6,yaw,0.06557314334423571,likelihood_MAP,605,1.0
within_record,past_input,6,acceleration,0.052412894988150806,likelihood_MAP,605,1.0
within_record,past_input,6,steering,-0.03890131405203773,likelihood_MAP,605,1.0
within_record,autocorrelation,7,yaw,0.09786373135884503,likelihood_MAP,605,1.0
within_record,autocorrelation,7,acceleration,-0.009693915156682003,likelihood_MAP,605,1.0
within_record,autocorrelation,7,steering,0.012420711496273782,likelihood_MAP,605,1.0
within_record,past_input,7,yaw,0.0544446110068405,likelihood_MAP,605,1.0
within_record,past_input,7,acceleration,0.04529909725527591,likelihood_MAP,605,1.0
within_record,past_input,7,steering,-0.030150536039592973,likelihood_MAP,605,1.0
within_record,autocorrelation,8,yaw,0.14160655578431505,likelihood_MAP,605,1.0
within_record,autocorrelation,8,acceleration,0.027596088768944434,likelihood_MAP,605,1.0
within_record,autocorrelation,8,steering,0.04787133086938105,likelihood_MAP,605,1.0
within_record,past_input,8,yaw,0.04150569403476944,likelihood_MAP,605,1.0
within_record,past_input,8,acceleration,0.04020481731964698,likelihood_MAP,605,1.0
within_record,past_input,8,steering,-0.027185385045655618,likelihood_MAP,605,1.0
within_record,autocorrelation,9,yaw,0.12487895329296202,likelihood_MAP,605,1.0
within_record,autocorrelation,9,acceleration,0.05214084678799564,likelihood_MAP,605,1.0
within_record,autocorrelation,9,steering,-0.014456695925448867,likelihood_MAP,605,1.0
within_record,past_input,9,yaw,0.03267996689865163,likelihood_MAP,605,1.0
within_record,past_input,9,acceleration,0.03076942041866484,likelihood_MAP,605,1.0
within_record,past_input,9,steering,-0.022462474252174916,likelihood_MAP,605,1.0
within_record,autocorrelation,10,yaw,0.10068049866296433,likelihood_MAP,605,1.0
within_record,autocorrelation,10,acceleration,0.01745200164545262,likelihood_MAP,605,1.0
within_record,autocorrelation,10,steering,0.05395291705615312,likelihood_MAP,605,1.0
within_record,past_input,10,yaw,0.026232016546373166,likelihood_MAP,605,1.0
within_record,past_input,10,acceleration,0.029749537574679723,likelihood_MAP,605,1.0
within_record,past_input,10,steering,-0.015304582920538165,likelihood_MAP,605,1.0
within_record,autocorrelation,11,yaw,0.11594467848691502,likelihood_MAP,605,1.0
within_record,autocorrelation,11,acceleration,0.031915007764258076,likelihood_MAP,605,1.0
within_record,autocorrelation,11,steering,-0.0026244070092558518,likelihood_MAP,605,1.0
within_record,past_input,11,yaw,0.013741365359499056,likelihood_MAP,605,1.0
within_record,past_input,11,acceleration,0.026412830447029752,likelihood_MAP,605,1.0
within_record,past_input,11,steering,-0.010428047433095047,likelihood_MAP,605,1.0
within_record,autocorrelation,12,yaw,0.0925556565727252,likelihood_MAP,605,1.0
within_record,autocorrelation,12,acceleration,-0.013538902552353373,likelihood_MAP,605,1.0
within_record,autocorrelation,12,steering,0.04247184931923772,likelihood_MAP,605,1.0
within_record,past_input,12,yaw,0.001637219300241912,likelihood_MAP,605,1.0
within_record,past_input,12,acceleration,0.018022923754170375,likelihood_MAP,605,1.0
within_record,past_input,12,steering,-0.0034012658974297773,likelihood_MAP,605,1.0
within_record,autocorrelation,13,yaw,0.10461654971623409,likelihood_MAP,605,1.0
within_record,autocorrelation,13,acceleration,0.036393747324318944,likelihood_MAP,605,1.0
within_record,autocorrelation,13,steering,-0.01209782935190252,likelihood_MAP,605,1.0
within_record,past_input,13,yaw,-0.009014070669088981,likelihood_MAP,605,1.0
within_record,past_input,13,acceleration,0.010989124755045487,likelihood_MAP,605,1.0
within_record,past_input,13,steering,0.0018100324761378154,likelihood_MAP,605,1.0
within_record,autocorrelation,14,yaw,0.10554476059133927,likelihood_MAP,605,1.0
within_record,autocorrelation,14,acceleration,0.07093417775210907,likelihood_MAP,605,1.0
within_record,autocorrelation,14,steering,0.03669674377349137,likelihood_MAP,605,1.0
within_record,past_input,14,yaw,-0.01727459991304524,likelihood_MAP,605,1.0
within_record,past_input,14,acceleration,0.001795434796145399,likelihood_MAP,605,1.0
within_record,past_input,14,steering,0.013184283519712485,likelihood_MAP,605,1.0
within_record,autocorrelation,15,yaw,0.039729891581381495,likelihood_MAP,605,1.0
within_record,autocorrelation,15,acceleration,0.005344971462389338,likelihood_MAP,605,1.0
within_record,autocorrelation,15,steering,0.030721827529533494,likelihood_MAP,605,1.0
within_record,past_input,15,yaw,-0.028726730380504474,likelihood_MAP,605,1.0
within_record,past_input,15,acceleration,-0.006677108021554811,likelihood_MAP,605,1.0
within_record,past_input,15,steering,0.01869947819507158,likelihood_MAP,605,1.0
within_record,autocorrelation,16,yaw,0.09015271585088294,likelihood_MAP,605,1.0
within_record,autocorrelation,16,acceleration,-0.002834811569588872,likelihood_MAP,605,1.0
within_record,autocorrelation,16,steering,-0.00904083469576327,likelihood_MAP,605,1.0
within_record,past_input,16,yaw,-0.03793854438733405,likelihood_MAP,605,1.0
within_record,past_input,16,acceleration,-0.011133032615358094,likelihood_MAP,605,1.0
within_record,past_input,16,steering,0.02209878993180647,likelihood_MAP,605,1.0
within_record,autocorrelation,17,yaw,0.053576325077978236,likelihood_MAP,605,1.0
within_record,autocorrelation,17,acceleration,0.017732436057808408,likelihood_MAP,605,1.0
within_record,autocorrelation,17,steering,0.013669291201694654,likelihood_MAP,605,1.0
within_record,past_input,17,yaw,-0.04591566373402604,likelihood_MAP,605,1.0
within_record,past_input,17,acceleration,-0.016227634716852443,likelihood_MAP,605,1.0
within_record,past_input,17,steering,0.029209463543583315,likelihood_MAP,605,1.0
within_record,autocorrelation,18,yaw,0.05504706843626076,likelihood_MAP,605,1.0
within_record,autocorrelation,18,acceleration,-7.051951370305394e-05,likelihood_MAP,605,1.0
within_record,autocorrelation,18,steering,-0.007820509407333151,likelihood_MAP,605,1.0
within_record,past_input,18,yaw,-0.055439211647622014,likelihood_MAP,605,1.0
within_record,past_input,18,acceleration,-0.02389445559920223,likelihood_MAP,605,1.0
within_record,past_input,18,steering,0.03614863181140713,likelihood_MAP,605,1.0
within_record,autocorrelation,19,yaw,0.053951331222719376,likelihood_MAP,605,1.0
within_record,autocorrelation,19,acceleration,0.025101521923197066,likelihood_MAP,605,1.0
within_record,autocorrelation,19,steering,0.047153506848289166,likelihood_MAP,605,1.0
within_record,past_input,19,yaw,-0.06450832622957134,likelihood_MAP,605,1.0
within_record,past_input,19,acceleration,-0.036592182147010426,likelihood_MAP,605,1.0
within_record,past_input,19,steering,0.03819010060002619,likelihood_MAP,605,1.0
within_record,autocorrelation,20,yaw,0.02791621071371182,likelihood_MAP,605,1.0
within_record,autocorrelation,20,acceleration,-0.011214572602698506,likelihood_MAP,605,1.0
within_record,autocorrelation,20,steering,-0.026395386264263476,likelihood_MAP,605,1.0
within_record,past_input,20,yaw,-0.07066506496785861,likelihood_MAP,605,1.0
within_record,past_input,20,acceleration,-0.04159713012773813,likelihood_MAP,605,1.0
within_record,past_input,20,steering,0.044454894342443846,likelihood_MAP,605,1.0
pooled,autocorrelation,1,yaw,-0.10933877039355555,validated_MAP,605,1.0
pooled,autocorrelation,1,acceleration,-0.2176048724801497,validated_MAP,605,1.0
pooled,autocorrelation,1,steering,-0.4044052519841761,validated_MAP,605,1.0
pooled,past_input,1,yaw,0.21467328709467742,validated_MAP,605,1.0
pooled,past_input,1,acceleration,0.061210098511276234,validated_MAP,605,1.0
pooled,past_input,1,steering,-0.060216306820136296,validated_MAP,605,1.0
pooled,autocorrelation,2,yaw,0.14899051604510466,validated_MAP,605,1.0
pooled,autocorrelation,2,acceleration,-0.07871803044521387,validated_MAP,605,1.0
pooled,autocorrelation,2,steering,0.006428119499852594,validated_MAP,605,1.0
pooled,past_input,2,yaw,0.20746977092736507,validated_MAP,605,1.0
pooled,past_input,2,acceleration,0.06003931645942316,validated_MAP,605,1.0
pooled,past_input,2,steering,-0.056992781393887186,validated_MAP,605,1.0
pooled,autocorrelation,3,yaw,0.22516100645506187,validated_MAP,605,1.0
pooled,autocorrelation,3,acceleration,0.00043247670130181317,validated_MAP,605,1.0
pooled,autocorrelation,3,steering,0.017344632332873044,validated_MAP,605,1.0
pooled,past_input,3,yaw,0.20185211396921565,validated_MAP,605,1.0
pooled,past_input,3,acceleration,0.054271700830678886,validated_MAP,605,1.0
pooled,past_input,3,steering,-0.05101710312139001,validated_MAP,605,1.0
pooled,autocorrelation,4,yaw,0.20255354071163229,validated_MAP,605,1.0
pooled,autocorrelation,4,acceleration,-0.0191365389385907,validated_MAP,605,1.0
pooled,autocorrelation,4,steering,0.043855032078876484,validated_MAP,605,1.0
pooled,past_input,4,yaw,0.19674246058943226,validated_MAP,605,1.0
pooled,past_input,4,acceleration,0.047350094040510014,validated_MAP,605,1.0
pooled,past_input,4,steering,-0.045579550757779905,validated_MAP,605,1.0
pooled,autocorrelation,5,yaw,0.20218080588041962,validated_MAP,605,1.0
pooled,autocorrelation,5,acceleration,0.06265719172684574,validated_MAP,605,1.0
pooled,autocorrelation,5,steering,-0.004578392195133011,validated_MAP,605,1.0
pooled,past_input,5,yaw,0.19040783560073585,validated_MAP,605,1.0
pooled,past_input,5,acceleration,0.04363434072809093,validated_MAP,605,1.0
pooled,past_input,5,steering,-0.041745067357721224,validated_MAP,605,1.0
pooled,autocorrelation,6,yaw,0.22529171491446873,validated_MAP,605,1.0
pooled,autocorrelation,6,acceleration,0.048574994996781355,validated_MAP,605,1.0
pooled,autocorrelation,6,steering,0.05374985224867851,validated_MAP,605,1.0
pooled,past_input,6,yaw,0.1846614027134658,validated_MAP,605,1.0
pooled,past_input,6,acceleration,0.03830208359544985,validated_MAP,605,1.0
pooled,past_input,6,steering,-0.03915294786830576,validated_MAP,605,1.0
pooled,autocorrelation,7,yaw,0.1750182498301967,validated_MAP,605,1.0
pooled,autocorrelation,7,acceleration,0.0006102109681832067,validated_MAP,605,1.0
pooled,autocorrelation,7,steering,0.01943827427510738,validated_MAP,605,1.0
pooled,past_input,7,yaw,0.1775284897988445,validated_MAP,605,1.0
pooled,past_input,7,acceleration,0.030430958940944965,validated_MAP,605,1.0
pooled,past_input,7,steering,-0.0321727615942517,validated_MAP,605,1.0
pooled,autocorrelation,8,yaw,0.21535696206449884,validated_MAP,605,1.0
pooled,autocorrelation,8,acceleration,0.03770155089099995,validated_MAP,605,1.0
pooled,autocorrelation,8,steering,0.05443682998584722,validated_MAP,605,1.0
pooled,past_input,8,yaw,0.1694819024851784,validated_MAP,605,1.0
pooled,past_input,8,acceleration,0.024810457949915286,validated_MAP,605,1.0
pooled,past_input,8,steering,-0.02958098316080134,validated_MAP,605,1.0
pooled,autocorrelation,9,yaw,0.19979366895451892,validated_MAP,605,1.0
pooled,autocorrelation,9,acceleration,0.06199655208332491,validated_MAP,605,1.0
pooled,autocorrelation,9,steering,-0.007289469696538605,validated_MAP,605,1.0
pooled,past_input,9,yaw,0.1648784450417833,validated_MAP,605,1.0
pooled,past_input,9,acceleration,0.018211896773092186,validated_MAP,605,1.0
pooled,past_input,9,steering,-0.024743530873547293,validated_MAP,605,1.0
pooled,autocorrelation,10,yaw,0.17730511737564214,validated_MAP,605,1.0
pooled,autocorrelation,10,acceleration,0.027772476869952996,validated_MAP,605,1.0
pooled,autocorrelation,10,steering,0.06068381086927647,validated_MAP,605,1.0
pooled,past_input,10,yaw,0.16037224954085524,validated_MAP,605,1.0
pooled,past_input,10,acceleration,0.013582588480104955,validated_MAP,605,1.0
pooled,past_input,10,steering,-0.02054633653858009,validated_MAP,605,1.0
pooled,autocorrelation,11,yaw,0.19163120764324215,validated_MAP,605,1.0
pooled,autocorrelation,11,acceleration,0.04205866303837857,validated_MAP,605,1.0
pooled,autocorrelation,11,steering,0.004076320489800227,validated_MAP,605,1.0
pooled,past_input,11,yaw,0.1533653736267013,validated_MAP,605,1.0
pooled,past_input,11,acceleration,0.010282492411779065,validated_MAP,605,1.0
pooled,past_input,11,steering,-0.013994542411578381,validated_MAP,605,1.0
pooled,autocorrelation,12,yaw,0.16979013826332143,validated_MAP,605,1.0
pooled,autocorrelation,12,acceleration,-0.002767764232505633,validated_MAP,605,1.0
pooled,autocorrelation,12,steering,0.04891506334175252,validated_MAP,605,1.0
pooled,past_input,12,yaw,0.14617445506868643,validated_MAP,605,1.0
pooled,past_input,12,acceleration,0.0027359803399859017,validated_MAP,605,1.0
pooled,past_input,12,steering,-0.008659796081981913,validated_MAP,605,1.0
pooled,autocorrelation,13,yaw,0.1809968744202557,validated_MAP,605,1.0
pooled,autocorrelation,13,acceleration,0.04624889506702855,validated_MAP,605,1.0
pooled,autocorrelation,13,steering,-0.005171780382887925,validated_MAP,605,1.0
pooled,past_input,13,yaw,0.1391974076538061,validated_MAP,605,1.0
pooled,past_input,13,acceleration,-0.0046402694498726485,validated_MAP,605,1.0
pooled,past_input,13,steering,-0.0016123124755152948,validated_MAP,605,1.0
pooled,autocorrelation,14,yaw,0.1817016134763083,validated_MAP,605,1.0
pooled,autocorrelation,14,acceleration,0.08034640896583599,validated_MAP,605,1.0
pooled,autocorrelation,14,steering,0.04358030082703115,validated_MAP,605,1.0
pooled,past_input,14,yaw,0.1354648925113844,validated_MAP,605,1.0
pooled,past_input,14,acceleration,-0.010853591588348876,validated_MAP,605,1.0
pooled,past_input,14,steering,0.006964530366506363,validated_MAP,605,1.0
pooled,autocorrelation,15,yaw,0.12202699133879104,validated_MAP,605,1.0
pooled,autocorrelation,15,acceleration,0.0157519619477575,validated_MAP,605,1.0
pooled,autocorrelation,15,steering,0.03769403100070622,validated_MAP,605,1.0
pooled,past_input,15,yaw,0.12806201844988546,validated_MAP,605,1.0
pooled,past_input,15,acceleration,-0.019456807621219933,validated_MAP,605,1.0
pooled,past_input,15,steering,0.012304040368199648,validated_MAP,605,1.0
pooled,autocorrelation,16,yaw,0.16744306948116114,validated_MAP,605,1.0
pooled,autocorrelation,16,acceleration,0.007737532775034738,validated_MAP,605,1.0
pooled,autocorrelation,16,steering,-0.0015761749698560913,validated_MAP,605,1.0
pooled,past_input,16,yaw,0.12163792956019498,validated_MAP,605,1.0
pooled,past_input,16,acceleration,-0.02524000446970733,validated_MAP,605,1.0
pooled,past_input,16,steering,0.013936318142105763,validated_MAP,605,1.0
pooled,autocorrelation,17,yaw,0.13391362087573966,validated_MAP,605,1.0
pooled,autocorrelation,17,acceleration,0.02824030855411184,validated_MAP,605,1.0
pooled,autocorrelation,17,steering,0.021028830862693918,validated_MAP,605,1.0
pooled,past_input,17,yaw,0.11690105134695146,validated_MAP,605,1.0
pooled,past_input,17,acceleration,-0.0307461263250071,validated_MAP,605,1.0
pooled,past_input,17,steering,0.021030553134540095,validated_MAP,605,1.0
pooled,autocorrelation,18,yaw,0.13577118092445467,validated_MAP,605,1.0
pooled,autocorrelation,18,acceleration,0.011068887798920497,validated_MAP,605,1.0
pooled,autocorrelation,18,steering,-0.0005387305399147788,validated_MAP,605,1.0
pooled,past_input,18,yaw,0.11343319201302361,validated_MAP,605,1.0
pooled,past_input,18,acceleration,-0.040312508956976204,validated_MAP,605,1.0
pooled,past_input,18,steering,0.02516408543163537,validated_MAP,605,1.0
pooled,autocorrelation,19,yaw,0.1346329548670973,validated_MAP,605,1.0
pooled,autocorrelation,19,acceleration,0.03594488236119218,validated_MAP,605,1.0
pooled,autocorrelation,19,steering,0.053605164960804114,validated_MAP,605,1.0
pooled,past_input,19,yaw,0.10771051161680474,validated_MAP,605,1.0
pooled,past_input,19,acceleration,-0.049586470669272145,validated_MAP,605,1.0
pooled,past_input,19,steering,0.0300394687512039,validated_MAP,605,1.0
pooled,autocorrelation,20,yaw,0.11133210525915407,validated_MAP,605,1.0
pooled,autocorrelation,20,acceleration,-8.539398625723754e-06,validated_MAP,605,1.0
pooled,autocorrelation,20,steering,-0.01947019895144903,validated_MAP,605,1.0
pooled,past_input,20,yaw,0.1049475687942231,validated_MAP,605,1.0
pooled,past_input,20,acceleration,-0.05443224927819311,validated_MAP,605,1.0
pooled,past_input,20,steering,0.03421761022264815,validated_MAP,605,1.0
within_record,autocorrelation,1,yaw,-0.21265609875178118,validated_MAP,605,1.0
within_record,autocorrelation,1,acceleration,-0.23000158111004315,validated_MAP,605,1.0
within_record,autocorrelation,1,steering,-0.41379061193775907,validated_MAP,605,1.0
within_record,past_input,1,yaw,0.11131189169443477,validated_MAP,605,1.0
within_record,past_input,1,acceleration,0.0721008752588108,validated_MAP,605,1.0
within_record,past_input,1,steering,-0.06031181545317624,validated_MAP,605,1.0
within_record,autocorrelation,2,yaw,0.07124882990209669,validated_MAP,605,1.0
within_record,autocorrelation,2,acceleration,-0.08923566306333917,validated_MAP,605,1.0
within_record,autocorrelation,2,steering,-0.0005561383177457529,validated_MAP,605,1.0
within_record,past_input,2,yaw,0.1023169711940622,validated_MAP,605,1.0
within_record,past_input,2,acceleration,0.07503524173701961,validated_MAP,605,1.0
within_record,past_input,2,steering,-0.05791852912391036,validated_MAP,605,1.0
within_record,autocorrelation,3,yaw,0.1536248859240036,validated_MAP,605,1.0
within_record,autocorrelation,3,acceleration,-0.009675084637053343,validated_MAP,605,1.0
within_record,autocorrelation,3,steering,0.010348997057109682,validated_MAP,605,1.0
within_record,past_input,3,yaw,0.09246877013995546,validated_MAP,605,1.0
within_record,past_input,3,acceleration,0.06698573167768719,validated_MAP,605,1.0
within_record,past_input,3,steering,-0.05126604179928979,validated_MAP,605,1.0
within_record,autocorrelation,4,yaw,0.1284204985146813,validated_MAP,605,1.0
within_record,autocorrelation,4,acceleration,-0.029409908512531745,validated_MAP,605,1.0
within_record,autocorrelation,4,steering,0.03731989225066661,validated_MAP,605,1.0
within_record,past_input,4,yaw,0.084429011940643,validated_MAP,605,1.0
within_record,past_input,4,acceleration,0.06279547765828271,validated_MAP,605,1.0
within_record,past_input,4,steering,-0.04556569127102915,validated_MAP,605,1.0
within_record,autocorrelation,5,yaw,0.12778590828144606,validated_MAP,605,1.0
within_record,autocorrelation,5,acceleration,0.052981986489340896,validated_MAP,605,1.0
within_record,autocorrelation,5,steering,-0.011517219274792958,validated_MAP,605,1.0
within_record,past_input,5,yaw,0.07434574670902665,validated_MAP,605,1.0
within_record,past_input,5,acceleration,0.05887856567310242,validated_MAP,605,1.0
within_record,past_input,5,steering,-0.04177756559922284,validated_MAP,605,1.0
within_record,autocorrelation,6,yaw,0.1527961858290677,validated_MAP,605,1.0
within_record,autocorrelation,6,acceleration,0.03839110392866495,validated_MAP,605,1.0
within_record,autocorrelation,6,steering,0.04733019786987656,validated_MAP,605,1.0
within_record,past_input,6,yaw,0.06557307411023625,validated_MAP,605,1.0
within_record,past_input,6,acceleration,0.052412813089179805,validated_MAP,605,1.0
within_record,past_input,6,steering,-0.038901253684206126,validated_MAP,605,1.0
within_record,autocorrelation,7,yaw,0.09786373978654174,validated_MAP,605,1.0
within_record,autocorrelation,7,acceleration,-0.009693933487433295,validated_MAP,605,1.0
within_record,autocorrelation,7,steering,0.01242070843714453,validated_MAP,605,1.0
within_record,past_input,7,yaw,0.05444454095475424,validated_MAP,605,1.0
within_record,past_input,7,acceleration,0.04529901591073085,validated_MAP,605,1.0
within_record,past_input,7,steering,-0.030150475842955975,validated_MAP,605,1.0
within_record,autocorrelation,8,yaw,0.14160656328295643,validated_MAP,605,1.0
within_record,autocorrelation,8,acceleration,0.027596074008696826,validated_MAP,605,1.0
within_record,autocorrelation,8,steering,0.04787132752393016,validated_MAP,605,1.0
within_record,past_input,8,yaw,0.041505623394665146,validated_MAP,605,1.0
within_record,past_input,8,acceleration,0.040204737234236405,validated_MAP,605,1.0
within_record,past_input,8,steering,-0.02718532547639055,validated_MAP,605,1.0
within_record,autocorrelation,9,yaw,0.12487895984961157,validated_MAP,605,1.0
within_record,autocorrelation,9,acceleration,0.05214082896856952,validated_MAP,605,1.0
within_record,autocorrelation,9,steering,-0.014456698505852275,validated_MAP,605,1.0
within_record,past_input,9,yaw,0.03267989603506598,validated_MAP,605,1.0
within_record,past_input,9,acceleration,0.030769342009225042,validated_MAP,605,1.0
within_record,past_input,9,steering,-0.022462415669966294,validated_MAP,605,1.0
within_record,autocorrelation,10,yaw,0.10068050656224416,validated_MAP,605,1.0
within_record,autocorrelation,10,acceleration,0.01745198452243673,validated_MAP,605,1.0
within_record,autocorrelation,10,steering,0.053952915303906696,validated_MAP,605,1.0
within_record,past_input,10,yaw,0.026231946148806282,validated_MAP,605,1.0
within_record,past_input,10,acceleration,0.029749461160213136,validated_MAP,605,1.0
within_record,past_input,10,steering,-0.01530452540216929,validated_MAP,605,1.0
within_record,autocorrelation,11,yaw,0.11594468594567012,validated_MAP,605,1.0
within_record,autocorrelation,11,acceleration,0.03191499425030602,validated_MAP,605,1.0
within_record,autocorrelation,11,steering,-0.002624411002855593,validated_MAP,605,1.0
within_record,past_input,11,yaw,0.013741295581632946,validated_MAP,605,1.0
within_record,past_input,11,acceleration,0.02641275610127928,validated_MAP,605,1.0
within_record,past_input,11,steering,-0.010427991100120314,validated_MAP,605,1.0
within_record,autocorrelation,12,yaw,0.09255566414031338,validated_MAP,605,1.0
within_record,autocorrelation,12,acceleration,-0.013538919570705181,validated_MAP,605,1.0
within_record,autocorrelation,12,steering,0.042471847779305974,validated_MAP,605,1.0
within_record,past_input,12,yaw,0.0016371503846859218,validated_MAP,605,1.0
within_record,past_input,12,acceleration,0.018022852450029388,validated_MAP,605,1.0
within_record,past_input,12,steering,-0.0034012110497344044,validated_MAP,605,1.0
within_record,autocorrelation,13,yaw,0.104616558411415,validated_MAP,605,1.0
within_record,autocorrelation,13,acceleration,0.03639373080185236,validated_MAP,605,1.0
within_record,autocorrelation,13,steering,-0.012097830264697709,validated_MAP,605,1.0
within_record,past_input,13,yaw,-0.009014138364310507,validated_MAP,605,1.0
within_record,past_input,13,acceleration,0.01098905659120972,validated_MAP,605,1.0
within_record,past_input,13,steering,0.0018100856934876884,validated_MAP,605,1.0
within_record,autocorrelation,14,yaw,0.10554476969087885,validated_MAP,605,1.0
within_record,autocorrelation,14,acceleration,0.07093416297324003,validated_MAP,605,1.0
within_record,autocorrelation,14,steering,0.036696741095775066,validated_MAP,605,1.0
within_record,past_input,14,yaw,-0.017274666272088453,validated_MAP,605,1.0
within_record,past_input,14,acceleration,0.001795369996201563,validated_MAP,605,1.0
within_record,past_input,14,steering,0.013184334726866176,validated_MAP,605,1.0
within_record,autocorrelation,15,yaw,0.039729901301234535,validated_MAP,605,1.0
within_record,autocorrelation,15,acceleration,0.005344959054865246,validated_MAP,605,1.0
within_record,autocorrelation,15,steering,0.03072182680341233,validated_MAP,605,1.0
within_record,past_input,15,yaw,-0.02872679463084259,validated_MAP,605,1.0
within_record,past_input,15,acceleration,-0.006677168676043029,validated_MAP,605,1.0
within_record,past_input,15,steering,0.018699527178241738,validated_MAP,605,1.0
within_record,autocorrelation,16,yaw,0.09015272537351267,validated_MAP,605,1.0
within_record,autocorrelation,16,acceleration,-0.002834817383951835,validated_MAP,605,1.0
within_record,autocorrelation,16,steering,-0.009040836983949838,validated_MAP,605,1.0
within_record,past_input,16,yaw,-0.0379386061728496,validated_MAP,605,1.0
within_record,past_input,16,acceleration,-0.011133088793350874,validated_MAP,605,1.0
within_record,past_input,16,steering,0.022098836500817454,validated_MAP,605,1.0
within_record,autocorrelation,17,yaw,0.05357633391830425,validated_MAP,605,1.0
within_record,autocorrelation,17,acceleration,0.017732429841547822,validated_MAP,605,1.0
within_record,autocorrelation,17,steering,0.013669289853568864,validated_MAP,605,1.0
within_record,past_input,17,yaw,-0.045915722813321624,validated_MAP,605,1.0
within_record,past_input,17,acceleration,-0.016227686862761725,validated_MAP,605,1.0
within_record,past_input,17,steering,0.029209507236780733,validated_MAP,605,1.0
within_record,autocorrelation,18,yaw,0.055047076491954006,validated_MAP,605,1.0
within_record,autocorrelation,18,acceleration,-7.05279680233981e-05,validated_MAP,605,1.0
within_record,autocorrelation,18,steering,-0.007820508424403622,validated_MAP,605,1.0
within_record,past_input,18,yaw,-0.05543926774044933,validated_MAP,605,1.0
within_record,past_input,18,acceleration,-0.023894503407134355,validated_MAP,605,1.0
within_record,past_input,18,steering,0.03614867233054859,validated_MAP,605,1.0
within_record,autocorrelation,19,yaw,0.05395133902191155,validated_MAP,605,1.0
within_record,autocorrelation,19,acceleration,0.02510151484780442,validated_MAP,605,1.0
within_record,autocorrelation,19,steering,0.047153505299145734,validated_MAP,605,1.0
within_record,past_input,19,yaw,-0.06450837904664068,validated_MAP,605,1.0
within_record,past_input,19,acceleration,-0.03659222514714747,validated_MAP,605,1.0
within_record,past_input,19,steering,0.0381901381259741,validated_MAP,605,1.0
within_record,autocorrelation,20,yaw,0.027916219784807166,validated_MAP,605,1.0
within_record,autocorrelation,20,acceleration,-0.011214579559451977,validated_MAP,605,1.0
within_record,autocorrelation,20,steering,-0.026395385255123957,validated_MAP,605,1.0
within_record,past_input,20,yaw,-0.07066511422110049,validated_MAP,605,1.0
within_record,past_input,20,acceleration,-0.04159716776939979,validated_MAP,605,1.0
within_record,past_input,20,steering,0.04445492843092794,validated_MAP,605,1.0
pooled,autocorrelation,1,yaw,-0.10933877039355555,validated_group,605,1.0
pooled,autocorrelation,1,acceleration,-0.2176048724801497,validated_group,605,1.0
pooled,autocorrelation,1,steering,-0.4044052519841761,validated_group,605,1.0
pooled,past_input,1,yaw,0.21467328709467742,validated_group,605,1.0
pooled,past_input,1,acceleration,0.061210098511276234,validated_group,605,1.0
pooled,past_input,1,steering,-0.060216306820136296,validated_group,605,1.0
pooled,autocorrelation,2,yaw,0.14899051604510466,validated_group,605,1.0
pooled,autocorrelation,2,acceleration,-0.07871803044521387,validated_group,605,1.0
pooled,autocorrelation,2,steering,0.006428119499852594,validated_group,605,1.0
pooled,past_input,2,yaw,0.20746977092736507,validated_group,605,1.0
pooled,past_input,2,acceleration,0.06003931645942316,validated_group,605,1.0
pooled,past_input,2,steering,-0.056992781393887186,validated_group,605,1.0
pooled,autocorrelation,3,yaw,0.22516100645506187,validated_group,605,1.0
pooled,autocorrelation,3,acceleration,0.00043247670130181317,validated_group,605,1.0
pooled,autocorrelation,3,steering,0.017344632332873044,validated_group,605,1.0
pooled,past_input,3,yaw,0.20185211396921565,validated_group,605,1.0
pooled,past_input,3,acceleration,0.054271700830678886,validated_group,605,1.0
pooled,past_input,3,steering,-0.05101710312139001,validated_group,605,1.0
pooled,autocorrelation,4,yaw,0.20255354071163229,validated_group,605,1.0
pooled,autocorrelation,4,acceleration,-0.0191365389385907,validated_group,605,1.0
pooled,autocorrelation,4,steering,0.043855032078876484,validated_group,605,1.0
pooled,past_input,4,yaw,0.19674246058943226,validated_group,605,1.0
pooled,past_input,4,acceleration,0.047350094040510014,validated_group,605,1.0
pooled,past_input,4,steering,-0.045579550757779905,validated_group,605,1.0
pooled,autocorrelation,5,yaw,0.20218080588041962,validated_group,605,1.0
pooled,autocorrelation,5,acceleration,0.06265719172684574,validated_group,605,1.0
pooled,autocorrelation,5,steering,-0.004578392195133011,validated_group,605,1.0
pooled,past_input,5,yaw,0.19040783560073585,validated_group,605,1.0
pooled,past_input,5,acceleration,0.04363434072809093,validated_group,605,1.0
pooled,past_input,5,steering,-0.041745067357721224,validated_group,605,1.0
pooled,autocorrelation,6,yaw,0.22529171491446873,validated_group,605,1.0
pooled,autocorrelation,6,acceleration,0.048574994996781355,validated_group,605,1.0
pooled,autocorrelation,6,steering,0.05374985224867851,validated_group,605,1.0
pooled,past_input,6,yaw,0.1846614027134658,validated_group,605,1.0
pooled,past_input,6,acceleration,0.03830208359544985,validated_group,605,1.0
pooled,past_input,6,steering,-0.03915294786830576,validated_group,605,1.0
pooled,autocorrelation,7,yaw,0.1750182498301967,validated_group,605,1.0
pooled,autocorrelation,7,acceleration,0.0006102109681832067,validated_group,605,1.0
pooled,autocorrelation,7,steering,0.01943827427510738,validated_group,605,1.0
pooled,past_input,7,yaw,0.1775284897988445,validated_group,605,1.0
pooled,past_input,7,acceleration,0.030430958940944965,validated_group,605,1.0
pooled,past_input,7,steering,-0.0321727615942517,validated_group,605,1.0
pooled,autocorrelation,8,yaw,0.21535696206449884,validated_group,605,1.0
pooled,autocorrelation,8,acceleration,0.03770155089099995,validated_group,605,1.0
pooled,autocorrelation,8,steering,0.05443682998584722,validated_group,605,1.0
pooled,past_input,8,yaw,0.1694819024851784,validated_group,605,1.0
pooled,past_input,8,acceleration,0.024810457949915286,validated_group,605,1.0
pooled,past_input,8,steering,-0.02958098316080134,validated_group,605,1.0
pooled,autocorrelation,9,yaw,0.19979366895451892,validated_group,605,1.0
pooled,autocorrelation,9,acceleration,0.06199655208332491,validated_group,605,1.0
pooled,autocorrelation,9,steering,-0.007289469696538605,validated_group,605,1.0
pooled,past_input,9,yaw,0.1648784450417833,validated_group,605,1.0
pooled,past_input,9,acceleration,0.018211896773092186,validated_group,605,1.0
pooled,past_input,9,steering,-0.024743530873547293,validated_group,605,1.0
pooled,autocorrelation,10,yaw,0.17730511737564214,validated_group,605,1.0
pooled,autocorrelation,10,acceleration,0.027772476869952996,validated_group,605,1.0
pooled,autocorrelation,10,steering,0.06068381086927647,validated_group,605,1.0
pooled,past_input,10,yaw,0.16037224954085524,validated_group,605,1.0
pooled,past_input,10,acceleration,0.013582588480104955,validated_group,605,1.0
pooled,past_input,10,steering,-0.02054633653858009,validated_group,605,1.0
pooled,autocorrelation,11,yaw,0.19163120764324215,validated_group,605,1.0
pooled,autocorrelation,11,acceleration,0.04205866303837857,validated_group,605,1.0
pooled,autocorrelation,11,steering,0.004076320489800227,validated_group,605,1.0
pooled,past_input,11,yaw,0.1533653736267013,validated_group,605,1.0
pooled,past_input,11,acceleration,0.010282492411779065,validated_group,605,1.0
pooled,past_input,11,steering,-0.013994542411578381,validated_group,605,1.0
pooled,autocorrelation,12,yaw,0.16979013826332143,validated_group,605,1.0
pooled,autocorrelation,12,acceleration,-0.002767764232505633,validated_group,605,1.0
pooled,autocorrelation,12,steering,0.04891506334175252,validated_group,605,1.0
pooled,past_input,12,yaw,0.14617445506868643,validated_group,605,1.0
pooled,past_input,12,acceleration,0.0027359803399859017,validated_group,605,1.0
pooled,past_input,12,steering,-0.008659796081981913,validated_group,605,1.0
pooled,autocorrelation,13,yaw,0.1809968744202557,validated_group,605,1.0
pooled,autocorrelation,13,acceleration,0.04624889506702855,validated_group,605,1.0
pooled,autocorrelation,13,steering,-0.005171780382887925,validated_group,605,1.0
pooled,past_input,13,yaw,0.1391974076538061,validated_group,605,1.0
pooled,past_input,13,acceleration,-0.0046402694498726485,validated_group,605,1.0
pooled,past_input,13,steering,-0.0016123124755152948,validated_group,605,1.0
pooled,autocorrelation,14,yaw,0.1817016134763083,validated_group,605,1.0
pooled,autocorrelation,14,acceleration,0.08034640896583599,validated_group,605,1.0
pooled,autocorrelation,14,steering,0.04358030082703115,validated_group,605,1.0
pooled,past_input,14,yaw,0.1354648925113844,validated_group,605,1.0
pooled,past_input,14,acceleration,-0.010853591588348876,validated_group,605,1.0
pooled,past_input,14,steering,0.006964530366506363,validated_group,605,1.0
pooled,autocorrelation,15,yaw,0.12202699133879104,validated_group,605,1.0
pooled,autocorrelation,15,acceleration,0.0157519619477575,validated_group,605,1.0
pooled,autocorrelation,15,steering,0.03769403100070622,validated_group,605,1.0
pooled,past_input,15,yaw,0.12806201844988546,validated_group,605,1.0
pooled,past_input,15,acceleration,-0.019456807621219933,validated_group,605,1.0
pooled,past_input,15,steering,0.012304040368199648,validated_group,605,1.0
pooled,autocorrelation,16,yaw,0.16744306948116114,validated_group,605,1.0
pooled,autocorrelation,16,acceleration,0.007737532775034738,validated_group,605,1.0
pooled,autocorrelation,16,steering,-0.0015761749698560913,validated_group,605,1.0
pooled,past_input,16,yaw,0.12163792956019498,validated_group,605,1.0
pooled,past_input,16,acceleration,-0.02524000446970733,validated_group,605,1.0
pooled,past_input,16,steering,0.013936318142105763,validated_group,605,1.0
pooled,autocorrelation,17,yaw,0.13391362087573966,validated_group,605,1.0
pooled,autocorrelation,17,acceleration,0.02824030855411184,validated_group,605,1.0
pooled,autocorrelation,17,steering,0.021028830862693918,validated_group,605,1.0
pooled,past_input,17,yaw,0.11690105134695146,validated_group,605,1.0
pooled,past_input,17,acceleration,-0.0307461263250071,validated_group,605,1.0
pooled,past_input,17,steering,0.021030553134540095,validated_group,605,1.0
pooled,autocorrelation,18,yaw,0.13577118092445467,validated_group,605,1.0
pooled,autocorrelation,18,acceleration,0.011068887798920497,validated_group,605,1.0
pooled,autocorrelation,18,steering,-0.0005387305399147788,validated_group,605,1.0
pooled,past_input,18,yaw,0.11343319201302361,validated_group,605,1.0
pooled,past_input,18,acceleration,-0.040312508956976204,validated_group,605,1.0
pooled,past_input,18,steering,0.02516408543163537,validated_group,605,1.0
pooled,autocorrelation,19,yaw,0.1346329548670973,validated_group,605,1.0
pooled,autocorrelation,19,acceleration,0.03594488236119218,validated_group,605,1.0
pooled,autocorrelation,19,steering,0.053605164960804114,validated_group,605,1.0
pooled,past_input,19,yaw,0.10771051161680474,validated_group,605,1.0
pooled,past_input,19,acceleration,-0.049586470669272145,validated_group,605,1.0
pooled,past_input,19,steering,0.0300394687512039,validated_group,605,1.0
pooled,autocorrelation,20,yaw,0.11133210525915407,validated_group,605,1.0
pooled,autocorrelation,20,acceleration,-8.539398625723754e-06,validated_group,605,1.0
pooled,autocorrelation,20,steering,-0.01947019895144903,validated_group,605,1.0
pooled,past_input,20,yaw,0.1049475687942231,validated_group,605,1.0
pooled,past_input,20,acceleration,-0.05443224927819311,validated_group,605,1.0
pooled,past_input,20,steering,0.03421761022264815,validated_group,605,1.0
within_record,autocorrelation,1,yaw,-0.21265609875178118,validated_group,605,1.0
within_record,autocorrelation,1,acceleration,-0.23000158111004315,validated_group,605,1.0
within_record,autocorrelation,1,steering,-0.41379061193775907,validated_group,605,1.0
within_record,past_input,1,yaw,0.11131189169443477,validated_group,605,1.0
within_record,past_input,1,acceleration,0.0721008752588108,validated_group,605,1.0
within_record,past_input,1,steering,-0.06031181545317624,validated_group,605,1.0
within_record,autocorrelation,2,yaw,0.07124882990209669,validated_group,605,1.0
within_record,autocorrelation,2,acceleration,-0.08923566306333917,validated_group,605,1.0
within_record,autocorrelation,2,steering,-0.0005561383177457529,validated_group,605,1.0
within_record,past_input,2,yaw,0.1023169711940622,validated_group,605,1.0
within_record,past_input,2,acceleration,0.07503524173701961,validated_group,605,1.0
within_record,past_input,2,steering,-0.05791852912391036,validated_group,605,1.0
within_record,autocorrelation,3,yaw,0.1536248859240036,validated_group,605,1.0
within_record,autocorrelation,3,acceleration,-0.009675084637053343,validated_group,605,1.0
within_record,autocorrelation,3,steering,0.010348997057109682,validated_group,605,1.0
within_record,past_input,3,yaw,0.09246877013995546,validated_group,605,1.0
within_record,past_input,3,acceleration,0.06698573167768719,validated_group,605,1.0
within_record,past_input,3,steering,-0.05126604179928979,validated_group,605,1.0
within_record,autocorrelation,4,yaw,0.1284204985146813,validated_group,605,1.0
within_record,autocorrelation,4,acceleration,-0.029409908512531745,validated_group,605,1.0
within_record,autocorrelation,4,steering,0.03731989225066661,validated_group,605,1.0
within_record,past_input,4,yaw,0.084429011940643,validated_group,605,1.0
within_record,past_input,4,acceleration,0.06279547765828271,validated_group,605,1.0
within_record,past_input,4,steering,-0.04556569127102915,validated_group,605,1.0
within_record,autocorrelation,5,yaw,0.12778590828144606,validated_group,605,1.0
within_record,autocorrelation,5,acceleration,0.052981986489340896,validated_group,605,1.0
within_record,autocorrelation,5,steering,-0.011517219274792958,validated_group,605,1.0
within_record,past_input,5,yaw,0.07434574670902665,validated_group,605,1.0
within_record,past_input,5,acceleration,0.05887856567310242,validated_group,605,1.0
within_record,past_input,5,steering,-0.04177756559922284,validated_group,605,1.0
within_record,autocorrelation,6,yaw,0.1527961858290677,validated_group,605,1.0
within_record,autocorrelation,6,acceleration,0.03839110392866495,validated_group,605,1.0
within_record,autocorrelation,6,steering,0.04733019786987656,validated_group,605,1.0
within_record,past_input,6,yaw,0.06557307411023625,validated_group,605,1.0
within_record,past_input,6,acceleration,0.052412813089179805,validated_group,605,1.0
within_record,past_input,6,steering,-0.038901253684206126,validated_group,605,1.0
within_record,autocorrelation,7,yaw,0.09786373978654174,validated_group,605,1.0
within_record,autocorrelation,7,acceleration,-0.009693933487433295,validated_group,605,1.0
within_record,autocorrelation,7,steering,0.01242070843714453,validated_group,605,1.0
within_record,past_input,7,yaw,0.05444454095475424,validated_group,605,1.0
within_record,past_input,7,acceleration,0.04529901591073085,validated_group,605,1.0
within_record,past_input,7,steering,-0.030150475842955975,validated_group,605,1.0
within_record,autocorrelation,8,yaw,0.14160656328295643,validated_group,605,1.0
within_record,autocorrelation,8,acceleration,0.027596074008696826,validated_group,605,1.0
within_record,autocorrelation,8,steering,0.04787132752393016,validated_group,605,1.0
within_record,past_input,8,yaw,0.041505623394665146,validated_group,605,1.0
within_record,past_input,8,acceleration,0.040204737234236405,validated_group,605,1.0
within_record,past_input,8,steering,-0.02718532547639055,validated_group,605,1.0
within_record,autocorrelation,9,yaw,0.12487895984961157,validated_group,605,1.0
within_record,autocorrelation,9,acceleration,0.05214082896856952,validated_group,605,1.0
within_record,autocorrelation,9,steering,-0.014456698505852275,validated_group,605,1.0
within_record,past_input,9,yaw,0.03267989603506598,validated_group,605,1.0
within_record,past_input,9,acceleration,0.030769342009225042,validated_group,605,1.0
within_record,past_input,9,steering,-0.022462415669966294,validated_group,605,1.0
within_record,autocorrelation,10,yaw,0.10068050656224416,validated_group,605,1.0
within_record,autocorrelation,10,acceleration,0.01745198452243673,validated_group,605,1.0
within_record,autocorrelation,10,steering,0.053952915303906696,validated_group,605,1.0
within_record,past_input,10,yaw,0.026231946148806282,validated_group,605,1.0
within_record,past_input,10,acceleration,0.029749461160213136,validated_group,605,1.0
within_record,past_input,10,steering,-0.01530452540216929,validated_group,605,1.0
within_record,autocorrelation,11,yaw,0.11594468594567012,validated_group,605,1.0
within_record,autocorrelation,11,acceleration,0.03191499425030602,validated_group,605,1.0
within_record,autocorrelation,11,steering,-0.002624411002855593,validated_group,605,1.0
within_record,past_input,11,yaw,0.013741295581632946,validated_group,605,1.0
within_record,past_input,11,acceleration,0.02641275610127928,validated_group,605,1.0
within_record,past_input,11,steering,-0.010427991100120314,validated_group,605,1.0
within_record,autocorrelation,12,yaw,0.09255566414031338,validated_group,605,1.0
within_record,autocorrelation,12,acceleration,-0.013538919570705181,validated_group,605,1.0
within_record,autocorrelation,12,steering,0.042471847779305974,validated_group,605,1.0
within_record,past_input,12,yaw,0.0016371503846859218,validated_group,605,1.0
within_record,past_input,12,acceleration,0.018022852450029388,validated_group,605,1.0
within_record,past_input,12,steering,-0.0034012110497344044,validated_group,605,1.0
within_record,autocorrelation,13,yaw,0.104616558411415,validated_group,605,1.0
within_record,autocorrelation,13,acceleration,0.03639373080185236,validated_group,605,1.0
within_record,autocorrelation,13,steering,-0.012097830264697709,validated_group,605,1.0
within_record,past_input,13,yaw,-0.009014138364310507,validated_group,605,1.0
within_record,past_input,13,acceleration,0.01098905659120972,validated_group,605,1.0
within_record,past_input,13,steering,0.0018100856934876884,validated_group,605,1.0
within_record,autocorrelation,14,yaw,0.10554476969087885,validated_group,605,1.0
within_record,autocorrelation,14,acceleration,0.07093416297324003,validated_group,605,1.0
within_record,autocorrelation,14,steering,0.036696741095775066,validated_group,605,1.0
within_record,past_input,14,yaw,-0.017274666272088453,validated_group,605,1.0
within_record,past_input,14,acceleration,0.001795369996201563,validated_group,605,1.0
within_record,past_input,14,steering,0.013184334726866176,validated_group,605,1.0
within_record,autocorrelation,15,yaw,0.039729901301234535,validated_group,605,1.0
within_record,autocorrelation,15,acceleration,0.005344959054865246,validated_group,605,1.0
within_record,autocorrelation,15,steering,0.03072182680341233,validated_group,605,1.0
within_record,past_input,15,yaw,-0.02872679463084259,validated_group,605,1.0
within_record,past_input,15,acceleration,-0.006677168676043029,validated_group,605,1.0
within_record,past_input,15,steering,0.018699527178241738,validated_group,605,1.0
within_record,autocorrelation,16,yaw,0.09015272537351267,validated_group,605,1.0
within_record,autocorrelation,16,acceleration,-0.002834817383951835,validated_group,605,1.0
within_record,autocorrelation,16,steering,-0.009040836983949838,validated_group,605,1.0
within_record,past_input,16,yaw,-0.0379386061728496,validated_group,605,1.0
within_record,past_input,16,acceleration,-0.011133088793350874,validated_group,605,1.0
within_record,past_input,16,steering,0.022098836500817454,validated_group,605,1.0
within_record,autocorrelation,17,yaw,0.05357633391830425,validated_group,605,1.0
within_record,autocorrelation,17,acceleration,0.017732429841547822,validated_group,605,1.0
within_record,autocorrelation,17,steering,0.013669289853568864,validated_group,605,1.0
within_record,past_input,17,yaw,-0.045915722813321624,validated_group,605,1.0
within_record,past_input,17,acceleration,-0.016227686862761725,validated_group,605,1.0
within_record,past_input,17,steering,0.029209507236780733,validated_group,605,1.0
within_record,autocorrelation,18,yaw,0.055047076491954006,validated_group,605,1.0
within_record,autocorrelation,18,acceleration,-7.05279680233981e-05,validated_group,605,1.0
within_record,autocorrelation,18,steering,-0.007820508424403622,validated_group,605,1.0
within_record,past_input,18,yaw,-0.05543926774044933,validated_group,605,1.0
within_record,past_input,18,acceleration,-0.023894503407134355,validated_group,605,1.0
within_record,past_input,18,steering,0.03614867233054859,validated_group,605,1.0
within_record,autocorrelation,19,yaw,0.05395133902191155,validated_group,605,1.0
within_record,autocorrelation,19,acceleration,0.02510151484780442,validated_group,605,1.0
within_record,autocorrelation,19,steering,0.047153505299145734,validated_group,605,1.0
within_record,past_input,19,yaw,-0.06450837904664068,validated_group,605,1.0
within_record,past_input,19,acceleration,-0.03659222514714747,validated_group,605,1.0
within_record,past_input,19,steering,0.0381901381259741,validated_group,605,1.0
within_record,autocorrelation,20,yaw,0.027916219784807166,validated_group,605,1.0
within_record,autocorrelation,20,acceleration,-0.011214579559451977,validated_group,605,1.0
within_record,autocorrelation,20,steering,-0.026395385255123957,validated_group,605,1.0
within_record,past_input,20,yaw,-0.07066511422110049,validated_group,605,1.0
within_record,past_input,20,acceleration,-0.04159716776939979,validated_group,605,1.0
within_record,past_input,20,steering,0.04445492843092794,validated_group,605,1.0
pooled,autocorrelation,1,yaw,-0.1124717169727775,validated_fallback,605,1.0
pooled,autocorrelation,1,acceleration,-0.2226064787206416,validated_fallback,605,1.0
pooled,autocorrelation,1,steering,-0.4266773980515276,validated_fallback,605,1.0
pooled,past_input,1,yaw,0.19199445211958366,validated_fallback,605,1.0
pooled,past_input,1,acceleration,0.05226119683773317,validated_fallback,605,1.0
pooled,past_input,1,steering,-0.04979706504053241,validated_fallback,605,1.0
pooled,autocorrelation,2,yaw,0.14507803712948872,validated_fallback,605,1.0
pooled,autocorrelation,2,acceleration,-0.08379423663933865,validated_fallback,605,1.0
pooled,autocorrelation,2,steering,-0.009511657717508283,validated_fallback,605,1.0
pooled,past_input,2,yaw,0.18403809549217479,validated_fallback,605,1.0
pooled,past_input,2,acceleration,0.051469356455176744,validated_fallback,605,1.0
pooled,past_input,2,steering,-0.04746975337897635,validated_fallback,605,1.0
pooled,autocorrelation,3,yaw,0.222000365968583,validated_fallback,605,1.0
pooled,autocorrelation,3,acceleration,-0.0043204365602114575,validated_fallback,605,1.0
pooled,autocorrelation,3,steering,0.0013582591305472014,validated_fallback,605,1.0
pooled,past_input,3,yaw,0.17747371251699878,validated_fallback,605,1.0
pooled,past_input,3,acceleration,0.0460938363248191,validated_fallback,605,1.0
pooled,past_input,3,steering,-0.04247070018753323,validated_fallback,605,1.0
pooled,autocorrelation,4,yaw,0.19967138595803052,validated_fallback,605,1.0
pooled,autocorrelation,4,acceleration,-0.023861767422400842,validated_fallback,605,1.0
pooled,autocorrelation,4,steering,0.02882422116236999,validated_fallback,605,1.0
pooled,past_input,4,yaw,0.1714731512588159,validated_fallback,605,1.0
pooled,past_input,4,acceleration,0.03958877110281855,validated_fallback,605,1.0
pooled,past_input,4,steering,-0.038002689611502716,validated_fallback,605,1.0
pooled,autocorrelation,5,yaw,0.19961050659120325,validated_fallback,605,1.0
pooled,autocorrelation,5,acceleration,0.0582842195220976,validated_fallback,605,1.0
pooled,autocorrelation,5,steering,-0.020393228859210834,validated_fallback,605,1.0
pooled,past_input,5,yaw,0.16446536203756265,validated_fallback,605,1.0
pooled,past_input,5,acceleration,0.03630844513255861,validated_fallback,605,1.0
pooled,past_input,5,steering,-0.03519860292239499,validated_fallback,605,1.0
pooled,autocorrelation,6,yaw,0.22266134499068108,validated_fallback,605,1.0
pooled,autocorrelation,6,acceleration,0.04397517673767312,validated_fallback,605,1.0
pooled,autocorrelation,6,steering,0.0397896141259087,validated_fallback,605,1.0
pooled,past_input,6,yaw,0.1579896429621339,validated_fallback,605,1.0
pooled,past_input,6,acceleration,0.03145000117361439,validated_fallback,605,1.0
pooled,past_input,6,steering,-0.033629648664464495,validated_fallback,605,1.0
pooled,autocorrelation,7,yaw,0.17284957408172003,validated_fallback,605,1.0
pooled,autocorrelation,7,acceleration,-0.004217019115381097,validated_fallback,605,1.0
pooled,autocorrelation,7,steering,0.004722356440815756,validated_fallback,605,1.0
pooled,past_input,7,yaw,0.15016475775092963,validated_fallback,605,1.0
pooled,past_input,7,acceleration,0.024040129669364432,validated_fallback,605,1.0
pooled,past_input,7,steering,-0.02769630303625219,validated_fallback,605,1.0
pooled,autocorrelation,8,yaw,0.2123924019186271,validated_fallback,605,1.0
pooled,autocorrelation,8,acceleration,0.033352741376632154,validated_fallback,605,1.0
pooled,autocorrelation,8,steering,0.040773703666560225,validated_fallback,605,1.0
pooled,past_input,8,yaw,0.14143212643691305,validated_fallback,605,1.0
pooled,past_input,8,acceleration,0.01894565824071606,validated_fallback,605,1.0
pooled,past_input,8,steering,-0.026196708467045762,validated_fallback,605,1.0
pooled,autocorrelation,9,yaw,0.19618499614964988,validated_fallback,605,1.0
pooled,autocorrelation,9,acceleration,0.057424298145603056,validated_fallback,605,1.0
pooled,autocorrelation,9,steering,-0.021003983533407412,validated_fallback,605,1.0
pooled,past_input,9,yaw,0.13617953183462247,validated_fallback,605,1.0
pooled,past_input,9,acceleration,0.012905553424145606,validated_fallback,605,1.0
pooled,past_input,9,steering,-0.02244632679762717,validated_fallback,605,1.0
pooled,autocorrelation,10,yaw,0.17369229015460305,validated_fallback,605,1.0
pooled,autocorrelation,10,acceleration,0.023197899221295646,validated_fallback,605,1.0
pooled,autocorrelation,10,steering,0.047820460983941646,validated_fallback,605,1.0
pooled,past_input,10,yaw,0.13115289735619198,validated_fallback,605,1.0
pooled,past_input,10,acceleration,0.008843125426826826,validated_fallback,605,1.0
pooled,past_input,10,steering,-0.019326868426399007,validated_fallback,605,1.0
pooled,autocorrelation,11,yaw,0.18795286161120656,validated_fallback,605,1.0
pooled,autocorrelation,11,acceleration,0.037649779299868014,validated_fallback,605,1.0
pooled,autocorrelation,11,steering,-0.009366953499537171,validated_fallback,605,1.0
pooled,past_input,11,yaw,0.12354374265783141,validated_fallback,605,1.0
pooled,past_input,11,acceleration,0.0061638786584865555,validated_fallback,605,1.0
pooled,past_input,11,steering,-0.013844339391845603,validated_fallback,605,1.0
pooled,autocorrelation,12,yaw,0.16634765297405335,validated_fallback,605,1.0
pooled,autocorrelation,12,acceleration,-0.006973780009832863,validated_fallback,605,1.0
pooled,autocorrelation,12,steering,0.03723193717773197,validated_fallback,605,1.0
pooled,past_input,12,yaw,0.11584486557558524,validated_fallback,605,1.0
pooled,past_input,12,acceleration,-0.0006893171076700352,validated_fallback,605,1.0
pooled,past_input,12,steering,-0.00961953639184341,validated_fallback,605,1.0
pooled,autocorrelation,13,yaw,0.17666906368978097,validated_fallback,605,1.0
pooled,autocorrelation,13,acceleration,0.04274792816726277,validated_fallback,605,1.0
pooled,autocorrelation,13,steering,-0.017255593103518842,validated_fallback,605,1.0
pooled,past_input,13,yaw,0.10838456241775021,validated_fallback,605,1.0
pooled,past_input,13,acceleration,-0.007368639661060066,validated_fallback,605,1.0
pooled,past_input,13,steering,-0.0036746848423324066,validated_fallback,605,1.0
pooled,autocorrelation,14,yaw,0.17704302862910903,validated_fallback,605,1.0
pooled,autocorrelation,14,acceleration,0.07658459481751194,validated_fallback,605,1.0
pooled,autocorrelation,14,steering,0.033416379561618074,validated_fallback,605,1.0
pooled,past_input,14,yaw,0.10408989803945813,validated_fallback,605,1.0
pooled,past_input,14,acceleration,-0.012857795175829034,validated_fallback,605,1.0
pooled,past_input,14,steering,0.003848266408050091,validated_fallback,605,1.0
pooled,autocorrelation,15,yaw,0.11775138846447065,validated_fallback,605,1.0
pooled,autocorrelation,15,acceleration,0.012265610565427706,validated_fallback,605,1.0
pooled,autocorrelation,15,steering,0.02866145104195448,validated_fallback,605,1.0
pooled,past_input,15,yaw,0.09637428655029753,validated_fallback,605,1.0
pooled,past_input,15,acceleration,-0.020733294424595688,validated_fallback,605,1.0
pooled,past_input,15,steering,0.008157051463484956,validated_fallback,605,1.0
pooled,autocorrelation,16,yaw,0.16311474580651228,validated_fallback,605,1.0
pooled,autocorrelation,16,acceleration,0.0046148902845465165,validated_fallback,605,1.0
pooled,autocorrelation,16,steering,-0.010444304377208408,validated_fallback,605,1.0
pooled,past_input,16,yaw,0.08980788373246558,validated_fallback,605,1.0
pooled,past_input,16,acceleration,-0.025772148855943727,validated_fallback,605,1.0
pooled,past_input,16,steering,0.008733960412675776,validated_fallback,605,1.0
pooled,autocorrelation,17,yaw,0.1299768589100247,validated_fallback,605,1.0
pooled,autocorrelation,17,acceleration,0.02523707627281539,validated_fallback,605,1.0
pooled,autocorrelation,17,steering,0.013079332092882937,validated_fallback,605,1.0
pooled,past_input,17,yaw,0.08491559426530337,validated_fallback,605,1.0
pooled,past_input,17,acceleration,-0.030571962583995138,validated_fallback,605,1.0
pooled,past_input,17,steering,0.014927274987265779,validated_fallback,605,1.0
pooled,autocorrelation,18,yaw,0.13099102413731722,validated_fallback,605,1.0
pooled,autocorrelation,18,acceleration,0.007851392534354818,validated_fallback,605,1.0
pooled,autocorrelation,18,steering,-0.008404226171587606,validated_fallback,605,1.0
pooled,past_input,18,yaw,0.08142455126946913,validated_fallback,605,1.0
pooled,past_input,18,acceleration,-0.03945090852450611,validated_fallback,605,1.0
pooled,past_input,18,steering,0.0181487556427836,validated_fallback,605,1.0
pooled,autocorrelation,19,yaw,0.12977917328835753,validated_fallback,605,1.0
pooled,autocorrelation,19,acceleration,0.033081458759448595,validated_fallback,605,1.0
pooled,autocorrelation,19,steering,0.04828016885300771,validated_fallback,605,1.0
pooled,past_input,19,yaw,0.07564384033597472,validated_fallback,605,1.0
pooled,past_input,19,acceleration,-0.04803411450227329,validated_fallback,605,1.0
pooled,past_input,19,steering,0.022168400125583607,validated_fallback,605,1.0
pooled,autocorrelation,20,yaw,0.10512461967659154,validated_fallback,605,1.0
pooled,autocorrelation,20,acceleration,-0.0026790693284931876,validated_fallback,605,1.0
pooled,autocorrelation,20,steering,-0.025357771036451416,validated_fallback,605,1.0
pooled,past_input,20,yaw,0.07296129485350468,validated_fallback,605,1.0
pooled,past_input,20,acceleration,-0.05214143535339336,validated_fallback,605,1.0
pooled,past_input,20,steering,0.025578591271006392,validated_fallback,605,1.0
within_record,autocorrelation,1,yaw,-0.21476762658118878,validated_fallback,605,1.0
within_record,autocorrelation,1,acceleration,-0.23421099664235034,validated_fallback,605,1.0
within_record,autocorrelation,1,steering,-0.43601030440043986,validated_fallback,605,1.0
within_record,past_input,1,yaw,0.08800670345705151,validated_fallback,605,1.0
within_record,past_input,1,acceleration,0.05877870438830248,validated_fallback,605,1.0
within_record,past_input,1,steering,-0.049400550514738684,validated_fallback,605,1.0
within_record,autocorrelation,2,yaw,0.06781000980240502,validated_fallback,605,1.0
within_record,autocorrelation,2,acceleration,-0.09362527129756955,validated_fallback,605,1.0
within_record,autocorrelation,2,steering,-0.01645606819687041,validated_fallback,605,1.0
within_record,past_input,2,yaw,0.07803987436158107,validated_fallback,605,1.0
within_record,past_input,2,acceleration,0.06199173955184297,validated_fallback,605,1.0
within_record,past_input,2,steering,-0.04826001810870917,validated_fallback,605,1.0
within_record,autocorrelation,3,yaw,0.15082440929143445,validated_fallback,605,1.0
within_record,autocorrelation,3,acceleration,-0.01373430954846134,validated_fallback,605,1.0
within_record,autocorrelation,3,steering,-0.005569502032982943,validated_fallback,605,1.0
within_record,past_input,3,yaw,0.06711750966075646,validated_fallback,605,1.0
within_record,past_input,3,acceleration,0.05421494950477555,validated_fallback,605,1.0
within_record,past_input,3,steering,-0.04296721144014824,validated_fallback,605,1.0
within_record,autocorrelation,4,yaw,0.1256484631495042,validated_fallback,605,1.0
within_record,autocorrelation,4,acceleration,-0.033367388784937786,validated_fallback,605,1.0
within_record,autocorrelation,4,steering,0.022396789767896705,validated_fallback,605,1.0
within_record,past_input,4,yaw,0.05805414680986913,validated_fallback,605,1.0
within_record,past_input,4,acceleration,0.05034201660052124,validated_fallback,605,1.0
within_record,past_input,4,steering,-0.03864465005441178,validated_fallback,605,1.0
within_record,autocorrelation,5,yaw,0.12571134017478489,validated_fallback,605,1.0
within_record,autocorrelation,5,acceleration,0.04939111409167691,validated_fallback,605,1.0
within_record,autocorrelation,5,steering,-0.027294196113194252,validated_fallback,605,1.0
within_record,past_input,5,yaw,0.04703928893969299,validated_fallback,605,1.0
within_record,past_input,5,acceleration,0.046753525330261544,validated_fallback,605,1.0
within_record,past_input,5,steering,-0.03630035023607465,validated_fallback,605,1.0
within_record,autocorrelation,6,yaw,0.15063821588793322,validated_fallback,605,1.0
within_record,autocorrelation,6,acceleration,0.03460549995488403,validated_fallback,605,1.0
within_record,autocorrelation,6,steering,0.03349868233771764,validated_fallback,605,1.0
within_record,past_input,6,yaw,0.03733378476687695,validated_fallback,605,1.0
within_record,past_input,6,acceleration,0.04066017734104008,validated_fallback,605,1.0
within_record,past_input,6,steering,-0.03486914806674897,validated_fallback,605,1.0
within_record,autocorrelation,7,yaw,0.09628565014739733,validated_fallback,605,1.0
within_record,autocorrelation,7,acceleration,-0.013634703398969236,validated_fallback,605,1.0
within_record,autocorrelation,7,steering,-0.0021643750581478625,validated_fallback,605,1.0
within_record,past_input,7,yaw,0.025315862664206656,validated_fallback,605,1.0
within_record,past_input,7,acceleration,0.03389594950692775,validated_fallback,605,1.0
within_record,past_input,7,steering,-0.02759531918171712,validated_fallback,605,1.0
within_record,autocorrelation,8,yaw,0.13901657362790282,validated_fallback,605,1.0
within_record,autocorrelation,8,acceleration,0.02393748009279854,validated_fallback,605,1.0
within_record,autocorrelation,8,steering,0.03421801311679169,validated_fallback,605,1.0
within_record,past_input,8,yaw,0.01143549773486047,validated_fallback,605,1.0
within_record,past_input,8,acceleration,0.029239835850138104,validated_fallback,605,1.0
within_record,past_input,8,steering,-0.026179651023753463,validated_fallback,605,1.0
within_record,autocorrelation,9,yaw,0.12158683864140012,validated_fallback,605,1.0
within_record,autocorrelation,9,acceleration,0.04816704401088373,validated_fallback,605,1.0
within_record,autocorrelation,9,steering,-0.028060419717767654,validated_fallback,605,1.0
within_record,past_input,9,yaw,0.0017565905912095435,validated_fallback,605,1.0
within_record,past_input,9,acceleration,0.020302145426381733,validated_fallback,605,1.0
within_record,past_input,9,steering,-0.023010868931380213,validated_fallback,605,1.0
within_record,autocorrelation,10,yaw,0.09753391617225028,validated_fallback,605,1.0
within_record,autocorrelation,10,acceleration,0.013527577931548225,validated_fallback,605,1.0
within_record,autocorrelation,10,steering,0.04117760288193547,validated_fallback,605,1.0
within_record,past_input,10,yaw,-0.005442511629554631,validated_fallback,605,1.0
within_record,past_input,10,acceleration,0.019798270365324555,validated_fallback,605,1.0
within_record,past_input,10,steering,-0.017372285838667113,validated_fallback,605,1.0
within_record,autocorrelation,11,yaw,0.11268196569097046,validated_fallback,605,1.0
within_record,autocorrelation,11,acceleration,0.02824091362544386,validated_fallback,605,1.0
within_record,autocorrelation,11,steering,-0.01590104559761289,validated_fallback,605,1.0
within_record,past_input,11,yaw,-0.0186654412456479,validated_fallback,605,1.0
within_record,past_input,11,acceleration,0.017045543563554522,validated_fallback,605,1.0
within_record,past_input,11,steering,-0.014065769972986369,validated_fallback,605,1.0
within_record,autocorrelation,12,yaw,0.0896333544156631,validated_fallback,605,1.0
within_record,autocorrelation,12,acceleration,-0.016885052760735007,validated_fallback,605,1.0
within_record,autocorrelation,12,steering,0.030842344324943077,validated_fallback,605,1.0
within_record,past_input,12,yaw,-0.03143987849031131,validated_fallback,605,1.0
within_record,past_input,12,acceleration,0.009352499181708133,validated_fallback,605,1.0
within_record,past_input,12,steering,-0.008659130052002337,validated_fallback,605,1.0
within_record,autocorrelation,13,yaw,0.10048677263859887,validated_fallback,605,1.0
within_record,autocorrelation,13,acceleration,0.03374987785893992,validated_fallback,605,1.0
within_record,autocorrelation,13,steering,-0.02406778425015078,validated_fallback,605,1.0
within_record,past_input,13,yaw,-0.042720208867677495,validated_fallback,605,1.0
within_record,past_input,13,acceleration,0.002982078461864854,validated_fallback,605,1.0
within_record,past_input,13,steering,-0.005080102355423215,validated_fallback,605,1.0
within_record,autocorrelation,14,yaw,0.10100744414092845,validated_fallback,605,1.0
within_record,autocorrelation,14,acceleration,0.06793961036783105,validated_fallback,605,1.0
within_record,autocorrelation,14,steering,0.026521568561411153,validated_fallback,605,1.0
within_record,past_input,14,yaw,-0.051684836669137896,validated_fallback,605,1.0
within_record,past_input,14,acceleration,-0.005502001556236478,validated_fallback,605,1.0
within_record,past_input,14,steering,0.004750782996833158,validated_fallback,605,1.0
within_record,autocorrelation,15,yaw,0.03573778928688667,validated_fallback,605,1.0
within_record,autocorrelation,15,acceleration,0.00288149208297563,validated_fallback,605,1.0
within_record,autocorrelation,15,steering,0.021666054707403685,validated_fallback,605,1.0
within_record,past_input,15,yaw,-0.06345768678399726,validated_fallback,605,1.0
within_record,past_input,15,acceleration,-0.01325288631178539,validated_fallback,605,1.0
within_record,past_input,15,steering,0.008736075229459272,validated_fallback,605,1.0
within_record,autocorrelation,16,yaw,0.08612303909189999,validated_fallback,605,1.0
within_record,autocorrelation,16,acceleration,-0.005069903727333251,validated_fallback,605,1.0
within_record,autocorrelation,16,steering,-0.017864186425200542,validated_fallback,605,1.0
within_record,past_input,16,yaw,-0.07297204640726448,validated_fallback,605,1.0
within_record,past_input,16,acceleration,-0.016978913413706904,validated_fallback,605,1.0
within_record,past_input,16,steering,0.01059038362948649,validated_fallback,605,1.0
within_record,autocorrelation,17,yaw,0.05006940266067101,validated_fallback,605,1.0
within_record,autocorrelation,17,acceleration,0.015699936302503326,validated_fallback,605,1.0
within_record,autocorrelation,17,steering,0.0057409138398897925,validated_fallback,605,1.0
within_record,past_input,17,yaw,-0.08115419495046615,validated_fallback,605,1.0
within_record,past_input,17,acceleration,-0.021396401075180888,validated_fallback,605,1.0
within_record,past_input,17,steering,0.016346436681153497,validated_fallback,605,1.0
within_record,autocorrelation,18,yaw,0.05067487317480363,validated_fallback,605,1.0
within_record,autocorrelation,18,acceleration,-0.002191314392219891,validated_fallback,605,1.0
within_record,autocorrelation,18,steering,-0.015713104496675227,validated_fallback,605,1.0
within_record,past_input,18,yaw,-0.09082998990551903,validated_fallback,605,1.0
within_record,past_input,18,acceleration,-0.02839095081544623,validated_fallback,605,1.0
within_record,past_input,18,steering,0.02192351664539685,validated_fallback,605,1.0
within_record,autocorrelation,19,yaw,0.04962845731833173,validated_fallback,605,1.0
within_record,autocorrelation,19,acceleration,0.023262816603526144,validated_fallback,605,1.0
within_record,autocorrelation,19,steering,0.04168410249133315,validated_fallback,605,1.0
within_record,past_input,19,yaw,-0.10000857366685624,validated_fallback,605,1.0
within_record,past_input,19,acceleration,-0.04042370067371747,validated_fallback,605,1.0
within_record,past_input,19,steering,0.02262768870807573,validated_fallback,605,1.0
within_record,autocorrelation,20,yaw,0.021985307867356432,validated_fallback,605,1.0
within_record,autocorrelation,20,acceleration,-0.012816212798791771,validated_fallback,605,1.0
within_record,autocorrelation,20,steering,-0.032333973962869,validated_fallback,605,1.0
within_record,past_input,20,yaw,-0.10621873232672403,validated_fallback,605,1.0
within_record,past_input,20,acceleration,-0.04467297751107584,validated_fallback,605,1.0
within_record,past_input,20,steering,0.027703070812392802,validated_fallback,605,1.0
pooled,autocorrelation,1,yaw,-0.10933872101737728,archived_MAP,605,1.0
pooled,autocorrelation,1,acceleration,-0.21760482135106704,archived_MAP,605,1.0
pooled,autocorrelation,1,steering,-0.40440524634803443,archived_MAP,605,1.0
pooled,past_input,1,yaw,0.21467337293226618,archived_MAP,605,1.0
pooled,past_input,1,acceleration,0.06121015654424968,archived_MAP,605,1.0
pooled,past_input,1,steering,-0.06021635784430788,archived_MAP,605,1.0
pooled,autocorrelation,2,yaw,0.14899055314270598,archived_MAP,605,1.0
pooled,autocorrelation,2,acceleration,-0.07871799167451533,archived_MAP,605,1.0
pooled,autocorrelation,2,steering,0.006428123729483026,archived_MAP,605,1.0
pooled,past_input,2,yaw,0.20746985912475474,archived_MAP,605,1.0
pooled,past_input,2,acceleration,0.06003937364409576,archived_MAP,605,1.0
pooled,past_input,2,steering,-0.056992832500689046,archived_MAP,605,1.0
pooled,autocorrelation,3,yaw,0.22516103908918456,archived_MAP,605,1.0
pooled,autocorrelation,3,acceleration,0.0004325074187090455,archived_MAP,605,1.0
pooled,autocorrelation,3,steering,0.01734463611297763,archived_MAP,605,1.0
pooled,past_input,3,yaw,0.20185220437048748,archived_MAP,605,1.0
pooled,past_input,3,acceleration,0.054271757274893834,archived_MAP,605,1.0
pooled,past_input,3,steering,-0.051017154043810374,archived_MAP,605,1.0
pooled,autocorrelation,4,yaw,0.20255357596293655,archived_MAP,605,1.0
pooled,autocorrelation,4,acceleration,-0.01913650842457668,archived_MAP,605,1.0
pooled,autocorrelation,4,steering,0.04385503597002586,archived_MAP,605,1.0
pooled,past_input,4,yaw,0.19674255287826584,archived_MAP,605,1.0
pooled,past_input,4,acceleration,0.04735014934389617,archived_MAP,605,1.0
pooled,past_input,4,steering,-0.04557960135794563,archived_MAP,605,1.0
pooled,autocorrelation,5,yaw,0.2021808410640513,archived_MAP,605,1.0
pooled,autocorrelation,5,acceleration,0.0626572207988364,archived_MAP,605,1.0
pooled,autocorrelation,5,steering,-0.004578390413061751,archived_MAP,605,1.0
pooled,past_input,5,yaw,0.19040792952590319,archived_MAP,605,1.0
pooled,past_input,5,acceleration,0.04363439438728331,archived_MAP,605,1.0
pooled,past_input,5,steering,-0.04174511744089313,archived_MAP,605,1.0
pooled,autocorrelation,6,yaw,0.22529174937996146,archived_MAP,605,1.0
pooled,autocorrelation,6,acceleration,0.04857502413707644,archived_MAP,605,1.0
pooled,autocorrelation,6,steering,0.053749856464905287,archived_MAP,605,1.0
pooled,past_input,6,yaw,0.1846614979081773,archived_MAP,605,1.0
pooled,past_input,6,acceleration,0.03830213565822809,archived_MAP,605,1.0
pooled,past_input,6,steering,-0.039152997199969605,archived_MAP,605,1.0
pooled,autocorrelation,7,yaw,0.1750182859330441,archived_MAP,605,1.0
pooled,autocorrelation,7,acceleration,0.0006102403113053002,archived_MAP,605,1.0
pooled,autocorrelation,7,steering,0.01943827743868097,archived_MAP,605,1.0
pooled,past_input,7,yaw,0.1775285862165276,archived_MAP,605,1.0
pooled,past_input,7,acceleration,0.030431009370946054,archived_MAP,605,1.0
pooled,past_input,7,steering,-0.03217281005668108,archived_MAP,605,1.0
pooled,autocorrelation,8,yaw,0.21535699672306027,archived_MAP,605,1.0
pooled,autocorrelation,8,acceleration,0.037701576260578684,archived_MAP,605,1.0
pooled,autocorrelation,8,steering,0.05443683402922214,archived_MAP,605,1.0
pooled,past_input,8,yaw,0.16948199998905958,archived_MAP,605,1.0
pooled,past_input,8,acceleration,0.02481050616922139,archived_MAP,605,1.0
pooled,past_input,8,steering,-0.029581030456564385,archived_MAP,605,1.0
pooled,autocorrelation,9,yaw,0.19979370543730157,archived_MAP,605,1.0
pooled,autocorrelation,9,acceleration,0.06199658010315372,archived_MAP,605,1.0
pooled,autocorrelation,9,steering,-0.0072894670570350754,archived_MAP,605,1.0
pooled,past_input,9,yaw,0.1648785434551623,archived_MAP,605,1.0
pooled,past_input,9,acceleration,0.01821194241932217,archived_MAP,605,1.0
pooled,past_input,9,steering,-0.024743576623130266,archived_MAP,605,1.0
pooled,autocorrelation,10,yaw,0.17730515369359123,archived_MAP,605,1.0
pooled,autocorrelation,10,acceleration,0.027772504822795724,archived_MAP,605,1.0
pooled,autocorrelation,10,steering,0.0606838132384742,archived_MAP,605,1.0
pooled,past_input,10,yaw,0.1603723479441162,archived_MAP,605,1.0
pooled,past_input,10,acceleration,0.013582631304493005,archived_MAP,605,1.0
pooled,past_input,10,steering,-0.020546380727509268,archived_MAP,605,1.0
pooled,autocorrelation,11,yaw,0.19163124371142717,archived_MAP,605,1.0
pooled,autocorrelation,11,acceleration,0.042058687316989085,archived_MAP,605,1.0
pooled,autocorrelation,11,steering,0.0040763245289350755,archived_MAP,605,1.0
pooled,past_input,11,yaw,0.15336547227139366,archived_MAP,605,1.0
pooled,past_input,11,acceleration,0.010282532158744659,archived_MAP,605,1.0
pooled,past_input,11,steering,-0.013994584971071105,archived_MAP,605,1.0
pooled,autocorrelation,12,yaw,0.16979017481923642,archived_MAP,605,1.0
pooled,autocorrelation,12,acceleration,-0.002767735587995384,archived_MAP,605,1.0
pooled,autocorrelation,12,steering,0.048915065170393394,archived_MAP,605,1.0
pooled,past_input,12,yaw,0.1461745537197929,archived_MAP,605,1.0
pooled,past_input,12,acceleration,0.002736016346822043,archived_MAP,605,1.0
pooled,past_input,12,steering,-0.008659836739285838,archived_MAP,605,1.0
pooled,autocorrelation,13,yaw,0.18099690982017352,archived_MAP,605,1.0
pooled,autocorrelation,13,acceleration,0.04624892234535226,archived_MAP,605,1.0
pooled,autocorrelation,13,steering,-0.005171779079436102,archived_MAP,605,1.0
pooled,past_input,13,yaw,0.13919750607518988,archived_MAP,605,1.0
pooled,past_input,13,acceleration,-0.004640237330511946,archived_MAP,605,1.0
pooled,past_input,13,steering,-0.0016123511478393765,archived_MAP,605,1.0
pooled,autocorrelation,14,yaw,0.18170164833438862,archived_MAP,605,1.0
pooled,autocorrelation,14,acceleration,0.08034643421256073,archived_MAP,605,1.0
pooled,autocorrelation,14,steering,0.043580303792223184,archived_MAP,605,1.0
pooled,past_input,14,yaw,0.13546499054192457,archived_MAP,605,1.0
pooled,past_input,14,acceleration,-0.01085356336926578,archived_MAP,605,1.0
pooled,past_input,14,steering,0.00696449404340259,archived_MAP,605,1.0
pooled,autocorrelation,15,yaw,0.12202702874235836,archived_MAP,605,1.0
pooled,autocorrelation,15,acceleration,0.015751985995458465,archived_MAP,605,1.0
pooled,autocorrelation,15,steering,0.037694032215768995,archived_MAP,605,1.0
pooled,past_input,15,yaw,0.1280621153870429,archived_MAP,605,1.0
pooled,past_input,15,acceleration,-0.0194567837030169,archived_MAP,605,1.0
pooled,past_input,15,steering,0.012304006499831618,archived_MAP,605,1.0
pooled,autocorrelation,16,yaw,0.16744310428348838,archived_MAP,605,1.0
pooled,autocorrelation,16,acceleration,0.007737550110775369,archived_MAP,605,1.0
pooled,autocorrelation,16,steering,-0.0015761722861495182,archived_MAP,605,1.0
pooled,past_input,16,yaw,0.12163802530183007,archived_MAP,605,1.0
pooled,past_input,16,acceleration,-0.025239985213397213,archived_MAP,605,1.0
pooled,past_input,16,steering,0.013936286884277145,archived_MAP,605,1.0
pooled,autocorrelation,17,yaw,0.13391365769798202,archived_MAP,605,1.0
pooled,autocorrelation,17,acceleration,0.028240325963866393,archived_MAP,605,1.0
pooled,autocorrelation,17,steering,0.021028832551569506,archived_MAP,605,1.0
pooled,past_input,17,yaw,0.11690114566141675,archived_MAP,605,1.0
pooled,past_input,17,acceleration,-0.030746111564621717,archived_MAP,605,1.0
pooled,past_input,17,steering,0.021030524818742354,archived_MAP,605,1.0
pooled,autocorrelation,18,yaw,0.1357712187589814,archived_MAP,605,1.0
pooled,autocorrelation,18,acceleration,0.011068907802227242,archived_MAP,605,1.0
pooled,autocorrelation,18,steering,-0.0005387308226093029,archived_MAP,605,1.0
pooled,past_input,18,yaw,0.11343328454166188,archived_MAP,605,1.0
pooled,past_input,18,acceleration,-0.0403124989394558,archived_MAP,605,1.0
pooled,past_input,18,steering,0.025164060252359365,archived_MAP,605,1.0
pooled,autocorrelation,19,yaw,0.13463299275547735,archived_MAP,605,1.0
pooled,autocorrelation,19,acceleration,0.03594490053602362,archived_MAP,605,1.0
pooled,autocorrelation,19,steering,0.05360516680728407,archived_MAP,605,1.0
pooled,past_input,19,yaw,0.10771060234791589,archived_MAP,605,1.0
pooled,past_input,19,acceleration,-0.04958646590696477,archived_MAP,605,1.0
pooled,past_input,19,steering,0.030039446659265633,archived_MAP,605,1.0
pooled,autocorrelation,20,yaw,0.11133214354530191,archived_MAP,605,1.0
pooled,autocorrelation,20,acceleration,-8.520855903658584e-06,archived_MAP,605,1.0
pooled,autocorrelation,20,steering,-0.019470199491044206,archived_MAP,605,1.0
pooled,past_input,20,yaw,0.10494765729555519,archived_MAP,605,1.0
pooled,past_input,20,acceleration,-0.054432249953254706,archived_MAP,605,1.0
pooled,past_input,20,steering,0.03421759148372815,archived_MAP,605,1.0
within_record,autocorrelation,1,yaw,-0.21265610938456303,archived_MAP,605,1.0
within_record,autocorrelation,1,acceleration,-0.23000154284374655,archived_MAP,605,1.0
within_record,autocorrelation,1,steering,-0.4137906066318563,archived_MAP,605,1.0
within_record,past_input,1,yaw,0.11131195217295028,archived_MAP,605,1.0
within_record,past_input,1,acceleration,0.07210095674205357,archived_MAP,605,1.0
within_record,past_input,1,steering,-0.06031187408157597,archived_MAP,605,1.0
within_record,autocorrelation,2,yaw,0.07124882148151962,archived_MAP,605,1.0
within_record,autocorrelation,2,acceleration,-0.08923563531124132,archived_MAP,605,1.0
within_record,autocorrelation,2,steering,-0.0005561349701363353,archived_MAP,605,1.0
within_record,past_input,2,yaw,0.10231703389458192,archived_MAP,605,1.0
within_record,past_input,2,acceleration,0.0750353237524621,archived_MAP,605,1.0
within_record,past_input,2,steering,-0.05791858855183133,archived_MAP,605,1.0
within_record,autocorrelation,3,yaw,0.15362487672049782,archived_MAP,605,1.0
within_record,autocorrelation,3,acceleration,-0.009675064459378118,archived_MAP,605,1.0
within_record,autocorrelation,3,steering,0.010349000283127527,archived_MAP,605,1.0
within_record,past_input,3,yaw,0.09246883494166679,archived_MAP,605,1.0
within_record,past_input,3,acceleration,0.0669858145319633,archived_MAP,605,1.0
within_record,past_input,3,steering,-0.05126610185205758,archived_MAP,605,1.0
within_record,autocorrelation,4,yaw,0.12842049063930028,archived_MAP,605,1.0
within_record,autocorrelation,4,acceleration,-0.029409888935307014,archived_MAP,605,1.0
within_record,autocorrelation,4,steering,0.03731989595532325,archived_MAP,605,1.0
within_record,past_input,4,yaw,0.08442907865970026,archived_MAP,605,1.0
within_record,past_input,4,acceleration,0.06279556057633308,archived_MAP,605,1.0
within_record,past_input,4,steering,-0.04556575158485022,archived_MAP,605,1.0
within_record,autocorrelation,5,yaw,0.12778590017194752,archived_MAP,605,1.0
within_record,autocorrelation,5,acceleration,0.05298200485726589,archived_MAP,605,1.0
within_record,autocorrelation,5,steering,-0.011517217789069377,archived_MAP,605,1.0
within_record,past_input,5,yaw,0.07434581485534822,archived_MAP,605,1.0
within_record,past_input,5,acceleration,0.05887864815224095,archived_MAP,605,1.0
within_record,past_input,5,steering,-0.041777626049711,archived_MAP,605,1.0
within_record,autocorrelation,6,yaw,0.15279617857110347,archived_MAP,605,1.0
within_record,autocorrelation,6,acceleration,0.03839112235906443,archived_MAP,605,1.0
within_record,autocorrelation,6,steering,0.047330201831420254,archived_MAP,605,1.0
within_record,past_input,6,yaw,0.06557314334423571,archived_MAP,605,1.0
within_record,past_input,6,acceleration,0.052412894988150806,archived_MAP,605,1.0
within_record,past_input,6,steering,-0.03890131405203773,archived_MAP,605,1.0
within_record,autocorrelation,7,yaw,0.09786373135884503,archived_MAP,605,1.0
within_record,autocorrelation,7,acceleration,-0.009693915156682003,archived_MAP,605,1.0
within_record,autocorrelation,7,steering,0.012420711496273782,archived_MAP,605,1.0
within_record,past_input,7,yaw,0.0544446110068405,archived_MAP,605,1.0
within_record,past_input,7,acceleration,0.04529909725527591,archived_MAP,605,1.0
within_record,past_input,7,steering,-0.030150536039592973,archived_MAP,605,1.0
within_record,autocorrelation,8,yaw,0.14160655578431505,archived_MAP,605,1.0
within_record,autocorrelation,8,acceleration,0.027596088768944434,archived_MAP,605,1.0
within_record,autocorrelation,8,steering,0.04787133086938105,archived_MAP,605,1.0
within_record,past_input,8,yaw,0.04150569403476944,archived_MAP,605,1.0
within_record,past_input,8,acceleration,0.04020481731964698,archived_MAP,605,1.0
within_record,past_input,8,steering,-0.027185385045655618,archived_MAP,605,1.0
within_record,autocorrelation,9,yaw,0.12487895329296202,archived_MAP,605,1.0
within_record,autocorrelation,9,acceleration,0.05214084678799564,archived_MAP,605,1.0
within_record,autocorrelation,9,steering,-0.014456695925448867,archived_MAP,605,1.0
within_record,past_input,9,yaw,0.03267996689865163,archived_MAP,605,1.0
within_record,past_input,9,acceleration,0.03076942041866484,archived_MAP,605,1.0
within_record,past_input,9,steering,-0.022462474252174916,archived_MAP,605,1.0
within_record,autocorrelation,10,yaw,0.10068049866296433,archived_MAP,605,1.0
within_record,autocorrelation,10,acceleration,0.01745200164545262,archived_MAP,605,1.0
within_record,autocorrelation,10,steering,0.05395291705615312,archived_MAP,605,1.0
within_record,past_input,10,yaw,0.026232016546373166,archived_MAP,605,1.0
within_record,past_input,10,acceleration,0.029749537574679723,archived_MAP,605,1.0
within_record,past_input,10,steering,-0.015304582920538165,archived_MAP,605,1.0
within_record,autocorrelation,11,yaw,0.11594467848691502,archived_MAP,605,1.0
within_record,autocorrelation,11,acceleration,0.031915007764258076,archived_MAP,605,1.0
within_record,autocorrelation,11,steering,-0.0026244070092558518,archived_MAP,605,1.0
within_record,past_input,11,yaw,0.013741365359499056,archived_MAP,605,1.0
within_record,past_input,11,acceleration,0.026412830447029752,archived_MAP,605,1.0
within_record,past_input,11,steering,-0.010428047433095047,archived_MAP,605,1.0
within_record,autocorrelation,12,yaw,0.0925556565727252,archived_MAP,605,1.0
within_record,autocorrelation,12,acceleration,-0.013538902552353373,archived_MAP,605,1.0
within_record,autocorrelation,12,steering,0.04247184931923772,archived_MAP,605,1.0
within_record,past_input,12,yaw,0.001637219300241912,archived_MAP,605,1.0
within_record,past_input,12,acceleration,0.018022923754170375,archived_MAP,605,1.0
within_record,past_input,12,steering,-0.0034012658974297773,archived_MAP,605,1.0
within_record,autocorrelation,13,yaw,0.10461654971623409,archived_MAP,605,1.0
within_record,autocorrelation,13,acceleration,0.036393747324318944,archived_MAP,605,1.0
within_record,autocorrelation,13,steering,-0.01209782935190252,archived_MAP,605,1.0
within_record,past_input,13,yaw,-0.009014070669088981,archived_MAP,605,1.0
within_record,past_input,13,acceleration,0.010989124755045487,archived_MAP,605,1.0
within_record,past_input,13,steering,0.0018100324761378154,archived_MAP,605,1.0
within_record,autocorrelation,14,yaw,0.10554476059133927,archived_MAP,605,1.0
within_record,autocorrelation,14,acceleration,0.07093417775210907,archived_MAP,605,1.0
within_record,autocorrelation,14,steering,0.03669674377349137,archived_MAP,605,1.0
within_record,past_input,14,yaw,-0.01727459991304524,archived_MAP,605,1.0
within_record,past_input,14,acceleration,0.001795434796145399,archived_MAP,605,1.0
within_record,past_input,14,steering,0.013184283519712485,archived_MAP,605,1.0
within_record,autocorrelation,15,yaw,0.039729891581381495,archived_MAP,605,1.0
within_record,autocorrelation,15,acceleration,0.005344971462389338,archived_MAP,605,1.0
within_record,autocorrelation,15,steering,0.030721827529533494,archived_MAP,605,1.0
within_record,past_input,15,yaw,-0.028726730380504474,archived_MAP,605,1.0
within_record,past_input,15,acceleration,-0.006677108021554811,archived_MAP,605,1.0
within_record,past_input,15,steering,0.01869947819507158,archived_MAP,605,1.0
within_record,autocorrelation,16,yaw,0.09015271585088294,archived_MAP,605,1.0
within_record,autocorrelation,16,acceleration,-0.002834811569588872,archived_MAP,605,1.0
within_record,autocorrelation,16,steering,-0.00904083469576327,archived_MAP,605,1.0
within_record,past_input,16,yaw,-0.03793854438733405,archived_MAP,605,1.0
within_record,past_input,16,acceleration,-0.011133032615358094,archived_MAP,605,1.0
within_record,past_input,16,steering,0.02209878993180647,archived_MAP,605,1.0
within_record,autocorrelation,17,yaw,0.053576325077978236,archived_MAP,605,1.0
within_record,autocorrelation,17,acceleration,0.017732436057808408,archived_MAP,605,1.0
within_record,autocorrelation,17,steering,0.013669291201694654,archived_MAP,605,1.0
within_record,past_input,17,yaw,-0.04591566373402604,archived_MAP,605,1.0
within_record,past_input,17,acceleration,-0.016227634716852443,archived_MAP,605,1.0
within_record,past_input,17,steering,0.029209463543583315,archived_MAP,605,1.0
within_record,autocorrelation,18,yaw,0.05504706843626076,archived_MAP,605,1.0
within_record,autocorrelation,18,acceleration,-7.051951370305394e-05,archived_MAP,605,1.0
within_record,autocorrelation,18,steering,-0.007820509407333151,archived_MAP,605,1.0
within_record,past_input,18,yaw,-0.055439211647622014,archived_MAP,605,1.0
within_record,past_input,18,acceleration,-0.02389445559920223,archived_MAP,605,1.0
within_record,past_input,18,steering,0.03614863181140713,archived_MAP,605,1.0
within_record,autocorrelation,19,yaw,0.053951331222719376,archived_MAP,605,1.0
within_record,autocorrelation,19,acceleration,0.025101521923197066,archived_MAP,605,1.0
within_record,autocorrelation,19,steering,0.047153506848289166,archived_MAP,605,1.0
within_record,past_input,19,yaw,-0.06450832622957134,archived_MAP,605,1.0
within_record,past_input,19,acceleration,-0.036592182147010426,archived_MAP,605,1.0
within_record,past_input,19,steering,0.03819010060002619,archived_MAP,605,1.0
within_record,autocorrelation,20,yaw,0.02791621071371182,archived_MAP,605,1.0
within_record,autocorrelation,20,acceleration,-0.011214572602698506,archived_MAP,605,1.0
within_record,autocorrelation,20,steering,-0.026395386264263476,archived_MAP,605,1.0
within_record,past_input,20,yaw,-0.07066506496785861,archived_MAP,605,1.0
within_record,past_input,20,acceleration,-0.04159713012773813,archived_MAP,605,1.0
within_record,past_input,20,steering,0.044454894342443846,archived_MAP,605,1.0
