seed,method,cohort,epsilon,draw,tracking,feasible,rho
86,ControlAware,10,2,0,0.011109152435669829,1.0,0.9695398698261312
86,ControlAware,10,2,1,0.021900703309665526,1.0,0.9638868683417358
86,ControlAware,10,2,2,0.011619476703822205,1.0,0.9665617408881778
86,ControlAware,10,2,3,0.012755495038161408,1.0,0.9676246588213347
86,ControlAware,10,2,4,0.02120333541508248,1.0,0.9712497140243704
86,ControlAware,10,2,5,0.02667972285033676,1.0,0.9700443255899625
86,ControlAware,10,2,6,0.013297969020577545,1.0,0.9696960877996776
86,ControlAware,10,2,7,0.022609230395737756,1.0,0.965387181764483
86,ControlAware,10,2,8,0.024847029485183407,1.0,0.9682722768869004
86,ControlAware,10,2,9,0.031649033852087644,1.0,0.967125036498536
86,ControlAware,10,4,0,0.017272698461939198,1.0,0.9664310546893068
86,ControlAware,10,4,1,0.012062760090648151,1.0,0.9686194236123572
86,ControlAware,10,4,2,0.014637763477896942,1.0,0.9668067229899228
86,ControlAware,10,4,3,0.008831353694249007,1.0,0.9686862619302866
86,ControlAware,10,4,4,0.017565036849052296,1.0,0.9691588573739846
86,ControlAware,10,4,5,0.018309519671575982,1.0,0.970896033467542
86,ControlAware,10,4,6,0.01309736086115577,1.0,0.9696149872638724
86,ControlAware,10,4,7,0.01273325200104395,1.0,0.9700274733546966
86,ControlAware,10,4,8,0.013499681820833555,1.0,0.9666011929128534
86,ControlAware,10,4,9,0.009043225925859683,1.0,0.968427924097199
86,ControlAware,10,8,0,0.01032394477011478,1.0,0.9696132716288072
86,ControlAware,10,8,1,0.009884373239478503,1.0,0.9695617745217996
86,ControlAware,10,8,2,0.010514201255464943,1.0,0.9698716252706866
86,ControlAware,10,8,3,0.00821204153813611,1.0,0.968583723157804
86,ControlAware,10,8,4,0.01301668201880259,1.0,0.9667292985700384
86,ControlAware,10,8,5,0.008243223663577118,1.0,0.9685708019586252
86,ControlAware,10,8,6,0.013944860508914374,1.0,0.965159711425874
86,ControlAware,10,8,7,0.009811390765622744,1.0,0.967563307112425
86,ControlAware,10,8,8,0.010528838890042497,1.0,0.9697377680055724
86,ControlAware,10,8,9,0.007677950311516354,1.0,0.9695162897771124
86,ControlAware,10,inf,0,0.007725960060575778,1.0,0.9686687942436258
86,ControlAware,30,2,0,0.008886095285039631,1.0,0.9697666226021168
86,ControlAware,30,2,1,0.009958006566452144,1.0,0.967142796661688
86,ControlAware,30,2,2,0.011195128788696499,1.0,0.9693345498155568
86,ControlAware,30,2,3,0.010396983701421392,1.0,0.9674710662971692
86,ControlAware,30,2,4,0.01009152096786339,1.0,0.969972567715072
86,ControlAware,30,2,5,0.009282973660720428,1.0,0.9695347588170607
86,ControlAware,30,2,6,0.012833548889565121,1.0,0.9707230715286106
86,ControlAware,30,2,7,0.009027463546533757,1.0,0.968986369804148
86,ControlAware,30,2,8,0.008277263582311753,1.0,0.9681041715701302
86,ControlAware,30,2,9,0.0074930474415147875,1.0,0.9687922254860772
86,ControlAware,30,4,0,0.00849179571770351,1.0,0.9678720144071382
86,ControlAware,30,4,1,0.008889659387124889,1.0,0.9681925435130944
86,ControlAware,30,4,2,0.008560538867483597,1.0,0.9685141124229892
86,ControlAware,30,4,3,0.007853276907488133,1.0,0.96850880986841
86,ControlAware,30,4,4,0.008464046934675756,1.0,0.9684892370751168
86,ControlAware,30,4,5,0.007632111047001184,1.0,0.9689943563074728
86,ControlAware,30,4,6,0.008085370641373326,1.0,0.9681207270698224
86,ControlAware,30,4,7,0.008624520840483783,1.0,0.9693193248790766
86,ControlAware,30,4,8,0.009134080644261335,1.0,0.969453373762038
86,ControlAware,30,4,9,0.008020547628188521,1.0,0.96887266059303
86,ControlAware,30,8,0,0.007964544502190004,1.0,0.9687637605225834
86,ControlAware,30,8,1,0.00808071951077584,1.0,0.9681937110386528
86,ControlAware,30,8,2,0.007844851078033219,1.0,0.9686380366304292
86,ControlAware,30,8,3,0.008038546661056162,1.0,0.969089765299502
86,ControlAware,30,8,4,0.0076216863692421906,1.0,0.9687836655382271
86,ControlAware,30,8,5,0.010246787163556667,1.0,0.9685411509915064
86,ControlAware,30,8,6,0.008470594548057393,1.0,0.9682393430337584
86,ControlAware,30,8,7,0.008959829925871398,1.0,0.9684068530166104
86,ControlAware,30,8,8,0.008037593701009519,1.0,0.9685428444187512
86,ControlAware,30,8,9,0.008570595713567324,1.0,0.968286695726397
86,ControlAware,30,inf,0,0.007823095145369647,1.0,0.9686641925920296
86,ControlAware,100,2,0,0.008110326798372649,1.0,0.9684632402359596
86,ControlAware,100,2,1,0.007891261160721199,1.0,0.9688691283412038
86,ControlAware,100,2,2,0.008561540819800055,1.0,0.9679453173663222
86,ControlAware,100,2,3,0.007966258141730425,1.0,0.9688557120963892
86,ControlAware,100,2,4,0.008361318159261076,1.0,0.9684374354451084
86,ControlAware,100,2,5,0.008671194235979897,1.0,0.968711547073755
86,ControlAware,100,2,6,0.007918767904153492,1.0,0.9689404052856232
86,ControlAware,100,2,7,0.008292484955937743,1.0,0.968403597042616
86,ControlAware,100,2,8,0.007640762782418806,1.0,0.9687901009605724
86,ControlAware,100,2,9,0.008556316460330306,1.0,0.968169817532314
86,ControlAware,100,4,0,0.007891246701903967,1.0,0.9684970553576572
86,ControlAware,100,4,1,0.008152533858982371,1.0,0.9687337387471672
86,ControlAware,100,4,2,0.007907201428690986,1.0,0.9684848705090668
86,ControlAware,100,4,3,0.008195791232338693,1.0,0.9681712738116331
86,ControlAware,100,4,4,0.007743507562234384,1.0,0.968737519977353
86,ControlAware,100,4,5,0.008733578316511588,1.0,0.9683673118671914
86,ControlAware,100,4,6,0.007880186176395977,1.0,0.968668635726458
86,ControlAware,100,4,7,0.007756576356406212,1.0,0.9688783631173032
86,ControlAware,100,4,8,0.007872901473899427,1.0,0.9684351741295504
86,ControlAware,100,4,9,0.008000699238143895,1.0,0.9687247100946924
86,ControlAware,100,8,0,0.007929324490153478,1.0,0.9685483905887876
86,ControlAware,100,8,1,0.007924153653976305,1.0,0.9686214745105602
86,ControlAware,100,8,2,0.008094192164789193,1.0,0.968508486959303
86,ControlAware,100,8,3,0.007922963578093098,1.0,0.9686028457004284
86,ControlAware,100,8,4,0.008034977404736904,1.0,0.9684646690277936
86,ControlAware,100,8,5,0.007937979167794009,1.0,0.9686487746764244
86,ControlAware,100,8,6,0.007812312220543977,1.0,0.9686108502998856
86,ControlAware,100,8,7,0.007909552258200189,1.0,0.9686557843544163
86,ControlAware,100,8,8,0.007902621621044688,1.0,0.9685937499495558
86,ControlAware,100,8,9,0.0078111380101464345,1.0,0.9687685263876984
86,ControlAware,100,inf,0,0.007901824610891166,1.0,0.968600766022497
86,Isotropic,10,2,0,0.011960366083320085,1.0,0.9698794192937932
86,Isotropic,10,2,1,0.024790635451824826,1.0,0.9643185313734504
86,Isotropic,10,2,2,0.013156985750556608,1.0,0.9662001167775026
86,Isotropic,10,2,3,0.011397196357837607,1.0,0.9681029453066258
86,Isotropic,10,2,4,0.024591794686591097,1.0,0.9717421662782312
86,Isotropic,10,2,5,0.027919708517907305,1.0,0.9702029862865648
86,Isotropic,10,2,6,0.015189640509316137,1.0,0.9699834117230072
86,Isotropic,10,2,7,0.025637622551451023,1.0,0.9663020164336368
86,Isotropic,10,2,8,0.026052501341050197,1.0,0.968203071660227
86,Isotropic,10,2,9,0.03605759815808641,1.0,0.967849217874248
86,Isotropic,10,4,0,0.02081310117585003,1.0,0.965850330113581
86,Isotropic,10,4,1,0.012875059972728777,1.0,0.9686824208187408
86,Isotropic,10,4,2,0.015516817331249448,1.0,0.9663154751421886
86,Isotropic,10,4,3,0.008583587643131437,1.0,0.968880965220438
86,Isotropic,10,4,4,0.018958306433009164,1.0,0.9692702059602618
86,Isotropic,10,4,5,0.021166925543519954,1.0,0.971314195243708
86,Isotropic,10,4,6,0.015123643404792145,1.0,0.9697979520103632
86,Isotropic,10,4,7,0.014849021127069255,1.0,0.9701804359817296
86,Isotropic,10,4,8,0.01539591652078537,1.0,0.9666340857333506
86,Isotropic,10,4,9,0.009527143799167788,1.0,0.968435040364724
86,Isotropic,10,8,0,0.01163336655470657,1.0,0.969899503454932
86,Isotropic,10,8,1,0.010978384611738109,1.0,0.9697796392840968
86,Isotropic,10,8,2,0.011431899600839473,1.0,0.97011189728376
86,Isotropic,10,8,3,0.008469353250887162,1.0,0.9685384384367582
86,Isotropic,10,8,4,0.0148237348219844,1.0,0.9662651577310104
86,Isotropic,10,8,5,0.008228637719129352,1.0,0.9684510511743856
86,Isotropic,10,8,6,0.01628396502192365,1.0,0.9648012874304954
86,Isotropic,10,8,7,0.010697526069341757,1.0,0.9672098229679528
86,Isotropic,10,8,8,0.011282505023744283,1.0,0.9698693859364256
86,Isotropic,10,8,9,0.007927506540248192,1.0,0.96978663737775
86,Isotropic,10,inf,0,0.007725960060575786,1.0,0.968668794243626
86,Isotropic,30,2,0,0.00923406967946781,1.0,0.9699916731286216
86,Isotropic,30,2,1,0.010792869543893175,1.0,0.966858471857956
86,Isotropic,30,2,2,0.012539744324467899,1.0,0.96945217068072
86,Isotropic,30,2,3,0.01119295408388858,1.0,0.9671226045428885
86,Isotropic,30,2,4,0.0111613147779364,1.0,0.9701776950241248
86,Isotropic,30,2,5,0.009757137064924691,1.0,0.9697591114995284
86,Isotropic,30,2,6,0.014421535492498418,1.0,0.9710617497019528
86,Isotropic,30,2,7,0.00922869290548972,1.0,0.9689933871005836
86,Isotropic,30,2,8,0.008511653897922158,1.0,0.9680716202252064
86,Isotropic,30,2,9,0.007478377619299013,1.0,0.9688952107829016
86,Isotropic,30,4,0,0.008781655186083537,1.0,0.9676034692413512
86,Isotropic,30,4,1,0.009292139403331519,1.0,0.9680798814926058
86,Isotropic,30,4,2,0.008821913617664219,1.0,0.9684776254368832
86,Isotropic,30,4,3,0.008081288685807368,1.0,0.9684749246308963
86,Isotropic,30,4,4,0.008831890173820857,1.0,0.9684347564359552
86,Isotropic,30,4,5,0.007653224845475647,1.0,0.969119694238243
86,Isotropic,30,4,6,0.008246568135220192,1.0,0.9680226505379104
86,Isotropic,30,4,7,0.009381603834505616,1.0,0.9695628060725128
86,Isotropic,30,4,8,0.009713815897879022,1.0,0.969613826581298
86,Isotropic,30,4,9,0.007949810972029623,1.0,0.9688766600170426
86,Isotropic,30,8,0,0.007986574815093711,1.0,0.9687683173687418
86,Isotropic,30,8,1,0.008208839492681535,1.0,0.9680896627987332
86,Isotropic,30,8,2,0.007883500330473076,1.0,0.9686374750361992
86,Isotropic,30,8,3,0.008085024552446047,1.0,0.969211676768816
86,Isotropic,30,8,4,0.007632439783833458,1.0,0.968851526409144
86,Isotropic,30,8,5,0.01106172378743607,1.0,0.9684916902305496
86,Isotropic,30,8,6,0.008746095755952808,1.0,0.968135784583939
86,Isotropic,30,8,7,0.009270636835065432,1.0,0.968333085689194
86,Isotropic,30,8,8,0.008112375131275763,1.0,0.9685172675391338
86,Isotropic,30,8,9,0.00886759858907306,1.0,0.968189023663908
86,Isotropic,30,inf,0,0.007823095145369647,1.0,0.9686641925920296
86,Isotropic,100,2,0,0.008142409925108616,1.0,0.9684249215681277
86,Isotropic,100,2,1,0.00780940976202653,1.0,0.968970009501185
86,Isotropic,100,2,2,0.008827656636148502,1.0,0.9677349682219152
86,Isotropic,100,2,3,0.00796498240418907,1.0,0.968912852315241
86,Isotropic,100,2,4,0.008501438475043142,1.0,0.9684285192506602
86,Isotropic,100,2,5,0.008954196003418067,1.0,0.9687338701763626
86,Isotropic,100,2,6,0.007950715200034954,1.0,0.9690283008547524
86,Isotropic,100,2,7,0.008448242378899002,1.0,0.9684153590048754
86,Isotropic,100,2,8,0.007600918952566287,1.0,0.9688844893886012
86,Isotropic,100,2,9,0.008877190928142207,1.0,0.9680202888657804
86,Isotropic,100,4,0,0.007940172670662354,1.0,0.9684748537950908
86,Isotropic,100,4,1,0.008217063308963629,1.0,0.968777397237096
86,Isotropic,100,4,2,0.007884068453497832,1.0,0.9684747695560676
86,Isotropic,100,4,3,0.008321481195987107,1.0,0.9680690913381966
86,Isotropic,100,4,4,0.0077068739320741925,1.0,0.9687625700621426
86,Isotropic,100,4,5,0.008960229970323075,1.0,0.968304265860874
86,Isotropic,100,4,6,0.007853167004751423,1.0,0.968672339967459
86,Isotropic,100,4,7,0.007741829607273423,1.0,0.9689341367282917
86,Isotropic,100,4,8,0.007852586605139648,1.0,0.96844308815282
86,Isotropic,100,4,9,0.008037730377008234,1.0,0.968749856951795
86,Isotropic,100,8,0,0.007927928467568188,1.0,0.96853261387737
86,Isotropic,100,8,1,0.00795075311320763,1.0,0.9686373918429408
86,Isotropic,100,8,2,0.008130593900776107,1.0,0.9684775819938892
86,Isotropic,100,8,3,0.007919851986026696,1.0,0.9686050029650464
86,Isotropic,100,8,4,0.00806207861697122,1.0,0.9684435082310308
86,Isotropic,100,8,5,0.007948802507918774,1.0,0.9686668211350684
86,Isotropic,100,8,6,0.007802094907076343,1.0,0.96860193477309
86,Isotropic,100,8,7,0.007907028436276657,1.0,0.968660126884066
86,Isotropic,100,8,8,0.00790795080847865,1.0,0.9685967463695748
86,Isotropic,100,8,9,0.00778694113018028,1.0,0.968807083993642
86,Isotropic,100,inf,0,0.007901824610891166,1.0,0.968600766022497
87,ControlAware,10,2,0,0.009272876753718816,1.0,0.9704342444716672
87,ControlAware,10,2,1,0.018495546508577317,1.0,0.9672229913739366
87,ControlAware,10,2,2,0.025974029847987017,1.0,0.9638025958000164
87,ControlAware,10,2,3,0.018285330983565287,1.0,0.9718426501777092
87,ControlAware,10,2,4,0.01309586205517949,1.0,0.9682190833690272
87,ControlAware,10,2,5,0.019285521081751338,1.0,0.9692749710587708
87,ControlAware,10,2,6,0.022338245865410597,1.0,0.9656710517717948
87,ControlAware,10,2,7,0.023760005790107896,1.0,0.9693924969667794
87,ControlAware,10,2,8,0.01801778489540346,1.0,0.9709740587859298
87,ControlAware,10,2,9,0.01715241534260715,1.0,0.9678976476244504
87,ControlAware,10,4,0,0.010774108392990632,1.0,0.9683400893113714
87,ControlAware,10,4,1,0.015138575263193794,1.0,0.9715725643484916
87,ControlAware,10,4,2,0.01890156167485471,1.0,0.966122059628932
87,ControlAware,10,4,3,0.01112921625839807,1.0,0.9680068411711557
87,ControlAware,10,4,4,0.021550587553927646,1.0,0.9660109709732982
87,ControlAware,10,4,5,0.010714074727830406,1.0,0.9695836620577664
87,ControlAware,10,4,6,0.018014850781690146,1.0,0.9707936645482376
87,ControlAware,10,4,7,0.013713647306174019,1.0,0.969819669892229
87,ControlAware,10,4,8,0.01274864178383412,1.0,0.9681871467501691
87,ControlAware,10,4,9,0.012367831296640843,1.0,0.9716051472495052
87,ControlAware,10,8,0,0.009969667640055,1.0,0.9689666829048172
87,ControlAware,10,8,1,0.009032798324351237,1.0,0.9700494661440964
87,ControlAware,10,8,2,0.008829583371857571,1.0,0.969367140884043
87,ControlAware,10,8,3,0.007680149498655974,1.0,0.9693290207003764
87,ControlAware,10,8,4,0.008800030869708228,1.0,0.970017467661612
87,ControlAware,10,8,5,0.011181193178374054,1.0,0.9682411847288244
87,ControlAware,10,8,6,0.00832741675992854,1.0,0.9696293001377558
87,ControlAware,10,8,7,0.010017840382589264,1.0,0.9706630075819797
87,ControlAware,10,8,8,0.009780081790215035,1.0,0.9688498662012376
87,ControlAware,10,8,9,0.00858672686290532,1.0,0.9694980219323306
87,ControlAware,10,inf,0,0.0076171226023438055,1.0,0.9692806119818456
87,ControlAware,30,2,0,0.010713236079201884,1.0,0.968827660116334
87,ControlAware,30,2,1,0.010822799677179702,1.0,0.9682208799069004
87,ControlAware,30,2,2,0.008756657324540465,1.0,0.9702564263464054
87,ControlAware,30,2,3,0.010478518857054685,1.0,0.9705774626543244
87,ControlAware,30,2,4,0.00868569429936853,1.0,0.9693113027816412
87,ControlAware,30,2,5,0.012358507734270585,1.0,0.9703565757607155
87,ControlAware,30,2,6,0.014692162081300439,1.0,0.9668839126199188
87,ControlAware,30,2,7,0.011455982895643238,1.0,0.9684720178506232
87,ControlAware,30,2,8,0.009831052344030384,1.0,0.9698694781118788
87,ControlAware,30,2,9,0.0168018538405244,1.0,0.9698265036929052
87,ControlAware,30,4,0,0.008473499331883407,1.0,0.96994092754821
87,ControlAware,30,4,1,0.007717158433286348,1.0,0.9695241815167572
87,ControlAware,30,4,2,0.009554825451780964,1.0,0.9678922290780024
87,ControlAware,30,4,3,0.010024279916777788,1.0,0.9691414941842154
87,ControlAware,30,4,4,0.009616958028967618,1.0,0.9687972517283376
87,ControlAware,30,4,5,0.007864076658000863,1.0,0.969013730452408
87,ControlAware,30,4,6,0.010006432247151188,1.0,0.9690006300384872
87,ControlAware,30,4,7,0.008208883823570136,1.0,0.9694737461258984
87,ControlAware,30,4,8,0.009607849276702071,1.0,0.9690043151765944
87,ControlAware,30,4,9,0.009245723143105138,1.0,0.9694284551836936
87,ControlAware,30,8,0,0.007595372774434355,1.0,0.969359287299653
87,ControlAware,30,8,1,0.008104187556671371,1.0,0.968910648078744
87,ControlAware,30,8,2,0.008120694456536686,1.0,0.968818482290174
87,ControlAware,30,8,3,0.007994511169583975,1.0,0.9695739986060484
87,ControlAware,30,8,4,0.007858165457233023,1.0,0.969064891811056
87,ControlAware,30,8,5,0.007748468604555783,1.0,0.9695707565704283
87,ControlAware,30,8,6,0.007883452863192968,1.0,0.968946808096598
87,ControlAware,30,8,7,0.007732297721753144,1.0,0.969477699985827
87,ControlAware,30,8,8,0.008115804879289585,1.0,0.96995921229973
87,ControlAware,30,8,9,0.00800141532063837,1.0,0.969010220422899
87,ControlAware,30,inf,0,0.007722461070827791,1.0,0.9691352300532692
87,ControlAware,100,2,0,0.008346791143307912,1.0,0.9686545446589632
87,ControlAware,100,2,1,0.0076811884921135784,1.0,0.969198299119468
87,ControlAware,100,2,2,0.009077083362357895,1.0,0.9684182049777914
87,ControlAware,100,2,3,0.00765261490384226,1.0,0.9692829070512928
87,ControlAware,100,2,4,0.008454793878922976,1.0,0.969010286649794
87,ControlAware,100,2,5,0.008688653393306626,1.0,0.9686215428775448
87,ControlAware,100,2,6,0.007891905094114285,1.0,0.9689590501277404
87,ControlAware,100,2,7,0.0076772950795690985,1.0,0.9690819717214926
87,ControlAware,100,2,8,0.008647047321883648,1.0,0.9693204107527242
87,ControlAware,100,2,9,0.008436928741278986,1.0,0.9687971577811052
87,ControlAware,100,4,0,0.0076079252344592296,1.0,0.9691918679196356
87,ControlAware,100,4,1,0.007548836528112989,1.0,0.969269006973297
87,ControlAware,100,4,2,0.007786737603118478,1.0,0.9691327019636437
87,ControlAware,100,4,3,0.008036683618824297,1.0,0.96892268142603
87,ControlAware,100,4,4,0.007728142793823599,1.0,0.9690717105086114
87,ControlAware,100,4,5,0.007548048244588145,1.0,0.9693448610126516
87,ControlAware,100,4,6,0.007648521372090393,1.0,0.9691893364586937
87,ControlAware,100,4,7,0.007509611615098031,1.0,0.9693047571916086
87,ControlAware,100,4,8,0.0077082926939436745,1.0,0.969123673625066
87,ControlAware,100,4,9,0.007777328914544802,1.0,0.9691080867908338
87,ControlAware,100,8,0,0.007713538243261907,1.0,0.9691628972057406
87,ControlAware,100,8,1,0.007630406221628077,1.0,0.969270304785794
87,ControlAware,100,8,2,0.007730204430379444,1.0,0.9691275539149572
87,ControlAware,100,8,3,0.007777119801451979,1.0,0.969079558565042
87,ControlAware,100,8,4,0.007701829895120924,1.0,0.9691129905331228
87,ControlAware,100,8,5,0.00773281189852311,1.0,0.9691207438870794
87,ControlAware,100,8,6,0.0076280614686883306,1.0,0.9691779695126256
87,ControlAware,100,8,7,0.007722540991195042,1.0,0.9691733225450464
87,ControlAware,100,8,8,0.008045987942723109,1.0,0.9689012354696775
87,ControlAware,100,8,9,0.007615181960320112,1.0,0.9691795101428904
87,ControlAware,100,inf,0,0.007682477819738683,1.0,0.9691595581798113
87,Isotropic,10,2,0,0.010108320779722053,1.0,0.9704285682496564
87,Isotropic,10,2,1,0.022413697789438903,1.0,0.9668671044415788
87,Isotropic,10,2,2,0.03008082485868112,1.0,0.962585280222869
87,Isotropic,10,2,3,0.019834968094405252,1.0,0.9722179709667406
87,Isotropic,10,2,4,0.013307222341233367,1.0,0.96807166453584
87,Isotropic,10,2,5,0.02287362676726309,1.0,0.969092798306424
87,Isotropic,10,2,6,0.02588690158817668,1.0,0.9647378156318926
87,Isotropic,10,2,7,0.026189509649430977,1.0,0.9695227070087762
87,Isotropic,10,2,8,0.02049768523709409,1.0,0.971056567183743
87,Isotropic,10,2,9,0.01939246227005088,1.0,0.9676211395607326
87,Isotropic,10,4,0,0.011693455834600686,1.0,0.9680314856593598
87,Isotropic,10,4,1,0.017673204936244226,1.0,0.9719953303769784
87,Isotropic,10,4,2,0.023208851741546074,1.0,0.9651061224480856
87,Isotropic,10,4,3,0.012758650091091443,1.0,0.9675992697507668
87,Isotropic,10,4,4,0.026418742746000957,1.0,0.9646933335481565
87,Isotropic,10,4,5,0.011688922404236957,1.0,0.969620098017166
87,Isotropic,10,4,6,0.020877678899777,1.0,0.9709922104378262
87,Isotropic,10,4,7,0.01573766622311454,1.0,0.9701148575668216
87,Isotropic,10,4,8,0.014159622165276711,1.0,0.9678238222875514
87,Isotropic,10,4,9,0.012927168352349316,1.0,0.9715844004569186
87,Isotropic,10,8,0,0.010220810397221674,1.0,0.9690159565024916
87,Isotropic,10,8,1,0.010054645538934932,1.0,0.9701903716118092
87,Isotropic,10,8,2,0.009649462222422514,1.0,0.9694159703542248
87,Isotropic,10,8,3,0.007612526684587833,1.0,0.9693597107135544
87,Isotropic,10,8,4,0.009291413284391724,1.0,0.9701070943192108
87,Isotropic,10,8,5,0.012738686962811621,1.0,0.968089628246272
87,Isotropic,10,8,6,0.008267788733751337,1.0,0.9697742537848748
87,Isotropic,10,8,7,0.011132747639934146,1.0,0.9710040755063306
87,Isotropic,10,8,8,0.010327998932264663,1.0,0.9687932555897438
87,Isotropic,10,8,9,0.009194196137658067,1.0,0.9695673315219804
87,Isotropic,10,inf,0,0.0076171226023438055,1.0,0.9692806119818456
87,Isotropic,30,2,0,0.011653677316147098,1.0,0.9686879601729652
87,Isotropic,30,2,1,0.012081401642066305,1.0,0.9679757405945374
87,Isotropic,30,2,2,0.009286762688948827,1.0,0.9704940846403144
87,Isotropic,30,2,3,0.011366730709893549,1.0,0.970837272844974
87,Isotropic,30,2,4,0.00896617475109677,1.0,0.969281486533394
87,Isotropic,30,2,5,0.013421007521729322,1.0,0.9705621315196682
87,Isotropic,30,2,6,0.016987920037363546,1.0,0.966301487235342
87,Isotropic,30,2,7,0.01231220868021536,1.0,0.968388872357814
87,Isotropic,30,2,8,0.010679033593627284,1.0,0.9698742975792488
87,Isotropic,30,2,9,0.01948303846271321,1.0,0.9698672157828574
87,Isotropic,30,4,0,0.008958118020206397,1.0,0.9701652906267582
87,Isotropic,30,4,1,0.0076772263784540455,1.0,0.9695234801544624
87,Isotropic,30,4,2,0.010266399527528598,1.0,0.9675124326964336
87,Isotropic,30,4,3,0.010805529131210299,1.0,0.96913062693011
87,Isotropic,30,4,4,0.010330171691471032,1.0,0.9686727931883964
87,Isotropic,30,4,5,0.008112533815813994,1.0,0.9689524449936728
87,Isotropic,30,4,6,0.010823050100371913,1.0,0.9688647677122488
87,Isotropic,30,4,7,0.0086302491031772,1.0,0.9694909738455396
87,Isotropic,30,4,8,0.010322119548595694,1.0,0.9689849594242632
87,Isotropic,30,4,9,0.009779226483655236,1.0,0.9695637485513788
87,Isotropic,30,8,0,0.007559390048833863,1.0,0.9694046759976752
87,Isotropic,30,8,1,0.008239802425145439,1.0,0.9688846712740804
87,Isotropic,30,8,2,0.008278515258948632,1.0,0.9688159307814492
87,Isotropic,30,8,3,0.008065840693163094,1.0,0.9696740896833026
87,Isotropic,30,8,4,0.007944025970001021,1.0,0.9690411714236804
87,Isotropic,30,8,5,0.007806926526611489,1.0,0.9696914880647958
87,Isotropic,30,8,6,0.008009268819212441,1.0,0.968908324077882
87,Isotropic,30,8,7,0.007821649271408016,1.0,0.9695628586380772
87,Isotropic,30,8,8,0.008436357622140437,1.0,0.9701033982169394
87,Isotropic,30,8,9,0.007961045374433873,1.0,0.9690265332798892
87,Isotropic,30,inf,0,0.007722461070827791,1.0,0.9691352300532692
87,Isotropic,100,2,0,0.008598042885024705,1.0,0.9685178328943618
87,Isotropic,100,2,1,0.007699671338211822,1.0,0.9691893670693248
87,Isotropic,100,2,2,0.00957103732516739,1.0,0.9682407323741432
87,Isotropic,100,2,3,0.007666584091250466,1.0,0.9692815506494624
87,Isotropic,100,2,4,0.008718529953784084,1.0,0.9690086121936614
87,Isotropic,100,2,5,0.009088666723554097,1.0,0.9684684787450204
87,Isotropic,100,2,6,0.0080218996564041,1.0,0.9688953787319255
87,Isotropic,100,2,7,0.007707385597659871,1.0,0.9690728366094894
87,Isotropic,100,2,8,0.008956338660843735,1.0,0.9693050925001152
87,Isotropic,100,2,9,0.00872205221401614,1.0,0.9687281418328424
87,Isotropic,100,4,0,0.007678593252417936,1.0,0.969192483040354
87,Isotropic,100,4,1,0.007541404446828153,1.0,0.969288255281081
87,Isotropic,100,4,2,0.007804032697546971,1.0,0.96911769927737
87,Isotropic,100,4,3,0.008123032906465674,1.0,0.9688739458655012
87,Isotropic,100,4,4,0.007715822635462706,1.0,0.9690710005156709
87,Isotropic,100,4,5,0.007539960543691178,1.0,0.9693979274725348
87,Isotropic,100,4,6,0.007636536124021377,1.0,0.9691859506475914
87,Isotropic,100,4,7,0.007530399518126308,1.0,0.969343073667806
87,Isotropic,100,4,8,0.007742812943950917,1.0,0.9691036658559354
87,Isotropic,100,4,9,0.007755704626043639,1.0,0.9690913823165774
87,Isotropic,100,8,0,0.007731017724831146,1.0,0.9691431176885345
87,Isotropic,100,8,1,0.007619460024450777,1.0,0.9692903814468868
87,Isotropic,100,8,2,0.007735550722501985,1.0,0.9691171067964244
87,Isotropic,100,8,3,0.007810275947891079,1.0,0.9690632414879354
87,Isotropic,100,8,4,0.0077126705451323,1.0,0.9690920732548564
87,Isotropic,100,8,5,0.00773196297884735,1.0,0.9691260327977674
87,Isotropic,100,8,6,0.0076150449716983854,1.0,0.9691958615918568
87,Isotropic,100,8,7,0.007728646174061838,1.0,0.9691846897520838
87,Isotropic,100,8,8,0.008159217049266405,1.0,0.9688436324143688
87,Isotropic,100,8,9,0.007626597193675018,1.0,0.9691788696514704
87,Isotropic,100,inf,0,0.007682477819738683,1.0,0.9691595581798113
88,ControlAware,10,2,0,0.023506959293310425,1.0,0.9709785829144036
88,ControlAware,10,2,1,0.021105462241942173,1.0,0.9695115897152236
88,ControlAware,10,2,2,0.017907416603518828,1.0,0.9639513550942884
88,ControlAware,10,2,3,0.0313496968907785,1.0,0.967709204080448
88,ControlAware,10,2,4,0.010186886437504719,1.0,0.9667645794976644
88,ControlAware,10,2,5,0.03142141928790972,1.0,0.9644232380646148
88,ControlAware,10,2,6,0.011014281463615933,1.0,0.9701170438900067
88,ControlAware,10,2,7,0.01910914137661514,1.0,0.9663690682795488
88,ControlAware,10,2,8,0.02261261802387106,1.0,0.9678643383366504
88,ControlAware,10,2,9,0.015797313910368593,1.0,0.9692034564888832
88,ControlAware,10,4,0,0.01721584038936095,1.0,0.9666232116989342
88,ControlAware,10,4,1,0.013441767082655308,1.0,0.9685276537355632
88,ControlAware,10,4,2,0.014098146131619896,1.0,0.9708041560793989
88,ControlAware,10,4,3,0.012108748502549877,1.0,0.9690224325950664
88,ControlAware,10,4,4,0.011644756899810389,1.0,0.9673901243522656
88,ControlAware,10,4,5,0.023619964935010125,1.0,0.9596735901230372
88,ControlAware,10,4,6,0.014256124919426282,1.0,0.965388462098468
88,ControlAware,10,4,7,0.00830822830863087,1.0,0.9672318408102528
88,ControlAware,10,4,8,0.010886889827516778,1.0,0.9696863793880852
88,ControlAware,10,4,9,0.01140953412421403,1.0,0.9678883571078593
88,ControlAware,10,8,0,0.014152938386342443,1.0,0.967242160897656
88,ControlAware,10,8,1,0.008145954141614795,1.0,0.9678264832516066
88,ControlAware,10,8,2,0.010066180578150731,1.0,0.9674395307901242
88,ControlAware,10,8,3,0.008524449825120024,1.0,0.9672447441549202
88,ControlAware,10,8,4,0.009236810384795617,1.0,0.9687201589479472
88,ControlAware,10,8,5,0.009083556234071467,1.0,0.968942839769929
88,ControlAware,10,8,6,0.009079474580318183,1.0,0.9674760381868032
88,ControlAware,10,8,7,0.009668651379280645,1.0,0.9667708529063492
88,ControlAware,10,8,8,0.016027698060463107,1.0,0.9643186105791232
88,ControlAware,10,8,9,0.010586672609513846,1.0,0.9681693095656894
88,ControlAware,10,inf,0,0.00783337564760435,1.0,0.9676187659440908
88,ControlAware,30,2,0,0.019354284714833473,1.0,0.9682644527573754
88,ControlAware,30,2,1,0.011500712654203512,1.0,0.9684242389764522
88,ControlAware,30,2,2,0.0086737291617089,1.0,0.9668258819837724
88,ControlAware,30,2,3,0.007803669581662288,1.0,0.967974188369671
88,ControlAware,30,2,4,0.016992968495909942,1.0,0.9666015008898636
88,ControlAware,30,2,5,0.01116374249011705,1.0,0.9663520497496658
88,ControlAware,30,2,6,0.00870422786829328,1.0,0.9694820525485844
88,ControlAware,30,2,7,0.008833999569442046,1.0,0.9679983390004304
88,ControlAware,30,2,8,0.010306647292846648,1.0,0.9675620204428772
88,ControlAware,30,2,9,0.011030846457346356,1.0,0.9664120575007484
88,ControlAware,30,4,0,0.008951091466386575,1.0,0.9677118245138154
88,ControlAware,30,4,1,0.007521574749670198,1.0,0.9679572849124944
88,ControlAware,30,4,2,0.008208031389182163,1.0,0.9679841882997952
88,ControlAware,30,4,3,0.009473393613433035,1.0,0.9672424107887034
88,ControlAware,30,4,4,0.008674671880951324,1.0,0.9684628365105268
88,ControlAware,30,4,5,0.008096827746802012,1.0,0.9681380633767092
88,ControlAware,30,4,6,0.010599682712596618,1.0,0.966751417958409
88,ControlAware,30,4,7,0.008929452756809382,1.0,0.9680101745822144
88,ControlAware,30,4,8,0.007966416183211724,1.0,0.9674290472527896
88,ControlAware,30,4,9,0.007866104576417692,1.0,0.9680647779675884
88,ControlAware,30,8,0,0.007674783886459814,1.0,0.9676988939059838
88,ControlAware,30,8,1,0.007948931688845823,1.0,0.9675677378238564
88,ControlAware,30,8,2,0.007574379393807028,1.0,0.9681463538960332
88,ControlAware,30,8,3,0.008164335787164391,1.0,0.9684411126173396
88,ControlAware,30,8,4,0.007983941242118896,1.0,0.96789232316601
88,ControlAware,30,8,5,0.007649373809825231,1.0,0.9677402118069244
88,ControlAware,30,8,6,0.00823846136855029,1.0,0.9677731806305224
88,ControlAware,30,8,7,0.007956434754160987,1.0,0.967705013380842
88,ControlAware,30,8,8,0.008140040185696902,1.0,0.967456181756393
88,ControlAware,30,8,9,0.0077855846019429745,1.0,0.9679050533731024
88,ControlAware,30,inf,0,0.007610067528009594,1.0,0.9678026030759502
88,ControlAware,100,2,0,0.007731410408988433,1.0,0.9683134389470016
88,ControlAware,100,2,1,0.008033232197830517,1.0,0.9680096082999426
88,ControlAware,100,2,2,0.0077414120066755495,1.0,0.9680391093525716
88,ControlAware,100,2,3,0.007517960234084321,1.0,0.968148257895044
88,ControlAware,100,2,4,0.007606475277135769,1.0,0.9677865983280844
88,ControlAware,100,2,5,0.007529163542977209,1.0,0.9681560650015566
88,ControlAware,100,2,6,0.007953471083122287,1.0,0.9675174042477468
88,ControlAware,100,2,7,0.007595352749835244,1.0,0.968068100491566
88,ControlAware,100,2,8,0.008208333634551254,1.0,0.9677677354805388
88,ControlAware,100,2,9,0.007709190057443043,1.0,0.9684595456224808
88,ControlAware,100,4,0,0.007490614984370018,1.0,0.9680954193557229
88,ControlAware,100,4,1,0.007557968028299565,1.0,0.9679240238231432
88,ControlAware,100,4,2,0.007634894765404792,1.0,0.9678305632091772
88,ControlAware,100,4,3,0.007592872955623013,1.0,0.9681403821560488
88,ControlAware,100,4,4,0.007584843710648027,1.0,0.9679214923995898
88,ControlAware,100,4,5,0.007819533563521962,1.0,0.9679897270711898
88,ControlAware,100,4,6,0.007542704899680567,1.0,0.9679704002638408
88,ControlAware,100,4,7,0.007507003627635362,1.0,0.9680234605318632
88,ControlAware,100,4,8,0.007589224526872317,1.0,0.9680407271199358
88,ControlAware,100,4,9,0.007945153438309165,1.0,0.9676575210545982
88,ControlAware,100,8,0,0.007681853951079936,1.0,0.967855449903318
88,ControlAware,100,8,1,0.007685883975424433,1.0,0.9676803325440912
88,ControlAware,100,8,2,0.007682571192635651,1.0,0.9677230858902548
88,ControlAware,100,8,3,0.007542040108989321,1.0,0.968006418916812
88,ControlAware,100,8,4,0.007676532084107335,1.0,0.9678858287784212
88,ControlAware,100,8,5,0.007560349437191844,1.0,0.9679349678358352
88,ControlAware,100,8,6,0.007578479599450484,1.0,0.967917034499448
88,ControlAware,100,8,7,0.007647826897777478,1.0,0.967940024019763
88,ControlAware,100,8,8,0.0075438269609033,1.0,0.9679151363967984
88,ControlAware,100,8,9,0.007588683212631093,1.0,0.9679762302582432
88,ControlAware,100,inf,0,0.007565757116421793,1.0,0.9679328352471877
88,Isotropic,10,2,0,0.028009734481777362,1.0,0.971488030817801
88,Isotropic,10,2,1,0.02389332458165047,1.0,0.9698713723517508
88,Isotropic,10,2,2,0.020331206474945476,1.0,0.964008320912806
88,Isotropic,10,2,3,0.03487418927914267,1.0,0.9680542215650408
88,Isotropic,10,2,4,0.011618451475002728,1.0,0.9664435075787504
88,Isotropic,10,2,5,0.03480069523100945,1.0,0.965156498945114
88,Isotropic,10,2,6,0.012544633888952971,1.0,0.9705692407009014
88,Isotropic,10,2,7,0.018945525084510695,1.0,0.9667256502936052
88,Isotropic,10,2,8,0.027373131049894767,1.0,0.9684775560314705
88,Isotropic,10,2,9,0.017026529937485938,1.0,0.96935998261552
88,Isotropic,10,4,0,0.02071899807661305,1.0,0.9664065586176728
88,Isotropic,10,4,1,0.01496277542350973,1.0,0.9687932326244028
88,Isotropic,10,4,2,0.01611464844381191,1.0,0.971298909478178
88,Isotropic,10,4,3,0.013880050842185057,1.0,0.9693692345568714
88,Isotropic,10,4,4,0.012431150268923111,1.0,0.967390150372404
88,Isotropic,10,4,5,0.02840020878213519,1.0,0.9602620281886975
88,Isotropic,10,4,6,0.016059452902862557,1.0,0.9647502763705929
88,Isotropic,10,4,7,0.008447164728789248,1.0,0.9672178842987358
88,Isotropic,10,4,8,0.012500326531026704,1.0,0.9701043841387732
88,Isotropic,10,4,9,0.01274317924146286,1.0,0.9678515819803682
88,Isotropic,10,8,0,0.01609450909284033,1.0,0.9672670104036056
88,Isotropic,10,8,1,0.008047464735791118,1.0,0.9678508137067532
88,Isotropic,10,8,2,0.010532242253507407,1.0,0.967463264616638
88,Isotropic,10,8,3,0.008884443353689727,1.0,0.9670398136562454
88,Isotropic,10,8,4,0.010142860991327293,1.0,0.9688462924086316
88,Isotropic,10,8,5,0.009290503261301082,1.0,0.9690636472431596
88,Isotropic,10,8,6,0.009261989238228773,1.0,0.9674904306682038
88,Isotropic,10,8,7,0.010334494659471585,1.0,0.9664365037891036
88,Isotropic,10,8,8,0.01886183393334545,1.0,0.9644300981984196
88,Isotropic,10,8,9,0.011546154759316704,1.0,0.9682201296965152
88,Isotropic,10,inf,0,0.007833375647604397,1.0,0.9676187659440912
88,Isotropic,30,2,0,0.021391612048721927,1.0,0.968319779834094
88,Isotropic,30,2,1,0.01296813296683909,1.0,0.9686271422262096
88,Isotropic,30,2,2,0.009313111601448655,1.0,0.9666076771664486
88,Isotropic,30,2,3,0.007639813491748371,1.0,0.968061944541012
88,Isotropic,30,2,4,0.019691602323424158,1.0,0.966081498949744
88,Isotropic,30,2,5,0.012469754140131909,1.0,0.965883165431039
88,Isotropic,30,2,6,0.00954597247491821,1.0,0.9698850698380258
88,Isotropic,30,2,7,0.009153997032611069,1.0,0.9680568502956794
88,Isotropic,30,2,8,0.011480677925788283,1.0,0.9675110167507344
88,Isotropic,30,2,9,0.012491324664638672,1.0,0.9660043173226812
88,Isotropic,30,4,0,0.009669941011918152,1.0,0.9677308702777752
88,Isotropic,30,4,1,0.00748354711528935,1.0,0.9679752090905562
88,Isotropic,30,4,2,0.008374373330142704,1.0,0.9680705311708256
88,Isotropic,30,4,3,0.010287115001058762,1.0,0.9670566958809924
88,Isotropic,30,4,4,0.00901950929020012,1.0,0.9684936870428968
88,Isotropic,30,4,5,0.008276933078643856,1.0,0.9682492622511064
88,Isotropic,30,4,6,0.011696714701006014,1.0,0.9664356267316948
88,Isotropic,30,4,7,0.009352065817418015,1.0,0.9681316721627208
88,Isotropic,30,4,8,0.00806976579848834,1.0,0.967361462007012
88,Isotropic,30,4,9,0.008016018372326345,1.0,0.9682105786425736
88,Isotropic,30,8,0,0.0077162749894299386,1.0,0.967708540585016
88,Isotropic,30,8,1,0.008209055942794835,1.0,0.9674974226047138
88,Isotropic,30,8,2,0.0076152479431467425,1.0,0.9682064652511142
88,Isotropic,30,8,3,0.008394980165481876,1.0,0.9686013146614584
88,Isotropic,30,8,4,0.008156929022764513,1.0,0.967895350791648
88,Isotropic,30,8,5,0.007699289455925541,1.0,0.9677103551794892
88,Isotropic,30,8,6,0.00851886268150172,1.0,0.9677693889158469
88,Isotropic,30,8,7,0.00806292565377106,1.0,0.9676684223041148
88,Isotropic,30,8,8,0.008238897814708178,1.0,0.9673620975335008
88,Isotropic,30,8,9,0.007913702406888809,1.0,0.9679120106598416
88,Isotropic,30,inf,0,0.007610067528009594,1.0,0.9678026030759502
88,Isotropic,100,2,0,0.007897209279209956,1.0,0.9683972729387724
88,Isotropic,100,2,1,0.008385460916440844,1.0,0.9680478566244606
88,Isotropic,100,2,2,0.007934261129526018,1.0,0.968048292703526
88,Isotropic,100,2,3,0.007538136779583347,1.0,0.9682198571762552
88,Isotropic,100,2,4,0.007686486393997072,1.0,0.967822713469206
88,Isotropic,100,2,5,0.00759815902201093,1.0,0.9682466572091574
88,Isotropic,100,2,6,0.008082346877514567,1.0,0.9673710300197438
88,Isotropic,100,2,7,0.007619100329914092,1.0,0.9680914441963158
88,Isotropic,100,2,8,0.008388276547968669,1.0,0.9677342952482152
88,Isotropic,100,2,9,0.007817900624776128,1.0,0.9685821800180486
88,Isotropic,100,4,0,0.007462360479681824,1.0,0.9681350521999056
88,Isotropic,100,4,1,0.007558415828564062,1.0,0.9679117579368018
88,Isotropic,100,4,2,0.00770211608369523,1.0,0.96778922831332
88,Isotropic,100,4,3,0.007641487585874857,1.0,0.9681986862242044
88,Isotropic,100,4,4,0.007617758175268786,1.0,0.9679135734769814
88,Isotropic,100,4,5,0.007883442598551869,1.0,0.9680313502184468
88,Isotropic,100,4,6,0.0075833321423462614,1.0,0.9679741177987126
88,Isotropic,100,4,7,0.007514202318223024,1.0,0.9680635812794992
88,Isotropic,100,4,8,0.007604083018964627,1.0,0.9680637716844656
88,Isotropic,100,4,9,0.008096907600683382,1.0,0.967580613796346
88,Isotropic,100,8,0,0.007702064026393615,1.0,0.967843977591349
88,Isotropic,100,8,1,0.007733356883095176,1.0,0.967613753581633
88,Isotropic,100,8,2,0.007734295724029124,1.0,0.9676745330151232
88,Isotropic,100,8,3,0.007531133873839551,1.0,0.968016223697389
88,Isotropic,100,8,4,0.007713065442882192,1.0,0.9678565516378076
88,Isotropic,100,8,5,0.007549063183873868,1.0,0.9679355687411048
88,Isotropic,100,8,6,0.007600399404941589,1.0,0.9679115926350592
88,Isotropic,100,8,7,0.007674070187692509,1.0,0.9679401840978143
88,Isotropic,100,8,8,0.007539280453694853,1.0,0.967916753033859
88,Isotropic,100,8,9,0.007598617588980379,1.0,0.967992295925599
88,Isotropic,100,inf,0,0.0075657571164217795,1.0,0.9679328352471877
89,ControlAware,10,2,0,0.02213324470917141,1.0,0.9709323340554196
89,ControlAware,10,2,1,0.02149252268108036,1.0,0.9662803643408088
89,ControlAware,10,2,2,0.029199293863990297,1.0,0.9708666582964552
89,ControlAware,10,2,3,0.016227592615366812,1.0,0.9704561340018892
89,ControlAware,10,2,4,0.013198467121159406,1.0,0.9701898258995796
89,ControlAware,10,2,5,0.030892593080039592,1.0,0.9619360078855116
89,ControlAware,10,2,6,0.021413734770844604,1.0,0.970943854749543
89,ControlAware,10,2,7,0.023765915532831746,1.0,0.9649923226547192
89,ControlAware,10,2,8,0.038184744769952456,1.0,0.9672304035645762
89,ControlAware,10,2,9,0.012029841275020917,1.0,0.9697231301320498
89,ControlAware,10,4,0,0.011806132214725408,1.0,0.9683198153062942
89,ControlAware,10,4,1,0.009338198870360788,1.0,0.970269132581346
89,ControlAware,10,4,2,0.017934591458798013,1.0,0.9702044203605678
89,ControlAware,10,4,3,0.011079905192005106,1.0,0.9689543185207964
89,ControlAware,10,4,4,0.017743925016802935,1.0,0.9658807590706534
89,ControlAware,10,4,5,0.012220514704939772,1.0,0.9665854959685884
89,ControlAware,10,4,6,0.011555639417543628,1.0,0.967903400662454
89,ControlAware,10,4,7,0.013398441354998632,1.0,0.9667227095086957
89,ControlAware,10,4,8,0.009458362815258697,1.0,0.9680933228986808
89,ControlAware,10,4,9,0.011286907738393715,1.0,0.9678580321214746
89,ControlAware,10,8,0,0.007489447104269973,1.0,0.9691808259995316
89,ControlAware,10,8,1,0.0076462177184477426,1.0,0.9682254579428926
89,ControlAware,10,8,2,0.012046661702765325,1.0,0.965995844354098
89,ControlAware,10,8,3,0.008274553677544082,1.0,0.9685902247859038
89,ControlAware,10,8,4,0.009250221010398739,1.0,0.9680444130273482
89,ControlAware,10,8,5,0.008279023762798614,1.0,0.9681635882354188
89,ControlAware,10,8,6,0.008219826774007424,1.0,0.9678333668813284
89,ControlAware,10,8,7,0.011162017128265322,1.0,0.9667493198770288
89,ControlAware,10,8,8,0.00806478131809265,1.0,0.968288981342298
89,ControlAware,10,8,9,0.009864214297248127,1.0,0.9701002198557244
89,ControlAware,10,inf,0,0.007916332109356543,1.0,0.968348465994756
89,ControlAware,30,2,0,0.011446135470411553,1.0,0.9687956237049168
89,ControlAware,30,2,1,0.009354982151950924,1.0,0.967992209117948
89,ControlAware,30,2,2,0.00952016202579432,1.0,0.9683384875398152
89,ControlAware,30,2,3,0.008688100325875246,1.0,0.9677921659563667
89,ControlAware,30,2,4,0.011276093844726783,1.0,0.9686291399725208
89,ControlAware,30,2,5,0.008335139385594268,1.0,0.9686993319998308
89,ControlAware,30,2,6,0.011829199933541831,1.0,0.9660489002866904
89,ControlAware,30,2,7,0.00955821391248772,1.0,0.9699707824239426
89,ControlAware,30,2,8,0.009466640496354048,1.0,0.969188015634286
89,ControlAware,30,2,9,0.013103457111575264,1.0,0.965738533063765
89,ControlAware,30,4,0,0.007779418719748512,1.0,0.9686541421970972
89,ControlAware,30,4,1,0.009147436921802227,1.0,0.96867149507979
89,ControlAware,30,4,2,0.008148200892573922,1.0,0.9683753340345116
89,ControlAware,30,4,3,0.007725541135347347,1.0,0.96884483753206
89,ControlAware,30,4,4,0.009862127293294071,1.0,0.9677308118094534
89,ControlAware,30,4,5,0.008808226801096051,1.0,0.9677117770677266
89,ControlAware,30,4,6,0.00791189255431175,1.0,0.9680707305797334
89,ControlAware,30,4,7,0.007697003086828548,1.0,0.9691402534167464
89,ControlAware,30,4,8,0.009217390007684276,1.0,0.9674761662873098
89,ControlAware,30,4,9,0.008165288536778028,1.0,0.9692031374737404
89,ControlAware,30,8,0,0.007511968232398073,1.0,0.9683680221798484
89,ControlAware,30,8,1,0.007705911568163149,1.0,0.9684939089947604
89,ControlAware,30,8,2,0.007709799612414204,1.0,0.968728174578779
89,ControlAware,30,8,3,0.0076424445989559785,1.0,0.968170019599187
89,ControlAware,30,8,4,0.007977107719815342,1.0,0.9687783442572904
89,ControlAware,30,8,5,0.00767895787809182,1.0,0.9681419809822462
89,ControlAware,30,8,6,0.00739265182631016,1.0,0.9684346786142036
89,ControlAware,30,8,7,0.008232279347983389,1.0,0.968110690244453
89,ControlAware,30,8,8,0.008105289556492819,1.0,0.9681182383723368
89,ControlAware,30,8,9,0.0076738492177517575,1.0,0.9686150677732084
89,ControlAware,30,inf,0,0.007573894676350384,1.0,0.96837640423275
89,ControlAware,100,2,0,0.007630269101762439,1.0,0.9684727366182864
89,ControlAware,100,2,1,0.008240599060045477,1.0,0.9683073123869422
89,ControlAware,100,2,2,0.007589034513154764,1.0,0.9685157061428568
89,ControlAware,100,2,3,0.007279329568575381,1.0,0.968618312240243
89,ControlAware,100,2,4,0.008687662613390124,1.0,0.9684876828075007
89,ControlAware,100,2,5,0.007470346064793333,1.0,0.9684813554169832
89,ControlAware,100,2,6,0.009080441457006067,1.0,0.9681266032599762
89,ControlAware,100,2,7,0.00861508328736972,1.0,0.9681960011400524
89,ControlAware,100,2,8,0.008298607009585133,1.0,0.9683021091758302
89,ControlAware,100,2,9,0.007225480427140015,1.0,0.9686354411819532
89,ControlAware,100,4,0,0.00756579983596907,1.0,0.9686746185967808
89,ControlAware,100,4,1,0.007766725626498565,1.0,0.9682987758564002
89,ControlAware,100,4,2,0.008130809038222522,1.0,0.9681375544403202
89,ControlAware,100,4,3,0.007628756662372492,1.0,0.9683054110489472
89,ControlAware,100,4,4,0.00805709423994647,1.0,0.9682659596593652
89,ControlAware,100,4,5,0.007709910993741438,1.0,0.9684889738401928
89,ControlAware,100,4,6,0.007625149689500302,1.0,0.9684424204327464
89,ControlAware,100,4,7,0.007866198914126259,1.0,0.9685960221481402
89,ControlAware,100,4,8,0.007383079642504041,1.0,0.9685835650230568
89,ControlAware,100,4,9,0.007542168196882105,1.0,0.968297584132288
89,ControlAware,100,8,0,0.007880184052937694,1.0,0.9682271814990462
89,ControlAware,100,8,1,0.007610232529783159,1.0,0.9682844661825752
89,ControlAware,100,8,2,0.007381987590412745,1.0,0.9685181134693704
89,ControlAware,100,8,3,0.00775941458615846,1.0,0.9683411974704976
89,ControlAware,100,8,4,0.007598480038419413,1.0,0.968361401965881
89,ControlAware,100,8,5,0.007611981033303507,1.0,0.9683114288731024
89,ControlAware,100,8,6,0.007726020855226788,1.0,0.968330264236366
89,ControlAware,100,8,7,0.007487136120302567,1.0,0.9684544641474871
89,ControlAware,100,8,8,0.00759838235362397,1.0,0.9683273045833256
89,ControlAware,100,8,9,0.007411595214653657,1.0,0.968481359593264
89,ControlAware,100,inf,0,0.007529526814421407,1.0,0.968383092635926
89,Isotropic,10,2,0,0.0270705196021106,1.0,0.9713323507379727
89,Isotropic,10,2,1,0.02380424466446646,1.0,0.9658143953821894
89,Isotropic,10,2,2,0.03415325540633715,1.0,0.9713069413591654
89,Isotropic,10,2,3,0.018628884664785243,1.0,0.9708166173171284
89,Isotropic,10,2,4,0.0124979366491066,1.0,0.9702262738044825
89,Isotropic,10,2,5,0.03497952128418629,1.0,0.9612967672356924
89,Isotropic,10,2,6,0.023248569514052436,1.0,0.9709162894551012
89,Isotropic,10,2,7,0.02619313994645452,1.0,0.9647256402514836
89,Isotropic,10,2,8,0.04381708630615338,1.0,0.9678133396021632
89,Isotropic,10,2,9,0.014411435167089951,1.0,0.9700191489515528
89,Isotropic,10,4,0,0.012229395827595508,1.0,0.9681556234266522
89,Isotropic,10,4,1,0.01042234857545375,1.0,0.9706660345931992
89,Isotropic,10,4,2,0.02092153952011601,1.0,0.9704960446082728
89,Isotropic,10,4,3,0.011889058049534083,1.0,0.9690555726060016
89,Isotropic,10,4,4,0.02067633631971231,1.0,0.9662539071629204
89,Isotropic,10,4,5,0.013382156934540498,1.0,0.965986444807812
89,Isotropic,10,4,6,0.012313836360620802,1.0,0.9678400710306516
89,Isotropic,10,4,7,0.015349223782922599,1.0,0.9665711750923254
89,Isotropic,10,4,8,0.010197265526747951,1.0,0.9678190920159924
89,Isotropic,10,4,9,0.01276772495880322,1.0,0.9678055085505796
89,Isotropic,10,8,0,0.007928947103478998,1.0,0.9693629067568724
89,Isotropic,10,8,1,0.007739181876700511,1.0,0.968298264747597
89,Isotropic,10,8,2,0.013291705065643976,1.0,0.9654146628693046
89,Isotropic,10,8,3,0.00861043606818937,1.0,0.9686536412977682
89,Isotropic,10,8,4,0.009789762807779672,1.0,0.9678481790273918
89,Isotropic,10,8,5,0.008670682992301502,1.0,0.9681276120374132
89,Isotropic,10,8,6,0.008789479277085694,1.0,0.9677718931864692
89,Isotropic,10,8,7,0.012599211716208803,1.0,0.966402302287358
89,Isotropic,10,8,8,0.008149647698847618,1.0,0.9682742661475288
89,Isotropic,10,8,9,0.010835915806986222,1.0,0.9704643734059138
89,Isotropic,10,inf,0,0.007916332109356543,1.0,0.968348465994756
89,Isotropic,30,2,0,0.012773672921138058,1.0,0.968897240162545
89,Isotropic,30,2,1,0.009965028911600029,1.0,0.9680146810845136
89,Isotropic,30,2,2,0.010361069897864785,1.0,0.968334847762255
89,Isotropic,30,2,3,0.009059555514354794,1.0,0.9676985577908008
89,Isotropic,30,2,4,0.012961782596796015,1.0,0.9686405459793054
89,Isotropic,30,2,5,0.00907641767373224,1.0,0.9687455423728571
89,Isotropic,30,2,6,0.013650348801718303,1.0,0.9653859830609228
89,Isotropic,30,2,7,0.01081007732614226,1.0,0.9703463235953104
89,Isotropic,30,2,8,0.010241746769231978,1.0,0.9693921154804062
89,Isotropic,30,2,9,0.014418252439006745,1.0,0.964850507677188
89,Isotropic,30,4,0,0.008186588717675651,1.0,0.9687129972581516
89,Isotropic,30,4,1,0.009601465360024021,1.0,0.9687361901380752
89,Isotropic,30,4,2,0.008414303341674737,1.0,0.9683293687900608
89,Isotropic,30,4,3,0.007780703222145933,1.0,0.9688915755652854
89,Isotropic,30,4,4,0.010474269212344236,1.0,0.967610412691118
89,Isotropic,30,4,5,0.009313883482679367,1.0,0.9676097675146902
89,Isotropic,30,4,6,0.008020705536420716,1.0,0.9680228876436288
89,Isotropic,30,4,7,0.007786983365984212,1.0,0.9692801840778612
89,Isotropic,30,4,8,0.009823680069197633,1.0,0.9672364096854544
89,Isotropic,30,4,9,0.008622711652234077,1.0,0.9694022834142608
89,Isotropic,30,8,0,0.007511380669488824,1.0,0.968352620242776
89,Isotropic,30,8,1,0.007750514658293666,1.0,0.9684937109177444
89,Isotropic,30,8,2,0.00779024453083851,1.0,0.968816159399804
89,Isotropic,30,8,3,0.007722198205974978,1.0,0.9681020398056964
89,Isotropic,30,8,4,0.008073053224750716,1.0,0.9688581628944036
89,Isotropic,30,8,5,0.007837167661605046,1.0,0.9680813966583393
89,Isotropic,30,8,6,0.007465338971221924,1.0,0.9684426220049204
89,Isotropic,30,8,7,0.008448022517145574,1.0,0.9680082300076598
89,Isotropic,30,8,8,0.008336742820443919,1.0,0.9680997388538356
89,Isotropic,30,8,9,0.007731971049932615,1.0,0.9686713109221832
89,Isotropic,30,inf,0,0.007573894676350384,1.0,0.96837640423275
89,Isotropic,100,2,0,0.007776628293573816,1.0,0.9684969157914696
89,Isotropic,100,2,1,0.008515597311820201,1.0,0.9682948398927106
89,Isotropic,100,2,2,0.007540811468695547,1.0,0.968550237910805
89,Isotropic,100,2,3,0.0072635063248770474,1.0,0.9686954024243074
89,Isotropic,100,2,4,0.009191145271361938,1.0,0.9684755326589592
89,Isotropic,100,2,5,0.0073895975055396235,1.0,0.9684628635051996
89,Isotropic,100,2,6,0.009493927689733735,1.0,0.96807511480231
89,Isotropic,100,2,7,0.008920858973537527,1.0,0.9681404118186604
89,Isotropic,100,2,8,0.008649418145464553,1.0,0.9682742938490592
89,Isotropic,100,2,9,0.0072569108580195635,1.0,0.9687230470011025
89,Isotropic,100,4,0,0.007585572513894035,1.0,0.9687203869440753
89,Isotropic,100,4,1,0.007794799919694484,1.0,0.968311625182822
89,Isotropic,100,4,2,0.00833118288469434,1.0,0.9680892648122886
89,Isotropic,100,4,3,0.007663828354005694,1.0,0.9682796895289308
89,Isotropic,100,4,4,0.008201551205670338,1.0,0.9682329092026594
89,Isotropic,100,4,5,0.007779177923471877,1.0,0.96851879898472
89,Isotropic,100,4,6,0.007695676851974245,1.0,0.9684555825278304
89,Isotropic,100,4,7,0.007998057021052836,1.0,0.968649908585554
89,Isotropic,100,4,8,0.007369396755130566,1.0,0.9686463194401508
89,Isotropic,100,4,9,0.007543419311081186,1.0,0.9682689583744154
89,Isotropic,100,8,0,0.007961162900810607,1.0,0.9681894467132168
89,Isotropic,100,8,1,0.007631110452462087,1.0,0.968258820775697
89,Isotropic,100,8,2,0.007338352881703121,1.0,0.968534602014492
89,Isotropic,100,8,3,0.00783701283093985,1.0,0.968316804455862
89,Isotropic,100,8,4,0.007627015186173579,1.0,0.9683594689876306
89,Isotropic,100,8,5,0.007626211533676983,1.0,0.9682918248766156
89,Isotropic,100,8,6,0.007773341571569684,1.0,0.9683203973087304
89,Isotropic,100,8,7,0.007486857467600898,1.0,0.968465918913282
89,Isotropic,100,8,8,0.007609536421820157,1.0,0.9683267317066268
89,Isotropic,100,8,9,0.007389384006371676,1.0,0.9685127250235288
89,Isotropic,100,inf,0,0.007529526814421407,1.0,0.968383092635926
90,ControlAware,10,2,0,0.025333197416101714,1.0,0.9708354683004168
90,ControlAware,10,2,1,0.014955450474492761,1.0,0.9708923181111802
90,ControlAware,10,2,2,0.01696617816874461,1.0,0.9701061741915707
90,ControlAware,10,2,3,0.007365297172228251,1.0,0.969415529875886
90,ControlAware,10,2,4,0.016717867475252533,1.0,0.9726109680519308
90,ControlAware,10,2,5,0.02564071076632706,1.0,0.9656303781269732
90,ControlAware,10,2,6,0.02245354631715141,1.0,0.9701414761629202
90,ControlAware,10,2,7,0.015125863063348037,1.0,0.967584348614818
90,ControlAware,10,2,8,0.024743206063164012,1.0,0.9649548853375008
90,ControlAware,10,2,9,0.02072668005011755,1.0,0.967745592244612
90,ControlAware,10,4,0,0.011823395736396328,1.0,0.9684045397221812
90,ControlAware,10,4,1,0.014900091347122542,1.0,0.9707948638741108
90,ControlAware,10,4,2,0.009233160634821005,1.0,0.9698935208344918
90,ControlAware,10,4,3,0.015717607554808017,1.0,0.9704880644921008
90,ControlAware,10,4,4,0.022644268329448262,1.0,0.9699105390890604
90,ControlAware,10,4,5,0.011870150999593019,1.0,0.9691137580789244
90,ControlAware,10,4,6,0.008668680646053778,1.0,0.967989305668286
90,ControlAware,10,4,7,0.013200519228998665,1.0,0.9712218892183304
90,ControlAware,10,4,8,0.0127925398713741,1.0,0.9695769367627688
90,ControlAware,10,4,9,0.013971789772418529,1.0,0.9641193822916672
90,ControlAware,10,8,0,0.010324490240247326,1.0,0.9671575911334896
90,ControlAware,10,8,1,0.00822009469830016,1.0,0.9687713894377368
90,ControlAware,10,8,2,0.011865561409946464,1.0,0.9676324929742496
90,ControlAware,10,8,3,0.007205361619849479,1.0,0.9689007503697812
90,ControlAware,10,8,4,0.008447463375260844,1.0,0.9687562622447364
90,ControlAware,10,8,5,0.008746397657110867,1.0,0.9687457892288632
90,ControlAware,10,8,6,0.010995675254672054,1.0,0.9687597654549636
90,ControlAware,10,8,7,0.0094347059888125,1.0,0.9694270109508052
90,ControlAware,10,8,8,0.008619268195267283,1.0,0.9696187824254776
90,ControlAware,10,8,9,0.009139597247161525,1.0,0.9679089526196102
90,ControlAware,10,inf,0,0.0075057646847520145,1.0,0.9688893267928052
90,ControlAware,30,2,0,0.014120488138427636,1.0,0.9702244564523692
90,ControlAware,30,2,1,0.007856849154381153,1.0,0.9689558740170936
90,ControlAware,30,2,2,0.01101703866757454,1.0,0.967509727788924
90,ControlAware,30,2,3,0.007514209656209089,1.0,0.9689079135873664
90,ControlAware,30,2,4,0.008629575583875532,1.0,0.9692008130136092
90,ControlAware,30,2,5,0.009617895091645585,1.0,0.9694885003239382
90,ControlAware,30,2,6,0.011057467831478074,1.0,0.967670581847974
90,ControlAware,30,2,7,0.008678444563598245,1.0,0.9680132925165628
90,ControlAware,30,2,8,0.009156943954471343,1.0,0.9688341904874146
90,ControlAware,30,2,9,0.012016373120458128,1.0,0.9686650751187256
90,ControlAware,30,4,0,0.00794458266946714,1.0,0.9688891270172812
90,ControlAware,30,4,1,0.008845260229450504,1.0,0.9680255359074404
90,ControlAware,30,4,2,0.007469409227429307,1.0,0.9690662212237394
90,ControlAware,30,4,3,0.008072891687094193,1.0,0.9693807433681269
90,ControlAware,30,4,4,0.007914944081281055,1.0,0.9689688459507684
90,ControlAware,30,4,5,0.008863691534160887,1.0,0.9687641411941096
90,ControlAware,30,4,6,0.008707675532691419,1.0,0.9685282332139176
90,ControlAware,30,4,7,0.009371584248109379,1.0,0.9686117935628052
90,ControlAware,30,4,8,0.01022771698819234,1.0,0.967695537170152
90,ControlAware,30,4,9,0.01141601316821326,1.0,0.9679747238945988
90,ControlAware,30,8,0,0.00914366448061151,1.0,0.9682275604999248
90,ControlAware,30,8,1,0.00844889558120468,1.0,0.9684554700400496
90,ControlAware,30,8,2,0.007937093788151727,1.0,0.968495054358068
90,ControlAware,30,8,3,0.00786588500724472,1.0,0.968597562662878
90,ControlAware,30,8,4,0.00804610319897989,1.0,0.9691567255074068
90,ControlAware,30,8,5,0.008491545061981656,1.0,0.9683219651580446
90,ControlAware,30,8,6,0.007884223153587177,1.0,0.9685851726954388
90,ControlAware,30,8,7,0.011032978959188039,1.0,0.9679296560835442
90,ControlAware,30,8,8,0.008520819851995669,1.0,0.9688141265342208
90,ControlAware,30,8,9,0.007646114110831468,1.0,0.9684991389091528
90,ControlAware,30,inf,0,0.007751545514901762,1.0,0.9687120297806748
90,ControlAware,100,2,0,0.007848746655128922,1.0,0.96829180138786
90,ControlAware,100,2,1,0.007492689501126769,1.0,0.9687103441141784
90,ControlAware,100,2,2,0.007943365909342866,1.0,0.9682068072236067
90,ControlAware,100,2,3,0.007580461319618559,1.0,0.96884948895137
90,ControlAware,100,2,4,0.00793950819944417,1.0,0.9684532311051524
90,ControlAware,100,2,5,0.0078116815194026,1.0,0.9688667719526224
90,ControlAware,100,2,6,0.008609647944891158,1.0,0.9683239628865724
90,ControlAware,100,2,7,0.008169621843227642,1.0,0.9684985987746412
90,ControlAware,100,2,8,0.007831761498891579,1.0,0.9690587125561794
90,ControlAware,100,2,9,0.007550245244109372,1.0,0.9689731409552268
90,ControlAware,100,4,0,0.007545678682212758,1.0,0.9689315784952504
90,ControlAware,100,4,1,0.007622934476635519,1.0,0.968343583491119
90,ControlAware,100,4,2,0.007580367840665088,1.0,0.96851617831081
90,ControlAware,100,4,3,0.008112989275305689,1.0,0.9683416362633562
90,ControlAware,100,4,4,0.00774940770986151,1.0,0.96861246568501
90,ControlAware,100,4,5,0.007371430226649051,1.0,0.9686807735444036
90,ControlAware,100,4,6,0.007668814950453401,1.0,0.9685485519003988
90,ControlAware,100,4,7,0.007929151677551545,1.0,0.968455564218974
90,ControlAware,100,4,8,0.0077896340304417725,1.0,0.9684839472049658
90,ControlAware,100,4,9,0.00787600762418956,1.0,0.9684117507218672
90,ControlAware,100,8,0,0.007728639666867539,1.0,0.9685616521002772
90,ControlAware,100,8,1,0.007976131382021143,1.0,0.9685397765502164
90,ControlAware,100,8,2,0.007483442551105568,1.0,0.9687102411347772
90,ControlAware,100,8,3,0.007820560343767284,1.0,0.9685170666543784
90,ControlAware,100,8,4,0.007627038509383817,1.0,0.9685501884485116
90,ControlAware,100,8,5,0.007669830611997839,1.0,0.9686802569963762
90,ControlAware,100,8,6,0.007549765886196964,1.0,0.9686760431362352
90,ControlAware,100,8,7,0.0077629850425999,1.0,0.9685336391842884
90,ControlAware,100,8,8,0.007563425417141144,1.0,0.9686140999692268
90,ControlAware,100,8,9,0.007670123787043507,1.0,0.968651849688562
90,ControlAware,100,inf,0,0.007672230936088067,1.0,0.968595221966434
90,Isotropic,10,2,0,0.027801198849993054,1.0,0.9711801052621682
90,Isotropic,10,2,1,0.01661095339388246,1.0,0.9711727793981756
90,Isotropic,10,2,2,0.01988267762027641,1.0,0.9702111468130332
90,Isotropic,10,2,3,0.0070755858284818314,1.0,0.9699080542969762
90,Isotropic,10,2,4,0.01774930750062592,1.0,0.972821830416893
90,Isotropic,10,2,5,0.029811131484567398,1.0,0.9645870371416349
90,Isotropic,10,2,6,0.026184983947848364,1.0,0.9703234144030652
90,Isotropic,10,2,7,0.017128244585510616,1.0,0.96714189419819
90,Isotropic,10,2,8,0.031051275083325672,1.0,0.9659733063939284
90,Isotropic,10,2,9,0.023464815751600372,1.0,0.967604152280799
90,Isotropic,10,4,0,0.014046966698844468,1.0,0.9682625335438936
90,Isotropic,10,4,1,0.017385896169961126,1.0,0.9711150863855774
90,Isotropic,10,4,2,0.010044616758138765,1.0,0.9701241738350984
90,Isotropic,10,4,3,0.01805340851947003,1.0,0.9708106809855666
90,Isotropic,10,4,4,0.025030057837628666,1.0,0.9701760298291324
90,Isotropic,10,4,5,0.012907676343557797,1.0,0.9690836304620364
90,Isotropic,10,4,6,0.008980221974180459,1.0,0.9677886067911984
90,Isotropic,10,4,7,0.01515572350509642,1.0,0.9716482150055644
90,Isotropic,10,4,8,0.014449142523958892,1.0,0.9697417138130908
90,Isotropic,10,4,9,0.01685188573057886,1.0,0.962144540739745
90,Isotropic,10,8,0,0.011287639432411975,1.0,0.9666002545653768
90,Isotropic,10,8,1,0.008451002426131138,1.0,0.9687232741175092
90,Isotropic,10,8,2,0.013385419469328072,1.0,0.967237122175028
90,Isotropic,10,8,3,0.007187282174344805,1.0,0.9689659604726732
90,Isotropic,10,8,4,0.008931100016873606,1.0,0.9686942339039792
90,Isotropic,10,8,5,0.009308962682605134,1.0,0.968631110758604
90,Isotropic,10,8,6,0.012052481115710252,1.0,0.9688249978255228
90,Isotropic,10,8,7,0.010152048603602186,1.0,0.9695778113369884
90,Isotropic,10,8,8,0.008912181684874306,1.0,0.969689878797556
90,Isotropic,10,8,9,0.00982478379457472,1.0,0.96759281300123
90,Isotropic,10,inf,0,0.0075057646847520145,1.0,0.9688893267928052
90,Isotropic,30,2,0,0.016452698760555606,1.0,0.9705605329608058
90,Isotropic,30,2,1,0.00800737662639981,1.0,0.9690070013068256
90,Isotropic,30,2,2,0.012038835197633706,1.0,0.9672061482389368
90,Isotropic,30,2,3,0.007535625064053126,1.0,0.9690232647803662
90,Isotropic,30,2,4,0.008902334371010633,1.0,0.9691873637895636
90,Isotropic,30,2,5,0.010666249262301659,1.0,0.9697335398904472
90,Isotropic,30,2,6,0.012324319381650234,1.0,0.9671246286929296
90,Isotropic,30,2,7,0.009106886055090763,1.0,0.9677141899616896
90,Isotropic,30,2,8,0.009654736100035526,1.0,0.9689116165203144
90,Isotropic,30,2,9,0.013261297328585714,1.0,0.968751462916207
90,Isotropic,30,4,0,0.00816854908434809,1.0,0.9688980562214188
90,Isotropic,30,4,1,0.009207260497878483,1.0,0.9678581127608644
90,Isotropic,30,4,2,0.007489543428935137,1.0,0.9691405203551872
90,Isotropic,30,4,3,0.008612781653467858,1.0,0.9695261926582572
90,Isotropic,30,4,4,0.00813271115349677,1.0,0.9690105506304216
90,Isotropic,30,4,5,0.009328876135055415,1.0,0.9687420032426676
90,Isotropic,30,4,6,0.00904776205517223,1.0,0.9684516602896982
90,Isotropic,30,4,7,0.009543493078110133,1.0,0.9686281527741536
90,Isotropic,30,4,8,0.010931849611064122,1.0,0.9674745742134456
90,Isotropic,30,4,9,0.012283600334862036,1.0,0.9676935931449808
90,Isotropic,30,8,0,0.00961270475674377,1.0,0.9681455875709244
90,Isotropic,30,8,1,0.008669644643838957,1.0,0.9684052883686228
90,Isotropic,30,8,2,0.007961714786146263,1.0,0.968483637716626
90,Isotropic,30,8,3,0.008040589994021888,1.0,0.9685322648535828
90,Isotropic,30,8,4,0.008172844894352957,1.0,0.9692334867124632
90,Isotropic,30,8,5,0.008725716658014127,1.0,0.968214910269397
90,Isotropic,30,8,6,0.007964820444059667,1.0,0.9685597926945554
90,Isotropic,30,8,7,0.012018151438939586,1.0,0.9677382975416928
90,Isotropic,30,8,8,0.008740283896483333,1.0,0.9688031099853066
90,Isotropic,30,8,9,0.007628810638063775,1.0,0.9684454028002822
90,Isotropic,30,inf,0,0.007751545514901762,1.0,0.9687120297806748
90,Isotropic,100,2,0,0.00801570441264224,1.0,0.9682078693610092
90,Isotropic,100,2,1,0.0075265883435824705,1.0,0.968739061929229
90,Isotropic,100,2,2,0.008127416869424597,1.0,0.96809507135446
90,Isotropic,100,2,3,0.007584555513314716,1.0,0.96893392123377
90,Isotropic,100,2,4,0.008002458672241667,1.0,0.9684392234628548
90,Isotropic,100,2,5,0.007809335535522385,1.0,0.968930678623766
90,Isotropic,100,2,6,0.008846545115125169,1.0,0.9682571583060812
90,Isotropic,100,2,7,0.00834361074335121,1.0,0.9684718917152734
90,Isotropic,100,2,8,0.00793101701707976,1.0,0.9691469606090124
90,Isotropic,100,2,9,0.007518115818856814,1.0,0.9691151976320797
90,Isotropic,100,4,0,0.007529435050276095,1.0,0.969025492534908
90,Isotropic,100,4,1,0.007675667581667916,1.0,0.9682817117366648
90,Isotropic,100,4,2,0.007559579232290713,1.0,0.9685120514169664
90,Isotropic,100,4,3,0.008160264465439606,1.0,0.9682708358320976
90,Isotropic,100,4,4,0.007708166495001477,1.0,0.968595120208725
90,Isotropic,100,4,5,0.007332660099672144,1.0,0.9686965110014978
90,Isotropic,100,4,6,0.0076630613035807565,1.0,0.9685130963559
90,Isotropic,100,4,7,0.008009713111681391,1.0,0.9684363659760444
90,Isotropic,100,4,8,0.007800241764187144,1.0,0.9684397439854298
90,Isotropic,100,4,9,0.00795860809500678,1.0,0.9683502509779012
90,Isotropic,100,8,0,0.007772016028568839,1.0,0.968544776253193
90,Isotropic,100,8,1,0.008023005607060648,1.0,0.9685233293686748
90,Isotropic,100,8,2,0.007443055702151206,1.0,0.9687385262257278
90,Isotropic,100,8,3,0.007851417787090826,1.0,0.9684913923532448
90,Isotropic,100,8,4,0.0076333787840849035,1.0,0.9685363515590728
90,Isotropic,100,8,5,0.0076752409887437725,1.0,0.9686826092423266
90,Isotropic,100,8,6,0.007527733070894675,1.0,0.968687220918986
90,Isotropic,100,8,7,0.00780744648742474,1.0,0.9685138451808788
90,Isotropic,100,8,8,0.007547602062216965,1.0,0.9686111444771062
90,Isotropic,100,8,9,0.007664133113430014,1.0,0.9686563454506782
90,Isotropic,100,inf,0,0.007672230936088099,1.0,0.968595221966434
91,ControlAware,10,2,0,0.009851695630625759,1.0,0.9688290786214732
91,ControlAware,10,2,1,0.022883607024007303,1.0,0.971125936626608
91,ControlAware,10,2,2,0.01711519244611434,1.0,0.9680624866644668
91,ControlAware,10,2,3,0.02002782938251688,1.0,0.9700412263718712
91,ControlAware,10,2,4,0.013308716553921377,1.0,0.9700651212659166
91,ControlAware,10,2,5,0.014760216796200386,1.0,0.9646686684685531
91,ControlAware,10,2,6,0.02157857034705771,1.0,0.9667532119707016
91,ControlAware,10,2,7,0.0198517997232077,1.0,0.971526461488549
91,ControlAware,10,2,8,0.026996981496047956,1.0,0.9696289436369896
91,ControlAware,10,2,9,0.009646396774707942,1.0,0.9675546204827742
91,ControlAware,10,4,0,0.015326387764130006,1.0,0.9698585789055244
91,ControlAware,10,4,1,0.01162981882637446,1.0,0.9674264476948212
91,ControlAware,10,4,2,0.00948195128808029,1.0,0.9691765918481876
91,ControlAware,10,4,3,0.013044801430485213,1.0,0.9674934472446136
91,ControlAware,10,4,4,0.008534512509471388,1.0,0.9675964838518506
91,ControlAware,10,4,5,0.009282467571991682,1.0,0.968743483555404
91,ControlAware,10,4,6,0.014220665325293634,1.0,0.9700165440263276
91,ControlAware,10,4,7,0.01424170232594987,1.0,0.9670094102378236
91,ControlAware,10,4,8,0.0132616107616019,1.0,0.967563170389269
91,ControlAware,10,4,9,0.018729196185111485,1.0,0.9648276024193592
91,ControlAware,10,8,0,0.008049340174839657,1.0,0.9687503912718404
91,ControlAware,10,8,1,0.008779848804986366,1.0,0.9667045676097464
91,ControlAware,10,8,2,0.009382786569263652,1.0,0.9685137857171784
91,ControlAware,10,8,3,0.011130434760751151,1.0,0.96843694752098
91,ControlAware,10,8,4,0.008048477688001284,1.0,0.9685552272953176
91,ControlAware,10,8,5,0.010688116736531545,1.0,0.9668037043358424
91,ControlAware,10,8,6,0.010082607396032,1.0,0.9694997657105776
91,ControlAware,10,8,7,0.012016664872430303,1.0,0.9673891863725964
91,ControlAware,10,8,8,0.009189569018961254,1.0,0.9663677793033072
91,ControlAware,10,8,9,0.00942489248903116,1.0,0.9697152049214688
91,ControlAware,10,inf,0,0.0073853253940180785,1.0,0.968142455209931
91,ControlAware,30,2,0,0.01125623895658904,1.0,0.967680695262163
91,ControlAware,30,2,1,0.011085090487170672,1.0,0.9670211149764184
91,ControlAware,30,2,2,0.010532698212228773,1.0,0.9681515928473572
91,ControlAware,30,2,3,0.010845263511267415,1.0,0.9676301738707068
91,ControlAware,30,2,4,0.009104805271400816,1.0,0.9682530126616512
91,ControlAware,30,2,5,0.013749816667575758,1.0,0.9666278356910676
91,ControlAware,30,2,6,0.008048851127171235,1.0,0.9687359470518778
91,ControlAware,30,2,7,0.008602476870812167,1.0,0.9686184682641504
91,ControlAware,30,2,8,0.01267585836528282,1.0,0.9697366647182302
91,ControlAware,30,2,9,0.007804501234509915,1.0,0.9687164398193754
91,ControlAware,30,4,0,0.008618900983418927,1.0,0.9690695246128984
91,ControlAware,30,4,1,0.008728149795742744,1.0,0.966683281211625
91,ControlAware,30,4,2,0.008449998349782457,1.0,0.9687376666089846
91,ControlAware,30,4,3,0.0074519633697871755,1.0,0.9675919560670418
91,ControlAware,30,4,4,0.008204759743408977,1.0,0.9678136698069072
91,ControlAware,30,4,5,0.00987843500954016,1.0,0.9673699784891554
91,ControlAware,30,4,6,0.008273473086711069,1.0,0.9687267637691306
91,ControlAware,30,4,7,0.007989506815032915,1.0,0.9671365681401032
91,ControlAware,30,4,8,0.007655387285820814,1.0,0.968108665520313
91,ControlAware,30,4,9,0.007488961125436877,1.0,0.9680299952864349
91,ControlAware,30,8,0,0.007334919925933136,1.0,0.967874823011588
91,ControlAware,30,8,1,0.0073931495628768796,1.0,0.9681074386569516
91,ControlAware,30,8,2,0.007348716109588517,1.0,0.9682350125040968
91,ControlAware,30,8,3,0.007440029497880586,1.0,0.967978121901529
91,ControlAware,30,8,4,0.007224799600774831,1.0,0.9680159551206492
91,ControlAware,30,8,5,0.007374603797461264,1.0,0.9678196998668056
91,ControlAware,30,8,6,0.00794871716037134,1.0,0.9678550386297424
91,ControlAware,30,8,7,0.007292039236863499,1.0,0.9682782501593344
91,ControlAware,30,8,8,0.008469789874734852,1.0,0.9676036811671224
91,ControlAware,30,8,9,0.007689922830441007,1.0,0.9685931496528069
91,ControlAware,30,inf,0,0.007265690704010926,1.0,0.9681373721390522
91,ControlAware,100,2,0,0.007719408252541243,1.0,0.9679021608124122
91,ControlAware,100,2,1,0.007800478662479085,1.0,0.968381695660706
91,ControlAware,100,2,2,0.00746654723286421,1.0,0.9678223497881951
91,ControlAware,100,2,3,0.0073887345719764125,1.0,0.9679660041896452
91,ControlAware,100,2,4,0.008114432617374857,1.0,0.968456166439362
91,ControlAware,100,2,5,0.007480050884873199,1.0,0.9676721413100868
91,ControlAware,100,2,6,0.007971863169341347,1.0,0.9674704696706268
91,ControlAware,100,2,7,0.007600343604927334,1.0,0.9683864324970574
91,ControlAware,100,2,8,0.007579585744263828,1.0,0.9682109175084518
91,ControlAware,100,2,9,0.007810137729875141,1.0,0.968130302527862
91,ControlAware,100,4,0,0.007399362798704925,1.0,0.9680294052316362
91,ControlAware,100,4,1,0.007260536241431286,1.0,0.9679514718030364
91,ControlAware,100,4,2,0.007211769477383286,1.0,0.9682116659458848
91,ControlAware,100,4,3,0.007442850296608184,1.0,0.9680554304804404
91,ControlAware,100,4,4,0.007707914271298483,1.0,0.9679762787507228
91,ControlAware,100,4,5,0.0073555259592365035,1.0,0.9680319234450232
91,ControlAware,100,4,6,0.00722284775337937,1.0,0.9681098232024764
91,ControlAware,100,4,7,0.007390892967456092,1.0,0.9680602352250566
91,ControlAware,100,4,8,0.007280020157447989,1.0,0.9680665837951848
91,ControlAware,100,4,9,0.007319404922976158,1.0,0.9679378452857926
91,ControlAware,100,8,0,0.007418927171624559,1.0,0.9681674087184274
91,ControlAware,100,8,1,0.007361135473452264,1.0,0.9682150113570592
91,ControlAware,100,8,2,0.007407252040942288,1.0,0.9679469994712186
91,ControlAware,100,8,3,0.007445539383139894,1.0,0.9680980456143498
91,ControlAware,100,8,4,0.00734710723367585,1.0,0.9679796358181816
91,ControlAware,100,8,5,0.0072821997350338875,1.0,0.9682269966295912
91,ControlAware,100,8,6,0.0073258081349813564,1.0,0.9680122297750464
91,ControlAware,100,8,7,0.007505154286191135,1.0,0.9680423581982304
91,ControlAware,100,8,8,0.0073622872673309555,1.0,0.9680799455707972
91,ControlAware,100,8,9,0.007443476013068151,1.0,0.968144472954276
91,ControlAware,100,inf,0,0.0073402273265896455,1.0,0.9680740182791736
91,Isotropic,10,2,0,0.010874859259047355,1.0,0.9689561830306064
91,Isotropic,10,2,1,0.023793300503814976,1.0,0.971579148876212
91,Isotropic,10,2,2,0.01855581524396381,1.0,0.9679558849821364
91,Isotropic,10,2,3,0.021040218805889032,1.0,0.9704652546787929
91,Isotropic,10,2,4,0.013983416487947462,1.0,0.970494670599901
91,Isotropic,10,2,5,0.017359196200261752,1.0,0.9635883949534512
91,Isotropic,10,2,6,0.026102366258406225,1.0,0.9673483738885452
91,Isotropic,10,2,7,0.02099464904888957,1.0,0.9715311359748068
91,Isotropic,10,2,8,0.029046039203812733,1.0,0.9699100946460024
91,Isotropic,10,2,9,0.009067770091969534,1.0,0.9671440682896328
91,Isotropic,10,4,0,0.017808518975457027,1.0,0.970154251576988
91,Isotropic,10,4,1,0.013000730093968906,1.0,0.9669459234687836
91,Isotropic,10,4,2,0.009735825769572264,1.0,0.9692562461022748
91,Isotropic,10,4,3,0.014354167976384042,1.0,0.967519644570926
91,Isotropic,10,4,4,0.008997078508765485,1.0,0.967543467646202
91,Isotropic,10,4,5,0.010192858714989582,1.0,0.9688919708120745
91,Isotropic,10,4,6,0.015528321628187899,1.0,0.9703778557993614
91,Isotropic,10,4,7,0.01635837985712873,1.0,0.9666962736453988
91,Isotropic,10,4,8,0.015176494410780315,1.0,0.967540958549274
91,Isotropic,10,4,9,0.023047083735596156,1.0,0.9635126771270492
91,Isotropic,10,8,0,0.008703524096500204,1.0,0.968981970350678
91,Isotropic,10,8,1,0.00960008750251757,1.0,0.9661865661266336
91,Isotropic,10,8,2,0.010053723380573977,1.0,0.9686018890192264
91,Isotropic,10,8,3,0.012646577885361202,1.0,0.9684533728563516
91,Isotropic,10,8,4,0.008145200997020461,1.0,0.9685590294013569
91,Isotropic,10,8,5,0.011861127069278256,1.0,0.9663962763047648
91,Isotropic,10,8,6,0.01098364685509335,1.0,0.9697941210531942
91,Isotropic,10,8,7,0.013414344455585607,1.0,0.9672997517509764
91,Isotropic,10,8,8,0.010199683300063385,1.0,0.9658323213742548
91,Isotropic,10,8,9,0.010169219156274018,1.0,0.9700260083543348
91,Isotropic,10,inf,0,0.0073853253940180785,1.0,0.968142455209931
91,Isotropic,30,2,0,0.012766917417739295,1.0,0.9676377007214162
91,Isotropic,30,2,1,0.012648118091536292,1.0,0.966690271781018
91,Isotropic,30,2,2,0.011381726457494901,1.0,0.9680958271080606
91,Isotropic,30,2,3,0.012443521138533257,1.0,0.9674206010614173
91,Isotropic,30,2,4,0.009943896274888113,1.0,0.9682377484268704
91,Isotropic,30,2,5,0.015872861485236978,1.0,0.9661635715227548
91,Isotropic,30,2,6,0.008420068376749107,1.0,0.968874755510268
91,Isotropic,30,2,7,0.008891466850744992,1.0,0.968728432280219
91,Isotropic,30,2,8,0.013744303282970249,1.0,0.969951045667654
91,Isotropic,30,2,9,0.007914788931226172,1.0,0.9688276766329176
91,Isotropic,30,4,0,0.008954941712018856,1.0,0.9692164018698524
91,Isotropic,30,4,1,0.009253654749302762,1.0,0.9663210440787044
91,Isotropic,30,4,2,0.009193862289213421,1.0,0.9689041624080768
91,Isotropic,30,4,3,0.007544689507639882,1.0,0.9675183188412554
91,Isotropic,30,4,4,0.008632003886223545,1.0,0.9677100903390008
91,Isotropic,30,4,5,0.010715704320552164,1.0,0.9673100135628792
91,Isotropic,30,4,6,0.00861611086978217,1.0,0.96888880483668
91,Isotropic,30,4,7,0.008284826345261447,1.0,0.9669202318226846
91,Isotropic,30,4,8,0.007793223999164831,1.0,0.9681484486917832
91,Isotropic,30,4,9,0.007680668028959739,1.0,0.9680691887038784
91,Isotropic,30,8,0,0.007445831238371894,1.0,0.9678084540435956
91,Isotropic,30,8,1,0.007421728553732337,1.0,0.9680625040648544
91,Isotropic,30,8,2,0.0073743827895384,1.0,0.9682418323241938
91,Isotropic,30,8,3,0.007498285650578844,1.0,0.9679323767498452
91,Isotropic,30,8,4,0.007249880792744722,1.0,0.9679868882157028
91,Isotropic,30,8,5,0.007427989263666556,1.0,0.9677629142492246
91,Isotropic,30,8,6,0.00825740502908662,1.0,0.9678336885801364
91,Isotropic,30,8,7,0.007347458932606532,1.0,0.968292135878258
91,Isotropic,30,8,8,0.009042774446261111,1.0,0.967460448040824
91,Isotropic,30,8,9,0.007836950753705258,1.0,0.9686982205824596
91,Isotropic,30,inf,0,0.007265690704010926,1.0,0.9681373721390522
91,Isotropic,100,2,0,0.007822427434881825,1.0,0.9679168416956206
91,Isotropic,100,2,1,0.007975393106806132,1.0,0.9684613687906246
91,Isotropic,100,2,2,0.007534744747969034,1.0,0.967775300096549
91,Isotropic,100,2,3,0.007528197363222837,1.0,0.9679520928757456
91,Isotropic,100,2,4,0.008383037593187074,1.0,0.9685342940169333
91,Isotropic,100,2,5,0.007610940180104234,1.0,0.96751790467612
91,Isotropic,100,2,6,0.008281298436289828,1.0,0.9673127797265908
91,Isotropic,100,2,7,0.007634581643929556,1.0,0.9684406117293476
91,Isotropic,100,2,8,0.0077075794275757075,1.0,0.968271322810665
91,Isotropic,100,2,9,0.008013627530653137,1.0,0.9681432569248918
91,Isotropic,100,4,0,0.007457328746913464,1.0,0.9680273385373293
91,Isotropic,100,4,1,0.007271755363799546,1.0,0.9679307008819228
91,Isotropic,100,4,2,0.007224447620441496,1.0,0.9682482522203124
91,Isotropic,100,4,3,0.007497073951719646,1.0,0.9680369244894128
91,Isotropic,100,4,4,0.007845246033024738,1.0,0.9679608414654276
91,Isotropic,100,4,5,0.0073470145918780455,1.0,0.9680044917683542
91,Isotropic,100,4,6,0.007238069708703858,1.0,0.9681308621892752
91,Isotropic,100,4,7,0.007395024254542132,1.0,0.968038582649427
91,Isotropic,100,4,8,0.007350310369090407,1.0,0.9680618489088282
91,Isotropic,100,4,9,0.0073269647837505125,1.0,0.967913381552652
91,Isotropic,100,8,0,0.0074212895535738016,1.0,0.9681729172874411
91,Isotropic,100,8,1,0.007350113869157741,1.0,0.9682411398503594
91,Isotropic,100,8,2,0.007413779521553115,1.0,0.9679189923349036
91,Isotropic,100,8,3,0.0074684488459451515,1.0,0.9680870645121836
91,Isotropic,100,8,4,0.007349175263453332,1.0,0.9679703773022116
91,Isotropic,100,8,5,0.007285208820056074,1.0,0.9682569726078352
91,Isotropic,100,8,6,0.007339391931490746,1.0,0.967994975387098
91,Isotropic,100,8,7,0.007563778047084412,1.0,0.9680303010067556
91,Isotropic,100,8,8,0.007385130606660499,1.0,0.9680742894612808
91,Isotropic,100,8,9,0.00746698133589148,1.0,0.968158969783283
91,Isotropic,100,inf,0,0.007340227326589637,1.0,0.9680740182791736
92,ControlAware,10,2,0,0.015162848789478921,1.0,0.9720277300312472
92,ControlAware,10,2,1,0.015881627768980302,1.0,0.9705964027763082
92,ControlAware,10,2,2,0.028439484773979236,1.0,0.9674325907568242
92,ControlAware,10,2,3,0.018038109218736328,1.0,0.969784787832284
92,ControlAware,10,2,4,0.016505598837690816,1.0,0.9698860601149046
92,ControlAware,10,2,5,0.021991069701558816,1.0,0.9705272692173096
92,ControlAware,10,2,6,0.03127459483567089,1.0,0.965857226413522
92,ControlAware,10,2,7,0.015282941461947249,1.0,0.967424106933922
92,ControlAware,10,2,8,0.012379583376046721,1.0,0.9675598988563292
92,ControlAware,10,2,9,0.017987712742272538,1.0,0.9721283976764978
92,ControlAware,10,4,0,0.01575067055647554,1.0,0.9688220820448304
92,ControlAware,10,4,1,0.008099167861869238,1.0,0.968663434677434
92,ControlAware,10,4,2,0.010002997712657877,1.0,0.970856124074864
92,ControlAware,10,4,3,0.011865991020343454,1.0,0.9672898004816164
92,ControlAware,10,4,4,0.0176067665029594,1.0,0.9711396742714972
92,ControlAware,10,4,5,0.013185169542218319,1.0,0.9667780438508295
92,ControlAware,10,4,6,0.012220532074954039,1.0,0.9705556135303496
92,ControlAware,10,4,7,0.01072157920481234,1.0,0.9680335992625156
92,ControlAware,10,4,8,0.010896199904635126,1.0,0.9663464043143396
92,ControlAware,10,4,9,0.013893470873541746,1.0,0.968559447053474
92,ControlAware,10,8,0,0.010031157970248573,1.0,0.9674625727628456
92,ControlAware,10,8,1,0.0120191351582038,1.0,0.96629891609366
92,ControlAware,10,8,2,0.009687173618289744,1.0,0.9696066975236822
92,ControlAware,10,8,3,0.011539444176286578,1.0,0.96970371223178
92,ControlAware,10,8,4,0.009784292123047085,1.0,0.9678995172604108
92,ControlAware,10,8,5,0.010468873075877292,1.0,0.9691885867787704
92,ControlAware,10,8,6,0.01104565619844669,1.0,0.9688185813351808
92,ControlAware,10,8,7,0.014727366713368722,1.0,0.9707541293293538
92,ControlAware,10,8,8,0.009687760363532099,1.0,0.9693680716918776
92,ControlAware,10,8,9,0.011203165602315683,1.0,0.9695817798772912
92,ControlAware,10,inf,0,0.007754762345941817,1.0,0.968814949973222
92,ControlAware,30,2,0,0.007661908270643535,1.0,0.9690751847759416
92,ControlAware,30,2,1,0.00817586418302115,1.0,0.9687143863956502
92,ControlAware,30,2,2,0.008196520347306231,1.0,0.9687441575388862
92,ControlAware,30,2,3,0.017436041193034532,1.0,0.966569804173272
92,ControlAware,30,2,4,0.011665658252280683,1.0,0.9686593875700468
92,ControlAware,30,2,5,0.010659079183809268,1.0,0.9703406331750014
92,ControlAware,30,2,6,0.01659259760359392,1.0,0.9707899496481914
92,ControlAware,30,2,7,0.011756026377074671,1.0,0.9668485647515086
92,ControlAware,30,2,8,0.014137776128607303,1.0,0.9706236441179348
92,ControlAware,30,2,9,0.013400154451822154,1.0,0.9673174319080736
92,ControlAware,30,4,0,0.0074762551591063785,1.0,0.9686620970272174
92,ControlAware,30,4,1,0.00906069796956435,1.0,0.968596144605142
92,ControlAware,30,4,2,0.008672078592881997,1.0,0.9677382279434914
92,ControlAware,30,4,3,0.008472437804799044,1.0,0.9683805585787773
92,ControlAware,30,4,4,0.008389710380722117,1.0,0.9683962009499304
92,ControlAware,30,4,5,0.00818419998130229,1.0,0.96890601910309
92,ControlAware,30,4,6,0.00868064067179108,1.0,0.969141620507972
92,ControlAware,30,4,7,0.007957822420953675,1.0,0.9684972722284072
92,ControlAware,30,4,8,0.007676293581885448,1.0,0.9694407044108528
92,ControlAware,30,4,9,0.007680919149052788,1.0,0.9689444898228368
92,ControlAware,30,8,0,0.0075834689411184205,1.0,0.9691188369805656
92,ControlAware,30,8,1,0.007843578079005414,1.0,0.9685967281189496
92,ControlAware,30,8,2,0.008288993431066594,1.0,0.9686073391776236
92,ControlAware,30,8,3,0.007878649005664153,1.0,0.9686268493518728
92,ControlAware,30,8,4,0.008186619891750907,1.0,0.9687476728332364
92,ControlAware,30,8,5,0.007447427749842698,1.0,0.9688320531914382
92,ControlAware,30,8,6,0.007860977627483667,1.0,0.9690500194055413
92,ControlAware,30,8,7,0.007774035971835649,1.0,0.9682768813149456
92,ControlAware,30,8,8,0.007884235194573283,1.0,0.9690241930192612
92,ControlAware,30,8,9,0.0077567498604804745,1.0,0.9684830057697972
92,ControlAware,30,inf,0,0.007479226794599087,1.0,0.9687311588157416
92,ControlAware,100,2,0,0.007891976045955023,1.0,0.9686561742292186
92,ControlAware,100,2,1,0.007778475042744671,1.0,0.969338602491183
92,ControlAware,100,2,2,0.007943759749643347,1.0,0.9686780192908964
92,ControlAware,100,2,3,0.008125976652568647,1.0,0.9685125689895258
92,ControlAware,100,2,4,0.008231026048586138,1.0,0.9680362470407567
92,ControlAware,100,2,5,0.008025409136379906,1.0,0.9686621105160008
92,ControlAware,100,2,6,0.007478146156671224,1.0,0.968748848221719
92,ControlAware,100,2,7,0.008613695334469084,1.0,0.967924607824043
92,ControlAware,100,2,8,0.008311207032566601,1.0,0.9686574458040992
92,ControlAware,100,2,9,0.007675175829036931,1.0,0.9690783532655451
92,ControlAware,100,4,0,0.00750158728369635,1.0,0.968713214315282
92,ControlAware,100,4,1,0.007688491693860699,1.0,0.9685925749667496
92,ControlAware,100,4,2,0.007594919440592539,1.0,0.9686540310799928
92,ControlAware,100,4,3,0.007802873797465175,1.0,0.9687347026789596
92,ControlAware,100,4,4,0.007468642311897594,1.0,0.9687889062988716
92,ControlAware,100,4,5,0.007640340792236922,1.0,0.9685212834800256
92,ControlAware,100,4,6,0.007839686136865004,1.0,0.968493071037324
92,ControlAware,100,4,7,0.007394788934285328,1.0,0.9689955176428142
92,ControlAware,100,4,8,0.0074337424699352315,1.0,0.9687882942769528
92,ControlAware,100,4,9,0.007714828776313526,1.0,0.9686133881823692
92,ControlAware,100,8,0,0.00753090684190808,1.0,0.9685834298759454
92,ControlAware,100,8,1,0.007469804298202099,1.0,0.968720052547478
92,ControlAware,100,8,2,0.007594683984882249,1.0,0.9686555436087944
92,ControlAware,100,8,3,0.0074318686318708155,1.0,0.9687214671131716
92,ControlAware,100,8,4,0.007557976175071158,1.0,0.9686379544887884
92,ControlAware,100,8,5,0.007489652919858005,1.0,0.9687884982562718
92,ControlAware,100,8,6,0.007538775845130454,1.0,0.9688097373289536
92,ControlAware,100,8,7,0.007429928242639096,1.0,0.9687767416452068
92,ControlAware,100,8,8,0.007407477129027386,1.0,0.968858780597774
92,ControlAware,100,8,9,0.007535338899092771,1.0,0.9687757859956784
92,ControlAware,100,inf,0,0.007491971024004065,1.0,0.9686994275644384
92,Isotropic,10,2,0,0.015796783287435164,1.0,0.972116743117582
92,Isotropic,10,2,1,0.019010031845252982,1.0,0.9709335231742386
92,Isotropic,10,2,2,0.03215306139170009,1.0,0.9671764427416578
92,Isotropic,10,2,3,0.02142363605576732,1.0,0.9699323385156748
92,Isotropic,10,2,4,0.017162268400726283,1.0,0.9700951274308536
92,Isotropic,10,2,5,0.022474239755277726,1.0,0.970367649751469
92,Isotropic,10,2,6,0.03546383366608796,1.0,0.9657737395999584
92,Isotropic,10,2,7,0.016753818112585094,1.0,0.9678062714331228
92,Isotropic,10,2,8,0.014712119833202478,1.0,0.968254398846308
92,Isotropic,10,2,9,0.019568453027698537,1.0,0.9722354914831642
92,Isotropic,10,4,0,0.01786416747969399,1.0,0.9687557682903574
92,Isotropic,10,4,1,0.007982805718700468,1.0,0.9686686347616223
92,Isotropic,10,4,2,0.010089384245553569,1.0,0.9707352824703978
92,Isotropic,10,4,3,0.013519574673190022,1.0,0.9667792040765504
92,Isotropic,10,4,4,0.020434154846686575,1.0,0.9714923410710632
92,Isotropic,10,4,5,0.015210841591964886,1.0,0.9662611948194926
92,Isotropic,10,4,6,0.014625176777463644,1.0,0.9709178536425702
92,Isotropic,10,4,7,0.011277211466995458,1.0,0.9679146953843218
92,Isotropic,10,4,8,0.012140310622010996,1.0,0.9656509528205668
92,Isotropic,10,4,9,0.015923031757503668,1.0,0.9682786937643058
92,Isotropic,10,8,0,0.011259291809240289,1.0,0.9669767309008018
92,Isotropic,10,8,1,0.013449768711933064,1.0,0.9653626504134284
92,Isotropic,10,8,2,0.010564634381922544,1.0,0.9698192388943896
92,Isotropic,10,8,3,0.013263760976935237,1.0,0.9697873354388702
92,Isotropic,10,8,4,0.011100958312948899,1.0,0.9676476648314823
92,Isotropic,10,8,5,0.011674626285495145,1.0,0.969360044360816
92,Isotropic,10,8,6,0.01174006629315727,1.0,0.9688550435917622
92,Isotropic,10,8,7,0.016720334819841625,1.0,0.9710967850863552
92,Isotropic,10,8,8,0.010821280388031757,1.0,0.9694501532624568
92,Isotropic,10,8,9,0.012047370582328186,1.0,0.9697348008590478
92,Isotropic,10,inf,0,0.007754762345941817,1.0,0.968814949973222
92,Isotropic,30,2,0,0.007822395050258953,1.0,0.9691519404385576
92,Isotropic,30,2,1,0.008270239348953826,1.0,0.9686669362843724
92,Isotropic,30,2,2,0.008487490747833252,1.0,0.96874939406725
92,Isotropic,30,2,3,0.021199434762295678,1.0,0.965712819147365
92,Isotropic,30,2,4,0.0132013740010264,1.0,0.9686978047282524
92,Isotropic,30,2,5,0.011987846112200554,1.0,0.97061739536017
92,Isotropic,30,2,6,0.019648697674363724,1.0,0.971183142224406
92,Isotropic,30,2,7,0.013087345035034701,1.0,0.9663244925057458
92,Isotropic,30,2,8,0.015992226658914574,1.0,0.9708881236126272
92,Isotropic,30,2,9,0.015249736108514345,1.0,0.9669918867243756
92,Isotropic,30,4,0,0.007438311972945265,1.0,0.9687005632770668
92,Isotropic,30,4,1,0.009461655776545421,1.0,0.968518596324366
92,Isotropic,30,4,2,0.009261189253921456,1.0,0.9675696263431806
92,Isotropic,30,4,3,0.00895038485464267,1.0,0.9682933804941096
92,Isotropic,30,4,4,0.008521687341641816,1.0,0.9683227877570516
92,Isotropic,30,4,5,0.00836137075145674,1.0,0.9689489102640748
92,Isotropic,30,4,6,0.009151736306243738,1.0,0.969224664970494
92,Isotropic,30,4,7,0.008153313229411336,1.0,0.9684255620250848
92,Isotropic,30,4,8,0.00787485625933543,1.0,0.9696366710191788
92,Isotropic,30,4,9,0.007804907971488028,1.0,0.9689653396276464
92,Isotropic,30,8,0,0.007696365175655642,1.0,0.9691434391046454
92,Isotropic,30,8,1,0.00787661984404278,1.0,0.968579513570923
92,Isotropic,30,8,2,0.008380685338326324,1.0,0.9685796379358256
92,Isotropic,30,8,3,0.00800483937372876,1.0,0.9686061228905788
92,Isotropic,30,8,4,0.008454251943738968,1.0,0.9687843675961572
92,Isotropic,30,8,5,0.007454214629670191,1.0,0.9688668820620836
92,Isotropic,30,8,6,0.007975171237623587,1.0,0.9690989020896564
92,Isotropic,30,8,7,0.00791707217428844,1.0,0.9681772684470036
92,Isotropic,30,8,8,0.008061675993737222,1.0,0.969089896439317
92,Isotropic,30,8,9,0.007928478449397047,1.0,0.9684747256567072
92,Isotropic,30,inf,0,0.007479226794599113,1.0,0.9687311588157416
92,Isotropic,100,2,0,0.008003974805081466,1.0,0.9685992972477036
92,Isotropic,100,2,1,0.008000238368764505,1.0,0.9694756986283948
92,Isotropic,100,2,2,0.008180685125705559,1.0,0.96866341515107
92,Isotropic,100,2,3,0.00837504074911091,1.0,0.9684543051740668
92,Isotropic,100,2,4,0.008541589710187128,1.0,0.9678888240278892
92,Isotropic,100,2,5,0.008239040563890165,1.0,0.96870166439303
92,Isotropic,100,2,6,0.007523256101267677,1.0,0.9687379875960408
92,Isotropic,100,2,7,0.009040676275042533,1.0,0.967765699952784
92,Isotropic,100,2,8,0.00848226786962593,1.0,0.9686104449593984
92,Isotropic,100,2,9,0.007778418535140218,1.0,0.9692118180420126
92,Isotropic,100,4,0,0.007499664826502872,1.0,0.9687219664884924
92,Isotropic,100,4,1,0.007738647654725755,1.0,0.9685625908353648
92,Isotropic,100,4,2,0.007635260477893577,1.0,0.9686509249675026
92,Isotropic,100,4,3,0.007853894967130457,1.0,0.968712147886966
92,Isotropic,100,4,4,0.007472415556343373,1.0,0.9688125905433655
92,Isotropic,100,4,5,0.007710333947561516,1.0,0.9684622696156372
92,Isotropic,100,4,6,0.007962614225480977,1.0,0.9684322961881124
92,Isotropic,100,4,7,0.007413559779804625,1.0,0.9690833621823304
92,Isotropic,100,4,8,0.0074086066228661995,1.0,0.9688368410804176
92,Isotropic,100,4,9,0.007761097480667564,1.0,0.9685763349552132
92,Isotropic,100,8,0,0.007567392553373455,1.0,0.9685626954289208
92,Isotropic,100,8,1,0.007470541879404302,1.0,0.968729210214436
92,Isotropic,100,8,2,0.007633595709040842,1.0,0.9686485220891092
92,Isotropic,100,8,3,0.00742316243750732,1.0,0.9687161893283228
92,Isotropic,100,8,4,0.007571448699700202,1.0,0.9686202848925384
92,Isotropic,100,8,5,0.007493253075581807,1.0,0.9688074544698176
92,Isotropic,100,8,6,0.0075363863435758864,1.0,0.9688399865264375
92,Isotropic,100,8,7,0.0074113282394189,1.0,0.9687906814333848
92,Isotropic,100,8,8,0.007402329261136948,1.0,0.9688963541875116
92,Isotropic,100,8,9,0.007562059267214185,1.0,0.9687923439614494
92,Isotropic,100,inf,0,0.007491971024004065,1.0,0.9686994275644384
93,ControlAware,10,2,0,0.011867461039395266,1.0,0.9706684659658282
93,ControlAware,10,2,1,0.016378736620017726,1.0,0.9693030112825778
93,ControlAware,10,2,2,0.018367529095138883,1.0,0.9685799913907284
93,ControlAware,10,2,3,0.020472883218961013,1.0,0.9727228891738244
93,ControlAware,10,2,4,0.019967725856628968,1.0,0.969596399015622
93,ControlAware,10,2,5,0.018923420994125962,1.0,0.9624981252536806
93,ControlAware,10,2,6,0.023690793233690815,1.0,0.9711559331656952
93,ControlAware,10,2,7,0.0201451828356247,1.0,0.9703842622764296
93,ControlAware,10,2,8,0.016957456633080164,1.0,0.9693439437365736
93,ControlAware,10,2,9,0.00828976053960396,1.0,0.9686411345613188
93,ControlAware,10,4,0,0.01488635660061813,1.0,0.9665653132489038
93,ControlAware,10,4,1,0.013836483764920065,1.0,0.9687275414497132
93,ControlAware,10,4,2,0.012625025615594837,1.0,0.9699112684201016
93,ControlAware,10,4,3,0.01188623872393134,1.0,0.9691347825012456
93,ControlAware,10,4,4,0.015935097446387277,1.0,0.9706968233239076
93,ControlAware,10,4,5,0.018730474901879634,1.0,0.9660541402673808
93,ControlAware,10,4,6,0.018802076271805312,1.0,0.9677836690403212
93,ControlAware,10,4,7,0.012096231650306185,1.0,0.9661342270462698
93,ControlAware,10,4,8,0.011119266313629465,1.0,0.9687877291650704
93,ControlAware,10,4,9,0.017500891856505187,1.0,0.9635863670916972
93,ControlAware,10,8,0,0.007903936489906699,1.0,0.9688989220832918
93,ControlAware,10,8,1,0.00977961259122501,1.0,0.967481606647772
93,ControlAware,10,8,2,0.013112273604229098,1.0,0.965347556019792
93,ControlAware,10,8,3,0.011558426303497862,1.0,0.9678146579761074
93,ControlAware,10,8,4,0.01063863352754913,1.0,0.9676106826709427
93,ControlAware,10,8,5,0.010443473150389503,1.0,0.9675007156894692
93,ControlAware,10,8,6,0.008592749580870404,1.0,0.96838942518103
93,ControlAware,10,8,7,0.009720399267647785,1.0,0.9690902931949172
93,ControlAware,10,8,8,0.009674304929117314,1.0,0.969671029977399
93,ControlAware,10,8,9,0.009533638987419497,1.0,0.9682460858336724
93,ControlAware,10,inf,0,0.00786024131842745,1.0,0.9685771305772076
93,ControlAware,30,2,0,0.009860954686639768,1.0,0.9685501773292456
93,ControlAware,30,2,1,0.012291470518518175,1.0,0.968991707712102
93,ControlAware,30,2,2,0.011029422711766927,1.0,0.9668658515159614
93,ControlAware,30,2,3,0.00832559840800314,1.0,0.9693740036949704
93,ControlAware,30,2,4,0.010220898147285083,1.0,0.969473845999593
93,ControlAware,30,2,5,0.011643216645311654,1.0,0.9670953398503562
93,ControlAware,30,2,6,0.01154851948228622,1.0,0.968043323998772
93,ControlAware,30,2,7,0.012861304476883596,1.0,0.9670519580280008
93,ControlAware,30,2,8,0.008837314614871116,1.0,0.969113744778474
93,ControlAware,30,2,9,0.00983208076280142,1.0,0.9678826388529506
93,ControlAware,30,4,0,0.008024199446509282,1.0,0.9689090744654094
93,ControlAware,30,4,1,0.008097663496467787,1.0,0.9690228664799914
93,ControlAware,30,4,2,0.009063701647756578,1.0,0.9688140053266934
93,ControlAware,30,4,3,0.007682874089616253,1.0,0.969086935856354
93,ControlAware,30,4,4,0.007756533894489633,1.0,0.9691406155292692
93,ControlAware,30,4,5,0.008599723687831306,1.0,0.9685494050755478
93,ControlAware,30,4,6,0.010193202030030213,1.0,0.9679894691338702
93,ControlAware,30,4,7,0.008534760399948828,1.0,0.9688845435645426
93,ControlAware,30,4,8,0.007653798008722988,1.0,0.9694807472026128
93,ControlAware,30,4,9,0.008459635746669077,1.0,0.9686431123500272
93,ControlAware,30,8,0,0.007957299496634969,1.0,0.9690129788310048
93,ControlAware,30,8,1,0.008787431852749099,1.0,0.9684328930196436
93,ControlAware,30,8,2,0.008082018346471853,1.0,0.9685347668541028
93,ControlAware,30,8,3,0.0078076357605906255,1.0,0.9691231063302712
93,ControlAware,30,8,4,0.00788148130924297,1.0,0.968529521421736
93,ControlAware,30,8,5,0.008098280950490004,1.0,0.9689323664734576
93,ControlAware,30,8,6,0.008203964829606615,1.0,0.968484568446861
93,ControlAware,30,8,7,0.008335784319036893,1.0,0.9687408060535436
93,ControlAware,30,8,8,0.008495541310238547,1.0,0.968385323545954
93,ControlAware,30,8,9,0.008228354877705141,1.0,0.9685873381693326
93,ControlAware,30,inf,0,0.007899504018847038,1.0,0.9686908506553672
93,ControlAware,100,2,0,0.008816341130677093,1.0,0.968229102503661
93,ControlAware,100,2,1,0.008431417566001317,1.0,0.9687240289510548
93,ControlAware,100,2,2,0.008001304057205172,1.0,0.9686745361796244
93,ControlAware,100,2,3,0.008302835409754657,1.0,0.9685840844139626
93,ControlAware,100,2,4,0.007929281811227026,1.0,0.9689980752193332
93,ControlAware,100,2,5,0.008351091006588108,1.0,0.9685005540474736
93,ControlAware,100,2,6,0.0077718311647459225,1.0,0.9687894159415243
93,ControlAware,100,2,7,0.008294737997887148,1.0,0.968750066866524
93,ControlAware,100,2,8,0.008447692957842054,1.0,0.9682584994946692
93,ControlAware,100,2,9,0.008303255510761146,1.0,0.9686090025984032
93,ControlAware,100,4,0,0.007963048629956369,1.0,0.968646773919548
93,ControlAware,100,4,1,0.008327414792769487,1.0,0.9684892129515624
93,ControlAware,100,4,2,0.0077143566101342195,1.0,0.9687894172472544
93,ControlAware,100,4,3,0.007796179801967329,1.0,0.969028909375234
93,ControlAware,100,4,4,0.0076979791858707266,1.0,0.9688344041958642
93,ControlAware,100,4,5,0.008115885821038784,1.0,0.968555805714748
93,ControlAware,100,4,6,0.0077785185157384,1.0,0.9687032151167368
93,ControlAware,100,4,7,0.007653389605616634,1.0,0.9687913413524306
93,ControlAware,100,4,8,0.008091134854815942,1.0,0.9684641181339916
93,ControlAware,100,4,9,0.008436391853181775,1.0,0.9682966520672954
93,ControlAware,100,8,0,0.007966816171625613,1.0,0.9685111155357452
93,ControlAware,100,8,1,0.007903551655123141,1.0,0.968662023050716
93,ControlAware,100,8,2,0.007825100698736707,1.0,0.968675617736138
93,ControlAware,100,8,3,0.007827320124172116,1.0,0.9687279403468064
93,ControlAware,100,8,4,0.007924988024379048,1.0,0.9685944853145432
93,ControlAware,100,8,5,0.0077624267636529284,1.0,0.9687889544174688
93,ControlAware,100,8,6,0.00804767910315942,1.0,0.9686046529436984
93,ControlAware,100,8,7,0.00793829031707255,1.0,0.968619180910852
93,ControlAware,100,8,8,0.0077910818847895125,1.0,0.9687228509577872
93,ControlAware,100,8,9,0.008000696623574083,1.0,0.9685385173582772
93,ControlAware,100,inf,0,0.007855706985820735,1.0,0.9687023998016048
93,Isotropic,10,2,0,0.012827395538336936,1.0,0.970500849434758
93,Isotropic,10,2,1,0.017485938056572132,1.0,0.969561006829166
93,Isotropic,10,2,2,0.01970576744833985,1.0,0.9684658009649044
93,Isotropic,10,2,3,0.02216903088519392,1.0,0.9730662736542532
93,Isotropic,10,2,4,0.022430882247108267,1.0,0.9697022204529998
93,Isotropic,10,2,5,0.022558894506179636,1.0,0.9623201339703904
93,Isotropic,10,2,6,0.027772563309364427,1.0,0.9710977808321356
93,Isotropic,10,2,7,0.023458039379607935,1.0,0.9708312713786847
93,Isotropic,10,2,8,0.01890482427725511,1.0,0.969394829305496
93,Isotropic,10,2,9,0.008469963349334643,1.0,0.9687193371662812
93,Isotropic,10,4,0,0.017530908200264567,1.0,0.9667132835711478
93,Isotropic,10,4,1,0.01581442561578098,1.0,0.9686795154175962
93,Isotropic,10,4,2,0.013814734079176308,1.0,0.970139121886856
93,Isotropic,10,4,3,0.01182800235606726,1.0,0.9691584101584134
93,Isotropic,10,4,4,0.01752561777295192,1.0,0.9710967263311028
93,Isotropic,10,4,5,0.02196248590327883,1.0,0.965397724700608
93,Isotropic,10,4,6,0.02176079705403223,1.0,0.9683684880219032
93,Isotropic,10,4,7,0.014054170333548418,1.0,0.9653050237326206
93,Isotropic,10,4,8,0.011520982637988335,1.0,0.96873432606161
93,Isotropic,10,4,9,0.020370194101485998,1.0,0.963392932817724
93,Isotropic,10,8,0,0.007906797230790137,1.0,0.969000615954966
93,Isotropic,10,8,1,0.010660713397406364,1.0,0.9670877361600771
93,Isotropic,10,8,2,0.014991423348224826,1.0,0.9644072299461594
93,Isotropic,10,8,3,0.012741785626171303,1.0,0.9677178802189592
93,Isotropic,10,8,4,0.011656741623097914,1.0,0.96734516890898
93,Isotropic,10,8,5,0.011344267015731536,1.0,0.967086271376604
93,Isotropic,10,8,6,0.009011711812237106,1.0,0.968293132226158
93,Isotropic,10,8,7,0.01101479662865162,1.0,0.969179190666822
93,Isotropic,10,8,8,0.010543808709866672,1.0,0.9699011855907842
93,Isotropic,10,8,9,0.010001901410729874,1.0,0.9681532356409284
93,Isotropic,10,inf,0,0.00786024131842745,1.0,0.9685771305772076
93,Isotropic,30,2,0,0.010431028641155722,1.0,0.9685911038191
93,Isotropic,30,2,1,0.013578075373948837,1.0,0.969079383870722
93,Isotropic,30,2,2,0.012151972926301676,1.0,0.9663784191855488
93,Isotropic,30,2,3,0.008533585145430633,1.0,0.969550695449991
93,Isotropic,30,2,4,0.01118596496520404,1.0,0.9697311202328304
93,Isotropic,30,2,5,0.012791570304217154,1.0,0.9668175132681353
93,Isotropic,30,2,6,0.012997748003625789,1.0,0.967979614295894
93,Isotropic,30,2,7,0.014623685648146015,1.0,0.966659540232628
93,Isotropic,30,2,8,0.00927458236155268,1.0,0.9692629456250198
93,Isotropic,30,2,9,0.010115348404354888,1.0,0.967627004305981
93,Isotropic,30,4,0,0.00821666705211012,1.0,0.9689583768187436
93,Isotropic,30,4,1,0.008172925717505185,1.0,0.969177077477358
93,Isotropic,30,4,2,0.009447237105140754,1.0,0.9689172615844848
93,Isotropic,30,4,3,0.0076764377079102,1.0,0.969188058149728
93,Isotropic,30,4,4,0.007796028781569075,1.0,0.9692322730949614
93,Isotropic,30,4,5,0.009060667491514051,1.0,0.9685481341174662
93,Isotropic,30,4,6,0.010863996728398878,1.0,0.967793811766818
93,Isotropic,30,4,7,0.008886538475311343,1.0,0.9689007198805102
93,Isotropic,30,4,8,0.007756562057583952,1.0,0.9697234428827798
93,Isotropic,30,4,9,0.008625878115057347,1.0,0.9686191089152616
93,Isotropic,30,8,0,0.008084283536560367,1.0,0.9690814089213926
93,Isotropic,30,8,1,0.009117629465555522,1.0,0.9684455540937512
93,Isotropic,30,8,2,0.008196942651590136,1.0,0.9685107954489592
93,Isotropic,30,8,3,0.007786595132752003,1.0,0.9692372034233634
93,Isotropic,30,8,4,0.007932389476899988,1.0,0.9684481704677904
93,Isotropic,30,8,5,0.008231972565210839,1.0,0.9689388150887884
93,Isotropic,30,8,6,0.00828018670006569,1.0,0.9683745912677392
93,Isotropic,30,8,7,0.008512429975244783,1.0,0.9687757546977624
93,Isotropic,30,8,8,0.00855952229714806,1.0,0.9683271912085408
93,Isotropic,30,8,9,0.008330063474923318,1.0,0.9685966312642376
93,Isotropic,30,inf,0,0.007899504018847038,1.0,0.9686908506553672
93,Isotropic,100,2,0,0.009228424093109817,1.0,0.9681381639626758
93,Isotropic,100,2,1,0.00862679128805048,1.0,0.9687343163357862
93,Isotropic,100,2,2,0.008004247348000907,1.0,0.9686646172270648
93,Isotropic,100,2,3,0.008344026267803539,1.0,0.9685050762101516
93,Isotropic,100,2,4,0.008078414530593984,1.0,0.9690557193792912
93,Isotropic,100,2,5,0.008527094991122362,1.0,0.9684538357805852
93,Isotropic,100,2,6,0.007707864161701793,1.0,0.9688091426711608
93,Isotropic,100,2,7,0.008489568279739262,1.0,0.9687225421821828
93,Isotropic,100,2,8,0.008603412596104736,1.0,0.9681534316190984
93,Isotropic,100,2,9,0.008407577220397285,1.0,0.9685729218482124
93,Isotropic,100,4,0,0.008014321267990203,1.0,0.9686014523320128
93,Isotropic,100,4,1,0.008433526885647084,1.0,0.9684246736433868
93,Isotropic,100,4,2,0.007693286664573865,1.0,0.9688256984996112
93,Isotropic,100,4,3,0.007851040773676538,1.0,0.9691134060772406
93,Isotropic,100,4,4,0.007643355990616823,1.0,0.9688518298271326
93,Isotropic,100,4,5,0.008220207974144331,1.0,0.9685469639497444
93,Isotropic,100,4,6,0.007754961158183406,1.0,0.9686954520679354
93,Isotropic,100,4,7,0.007643244853305675,1.0,0.9688143553153188
93,Isotropic,100,4,8,0.00813098459134041,1.0,0.9684227958710606
93,Isotropic,100,4,9,0.00861735798345988,1.0,0.9681986793368929
93,Isotropic,100,8,0,0.00801383735825768,1.0,0.968457182340769
93,Isotropic,100,8,1,0.007899566212165095,1.0,0.9686678484861996
93,Isotropic,100,8,2,0.0078129115455144,1.0,0.9686856446096048
93,Isotropic,100,8,3,0.007824764272976523,1.0,0.9687373765291366
93,Isotropic,100,8,4,0.007934881970448797,1.0,0.9685722634439148
93,Isotropic,100,8,5,0.0077526336373598265,1.0,0.9688083819388996
93,Isotropic,100,8,6,0.008104002449298773,1.0,0.9685725735731956
93,Isotropic,100,8,7,0.00797329310834136,1.0,0.9686089148452822
93,Isotropic,100,8,8,0.007770721001420576,1.0,0.9687172297750632
93,Isotropic,100,8,9,0.008039400147100013,1.0,0.9684849288466904
93,Isotropic,100,inf,0,0.007855706985820735,1.0,0.9687023998016048
94,ControlAware,10,2,0,0.009781426282690507,1.0,0.96959853678818
94,ControlAware,10,2,1,0.027004093523587826,1.0,0.9659169559329503
94,ControlAware,10,2,2,0.010486335401779134,1.0,0.9703410214173924
94,ControlAware,10,2,3,0.026635337816150722,1.0,0.9731204763928036
94,ControlAware,10,2,4,0.021347009923327047,1.0,0.9659960987927074
94,ControlAware,10,2,5,0.014878285106748927,1.0,0.9716302807940448
94,ControlAware,10,2,6,0.01806384113849684,1.0,0.966681188890494
94,ControlAware,10,2,7,0.02651698874428749,1.0,0.9662642235560708
94,ControlAware,10,2,8,0.015004907003257144,1.0,0.9687532430296742
94,ControlAware,10,2,9,0.02504202327329363,1.0,0.968085084308314
94,ControlAware,10,4,0,0.010945451406270434,1.0,0.9689837103573632
94,ControlAware,10,4,1,0.01102551639827049,1.0,0.9706495007462876
94,ControlAware,10,4,2,0.011402651388689287,1.0,0.968521531373036
94,ControlAware,10,4,3,0.015081205021814202,1.0,0.9662483524400932
94,ControlAware,10,4,4,0.011036083394887385,1.0,0.9686421972050356
94,ControlAware,10,4,5,0.013119716460019294,1.0,0.9668348464942366
94,ControlAware,10,4,6,0.016459850321956092,1.0,0.970818749481198
94,ControlAware,10,4,7,0.011618093208262932,1.0,0.9699890021896268
94,ControlAware,10,4,8,0.02326078456951946,1.0,0.9659385523820262
94,ControlAware,10,4,9,0.008291769437882067,1.0,0.9693832589408584
94,ControlAware,10,8,0,0.012908745493279366,1.0,0.969796552161373
94,ControlAware,10,8,1,0.008116822514870009,1.0,0.9696839711361254
94,ControlAware,10,8,2,0.007236399458069244,1.0,0.9692224202891132
94,ControlAware,10,8,3,0.011478152125784482,1.0,0.9696082815118604
94,ControlAware,10,8,4,0.013405961365343876,1.0,0.9696866046229792
94,ControlAware,10,8,5,0.00802449411124148,1.0,0.9686954052649716
94,ControlAware,10,8,6,0.008530538251597001,1.0,0.969318897679398
94,ControlAware,10,8,7,0.01159350827459859,1.0,0.9691687292104888
94,ControlAware,10,8,8,0.017656003384724093,1.0,0.9689014889643578
94,ControlAware,10,8,9,0.009166360554682205,1.0,0.9700473993716676
94,ControlAware,10,inf,0,0.007654182465607833,1.0,0.9690871989439102
94,ControlAware,30,2,0,0.012137637005474338,1.0,0.9661946802932994
94,ControlAware,30,2,1,0.00969282522860044,1.0,0.968604888810304
94,ControlAware,30,2,2,0.00990841798065396,1.0,0.9680780465637454
94,ControlAware,30,2,3,0.011529791344490264,1.0,0.9669280887514992
94,ControlAware,30,2,4,0.008387195385922322,1.0,0.9699219727450964
94,ControlAware,30,2,5,0.013365750394407162,1.0,0.9675309617808732
94,ControlAware,30,2,6,0.00973512515906365,1.0,0.9689488256959654
94,ControlAware,30,2,7,0.007865256989750723,1.0,0.9686909249929744
94,ControlAware,30,2,8,0.009218255129258779,1.0,0.9684172237135776
94,ControlAware,30,2,9,0.01027272780010711,1.0,0.9699230853219069
94,ControlAware,30,4,0,0.007342688253391885,1.0,0.9691279216567572
94,ControlAware,30,4,1,0.008417223359131578,1.0,0.968738864779505
94,ControlAware,30,4,2,0.007780295323772257,1.0,0.9692899920581078
94,ControlAware,30,4,3,0.008451883633073337,1.0,0.9688920005155306
94,ControlAware,30,4,4,0.00851430071818544,1.0,0.9696606579403566
94,ControlAware,30,4,5,0.010270465225222155,1.0,0.9682242658878376
94,ControlAware,30,4,6,0.007647287473277669,1.0,0.969214149074308
94,ControlAware,30,4,7,0.008472182385896991,1.0,0.9689982091468036
94,ControlAware,30,4,8,0.008972377067153649,1.0,0.9680486769095236
94,ControlAware,30,4,9,0.010465939596346454,1.0,0.9682145011753894
94,ControlAware,30,8,0,0.007490355766582685,1.0,0.9687120172620411
94,ControlAware,30,8,1,0.0075383419932641745,1.0,0.9689400150299738
94,ControlAware,30,8,2,0.007459781099885085,1.0,0.9690707672023255
94,ControlAware,30,8,3,0.008068664443037978,1.0,0.9687245389516056
94,ControlAware,30,8,4,0.00824104930294081,1.0,0.9686535305479776
94,ControlAware,30,8,5,0.008274387232851375,1.0,0.9685330824353984
94,ControlAware,30,8,6,0.007368878650159978,1.0,0.9688851486422054
94,ControlAware,30,8,7,0.007821935037667411,1.0,0.9686224085993668
94,ControlAware,30,8,8,0.007234015191145022,1.0,0.96894159848719
94,ControlAware,30,8,9,0.008003047305468036,1.0,0.9689602297244456
94,ControlAware,30,inf,0,0.007790147398970103,1.0,0.968831530104246
94,ControlAware,100,2,0,0.007912810663414602,1.0,0.9689232361028216
94,ControlAware,100,2,1,0.007495925085949165,1.0,0.9688131763236828
94,ControlAware,100,2,2,0.008217559424847604,1.0,0.9684814501834872
94,ControlAware,100,2,3,0.0073626016201074245,1.0,0.9686879297607178
94,ControlAware,100,2,4,0.008291133892241804,1.0,0.9683961078306904
94,ControlAware,100,2,5,0.008861429245332151,1.0,0.9686055792583788
94,ControlAware,100,2,6,0.008496617979443325,1.0,0.9687161031948592
94,ControlAware,100,2,7,0.007696249222792679,1.0,0.9689764554341624
94,ControlAware,100,2,8,0.008021877417611368,1.0,0.9685445127865744
94,ControlAware,100,2,9,0.0075265958732138975,1.0,0.9689803338375091
94,ControlAware,100,4,0,0.007919031342115398,1.0,0.9688674071165102
94,ControlAware,100,4,1,0.0076998497451780555,1.0,0.9687816544195196
94,ControlAware,100,4,2,0.007754191632431596,1.0,0.9688362145202408
94,ControlAware,100,4,3,0.008030324556646547,1.0,0.9690506588859183
94,ControlAware,100,4,4,0.008603743461600267,1.0,0.9685952665128692
94,ControlAware,100,4,5,0.007791899481080719,1.0,0.9690619568762748
94,ControlAware,100,4,6,0.008059271264296472,1.0,0.9685947313985476
94,ControlAware,100,4,7,0.00755933113482081,1.0,0.96878320817077
94,ControlAware,100,4,8,0.008362732869996019,1.0,0.9686526484602492
94,ControlAware,100,4,9,0.00828584134831618,1.0,0.9686991840446898
94,ControlAware,100,8,0,0.00779699449505877,1.0,0.9689287066324728
94,ControlAware,100,8,1,0.007778105354942058,1.0,0.96885828142799
94,ControlAware,100,8,2,0.007628956245692618,1.0,0.9687764617369
94,ControlAware,100,8,3,0.007852346227587674,1.0,0.9687524025342876
94,ControlAware,100,8,4,0.008191992534069705,1.0,0.9686578843038602
94,ControlAware,100,8,5,0.00782512500739613,1.0,0.9687820716268116
94,ControlAware,100,8,6,0.007808894395662446,1.0,0.9688070207238504
94,ControlAware,100,8,7,0.007856379411382118,1.0,0.968786789243754
94,ControlAware,100,8,8,0.007779046912236786,1.0,0.9686842520041176
94,ControlAware,100,8,9,0.007647679258702446,1.0,0.9687365172340584
94,ControlAware,100,inf,0,0.007759218470277945,1.0,0.9688068657371854
94,Isotropic,10,2,0,0.010794556611730087,1.0,0.9696974745264458
94,Isotropic,10,2,1,0.028356041110442095,1.0,0.9657037336170052
94,Isotropic,10,2,2,0.010947660166464842,1.0,0.9704761234193956
94,Isotropic,10,2,3,0.029702638209127417,1.0,0.9732410922270543
94,Isotropic,10,2,4,0.022727919327805508,1.0,0.966437652271576
94,Isotropic,10,2,5,0.015533398947464276,1.0,0.9715964397729946
94,Isotropic,10,2,6,0.02176310435527479,1.0,0.965858075874268
94,Isotropic,10,2,7,0.03174253010308482,1.0,0.9667405184332308
94,Isotropic,10,2,8,0.01669132584179678,1.0,0.9687029012816224
94,Isotropic,10,2,9,0.02685576846250373,1.0,0.9677686767114156
94,Isotropic,10,4,0,0.012146649459728275,1.0,0.9687811203054773
94,Isotropic,10,4,1,0.011707077042415179,1.0,0.97089979426927
94,Isotropic,10,4,2,0.012617268300493839,1.0,0.9684025443207344
94,Isotropic,10,4,3,0.017822650168162212,1.0,0.965558022184429
94,Isotropic,10,4,4,0.012330918305167707,1.0,0.9685690147923072
94,Isotropic,10,4,5,0.01505722780196646,1.0,0.9661569831645636
94,Isotropic,10,4,6,0.019031684899748248,1.0,0.9711689021433662
94,Isotropic,10,4,7,0.01337947500789703,1.0,0.9701036225791048
94,Isotropic,10,4,8,0.027115032955456635,1.0,0.9648075426090208
94,Isotropic,10,4,9,0.008773102741459496,1.0,0.9695410458417072
94,Isotropic,10,8,0,0.015029998149863642,1.0,0.9699737937043684
94,Isotropic,10,8,1,0.008300182995095351,1.0,0.9697932648791512
94,Isotropic,10,8,2,0.007289703750589548,1.0,0.9692790115635598
94,Isotropic,10,8,3,0.012157146697163146,1.0,0.969593326563635
94,Isotropic,10,8,4,0.015164116099905856,1.0,0.969784296892426
94,Isotropic,10,8,5,0.0084820619558769,1.0,0.968674240147264
94,Isotropic,10,8,6,0.008725807667811307,1.0,0.969390779345161
94,Isotropic,10,8,7,0.012774490867654002,1.0,0.9693361281754654
94,Isotropic,10,8,8,0.020421916723896604,1.0,0.9687852415002404
94,Isotropic,10,8,9,0.00964953314969213,1.0,0.9702041383081488
94,Isotropic,10,inf,0,0.007654182465607833,1.0,0.9690871989439102
94,Isotropic,30,2,0,0.013612273442487673,1.0,0.9653907200519968
94,Isotropic,30,2,1,0.010213639604056605,1.0,0.968613553846362
94,Isotropic,30,2,2,0.010247754790824347,1.0,0.9678970034137367
94,Isotropic,30,2,3,0.012547427160409859,1.0,0.9663066675594546
94,Isotropic,30,2,4,0.009182055180779847,1.0,0.9701535032962753
94,Isotropic,30,2,5,0.015247177496115958,1.0,0.9671267055237294
94,Isotropic,30,2,6,0.010276139805287708,1.0,0.9688919429361466
94,Isotropic,30,2,7,0.007893582334113795,1.0,0.9685129811151026
94,Isotropic,30,2,8,0.009725173810048346,1.0,0.9683157035125832
94,Isotropic,30,2,9,0.011209867270244955,1.0,0.9702077211774294
94,Isotropic,30,4,0,0.0074005516900591305,1.0,0.96914470176085
94,Isotropic,30,4,1,0.008493035355702665,1.0,0.9686897336991216
94,Isotropic,30,4,2,0.007846960730319026,1.0,0.9693501061394798
94,Isotropic,30,4,3,0.008598709480380735,1.0,0.9689042637096096
94,Isotropic,30,4,4,0.008894954691574131,1.0,0.9698349812913356
94,Isotropic,30,4,5,0.010746083701465218,1.0,0.9681118255435288
94,Isotropic,30,4,6,0.0076212537034752986,1.0,0.9692633944939276
94,Isotropic,30,4,7,0.008548091569345773,1.0,0.9689748234035872
94,Isotropic,30,4,8,0.009541510776240233,1.0,0.967869428022264
94,Isotropic,30,4,9,0.01117767835404751,1.0,0.968088386279951
94,Isotropic,30,8,0,0.007501861667247683,1.0,0.9686856686562618
94,Isotropic,30,8,1,0.007419257795703398,1.0,0.9689479085874682
94,Isotropic,30,8,2,0.007410832928266799,1.0,0.9691375292515816
94,Isotropic,30,8,3,0.008148743037822936,1.0,0.9686911171339708
94,Isotropic,30,8,4,0.00844410505237666,1.0,0.9685994815288038
94,Isotropic,30,8,5,0.00837701999425295,1.0,0.9684928181897398
94,Isotropic,30,8,6,0.0073706372470399685,1.0,0.9689286824953568
94,Isotropic,30,8,7,0.00785972835196014,1.0,0.9685646433160352
94,Isotropic,30,8,8,0.007249913567697433,1.0,0.9689988273172768
94,Isotropic,30,8,9,0.00803876162477506,1.0,0.9689643513700028
94,Isotropic,30,inf,0,0.007790147398970103,1.0,0.968831530104246
94,Isotropic,100,2,0,0.008047572325037044,1.0,0.968938143934042
94,Isotropic,100,2,1,0.00750061604296717,1.0,0.9688301730641388
94,Isotropic,100,2,2,0.008349733458199303,1.0,0.9684160581515764
94,Isotropic,100,2,3,0.007397863328001456,1.0,0.9686802179790668
94,Isotropic,100,2,4,0.00850545201206911,1.0,0.968264092063424
94,Isotropic,100,2,5,0.009161856485916279,1.0,0.9685849605051942
94,Isotropic,100,2,6,0.0087221007550184,1.0,0.968672816211564
94,Isotropic,100,2,7,0.00769791954668656,1.0,0.969028459999136
94,Isotropic,100,2,8,0.008105246541696955,1.0,0.9684631110897068
94,Isotropic,100,2,9,0.0075789693577955,1.0,0.9690121518922454
94,Isotropic,100,4,0,0.007914460115397103,1.0,0.9688604591256086
94,Isotropic,100,4,1,0.007688742699805794,1.0,0.9687523793210246
94,Isotropic,100,4,2,0.007760181352521727,1.0,0.9688225252061808
94,Isotropic,100,4,3,0.00813279596408982,1.0,0.9691141066352011
94,Isotropic,100,4,4,0.008873257461246157,1.0,0.9685254821711144
94,Isotropic,100,4,5,0.007822239674021951,1.0,0.9691263623486428
94,Isotropic,100,4,6,0.008157422674908156,1.0,0.968514490880424
94,Isotropic,100,4,7,0.0075003561627374985,1.0,0.968758718088678
94,Isotropic,100,4,8,0.008568269837043847,1.0,0.9686184055772772
94,Isotropic,100,4,9,0.008449597678356303,1.0,0.9686685795299528
94,Isotropic,100,8,0,0.0078268834700751,1.0,0.9689561384138278
94,Isotropic,100,8,1,0.007784091535587702,1.0,0.9688780935763224
94,Isotropic,100,8,2,0.007592135487423031,1.0,0.9687639665762708
94,Isotropic,100,8,3,0.007872441240490437,1.0,0.9687398499950602
94,Isotropic,100,8,4,0.008324081993595165,1.0,0.9686181140502084
94,Isotropic,100,8,5,0.007840088757498144,1.0,0.9687812644431782
94,Isotropic,100,8,6,0.007821072834534322,1.0,0.9688172108156324
94,Isotropic,100,8,7,0.007880971538370968,1.0,0.968778430488728
94,Isotropic,100,8,8,0.00779591287682304,1.0,0.9686617625834602
94,Isotropic,100,8,9,0.007636320636065263,1.0,0.9687175473060946
94,Isotropic,100,inf,0,0.0077592184702779485,1.0,0.9688068657371854
95,ControlAware,10,2,0,0.011319253765660295,1.0,0.9697314485660302
95,ControlAware,10,2,1,0.043311400799356664,1.0,0.9666324653535512
95,ControlAware,10,2,2,0.00974179858511556,1.0,0.966670759187046
95,ControlAware,10,2,3,0.010145957532642434,1.0,0.9681080236465384
95,ControlAware,10,2,4,0.012826002857437752,1.0,0.9655848231174512
95,ControlAware,10,2,5,0.02054046084779338,1.0,0.9706288509119264
95,ControlAware,10,2,6,0.02001231157229844,1.0,0.9664092311307108
95,ControlAware,10,2,7,0.022023684900764482,1.0,0.9677954335455702
95,ControlAware,10,2,8,0.02316395348062487,1.0,0.9674439434926372
95,ControlAware,10,2,9,0.03094010285013484,1.0,0.9678714808012836
95,ControlAware,10,4,0,0.017627991035046087,1.0,0.9658631897980474
95,ControlAware,10,4,1,0.00912200227759256,1.0,0.9673609523397484
95,ControlAware,10,4,2,0.012299949507216777,1.0,0.9684678721525548
95,ControlAware,10,4,3,0.02054643172007338,1.0,0.9693777695893088
95,ControlAware,10,4,4,0.01735514123804064,1.0,0.9698671298209568
95,ControlAware,10,4,5,0.008413853355927042,1.0,0.9678328658567968
95,ControlAware,10,4,6,0.021360772748725783,1.0,0.9675916496464476
95,ControlAware,10,4,7,0.01088242908578844,1.0,0.9693188426759056
95,ControlAware,10,4,8,0.01079443960855969,1.0,0.9695023611204264
95,ControlAware,10,4,9,0.00957503890441643,1.0,0.9689998112532248
95,ControlAware,10,8,0,0.0078509273431536,1.0,0.9680656784577748
95,ControlAware,10,8,1,0.008556191309606524,1.0,0.9670319006645518
95,ControlAware,10,8,2,0.01160286158621401,1.0,0.9663156463713094
95,ControlAware,10,8,3,0.007839631775005417,1.0,0.967960150970138
95,ControlAware,10,8,4,0.009677063070109992,1.0,0.9685658141849504
95,ControlAware,10,8,5,0.01226267198066834,1.0,0.9690988129857712
95,ControlAware,10,8,6,0.016756920314343653,1.0,0.9687598397037196
95,ControlAware,10,8,7,0.013925422456383403,1.0,0.969337484544684
95,ControlAware,10,8,8,0.009752351462348046,1.0,0.96665478955272
95,ControlAware,10,8,9,0.008849865148569882,1.0,0.9691090596528742
95,ControlAware,10,inf,0,0.0074010233743225335,1.0,0.9677356782241332
95,ControlAware,30,2,0,0.007676324343016707,1.0,0.9678664508781178
95,ControlAware,30,2,1,0.01141846672595293,1.0,0.9674163527136658
95,ControlAware,30,2,2,0.009275713689772735,1.0,0.9695908351140926
95,ControlAware,30,2,3,0.013267832108491315,1.0,0.968867339285602
95,ControlAware,30,2,4,0.009230329877916586,1.0,0.968528558936746
95,ControlAware,30,2,5,0.008593819916582321,1.0,0.9687742946964132
95,ControlAware,30,2,6,0.010116791686851952,1.0,0.9666812556751708
95,ControlAware,30,2,7,0.012650121985159411,1.0,0.9670563566705512
95,ControlAware,30,2,8,0.008947334128124904,1.0,0.968115647836881
95,ControlAware,30,2,9,0.011035711425242291,1.0,0.965995637916218
95,ControlAware,30,4,0,0.007353177525422221,1.0,0.9686710150024712
95,ControlAware,30,4,1,0.008064160233563454,1.0,0.9672478493285592
95,ControlAware,30,4,2,0.007811997417114194,1.0,0.9674927147083334
95,ControlAware,30,4,3,0.007350074577989351,1.0,0.9682212075325288
95,ControlAware,30,4,4,0.008040218024009765,1.0,0.9684581875487565
95,ControlAware,30,4,5,0.008619281724892965,1.0,0.9671899067112284
95,ControlAware,30,4,6,0.00866287213135551,1.0,0.9674052164916416
95,ControlAware,30,4,7,0.008730649443812768,1.0,0.96887232188933
95,ControlAware,30,4,8,0.009203460981638358,1.0,0.9675565375308632
95,ControlAware,30,4,9,0.00833197443745598,1.0,0.9673880852428788
95,ControlAware,30,8,0,0.007736503318700437,1.0,0.9679914746913656
95,ControlAware,30,8,1,0.007687008765347924,1.0,0.9681193118600004
95,ControlAware,30,8,2,0.007840562814820097,1.0,0.968221479193392
95,ControlAware,30,8,3,0.008174096658812916,1.0,0.9680315862032776
95,ControlAware,30,8,4,0.007775822890758432,1.0,0.9681020580337438
95,ControlAware,30,8,5,0.00787964711912185,1.0,0.9674490573527288
95,ControlAware,30,8,6,0.007798405022465251,1.0,0.96792661363407
95,ControlAware,30,8,7,0.00779321165137381,1.0,0.9680509244569871
95,ControlAware,30,8,8,0.007750664161796568,1.0,0.9676042715178808
95,ControlAware,30,8,9,0.007313125508746855,1.0,0.9679685760257822
95,ControlAware,30,inf,0,0.00726284554802467,1.0,0.967968502758759
95,ControlAware,100,2,0,0.007547917641864998,1.0,0.968298058928772
95,ControlAware,100,2,1,0.007333999907751251,1.0,0.9679049490590614
95,ControlAware,100,2,2,0.00838181997006651,1.0,0.9687985613993734
95,ControlAware,100,2,3,0.007572097231823671,1.0,0.9676460490259468
95,ControlAware,100,2,4,0.008306234438907637,1.0,0.9673487765978366
95,ControlAware,100,2,5,0.007584865714618255,1.0,0.9674660588581502
95,ControlAware,100,2,6,0.007636578572800883,1.0,0.9681911407114648
95,ControlAware,100,2,7,0.007280237140862484,1.0,0.967920085972361
95,ControlAware,100,2,8,0.007528040303789797,1.0,0.9678921221462626
95,ControlAware,100,2,9,0.0072764602501588175,1.0,0.968206768004548
95,ControlAware,100,4,0,0.007561725448820564,1.0,0.9684516756258568
95,ControlAware,100,4,1,0.007551237304814582,1.0,0.9681643857534352
95,ControlAware,100,4,2,0.0073220353734533465,1.0,0.9679916674903236
95,ControlAware,100,4,3,0.007257811323219978,1.0,0.9682334339088045
95,ControlAware,100,4,4,0.007287602791447753,1.0,0.9679451339291986
95,ControlAware,100,4,5,0.007426325762472348,1.0,0.9680511747124868
95,ControlAware,100,4,6,0.007403608618948153,1.0,0.9681769886613124
95,ControlAware,100,4,7,0.007371355253304168,1.0,0.9677504288688076
95,ControlAware,100,4,8,0.007273663758351919,1.0,0.9678851590047328
95,ControlAware,100,4,9,0.00741916156650805,1.0,0.967830634305718
95,ControlAware,100,8,0,0.00736686529293492,1.0,0.9681508126215672
95,ControlAware,100,8,1,0.007306322668924955,1.0,0.9680568794610426
95,ControlAware,100,8,2,0.0073707540943060736,1.0,0.9679252308287676
95,ControlAware,100,8,3,0.007332723385433964,1.0,0.9679695691970144
95,ControlAware,100,8,4,0.00735334635443819,1.0,0.9679958439905696
95,ControlAware,100,8,5,0.007281329581940406,1.0,0.967956935520796
95,ControlAware,100,8,6,0.007343475875398177,1.0,0.9681848533986112
95,ControlAware,100,8,7,0.007261387567183877,1.0,0.968041657988593
95,ControlAware,100,8,8,0.007316230897805958,1.0,0.968070277125538
95,ControlAware,100,8,9,0.007389338420627707,1.0,0.9681331886608976
95,ControlAware,100,inf,0,0.007309607942607494,1.0,0.968027173249397
95,Isotropic,10,2,0,0.01155664267325571,1.0,0.9701465627961045
95,Isotropic,10,2,1,0.046188768877754374,1.0,0.9673573499102852
95,Isotropic,10,2,2,0.010792868135662012,1.0,0.9664568425155088
95,Isotropic,10,2,3,0.010910130337089709,1.0,0.967932407529906
95,Isotropic,10,2,4,0.014615057334585664,1.0,0.9661210028611594
95,Isotropic,10,2,5,0.02026409017433976,1.0,0.970571931798923
95,Isotropic,10,2,6,0.02339485101631693,1.0,0.9669893389020924
95,Isotropic,10,2,7,0.024255467228244162,1.0,0.9681093134542036
95,Isotropic,10,2,8,0.024295234572110056,1.0,0.9681067490398348
95,Isotropic,10,2,9,0.03440972407819533,1.0,0.968084154740936
95,Isotropic,10,4,0,0.020098855433166068,1.0,0.9654076156771756
95,Isotropic,10,4,1,0.00923883746856258,1.0,0.9673110882503304
95,Isotropic,10,4,2,0.012477268133442347,1.0,0.9686257812264956
95,Isotropic,10,4,3,0.02371304735630256,1.0,0.9697671328405754
95,Isotropic,10,4,4,0.02026937188638259,1.0,0.9702872168717138
95,Isotropic,10,4,5,0.008760266472580764,1.0,0.9679191517655154
95,Isotropic,10,4,6,0.024302289439765187,1.0,0.9681575088753266
95,Isotropic,10,4,7,0.012163421561197103,1.0,0.96953436850521
95,Isotropic,10,4,8,0.012558803738527056,1.0,0.969948945073712
95,Isotropic,10,4,9,0.010549313138827964,1.0,0.9692934786071538
95,Isotropic,10,8,0,0.007998350524383155,1.0,0.9680501812564876
95,Isotropic,10,8,1,0.009062379635291147,1.0,0.9669559868930327
95,Isotropic,10,8,2,0.013087748074668884,1.0,0.9659001240757354
95,Isotropic,10,8,3,0.007971204266217866,1.0,0.9680163520906618
95,Isotropic,10,8,4,0.010496921048333226,1.0,0.9686258467055782
95,Isotropic,10,8,5,0.014262343908269819,1.0,0.969384114942293
95,Isotropic,10,8,6,0.01909805506485766,1.0,0.96893375185893
95,Isotropic,10,8,7,0.01618432032148635,1.0,0.9695658749929952
95,Isotropic,10,8,8,0.010634481293745989,1.0,0.9664347988236072
95,Isotropic,10,8,9,0.009804500104464563,1.0,0.969462875779008
95,Isotropic,10,inf,0,0.0074010233743225335,1.0,0.9677356782241332
95,Isotropic,30,2,0,0.007604116660770344,1.0,0.967906035196402
95,Isotropic,30,2,1,0.0131127621987307,1.0,0.9672299854366606
95,Isotropic,30,2,2,0.009931616620711372,1.0,0.969881655362034
95,Isotropic,30,2,3,0.01465326806349153,1.0,0.9691244545478986
95,Isotropic,30,2,4,0.010031429545681318,1.0,0.9686369218603652
95,Isotropic,30,2,5,0.008870432174228874,1.0,0.9690207275358445
95,Isotropic,30,2,6,0.010953128658535333,1.0,0.9664205106139157
95,Isotropic,30,2,7,0.014343159418220851,1.0,0.9669030000220524
95,Isotropic,30,2,8,0.009654254356811658,1.0,0.9681949581838448
95,Isotropic,30,2,9,0.012580456451628957,1.0,0.9653709714820404
95,Isotropic,30,4,0,0.007507086537272296,1.0,0.9689349470276016
95,Isotropic,30,4,1,0.008359812020790206,1.0,0.9670275755073692
95,Isotropic,30,4,2,0.007925750455826028,1.0,0.96738956321566
95,Isotropic,30,4,3,0.007410099704407643,1.0,0.9682529371187742
95,Isotropic,30,4,4,0.00827116418736336,1.0,0.9686309636812572
95,Isotropic,30,4,5,0.009251419830620672,1.0,0.9669587419019388
95,Isotropic,30,4,6,0.009141103925431535,1.0,0.9672395395095942
95,Isotropic,30,4,7,0.009468322519283095,1.0,0.9690846534544632
95,Isotropic,30,4,8,0.009864705589589974,1.0,0.9674396463970516
95,Isotropic,30,4,9,0.00872591699525964,1.0,0.967112382410586
95,Isotropic,30,8,0,0.00795385972123974,1.0,0.9680139445796648
95,Isotropic,30,8,1,0.00782117836930928,1.0,0.9681163269178124
95,Isotropic,30,8,2,0.008063609437428072,1.0,0.9682774712341248
95,Isotropic,30,8,3,0.008535875622876757,1.0,0.9680714889944148
95,Isotropic,30,8,4,0.00800645861347291,1.0,0.9681559117581102
95,Isotropic,30,8,5,0.008201670222300728,1.0,0.9673027988950108
95,Isotropic,30,8,6,0.007980316352995152,1.0,0.9679013519714346
95,Isotropic,30,8,7,0.007980108058585527,1.0,0.9680855336212068
95,Isotropic,30,8,8,0.007865014779048204,1.0,0.9674631675408276
95,Isotropic,30,8,9,0.007323239136391044,1.0,0.9679801736161824
95,Isotropic,30,inf,0,0.00726284554802467,1.0,0.967968502758759
95,Isotropic,100,2,0,0.007669321091796121,1.0,0.968343539549866
95,Isotropic,100,2,1,0.007435604707140806,1.0,0.9678740187208822
95,Isotropic,100,2,2,0.0087883259395499,1.0,0.9689648274091
95,Isotropic,100,2,3,0.00772731366257831,1.0,0.9675641414448792
95,Isotropic,100,2,4,0.008651100575352023,1.0,0.9671766855340196
95,Isotropic,100,2,5,0.007766030893346052,1.0,0.96732283925843
95,Isotropic,100,2,6,0.007768929122160566,1.0,0.9682326551293208
95,Isotropic,100,2,7,0.007292772085025309,1.0,0.967908710568808
95,Isotropic,100,2,8,0.0076055113141731585,1.0,0.9678809849205672
95,Isotropic,100,2,9,0.007242445233505251,1.0,0.9683029550187192
95,Isotropic,100,4,0,0.007718540270926364,1.0,0.9685329532226022
95,Isotropic,100,4,1,0.007616923454561754,1.0,0.9682204536332614
95,Isotropic,100,4,2,0.007310197667852178,1.0,0.9680042720516204
95,Isotropic,100,4,3,0.007302973108787406,1.0,0.9682963403814115
95,Isotropic,100,4,4,0.007300630628507352,1.0,0.9679114028366808
95,Isotropic,100,4,5,0.007456082148497031,1.0,0.9680539599277472
95,Isotropic,100,4,6,0.00745443512200194,1.0,0.9682096824568625
95,Isotropic,100,4,7,0.007450323674505666,1.0,0.9676984726221228
95,Isotropic,100,4,8,0.007308595121004533,1.0,0.9678685055547148
95,Isotropic,100,4,9,0.007483407213005071,1.0,0.9677824638678016
95,Isotropic,100,8,0,0.007372650339371552,1.0,0.9681825838301926
95,Isotropic,100,8,1,0.00730846271158762,1.0,0.9680504944738556
95,Isotropic,100,8,2,0.007404564976853331,1.0,0.9678986668165722
95,Isotropic,100,8,3,0.0073544349191980544,1.0,0.9679549122265556
95,Isotropic,100,8,4,0.007376315725303157,1.0,0.9679884701099242
95,Isotropic,100,8,5,0.007298252827047765,1.0,0.9679244261203802
95,Isotropic,100,8,6,0.007353430040515806,1.0,0.9682255158111828
95,Isotropic,100,8,7,0.007253003870428587,1.0,0.968050277963728
95,Isotropic,100,8,8,0.007324525971224434,1.0,0.9680679604329476
95,Isotropic,100,8,9,0.007420404727622682,1.0,0.9681568904426456
95,Isotropic,100,inf,0,0.007309607942607494,1.0,0.968027173249397
