seed,gamma,low,high,time_scale,plant,severity,method,tracking,steering_rms,peak_rate,feasible,worst_family
21,0,10,30,1,beta_noacc,moderate,M1,0.03464224886934683,0.7552165559445658,2.07918609638458,1.0,0.0351425868850057
21,0,10,30,1,beta_noacc,moderate,M2,0.03461093400212005,0.7552168965088677,2.07942372796928,1.0,0.03505509768617265
21,0,10,30,1,beta_noacc,moderate,M3,0.025657033339371214,0.7549476325695063,2.0885552674772883,1.0,0.0259412399611736
21,0,10,30,1,beta_noacc,moderate,M4,0.025614797600494833,0.7549483838654785,2.088766489891376,1.0,0.02614309148438904
21,0,10,30,1,beta_noacc,near_linear,M1,0.016847827330152484,0.3756242385667,1.0395240502964056,1.0,0.01709186645410389
21,0,10,30,1,beta_noacc,near_linear,M2,0.016833103821325836,0.3756244338120874,1.039641455008597,1.0,0.017046394008244026
21,0,10,30,1,beta_noacc,near_linear,M3,0.012283366190704775,0.37550393606399235,1.044208677381082,1.0,0.012419031116878016
21,0,10,30,1,beta_noacc,near_linear,M4,0.01226243703323011,0.37550431611022644,1.0443129524559491,1.0,0.012515485159134587
21,0,10,30,1,beta_noacc,strong,M1,0.05559262190075336,1.1429631430409612,3.1173213659815437,1.0,0.05637526887082642
21,0,10,30,1,beta_noacc,strong,M2,0.05554198595428211,1.1429635732555128,3.1176718394069014,1.0,0.05626217394047322
21,0,10,30,1,beta_noacc,strong,M3,0.042445676551905,1.1424846517393483,3.1311621405263947,1.0,0.04288857021255695
21,0,10,30,1,beta_noacc,strong,M4,0.04238383661416724,1.1424858129543594,3.131473414219132,1.0,0.04323067162343655
21,0,10,30,1,legacy,moderate,M1,0.0346426392370152,0.7552127479532443,2.079190673618624,1.0,0.03514332349377778
21,0,10,30,1,legacy,moderate,M2,0.03461129958798158,0.7552130880898218,2.079427905351385,1.0,0.03505570138004406
21,0,10,30,1,legacy,moderate,M3,0.025652935698467584,0.7549429460361811,2.0885423281181184,1.0,0.025936646305458163
21,0,10,30,1,legacy,moderate,M4,0.025610665409406114,0.7549436968218302,2.088753268896633,1.0,0.026138644472338147
21,0,10,30,1,legacy,near_linear,M1,0.016847810462947702,0.37562266550427376,1.0395314898830397,1.0,0.01709200825790911
21,0,10,30,1,legacy,near_linear,M2,0.01683307477319194,0.3756228605144301,1.039648699533164,1.0,0.01704647529748006
21,0,10,30,1,legacy,near_linear,M3,0.012280966819893664,0.3755019070481186,1.0442075606204684,1.0,0.012416394493104797
21,0,10,30,1,legacy,near_linear,M4,0.012260020874689135,0.37550228681785724,1.0443116987365555,1.0,0.012512917203177017
21,0,10,30,1,legacy,strong,M1,0.0555956200548323,1.14295522973622,3.1173368868372844,1.0,0.05637890326997308
21,0,10,30,1,legacy,strong,M2,0.05554494729502801,1.1429556594552486,3.1176867457977657,1.0,0.05626556999065497
21,0,10,30,1,legacy,strong,M3,0.042442990603534424,1.1424755215989781,3.1311314643864367,1.0,0.04288507689714185
21,0,10,30,1,legacy,strong,M4,0.04238109813788559,1.142476682160773,3.131442297321405,1.0,0.0432274420773663
21,0,10,30,1,vy,moderate,M1,0.03465374017245538,0.7551379339263696,2.079947008864853,1.0,0.035153582559998994
21,0,10,30,1,vy,moderate,M2,0.03462237283804776,0.7551382645502674,2.080184669660006,1.0,0.035066659991742175
21,0,10,30,1,vy,moderate,M3,0.0256672196503348,0.7548744662640129,2.0893074254591726,1.0,0.025951010497077022
21,0,10,30,1,vy,moderate,M4,0.025624601165698795,0.7548752071381183,2.0895186423573837,1.0,0.026152787517664016
21,0,10,30,1,vy,near_linear,M1,0.016848916270443687,0.37558749103464256,1.0399011856397662,1.0,0.017092375895322087
21,0,10,30,1,vy,near_linear,M2,0.016834190126558433,0.3755876816989093,1.0400186245314702,1.0,0.017047404734565515
21,0,10,30,1,vy,near_linear,M3,0.012281180687351852,0.3754695037785643,1.0445830474244515,1.0,0.012416729870322276
21,0,10,30,1,vy,near_linear,M4,0.012260090712152377,0.3754698789453279,1.044687332509319,1.0,0.012513029672665115
21,0,10,30,1,vy,strong,M1,0.05568255916798647,1.142807539193611,3.1184863593695784,1.0,0.056467547162065077
21,0,10,30,1,vy,strong,M2,0.05563171296799614,1.1428079552229442,3.1188367151444694,1.0,0.05635310883301844
21,0,10,30,1,vy,strong,M3,0.04255371260537601,1.1423400241624635,3.132316545647997,1.0,0.04299488171464734
21,0,10,30,1,vy,strong,M4,0.04249121464578108,1.1423411697440382,3.132627696279666,1.0,0.04333837274287327
21,0,10,30,2,beta_noacc,moderate,M1,0.013161295987161526,0.7572306643312492,1.0324149980244244,1.0,0.013540149514537681
21,0,10,30,2,beta_noacc,moderate,M2,0.013134129161001838,0.7572305752896571,1.0324454543263508,1.0,0.013430740069977121
21,0,10,30,2,beta_noacc,moderate,M3,0.007054461345901399,0.7571266383423997,1.0331052831276373,1.0,0.00730238635574682
21,0,10,30,2,beta_noacc,moderate,M4,0.007006029497342234,0.7571266912797034,1.033129114673289,1.0,0.007339080926815889
21,0,10,30,2,beta_noacc,near_linear,M1,0.006525454425599326,0.3760089408696496,0.515176219904628,1.0,0.006711683685365074
21,0,10,30,2,beta_noacc,near_linear,M2,0.00651300616373993,0.37600891532873604,0.5151916840440816,1.0,0.006655508636939764
21,0,10,30,2,beta_noacc,near_linear,M3,0.003385472707456861,0.37596401310114963,0.5155528080678659,1.0,0.0034926487552841166
21,0,10,30,2,beta_noacc,near_linear,M4,0.0033606852275543256,0.37596404801680594,0.5155646592745569,1.0,0.0035126030496978465
21,0,10,30,2,beta_noacc,strong,M1,0.020300421235778944,1.1507038323836596,1.5541331245609338,1.0,0.02088554606079983
21,0,10,30,2,beta_noacc,strong,M2,0.020252740299317874,1.150703591861512,1.5541779037154488,1.0,0.020733054871417213
21,0,10,30,2,beta_noacc,strong,M3,0.011671504298846972,1.150495145571337,1.5549621246691794,1.0,0.012124082946446778
21,0,10,30,2,beta_noacc,strong,M4,0.011603604335526985,1.1504951954997227,1.5549971127120066,1.0,0.012175221164152357
21,0,10,30,2,legacy,moderate,M1,0.013161768229767537,0.757229682098472,1.032427122121236,1.0,0.013540726234697103
21,0,10,30,2,legacy,moderate,M2,0.013134588661657797,0.7572295929838257,1.0324575336352275,1.0,0.01343128561333017
21,0,10,30,2,legacy,moderate,M3,0.007053483703701858,0.757125416653563,1.0331137878812389,1.0,0.007301203773265887
21,0,10,30,2,legacy,moderate,M4,0.007005030450712467,0.757125469582109,1.0331375892905783,1.0,0.00733795428252291
21,0,10,30,2,legacy,near_linear,M1,0.006525684215372851,0.3760085297998351,0.5151825192213,1.0,0.006711965537009617
21,0,10,30,2,legacy,near_linear,M2,0.006513229950577564,0.3760085042181064,0.5151979611696657,1.0,0.006655773457842177
21,0,10,30,2,legacy,near_linear,M3,0.003384975070907869,0.375963476584674,0.5155580418955786,1.0,0.0034920535308920267
21,0,10,30,2,legacy,near_linear,M4,0.003360178477391683,0.37596351148806234,0.5155698781656296,1.0,0.00351203539461503
21,0,10,30,2,legacy,strong,M1,0.020301338074549542,1.1507017526249976,1.5541458136950526,1.0,0.020886635473995753
21,0,10,30,2,legacy,strong,M2,0.02025363632916551,1.1507015120499344,1.5541905235740654,1.0,0.02073409869524476
21,0,10,30,2,legacy,strong,M3,0.011670364428924171,1.1504927474083384,1.5549714685585414,1.0,0.012122612411118516
21,0,10,30,2,legacy,strong,M4,0.011602422303184761,1.1504927974007755,1.5550064110399229,1.0,0.012173838434908154
21,0,10,30,2,vy,moderate,M1,0.013161355065480797,0.7572099151823974,1.03251932202477,1.0,0.013539774236115163
21,0,10,30,2,vy,moderate,M2,0.013134158098523023,0.7572098277847435,1.0325500496275335,1.0,0.01343087654224774
21,0,10,30,2,vy,moderate,M3,0.0070610178533461925,0.7571081587976071,1.0332082804834006,1.0,0.007310306872971667
21,0,10,30,2,vy,moderate,M4,0.007012535077325364,0.7571082131465992,1.0332321101226278,1.0,0.0073466840528433495
21,0,10,30,2,vy,near_linear,M1,0.006525376406000226,0.37599522967866733,0.5152328860368967,1.0,0.006711388924617487
21,0,10,30,2,vy,near_linear,M2,0.006512919792413304,0.3759952050006928,0.5152483491363884,1.0,0.006655444404625344
21,0,10,30,2,vy,near_linear,M3,0.003387356702635689,0.3759512250746458,0.5156086991836806,1.0,0.00349508357078997
21,0,10,30,2,vy,near_linear,M4,0.0033625457813552043,0.3759512606748212,0.5156205496525228,1.0,0.0035148943294040533
21,0,10,30,2,vy,strong,M1,0.020307378540489692,1.1506964484517568,1.554263961702555,1.0,0.020892197486803158
21,0,10,30,2,vy,strong,M2,0.020259582428481568,1.150696210781376,1.554308720107688,1.0,0.020740410176613353
21,0,10,30,2,vy,strong,M3,0.011697347339076312,1.1504926159330038,1.5550894934680022,1.0,0.012152418545639266
21,0,10,30,2,vy,strong,M4,0.01162931536283962,1.150492669076774,1.5551244780257365,1.0,0.012203149926063467
21,0,18,22,1,beta_noacc,moderate,M1,0.02780309205398376,0.7599868757570913,1.8957970316540629,1.0,0.02811672224883494
21,0,18,22,1,beta_noacc,moderate,M2,0.02777486325640438,0.7599881476955493,1.8961765382763456,1.0,0.028304659629006152
21,0,18,22,1,beta_noacc,moderate,M3,0.02747983160283873,0.7598904297941825,1.89819178552753,1.0,0.02787163610870863
21,0,18,22,1,beta_noacc,moderate,M4,0.027453311302107448,0.759891777031924,1.8985981697960137,1.0,0.028036072091636086
21,0,18,22,1,beta_noacc,near_linear,M1,0.013375739639292446,0.378323682976827,0.948774758262414,1.0,0.013529954283256986
21,0,18,22,1,beta_noacc,near_linear,M2,0.013361731726206624,0.3783243132358987,0.9489567719923128,1.0,0.013619924999286593
21,0,18,22,1,beta_noacc,near_linear,M3,0.013211928145411011,0.3782771505534582,0.949973416645742,1.0,0.01340554886292337
21,0,18,22,1,beta_noacc,near_linear,M4,0.013198720875783044,0.3782778168263235,0.9501688316415188,1.0,0.013483504685499253
21,0,18,22,1,beta_noacc,strong,M1,0.04506854054321981,1.1487300470671276,2.825295484873944,1.0,0.045547570439009616
21,0,18,22,1,beta_noacc,strong,M2,0.045026207978602774,1.1487320116600992,2.8258704961320413,1.0,0.04585786861208949
21,0,18,22,1,beta_noacc,strong,M3,0.04458227061576869,1.1485760557369014,2.828930949067436,1.0,0.045175953429867174
21,0,18,22,1,beta_noacc,strong,M4,0.04454270949002668,1.1485781422476298,2.8295461178844232,1.0,0.04545262179219319
21,0,18,22,1,legacy,moderate,M1,0.02780295765260124,0.7599870260981152,1.8956166358155573,1.0,0.02811652535204016
21,0,18,22,1,legacy,moderate,M2,0.027774723841325896,0.7599882979302526,1.8959961416991569,1.0,0.028304489471187674
21,0,18,22,1,legacy,moderate,M3,0.02747946011805129,0.7598905551361483,1.8980113682380124,1.0,0.027871184231785293
21,0,18,22,1,legacy,moderate,M4,0.027452934586222284,0.7598919022612468,1.898417748633137,1.0,0.028035650060191285
21,0,18,22,1,legacy,near_linear,M1,0.013375616495714266,0.3783237775558965,0.9486854167458746,1.0,0.013529800162619513
21,0,18,22,1,legacy,near_linear,M2,0.013361605968627023,0.378324407760159,0.948867429965016,1.0,0.013619783834914538
21,0,18,22,1,legacy,near_linear,M3,0.013211680541275765,0.37827723188237955,0.9498840610154118,1.0,0.013405260954881076
21,0,18,22,1,legacy,near_linear,M4,0.013198470564940631,0.37827789809711454,0.9500794739161972,1.0,0.013483231335750884
21,0,18,22,1,legacy,strong,M1,0.04506880761377657,1.1487301324482444,2.8250046996600653,1.0,0.04554774126673336
21,0,18,22,1,legacy,strong,M2,0.04502646846495082,1.1487320968945944,2.8255796750985973,1.0,0.04585808366493889
21,0,18,22,1,legacy,strong,M3,0.0445822185253167,1.1485761081133448,2.828640146189075,1.0,0.04517578081802652
21,0,18,22,1,legacy,strong,M4,0.04454265046569299,1.1485781944680797,2.829255273900732,1.0,0.04545249770978074
21,0,18,22,1,vy,moderate,M1,0.027804353759156672,0.7599699710901149,1.8967602365067933,1.0,0.028117932007956963
21,0,18,22,1,vy,moderate,M2,0.027776087459964436,0.7599712405501354,1.8971408455401804,1.0,0.028305908567189918
21,0,18,22,1,vy,moderate,M3,0.027480518034363504,0.7598737720014506,1.899153191880831,1.0,0.02787220110003649
21,0,18,22,1,vy,moderate,M4,0.027453943833368695,0.7598751168258084,1.899560680265355,1.0,0.028036684739150212
21,0,18,22,1,vy,near_linear,M1,0.013375392693547076,0.37831583751323594,0.9492271580006916,1.0,0.013529587614570166
21,0,18,22,1,vy,near_linear,M2,0.013361367865119935,0.3783164666035381,0.9494095996610632,1.0,0.013619562980697586
21,0,18,22,1,vy,near_linear,M3,0.013211244530385803,0.3782694078456629,0.9504249384189344,1.0,0.01340481273326527
21,0,18,22,1,vy,near_linear,M4,0.013198012140564059,0.3782700729776026,0.9506207810723324,1.0,0.01348277629973272
21,0,18,22,1,vy,strong,M1,0.045079285936498494,1.1486996784458958,2.8266216398903,1.0,0.04555819368599458
21,0,18,22,1,vy,strong,M2,0.04503689142114212,1.148701639014633,2.827198658384848,1.0,0.04586868093191621
21,0,18,22,1,vy,strong,M3,0.044592464035060675,1.148546186859477,2.8302543867716525,1.0,0.04518590860647315
21,0,18,22,1,vy,strong,M4,0.04455281698408777,1.1485482694549412,2.8308715643776776,1.0,0.04546278623088798
21,0,18,22,2,beta_noacc,moderate,M1,0.007722754798873973,0.7594424575925105,0.9587867200606308,1.0,0.007913561681166987
21,0,18,22,2,beta_noacc,moderate,M2,0.0076875420720478585,0.7594426787198636,0.9588253628381312,1.0,0.007958317996370753
21,0,18,22,2,beta_noacc,moderate,M3,0.007520267126090123,0.7594152332143406,0.9596234574404005,1.0,0.00779767405660676
21,0,18,22,2,beta_noacc,moderate,M4,0.007488105658508308,0.759415477554973,0.9596676181160202,1.0,0.007818424390624234
21,0,18,22,2,beta_noacc,near_linear,M1,0.0037254909119249224,0.37772666114779796,0.4761116064582875,1.0,0.00381640800496167
21,0,18,22,2,beta_noacc,near_linear,M2,0.003708130956013278,0.3777267742947286,0.4761311489659976,1.0,0.0038387604538681966
21,0,18,22,2,beta_noacc,near_linear,M3,0.003613723320942518,0.3777136455482155,0.4765163672390325,1.0,0.0037478764163654333
21,0,18,22,2,beta_noacc,near_linear,M4,0.003597640665271182,0.3777137695769548,0.4765386808580447,1.0,0.0037581086620166433
21,0,18,22,2,beta_noacc,strong,M1,0.01247277904217576,1.1502377754447297,1.456946090447004,1.0,0.012780752424827168
21,0,18,22,2,beta_noacc,strong,M2,0.012418741715535225,1.1502380964629302,1.4570024036094642,1.0,0.012850065843207645
21,0,18,22,2,beta_noacc,strong,M3,0.01222002461221137,1.1501932017087404,1.4582803160423845,1.0,0.01265715721251914
21,0,18,22,2,beta_noacc,strong,M4,0.012171688448938432,1.1501935620924781,1.4583448356667064,1.0,0.012691285715969353
21,0,18,22,2,legacy,moderate,M1,0.007722762994015767,0.7594427154111879,0.9587543913291894,1.0,0.007913547785761376
21,0,18,22,2,legacy,moderate,M2,0.007687545942229036,0.7594429365268834,0.9587930349628953,1.0,0.007958313941436123
21,0,18,22,2,legacy,moderate,M3,0.007520154765833907,0.7594154841030558,0.959591160360726,1.0,0.00779752689698155
21,0,18,22,2,legacy,moderate,M4,0.007487988811867784,0.7594157284328225,0.959635321346609,1.0,0.007818289068371377
21,0,18,22,2,legacy,near_linear,M1,0.00372549235674881,0.3777267850119526,0.476094039107834,1.0,0.0038163982551091603
21,0,18,22,2,legacy,near_linear,M2,0.003708130132804279,0.37772689815259197,0.4761135820554546,1.0,0.0038387556594457833
21,0,18,22,2,legacy,near_linear,M3,0.0036136620618397253,0.377713765676688,0.4764988109163573,1.0,0.0037477974296001903
21,0,18,22,2,legacy,near_linear,M4,0.0035975771358304704,0.37771388969937547,0.4765211246984921,1.0,0.00375803568154831
21,0,18,22,2,legacy,strong,M1,0.012472834566066163,1.150238192141052,1.45690618447651,1.0,0.012780774441439068
21,0,18,22,2,legacy,strong,M2,0.012418791292065317,1.1502385131457322,1.4569624988625296,1.0,0.012850102826016946
21,0,18,22,2,legacy,strong,M3,0.012219913155252674,1.1501936098723353,1.458240486322031,1.0,0.012656994741617928
21,0,18,22,2,legacy,strong,M4,0.01217157052300278,1.150193970244656,1.4583050063774774,1.0,0.012691140858850983
21,0,18,22,2,vy,moderate,M1,0.007723046234452921,0.7594390803513301,0.9593447678960928,1.0,0.007913921239104803
21,0,18,22,2,vy,moderate,M2,0.00768782738479203,0.7594393012328322,0.9593834971466728,1.0,0.007958671685247963
21,0,18,22,2,vy,moderate,M3,0.007520623436940648,0.75941195339882,0.9601826014324056,1.0,0.00779811699805495
21,0,18,22,2,vy,moderate,M4,0.007488448010457219,0.7594121975150281,0.9602268489095768,1.0,0.007818852481674339
21,0,18,22,2,vy,near_linear,M1,0.0037255060232725345,0.37772471417794906,0.4763443501939858,1.0,0.0038164550991184668
21,0,18,22,2,vy,near_linear,M2,0.003708144011983639,0.37772482721573564,0.4763639327424542,1.0,0.00383880323311193
21,0,18,22,2,vy,near_linear,M3,0.0036137480681543957,0.37771173806025105,0.4767495032726545,1.0,0.003747941364135787
21,0,18,22,2,vy,near_linear,M4,0.0035976593528922467,0.37771186198761436,0.4767718568817745,1.0,0.0037581649689749368
21,0,18,22,2,vy,strong,M1,0.012474513467135028,1.1502342314238803,1.4580918069192292,1.0,0.012782588034497496
21,0,18,22,2,vy,strong,M2,0.01242045942088077,1.150234552006052,1.4581482696803512,1.0,0.012851910121452512
21,0,18,22,2,vy,strong,M3,0.012221963296875245,1.1501898696982253,1.459428752637406,1.0,0.012659229274486877
21,0,18,22,2,vy,strong,M4,0.012173599058613989,1.1501902296980495,1.45949342420088,1.0,0.01269335240416928
21,1,10,30,1,beta_noacc,moderate,M1,0.03985537101678536,0.7985035613535053,2.2864182220293734,1.0,0.04777067435587177
21,1,10,30,1,beta_noacc,moderate,M2,0.0353158606154955,0.7984263946460745,2.294743007289531,1.0,0.03664267601270062
21,1,10,30,1,beta_noacc,moderate,M3,0.032038151871320995,0.7981663455352078,2.297731250232958,1.0,0.03749415168555145
21,1,10,30,1,beta_noacc,moderate,M4,0.026309250196218815,0.7981310085657155,2.3058796883094894,1.0,0.027657491969640218
21,1,10,30,1,beta_noacc,near_linear,M1,0.0193341383418562,0.3968065759380138,1.1401487867395672,1.0,0.023081200136717994
21,1,10,30,1,beta_noacc,near_linear,M2,0.017182740084714963,0.39677036289386924,1.1443432723937184,1.0,0.01788902448518893
21,1,10,30,1,beta_noacc,near_linear,M3,0.0153763326587489,0.39665613835104474,1.145788663646031,1.0,0.01794607947043169
21,1,10,30,1,beta_noacc,near_linear,M4,0.012598449043338735,0.3966388088422617,1.1498885848075453,1.0,0.013267421667835141
21,1,10,30,1,beta_noacc,strong,M1,0.06399797958379026,1.2105001619749616,3.445571632299164,1.0,0.07722993465406607
21,1,10,30,1,beta_noacc,strong,M2,0.05663967758919733,1.2103824826797622,3.4580297301174205,1.0,0.05841163117420449
21,1,10,30,1,beta_noacc,strong,M3,0.05241840648461882,1.2098937664938574,3.462695935353407,1.0,0.06176570981356329
21,1,10,30,1,beta_noacc,strong,M4,0.043520836203999734,1.209850090557452,3.474799224525279,1.0,0.045577588690292804
21,1,10,30,1,legacy,moderate,M1,0.039857815346969395,0.7984987496323093,2.286490866252294,1.0,0.04777566055982179
21,1,10,30,1,legacy,moderate,M2,0.03531616957037177,0.7984215504945666,2.294799661359268,1.0,0.036643486408765115
21,1,10,30,1,legacy,moderate,M3,0.032036202059812925,0.7981607148025253,2.2977865587831907,1.0,0.03749744263521167
21,1,10,30,1,legacy,moderate,M4,0.026305004950502326,0.7981253714434687,2.305911763212868,1.0,0.02765242236952948
21,1,10,30,1,legacy,near_linear,M1,0.019335110245986605,0.3968044995240716,1.1401886917736264,1.0,0.023083256187044092
21,1,10,30,1,legacy,near_linear,M2,0.017182681977770814,0.39676826655215136,1.144370377598945,1.0,0.01788924095714368
21,1,10,30,1,legacy,near_linear,M3,0.01537497597048958,0.396653630960349,1.1458149285569013,1.0,0.017947151865620993
21,1,10,30,1,legacy,near_linear,M4,0.012595980537461186,0.3966362941102224,1.1499086535538905,1.0,0.013264547017709632
21,1,10,30,1,legacy,strong,M1,0.06400413333479817,1.2104906864584666,3.445677577563961,1.0,0.07724122781308924
21,1,10,30,1,legacy,strong,M2,0.05664258927161558,1.2103729821620088,3.45810972755774,1.0,0.058415283126545224
21,1,10,30,1,legacy,strong,M3,0.05241889171912668,1.209883196479472,3.4627749757831108,1.0,0.0617753093068086
21,1,10,30,1,legacy,strong,M4,0.04351794315457217,1.2098395360466558,3.4748421278164727,1.0,0.04557328230385996
21,1,10,30,1,vy,moderate,M1,0.0398872306319283,0.7984287941557768,2.287194266267221,1.0,0.04782634252745942
21,1,10,30,1,vy,moderate,M2,0.03532749255666124,0.7983505518602074,2.2955242457881564,1.0,0.03664890967565442
21,1,10,30,1,vy,moderate,M3,0.03208867382608877,0.7980976746905365,2.298504319367155,1.0,0.03757710309592468
21,1,10,30,1,vy,moderate,M4,0.02631598106366739,0.7980611400709005,2.3066538664316205,1.0,0.027661389964280858
21,1,10,30,1,vy,near_linear,M1,0.0193420433534324,0.39677052529015044,1.140541500847306,1.0,0.023094524463668744
21,1,10,30,1,vy,near_linear,M2,0.01718386864179367,0.39673378941073034,1.1447379813277407,1.0,0.017889026906672066
21,1,10,30,1,vy,near_linear,M3,0.015390650243283788,0.39662265684218034,1.1461778997854994,1.0,0.01796926532316878
21,1,10,30,1,vy,near_linear,M4,0.012594713375779979,0.3966047296124045,1.1502816175716384,1.0,0.01326116085530618
21,1,10,30,1,vy,strong,M1,0.06413868578179037,1.210358664400514,3.446734888483657,1.0,0.07746524749668345
21,1,10,30,1,vy,strong,M2,0.0567307969193615,1.2102397730544987,3.459185838067448,1.0,0.05847907859095631
21,1,10,30,1,vy,strong,M3,0.05260432115067705,1.2097646921812233,3.463848759228535,1.0,0.0620674050493027
21,1,10,30,1,vy,strong,M4,0.04362352864766131,1.2097197051265645,3.475949896317044,1.0,0.045688480024587586
21,1,10,30,2,beta_noacc,moderate,M1,0.016439313941248323,0.8012879217335552,1.1404259428374406,1.0,0.01961195918881397
21,1,10,30,2,beta_noacc,moderate,M2,0.01330917555940992,0.8012459500384442,1.141504916448599,1.0,0.01454281672832027
21,1,10,30,2,beta_noacc,moderate,M3,0.011507925667688592,0.8011609702929163,1.1413483591088356,1.0,0.012683037296577571
21,1,10,30,2,beta_noacc,moderate,M4,0.007188444804956273,0.8011337747034765,1.142271638989246,1.0,0.007643820454571347
21,1,10,30,2,beta_noacc,near_linear,M1,0.008057119524431647,0.3975059374729711,0.5679489352136711,1.0,0.00958213259261141
21,1,10,30,2,beta_noacc,near_linear,M2,0.006605680664138953,0.39748735550952496,0.5685276709474186,1.0,0.007233211079882453
21,1,10,30,2,beta_noacc,near_linear,M3,0.005542299497092068,0.3974514041891116,0.5684365031050551,1.0,0.006075574580733633
21,1,10,30,2,beta_noacc,near_linear,M4,0.0034492232854243256,0.39743911267208776,0.5689321780094327,1.0,0.0036718517117368564
21,1,10,30,2,beta_noacc,strong,M1,0.02587948242466946,1.2199428207588516,1.7484214816135042,1.0,0.031078466529772298
21,1,10,30,2,beta_noacc,strong,M2,0.020490526751025726,1.2198682128066023,1.7494680998889949,1.0,0.022255484815966547
21,1,10,30,2,beta_noacc,strong,M3,0.018745247045671463,1.2196850469307259,1.7550562597169177,1.0,0.020779794323563285
21,1,10,30,2,beta_noacc,strong,M4,0.011903702231710746,1.2196408339135443,1.75731949238373,1.0,0.012615871910682426
21,1,10,30,2,legacy,moderate,M1,0.016440689258946522,0.8012866104260529,1.1404429086314185,1.0,0.01961426900746155
21,1,10,30,2,legacy,moderate,M2,0.013309615888283563,0.8012446321085837,1.141519937766183,1.0,0.01454344005868973
21,1,10,30,2,legacy,moderate,M3,0.011508025792719673,0.8011594327443291,1.1413631468582517,1.0,0.012680384757914916
21,1,10,30,2,legacy,moderate,M4,0.0071874055531423635,0.8011322439688456,1.1422837027650097,1.0,0.007642450780107436
21,1,10,30,2,legacy,near_linear,M1,0.008057774424714063,0.39750533870327814,0.5679584606473449,1.0,0.0095832086371221
21,1,10,30,2,legacy,near_linear,M2,0.00660589713645794,0.3974867528791105,0.5685362555608918,1.0,0.00723352202087057
21,1,10,30,2,legacy,near_linear,M3,0.005542292098002983,0.3974506849714182,0.5684449575022067,1.0,0.006076324399954544
21,1,10,30,2,legacy,near_linear,M4,0.0034487013072060633,0.3974383960520676,0.5689398881393355,1.0,0.0036711685893463636
21,1,10,30,2,legacy,strong,M1,0.025881924805820165,1.2199404180713431,1.748535303511792,1.0,0.031082707119676443
21,1,10,30,2,legacy,strong,M2,0.020491381206287483,1.2198658088723566,1.7495870805260352,1.0,0.02225658883367907
21,1,10,30,2,legacy,strong,M3,0.018746019706757613,1.2196823568501405,1.7551736756068503,1.0,0.020776010527572143
21,1,10,30,2,legacy,strong,M4,0.011902431349444655,1.2196381649474866,1.757441932467955,1.0,0.01261408025172343
21,1,10,30,2,vy,moderate,M1,0.016448226344872467,0.8012715251622974,1.1405441707148731,1.0,0.019628358954110522
21,1,10,30,2,vy,moderate,M2,0.01330919782732518,0.8012296372142494,1.14162284658739,1.0,0.01454208903264775
21,1,10,30,2,vy,moderate,M3,0.011524028707220229,0.8011471848629892,1.1414655918083605,1.0,0.012704355589041132
21,1,10,30,2,vy,moderate,M4,0.00719490488865887,0.8011199551983814,1.142388641527613,1.0,0.00765258188156124
21,1,10,30,2,vy,near_linear,M1,0.008060153050314682,0.39749322533926185,0.5680142010224005,1.0,0.00958772379821559
21,1,10,30,2,vy,near_linear,M2,0.006605600066188088,0.397474700565034,0.5685929846601122,1.0,0.0072328846918528365
21,1,10,30,2,vy,near_linear,M3,0.005547844748667674,0.39743974919732256,0.5685013427311061,1.0,0.006081227338698123
21,1,10,30,2,vy,near_linear,M4,0.0034510538484533167,0.39742745787313216,0.5689969702493537,1.0,0.0036744894835781063
21,1,10,30,2,vy,strong,M1,0.025911341040235056,1.2199519492359927,1.7606694511581424,1.0,0.031135559423893445
21,1,10,30,2,vy,strong,M2,0.020497338089935757,1.2198774964337615,1.7617906295954997,1.0,0.022258680180461916
21,1,10,30,2,vy,strong,M3,0.018795757941769856,1.219699786395003,1.7674209168127362,1.0,0.020829148440667286
21,1,10,30,2,vy,strong,M4,0.011929286358290188,1.2196555916520526,1.76976534895652,1.0,0.01264761866406727
21,1,18,22,1,beta_noacc,moderate,M1,0.0328360966912561,0.8002610415181229,2.2012403649497845,1.0,0.037879419970216745
21,1,18,22,1,beta_noacc,moderate,M2,0.028511102747303462,0.8003202770799073,2.2194427833709707,1.0,0.030437937700002023
21,1,18,22,1,beta_noacc,moderate,M3,0.0325532518196394,0.800149478982939,2.2038504837454567,1.0,0.03684096930486189
21,1,18,22,1,beta_noacc,moderate,M4,0.028185234955823313,0.800217592641569,2.2228667382188614,1.0,0.03009468337772096
21,1,18,22,1,beta_noacc,near_linear,M1,0.015840604289815038,0.39811111818515527,1.0950864695367128,1.0,0.018216022019079847
21,1,18,22,1,beta_noacc,near_linear,M2,0.013721106888612377,0.39814006172879957,1.1037854451275697,1.0,0.014654439069425033
21,1,18,22,1,beta_noacc,near_linear,M3,0.015698973553945856,0.39805737896407367,1.096362925393468,1.0,0.017699304636438876
21,1,18,22,1,beta_noacc,near_linear,M4,0.013554677022993055,0.39809059274610537,1.1054636976230816,1.0,0.014484668715916705
21,1,18,22,1,beta_noacc,strong,M1,0.05286114482544532,1.211070953160271,3.3217791144937623,1.0,0.061382558833789805
21,1,18,22,1,beta_noacc,strong,M2,0.04618949795325319,1.2111683919331047,3.350475567791652,1.0,0.049254846629968534
21,1,18,22,1,beta_noacc,strong,M3,0.05242875063519551,1.2108922601038807,3.325685601585209,1.0,0.05980684177967732
21,1,18,22,1,beta_noacc,strong,M4,0.04570638848812181,1.2110039396623702,3.3556054500954247,1.0,0.04871805127213698
21,1,18,22,1,legacy,moderate,M1,0.03283619622745626,0.8002610711826522,2.201123595114633,1.0,0.03788024976618442
21,1,18,22,1,legacy,moderate,M2,0.02851095491112942,0.8003202981979209,2.2193283469418104,1.0,0.030437759650897518
21,1,18,22,1,legacy,moderate,M3,0.03255310061989677,0.800149486738283,2.203733701275075,1.0,0.03684165954211657
21,1,18,22,1,legacy,moderate,M4,0.02818484511767654,0.8002175923355918,2.2227522136149447,1.0,0.0300942693730975
21,1,18,22,1,legacy,near_linear,M1,0.01584060090690126,0.39811115081314413,1.095024748953058,1.0,0.018216364270137102
21,1,18,22,1,legacy,near_linear,M2,0.013720976967934511,0.39814008974222886,1.1037246883654892,1.0,0.014654289943532104
21,1,18,22,1,legacy,near_linear,M3,0.015698838106179704,0.3980573996792806,1.0963011981983943,1.0,0.017699570884550504
21,1,18,22,1,legacy,near_linear,M4,0.013554420328853036,0.3980906090500016,1.1054028957925015,1.0,0.01448439720727074
21,1,18,22,1,legacy,strong,M1,0.052861718948160344,1.2110708655989761,3.3216043899984418,1.0,0.06138435873077563
21,1,18,22,1,legacy,strong,M2,0.04618975034152004,1.2111682939829753,3.3503048159122577,1.0,0.04925507047638791
21,1,18,22,1,legacy,strong,M3,0.052428987329465826,1.2108921455702648,3.3255107609223558,1.0,0.059808468264064135
21,1,18,22,1,legacy,strong,M4,0.045706313650169396,1.211003815673783,3.3554344521166364,1.0,0.04871795036419881
21,1,18,22,1,vy,moderate,M1,0.03284116463525061,0.8002424303450368,2.2029336830089283,1.0,0.03788894505335376
21,1,18,22,1,vy,moderate,M2,0.02851189713645019,0.8003013988454083,2.2211864566854684,1.0,0.030438533984514085
21,1,18,22,1,vy,moderate,M3,0.03255861900785281,0.8001311493491149,2.205541854968474,1.0,0.03685132220783125
21,1,18,22,1,vy,moderate,M4,0.028185283801812643,0.8001989975593282,2.2246083352904016,1.0,0.03009406228623902
21,1,18,22,1,vy,near_linear,M1,0.015841927652151064,0.39810243846713395,1.0957955885584183,1.0,0.018218738304317375
21,1,18,22,1,vy,near_linear,M2,0.013720520366680027,0.3981312546459172,1.1045117381132206,1.0,0.01465345024700464
21,1,18,22,1,vy,near_linear,M3,0.015700387352818874,0.39804881571223255,1.097071031039802,1.0,0.017702334054231352
21,1,18,22,1,vy,near_linear,M4,0.01355367332224848,0.3980819024277575,1.106188862709538,1.0,0.014483038658332677
21,1,18,22,1,vy,strong,M1,0.05287863807225082,1.2110378819665766,3.324790366240375,1.0,0.06141302989464899
21,1,18,22,1,vy,strong,M2,0.046199653450279245,1.2111349046083548,3.353599170994481,1.0,0.04926718249081665
21,1,18,22,1,vy,strong,M3,0.052447043825474174,1.210859766275689,3.3287140274187355,1.0,0.05983919248250789
21,1,18,22,1,vy,strong,M4,0.045715713811943656,1.2109710356263617,3.3587240257822697,1.0,0.04872879851458804
21,1,18,22,2,beta_noacc,moderate,M1,0.011380286319240209,0.8002756251307447,1.1237686862453753,1.0,0.012563268453241433
21,1,18,22,2,beta_noacc,moderate,M2,0.007891712860802137,0.8002779050628948,1.1257807945024247,1.0,0.0084607605935341
21,1,18,22,2,beta_noacc,moderate,M3,0.011157014177469716,0.8002439414072351,1.1247234828286186,1.0,0.013344725880991089
21,1,18,22,2,beta_noacc,moderate,M4,0.007690834183109086,0.8002489316131262,1.1269300148510033,1.0,0.008341992233360936
21,1,18,22,2,beta_noacc,near_linear,M1,0.00550721836774036,0.3977536020746139,0.5553843359816882,1.0,0.006099474344548377
21,1,18,22,2,beta_noacc,near_linear,M2,0.003808616944187789,0.39775520429151145,0.5564125876946787,1.0,0.0040812807770665895
21,1,18,22,2,beta_noacc,near_linear,M3,0.005391355139920699,0.3977384871590414,0.5558430161216803,1.0,0.006482528339748794
21,1,18,22,2,beta_noacc,near_linear,M4,0.003696302571082952,0.39774136742102306,0.556968143975402,1.0,0.00401302134672031
21,1,18,22,2,beta_noacc,strong,M1,0.018224647310329037,1.2136880924416242,1.7247346467468498,1.0,0.01992667270020629
21,1,18,22,2,beta_noacc,strong,M2,0.01273660500996579,1.2136897601757881,1.7276798615348,1.0,0.013659104415962976
21,1,18,22,2,beta_noacc,strong,M3,0.01791078538679621,1.2136360037957235,1.7262799021940871,1.0,0.021127255037835767
21,1,18,22,2,beta_noacc,strong,M4,0.01249343209371396,1.2136422282883923,1.7295241591372357,1.0,0.013521794520682319
21,1,18,22,2,legacy,moderate,M1,0.011380437256672659,0.800275842833636,1.123754312169874,1.0,0.01256299364839365
21,1,18,22,2,legacy,moderate,M2,0.007891714776339724,0.8002781217488263,1.1257666595151028,1.0,0.00846073679829404
21,1,18,22,2,legacy,moderate,M3,0.01115704712157815,0.8002441529921499,1.124709165713035,1.0,0.013344290774243346
21,1,18,22,2,legacy,moderate,M4,0.007690713693565623,0.8002491424999151,1.126915924226694,1.0,0.00834185619087163
21,1,18,22,2,legacy,near_linear,M1,0.0055072888130505,0.39775370294141826,0.5553746691207145,1.0,0.006099335052916524
21,1,18,22,2,legacy,near_linear,M2,0.003808615762954571,0.3977553045926133,0.5564030643981388,1.0,0.0040812655777081736
21,1,18,22,2,legacy,near_linear,M3,0.005391363678002276,0.3977385846260524,0.5558334203639944,1.0,0.006482305208207297
21,1,18,22,2,legacy,near_linear,M4,0.00369623790239095,0.3977414644667304,0.5569586348867577,1.0,0.0040129485567746035
21,1,18,22,2,legacy,strong,M1,0.018224926945380058,1.2136884687522287,1.724729487289053,1.0,0.019927365870518483
21,1,18,22,2,legacy,strong,M2,0.01273664881114581,1.2136901355433642,1.7276752735329084,1.0,0.013659116218541356
21,1,18,22,2,legacy,strong,M3,0.01791090377623019,1.2136363732845161,1.7262748778985737,1.0,0.02112664603270805
21,1,18,22,2,legacy,strong,M4,0.01249330550270566,1.2136425974128908,1.7295196929537688,1.0,0.01352164688235711
21,1,18,22,2,vy,moderate,M1,0.011381773197460861,0.8002720050366017,1.1245053693472322,1.0,0.012564419036847213
21,1,18,22,2,vy,moderate,M2,0.007891945300334236,0.8002742481565417,1.126522638588506,1.0,0.00846106097281347
21,1,18,22,2,vy,moderate,M3,0.011158655142921454,0.8002404336421236,1.1254613707551222,1.0,0.01334631753746918
21,1,18,22,2,vy,moderate,M4,0.007691104983446677,0.80024538542806,1.127673117559462,1.0,0.008342291729626741
21,1,18,22,2,vy,near_linear,M1,0.005507724071196174,0.39775148011322836,0.5556866342769727,1.0,0.006099933872368449
21,1,18,22,2,vy,near_linear,M2,0.00380860497279323,0.39775306650626463,0.5567175087522832,1.0,0.004081262118795113
21,1,18,22,2,vy,near_linear,M3,0.005391919377914044,0.397736410564349,0.5561462957602945,1.0,0.006483178586887164
21,1,18,22,2,vy,near_linear,M4,0.00369628763885216,0.39773927419077015,0.5572734892399244,1.0,0.004012982745415184
21,1,18,22,2,vy,strong,M1,0.018228925950647918,1.2136845437409631,1.7263101324503347,1.0,0.019933430500097032
21,1,18,22,2,vy,strong,M2,0.012738236196284159,1.213686143654138,1.7292679858307662,1.0,0.013661206445432563
21,1,18,22,2,vy,strong,M3,0.017915390419013244,1.2136327010605101,1.7278586165889946,1.0,0.021130626352414788
21,1,18,22,2,vy,strong,M4,0.012495222376967215,1.2136388557186646,1.7311157611392352,1.0,0.013523966198223073
22,0,10,30,1,beta_noacc,moderate,M1,0.03640214508728627,0.7663406576773404,2.095378114494415,1.0,0.037181593063843034
22,0,10,30,1,beta_noacc,moderate,M2,0.03639381278553606,0.7663406975001513,2.0954463247377006,1.0,0.03719267167453812
22,0,10,30,1,beta_noacc,moderate,M3,0.02704471781230892,0.7660573578372303,2.1052330660149265,1.0,0.027678850897052985
22,0,10,30,1,beta_noacc,moderate,M4,0.027030166566673227,0.7660574338714977,2.1053220737893428,1.0,0.027739895775214515
22,0,10,30,1,beta_noacc,near_linear,M1,0.017692043506270922,0.38108127585368456,1.0477526120307066,1.0,0.01806941795208433
22,0,10,30,1,beta_noacc,near_linear,M2,0.017688033949828378,0.3810812920413491,1.047787463715402,1.0,0.018071477731418716
22,0,10,30,1,beta_noacc,near_linear,M3,0.012942866335368484,0.38095438157499023,1.0527375963603671,1.0,0.013254915092412193
22,0,10,30,1,beta_noacc,near_linear,M4,0.012935700094474237,0.38095441415971254,1.0527814314716666,1.0,0.013280075847371033
22,0,10,30,1,beta_noacc,strong,M1,0.05847151347066756,1.1602136181459832,3.1405426892554744,1.0,0.05970700402243551
22,0,10,30,1,beta_noacc,strong,M2,0.058458301869951816,1.1602137106741546,3.140645335504718,1.0,0.0597534043257889
22,0,10,30,1,beta_noacc,strong,M3,0.044773602175984625,1.1597103055382068,3.155102003419017,1.0,0.045758880231573026
22,0,10,30,1,beta_noacc,strong,M4,0.044751813985518404,1.159710461687417,3.155229583543991,1.0,0.04588789572124279
22,0,10,30,1,legacy,moderate,M1,0.03640306997343365,0.7663364232055263,2.0953877054072816,1.0,0.037183019172561345
22,0,10,30,1,legacy,moderate,M2,0.03639473075113523,0.7663364630448977,2.095455720896139,1.0,0.03719398372306793
22,0,10,30,1,legacy,moderate,M3,0.02704170014609429,0.7660522365462878,2.105213787442605,1.0,0.027676592366211623
22,0,10,30,1,legacy,moderate,M4,0.027027146921722953,0.7660523125473035,2.105301527789994,1.0,0.027737529647777464
22,0,10,30,1,legacy,near_linear,M1,0.017692264606368142,0.38107949993503315,1.047756131342053,1.0,0.018069877208888637
22,0,10,30,1,legacy,near_linear,M2,0.017688251589024397,0.38107951612631635,1.0477908905114497,1.0,0.01807187919538344
22,0,10,30,1,legacy,near_linear,M3,0.012940969793117875,0.3809521441591377,1.0527326182778758,1.0,0.013253387396782045
22,0,10,30,1,legacy,near_linear,M4,0.012933802327588782,0.38095217672421094,1.0527763706942763,1.0,0.013278491901792661
22,0,10,30,1,legacy,strong,M1,0.058475563172451395,1.1602049800741656,3.140547669925864,1.0,0.059711886384987374
22,0,10,30,1,legacy,strong,M2,0.05846234198079422,1.1602050726493802,3.1406499980025946,1.0,0.05975813435812838
22,0,10,30,1,legacy,strong,M3,0.044772808765564186,1.1597004461092213,3.1550799423474967,1.0,0.045759281164483315
22,0,10,30,1,legacy,strong,M4,0.04475101914018966,1.159700602218446,3.155207234332982,1.0,0.04588816457605804
22,0,10,30,1,vy,moderate,M1,0.03641536769616923,0.7662605138689694,2.096317867352828,1.0,0.03719672115026316
22,0,10,30,1,vy,moderate,M2,0.03640696100014638,0.7662605541270163,2.096385757481396,1.0,0.03720727748498727
22,0,10,30,1,vy,moderate,M3,0.02705945131840937,0.7659830432664413,2.106168589527889,1.0,0.027697279326383054
22,0,10,30,1,vy,moderate,M4,0.027044849939727826,0.7659831193430265,2.106257283697706,1.0,0.027757910179326065
22,0,10,30,1,vy,near_linear,M1,0.0176931938366229,0.3810436355959791,1.0482187417103614,1.0,0.01807105117964038
22,0,10,30,1,vy,near_linear,M2,0.017689152333985228,0.3810436518723263,1.0482535100438108,1.0,0.01807288579204341
22,0,10,30,1,vy,near_linear,M3,0.01294182296066185,0.38091920893890346,1.053199148775087,1.0,0.013255195959587835
22,0,10,30,1,vy,near_linear,M4,0.012934632284386767,0.38091924146024625,1.0532428958048603,1.0,0.013280169084036444
22,0,10,30,1,vy,strong,M1,0.0585722087311775,1.1600556694388744,3.142009599857454,1.0,0.05981430884446458
22,0,10,30,1,vy,strong,M2,0.0585588648359956,1.160055763778862,3.1421113115705173,1.0,0.059859946450866335
22,0,10,30,1,vy,strong,M3,0.04489914234464208,1.1595641031476476,3.156534346327989,1.0,0.04589395770453759
22,0,10,30,1,vy,strong,M4,0.044877297510239354,1.159564260103822,3.156660975483016,1.0,0.046022415742645664
22,0,10,30,2,beta_noacc,moderate,M1,0.013992588091966117,0.7686032378607004,1.039667037670053,1.0,0.014487732725428464
22,0,10,30,2,beta_noacc,moderate,M2,0.013988048381563395,0.7686032377757509,1.0396756545549048,1.0,0.01442776313640778
22,0,10,30,2,beta_noacc,moderate,M3,0.007511845274703399,0.7684946121955456,1.0403881322643398,1.0,0.007950382924130988
22,0,10,30,2,beta_noacc,moderate,M4,0.007497440116425448,0.7684946236716483,1.0403977835352285,1.0,0.007908174334099573
22,0,10,30,2,beta_noacc,near_linear,M1,0.006928392077704883,0.38156240019317395,0.5187878539290922,1.0,0.007167068010722367
22,0,10,30,2,beta_noacc,near_linear,M2,0.006926271421432808,0.38156239913218265,0.5187930271927226,1.0,0.0071374188705185205
22,0,10,30,2,beta_noacc,near_linear,M3,0.003615251526527019,0.38151546818194304,0.5191804915397994,1.0,0.0038387407397898134
22,0,10,30,2,beta_noacc,near_linear,M4,0.0036086179486252245,0.38151547209434666,0.5191861387285798,1.0,0.003815971415126823
22,0,10,30,2,beta_noacc,strong,M1,0.02163396093959787,1.168535278716509,1.565234285379185,1.0,0.02243164192063358
22,0,10,30,2,beta_noacc,strong,M2,0.021626220722295413,1.1685352935146038,1.565230764315671,1.0,0.02234200581128904
22,0,10,30,2,beta_noacc,strong,M3,0.012367348657226825,1.168317333763689,1.5660964683452228,1.0,0.013000973522897646
22,0,10,30,2,beta_noacc,strong,M4,0.012343318780666624,1.1683173716073676,1.5660857607820682,1.0,0.012948469109354823
22,0,10,30,2,legacy,moderate,M1,0.013993251215667296,0.7686021082765644,1.0396782718585582,1.0,0.01448858266100716
22,0,10,30,2,legacy,moderate,M2,0.01398870892919535,0.7686021081964701,1.0396868626091105,1.0,0.014428574763290413
22,0,10,30,2,legacy,moderate,M3,0.007511271512706377,0.7684932431737843,1.0403972154840275,1.0,0.007950112580354484
22,0,10,30,2,legacy,moderate,M4,0.007496868629238309,0.7684932546480563,1.0404068432613514,1.0,0.007907861829511927
22,0,10,30,2,legacy,near_linear,M1,0.006928712779696564,0.3815619133860007,0.5187944180860201,1.0,0.007167477780431444
22,0,10,30,2,legacy,near_linear,M2,0.006926590957074504,0.3815619123257455,0.5187995788311066,1.0,0.007137810075611534
22,0,10,30,2,legacy,near_linear,M3,0.0036149467151862934,0.38151485531362944,0.519185998696629,1.0,0.0038385823897645237
22,0,10,30,2,legacy,near_linear,M4,0.003608314009623729,0.38151485922375034,0.5191916346367416,1.0,0.0038157917590146864
22,0,10,30,2,legacy,strong,M1,0.021635213103539604,1.1685329877990651,1.5652475980069798,1.0,0.02243320709001553
22,0,10,30,2,legacy,strong,M2,0.02162746835087597,1.1685330026215244,1.5652441346528814,1.0,0.02234351093437977
22,0,10,30,2,legacy,strong,M3,0.012366889986043945,1.1683147286550752,1.5661051397487578,1.0,0.013001007804542697
22,0,10,30,2,legacy,strong,M4,0.012342864392766767,1.1683147665099876,1.566095773140853,1.0,0.012948447570474789
22,0,10,30,2,vy,moderate,M1,0.01399301231527031,0.7685830687097196,1.0397915083662153,1.0,0.01448881006119895
22,0,10,30,2,vy,moderate,M2,0.013988436134275948,0.7685830691407419,1.0398000551056037,1.0,0.01442865675677388
22,0,10,30,2,vy,moderate,M3,0.007517713743190228,0.7684768895310666,1.0405100310454314,1.0,0.007956361708800394
22,0,10,30,2,vy,moderate,M4,0.007503261886331478,0.7684769013810212,1.0405196122175309,1.0,0.007914052871056397
22,0,10,30,2,vy,near_linear,M1,0.0069283886384300915,0.3815486323865644,0.5188546253124591,1.0,0.00716728387650438
22,0,10,30,2,vy,near_linear,M2,0.006926253404191957,0.3815486315301858,0.5188597701294071,1.0,0.00713756154749328
22,0,10,30,2,vy,near_linear,M3,0.003616765735735548,0.38150269196308695,0.5192461371419826,1.0,0.00384028033915582
22,0,10,30,2,vy,near_linear,M4,0.003610113163337752,0.38150269602280723,0.5192517555575569,1.0,0.003817465417594567
22,0,10,30,2,vy,strong,M1,0.021642999156318236,1.1685314229192985,1.5653830979638974,1.0,0.02244277532330601
22,0,10,30,2,vy,strong,M2,0.0216351776727208,1.1685314391936024,1.5653798479983014,1.0,0.022352738647611402
22,0,10,30,2,vy,strong,M3,0.012393499148542032,1.1683187408135856,1.5662438686478048,1.0,0.013027976304115126
22,0,10,30,2,vy,strong,M4,0.01236939017141059,1.168318779801719,1.5662334280483243,1.0,0.01297531345665307
22,0,18,22,1,beta_noacc,moderate,M1,0.02905596443537675,0.770449219233821,1.913502181640817,1.0,0.029562717791165004
22,0,18,22,1,beta_noacc,moderate,M2,0.029044192457326052,0.7704492850715605,1.913730070585324,1.0,0.029642410560549632
22,0,18,22,1,beta_noacc,moderate,M3,0.02861421850203229,0.7703492404852109,1.91601920744155,1.0,0.029032687369226755
22,0,18,22,1,beta_noacc,moderate,M4,0.028601619088786535,0.7703493128968367,1.916255188175882,1.0,0.029130357545854548
22,0,18,22,1,beta_noacc,near_linear,M1,0.013975670078951185,0.3834704412653433,0.9582736027772674,1.0,0.01422332488505987
22,0,18,22,1,beta_noacc,near_linear,M2,0.013969810600010985,0.3834704718271864,0.9583803568977116,1.0,0.014259644983847249
22,0,18,22,1,beta_noacc,near_linear,M3,0.013752405705390706,0.383422207068048,0.9595320672387402,1.0,0.013956006568126626
22,0,18,22,1,beta_noacc,near_linear,M4,0.013746120522649235,0.38342224077191167,0.9596428739299224,1.0,0.01400130245751959
22,0,18,22,1,beta_noacc,strong,M1,0.047122992504982954,1.1648776978025113,2.8504460938495515,1.0,0.047920015454972285
22,0,18,22,1,beta_noacc,strong,M2,0.0471053787675997,1.1648778148629408,2.849837683270915,1.0,0.048062139453719545
22,0,18,22,1,beta_noacc,strong,M3,0.046461403333272,1.1647180430121595,2.854290019163248,1.0,0.04712676448307384
22,0,18,22,1,beta_noacc,strong,M4,0.04644262506912899,1.1647181707309058,2.8536810728488,1.0,0.04729570261613549
22,0,18,22,1,legacy,moderate,M1,0.029055984301006383,0.7704493219268086,1.9133187269020977,1.0,0.029562862946935824
22,0,18,22,1,legacy,moderate,M2,0.029044211862376733,0.7704493877627008,1.913546687545133,1.0,0.029642531430757898
22,0,18,22,1,legacy,moderate,M3,0.028614019842139262,0.7703493179439497,1.915835715109788,1.0,0.02903262080097019
22,0,18,22,1,legacy,moderate,M4,0.028601420416156934,0.7703493903515984,1.916071767027398,1.0,0.02913026829404009
22,0,18,22,1,legacy,near_linear,M1,0.013975621174749686,0.38347051266536913,0.9581832073829404,1.0,0.014223339028292108
22,0,18,22,1,legacy,near_linear,M2,0.01396976143799242,0.3834705432257902,0.9582899941434296,1.0,0.0142596463226834
22,0,18,22,1,legacy,near_linear,M3,0.013752241500009527,0.38342226503699417,0.9594416470984656,1.0,0.013955908766571157
22,0,18,22,1,legacy,near_linear,M4,0.013745956300686897,0.383422298738425,0.9595524861525072,1.0,0.014001192668377106
22,0,18,22,1,legacy,strong,M1,0.047123512777846016,1.1648777064776383,2.850153473068389,1.0,0.047920720307176166
22,0,18,22,1,legacy,strong,M2,0.047105898576498884,1.1648778235384833,2.849544799609275,1.0,0.04806281318268281
22,0,18,22,1,legacy,strong,M3,0.046461632272322834,1.1647180186949957,2.8539973549248945,1.0,0.04712718798275404
22,0,18,22,1,legacy,strong,M4,0.046442854108504045,1.1647181464105687,2.8533881449022296,1.0,0.04729609728942664
22,0,18,22,1,vy,moderate,M1,0.029057885409345435,0.7704314614387796,1.9144589597816664,1.0,0.02956513966603612
22,0,18,22,1,vy,moderate,M2,0.029046105783417077,0.7704315270995855,1.914688948827664,1.0,0.029644746387474115
22,0,18,22,1,vy,moderate,M3,0.028615736877591485,0.7703317500357547,1.917007619560553,1.0,0.02903481607108914
22,0,18,22,1,vy,moderate,M4,0.028603130627390033,0.7703318222604608,1.9172386494619944,1.0,0.02913240091311945
22,0,18,22,1,vy,near_linear,M1,0.01397554038748845,0.38346219060068465,0.9587338499792942,1.0,0.014223391053960489
22,0,18,22,1,vy,near_linear,M2,0.01396967693498088,0.383462221074155,0.9588414706682202,1.0,0.014259673447809668
22,0,18,22,1,vy,near_linear,M3,0.01375201715779695,0.3834140676019808,0.9599910646992538,1.0,0.013955866613087583
22,0,18,22,1,vy,near_linear,M4,0.013745728372718952,0.38341410121378616,0.960102736908102,1.0,0.01400112529307789
22,0,18,22,1,vy,strong,M1,0.04713558674424703,1.1648458586227162,2.8518250927905617,1.0,0.047933732003691575
22,0,18,22,1,vy,strong,M2,0.04711796382116076,1.1648459754337475,2.851208592603881,1.0,0.048075698858375523
22,0,18,22,1,vy,strong,M3,0.0464737578970935,1.1646867453633545,2.855665802829369,1.0,0.04714041728036891
22,0,18,22,1,vy,strong,M4,0.04645497182271226,1.1646868728070823,2.85504875901274,1.0,0.04730919767179505
22,0,18,22,2,beta_noacc,moderate,M1,0.00817542789158638,0.7700314223424907,0.969271460069702,1.0,0.00854955352967959
22,0,18,22,2,beta_noacc,moderate,M2,0.008164857627694382,0.7700314308341342,0.9692307179614384,1.0,0.008517760286001853
22,0,18,22,2,beta_noacc,moderate,M3,0.00786016785969596,0.7700032421123129,0.9701558346751524,1.0,0.0081623757436747
22,0,18,22,2,beta_noacc,moderate,M4,0.007847610908879048,0.770003252534032,0.970114533523337,1.0,0.00814279691596685
22,0,18,22,2,beta_noacc,near_linear,M1,0.003947263802011226,0.3829218454103836,0.4812013337504771,1.0,0.004132890956679664
22,0,18,22,2,beta_noacc,near_linear,M2,0.003942105885035515,0.3829218491723208,0.4811788877752264,1.0,0.004116076299926327
22,0,18,22,2,beta_noacc,near_linear,M3,0.0037799745750027843,0.38290837261505783,0.4816292979408603,1.0,0.00393087834166306
22,0,18,22,2,beta_noacc,near_linear,M4,0.0037738196054943078,0.3829083772867837,0.4816065719158615,1.0,0.0039201392599229005
22,0,18,22,2,beta_noacc,strong,M1,0.013187347647894813,1.1666778472031496,1.473512164228737,1.0,0.013758701543514381
22,0,18,22,2,beta_noacc,strong,M2,0.013170899970924865,1.1666778648656073,1.4734609193658776,1.0,0.013716964972027334
22,0,18,22,2,beta_noacc,strong,M3,0.012761723675471683,1.1666317046152375,1.4749207629997432,1.0,0.013219597472271446
22,0,18,22,2,beta_noacc,strong,M4,0.012742365621409865,1.1666317255136176,1.4748686634007413,1.0,0.013196269878806507
22,0,18,22,2,legacy,moderate,M1,0.008175500369051745,0.7700316656384337,0.9692400762384372,1.0,0.008549684888606881
22,0,18,22,2,legacy,moderate,M2,0.008164929942822214,0.7700316741304777,0.9691993235637348,1.0,0.00851788320093519
22,0,18,22,2,legacy,moderate,M3,0.007860126326234961,0.770003478502105,0.9701244822855788,1.0,0.008162392683787692
22,0,18,22,2,legacy,moderate,M4,0.007847569805164293,0.77000348892384,0.9700831705335312,1.0,0.0081428058941771
22,0,18,22,2,legacy,near_linear,M1,0.003947297113251646,0.3829219615130164,0.4811841921941576,1.0,0.00413295403206812
22,0,18,22,2,legacy,near_linear,M2,0.003942139126997499,0.3829219652750027,0.4811617407782501,1.0,0.004116135179880507
22,0,18,22,2,legacy,near_linear,M3,0.0037799483480743887,0.382908484966813,0.4816121671342591,1.0,0.0039308814911184035
22,0,18,22,2,legacy,near_linear,M4,0.0037737936099217747,0.38290848963840596,0.4815894356562788,1.0,0.003920138367333053
22,0,18,22,2,legacy,strong,M1,0.01318750274209364,1.1666782452107876,1.4734739106536456,1.0,0.013758943047386403
22,0,18,22,2,legacy,strong,M2,0.013171054826097582,1.1666782628750714,1.473422649190199,1.0,0.013717193992982758
22,0,18,22,2,legacy,strong,M3,0.012761721858130739,1.1666320943058313,1.474882585759793,1.0,0.01321968222403935
22,0,18,22,2,legacy,strong,M4,0.012742364387204384,1.166632115205374,1.4748304694631174,1.0,0.013196343268465601
22,0,18,22,2,vy,moderate,M1,0.008175793597634526,0.7700279020253932,0.9698830455979286,1.0,0.00855001924256187
22,0,18,22,2,vy,moderate,M2,0.008165218394467015,0.7700279105086311,0.9698420643983846,1.0,0.008518201187582659
22,0,18,22,2,vy,moderate,M3,0.007860580778119389,0.7699998276464536,0.9707686266090794,1.0,0.008162888231384342
22,0,18,22,2,vy,moderate,M4,0.007848019415531985,0.7699998380565561,0.9707270857961076,1.0,0.008143291271709253
22,0,18,22,2,vy,near_linear,M1,0.003947298357616974,0.3829198071966786,0.4814568978337436,1.0,0.004132964078869447
22,0,18,22,2,vy,near_linear,M2,0.003942138071125817,0.38291981095369976,0.4814343272000314,1.0,0.004116138140545223
22,0,18,22,2,vy,near_linear,M3,0.003780010879241477,0.38290637725069054,0.4818852948380631,1.0,0.00393095454519074
22,0,18,22,2,vy,near_linear,M4,0.003773853793323481,0.3829063819162312,0.4818624439988352,1.0,0.00392020732348145
22,0,18,22,2,vy,strong,M1,0.013189363513539937,1.166674213976722,1.4747630017006028,1.0,0.013760962736878686
22,0,18,22,2,vy,strong,M2,0.013172908446525652,1.1666742316390701,1.4747113954738549,1.0,0.013719181923751296
22,0,18,22,2,vy,strong,M3,0.01276391384198885,1.1666283020798462,1.4761745698084372,1.0,0.013222024392018058
22,0,18,22,2,vy,strong,M4,0.012744549281564353,1.1666283229705319,1.4761221065983257,1.0,0.013198663535819083
22,1,10,30,1,beta_noacc,moderate,M1,0.041816213216226424,0.8103191751105554,2.290049948245284,1.0,0.05181891506670546
22,1,10,30,1,beta_noacc,moderate,M2,0.037134612611292556,0.810278665419081,2.2981579078056784,1.0,0.03751580212868608
22,1,10,30,1,beta_noacc,moderate,M3,0.03408882658895345,0.809968764670918,2.3014155300749937,1.0,0.04142460582025878
22,1,10,30,1,beta_noacc,moderate,M4,0.027813228391724933,0.8099676486285713,2.3093696775894097,1.0,0.02925053723953301
22,1,10,30,1,beta_noacc,near_linear,M1,0.020280666024631057,0.4025972333782925,1.1420031656595064,1.0,0.025043324048958183
22,1,10,30,1,beta_noacc,near_linear,M2,0.01805574850883562,0.4025774409253013,1.1461115874073402,1.0,0.018182722496950094
22,1,10,30,1,beta_noacc,near_linear,M3,0.01636854883078049,0.4024407935300832,1.147697687998898,1.0,0.019859180278573325
22,1,10,30,1,beta_noacc,near_linear,M4,0.013315123202633493,0.4024387578317129,1.1516527762532929,1.0,0.014035345734159377
22,1,10,30,1,beta_noacc,strong,M1,0.06716053369620402,1.2288643258818264,3.450818079634141,1.0,0.08366352326077528
22,1,10,30,1,beta_noacc,strong,M2,0.059607760913846834,1.2288130433876239,3.4629423870289955,1.0,0.06053546841928946
22,1,10,30,1,beta_noacc,strong,M3,0.05569911307748565,1.2282345488950877,3.4679984693731662,1.0,0.06797190529802764
22,1,10,30,1,beta_noacc,strong,M4,0.04602257237699286,1.2282532144618754,3.4797899687786797,1.0,0.04817204115057482
22,1,10,30,1,legacy,moderate,M1,0.041819449447082824,0.8103140454097324,2.2901200817295924,1.0,0.051825791669290466
22,1,10,30,1,legacy,moderate,M2,0.0371354252965619,0.8102735115743138,2.298212052632856,1.0,0.0375165796925979
22,1,10,30,1,legacy,moderate,M3,0.03408757272481429,0.8099628142914309,2.301468706572598,1.0,0.04143002270366969
22,1,10,30,1,legacy,moderate,M4,0.027809993443209953,0.8099616978756339,2.309399756688524,1.0,0.02924709747592051
22,1,10,30,1,legacy,near_linear,M1,0.020282014886405825,0.4025950020457318,1.1420367839155543,1.0,0.02504628787795048
22,1,10,30,1,legacy,near_linear,M2,0.018055913930158325,0.4025751935141459,1.1461375867935388,1.0,0.018182830804892247
22,1,10,30,1,legacy,near_linear,M3,0.016367522828674635,0.4024381289525115,1.1477229631919186,1.0,0.01986128714902472
22,1,10,30,1,legacy,near_linear,M4,0.013313123267947815,0.4024360883702572,1.1516719106242748,1.0,0.014033239783503387
22,1,10,30,1,legacy,strong,M1,0.06716800798542594,1.2288543276840576,3.45091978869001,1.0,0.08367788137770121
22,1,10,30,1,legacy,strong,M2,0.05961166822181236,1.2288030333655646,3.463003677635888,1.0,0.060539471457548864
22,1,10,30,1,legacy,strong,M3,0.055700777831953534,1.228223461945975,3.4680738573904795,1.0,0.0679848662607086
22,1,10,30,1,legacy,strong,M4,0.04602146196324738,1.2282421542423112,3.4798294613780474,1.0,0.048170473337401966
22,1,10,30,1,vy,moderate,M1,0.0418555912829052,0.8102448540149048,2.290806639982871,1.0,0.051891969919273424
22,1,10,30,1,vy,moderate,M2,0.03714769691093899,0.8102034433677433,2.2989207636441416,1.0,0.0375355371781031
22,1,10,30,1,vy,moderate,M3,0.03414652659881922,0.8099008547699865,2.302169555585874,1.0,0.041526973402278525
22,1,10,30,1,vy,moderate,M4,0.027825029320736404,0.8098987931357574,2.3101245767338576,1.0,0.029262076483169745
22,1,10,30,1,vy,near_linear,M1,0.02029136585020409,0.4025611110244871,1.1423839563519838,1.0,0.025063201131093067
22,1,10,30,1,vy,near_linear,M2,0.01805671304272384,0.4025408607186011,1.146497721799593,1.0,0.01818478251779406
22,1,10,30,1,vy,near_linear,M3,0.016385585490843766,0.4024073667709863,1.1480780556184047,1.0,0.019890107404062822
22,1,10,30,1,vy,near_linear,M4,0.01331268753759487,0.4024048294285009,1.152037301654696,1.0,0.014031209572631707
22,1,10,30,1,vy,strong,M1,0.06732046465460043,1.2287247715539988,3.4519450872958277,1.0,0.08394036266882175
22,1,10,30,1,vy,strong,M2,0.059709688979994395,1.2286726667065548,3.464069921506468,1.0,0.06066852053271719
22,1,10,30,1,vy,strong,M3,0.05590282675760144,1.228108073590267,3.469115864092033,1.0,0.06831691735146762
22,1,10,30,1,vy,strong,M4,0.04614391575298608,1.2281259853308681,3.4809056524960504,1.0,0.048308313980367314
22,1,10,30,2,beta_noacc,moderate,M1,0.017383058372231766,0.8132884879492402,1.1415975590634784,1.0,0.02190286387334773
22,1,10,30,2,beta_noacc,moderate,M2,0.014172004101264122,0.8132579544540733,1.1426471129474456,1.0,0.01442776313640778
22,1,10,30,2,beta_noacc,moderate,M3,0.012633745783876788,0.8131576074204305,1.1425118585420715,1.0,0.01497218377029516
22,1,10,30,2,beta_noacc,moderate,M4,0.007701732166204594,0.8131409980432611,1.1434105058475343,1.0,0.008231878508040196
22,1,10,30,2,beta_noacc,near_linear,M1,0.008513233363153223,0.4033639059289212,0.5685498169086989,1.0,0.010687253029347484
22,1,10,30,2,beta_noacc,near_linear,M2,0.007024204144619216,0.403350276007919,0.5691122285386148,1.0,0.007150807138988854
22,1,10,30,2,beta_noacc,near_linear,M3,0.006087705640988644,0.40330766129721035,0.5690326048746164,1.0,0.00724883659976122
22,1,10,30,2,beta_noacc,near_linear,M4,0.003709346912321804,0.40329993928327507,0.5695091369629635,1.0,0.003987825022714703
22,1,10,30,2,beta_noacc,strong,M1,0.027403365642546917,1.238777210041554,1.7508585595272774,1.0,0.0347652672343878
22,1,10,30,2,beta_noacc,strong,M2,0.02187168964424124,1.2387254516549853,1.7517996583096822,1.0,0.02234200581128904
22,1,10,30,2,beta_noacc,strong,M3,0.020539100051502026,1.2385114391642589,1.757653752824176,1.0,0.024201108420715833
22,1,10,30,2,beta_noacc,strong,M4,0.0126680798379923,1.238488528150002,1.759766485078858,1.0,0.013392518352082777
22,1,10,30,2,legacy,moderate,M1,0.017384749197076037,0.8132870865749297,1.141614194809786,1.0,0.021905854588503314
22,1,10,30,2,legacy,moderate,M2,0.014172635668939781,0.8132565482767657,1.142661836201892,1.0,0.014428574763290413
22,1,10,30,2,legacy,moderate,M3,0.012634037705304831,0.8131559820466977,1.1425263710179787,1.0,0.01497452201206529
22,1,10,30,2,legacy,moderate,M4,0.007701079657570679,0.8131393803714846,1.1434223199158824,1.0,0.008231150178078643
22,1,10,30,2,legacy,near_linear,M1,0.008514039053540005,0.4033632564547771,0.5685591830695371,1.0,0.010688651858478566
22,1,10,30,2,legacy,near_linear,M2,0.007024512119592172,0.40334962341984354,0.5691206682413255,1.0,0.00715103899892124
22,1,10,30,2,legacy,near_linear,M3,0.00608778826485037,0.4033068918537728,0.5690409261586368,1.0,0.007249897518348883
22,1,10,30,2,legacy,near_linear,M4,0.00370900829558397,0.40329917262473586,0.5695167246982044,1.0,0.003987445657246204
22,1,10,30,2,legacy,strong,M1,0.027406319370367044,1.2387747086116792,1.750974106980484,1.0,0.03477064853196092
22,1,10,30,2,legacy,strong,M2,0.02187287874158015,1.238722953056784,1.7519201066687835,1.0,0.02234351093437977
22,1,10,30,2,legacy,strong,M3,0.020540197578866513,1.2385086580171216,1.7577729060796992,1.0,0.024205640363638984
22,1,10,30,2,legacy,strong,M4,0.012667474542195854,1.2384857714918995,1.759890392313678,1.0,0.013391816475705027
22,1,10,30,2,vy,moderate,M1,0.01739483424003192,0.8132734712112628,1.141714213877686,1.0,0.021926455456891505
22,1,10,30,2,vy,moderate,M2,0.014172213434304777,0.8132430320089971,1.142763672143445,1.0,0.01442865675677388
22,1,10,30,2,vy,moderate,M3,0.012652140439337906,0.8131453568468133,1.1426275833892845,1.0,0.014994979862281868
22,1,10,30,2,vy,moderate,M4,0.007707137280661626,0.8131287558036078,1.1435260188738603,1.0,0.00823803342489486
22,1,10,30,2,vy,near_linear,M1,0.008517387266726588,0.40335148149795197,0.5686142802872569,1.0,0.010695647989832729
22,1,10,30,2,vy,near_linear,M2,0.007024102911119989,0.4033379084454408,0.5691768231100044,1.0,0.007150229673363127
22,1,10,30,2,vy,near_linear,M3,0.006094151194495064,0.40329635281967946,0.5690966654663381,1.0,0.0072564131228567
22,1,10,30,2,vy,near_linear,M4,0.003710644260625119,0.40328864301254763,0.5695732270554033,1.0,0.003989272057544653
22,1,10,30,2,vy,strong,M1,0.02744224582002401,1.2387915925189341,1.762977836480196,1.0,0.03483964429659248
22,1,10,30,2,vy,strong,M2,0.021880461597745895,1.2387400737180376,1.763995683709381,1.0,0.022352738647611402
22,1,10,30,2,vy,strong,M3,0.02059509300113574,1.2385318000989338,1.7698696957138138,1.0,0.024277909238881634
22,1,10,30,2,vy,strong,M4,0.012693491049739712,1.2385090684317892,1.7720658123249615,1.0,0.01342176092569908
22,1,18,22,1,beta_noacc,moderate,M1,0.03467323045188966,0.8113260689111861,2.208159170897813,1.0,0.04132445404873813
22,1,18,22,1,beta_noacc,moderate,M2,0.029831884805830215,0.8114099243732484,2.225732820689372,1.0,0.03172032512641984
22,1,18,22,1,beta_noacc,moderate,M3,0.03434297167388573,0.8112114388881374,2.2108182131200533,1.0,0.04009829013984627
22,1,18,22,1,beta_noacc,moderate,M4,0.029400850714727436,0.8113034494208572,2.229220368654078,1.0,0.031192557558768385
22,1,18,22,1,beta_noacc,near_linear,M1,0.016733908200069265,0.4035513118602602,1.0984563935079927,1.0,0.0198982156774573
22,1,18,22,1,beta_noacc,near_linear,M2,0.014354033392669573,0.4035913639523333,1.106941908660704,1.0,0.015270088458979264
22,1,18,22,1,beta_noacc,near_linear,M3,0.016568269700293427,0.40349610014385345,1.0997903945372882,1.0,0.019286862010979365
22,1,18,22,1,beta_noacc,near_linear,M4,0.014134807924593375,0.4035400712217342,1.1086690848215246,1.0,0.015008079569230467
22,1,18,22,1,beta_noacc,strong,M1,0.05577105667375957,1.2281694166739565,3.332126743854821,1.0,0.06678971284945948
22,1,18,22,1,beta_noacc,strong,M2,0.04835044667920904,1.2283110651931475,3.359988180814653,1.0,0.05134863174792608
22,1,18,22,1,beta_noacc,strong,M3,0.05526944654573894,1.22798576841981,3.336210909554294,1.0,0.06493855647591638
22,1,18,22,1,beta_noacc,strong,M4,0.047711877755186365,1.2281405189323142,3.3652713448445204,1.0,0.05053733804464458
22,1,18,22,1,legacy,moderate,M1,0.0346734650827967,0.8113260565309821,2.208042322395856,1.0,0.0413256378251244
22,1,18,22,1,legacy,moderate,M2,0.02983188116075678,0.8114099052436721,2.2256182729369804,1.0,0.03172038775612309
22,1,18,22,1,legacy,moderate,M3,0.03434294463450339,0.8112114045712224,2.210701340059125,1.0,0.0400993324998999
22,1,18,22,1,legacy,moderate,M4,0.029400622721640315,0.8113034088433879,2.2291075295528326,1.0,0.031192412770356392
22,1,18,22,1,legacy,near_linear,M1,0.016733971641443867,0.4035513235906826,1.0983955584572744,1.0,0.0198987350895555
22,1,18,22,1,legacy,near_linear,M2,0.014353972758127938,0.403591371898095,1.1068819389914446,1.0,0.015270057529422983
22,1,18,22,1,legacy,near_linear,M3,0.016568195027276467,0.40349609987919255,1.0997295516469798,1.0,0.019287303837661383
22,1,18,22,1,legacy,near_linear,M4,0.014134629208096494,0.4035400673681807,1.1086090695360742,1.0,0.01500794036805577
22,1,18,22,1,legacy,strong,M1,0.05577183997420773,1.2281692640328001,3.331955230740118,1.0,0.06679204128669679
22,1,18,22,1,legacy,strong,M2,0.048350936204150624,1.2283109052401167,3.3598201854826417,1.0,0.05134923101388187
22,1,18,22,1,legacy,strong,M3,0.05526987932537855,1.2279855891697116,3.336039277792497,1.0,0.0649407121020119
22,1,18,22,1,legacy,strong,M4,0.04771206667482266,1.228140333365162,3.365103103871831,1.0,0.050537655063887216
22,1,18,22,1,vy,moderate,M1,0.034679294476162005,0.8113068025770536,2.209786821523804,1.0,0.04133650232127777
22,1,18,22,1,vy,moderate,M2,0.029833475730678922,0.8113904211193315,2.227423871601828,1.0,0.03172220812866668
22,1,18,22,1,vy,moderate,M3,0.03434939454333279,0.8111924729642457,2.2124436192941253,1.0,0.040111405122411244
22,1,18,22,1,vy,moderate,M4,0.02940191301718177,0.8112842510882571,2.2309454135504527,1.0,0.031193597056858327
22,1,18,22,1,vy,near_linear,M1,0.01673564704412785,0.4035423141931191,1.099158812263835,1.0,0.01990201941812529
22,1,18,22,1,vy,near_linear,M2,0.01435372379441174,0.403582251616257,1.107659457953861,1.0,0.015269572846178253
22,1,18,22,1,vy,near_linear,M3,0.016570126217051652,0.4034872266648884,1.1004918051536674,1.0,0.019291091664878406
22,1,18,22,1,vy,near_linear,M4,0.01413418002711467,0.40353108454884945,1.109385516834246,1.0,0.01500709543848172
22,1,18,22,1,vy,strong,M1,0.05579062254145179,1.2281352541540165,3.3351319627005056,1.0,0.06682508127675649
22,1,18,22,1,vy,strong,M2,0.048362693286984795,1.2282765460490457,3.3630952917320016,1.0,0.051364080105611096
22,1,18,22,1,vy,strong,M3,0.05528991939221326,1.2279522223032182,3.339211541961886,1.0,0.06497620745213478
22,1,18,22,1,vy,strong,M4,0.047723677525342435,1.2281066282346327,3.368373600026133,1.0,0.050551843219132676
22,1,18,22,2,beta_noacc,moderate,M1,0.012382527207928266,0.8114146957427503,1.1256272389199964,1.0,0.014533141960775823
22,1,18,22,2,beta_noacc,moderate,M2,0.008372099403681634,0.8114243771689972,1.1275436202315094,1.0,0.008992410501588766
22,1,18,22,2,beta_noacc,moderate,M3,0.012140148921642713,0.8113822133143951,1.1266036578030882,1.0,0.013650653137401252
22,1,18,22,2,beta_noacc,moderate,M4,0.008062487544999806,0.8113943966473143,1.128711764022647,1.0,0.008685486424609569
22,1,18,22,2,beta_noacc,near_linear,M1,0.005997435295418738,0.4032177511105956,0.5563291872459581,1.0,0.007036622215030796
22,1,18,22,2,beta_noacc,near_linear,M2,0.004044665304780504,0.40322264247762435,0.5573058913887058,1.0,0.004347322032538307
22,1,18,22,2,beta_noacc,near_linear,M3,0.005872350751003201,0.40320225400190746,0.5567992098983832,1.0,0.006595333264653173
22,1,18,22,2,beta_noacc,near_linear,M4,0.003878943260543089,0.40320832257117645,0.5578705076686822,1.0,0.004187195431703413
22,1,18,22,2,beta_noacc,strong,M1,0.019792044474942278,1.2309893300073294,1.7274650849194764,1.0,0.023278369383179568
22,1,18,22,2,beta_noacc,strong,M2,0.01349127525426692,1.2310048557033713,1.7302762696933922,1.0,0.014469411134972406
22,1,18,22,2,beta_noacc,strong,M3,0.019447941958275913,1.2309359303187775,1.729050140406608,1.0,0.02195509034026622
22,1,18,22,2,beta_noacc,strong,M4,0.013080991424169556,1.2309556812211244,1.7321493221047652,1.0,0.01404034144291666
22,1,18,22,2,legacy,moderate,M1,0.0123827230374046,0.8114149015781258,1.1256130527237562,1.0,0.01453367807095998
22,1,18,22,2,legacy,moderate,M2,0.00837216249720095,0.8114245822620586,1.1275296940344826,1.0,0.008992490229008675
22,1,18,22,2,legacy,moderate,M3,0.012140219704491808,0.8113824131239361,1.12658952693697,1.0,0.01365108391046053
22,1,18,22,2,legacy,moderate,M4,0.008062435356860487,0.8113945960255375,1.1286978811953456,1.0,0.008685465911258353
22,1,18,22,2,legacy,near_linear,M1,0.005997527758093208,0.4032178453052373,0.5563196391414496,1.0,0.0070368811387408895
22,1,18,22,2,legacy,near_linear,M2,0.004044694515846974,0.40322273622594607,0.5572964333903052,1.0,0.00434735875265053
22,1,18,22,2,legacy,near_linear,M3,0.00587237771786236,0.40320234481408745,0.5567896820194592,1.0,0.00659553712326877
22,1,18,22,2,legacy,near_linear,M4,0.0038789124214421654,0.4032084130743971,0.5578611056486006,1.0,0.004187180257750796
22,1,18,22,2,legacy,strong,M1,0.01979239360844041,1.2309896932121995,1.727460278586898,1.0,0.02327925697453571
22,1,18,22,2,legacy,strong,M2,0.013491413864015424,1.23100521851736,1.7302719882502973,1.0,0.014469579908023184
22,1,18,22,2,legacy,strong,M3,0.019448119883314994,1.2309362870317997,1.7290454686161043,1.0,0.021955833326863846
22,1,18,22,2,legacy,strong,M4,0.013080970536697252,1.2309560381318063,1.7321451616329544,1.0,0.014040369552065403
22,1,18,22,2,vy,moderate,M1,0.01238435128956361,0.8114109827132471,1.1263507166387046,1.0,0.014536231421130773
22,1,18,22,2,vy,moderate,M2,0.00837240838661831,0.811420631830235,1.1282728407815374,1.0,0.008992772808501087
22,1,18,22,2,vy,moderate,M3,0.012142102457776653,0.8113786203507437,1.1273283095453157,1.0,0.013653656852220497
22,1,18,22,2,vy,moderate,M4,0.008062826903591683,0.81139077083242,1.1294422216176128,1.0,0.008685834115918997
22,1,18,22,2,vy,near_linear,M1,0.0059980869496985235,0.4032155611798781,0.5566258883212027,1.0,0.007037734353519421
22,1,18,22,2,vy,near_linear,M2,0.004044671336475003,0.40322043838638305,0.5576050874109494,1.0,0.0043473070550277566
22,1,18,22,2,vy,near_linear,M3,0.005873049638868133,0.4032001125068662,0.5570963110615647,1.0,0.0065963941665613335
22,1,18,22,2,vy,near_linear,M4,0.00387894329965005,0.40320616653052654,0.5581705192861685,1.0,0.00418715591918695
22,1,18,22,2,vy,strong,M1,0.019796985030686016,1.2309857829593651,1.7290158821966783,1.0,0.023286687015606957
22,1,18,22,2,vy,strong,M2,0.013493216119643008,1.231001252497332,1.7318386770261582,1.0,0.014471881594242637
22,1,18,22,2,vy,strong,M3,0.01945316902977883,1.2309326465867008,1.7306041455977816,1.0,0.02196331898784255
22,1,18,22,2,vy,strong,M4,0.013083077010132421,1.2309523416927879,1.7337151687063228,1.0,0.01404285412442895
23,0,10,30,1,beta_noacc,moderate,M1,0.03527682746623875,0.7564417484868512,2.075159431167634,1.0,0.03648131950641108
23,0,10,30,1,beta_noacc,moderate,M2,0.03530680612471869,0.7564415324143672,2.074990659799364,1.0,0.03680747631585108
23,0,10,30,1,beta_noacc,moderate,M3,0.02611957074283113,0.756171164215206,2.0846335598979477,1.0,0.027036302664640088
23,0,10,30,1,beta_noacc,moderate,M4,0.02617009731480265,0.756170978842466,2.0844702096946457,1.0,0.02727081429453513
23,0,10,30,1,beta_noacc,near_linear,M1,0.017151464383188132,0.3762313148927398,1.03767355547529,1.0,0.01773167713101659
23,0,10,30,1,beta_noacc,near_linear,M2,0.01716607184987747,0.37623123579960915,1.0375901007294122,1.0,0.01788823801003606
23,0,10,30,1,beta_noacc,near_linear,M3,0.0125026835447379,0.37611018123528656,1.0424652022219791,1.0,0.012950326734463623
23,0,10,30,1,beta_noacc,near_linear,M4,0.012527646424549866,0.37611011586423976,1.042381354049876,1.0,0.013063494328220272
23,0,10,30,1,beta_noacc,strong,M1,0.056640469484899314,1.1448200554464745,3.1100145568286344,1.0,0.05857676335706
23,0,10,30,1,beta_noacc,strong,M2,0.05668735291160499,1.1448195450476846,3.10976192122332,1.0,0.059103447205372556
23,0,10,30,1,beta_noacc,strong,M3,0.043237783804596606,1.1443393056603042,3.12401973333565,1.0,0.044698704364878224
23,0,10,30,1,beta_noacc,strong,M4,0.04331372943457776,1.1443388506567482,3.1237783286432665,1.0,0.04507865142893297
23,0,10,30,1,legacy,moderate,M1,0.03527737502958863,0.7564378666820963,2.075163837532182,1.0,0.03648253642434827
23,0,10,30,1,legacy,moderate,M2,0.03530737331056374,0.7564376504090494,2.0749953716751137,1.0,0.03680887151413671
23,0,10,30,1,legacy,moderate,M3,0.026115898871948318,0.7561663993407448,2.084620482242217,1.0,0.027033830537927208
23,0,10,30,1,legacy,moderate,M4,0.02616642920836586,0.7561662136488075,2.084457374678502,1.0,0.027268671501397175
23,0,10,30,1,legacy,near_linear,M1,0.01715151330572101,0.3762297072039842,1.0376809258632318,1.0,0.017732038566362938
23,0,10,30,1,legacy,near_linear,M2,0.017166130643244855,0.3762296280206707,1.0375976180184283,1.0,0.017888682451422624
23,0,10,30,1,legacy,near_linear,M3,0.012500481488086187,0.3761081151997543,1.0424576539115424,1.0,0.0129487015417546
23,0,10,30,1,legacy,near_linear,M4,0.012525446923954962,0.3761080496815608,1.0423739221678177,1.0,0.013062026747676229
23,0,10,30,1,legacy,strong,M1,0.05664381888511087,1.1448120199857217,3.110010842288083,1.0,0.05858128250751035
23,0,10,30,1,legacy,strong,M2,0.056690730025111796,1.1448115092606663,3.1097586973828792,1.0,0.05910827761581485
23,0,10,30,1,legacy,strong,M3,0.04323585176177947,1.1443300468563131,3.1239887238901005,1.0,0.0446987109876108
23,0,10,30,1,legacy,strong,M4,0.04331179905257837,1.1443295913303602,3.123747713348115,1.0,0.045079193356850795
23,0,10,30,1,vy,moderate,M1,0.035288505339893604,0.7563618480605189,2.075989653214296,1.0,0.03649483251684331
23,0,10,30,1,vy,moderate,M2,0.03531866042664889,0.7563616267496727,2.075821124201987,1.0,0.03682158029724944
23,0,10,30,1,vy,moderate,M3,0.02613060481711265,0.7560967981790111,2.085452345405717,1.0,0.027052250700529044
23,0,10,30,1,vy,moderate,M4,0.026181270638695464,0.7560966070851214,2.0852892396875182,1.0,0.02728844306664929
23,0,10,30,1,vy,near_linear,M1,0.017152343322978117,0.3761940136621244,1.038083646248614,1.0,0.01773277402255996
23,0,10,30,1,vy,near_linear,M2,0.01716702651141126,0.3761939325561869,1.0380002427289885,1.0,0.017889443977236817
23,0,10,30,1,vy,near_linear,M3,0.012500498608281322,0.37607522863652265,1.0428739105564366,1.0,0.012949758488905474
23,0,10,30,1,vy,near_linear,M4,0.012525530744618514,0.3760751610719214,1.042790111974429,1.0,0.01306352889742419
23,0,10,30,1,vy,strong,M1,0.05673411091463588,1.1446617285295797,3.111306054080424,1.0,0.05867923226328276
23,0,10,30,1,vy,strong,M2,0.056781323835944676,1.1446612066233046,3.1110542570730377,1.0,0.05920830288490441
23,0,10,30,1,vy,strong,M3,0.043351612824280635,1.1441921016084633,3.12528116614289,1.0,0.04482690509937362
23,0,10,30,1,vy,strong,M4,0.04342770777078528,1.1441916338129081,3.1250405735995788,1.0,0.04521120700304364
23,0,10,30,2,beta_noacc,moderate,M1,0.013428595097377621,0.7584405901282166,1.029898303729566,1.0,0.014141105497221024
23,0,10,30,2,beta_noacc,moderate,M2,0.013445574642439569,0.7584404953109138,1.0298768509470004,1.0,0.01434137742933762
23,0,10,30,2,beta_noacc,moderate,M3,0.0071035378553538425,0.7583360119756649,1.0305938582377394,1.0,0.00759404473936759
23,0,10,30,2,beta_noacc,moderate,M4,0.007150969770092792,0.7583359252958769,1.0305748334248594,1.0,0.007715574500969923
23,0,10,30,2,beta_noacc,near_linear,M1,0.006656203222544708,0.37660209941426326,0.5139728570267826,1.0,0.007000096020898234
23,0,10,30,2,beta_noacc,near_linear,M2,0.0066642609977887,0.376602065461177,0.5139612869999304,1.0,0.007096204442959163
23,0,10,30,2,beta_noacc,near_linear,M3,0.0034147182062411957,0.3765569142670023,0.5143525221763793,1.0,0.0036712129765776196
23,0,10,30,2,beta_noacc,near_linear,M4,0.0034373761320327587,0.3765568838458859,0.5143422802082237,1.0,0.00373347746686877
23,0,10,30,2,beta_noacc,strong,M1,0.0207230757254615,1.152579988599303,1.5500252609260612,1.0,0.021869731210288432
23,0,10,30,2,beta_noacc,strong,M2,0.02075129132579407,1.1525797338037425,1.549998944531115,1.0,0.022195314873555163
23,0,10,30,2,beta_noacc,strong,M3,0.011731453373047877,1.1523704016002942,1.5508634132473025,1.0,0.012409506843032802
23,0,10,30,2,beta_noacc,strong,M4,0.01180725240406718,1.1523701627877176,1.5508391583535224,1.0,0.01258552190791671
23,0,10,30,2,legacy,moderate,M1,0.013429116580576104,0.7584395826972852,1.0299090267401978,1.0,0.014141871768080037
23,0,10,30,2,legacy,moderate,M2,0.013446104784533288,0.7584394878366794,1.0298876122256684,1.0,0.014342209073249531
23,0,10,30,2,legacy,moderate,M3,0.007102723423573888,0.7583347644226393,1.0306024155280613,1.0,0.0075937130900819065
23,0,10,30,2,legacy,moderate,M4,0.007150155872211961,0.758334677673066,1.030583420739856,1.0,0.007715370281065221
23,0,10,30,2,legacy,near_linear,M1,0.006656457090430893,0.37660167622254176,0.5139791720697071,1.0,0.007000467157252163
23,0,10,30,2,legacy,near_linear,M2,0.006664518908873131,0.3766016422531136,0.513967620557142,1.0,0.00709660654062004
23,0,10,30,2,legacy,near_linear,M3,0.0034142995504026536,0.3765563652134557,0.5143577725915992,1.0,0.0036710275080381436
23,0,10,30,2,legacy,near_linear,M4,0.003436958017847687,0.3765563347634731,0.5143475451566701,1.0,0.0037333530042879064
23,0,10,30,2,legacy,strong,M1,0.020724080767039136,1.1525778657059715,1.550038101436772,1.0,0.02187114915398294
23,0,10,30,2,legacy,strong,M2,0.020752310612309775,1.152577610798366,1.5500118459731431,1.0,0.022196845319790777
23,0,10,30,2,legacy,strong,M3,0.011730579701750298,1.152367959814983,1.5508707053918498,1.0,0.012409422018650161
23,0,10,30,2,legacy,strong,M4,0.01180637834256453,1.1523677208444703,1.5508464984921628,1.0,0.012585647107640442
23,0,10,30,2,vy,moderate,M1,0.013428526153657755,0.7584196235715328,1.0300101196150424,1.0,0.014141557105818544
23,0,10,30,2,vy,moderate,M2,0.01344558475803203,0.7584195273775253,1.029988727958921,1.0,0.014342036452464046
23,0,10,30,2,vy,moderate,M3,0.0071092939075796885,0.7583173517079097,1.0307034710832317,1.0,0.007599143950807843
23,0,10,30,2,vy,moderate,M4,0.007156850879621967,0.7583172634416758,1.0306845017761197,1.0,0.0077206019111493805
23,0,10,30,2,vy,near_linear,M1,0.006656047033907344,0.37658824928319773,0.5140330429174246,1.0,0.007000079384584324
23,0,10,30,2,vy,near_linear,M2,0.0066641361785745945,0.3765882148722938,0.5140214968991881,1.0,0.007096251606121573
23,0,10,30,2,vy,near_linear,M3,0.003416233866908296,0.3765440019613579,0.5144117533008039,1.0,0.00367241922123572
23,0,10,30,2,vy,near_linear,M4,0.00343894414250916,0.3765439710043929,0.5144015337059422,1.0,0.0037346428729391934
23,0,10,30,2,vy,strong,M1,0.02073025722101967,1.1525723719583523,1.5501663552061695,1.0,0.021879145639631434
23,0,10,30,2,vy,strong,M2,0.0207586508780428,1.1525721124918613,1.5501401696995565,1.0,0.02220548104708805
23,0,10,30,2,vy,strong,M3,0.011756437295549965,1.1523677205884562,1.5510030079341246,1.0,0.012434316498981452
23,0,10,30,2,vy,strong,M4,0.011832461133615338,1.1523674765523788,1.5509788683307604,1.0,0.012610506093903398
23,0,18,22,1,beta_noacc,moderate,M1,0.028252305212538253,0.7611707106645783,1.887537918321738,1.0,0.02899980803646033
23,0,18,22,1,beta_noacc,moderate,M2,0.028295651251775706,0.7611706050026553,1.8871585259046653,1.0,0.02918237276695702
23,0,18,22,1,beta_noacc,moderate,M3,0.027868982945750007,0.7610736686035949,1.8899872341200064,1.0,0.02847108359217677
23,0,18,22,1,beta_noacc,moderate,M4,0.027914093243056267,0.7610735696162848,1.8895951733182763,1.0,0.028618861476665463
23,0,18,22,1,beta_noacc,near_linear,M1,0.01358936285923032,0.3789094883781964,0.9451800192403736,1.0,0.013951118920577989
23,0,18,22,1,beta_noacc,near_linear,M2,0.013610934024066684,0.37890945247733754,0.9449937306892948,1.0,0.014039008005713411
23,0,18,22,1,beta_noacc,near_linear,M3,0.013395427823096837,0.37886266402634217,0.9463752236386824,1.0,0.013684615030308205
23,0,18,22,1,beta_noacc,near_linear,M4,0.013417890998867803,0.3788626312939177,0.9461826330404256,1.0,0.01375515476186601
23,0,18,22,1,beta_noacc,strong,M1,0.04581749240405275,1.150533584199806,2.809922855165896,1.0,0.047019488132881336
23,0,18,22,1,beta_noacc,strong,M2,0.045882616928879356,1.1505333173563335,2.8092993324736653,1.0,0.04731535268884324
23,0,18,22,1,beta_noacc,strong,M3,0.04524226973569386,1.1503786719558844,2.8135721312162696,1.0,0.046227446045593014
23,0,18,22,1,beta_noacc,strong,M4,0.04530998239807682,1.1503784160689643,2.8129295916320123,1.0,0.04647134540239092
23,0,18,22,1,legacy,moderate,M1,0.028252233672116607,0.7611708513438442,1.8873537222158392,1.0,0.028999923265953517
23,0,18,22,1,legacy,moderate,M2,0.02829558199701559,0.7611707456411219,1.8869742554922628,1.0,0.02918253359528811
23,0,18,22,1,legacy,moderate,M3,0.027868686649342674,0.7610737841106178,1.8898030131478951,1.0,0.02847099318344249
23,0,18,22,1,legacy,moderate,M4,0.027913798011586506,0.7610736850780787,1.889410879265129,1.0,0.02861882176724848
23,0,18,22,1,legacy,near_linear,M1,0.013589269637539808,0.37890957841552175,0.945088812871872,1.0,0.01395111870058644
23,0,18,22,1,legacy,near_linear,M2,0.013610842065177884,0.37890954249592723,0.9449024894580972,1.0,0.014039030363562527
23,0,18,22,1,legacy,near_linear,M3,0.013395216463837855,0.37886274072109133,0.9462839987170508,1.0,0.013684506337452416
23,0,18,22,1,legacy,near_linear,M4,0.013417680256943693,0.3788627079678184,0.9460913738566664,1.0,0.013755071191138604
23,0,18,22,1,legacy,strong,M1,0.04581786535400994,1.1505336533357469,2.8096242835578606,1.0,0.0470201438418642
23,0,18,22,1,legacy,strong,M2,0.04588299248460812,1.150533386422326,2.809000649046392,1.0,0.04731607794175826
23,0,18,22,1,legacy,strong,M3,0.04524234083439206,1.1503787078491343,2.813273565232409,1.0,0.04622782711192623
23,0,18,22,1,legacy,strong,M4,0.04531005447529809,1.1503784518849032,2.8126309157393137,1.0,0.046471803486049526
23,0,18,22,1,vy,moderate,M1,0.028253738931389365,0.7611535270503683,1.888493346623333,1.0,0.02900191664254797
23,0,18,22,1,vy,moderate,M2,0.02829710350355523,0.7611534209630568,1.8881113044390831,1.0,0.02918468723613529
23,0,18,22,1,vy,moderate,M3,0.027869890573838665,0.7610567359090885,1.8909407916718963,1.0,0.028472848313007004
23,0,18,22,1,vy,moderate,M4,0.027915018968407042,0.7610566364767556,1.8905460769523652,1.0,0.028620889196590074
23,0,18,22,1,vy,near_linear,M1,0.013589051770575742,0.37890151636484126,0.9456147292618032,1.0,0.01395105693623329
23,0,18,22,1,vy,near_linear,M2,0.013610632540440634,0.37890148028924625,0.945427338716591,1.0,0.014039028240439023
23,0,18,22,1,vy,near_linear,M3,0.013394801448086312,0.3788547965006112,0.9468142882529826,1.0,0.01368432491363792
23,0,18,22,1,vy,near_linear,M4,0.013417274245114696,0.37885476358599657,0.94662690991955,1.0,0.013754974022359368
23,0,18,22,1,vy,strong,M1,0.045828899933144165,1.1505027038155697,2.81111157259087,1.0,0.04703253235584214
23,0,18,22,1,vy,strong,M2,0.045894047054010026,1.1505024361080227,2.810482825625115,1.0,0.047328842876172075
23,0,18,22,1,vy,strong,M3,0.045253219913082274,1.1503482988875748,2.814758013752744,1.0,0.0462403297107425
23,0,18,22,1,vy,strong,M4,0.04532095301898996,1.1503480420886851,2.814110240646227,1.0,0.04648476899719497
23,0,18,22,2,beta_noacc,moderate,M1,0.007812841464806987,0.760580614377306,0.95457124975791,1.0,0.008251413073289023
23,0,18,22,2,beta_noacc,moderate,M2,0.0078511879259428,0.7605805634453098,0.9545309167166868,1.0,0.008360239771269713
23,0,18,22,2,beta_noacc,moderate,M3,0.007551250094800045,0.7605532375836447,0.9554195217365716,1.0,0.007861842327041431
23,0,18,22,2,beta_noacc,moderate,M4,0.007593082238630103,0.7605531885469713,0.9553765170806232,1.0,0.007939782753405176
23,0,18,22,2,beta_noacc,near_linear,M1,0.0037699589893742036,0.3782862636571386,0.4741507330217345,1.0,0.0039881475358593535
23,0,18,22,2,beta_noacc,near_linear,M2,0.00378879466109194,0.3782862449116921,0.4741293280259692,1.0,0.004041835134519857
23,0,18,22,2,beta_noacc,near_linear,M3,0.003628805138555743,0.3782731741517914,0.4745614267328491,1.0,0.0037848202488062767
23,0,18,22,2,beta_noacc,near_linear,M4,0.003649431693959398,0.37827315630562036,0.4745386749119218,1.0,0.003823446901886
23,0,18,22,2,beta_noacc,strong,M1,0.012616473243114488,1.1519955014433205,1.449633986221025,1.0,0.013286307821040523
23,0,18,22,2,beta_noacc,strong,M2,0.01267556253361675,1.1519953765599287,1.4495782852883856,1.0,0.013455133187183539
23,0,18,22,2,beta_noacc,strong,M3,0.012274637434283435,1.151950685394448,1.4509819969169495,1.0,0.012744426128820353
23,0,18,22,2,beta_noacc,strong,M4,0.012338675189761294,1.1519505636319836,1.450923867457948,1.0,0.012865185021390066
23,0,18,22,2,legacy,moderate,M1,0.007812872272995748,0.7605808696425896,0.9545383287737116,1.0,0.008251529884052223
23,0,18,22,2,legacy,moderate,M2,0.007851220392508382,0.7605808187031444,0.9544979901192864,1.0,0.00836037629873935
23,0,18,22,2,legacy,moderate,M3,0.0075511676910209585,0.7605534858904377,0.9553866312701932,1.0,0.007861851244257635
23,0,18,22,2,legacy,moderate,M4,0.007593000280733175,0.7605534368452369,0.9553436212555664,1.0,0.00793981287561939
23,0,18,22,2,legacy,near_linear,M1,0.0037699715900761112,0.378286386259777,0.474132922197395,1.0,0.00398820356743814
23,0,18,22,2,legacy,near_linear,M2,0.0037888081111699503,0.3782863675111632,0.4741115142794951,1.0,0.004041900958861216
23,0,18,22,2,legacy,near_linear,M3,0.0036287588271147987,0.37827329300096635,0.4745436264931968,1.0,0.003784819801483063
23,0,18,22,2,legacy,near_linear,M4,0.003649385602596349,0.37827327515111875,0.474520871879981,1.0,0.0038234569720245236
23,0,18,22,2,legacy,strong,M1,0.012616564629523297,1.151995914064521,1.4495927730314249,1.0,0.013286526444686602
23,0,18,22,2,legacy,strong,M2,0.012675656149208438,1.1519957891656507,1.4495370430392502,1.0,0.013455381855932506
23,0,18,22,2,legacy,strong,M3,0.012274571984385144,1.1519510894616232,1.4509408361653933,1.0,0.012744496612307147
23,0,18,22,2,legacy,strong,M4,0.012338610319936692,1.1519509676818391,1.4508826985298218,1.0,0.01286528782728045
23,0,18,22,2,vy,moderate,M1,0.007813119066287528,0.7605771836926499,0.95514651646663,1.0,0.008251779553381156
23,0,18,22,2,vy,moderate,M2,0.007851477779699169,0.7605771326523506,0.9551060181354786,1.0,0.00836064011390911
23,0,18,22,2,vy,moderate,M3,0.007551572652342035,0.7605499060954085,0.9559959381123616,1.0,0.00786224539280225
23,0,18,22,2,vy,moderate,M4,0.007593418188511584,0.7605498569428186,0.955952768042284,1.0,0.007940215956182276
23,0,18,22,2,vy,near_linear,M1,0.0037699614705714968,0.3782842880351138,0.4743915081711463,1.0,0.0039881789260720136
23,0,18,22,2,vy,near_linear,M2,0.003788802880599138,0.37828426924947306,0.4743700188905229,1.0,0.00404187917622714
23,0,18,22,2,vy,near_linear,M3,0.0036288078709223156,0.3782712387366765,0.4748026164423577,1.0,0.0037848501316123865
23,0,18,22,2,vy,near_linear,M4,0.003649440774616249,0.3782712208473453,0.4747797803933452,1.0,0.0038234880982404066
23,0,18,22,2,vy,strong,M1,0.01261825240614107,1.1519918835127607,1.4508055355436178,1.0,0.01328836360180305
23,0,18,22,2,vy,strong,M2,0.012677360996586768,1.1519917583469617,1.4507503218450006,1.0,0.013457277049405214
23,0,18,22,2,vy,strong,M3,0.0122765884003859,1.1519472832152788,1.4521570957038992,1.0,0.012746628990224624
23,0,18,22,2,vy,strong,M4,0.012340646925473061,1.1519471611522862,1.4520987118074409,1.0,0.012867468093915807
23,1,10,30,1,beta_noacc,moderate,M1,0.0392138895308249,0.8006784265493516,2.2654305854949475,1.0,0.046595648452624934
23,1,10,30,1,beta_noacc,moderate,M2,0.036052114334216026,0.8006216055336514,2.2734520748411557,1.0,0.03853125243616328
23,1,10,30,1,beta_noacc,moderate,M3,0.03095998724586005,0.8003397872331405,2.2765143790010685,1.0,0.036354760285831386
23,1,10,30,1,beta_noacc,moderate,M4,0.026831480473963856,0.8003239622008489,2.284366720483629,1.0,0.02783551298148376
23,1,10,30,1,beta_noacc,near_linear,M1,0.019020458637320853,0.3978884220870204,1.1298763007487478,1.0,0.022510575505060595
23,1,10,30,1,beta_noacc,near_linear,M2,0.017534840826126965,0.3978623365615562,1.1339379958030371,1.0,0.018797077076404836
23,1,10,30,1,beta_noacc,near_linear,M3,0.014842786637392608,0.3977372577381444,1.1354268564849987,1.0,0.017386495724849783
23,1,10,30,1,beta_noacc,near_linear,M4,0.01284710805981792,0.39772966837486873,1.139365688451508,1.0,0.013318384095788626
23,1,10,30,1,beta_noacc,strong,M1,0.06303466584945884,1.2137611357155647,3.412797073860516,1.0,0.07539621420013926
23,1,10,30,1,beta_noacc,strong,M2,0.05785759007080356,1.2136727228436779,3.4247802190048997,1.0,0.061480708785722864
23,1,10,30,1,beta_noacc,strong,M3,0.05081579786518337,1.2131533321491212,3.4295398244568127,1.0,0.06002503382449232
23,1,10,30,1,beta_noacc,strong,M4,0.04441108994114899,1.213137523160982,3.4411689638033858,1.0,0.04615171302011652
23,1,10,30,1,legacy,moderate,M1,0.03921607133286373,0.8006733648688338,2.265497145549101,1.0,0.046599993120673734
23,1,10,30,1,legacy,moderate,M2,0.03605268360027393,0.800616507632238,2.2735029384290586,1.0,0.038532974388799816
23,1,10,30,1,legacy,moderate,M3,0.03095794584475912,0.800333909177856,2.2765636940598304,1.0,0.03635741567964279
23,1,10,30,1,legacy,moderate,M4,0.02682783588705365,0.8003180664575716,2.284392856222752,1.0,0.027833947544270366
23,1,10,30,1,legacy,near_linear,M1,0.019021289631203978,0.39788623344489593,1.1299133749368315,1.0,0.022512315288204465
23,1,10,30,1,legacy,near_linear,M2,0.017534898170781812,0.39786012667545473,1.1339622972777104,1.0,0.0187977144104873
23,1,10,30,1,legacy,near_linear,M3,0.014841372685012717,0.39773463920661584,1.1354502324237858,1.0,0.017387252779892295
23,1,10,30,1,legacy,near_linear,M4,0.01284492149428226,0.3977270375625864,1.139382992499901,1.0,0.01331720667356955
23,1,10,30,1,legacy,strong,M1,0.06304052767002098,1.2137512004365878,3.41289280725399,1.0,0.07540656527183036
23,1,10,30,1,legacy,strong,M2,0.057861031076037545,1.2136627532193265,3.424850532431951,1.0,0.061486024981350515
23,1,10,30,1,legacy,strong,M3,0.050816282239552604,1.2131423074230554,3.429608780286681,1.0,0.060033709203091826
23,1,10,30,1,legacy,strong,M4,0.044409240194001845,1.2131264922982696,3.4412019040564976,1.0,0.0461533797661711
23,1,10,30,1,vy,moderate,M1,0.03924206412883884,0.8006005289691304,2.266167313818169,1.0,0.046642968861078375
23,1,10,30,1,vy,moderate,M2,0.036064113449149,0.8005426033249416,2.274194185466227,1.0,0.038539561189444335
23,1,10,30,1,vy,moderate,M3,0.03100462146904872,0.8002681471527517,2.277248388102227,1.0,0.03642821915566644
23,1,10,30,1,vy,moderate,M4,0.026839192427872454,0.800251104167206,2.2851016489897176,1.0,0.027848905686154998
23,1,10,30,1,vy,near_linear,M1,0.019026776223011094,0.39785099257235657,1.1302499390040528,1.0,0.02252050724862437
23,1,10,30,1,vy,near_linear,M2,0.017535908547183468,0.39782437692990336,1.1343134549336895,1.0,0.01879723163532634
23,1,10,30,1,vy,near_linear,M3,0.01485437147721739,0.3977024644613508,1.135797028177145,1.0,0.017405606413702306
23,1,10,30,1,vy,near_linear,M4,0.012843480932314941,0.39769427590829043,1.139739609393042,1.0,0.013317779963494702
23,1,10,30,1,vy,strong,M1,0.06316991761931298,1.2136127062747948,3.4138972272808283,1.0,0.07561502847198591
23,1,10,30,1,vy,strong,M2,0.057952551985697556,1.2135229419910194,3.425874460701191,1.0,0.06156070989191944
23,1,10,30,1,vy,strong,M3,0.05099394517503694,1.2130176687537237,3.4306299498549047,1.0,0.06030930158016122
23,1,10,30,1,vy,strong,M4,0.044519882773180953,1.213000403331866,3.442257058739504,1.0,0.04626604997937716
23,1,10,30,2,beta_noacc,moderate,M1,0.015875341817033706,0.8036748744283428,1.1295287272264432,1.0,0.018829938477478256
23,1,10,30,2,beta_noacc,moderate,M2,0.01364436922158554,0.803638702973605,1.1305686510525494,1.0,0.015537561253696538
23,1,10,30,2,beta_noacc,moderate,M3,0.010616904730707553,0.8035472940392399,1.130424641198437,1.0,0.011740467721936496
23,1,10,30,2,beta_noacc,moderate,M4,0.007319708076012586,0.8035255278487667,1.1313124996693036,1.0,0.00796107928838448
23,1,10,30,2,beta_noacc,near_linear,M1,0.007793589704313828,0.39867662595098935,0.5626164630365456,1.0,0.009209117115810687
23,1,10,30,2,beta_noacc,near_linear,M2,0.0067683408381474935,0.39866091901750783,0.5631735147227981,1.0,0.007715307404283663
23,1,10,30,2,beta_noacc,near_linear,M3,0.005110409180114352,0.3986218369334531,0.5630907722374918,1.0,0.005674943985929157
23,1,10,30,2,beta_noacc,near_linear,M4,0.003519057550220804,0.3986122563152151,0.5635647517506478,1.0,0.0038433328738009236
23,1,10,30,2,beta_noacc,strong,M1,0.024929361393133398,1.2236396896596304,1.717741032693157,1.0,0.02979932121943583
23,1,10,30,2,beta_noacc,strong,M2,0.021027976811465898,1.2235731486104795,1.7186043445731451,1.0,0.023847758780980943
23,1,10,30,2,beta_noacc,strong,M3,0.017334256422455167,1.2233805738816173,1.7242536128127486,1.0,0.019107453780872617
23,1,10,30,2,beta_noacc,strong,M4,0.012088216223403057,1.2233437136407848,1.7263100706130363,1.0,0.013038477907586202
23,1,10,30,2,legacy,moderate,M1,0.015876622182224336,0.8036734679193039,1.1295451167396142,1.0,0.018832021871299096
23,1,10,30,2,legacy,moderate,M2,0.013644891519443392,0.8036372890991837,1.1305831422742407,1.0,0.015538497479103597
23,1,10,30,2,legacy,moderate,M3,0.010616902020325138,0.8035456631288906,1.1304388707205908,1.0,0.011741993487509287
23,1,10,30,2,legacy,moderate,M4,0.007318902821186447,0.8035239006602478,1.1313240177242223,1.0,0.007961103384963421
23,1,10,30,2,legacy,near_linear,M1,0.007794196124174722,0.3986759832928276,0.5626257004363249,1.0,0.009210087130954286
23,1,10,30,2,legacy,near_linear,M2,0.006768596944150151,0.39866027228845546,0.5631818325037158,1.0,0.007715769597333301
23,1,10,30,2,legacy,near_linear,M3,0.0051103554987551245,0.3986210746261704,0.5630989470391978,1.0,0.005675615241872743
23,1,10,30,2,legacy,near_linear,M4,0.0035186480729769566,0.3986114952652075,0.5635722009701084,1.0,0.0038433305899317166
23,1,10,30,2,legacy,strong,M1,0.02493166980062492,1.2236371108905784,1.717836671464812,1.0,0.029803181878352698
23,1,10,30,2,legacy,strong,M2,0.02102897244478471,1.223570565762517,1.7187048423000535,1.0,0.02384938660598739
23,1,10,30,2,legacy,strong,M3,0.01733485517215777,1.2233777113312574,1.7243527188455752,1.0,0.019110664083268926
23,1,10,30,2,legacy,strong,M4,0.012087328142372795,1.2233408654585054,1.7264138845722383,1.0,0.013038907656651897
23,1,10,30,2,vy,moderate,M1,0.015882310599200138,0.8036580590281666,1.129641620478461,1.0,0.018842469821412168
23,1,10,30,2,vy,moderate,M2,0.013644409129883038,0.8036219202808385,1.130681346281563,1.0,0.015537199468419648
23,1,10,30,2,vy,moderate,M3,0.010631054069713089,0.803533162581653,1.1305366032214954,1.0,0.011755517059755331
23,1,10,30,2,vy,moderate,M4,0.007325736295296361,0.8035113140924839,1.1314242541679276,1.0,0.00796488432571729
23,1,10,30,2,vy,near_linear,M1,0.007795892210021973,0.3986635968551531,0.5626788496768145,1.0,0.009213173137039376
23,1,10,30,2,vy,near_linear,M2,0.006768259172671582,0.39864792575692676,0.5632359834315157,1.0,0.0077150645113196305
23,1,10,30,2,vy,near_linear,M3,0.0051151606332870405,0.39860989438243805,0.5631527614674533,1.0,0.00567943730546324
23,1,10,30,2,vy,near_linear,M4,0.0035206951182909256,0.3986002944337754,0.5636267271808186,1.0,0.0038441267632988597
23,1,10,30,2,vy,strong,M1,0.02495667180157822,1.223648748510398,1.72946494588069,1.0,0.02984763542229678
23,1,10,30,2,vy,strong,M2,0.02103514236983157,1.2235822317186624,1.7303959497313857,1.0,0.02385302695112207
23,1,10,30,2,vy,strong,M3,0.017380552582154173,1.223395403550504,1.736090354833186,1.0,0.019166211702020104
23,1,10,30,2,vy,strong,M4,0.01211343784452373,1.2233584283145509,1.7382206724987437,1.0,0.0130589730790124
23,1,18,22,1,beta_noacc,moderate,M1,0.03196414986184873,0.8023938711684647,2.172437447659144,1.0,0.0369812280782886
23,1,18,22,1,beta_noacc,moderate,M2,0.02902053886783808,0.8024686897991005,2.189746346995085,1.0,0.02972154475724771
23,1,18,22,1,beta_noacc,moderate,M3,0.03164779998833729,0.8022819800247459,2.174980754020388,1.0,0.03598898191837336
23,1,18,22,1,beta_noacc,moderate,M4,0.02861547600582317,0.802365365649343,2.1931580431927187,1.0,0.02948592749956699
23,1,18,22,1,beta_noacc,near_linear,M1,0.015405386905564254,0.399168529986492,1.08117433231787,1.0,0.017773708947005015
23,1,18,22,1,beta_noacc,near_linear,M2,0.013965304435304776,0.3992051355510509,1.0893680301131163,1.0,0.014304632522285572
23,1,18,22,1,beta_noacc,near_linear,M3,0.015247062491030158,0.3991146345818403,1.0824217260870523,1.0,0.017279801731827978
23,1,18,22,1,beta_noacc,near_linear,M4,0.013759240543996493,0.3991553569807448,1.0910405738282478,1.0,0.014188734924846153
23,1,18,22,1,beta_noacc,strong,M1,0.05156776942801098,1.214305924597868,3.276583319041567,1.0,0.06000672257622367
23,1,18,22,1,beta_noacc,strong,M2,0.04702780518607047,1.214426943372675,3.3039904449726745,1.0,0.04812568299944277
23,1,18,22,1,beta_noacc,strong,M3,0.05108404046669089,1.21412670719612,3.280491513223064,1.0,0.05850146066373921
23,1,18,22,1,beta_noacc,strong,M4,0.04642702434725536,1.2142614884772307,3.309104633382152,1.0,0.04774849477326786
23,1,18,22,1,legacy,moderate,M1,0.03196423232202807,0.8023938754505637,2.1723146494261734,1.0,0.0369819667171041
23,1,18,22,1,legacy,moderate,M2,0.029020481072080998,0.8024686852711022,2.189627547590026,1.0,0.029721212695540275
23,1,18,22,1,legacy,moderate,M3,0.031647635188515134,0.8022819624415932,2.174857936509201,1.0,0.035989584788404416
23,1,18,22,1,legacy,moderate,M4,0.028615190491542507,0.8023653394944668,2.1930391588200955,1.0,0.029485349603167506
23,1,18,22,1,legacy,near_linear,M1,0.015405373105721749,0.39916855117446426,1.0811108507267666,1.0,0.017774004687892652
23,1,18,22,1,legacy,near_linear,M2,0.013965218140250358,0.3992051520390256,1.0893052755518082,1.0,0.01430440584099168
23,1,18,22,1,legacy,near_linear,M3,0.015246918174532935,0.3991146438711243,1.0823582449061209,1.0,0.017280023611823077
23,1,18,22,1,legacy,near_linear,M4,0.013759034752670764,0.3991553616562045,1.090977775324873,1.0,0.014188381001223306
23,1,18,22,1,legacy,strong,M1,0.051568335612665016,1.214305790466633,3.2764019404087232,1.0,0.06000839632750536
23,1,18,22,1,legacy,strong,M2,0.047028204460936314,1.2144267981334687,3.303812604721624,1.0,0.04812568029785377
23,1,18,22,1,legacy,strong,M3,0.0510842759453569,1.214126546186079,3.280310029043989,1.0,0.05850296517339485
23,1,18,22,1,legacy,strong,M4,0.04642711656305354,1.2142613168790704,3.308926557549245,1.0,0.047748152697743275
23,1,18,22,1,vy,moderate,M1,0.03196867341743707,0.8023745501191434,2.174020149285581,1.0,0.0369896405037775
23,1,18,22,1,vy,moderate,M2,0.029021442797339835,0.8024491245393752,2.191427560502721,1.0,0.029721339736635103
23,1,18,22,1,vy,moderate,M3,0.031652525957683704,0.8022629490350307,2.1765613829486754,1.0,0.035998133535733105
23,1,18,22,1,vy,moderate,M4,0.02861567499184562,0.8023460920395138,2.19483740034743,1.0,0.029484300131163994
23,1,18,22,1,vy,near_linear,M1,0.015406437777245522,0.39915952405581107,1.0817810403271784,1.0,0.01777591648155113
23,1,18,22,1,vy,near_linear,M2,0.013964731603179396,0.39919601278842787,1.090068759440092,1.0,0.014303332134424532
23,1,18,22,1,vy,near_linear,M3,0.01524815547692268,0.3991057486975412,1.0830274638963824,1.0,0.017282280993302927
23,1,18,22,1,vy,near_linear,M4,0.01375826860518465,0.39914635460246056,1.0917402690521765,1.0,0.014186696176948777
23,1,18,22,1,vy,strong,M1,0.051584584813120594,1.2142715581551695,3.2794879166820667,1.0,0.06003531912188491
23,1,18,22,1,vy,strong,M2,0.047038490415968304,1.2143921986938309,3.3069982741131034,1.0,0.04813623867157541
23,1,18,22,1,vy,strong,M3,0.05110151369949615,1.2140929350211604,3.283391866335894,1.0,0.05853178353005093
23,1,18,22,1,vy,strong,M4,0.046436955880593156,1.2142273434502342,3.312107940350538,1.0,0.047757124970779774
23,1,18,22,2,beta_noacc,moderate,M1,0.010615042678487384,0.8025408997003086,1.10737118787762,1.0,0.01168093906314817
23,1,18,22,2,beta_noacc,moderate,M2,0.008056352346606089,0.8025475219594129,1.1092697217022216,1.0,0.00849073579885595
23,1,18,22,2,beta_noacc,moderate,M3,0.010381231618973703,0.8025091212622425,1.1083136266045734,1.0,0.01172985717753786
23,1,18,22,2,beta_noacc,moderate,M4,0.007784276196339684,0.8025183612336592,1.110403358064309,1.0,0.008018237083000099
23,1,18,22,2,beta_noacc,near_linear,M1,0.0051326022114896765,0.3988674097344006,0.5474895968259991,1.0,0.0056392150045353395
23,1,18,22,2,beta_noacc,near_linear,M2,0.0038902031977159036,0.3988711380754918,0.5484555751750503,1.0,0.004113666984221354
23,1,18,22,2,beta_noacc,near_linear,M3,0.005011000938350472,0.39885225236420035,0.5479414819797108,1.0,0.005688944008112257
23,1,18,22,2,beta_noacc,near_linear,M4,0.0037428279605670675,0.39885721391667983,0.5490040512942812,1.0,0.0038644475541612434
23,1,18,22,2,beta_noacc,strong,M1,0.01703449139100193,1.2171867016214142,1.698313645844628,1.0,0.018835152889252714
23,1,18,22,2,beta_noacc,strong,M2,0.012991788912249974,1.2171949716155694,1.7010632439836708,1.0,0.013613863243419403
23,1,18,22,2,beta_noacc,strong,M3,0.016706815936447676,1.21713443772629,1.6998373467433974,1.0,0.018632147888114896
23,1,18,22,2,beta_noacc,strong,M4,0.012639758840143612,1.217147115760007,1.7028796706665144,1.0,0.012975279333745747
23,1,18,22,2,legacy,moderate,M1,0.010615185610975674,0.8025411101814658,1.10735507472531,1.0,0.011681323389570914
23,1,18,22,2,legacy,moderate,M2,0.008056391099459131,0.8025477313281209,1.1092538648815478,1.0,0.008490902244763723
23,1,18,22,2,legacy,moderate,M3,0.010381250667749222,0.8025093256830513,1.1082976087704657,1.0,0.011729419618011374
23,1,18,22,2,legacy,moderate,M4,0.00778419994141711,0.8025185647835171,1.110387542945478,1.0,0.008018276620466327
23,1,18,22,2,legacy,near_linear,M1,0.005132669188593597,0.39886750717633634,0.5474791824291205,1.0,0.0056393994926688396
23,1,18,22,2,legacy,near_linear,M2,0.003890220513188166,0.39887123491630533,0.5484452908733143,1.0,0.00411375044107247
23,1,18,22,2,legacy,near_linear,M3,0.0050110028724074905,0.39885234642970413,0.5479310873939905,1.0,0.005688719944278323
23,1,18,22,2,legacy,near_linear,M4,0.0037427854864069566,0.3988573074887871,0.5489937801328082,1.0,0.0038644640023582397
23,1,18,22,2,legacy,strong,M1,0.017034757030149138,1.2171870655255004,1.6983052725546424,1.0,0.018835806522822983
23,1,18,22,2,legacy,strong,M2,0.012991888524271179,1.2171953343308592,1.701055389002124,1.0,0.013614142348743074
23,1,18,22,2,legacy,strong,M3,0.016706912549984385,1.217134794929072,1.69982910334806,1.0,0.018631535460117032
23,1,18,22,2,legacy,strong,M4,0.012639698746823348,1.2171474722222952,1.7028719317475425,1.0,0.012975022828554587
23,1,18,22,2,vy,moderate,M1,0.010616297581289567,0.8025371488817078,1.1080765556915508,1.0,0.011682842166636221
23,1,18,22,2,vy,moderate,M2,0.008056574248856268,0.802543736064736,1.1099803154527104,1.0,0.00849097647702756
23,1,18,22,2,vy,moderate,M3,0.010382646882848715,0.8025054864737016,1.1090206951949937,1.0,0.011731203477161504
23,1,18,22,2,vy,moderate,M4,0.007784522790234256,0.8025146897282471,1.1111151707590396,1.0,0.00801853166011578
23,1,18,22,2,vy,near_linear,M1,0.005133005903186185,0.39886521464443575,0.5477789701299516,1.0,0.005639810279769953
23,1,18,22,2,vy,near_linear,M2,0.0038901822723190834,0.39886892791187223,0.5487478243895417,1.0,0.004113678628039624
23,1,18,22,2,vy,near_linear,M3,0.005011465496535665,0.39885010414645655,0.5482312517160695,1.0,0.00568948343003264
23,1,18,22,2,vy,near_linear,M4,0.0037427980841229446,0.3988550498138183,0.5492967122457695,1.0,0.003864464780849977
23,1,18,22,2,vy,strong,M1,0.017038343005236618,1.2171829988184057,1.6998218754866576,1.0,0.018841182427119598
23,1,18,22,2,vy,strong,M2,0.012993448706854887,1.2171912039327173,1.7025829298853046,1.0,0.013615342132480977
23,1,18,22,2,vy,strong,M3,0.016711005256194327,1.217130988883128,1.701348705674815,1.0,0.018635098942846963
23,1,18,22,2,vy,strong,M4,0.012641552404745147,1.217143599814198,1.7044027188601216,1.0,0.012977144342289033
24,0,10,30,1,beta_noacc,moderate,M1,0.03507877060708278,0.770752262907794,2.1172309969351133,1.0,0.03549627221191
24,0,10,30,1,beta_noacc,moderate,M2,0.03511028977728218,0.7707504211302612,2.117385299638105,1.0,0.03637761209471586
24,0,10,30,1,beta_noacc,moderate,M3,0.026309294103810298,0.7704689995557639,2.126973155038753,1.0,0.026603041444646258
24,0,10,30,1,beta_noacc,moderate,M4,0.026382889312117755,0.7704676273005022,2.1271342053618936,1.0,0.027183738454937708
24,0,10,30,1,beta_noacc,near_linear,M1,0.017054633339567436,0.3832422716849893,1.0581632800404164,1.0,0.017255374972819076
24,0,10,30,1,beta_noacc,near_linear,M2,0.017070680230876087,0.3832414840213672,1.0582395099247115,1.0,0.017685690179864804
24,0,10,30,1,beta_noacc,near_linear,M3,0.012593363171689716,0.38311558440370663,1.063022995962494,1.0,0.012738624523875187
24,0,10,30,1,beta_noacc,near_linear,M4,0.012630138448028691,0.3831150069564054,1.0631025433277288,1.0,0.013018347677012525
24,0,10,30,1,beta_noacc,strong,M1,0.05633101084284212,1.1670808215524338,3.1766019406076054,1.0,0.057008308180329474
24,0,10,30,1,beta_noacc,strong,M2,0.05637720929396041,1.167077300276688,3.1768240337919096,1.0,0.05840477449615598
24,0,10,30,1,beta_noacc,strong,M3,0.04351699182602343,1.1665761176139748,3.1910108992182558,1.0,0.04394848180473395
24,0,10,30,1,beta_noacc,strong,M4,0.04362608039723868,1.1665734395151417,3.19125077347114,1.0,0.04495173970435298
24,0,10,30,1,legacy,moderate,M1,0.03507910976847829,0.7707478787215424,2.117246375329993,1.0,0.035496841056904226
24,0,10,30,1,legacy,moderate,M2,0.03511064171702142,0.7707460359764624,2.11740037176036,1.0,0.03637856382461296
24,0,10,30,1,legacy,moderate,M3,0.02630497146201516,0.7704637510829613,2.126971166597552,1.0,0.026598227653148728
24,0,10,30,1,legacy,moderate,M4,0.02637853210365638,0.7704623776368412,2.127131956009773,1.0,0.02718067512255466
24,0,10,30,1,legacy,near_linear,M1,0.01705458877852117,0.3832404238761347,1.0581757219486283,1.0,0.017255435767804656
24,0,10,30,1,legacy,near_linear,M2,0.01707064294132767,0.3832396357385694,1.0582518058476502,1.0,0.01768592844328322
24,0,10,30,1,legacy,near_linear,M3,0.012590849506820819,0.3831132862257668,1.0630269529933447,1.0,0.012735879292129205
24,0,10,30,1,legacy,near_linear,M4,0.012627609538335088,0.3831127082025102,1.063106376688754,1.0,0.013016439572090885
24,0,10,30,1,legacy,strong,M1,0.05633395760283134,1.1670719302655577,3.176635101118263,1.0,0.05701167678335186
24,0,10,30,1,legacy,strong,M2,0.056380168885652455,1.1670684076041076,3.1768566921548453,1.0,0.05840884753010673
24,0,10,30,1,legacy,strong,M3,0.043514006789978105,1.1665660406159966,3.1909987535803417,1.0,0.04394630303570531
24,0,10,30,1,legacy,strong,M4,0.04362303337996051,1.1665633607015198,3.191238196343117,1.0,0.044950819911525955
24,0,10,30,1,vy,moderate,M1,0.03509101832164304,0.7706723137084569,2.1181099221294075,1.0,0.03550895179244958
24,0,10,30,1,vy,moderate,M2,0.035122765624919186,0.7706704460813588,2.118263903662692,1.0,0.03639077308060103
24,0,10,30,1,vy,moderate,M3,0.026319460553244186,0.770394828235615,2.1278418875702085,1.0,0.026612907107342588
24,0,10,30,1,vy,moderate,M4,0.026392927543564138,0.7703934285452019,2.12800261811561,1.0,0.027197065870605434
24,0,10,30,1,vy,near_linear,M1,0.017055984931706958,0.3832046244082633,1.0585969250972806,1.0,0.01725670784257772
24,0,10,30,1,vy,near_linear,M2,0.01707215067622001,0.3832038261133844,1.0586730886127822,1.0,0.017686924333464603
24,0,10,30,1,vy,near_linear,M3,0.0125910463468106,0.3830803816177357,1.063453209726006,1.0,0.012736423861088673
24,0,10,30,1,vy,near_linear,M4,0.012627794556853813,0.3830797928546621,1.0635326877014373,1.0,0.013016898465750807
24,0,10,30,1,vy,strong,M1,0.056423698874849444,1.1669237647728163,3.177955267094972,1.0,0.05710369212790576
24,0,10,30,1,vy,strong,M2,0.05647018379124036,1.1669201939811003,3.178176215730594,1.0,0.058504392409622144
24,0,10,30,1,vy,strong,M3,0.043626348858630155,1.1664307377485932,3.192355236571672,1.0,0.04406296533700737
24,0,10,30,1,vy,strong,M4,0.04373495470346904,1.1664280058001497,3.192594021968977,1.0,0.04507285086703803
24,0,10,30,2,beta_noacc,moderate,M1,0.013255692484606476,0.7732695303270529,1.051883557862171,1.0,0.013490624319366406
24,0,10,30,2,beta_noacc,moderate,M2,0.013267343318079005,0.7732687411228129,1.0519024165518969,1.0,0.01396456764029458
24,0,10,30,2,beta_noacc,moderate,M3,0.007376379858850119,0.7731607354940346,1.0525957091701237,1.0,0.00776597839416698
24,0,10,30,2,beta_noacc,moderate,M4,0.007435838889429117,0.773160099324339,1.052614813368853,1.0,0.007761113856837527
24,0,10,30,2,beta_noacc,near_linear,M1,0.006569682512215417,0.3838399424288031,0.5247029002181166,1.0,0.0066839479272283635
24,0,10,30,2,beta_noacc,near_linear,M2,0.0065756352513153,0.3838396146690864,0.5247135962551795,1.0,0.006918241213001843
24,0,10,30,2,beta_noacc,near_linear,M3,0.0035333388726707664,0.38379302281643835,0.5250911968304787,1.0,0.003712208468964487
24,0,10,30,2,beta_noacc,near_linear,M4,0.0035607743218286033,0.3837927602142325,0.5251019005093808,1.0,0.003713890244599103
24,0,10,30,2,beta_noacc,strong,M1,0.020466568119238002,1.1758631810041107,1.5844961701523963,1.0,0.020839246148561176
24,0,10,30,2,beta_noacc,strong,M2,0.020483237875628522,1.1758615037230544,1.5845170428182478,1.0,0.021568139327277133
24,0,10,30,2,beta_noacc,strong,M3,0.012222472659377714,1.1756440828778578,1.585367130074799,1.0,0.012875742018832645
24,0,10,30,2,beta_noacc,strong,M4,0.012322666562885831,1.1756427193712367,1.5853877847322329,1.0,0.012852179050207187
24,0,10,30,2,legacy,moderate,M1,0.013256162726008066,0.7732683492043996,1.0518966668380956,1.0,0.013491170047322521
24,0,10,30,2,legacy,moderate,M2,0.013267818502222327,0.7732675598087209,1.051915485037452,1.0,0.01396524243945985
24,0,10,30,2,legacy,moderate,M3,0.007375314043437495,0.7731593206952112,1.052605257851903,1.0,0.0077647272648491035
24,0,10,30,2,legacy,moderate,M4,0.0074347518872171295,0.773158684358387,1.0526243276503893,1.0,0.007759975064848787
24,0,10,30,2,legacy,near_linear,M1,0.006569910281285423,0.383839428408589,0.5247104166644845,1.0,0.006684211772330403
24,0,10,30,2,legacy,near_linear,M2,0.006575865537969267,0.3838391005653618,0.5247210932651379,1.0,0.0069185687307072065
24,0,10,30,2,legacy,near_linear,M3,0.0035327973273874165,0.38379238562645307,0.5250969507375632,1.0,0.003711578353928993
24,0,10,30,2,legacy,near_linear,M4,0.003560224114915367,0.38379212295352033,0.5251076379262435,1.0,0.003713315089335497
24,0,10,30,2,legacy,strong,M1,0.020467486187824086,1.1758608225751275,1.584510367967203,1.0,0.02084029642139412
24,0,10,30,2,legacy,strong,M2,0.02048416211863031,1.1758591449187925,1.5845311748554465,1.0,0.0215694007212653
24,0,10,30,2,legacy,strong,M3,0.012221206879670654,1.1756414189176863,1.5853779932759318,1.0,0.012874180014882601
24,0,10,30,2,legacy,strong,M4,0.012321357815199238,1.1756400550628634,1.5853985921124047,1.0,0.012850793868561864
24,0,10,30,2,vy,moderate,M1,0.013256032957318743,0.7732498955752002,1.052001469488146,1.0,0.013491092805896188
24,0,10,30,2,vy,moderate,M2,0.01326778563001065,0.7732491039174085,1.0520202456153636,1.0,0.013965059287468403
24,0,10,30,2,vy,moderate,M3,0.00738376639557773,0.7731435234907114,1.0527129972734797,1.0,0.0077750799438634265
24,0,10,30,2,vy,moderate,M4,0.007443408036839172,0.7731428838976866,1.0527320240028029,1.0,0.00776972228136778
24,0,10,30,2,vy,near_linear,M1,0.006569714520272917,0.3838263168732554,0.5247666360814075,1.0,0.006684006736985057
24,0,10,30,2,vy,near_linear,M2,0.006575711162659215,0.38382598862456774,0.5247772995204486,1.0,0.00691827642593444
24,0,10,30,2,vy,near_linear,M3,0.003535542955639006,0.38378037953851823,0.525154653209365,1.0,0.0037151401441557767
24,0,10,30,2,vy,near_linear,M4,0.0035630557116121475,0.38378011601290746,0.5251653261501146,1.0,0.003716604334105447
24,0,10,30,2,vy,strong,M1,0.02047428235569315,1.1758612070281425,1.584645883453179,1.0,0.020847614466843432
24,0,10,30,2,vy,strong,M2,0.020491131701071717,1.175859518549246,1.5846665797722217,1.0,0.021577074167064916
24,0,10,30,2,vy,strong,M3,0.012250112342306604,1.1756473159914431,1.585512940266622,1.0,0.012906186147947661
24,0,10,30,2,vy,strong,M4,0.012350562194795515,1.175645939620279,1.5855334314539618,1.0,0.01288196797165109
24,0,18,22,1,beta_noacc,moderate,M1,0.028433495474598846,0.7745718760826165,1.946676136767832,1.0,0.028684690560996606
24,0,18,22,1,beta_noacc,moderate,M2,0.028501468538882295,0.7745714634542016,1.947078559622382,1.0,0.029182868628565124
24,0,18,22,1,beta_noacc,moderate,M3,0.02815663449973024,0.7744723801786942,1.9492120527831536,1.0,0.02849099726928688
24,0,18,22,1,beta_noacc,moderate,M4,0.02823152940480308,0.7744720652657878,1.9496198957954691,1.0,0.02874329252192746
24,0,18,22,1,beta_noacc,near_linear,M1,0.013680855900599644,0.38549710550469773,0.9737620425540194,1.0,0.013807737485933974
24,0,18,22,1,beta_noacc,near_linear,M2,0.013715049643543812,0.385496958091071,0.9739569792313464,1.0,0.014041778568117013
24,0,18,22,1,beta_noacc,near_linear,M3,0.01354027713959625,0.385449127970644,0.9750024378686882,1.0,0.013708965292996417
24,0,18,22,1,beta_noacc,near_linear,M4,0.013577921770130385,0.3854490274460573,0.9752017672805348,1.0,0.01381922876420143
24,0,18,22,1,beta_noacc,strong,M1,0.0460743987850761,1.1712518168566766,2.9037995101530645,1.0,0.04643439860898619
24,0,18,22,1,beta_noacc,strong,M2,0.04617470599170612,1.1712508546399343,2.904466433315231,1.0,0.047297554670496275
24,0,18,22,1,beta_noacc,strong,M3,0.0456569829103108,1.1710927897556482,2.9075509367543284,1.0,0.046139702789875385
24,0,18,22,1,beta_noacc,strong,M4,0.045767641079422106,1.1710919850038957,2.908231065658569,1.0,0.046641290961715216
24,0,18,22,1,legacy,moderate,M1,0.028433334658050244,0.7745719619934605,1.9465023952214249,1.0,0.02868447488607591
24,0,18,22,1,legacy,moderate,M2,0.02850130636583931,0.7745715491546756,1.9469040845033807,1.0,0.029182897114675713
24,0,18,22,1,legacy,moderate,M3,0.028156227047805002,0.774472441734852,1.949038273411046,1.0,0.02849051454401529
24,0,18,22,1,legacy,moderate,M4,0.028231117907791498,0.7744721265999053,1.9494462237476808,1.0,0.028743099628330396
24,0,18,22,1,legacy,near_linear,M1,0.01368071879938626,0.3854971686484219,0.9736755448883064,1.0,0.013807574098871617
24,0,18,22,1,legacy,near_linear,M2,0.01371491203429513,0.38549702113309026,0.9738705313057712,1.0,0.014041735163038216
24,0,18,22,1,legacy,near_linear,M3,0.013540010488681111,0.3854491781151224,0.9749159178876072,1.0,0.013708661746168931
24,0,18,22,1,legacy,near_linear,M4,0.013577653202890757,0.3854490774832027,0.9751152966886972,1.0,0.013819068776182357
24,0,18,22,1,legacy,strong,M1,0.046074632502119815,1.1712517990106086,2.9035173585507343,1.0,0.046434541979046375
24,0,18,22,1,legacy,strong,M2,0.046174936723369905,1.1712508364638903,2.904184458811433,1.0,0.047298081906001516
24,0,18,22,1,legacy,strong,M3,0.04565688505778258,1.171092740309212,2.907268730957414,1.0,0.046139486582493165
24,0,18,22,1,legacy,strong,M4,0.04576753663129933,1.1710919352077773,2.9079490357759075,1.0,0.04664152182068496
24,0,18,22,1,vy,moderate,M1,0.02843477727285296,0.7745539037516137,1.947790963926046,1.0,0.02868591736839861
24,0,18,22,1,vy,moderate,M2,0.028502748405413683,0.7745534873312016,1.9481932072847203,1.0,0.0291846422467331
24,0,18,22,1,vy,moderate,M3,0.028157316964599843,0.7744546739437352,1.9503248674127924,1.0,0.028491560245804983
24,0,18,22,1,vy,moderate,M4,0.02823219504677443,0.774454355237376,1.950735951647757,1.0,0.02874461202986159
24,0,18,22,1,vy,near_linear,M1,0.013680506553302276,0.3854887512995432,0.974261332146468,1.0,0.013807389967350352
24,0,18,22,1,vy,near_linear,M2,0.013714702597027053,0.3854886021843359,0.9744576186550976,1.0,0.014041600186297359
24,0,18,22,1,vy,near_linear,M3,0.013539578827976436,0.3854408843390373,0.9755006299036784,1.0,0.013708240774658932
24,0,18,22,1,vy,near_linear,M4,0.01357721873619536,0.38544078211500643,0.9757013106665764,1.0,0.01381876982987384
24,0,18,22,1,vy,strong,M1,0.04608529186359055,1.1712196231055672,2.905287462406469,1.0,0.0464449769638593
24,0,18,22,1,vy,strong,M2,0.046185574295367106,1.171218654159078,2.905960850614232,1.0,0.0473097516357237
24,0,18,22,1,vy,strong,M3,0.04566728942412058,1.1710611362866021,2.9090351033366204,1.0,0.046149570617693515
24,0,18,22,1,vy,strong,M4,0.045777898256622526,1.1710603247619202,2.909721706331637,1.0,0.04665314522230352
24,0,18,22,2,beta_noacc,moderate,M1,0.007987825469091995,0.7743666678255507,0.9879702513136432,1.0,0.008250516771912913
24,0,18,22,2,beta_noacc,moderate,M2,0.008037531059149772,0.7743663701636314,0.9880151422131304,1.0,0.008287804012487847
24,0,18,22,2,beta_noacc,moderate,M3,0.007830503924761676,0.7743385767743667,0.9888483558896052,1.0,0.00818268771363158
24,0,18,22,2,beta_noacc,moderate,M4,0.007890799771948983,0.7743383080189994,0.9888951477267937,1.0,0.00816408465291518
24,0,18,22,2,beta_noacc,near_linear,M1,0.003853080916146962,0.3850483420306301,0.4901749238498509,1.0,0.00398031220086988
24,0,18,22,2,beta_noacc,near_linear,M2,0.003877718940233757,0.3850482202146319,0.4901979145667726,1.0,0.004004091468204757
24,0,18,22,2,beta_noacc,near_linear,M3,0.003763934083822329,0.38503492082890095,0.4906009105110788,1.0,0.003936135282252033
24,0,18,22,2,beta_noacc,near_linear,M4,0.003793741669543037,0.38503481269323947,0.4906248594077083,1.0,0.003927361537394416
24,0,18,22,2,beta_noacc,strong,M1,0.012898118054838285,1.1734129510306597,1.5039423413225466,1.0,0.013309897679795978
24,0,18,22,2,beta_noacc,strong,M2,0.012973294299533639,1.1734123242534682,1.5040021037023348,1.0,0.013351086588611944
24,0,18,22,2,beta_noacc,strong,M3,0.012712452516311748,1.1733668945818594,1.5053463063294428,1.0,0.01325653773027869
24,0,18,22,2,beta_noacc,strong,M4,0.012803954048261307,1.1733663159638033,1.5054088820738043,1.0,0.013228393679891016
24,0,18,22,2,legacy,moderate,M1,0.007987826181434307,0.7743669059603873,0.9879408859378378,1.0,0.00825050458679589
24,0,18,22,2,legacy,moderate,M2,0.008037529888825092,0.77436660826823,0.987985784790938,1.0,0.008287880780892756
24,0,18,22,2,legacy,moderate,M3,0.00783037765298624,0.7743388082416377,0.9888190250566912,1.0,0.008182533437479832
24,0,18,22,2,legacy,moderate,M4,0.007890669549523246,0.7743385394552968,0.9888658246704152,1.0,0.008163948824182107
24,0,18,22,2,legacy,near_linear,M1,0.003853078526496701,0.3850484552981423,0.4901586966380793,1.0,0.003980303589097043
24,0,18,22,2,legacy,near_linear,M2,0.0038777155313417656,0.38504833346821954,0.4901816913398782,1.0,0.004004127329912024
24,0,18,22,2,legacy,near_linear,M3,0.003763865584264963,0.38503503046353904,0.4905846955327939,1.0,0.00393605267317439
24,0,18,22,2,legacy,near_linear,M4,0.0037936711512266126,0.3850349223135736,0.4906086483217465,1.0,0.003927288163146561
24,0,18,22,2,legacy,strong,M1,0.012898162708769761,1.1734133429944658,1.503908036419053,1.0,0.013309920116335748
24,0,18,22,2,legacy,strong,M2,0.012973336228734771,1.173412716163194,1.5039678112874482,1.0,0.013351245298500418
24,0,18,22,2,legacy,strong,M3,0.012712321744862974,1.1733672785992733,1.5053120846934271,1.0,0.013256364365049617
24,0,18,22,2,legacy,strong,M4,0.012803817483721653,1.1733666999259587,1.5053746726938178,1.0,0.013228248299129833
24,0,18,22,2,vy,moderate,M1,0.007988165952538085,0.7743631236583207,0.9885979136203228,1.0,0.008250948251373659
24,0,18,22,2,vy,moderate,M2,0.008037887256363268,0.7743628254194671,0.9886430053918756,1.0,0.008288170135144548
24,0,18,22,2,vy,moderate,M3,0.007830925684346391,0.7743351378773149,0.9894772066246156,1.0,0.008183234841677451
24,0,18,22,2,vy,moderate,M4,0.007891233190492732,0.7743348685364125,0.989524199406386,1.0,0.008164615006630713
24,0,18,22,2,vy,near_linear,M1,0.0038531164099345847,0.38504628626123233,0.4904373023186741,1.0,0.003980393064721007
24,0,18,22,2,vy,near_linear,M2,0.0038777628287851662,0.3850461642142784,0.4904603932266862,1.0,0.00400413028708257
24,0,18,22,2,vy,near_linear,M3,0.0037639866163149465,0.385032907652352,0.4908637188050313,1.0,0.00393624968152512
24,0,18,22,2,vy,near_linear,M4,0.0037938004901688187,0.3850327992819518,0.4908877678121639,1.0,0.0039274658925752
24,0,18,22,2,vy,strong,M1,0.012899952048092076,1.1734093228813633,1.5052366344440298,1.0,0.013311841148842008
24,0,18,22,2,vy,strong,M2,0.012975144112705325,1.1734086948029612,1.5052967088848153,1.0,0.013353062337243152
24,0,18,22,2,vy,strong,M3,0.012714519405562372,1.1733634961233586,1.5066435680953474,1.0,0.013258768102476363
24,0,18,22,2,vy,strong,M4,0.012806031116995497,1.1733629161851526,1.5067064572653233,1.0,0.013230622699339346
24,1,10,30,1,beta_noacc,moderate,M1,0.03980498023316957,0.8151050248217263,2.2829078422275435,1.0,0.04802031002428551
24,1,10,30,1,beta_noacc,moderate,M2,0.03590621747121333,0.815027810306117,2.291690837950969,1.0,0.03812618185577689
24,1,10,30,1,beta_noacc,moderate,M3,0.031907484704916715,0.8147503578649606,2.294254952328997,1.0,0.0377873753642144
24,1,10,30,1,beta_noacc,moderate,M4,0.02713512234003253,0.8147175145058676,2.3026736947106654,1.0,0.028337090149187567
24,1,10,30,1,beta_noacc,near_linear,M1,0.01930640663409633,0.4049493901282157,1.1384240073008345,1.0,0.023200259706146645
24,1,10,30,1,beta_noacc,near_linear,M2,0.017464454018308193,0.4049136735080685,1.1428519379427196,1.0,0.01860700801202279
24,1,10,30,1,beta_noacc,near_linear,M3,0.015304316306067026,0.4047911920103887,1.1440889924941122,1.0,0.018082584957404484
24,1,10,30,1,beta_noacc,near_linear,M4,0.012993457340505206,0.4047754555622702,1.1483150237248076,1.0,0.013594682293363552
24,1,10,30,1,beta_noacc,strong,M1,0.06396228789511338,1.2362540951696555,3.4401414553219363,1.0,0.0776563877866326
24,1,10,30,1,beta_noacc,strong,M2,0.057622457025867185,1.23613271044876,3.453281932765624,1.0,0.06081539234748496
24,1,10,30,1,beta_noacc,strong,M3,0.05228276815438416,1.2356158891848743,3.457309390017098,1.0,0.06227804186690967
24,1,10,30,1,beta_noacc,strong,M4,0.04486256506749197,1.2355734395969193,3.469799861825533,1.0,0.046660449226692075
24,1,10,30,1,legacy,moderate,M1,0.03980713828140714,0.8150996006850587,2.282977818366313,1.0,0.04802520452185368
24,1,10,30,1,legacy,moderate,M2,0.035906534302129464,0.8150223471114493,2.291744253343376,1.0,0.03812740865629532
24,1,10,30,1,legacy,moderate,M3,0.031905210154025615,0.8147441345207151,2.2943077757052,1.0,0.0377905200453628
24,1,10,30,1,legacy,moderate,M4,0.027130698061020152,0.8147112734887902,2.302702865534247,1.0,0.02833197974761884
24,1,10,30,1,legacy,near_linear,M1,0.019307234613948284,0.4049470234212081,1.1384626623802432,1.0,0.02320226763240157
24,1,10,30,1,legacy,near_linear,M2,0.017464397806102996,0.40491128384265923,1.142877484410815,1.0,0.018607413848863993
24,1,10,30,1,legacy,near_linear,M3,0.015302789151853707,0.40478840245851383,1.1441140801886636,1.0,0.018083578995377644
24,1,10,30,1,legacy,near_linear,M4,0.012990897465647681,0.404772653375135,1.1483337243385408,1.0,0.013591785506867538
24,1,10,30,1,legacy,strong,M1,0.06396804568937961,1.236243566408594,3.440242916540874,1.0,0.07766758143968572
24,1,10,30,1,legacy,strong,M2,0.05762541191550952,1.236122146052942,3.4533565947226537,1.0,0.0608198580196495
24,1,10,30,1,legacy,strong,M3,0.052282854333245296,1.235604307027603,3.45738422694654,1.0,0.06228748288215646
24,1,10,30,1,legacy,strong,M4,0.04485945186062012,1.2355618545889728,3.469837939158536,1.0,0.04665611716884564
24,1,10,30,1,vy,moderate,M1,0.039835395449155,0.8150288587047942,2.2836630122161803,1.0,0.04807579806009079
24,1,10,30,1,vy,moderate,M2,0.03591882198600514,0.8149503727736189,2.292451633196951,1.0,0.03813365365898167
24,1,10,30,1,vy,moderate,M3,0.031955107467471836,0.8146806611741861,2.2950073429919926,1.0,0.03786903770089762
24,1,10,30,1,vy,moderate,M4,0.027142094985659292,0.8146464392740677,2.303426869475091,1.0,0.028341872360834523
24,1,10,30,1,vy,near_linear,M1,0.01931373130670747,0.40491238102858795,1.1388070230939014,1.0,0.023213551199056104
24,1,10,30,1,vy,near_linear,M2,0.01746595168687327,0.404876063123622,1.1432367675734014,1.0,0.01860714053750225
24,1,10,30,1,vy,near_linear,M3,0.015317253683870618,0.4047569013812477,1.1444683523778871,1.0,0.01810512489102145
24,1,10,30,1,vy,near_linear,M4,0.012989722904623573,0.4047404951983401,1.148698154301986,1.0,0.013588791454665445
24,1,10,30,1,vy,strong,M1,0.06410092213288399,1.2361108207958682,3.441268922366401,1.0,0.07789186682730684
24,1,10,30,1,vy,strong,M2,0.05771675786076434,1.2359878119197918,3.454403726362967,1.0,0.06089068869370108
24,1,10,30,1,vy,strong,M3,0.05246528793767887,1.2354858656676848,3.458426884718769,1.0,0.06257879537683245
24,1,10,30,1,vy,strong,M4,0.044967041999154876,1.2354417146042538,3.470915404721778,1.0,0.046773188259145455
24,1,10,30,2,beta_noacc,moderate,M1,0.016231572865137857,0.8184947279838308,1.1384449588535062,1.0,0.019637762946087614
24,1,10,30,2,beta_noacc,moderate,M2,0.0134925021049399,0.8184512820249401,1.1395833179186672,1.0,0.015161446474691762
24,1,10,30,2,beta_noacc,moderate,M3,0.011197480816190462,0.8183619242576886,1.1393666692275062,1.0,0.012593121200032413
24,1,10,30,2,beta_noacc,moderate,M4,0.007649907586615002,0.8183340448191478,1.1403215754127434,1.0,0.008123096069149374
24,1,10,30,2,beta_noacc,near_linear,M1,0.007959719309731423,0.40590756102475223,0.5669835906782414,1.0,0.009596073436643527
24,1,10,30,2,beta_noacc,near_linear,M2,0.006692478115346874,0.4058885825751839,0.5675897661695057,1.0,0.007537913508552937
24,1,10,30,2,beta_noacc,near_linear,M3,0.005386627874793269,0.4058505971783999,0.5674703659612852,1.0,0.0060830104473628905
24,1,10,30,2,beta_noacc,near_linear,M4,0.0036641997614284866,0.40583822612961334,0.5679782914701901,1.0,0.0038988735342854936
24,1,10,30,2,beta_noacc,strong,M1,0.025533730372022244,1.2469301693333472,1.7427396733639369,1.0,0.03111480109765881
24,1,10,30,2,beta_noacc,strong,M2,0.020801707674509604,1.2468502039171039,1.7437932202587405,1.0,0.023221372268201593
24,1,10,30,2,beta_noacc,strong,M3,0.01828534032898335,1.246659543608023,1.7494317347060653,1.0,0.020492160010907128
24,1,10,30,2,beta_noacc,strong,M4,0.012674071084520193,1.2466118129747834,1.7516787700319214,1.0,0.013389159570449989
24,1,10,30,2,legacy,moderate,M1,0.0162328404374835,0.8184932118533875,1.1384616165256831,1.0,0.019640023366892367
24,1,10,30,2,legacy,moderate,M2,0.013492966617260183,0.8184497578321585,1.139597984255179,1.0,0.01516221675773256
24,1,10,30,2,legacy,moderate,M3,0.01119741597775665,0.8183601895337295,1.1393811752774208,1.0,0.012594740632499058
24,1,10,30,2,legacy,moderate,M4,0.007648797575595474,0.8183323140575731,1.1403333288426236,1.0,0.008121727076649966
24,1,10,30,2,legacy,near_linear,M1,0.007960322829240028,0.4059068560288956,0.5669929667102891,1.0,0.009597126180240289
24,1,10,30,2,legacy,near_linear,M2,0.006692705471352227,0.40588787317488373,0.5675981771070016,1.0,0.007538296037405103
24,1,10,30,2,legacy,near_linear,M3,0.005386539407771199,0.4058497748560967,0.5674786835597584,1.0,0.006083723086904526
24,1,10,30,2,legacy,near_linear,M4,0.0036636427180690508,0.405837405185208,0.5679858524840405,1.0,0.003898189851599073
24,1,10,30,2,legacy,strong,M1,0.025535999143261993,1.2469274787430447,1.7428506713380507,1.0,0.031118961886854778
24,1,10,30,2,legacy,strong,M2,0.020802602410677478,1.2468475083742248,1.7439092209013116,1.0,0.02322272174176729
24,1,10,30,2,legacy,strong,M3,0.01828586134523671,1.2466565819547248,1.7495463150093662,1.0,0.020495540574112677
24,1,10,30,2,legacy,strong,M4,0.012672702726315687,1.2466088664041723,1.751798172922423,1.0,0.013387385441739135
24,1,10,30,2,vy,moderate,M1,0.01623967313717031,0.8184798137132377,1.1385608158585705,1.0,0.019653823700548596
24,1,10,30,2,vy,moderate,M2,0.013492944414045525,0.8184363878735302,1.1396989809200735,1.0,0.015160948783564119
24,1,10,30,2,vy,moderate,M3,0.011213058079065443,0.8183498045285177,1.1394815750657472,1.0,0.012610941392866967
24,1,10,30,2,vy,moderate,M4,0.0076575399219917075,0.8183218248167788,1.1404362586717125,1.0,0.008133141897092046
24,1,10,30,2,vy,near_linear,M1,0.007962457016351166,0.40589503101233804,0.5670476221504346,1.0,0.009601550575536124
24,1,10,30,2,vy,near_linear,M2,0.006692565074696038,0.4058760869506374,0.5676538838428411,1.0,0.00753764697868669
24,1,10,30,2,vy,near_linear,M3,0.005391952009281669,0.4058391953822929,0.5675339888618094,1.0,0.0060886126695745895
24,1,10,30,2,vy,near_linear,M4,0.0036665001652505776,0.40582680084466055,0.5680418981070273,1.0,0.0039020496300485237
24,1,10,30,2,vy,strong,M1,0.02556361081685615,1.2469458913110938,1.754807348594568,1.0,0.03117100099202984
24,1,10,30,2,vy,strong,M2,0.020809562107598892,1.2468658874015544,1.7559457574266633,1.0,0.02322575923716971
24,1,10,30,2,vy,strong,M3,0.01833472253955487,1.2466812970028196,1.761615356814933,1.0,0.02055709465143626
24,1,10,30,2,vy,strong,M4,0.012702012005428413,1.246633386031394,1.7639408142861683,1.0,0.01342329495948715
24,1,18,22,1,beta_noacc,moderate,M1,0.03282305801880129,0.8158418615694402,2.19768419868426,1.0,0.03820868645732806
24,1,18,22,1,beta_noacc,moderate,M2,0.0292888387006572,0.8159090389876362,2.216224637391855,1.0,0.031020698183248322
24,1,18,22,1,beta_noacc,moderate,M3,0.03257495583329592,0.8157267653703032,2.200304395298508,1.0,0.03720160604417707
24,1,18,22,1,beta_noacc,moderate,M4,0.029009043009068078,0.81580317202248,2.2197191767143827,1.0,0.030709686806145976
24,1,18,22,1,beta_noacc,near_linear,M1,0.01582938479250867,0.405775717111825,1.0932730936577033,1.0,0.01837487617819144
24,1,18,22,1,beta_noacc,near_linear,M2,0.014099334441362932,0.4058086163566958,1.1021664080162747,1.0,0.014938751812737823
24,1,18,22,1,beta_noacc,near_linear,M3,0.015705201549701387,0.4057203058828967,1.0945703258891362,1.0,0.017873715025587357
24,1,18,22,1,beta_noacc,near_linear,M4,0.013955993091120583,0.4057576393120746,1.103879420575794,1.0,0.01478514402288234
24,1,18,22,1,beta_noacc,strong,M1,0.05287729792419634,1.235120409061288,3.316798003796992,1.0,0.06191547928577791
24,1,18,22,1,beta_noacc,strong,M2,0.04742001901163534,1.2352296558768612,3.3459797487546017,1.0,0.05016916829719119
24,1,18,22,1,beta_noacc,strong,M3,0.0524957140265193,1.2349358723522301,3.320768842124177,1.0,0.0603870430184543
24,1,18,22,1,beta_noacc,strong,M4,0.04700517204126886,1.2350599549560808,3.351218879404905,1.0,0.04968011679914722
24,1,18,22,1,legacy,moderate,M1,0.03282309917375913,0.8158418211368631,2.1975656704222826,1.0,0.03820948955527041
24,1,18,22,1,legacy,moderate,M2,0.029288674867321625,0.8159089891889192,2.2161102190238715,1.0,0.031020515836997598
24,1,18,22,1,legacy,moderate,M3,0.03257474407434276,0.8157267038574353,2.2001878356143725,1.0,0.037202266730441025
24,1,18,22,1,legacy,moderate,M4,0.02900862633006748,0.8158031014972885,2.2196046664038,1.0,0.030709262716316816
24,1,18,22,1,legacy,near_linear,M1,0.0158293505458928,0.4057757157615203,1.0932114280411498,1.0,0.01837520391906712
24,1,18,22,1,legacy,near_linear,M2,0.014099195911204272,0.4058086100050634,1.1021056120738555,1.0,0.014938600349916746
24,1,18,22,1,legacy,near_linear,M3,0.01570503390223036,0.4057202929551248,1.0945086528649517,1.0,0.01787396520682513
24,1,18,22,1,legacy,near_linear,M4,0.013955721972892923,0.4057576215220632,1.103818577274081,1.0,0.014784867043523279
24,1,18,22,1,legacy,strong,M1,0.05287779836999248,1.2351202075161103,3.316624188210055,1.0,0.06191724876839689
24,1,18,22,1,legacy,strong,M2,0.04742025330240147,1.2352294426089863,3.345809489552431,1.0,0.05016938776991849
24,1,18,22,1,legacy,strong,M3,0.05249587549887029,1.234935645566007,3.320594909249833,1.0,0.06038863565790409
24,1,18,22,1,legacy,strong,M4,0.04700506518000964,1.2350597171678255,3.3510483689005097,1.0,0.049680004195899664
24,1,18,22,1,vy,moderate,M1,0.03282781670694988,0.8158219884694603,2.1993361906500764,1.0,0.03821804407048797
24,1,18,22,1,vy,moderate,M2,0.029289687977532786,0.8158888948210556,2.2179572362686804,1.0,0.031021450037913446
24,1,18,22,1,vy,moderate,M3,0.032579934542150454,0.8157071960011474,2.2019866610077394,1.0,0.03721173348479421
24,1,18,22,1,vy,moderate,M4,0.029009127739946627,0.8157833336419715,2.221449819996868,1.0,0.03070923945992372
24,1,18,22,1,vy,near_linear,M1,0.01583055642920028,0.4057664374634099,1.0939773076334658,1.0,0.018377513003502082
24,1,18,22,1,vy,near_linear,M2,0.01409876712366852,0.4057992075985491,1.1028869507855967,1.0,0.014937843420509862
24,1,18,22,1,vy,near_linear,M3,0.015706422742982853,0.40571115171183825,1.0952735494824324,1.0,0.017876635421137838
24,1,18,22,1,vy,near_linear,M4,0.013954999150323262,0.40574835653354147,1.1045988801923898,1.0,0.01478360458873628
24,1,18,22,1,vy,strong,M1,0.05289438821312392,1.235085163410482,3.3198061436656863,1.0,0.06194572795034827
24,1,18,22,1,vy,strong,M2,0.04743034921369062,1.2351939869257589,3.3490959422683293,1.0,0.05018171835383282
24,1,18,22,1,vy,strong,M3,0.052513496151469816,1.2349012511119872,3.323772414648126,1.0,0.06041908928658748
24,1,18,22,1,vy,strong,M4,0.04701464300309246,1.2350249169616299,3.3543303121304047,1.0,0.04969109689035788
24,1,18,22,2,beta_noacc,moderate,M1,0.011149407826013842,0.8162809024703841,1.1208979023763392,1.0,0.012434334884923647
24,1,18,22,2,beta_noacc,moderate,M2,0.008266492875336363,0.8162845431646069,1.122932555437697,1.0,0.00881659032825391
24,1,18,22,2,beta_noacc,moderate,M3,0.010960656797285038,0.8162481970396515,1.1218620035430136,1.0,0.012952358954171999
24,1,18,22,2,beta_noacc,moderate,M4,0.008114117278310535,0.816254659828668,1.124090821637865,1.0,0.008728651346649534
24,1,18,22,2,beta_noacc,near_linear,M1,0.0053929604496302744,0.4056059226806435,0.5540091938371833,1.0,0.00600629638907211
24,1,18,22,2,beta_noacc,near_linear,M2,0.003990508565816986,0.4056082548519792,0.5550426476568232,1.0,0.004254350757081143
24,1,18,22,2,beta_noacc,near_linear,M3,0.0052937552598928996,0.4055903312197026,0.5544710159366208,1.0,0.006288878589767683
24,1,18,22,2,beta_noacc,near_linear,M4,0.003902605526874067,0.4055939925816909,0.5556028632028269,1.0,0.00420190676870863
24,1,18,22,2,beta_noacc,strong,M1,0.017873032231354804,1.2385400172105074,1.7201107872632262,1.0,0.02001924086844643
24,1,18,22,2,beta_noacc,strong,M2,0.01332887143115878,1.238543241730348,1.7230929637018133,1.0,0.014218150103169043
24,1,18,22,2,beta_noacc,strong,M3,0.0176134414744211,1.2384861702548982,1.7216698588407382,1.0,0.020527670278857376
24,1,18,22,2,beta_noacc,strong,M4,0.013157103926678146,1.2384941504530709,1.7249503101734942,1.0,0.014124833640997293
24,1,18,22,2,legacy,moderate,M1,0.011149529042481158,0.8162810993291113,1.1208832663151296,1.0,0.012434725494715587
24,1,18,22,2,legacy,moderate,M2,0.008266491939923806,0.8162847388400526,1.1229181400599897,1.0,0.008816572311244896
24,1,18,22,2,legacy,moderate,M3,0.01096065769141046,0.81624838811034,1.1218474234966993,1.0,0.01295192239468889
24,1,18,22,2,legacy,moderate,M4,0.00811398643082948,0.8162548499933828,1.124076448654168,1.0,0.00872851573445194
24,1,18,22,2,legacy,near_linear,M1,0.00539301591038849,0.4056060123301677,0.5539994141744584,1.0,0.006006482999770516
24,1,18,22,2,legacy,near_linear,M2,0.0039905058498160275,0.4056083438642772,0.5550330015342588,1.0,0.004254338492854277
24,1,18,22,2,legacy,near_linear,M3,0.005293747561236537,0.40559041760246395,0.5544612566459451,1.0,0.006288654595370117
24,1,18,22,2,legacy,near_linear,M4,0.00390253534309558,0.4055940784516709,0.5555932303312087,1.0,0.00420183396193252
24,1,18,22,2,legacy,strong,M1,0.017873268716442098,1.2385403671989101,1.7201051406971188,1.0,0.020019909343368527
24,1,18,22,2,legacy,strong,M2,0.013328911123960396,1.238543590438413,1.723087852993412,1.0,0.01421816974193888
24,1,18,22,2,legacy,strong,M3,0.01761351378931051,1.2384865141334611,1.7216643463698378,1.0,0.020527060904635217
24,1,18,22,2,legacy,strong,M4,0.013156963430202364,1.2384944935616937,1.7249453184162478,1.0,0.014124687355324088
24,1,18,22,2,vy,moderate,M1,0.011150788847594195,0.8162770892677504,1.1216234247001529,1.0,0.01243656647405164
24,1,18,22,2,vy,moderate,M2,0.008266800595852261,0.816280691086325,1.12366304707899,1.0,0.00881700410864065
24,1,18,22,2,vy,moderate,M3,0.010962199450815568,0.8162445054504897,1.1225887183285783,1.0,0.012953866981972538
24,1,18,22,2,vy,moderate,M4,0.00811448979561808,0.8162509276909519,1.124822554143544,1.0,0.008729105787534996
24,1,18,22,2,vy,near_linear,M1,0.005393420026290511,0.4056036742068772,0.5543064034011028,1.0,0.006007036359044486
24,1,18,22,2,vy,near_linear,M2,0.0039905302205858065,0.4056059897689342,0.555342864217843,1.0,0.004254384404277047
24,1,18,22,2,vy,near_linear,M3,0.005294275563064288,0.4055881317977891,0.5547686284358292,1.0,0.006289489138201677
24,1,18,22,2,vy,near_linear,M4,0.0039026364131612887,0.40559177571711336,0.5559034972097403,1.0,0.004201940491266513
24,1,18,22,2,vy,strong,M1,0.01787711099091352,1.2385363747162694,1.7216630395160184,1.0,0.020025884633861697
24,1,18,22,2,vy,strong,M2,0.0133306356636662,1.2385395261282008,1.72465739944271,1.0,0.014220437807538596
24,1,18,22,2,vy,strong,M3,0.01761786554383025,1.2384827946473018,1.7232253188341622,1.0,0.020530916888567938
24,1,18,22,2,vy,strong,M4,0.013159072104109165,1.2384906995271954,1.7265181875447444,1.0,0.014127257036951366
25,0,10,30,1,beta_noacc,moderate,M1,0.036777555720416945,0.7597148493169443,2.101660929733105,1.0,0.037004426608547955
25,0,10,30,1,beta_noacc,moderate,M2,0.036798697577686466,0.759715230529364,2.101328150899352,1.0,0.03757630483107736
25,0,10,30,1,beta_noacc,moderate,M3,0.02719622909763437,0.759438429231079,2.111286539114869,1.0,0.02771001570056608
25,0,10,30,1,beta_noacc,moderate,M4,0.027235201959666073,0.7594390074436999,2.110929437093511,1.0,0.027814761256438978
25,0,10,30,1,beta_noacc,near_linear,M1,0.017876120040571764,0.3778252500335394,1.0505763986391543,1.0,0.017987145906709294
25,0,10,30,1,beta_noacc,near_linear,M2,0.017886559840071373,0.3778254649768395,1.0504115314752271,1.0,0.018255489588200936
25,0,10,30,1,beta_noacc,near_linear,M3,0.013019435972511813,0.37770145975964686,1.0553952270600335,1.0,0.013274359754089077
25,0,10,30,1,beta_noacc,near_linear,M4,0.013038856141029951,0.37770176327272176,1.055211135475352,1.0,0.01331124034158021
25,0,10,30,1,beta_noacc,strong,M1,0.05904890658504528,1.149974151447355,3.1519691468474,1.0,0.05939636681249953
25,0,10,30,1,beta_noacc,strong,M2,0.059081294724696934,1.149974557525613,3.151472355251585,1.0,0.06037983520248322
25,0,10,30,1,beta_noacc,strong,M3,0.04500440967332115,1.149483037289065,3.16622396960632,1.0,0.0457606494252577
25,0,10,30,1,beta_noacc,strong,M4,0.04506253534083581,1.1494837951573746,3.16569447057829,1.0,0.04606130537215127
25,0,10,30,1,legacy,moderate,M1,0.036778804062507504,0.7597108848733626,2.1016683354696526,1.0,0.037005877256047634
25,0,10,30,1,legacy,moderate,M2,0.036799954138614206,0.7597112657320876,2.101336272502902,1.0,0.03757772031398814
25,0,10,30,1,legacy,moderate,M3,0.0271938423498029,0.759433567565385,2.1112767744464715,1.0,0.02770760693120904
25,0,10,30,1,legacy,moderate,M4,0.027232815331415767,0.7594341453774008,2.110920284685468,1.0,0.027812798546708893
25,0,10,30,1,legacy,near_linear,M1,0.017876495813385945,0.3778236018702574,1.0505851306822704,1.0,0.017987625652143423
25,0,10,30,1,legacy,near_linear,M2,0.0178869398781154,0.37782381664517684,1.050420604987743,1.0,0.018255932944763336
25,0,10,30,1,legacy,near_linear,M3,0.013017846292805328,0.37769934548163137,1.055389321858734,1.0,0.013272769404046656
25,0,10,30,1,legacy,near_linear,M4,0.013037266830776155,0.37769964880798484,1.0552085682235708,1.0,0.013309843258982783
25,0,10,30,1,legacy,strong,M1,0.05905349353445522,1.1499659723521207,3.1519706110904906,1.0,0.05940121593109899
25,0,10,30,1,legacy,strong,M2,0.05908589343293372,1.149966377862449,3.151474990185133,1.0,0.06038480203818005
25,0,10,30,1,legacy,strong,M3,0.045004605630698157,1.1494736175056828,3.1661986523862846,1.0,0.04576074592561475
25,0,10,30,1,legacy,strong,M4,0.04506272986960094,1.1494743746886364,3.165670164800565,1.0,0.0460622678910085
25,0,10,30,1,vy,moderate,M1,0.03679116911508629,0.7596363594543427,2.1024386166860194,1.0,0.037019944154236435
25,0,10,30,1,vy,moderate,M2,0.036812308958170455,0.7596367367965527,2.1021062755613147,1.0,0.03759089078796861
25,0,10,30,1,vy,moderate,M3,0.027213457215268445,0.7593655942823163,2.1120563157625543,1.0,0.02772889452201123
25,0,10,30,1,vy,moderate,M4,0.02725250545722071,0.7593661681879346,2.1116996675545865,1.0,0.02783385916488555
25,0,10,30,1,vy,near_linear,M1,0.01787727388007241,0.37778844561800096,1.050962759420189,1.0,0.017989164196469995
25,0,10,30,1,vy,near_linear,M2,0.017887708630916824,0.37778865907599946,1.050797907413274,1.0,0.018256640955204663
25,0,10,30,1,vy,near_linear,M3,0.013019373564425408,0.3776670511617151,1.0557801381989098,1.0,0.013275189922044604
25,0,10,30,1,vy,near_linear,M4,0.013038828750223039,0.3776673530169323,1.0555960519381982,1.0,0.013311456799895918
25,0,10,30,1,vy,strong,M1,0.05915143568109875,1.1498191484408222,3.1531693583444005,1.0,0.05950178370382767
25,0,10,30,1,vy,strong,M2,0.05918386480781173,1.1498195450488513,3.15267459900646,1.0,0.060488896632102516
25,0,10,30,1,vy,strong,M3,0.04513550114399538,1.14933941082088,3.167401530087092,1.0,0.04589257035892881
25,0,10,30,1,vy,strong,M4,0.04519371125870538,1.1493401576792717,3.16687404578556,1.0,0.04620166136170838
25,0,10,30,2,beta_noacc,moderate,M1,0.014305170060044574,0.7616715262075318,1.043250718712718,1.0,0.014449991104322883
25,0,10,30,2,beta_noacc,moderate,M2,0.014319103289961303,0.7616715675142303,1.043208595537878,1.0,0.014624867695446082
25,0,10,30,2,beta_noacc,moderate,M3,0.007613485972279206,0.761565379264723,1.043955483398462,1.0,0.00817035476321216
25,0,10,30,2,beta_noacc,moderate,M4,0.007649609970470004,0.7615654879456094,1.0439134788638778,1.0,0.007957741630317167
25,0,10,30,2,beta_noacc,near_linear,M1,0.007079973920783835,0.37817526111405314,0.520506643491572,1.0,0.007147582766442703
25,0,10,30,2,beta_noacc,near_linear,M2,0.007086636734056023,0.37817529154786905,0.5204826503827675,1.0,0.00723428499798037
25,0,10,30,2,beta_noacc,near_linear,M3,0.003675374849770452,0.3781293663817229,0.5208893465497618,1.0,0.0039402829651811995
25,0,10,30,2,beta_noacc,near_linear,M4,0.0036940477481783966,0.3781294256650329,0.5208656443930901,1.0,0.00382864983093467
25,0,10,30,2,beta_noacc,strong,M1,0.022129555847643666,1.1576847129134937,1.5708644575286443,1.0,0.02237701224700556
25,0,10,30,2,beta_noacc,strong,M2,0.022152448778803596,1.157684691454664,1.5708207951831272,1.0,0.02264867093464473
25,0,10,30,2,beta_noacc,strong,M3,0.012475382435152511,1.157472069088926,1.5717192678043368,1.0,0.01336718185464966
25,0,10,30,2,beta_noacc,strong,M4,0.012526106109846094,1.157472184148124,1.5716725929911255,1.0,0.0130685788525458
25,0,10,30,2,legacy,moderate,M1,0.01430594841234137,0.7616704883906842,1.0432615608605669,1.0,0.014450863047037635
25,0,10,30,2,legacy,moderate,M2,0.014319887751875326,0.7616705296409932,1.0432195318453326,1.0,0.014625699632771279
25,0,10,30,2,legacy,moderate,M3,0.0076131773193758205,0.7615640985810043,1.0439642035797787,1.0,0.008170020554154254
25,0,10,30,2,legacy,moderate,M4,0.007649312468082136,0.7615642072305372,1.0439222793076846,1.0,0.00795713749406121
25,0,10,30,2,legacy,near_linear,M1,0.007080350306517252,0.37817482097768307,0.520513034254439,1.0,0.00714800228137992
25,0,10,30,2,legacy,near_linear,M2,0.007087016144770613,0.37817485138530127,0.5204890863836577,1.0,0.007234686784393407
25,0,10,30,2,legacy,near_linear,M3,0.0036751973180036146,0.378128798691031,0.5208946933301033,1.0,0.003940095435953287
25,0,10,30,2,legacy,near_linear,M4,0.0036938749935341323,0.3781288579609755,0.5208710297180172,1.0,0.0038283307818777297
25,0,10,30,2,legacy,strong,M1,0.022130997448374087,1.1576825578268217,1.5708773353550538,1.0,0.02237860921708131
25,0,10,30,2,legacy,strong,M2,0.022153899030134927,1.1576825362606609,1.5708338250920526,1.0,0.022650213830755474
25,0,10,30,2,legacy,strong,M3,0.01247534987150145,1.1574695931249663,1.5717267215934196,1.0,0.013367101576900624
25,0,10,30,2,legacy,strong,M4,0.012526094928294223,1.1574697081093797,1.5716823272942904,1.0,0.013068066848640111
25,0,10,30,2,vy,moderate,M1,0.014305760742562266,0.7616510263079813,1.043358528360147,1.0,0.014451524778940777
25,0,10,30,2,vy,moderate,M2,0.0143196849009105,0.7616510678716376,1.043316549033367,1.0,0.01462555496753117
25,0,10,30,2,vy,moderate,M3,0.007618789217287109,0.7615472499526542,1.0440616023894496,1.0,0.008177216431153368
25,0,10,30,2,vy,moderate,M4,0.00765492987070538,0.7615473587031377,1.044019735788604,1.0,0.007965125524068258
25,0,10,30,2,vy,near_linear,M1,0.007080009743959919,0.3781615366060994,0.5205650349696779,1.0,0.00714799475820196
25,0,10,30,2,vy,near_linear,M2,0.007086667555886359,0.37816156717777716,0.520541095008936,1.0,0.007234320918850384
25,0,10,30,2,vy,near_linear,M3,0.0036766536451616405,0.3781166031416217,0.5209470099433605,1.0,0.00394221849387159
25,0,10,30,2,vy,near_linear,M4,0.003695334691039258,0.37811666247009323,0.5209233597726961,1.0,0.0038308276210190597
25,0,10,30,2,vy,strong,M1,0.02213929545956704,1.1576788485461247,1.5709984634101408,1.0,0.022388801982767204
25,0,10,30,2,vy,strong,M2,0.022162181677921007,1.1576788267857538,1.5709551284637662,1.0,0.02265938528941732
25,0,10,30,2,vy,strong,M3,0.012500834963437856,1.1574713007751933,1.5718521369103466,1.0,0.013395347448500744
25,0,10,30,2,vy,strong,M4,0.012551618607585795,1.1574714152784507,1.5718051737920191,1.0,0.013097116009616192
25,0,18,22,1,beta_noacc,moderate,M1,0.029118449666612416,0.7642075095936609,1.928780500927921,1.0,0.0295278607547731
25,0,18,22,1,beta_noacc,moderate,M2,0.0291500892538184,0.7642083654176599,1.9278708494562795,1.0,0.029742100324112588
25,0,18,22,1,beta_noacc,moderate,M3,0.02860024448207243,0.7641088068735432,1.931300968959496,1.0,0.029042501587451485
25,0,18,22,1,beta_noacc,moderate,M4,0.028631600240608998,0.7641097043828062,1.9303690395211908,1.0,0.029167115365704523
25,0,18,22,1,beta_noacc,near_linear,M1,0.014006308352692648,0.3803959214459932,0.9648889527234136,1.0,0.014211286050817652
25,0,18,22,1,beta_noacc,near_linear,M2,0.014022022121381003,0.3803963492406925,0.9644601771843052,1.0,0.01430339705953679
25,0,18,22,1,beta_noacc,near_linear,M3,0.013744642095470784,0.3803482883391597,0.9661502811916428,1.0,0.01396620779035485
25,0,18,22,1,beta_noacc,near_linear,M4,0.013760192549410832,0.38034873616564163,0.9657103892206076,1.0,0.014013449348944619
25,0,18,22,1,beta_noacc,strong,M1,0.04722320218349204,1.1552693590502314,2.8763997041037244,1.0,0.04782762756947547
25,0,18,22,1,beta_noacc,strong,M2,0.047271147800457755,1.1552706329297728,2.874931903780375,1.0,0.048255686816626835
25,0,18,22,1,beta_noacc,strong,M3,0.046448894635140035,1.1551118239286653,2.8802241368710555,1.0,0.04710150821080181
25,0,18,22,1,beta_noacc,strong,M4,0.046496584057129205,1.155113164803363,2.878723045376045,1.0,0.04739616809639344
25,0,18,22,1,legacy,moderate,M1,0.029118558095841508,0.7642076447519934,1.9286053164470267,1.0,0.02952798342028042
25,0,18,22,1,legacy,moderate,M2,0.029150200204941842,0.7642085005104338,1.9276954150180576,1.0,0.029742265848310953
25,0,18,22,1,legacy,moderate,M3,0.02860014634859727,0.7641089163592841,1.9311257567267517,1.0,0.02904240142338672
25,0,18,22,1,legacy,moderate,M4,0.02863150445324898,0.7641098137994659,1.9301935789830984,1.0,0.02916708586466449
25,0,18,22,1,legacy,near_linear,M1,0.014006304049126709,0.38039600839463644,0.9648020814308256,1.0,0.014211290491573748
25,0,18,22,1,legacy,near_linear,M2,0.014022019190809417,0.3803964361574518,0.9643731925226344,1.0,0.01430341917925986
25,0,18,22,1,legacy,near_linear,M3,0.013744528625479632,0.380348361663839,0.9660633927126095,1.0,0.013966094446087703
25,0,18,22,1,legacy,near_linear,M4,0.013760080375877382,0.38034880945680044,0.96562338825601,1.0,0.014013368200985773
25,0,18,22,1,legacy,strong,M1,0.04722385285861552,1.1552694213146064,2.8761169736770182,1.0,0.04782828799762661
25,0,18,22,1,legacy,strong,M2,0.047271801618359796,1.1552706950900828,2.874648767303544,1.0,0.0482564378186817
25,0,18,22,1,legacy,strong,M3,0.0464492705607381,1.155111852383522,2.8799413748991314,1.0,0.04710187233683913
25,0,18,22,1,legacy,strong,M4,0.04649696275460683,1.155113193147674,2.8784398802936235,1.0,0.04739666076320513
25,0,18,22,1,vy,moderate,M1,0.029120655504815164,0.7641904525456763,1.92979261814374,1.0,0.029530267345291402
25,0,18,22,1,vy,moderate,M2,0.02915230006462886,0.7641913080912519,1.928875835043626,1.0,0.029744587190281425
25,0,18,22,1,vy,moderate,M3,0.028602156145751775,0.7640920076480976,1.9323111207462225,1.0,0.029044615612861847
25,0,18,22,1,vy,moderate,M4,0.0286335223753713,0.7640929048925125,1.9313720508800425,1.0,0.029169357134416467
25,0,18,22,1,vy,near_linear,M1,0.014006301240590071,0.3803879974755346,0.9653601413975192,1.0,0.014211393231508477
25,0,18,22,1,vy,near_linear,M2,0.014022016953426149,0.38038842514277066,0.9649284283667674,1.0,0.01430345505868848
25,0,18,22,1,vy,near_linear,M3,0.01374442867408422,0.3803404716242058,0.9666205133767442,1.0,0.013966112394942663
25,0,18,22,1,vy,near_linear,M4,0.013759984041648727,0.380340919330472,0.9661776817955772,1.0,0.014013320745697434
25,0,18,22,1,vy,strong,M1,0.04723633335598803,1.155238753849984,2.877829212637537,1.0,0.04784091019021556
25,0,18,22,1,vy,strong,M2,0.04728428910736296,1.155240027185574,2.8763471901598696,1.0,0.04826983433976912
25,0,18,22,1,vy,strong,M3,0.04646195725383737,1.1550817407147012,2.881650581590857,1.0,0.04711470507496038
25,0,18,22,1,vy,strong,M4,0.04650966325864854,1.1550830810510695,2.880135251515394,1.0,0.0474103527085742
25,0,18,22,2,beta_noacc,moderate,M1,0.008278219582116482,0.763573698060827,0.9752124076177364,1.0,0.008697869349338956
25,0,18,22,2,beta_noacc,moderate,M2,0.00830601261551273,0.7635738839565671,0.9751164278009276,1.0,0.008481893884894573
25,0,18,22,2,beta_noacc,moderate,M3,0.007887401486999845,0.763545908160523,0.9760866803973074,1.0,0.008360869979812134
25,0,18,22,2,beta_noacc,moderate,M4,0.007912483547929538,0.7635461067365213,0.9759855423306768,1.0,0.008221325251229799
25,0,18,22,2,beta_noacc,near_linear,M1,0.00399973717673398,0.37975219847874925,0.484075805297736,1.0,0.004205321176483404
25,0,18,22,2,beta_noacc,near_linear,M2,0.004013548835131338,0.37975229180311765,0.4840238363847441,1.0,0.0040978470440634
25,0,18,22,2,beta_noacc,near_linear,M3,0.0037952947950828466,0.379738905531086,0.4844987578753853,1.0,0.00402846209341216
25,0,18,22,2,beta_noacc,near_linear,M4,0.003807894478106648,0.3797390048547022,0.4844441936696894,1.0,0.00395882242396009
25,0,18,22,2,beta_noacc,strong,M1,0.01333773738937115,1.156661192191792,1.4831384538842336,1.0,0.013986402178948337
25,0,18,22,2,beta_noacc,strong,M2,0.013379865492248426,1.1566614653686482,1.4830061279849989,1.0,0.013655208687519436
25,0,18,22,2,beta_noacc,strong,M3,0.012796501419761202,1.156615733997819,1.4845277758629154,1.0,0.013521814460190752
25,0,18,22,2,beta_noacc,strong,M4,0.01283401966576475,1.1566160282992943,1.484387758840653,1.0,0.013306711624588814
25,0,18,22,2,legacy,moderate,M1,0.008278329941373857,0.7635739507218375,0.9751818172334048,1.0,0.008697996059592088
25,0,18,22,2,legacy,moderate,M2,0.008306126047219234,0.7635741366099814,0.9750858204700442,1.0,0.00848197847533402
25,0,18,22,2,legacy,moderate,M3,0.00788740469898362,0.7635461537630641,0.9760561225153026,1.0,0.008360872436738092
25,0,18,22,2,legacy,moderate,M4,0.007912490269139493,0.7635463523316475,0.9759549679105828,1.0,0.00822128137056381
25,0,18,22,2,legacy,near_linear,M1,0.003999789568030947,0.3797523195004199,0.484059018267192,1.0,0.004205382033470937
25,0,18,22,2,legacy,near_linear,M2,0.004013602906201048,0.3797524128210171,0.4840070404040397,1.0,0.004097886933440307
25,0,18,22,2,legacy,near_linear,M3,0.003795291103774571,0.37973902273636095,0.4844819820145916,1.0,0.004028457929394129
25,0,18,22,2,legacy,near_linear,M4,0.0038078926323732287,0.37973912205629273,0.4844274090716733,1.0,0.003958795102525047
25,0,18,22,2,legacy,strong,M1,0.01333794893242533,1.1566616029059769,1.4831018049885116,1.0,0.013986634671525848
25,0,18,22,2,legacy,strong,M2,0.01338008095580926,1.1566618760707854,1.4829694525121644,1.0,0.013655377029754676
25,0,18,22,2,legacy,strong,M3,0.012796565815795932,1.1566161360942344,1.4844912059126951,1.0,0.013521876844014668
25,0,18,22,2,legacy,strong,M4,0.012834088766504428,1.1566164303838826,1.484351162828809,1.0,0.01330670400802455
25,0,18,22,2,vy,moderate,M1,0.008278610168196747,0.7635702953176318,0.9757888140702752,1.0,0.00869840088994917
25,0,18,22,2,vy,moderate,M2,0.008306401845945137,0.7635704812404508,0.9756924244907592,1.0,0.008482377243297248
25,0,18,22,2,vy,moderate,M3,0.007887830969842788,0.7635426074040578,0.9766641951763048,1.0,0.0083614605436411
25,0,18,22,2,vy,moderate,M4,0.00791291769171669,0.7635428060119488,0.9765626466182225,1.0,0.00822189126723746
25,0,18,22,2,vy,near_linear,M1,0.00399977985360714,0.37975022985381757,0.4843157584306434,1.0,0.00420543054640925
25,0,18,22,2,vy,near_linear,M2,0.004013590353850886,0.37975032318644847,0.4842635742214921,1.0,0.0040979394338215135
25,0,18,22,2,vy,near_linear,M3,0.0037953363287339076,0.37973697819870417,0.4847391042377213,1.0,0.00402858079362024
25,0,18,22,2,vy,near_linear,M4,0.0038079379270990355,0.3797370775324985,0.4846843246808821,1.0,0.0039589347351844965
25,0,18,22,2,vy,strong,M1,0.013339831788702327,1.1566576707469056,1.4843263363668504,1.0,0.013988710038817556
25,0,18,22,2,vy,strong,M2,0.013381961742938011,1.1566579439907374,1.484193374384032,1.0,0.013657376273662888
25,0,18,22,2,vy,strong,M3,0.012798752514551696,1.1566124347457494,1.485718417550189,1.0,0.013524306495267409
25,0,18,22,2,vy,strong,M4,0.012836281341376914,1.1566127291233959,1.4855777598671276,1.0,0.013309104396935929
25,1,10,30,1,beta_noacc,moderate,M1,0.0413114708630193,0.8033868100332127,2.307185187692379,1.0,0.051030206514095414
25,1,10,30,1,beta_noacc,moderate,M2,0.03761239666400616,0.8033643485720126,2.3143014806225257,1.0,0.038379202125699584
25,1,10,30,1,beta_noacc,moderate,M3,0.03307523856730836,0.803050555611162,2.318184651104418,1.0,0.040706207641691486
25,1,10,30,1,beta_noacc,moderate,M4,0.028108537862400893,0.8030603352877506,2.32528260424661,1.0,0.029789386803703213
25,1,10,30,1,beta_noacc,near_linear,M1,0.020041346215388518,0.3991997637517442,1.1502481678040035,1.0,0.024661981336069047
25,1,10,30,1,beta_noacc,near_linear,M2,0.01828812325174135,0.39918852489066964,1.153808203207619,1.0,0.01859367069665919
25,1,10,30,1,beta_noacc,near_linear,M3,0.015873282660022234,0.3990496545644818,1.1557139885879202,1.0,0.019509221131252287
25,1,10,30,1,beta_noacc,near_linear,M4,0.013461800398953125,0.3990529504724758,1.1593112327044794,1.0,0.014286457471406964
25,1,10,30,1,beta_noacc,strong,M1,0.06634011844635003,1.2180874077766395,3.478552690644987,1.0,0.08242545278519067
25,1,10,30,1,beta_noacc,strong,M2,0.06035647918530599,1.2180644168869859,3.4891791760420543,1.0,0.061965427381251284
25,1,10,30,1,beta_noacc,strong,M3,0.05415258083760832,1.2174833905294526,3.4951843216082508,1.0,0.06686426283244658
25,1,10,30,1,beta_noacc,strong,M4,0.04647930522884568,1.2175176010465523,3.5057612162514644,1.0,0.04912150488364988
25,1,10,30,1,legacy,moderate,M1,0.04131452777077188,0.8033818028298884,2.307253801286373,1.0,0.05103655670942835
25,1,10,30,1,legacy,moderate,M2,0.03761359136353012,0.8033593215451406,2.3143550244350752,1.0,0.03838015445587639
25,1,10,30,1,legacy,moderate,M3,0.03307423974565339,0.8030447196494309,2.318236576573537,1.0,0.04071108679854166
25,1,10,30,1,legacy,moderate,M4,0.02810598993491022,0.8030544973483867,2.325312158002455,1.0,0.029786578388091612
25,1,10,30,1,legacy,near_linear,M1,0.020042600529659914,0.399197593765076,1.150286249715733,1.0,0.02466468721700494
25,1,10,30,1,legacy,near_linear,M2,0.01828847024647943,0.3991863415373366,1.1538340021635305,1.0,0.018593847226945452
25,1,10,30,1,legacy,near_linear,M3,0.015872378628865962,0.39904704812517533,1.1557388324340752,1.0,0.019511064199099266
25,1,10,30,1,legacy,near_linear,M4,0.013460132624971921,0.3990503388269504,1.1593301849074826,1.0,0.014284640686820971
25,1,10,30,1,legacy,strong,M1,0.06634739711587641,1.2180776024419029,3.478651125507305,1.0,0.08243902726191579
25,1,10,30,1,legacy,strong,M2,0.06036102573144339,1.218054602677821,3.489253232531918,1.0,0.06196984797218749
25,1,10,30,1,legacy,strong,M3,0.05415469913599929,1.2174724787257052,3.4952568734163383,1.0,0.06687641910337637
25,1,10,30,1,legacy,strong,M4,0.046479281078131596,1.2175067107129496,3.5057991458275057,1.0,0.04912104931939248
25,1,10,30,1,vy,moderate,M1,0.04134688955577643,0.803311488654061,2.307767616627144,1.0,0.051096641232843756
25,1,10,30,1,vy,moderate,M2,0.03762569387699557,0.803288262346616,2.3148966315200616,1.0,0.03839861088249881
25,1,10,30,1,vy,moderate,M3,0.033128220570211024,0.8029814919249753,2.318766720527649,1.0,0.04080109066425961
25,1,10,30,1,vy,moderate,M4,0.02812304089407717,0.8029904731597525,2.325863879043638,1.0,0.029803829820243672
25,1,10,30,1,vy,near_linear,M1,0.020050358520701507,0.3991633531506852,1.1505507913893251,1.0,0.02467900153921442
25,1,10,30,1,vy,near_linear,M2,0.018288956590488743,0.39915172378294106,1.1541113091133632,1.0,0.018595019065067935
25,1,10,30,1,vy,near_linear,M3,0.01588816827535787,0.3990158771558229,1.1560096399426008,1.0,0.01953679776853988
25,1,10,30,1,vy,near_linear,M4,0.013460365245661125,0.39901874516999747,1.1596135918227832,1.0,0.014282938712904914
25,1,10,30,1,vy,strong,M1,0.06649276369347823,1.21794519237114,3.480753895382439,1.0,0.08269065314221304
25,1,10,30,1,vy,strong,M2,0.06046048793471055,1.217921521771443,3.5004411160997613,1.0,0.062103211503544226
25,1,10,30,1,vy,strong,M3,0.05434948391795038,1.217353918984532,3.4980472288934923,1.0,0.06719671260592718
25,1,10,30,1,vy,strong,M4,0.04660717233859495,1.2173875352038968,3.52270859051798,1.0,0.04926952253426113
25,1,10,30,2,beta_noacc,moderate,M1,0.0170951833390096,0.8061759904118789,1.150071044714282,1.0,0.02130986239424727
25,1,10,30,2,beta_noacc,moderate,M2,0.014518299145620627,0.8061532643751457,1.1510009835744512,1.0,0.015124560279675769
25,1,10,30,2,beta_noacc,moderate,M3,0.011889106485326041,0.8060499127900812,1.150945675550442,1.0,0.014387362558511679
25,1,10,30,2,beta_noacc,moderate,M4,0.007881729300465582,0.8060385812233325,1.1517508838461157,1.0,0.008245328178395647
25,1,10,30,2,beta_noacc,near_linear,M1,0.00838235559693912,0.3998920342289247,0.572691490707928,1.0,0.01040655478830928
25,1,10,30,2,beta_noacc,near_linear,M2,0.007191693744332948,0.39988195380006136,0.5731880043253702,1.0,0.0075120503050430205
25,1,10,30,2,beta_noacc,near_linear,M3,0.005732838452188766,0.3998378273887062,0.5731504616561726,1.0,0.006970694256792404
25,1,10,30,2,beta_noacc,near_linear,M4,0.00381028782836701,0.3998325750256519,0.5735834898958224,1.0,0.003958826906038613
25,1,10,30,2,beta_noacc,strong,M1,0.026888026680428858,1.2276140675121066,1.7742965926877523,1.0,0.03378173846766234
25,1,10,30,2,beta_noacc,strong,M2,0.02242547873733813,1.227575813117344,1.7750554637673288,1.0,0.023210827988655685
25,1,10,30,2,beta_noacc,strong,M3,0.019326908164064058,1.2273583326704343,1.780928281920903,1.0,0.023243396796053063
25,1,10,30,2,beta_noacc,strong,M4,0.012887385931088296,1.2273437363225341,1.7829397423072333,1.0,0.013591303092192976
25,1,10,30,2,legacy,moderate,M1,0.017096765800100684,0.8061746119227134,1.1500873642748106,1.0,0.021312677043391254
25,1,10,30,2,legacy,moderate,M2,0.014519057961905547,0.8061518818120281,1.151015483347064,1.0,0.015125387028020533
25,1,10,30,2,legacy,moderate,M3,0.011889457838775853,0.8060483084879416,1.1509599167146185,1.0,0.01438956518100412
25,1,10,30,2,legacy,moderate,M4,0.00788136932678683,0.8060369828115027,1.1517636721442044,1.0,0.00824487051537178
25,1,10,30,2,legacy,near_linear,M1,0.008383108097194196,0.3998914008974945,0.5727013007719052,1.0,0.01040787247951308
25,1,10,30,2,legacy,near_linear,M2,0.0071920627829360545,0.39988131782604286,0.5731963550107959,1.0,0.007512456375496923
25,1,10,30,2,legacy,near_linear,M3,0.00573295732534153,0.3998370734669768,0.5731586709368008,1.0,0.00697169347429886
25,1,10,30,2,legacy,near_linear,M4,0.003810086863674279,0.3998318230878351,0.5735909934384811,1.0,0.00395858687937178
25,1,10,30,2,legacy,strong,M1,0.02689083082342593,1.2276115693448773,1.7744315963453514,1.0,0.03378681643788607
25,1,10,30,2,legacy,strong,M2,0.022426880648039414,1.2275733174801564,1.775195367372919,1.0,0.023212278716906183
25,1,10,30,2,legacy,strong,M3,0.019328071677357804,1.2273555500761075,1.7810669662528251,1.0,0.02324769388739796
25,1,10,30,2,legacy,strong,M4,0.012887265924665686,1.2273409740877108,1.783083254697944,1.0,0.013590986317284576
25,1,10,30,2,vy,moderate,M1,0.01710528791329048,0.8061598206878068,1.1501724500153312,1.0,0.021330390095247346
25,1,10,30,2,vy,moderate,M2,0.014518489659082418,0.8061371613829238,1.1511033188804236,1.0,0.01512465333793003
25,1,10,30,2,vy,moderate,M3,0.011905195633902323,0.8060364345258934,1.1536942048046075,1.0,0.014407725562211223
25,1,10,30,2,vy,moderate,M4,0.007886324205916919,0.8060250965554688,1.1551139283266396,1.0,0.008251202119148643
25,1,10,30,2,vy,near_linear,M1,0.008385854487880458,0.39987928350235374,0.5727486051864512,1.0,0.010413715967725456
25,1,10,30,2,vy,near_linear,M2,0.007191549310542696,0.399869246078336,0.5732451089843285,1.0,0.00751201528171287
25,1,10,30,2,vy,near_linear,M3,0.005738346751405269,0.39982616303733076,0.5732067583346926,1.0,0.00697727587108317
25,1,10,30,2,vy,near_linear,M4,0.003811246079627684,0.3998209151998012,0.5736402427535477,1.0,0.0039604911425345805
25,1,10,30,2,vy,strong,M1,0.026923032935726326,1.227624738344171,1.7855675073338584,1.0,0.033849408681997116
25,1,10,30,2,vy,strong,M2,0.02243468149894645,1.2275866626449723,1.7863916691404984,1.0,0.02321652600852341
25,1,10,30,2,vy,strong,M3,0.01937802880098953,1.2273748183408932,1.7923045331380465,1.0,0.023315045026071898
25,1,10,30,2,vy,strong,M4,0.012911796859795545,1.2273603551948595,1.794388541920842,1.0,0.013615142368350243
25,1,18,22,1,beta_noacc,moderate,M1,0.03380495003194867,0.8048814636821899,2.2404384226578995,1.0,0.04089626507841133
25,1,18,22,1,beta_noacc,moderate,M2,0.03001405206290563,0.8049604897961803,2.256044184612284,1.0,0.03221340429532673
25,1,18,22,1,beta_noacc,moderate,M3,0.033390719670405765,0.8047697213612762,2.243086189649598,1.0,0.03969454207407729
25,1,18,22,1,beta_noacc,moderate,M4,0.02950460887923843,0.8048553237945201,2.2595370816096816,1.0,0.03160936295900922
25,1,18,22,1,beta_noacc,near_linear,M1,0.016304287938963075,0.40038174382239183,1.113314234475773,1.0,0.019687297511135148
25,1,18,22,1,beta_noacc,near_linear,M2,0.014443226150562372,0.40041946926788236,1.1207674756160428,1.0,0.015500998012425273
25,1,18,22,1,beta_noacc,near_linear,M3,0.016096127573418988,0.4003279082078116,1.11463922692799,1.0,0.019087898269159898
25,1,18,22,1,beta_noacc,near_linear,M4,0.014184813231434525,0.4003687917143718,1.122475804327894,1.0,0.015200790478606223
25,1,18,22,1,beta_noacc,strong,M1,0.054457367736467886,1.2182167937732258,3.389683652171763,1.0,0.066138965817301
25,1,18,22,1,beta_noacc,strong,M2,0.048638030746156254,1.2183500887253031,3.4144470030397445,1.0,0.05219257863100324
25,1,18,22,1,beta_noacc,strong,M3,0.05383295947671889,1.218037860834951,3.393768447779454,1.0,0.06432577155969087
25,1,18,22,1,beta_noacc,strong,M4,0.04788305725414755,1.2181817321786854,3.4197052945936943,1.0,0.051268069639994196
25,1,18,22,1,legacy,moderate,M1,0.033805218064222035,0.804881472193841,2.2403325484431957,1.0,0.04089738918520424
25,1,18,22,1,legacy,moderate,M2,0.030014152653705183,0.8049604927063932,2.25594218924336,1.0,0.03221353616283217
25,1,18,22,1,legacy,moderate,M3,0.033390742356339584,0.8047697074906338,2.24298031519516,1.0,0.03969552806870826
25,1,18,22,1,legacy,moderate,M4,0.029504494024138822,0.8048553046503162,2.2594350271435863,1.0,0.03160930667275039
25,1,18,22,1,legacy,near_linear,M1,0.016304367338643943,0.40038176598051856,1.11325781849254,1.0,0.019687786623974687
25,1,18,22,1,legacy,near_linear,M2,0.014443218091672292,0.4004194882673447,1.1207118353845282,1.0,0.015500999283985913
25,1,18,22,1,legacy,near_linear,M3,0.01609607715998854,0.400327918183751,1.1145828129147524,1.0,0.019088311640340843
25,1,18,22,1,legacy,near_linear,M4,0.014184691469523475,0.40036879864783836,1.1224201298753205,1.0,0.015200693278965583
25,1,18,22,1,legacy,strong,M1,0.05445821013457885,1.2182166732396957,3.3895363687368336,1.0,0.06614121185086234
25,1,18,22,1,legacy,strong,M2,0.048638673199400344,1.2183499622462088,3.4143030815193365,1.0,0.05219329811432306
25,1,18,22,1,legacy,strong,M3,0.0538334749876734,1.2180377127904416,3.3936210924352053,1.0,0.06432784848826519
25,1,18,22,1,legacy,strong,M4,0.04788341214924881,1.2181815789441006,3.419561182813062,1.0,0.05126853440308792
25,1,18,22,1,vy,moderate,M1,0.033810604549402296,0.8048625369133867,2.2419872767033384,1.0,0.040907585326633
25,1,18,22,1,vy,moderate,M2,0.030015931090644814,0.8049413624807661,2.257672383588325,1.0,0.03221566365959428
25,1,18,22,1,vy,moderate,M3,0.033396696627386424,0.8047510869607815,2.2446575979664254,1.0,0.039706876294794066
25,1,18,22,1,vy,moderate,M4,0.02950608246604418,0.8048364928757334,2.2611635739503333,1.0,0.03161092198449593
25,1,18,22,1,vy,near_linear,M1,0.016305824844101178,0.4003729105829027,1.113966382193334,1.0,0.019690742706162796
25,1,18,22,1,vy,near_linear,M2,0.01444303161329756,0.40041053882884337,1.1214289197485754,1.0,0.01550058755314412
25,1,18,22,1,vy,near_linear,M3,0.01609776294394055,0.40031919592068865,1.1152905139038451,1.0,0.01909174403580096
25,1,18,22,1,vy,near_linear,M4,0.014184359611271952,0.400359983502424,1.1231362559774023,1.0,0.01519997510005169
25,1,18,22,1,vy,strong,M1,0.05447638495633946,1.2181831984518725,3.392685521245171,1.0,0.06617331222391352
25,1,18,22,1,vy,strong,M2,0.04865088838974881,1.2183161930014461,3.4175234875406555,1.0,0.05220919884443295
25,1,18,22,1,vy,strong,M3,0.053852838006624125,1.2180048644280448,3.3967666535540686,1.0,0.06436231300438548
25,1,18,22,1,vy,strong,M4,0.047895665249492035,1.2181484465510843,3.4227777830849835,1.0,0.051284009960400376
25,1,18,22,2,beta_noacc,moderate,M1,0.011745019298113573,0.8048353475579756,1.139094956257404,1.0,0.01410568571481632
25,1,18,22,2,beta_noacc,moderate,M2,0.008541308650950818,0.8048456036572047,1.1407693350112904,1.0,0.008978675499699733
25,1,18,22,2,beta_noacc,moderate,M3,0.011440947438972896,0.804803725875771,1.1400561820460835,1.0,0.013228422123044757
25,1,18,22,2,beta_noacc,moderate,M4,0.008157137426439757,0.8048160018995748,1.1419278231713963,1.0,0.008584446635791313
25,1,18,22,2,beta_noacc,near_linear,M1,0.005687200908486412,0.39998997455964946,0.5628076787947185,1.0,0.006830272300802087
25,1,18,22,2,beta_noacc,near_linear,M2,0.004130000998283879,0.3999951051367332,0.5636654396808486,1.0,0.004340339003764519
25,1,18,22,2,beta_noacc,near_linear,M3,0.005530990056494695,0.3999748817661091,0.5632700487891085,1.0,0.00639141429798801
25,1,18,22,2,beta_noacc,near_linear,M4,0.003928266211658553,0.39998096132819827,0.5642253284092741,1.0,0.004136575399404066
25,1,18,22,2,beta_noacc,strong,M1,0.018791218554119346,1.2207725757939882,1.7493724949135956,1.0,0.02259696228126397
25,1,18,22,2,beta_noacc,strong,M2,0.013743465872338458,1.2207890933908963,1.751827829022236,1.0,0.01445916602002673
25,1,18,22,2,beta_noacc,strong,M3,0.018356030725138126,1.2207206328923603,1.7509366744651065,1.0,0.02128272243635687
25,1,18,22,2,beta_noacc,strong,M4,0.01321576486049009,1.2207405715959312,1.753690148158373,1.0,0.013899775843543594
25,1,18,22,2,legacy,moderate,M1,0.011745235327282987,0.8048355589074215,1.1390824149335208,1.0,0.014106209804959836
25,1,18,22,2,legacy,moderate,M2,0.008541420108615362,0.8048458143599628,1.1407570216227332,1.0,0.00897877159304241
25,1,18,22,2,legacy,moderate,M3,0.011441034691560896,0.804803931079347,1.1400436970400436,1.0,0.013228841520735096
25,1,18,22,2,legacy,moderate,M4,0.008157137440669475,0.8048162066943768,1.1419155554909086,1.0,0.008584457494180077
25,1,18,22,2,legacy,near_linear,M1,0.005687304360789963,0.39999007199656006,0.5627988557847967,1.0,0.00683052606708437
25,1,18,22,2,legacy,near_linear,M2,0.004130054724566152,0.399995202187764,0.5636567351724308,1.0,0.00434038318227055
25,1,18,22,2,legacy,near_linear,M3,0.005531025901401178,0.3999749757730534,0.5632612463333623,1.0,0.006391613149882763
25,1,18,22,2,legacy,near_linear,M4,0.003928261564006121,0.3999810550509721,0.5642166384888678,1.0,0.0041365755430037236
25,1,18,22,2,legacy,strong,M1,0.018791593799983353,1.2207729442156836,1.7493709351490652,1.0,0.02259782765975518
25,1,18,22,2,legacy,strong,M2,0.013743675550864887,1.220789461454138,1.7518267615379162,1.0,0.01445936559301243
25,1,18,22,2,legacy,strong,M3,0.018356230576258886,1.220720994554771,1.7509352533664786,1.0,0.021283444990609118
25,1,18,22,2,legacy,strong,M4,0.01321582165925716,1.2207409333736319,1.7536892084697742,1.0,0.01389985496438423
25,1,18,22,2,vy,moderate,M1,0.011746638070219823,0.8048316746475804,1.1397513912339825,1.0,0.01410851018144424
25,1,18,22,2,vy,moderate,M2,0.008541612800661777,0.8048419023547293,1.1414300439276377,1.0,0.008978986477296289
25,1,18,22,2,vy,moderate,M3,0.011442684572826285,0.8048001697667533,1.1407136466538488,1.0,0.013231183482250842
25,1,18,22,2,vy,moderate,M4,0.008157464256615721,0.8048124169095576,1.142589629255783,1.0,0.00858469208752646
25,1,18,22,2,vy,near_linear,M1,0.005687762522370379,0.39998781679123846,0.5630750029802715,1.0,0.006831265925129824
25,1,18,22,2,vy,near_linear,M2,0.004129999639241897,0.3999929349649201,0.5639349701415663,1.0,0.004340287233656034
25,1,18,22,2,vy,near_linear,M3,0.005531593751304251,0.3999727711352904,0.5635377170902429,1.0,0.0063923667754262736
25,1,18,22,2,vy,near_linear,M4,0.003928256397245948,0.39997883794209854,0.5644952201135759,1.0,0.004136474477677063
25,1,18,22,2,vy,strong,M1,0.018795783239266405,1.2207690099990518,1.7507960879006792,1.0,0.022604807149645134
25,1,18,22,2,vy,strong,M2,0.013745452696374246,1.2207854779272256,1.7532608720739458,1.0,0.014461686690099012
25,1,18,22,2,vy,strong,M3,0.0183608612943982,1.220717323049706,1.7523631667009636,1.0,0.021290518228777294
25,1,18,22,2,vy,strong,M4,0.013217879623660125,1.22073721247096,1.7551263328729418,1.0,0.01390226222293423
26,0,10,30,1,beta_noacc,moderate,M1,0.03544693009670063,0.7690480352377158,2.1047179241472542,1.0,0.035986180579957956
26,0,10,30,1,beta_noacc,moderate,M2,0.03546270740043858,0.7690486520780399,2.1045354587127534,1.0,0.036572596408099955
26,0,10,30,1,beta_noacc,moderate,M3,0.026446023647952774,0.7687735831775402,2.114180602482589,1.0,0.026735966206746058
26,0,10,30,1,beta_noacc,moderate,M4,0.026474632840768657,0.7687749093759052,2.113971751004083,1.0,0.027270030579510555
26,0,10,30,1,beta_noacc,near_linear,M1,0.017239627471314856,0.3823833953647999,1.0522058937419585,1.0,0.017501445389950545
26,0,10,30,1,beta_noacc,near_linear,M2,0.017248016280230687,0.38238377308305593,1.0521125131260003,1.0,0.017784646047916332
26,0,10,30,1,beta_noacc,near_linear,M3,0.01266287392691557,0.3822608944031047,1.0569973876164398,1.0,0.01280593016735314
26,0,10,30,1,beta_noacc,near_linear,M4,0.012677046321883058,0.3822615899673429,1.0568895861262986,1.0,0.013056144175907078
26,0,10,30,1,beta_noacc,strong,M1,0.05687852505321345,1.164590798784997,3.155900446666932,1.0,0.05773517754817119
26,0,10,30,1,beta_noacc,strong,M2,0.05690076506782898,1.164591361072805,3.15562941455491,1.0,0.05869339065130442
26,0,10,30,1,beta_noacc,strong,M3,0.04373162245607829,1.1640999730946413,3.1698731687103288,1.0,0.04420110336590571
26,0,10,30,1,beta_noacc,strong,M4,0.043776777472446855,1.1641018096350884,3.169564776636709,1.0,0.045114824925711346
26,0,10,30,1,legacy,moderate,M1,0.03544756824928759,0.7690437858252099,2.10472485183546,1.0,0.035987163959318676
26,0,10,30,1,legacy,moderate,M2,0.03546334099794974,0.7690444016092204,2.1045428572687213,1.0,0.03657360192999575
26,0,10,30,1,legacy,moderate,M3,0.026442300655743236,0.7687684670719158,2.1141703903278795,1.0,0.02673304740088742
26,0,10,30,1,legacy,moderate,M4,0.0264708844040318,0.7687697920081661,2.11396194506449,1.0,0.02726703315406305
26,0,10,30,1,legacy,near_linear,M1,0.01723972702385037,0.38238160871064353,1.052208226387081,1.0,0.017501707009213
26,0,10,30,1,legacy,near_linear,M2,0.017248114002799606,0.3823819858931551,1.052115070730006,1.0,0.01778491240186628
26,0,10,30,1,legacy,near_linear,M3,0.012660655227552116,0.38225865630682265,1.0569913013948244,1.0,0.012804098460987004
26,0,10,30,1,legacy,near_linear,M4,0.012674815692392975,0.3822593512394527,1.056883693016434,1.0,0.01305426642592364
26,0,10,30,1,legacy,strong,M1,0.056881974681293544,1.1645821374807552,3.155900911213977,1.0,0.0577392454549852
26,0,10,30,1,legacy,strong,M2,0.05690420720516123,1.1645826982953873,3.1556306448414877,1.0,0.05869754814877191
26,0,10,30,1,legacy,strong,M3,0.0437295767409116,1.164090121965302,3.169846906203362,1.0,0.0442003631199045
26,0,10,30,1,legacy,strong,M4,0.04377469120536017,1.1640919566240078,3.1695391808155096,1.0,0.0451140390056464
26,0,10,30,1,vy,moderate,M1,0.0354591932858696,0.7689719787472421,2.1054594060071987,1.0,0.03599815668417037
26,0,10,30,1,vy,moderate,M2,0.03547500302041193,0.7689725736566989,2.105277046939511,1.0,0.036585964970551485
26,0,10,30,1,vy,moderate,M3,0.02645781903225541,0.7687030738321142,2.114915919702553,1.0,0.026750104727534786
26,0,10,30,1,vy,moderate,M4,0.026486220253852496,0.7687043767400122,2.114707201448657,1.0,0.02728399004386561
26,0,10,30,1,vy,near_linear,M1,0.017240920078215878,0.38234740806853096,1.0525755380836668,1.0,0.017502399996638707
26,0,10,30,1,vy,near_linear,M2,0.017249340006977417,0.38234777633365724,1.0524820800265295,1.0,0.017786087758405657
26,0,10,30,1,vy,near_linear,M3,0.012661277718753307,0.38222725143158326,1.0573655533618505,1.0,0.012805219490562203
26,0,10,30,1,vy,near_linear,M4,0.01267537134665797,0.38222793684466627,1.057257689292308,1.0,0.013055069026884783
26,0,10,30,1,vy,strong,M1,0.05697143124099979,1.1644419633395497,3.1570384559396185,1.0,0.057829269494717256
26,0,10,30,1,vy,strong,M2,0.05699365854726939,1.1644424864589384,3.156768372865198,1.0,0.05879217952951081
26,0,10,30,1,vy,strong,M3,0.043844002358050936,1.1639623642096029,3.1709919713583394,1.0,0.04431930959728263
26,0,10,30,1,vy,strong,M4,0.04388872488477019,1.1639641579674034,3.170684560153789,1.0,0.04523624736382401
26,0,10,30,2,beta_noacc,moderate,M1,0.01355009973160444,0.7712991104166252,1.0440351557651812,1.0,0.01393001963995549
26,0,10,30,2,beta_noacc,moderate,M2,0.013554412270319434,0.7712989538833626,1.0440119578193383,1.0,0.014104135786113161
26,0,10,30,2,beta_noacc,moderate,M3,0.007443289416194955,0.7711937495404227,1.04472479280056,1.0,0.007541739249695254
26,0,10,30,2,beta_noacc,moderate,M4,0.007450549705020631,0.7711938333186575,1.0447009732657964,1.0,0.00766121741888859
26,0,10,30,2,beta_noacc,near_linear,M1,0.006716125539627216,0.3828690170104296,0.5209292138853424,1.0,0.006900551148311523
26,0,10,30,2,beta_noacc,near_linear,M2,0.006718678395274811,0.3828689829870896,0.5209158248109678,1.0,0.0069879379269231065
26,0,10,30,2,beta_noacc,near_linear,M3,0.0035749237099240026,0.38282360093879625,0.5213041648031934,1.0,0.00363926123861148
26,0,10,30,2,beta_noacc,near_linear,M4,0.003578640371533408,0.3828236689560404,0.5212905928101096,1.0,0.0036862524166982502
26,0,10,30,2,beta_noacc,strong,M1,0.020910077671788114,1.1728476786473938,1.571845326310445,1.0,0.02151296197558509
26,0,10,30,2,beta_noacc,strong,M2,0.020914285417656966,1.17284712936406,1.5718210822721368,1.0,0.0217764438200859
26,0,10,30,2,beta_noacc,strong,M3,0.01228581670205674,1.1726350965875316,1.5726993167631822,1.0,0.012362330717150483
26,0,10,30,2,beta_noacc,strong,M4,0.012298211210079164,1.172635043460422,1.5726733075838173,1.0,0.012615410688446937
26,0,10,30,2,legacy,moderate,M1,0.013550669565342628,0.771297971392771,1.04404594518651,1.0,0.01393071347503191
26,0,10,30,2,legacy,moderate,M2,0.013554980120740745,0.7712978146686379,1.0440228081817648,1.0,0.01410482262779735
26,0,10,30,2,legacy,moderate,M3,0.007442446519009296,0.7711923765804163,1.0447334704008493,1.0,0.007541247090323143
26,0,10,30,2,legacy,moderate,M4,0.007449703797080291,0.7711924602362246,1.0447097034342137,1.0,0.007660621060729214
26,0,10,30,2,legacy,near_linear,M1,0.006716402129047608,0.38286852219135314,0.5209355767149084,1.0,0.006900888505916577
26,0,10,30,2,legacy,near_linear,M2,0.006718954281346805,0.3828684880762387,0.5209222170030169,1.0,0.0069882713537287805
26,0,10,30,2,legacy,near_linear,M3,0.003574492848140721,0.38282298286020083,0.5213094881110016,1.0,0.0036389980659882666
26,0,10,30,2,legacy,near_linear,M4,0.0035782081782789557,0.38282305081793144,0.5212959414396654,1.0,0.00368594177026803
26,0,10,30,2,legacy,strong,M1,0.02091115765488215,1.1728454023117467,1.571855998502492,1.0,0.021514243125502444
26,0,10,30,2,legacy,strong,M2,0.020915359889216924,1.1728448527315256,1.571831852713108,1.0,0.021777723756172016
26,0,10,30,2,legacy,strong,M3,0.012284893434933792,1.1726325140209954,1.5727067202711145,1.0,0.012361976453382792
26,0,10,30,2,legacy,strong,M4,0.012297280046767181,1.1726324607072935,1.5726807958859736,1.0,0.012614883805751641
26,0,10,30,2,vy,moderate,M1,0.013550530980072832,0.7712800287418635,1.044139812592127,1.0,0.01393036112231553
26,0,10,30,2,vy,moderate,M2,0.013554845140616485,0.7712798716571865,1.0441166789752292,1.0,0.014104852985135807
26,0,10,30,2,vy,moderate,M3,0.0074499315294915295,0.7711770025465374,1.044828012424378,1.0,0.00754718521449081
26,0,10,30,2,vy,moderate,M4,0.007457188408738821,0.7711770847543464,1.0448042575245282,1.0,0.00766718328367631
26,0,10,30,2,vy,near_linear,M1,0.0067161762514457626,0.3828557376592003,0.5209859732769211,1.0,0.006900532277692587
26,0,10,30,2,vy,near_linear,M2,0.00671873233149808,0.38285570378591605,0.5209726057939803,1.0,0.00698807270828563
26,0,10,30,2,vy,near_linear,M3,0.0035768243209568476,0.38281126626837736,0.5213603100623829,1.0,0.0036406755083021867
26,0,10,30,2,vy,near_linear,M4,0.0035805398538312416,0.3828113339226294,0.5213467606594273,1.0,0.0036878322785026466
26,0,10,30,2,vy,strong,M1,0.020918115572240006,1.1728464703545503,1.5719769342382632,1.0,0.021521213565771736
26,0,10,30,2,vy,strong,M2,0.020922287823597195,1.172845916335469,1.5719528500383328,1.0,0.021785666644515582
26,0,10,30,2,vy,strong,M3,0.012312179556660051,1.172638920609954,1.5728281476756347,1.0,0.012386803024970475
26,0,10,30,2,vy,strong,M4,0.012324571439163153,1.1726388616622232,1.572802292997677,1.0,0.012641262873702947
26,0,18,22,1,beta_noacc,moderate,M1,0.028477753987893914,0.7729012842090307,1.934216452189292,1.0,0.02865149185431882
26,0,18,22,1,beta_noacc,moderate,M2,0.028509948351975352,0.7729037404971716,1.933692248976356,1.0,0.029215517410135436
26,0,18,22,1,beta_noacc,moderate,M3,0.02813110723868724,0.7728034112771058,1.936723521160465,1.0,0.028205973483566814
26,0,18,22,1,beta_noacc,moderate,M4,0.028163999415223802,0.7728060051336427,1.9361796514641825,1.0,0.028786777051265977
26,0,18,22,1,beta_noacc,near_linear,M1,0.013703076874441469,0.3846602413641905,0.9677767415053812,1.0,0.013786051747694289
26,0,18,22,1,beta_noacc,near_linear,M2,0.013719021775066075,0.3846614647128918,0.967521730157275,1.0,0.014057504311199781
26,0,18,22,1,beta_noacc,near_linear,M3,0.013526961350412222,0.3846130436585714,0.968999726260566,1.0,0.013560242441442199
26,0,18,22,1,beta_noacc,near_linear,M4,0.013543172244513665,0.3846143328461282,0.9687348867518418,1.0,0.013839833806694176
26,0,18,22,1,beta_noacc,strong,M1,0.046145087524748774,1.1687715256948517,2.8839705845313564,1.0,0.04643656211058366
26,0,18,22,1,beta_noacc,strong,M2,0.0461946249780331,1.1687752527800621,2.8830893170235306,1.0,0.0473508166474359
26,0,18,22,1,beta_noacc,strong,M3,0.045627292300451996,1.1686150840161118,2.8877076649810376,1.0,0.045773271236464914
26,0,18,22,1,beta_noacc,strong,M4,0.04567831632176743,1.1686190337563882,2.8867969485232425,1.0,0.046713354980800696
26,0,18,22,1,legacy,moderate,M1,0.028477676477191027,0.7729013923549526,1.9340420762399064,1.0,0.028651525122231403
26,0,18,22,1,legacy,moderate,M2,0.0285098701352507,0.772903848427283,1.9335178876266703,1.0,0.029215542325178652
26,0,18,22,1,legacy,moderate,M3,0.028130793376486884,0.7728034949413198,1.936549302041766,1.0,0.028205791304404926
26,0,18,22,1,legacy,moderate,M4,0.02816368462803406,0.7728060885686417,1.9360052791746616,1.0,0.028786578322396793
26,0,18,22,1,legacy,near_linear,M1,0.013702981993494321,0.38466031441868187,0.9676900245030116,1.0,0.013786012082919163
26,0,18,22,1,legacy,near_linear,M2,0.013718926546862475,0.3846615376591344,0.9674349417330852,1.0,0.014057458927923023
26,0,18,22,1,legacy,near_linear,M3,0.013526742193336163,0.38461310365242046,0.9689129967980552,1.0,0.013560089269343073
26,0,18,22,1,legacy,near_linear,M4,0.013542952675907159,0.3846143927250171,0.9686480866083018,1.0,0.0138396705348549
26,0,18,22,1,legacy,strong,M1,0.0461454438672724,1.168771548598788,2.8836885047028544,1.0,0.046437087011418667
26,0,18,22,1,legacy,strong,M2,0.04619498051910674,1.1687752753668963,2.8828069795312965,1.0,0.047351340782825546
26,0,18,22,1,legacy,strong,M3,0.045627331367718266,1.1686150751315463,2.887425596969091,1.0,0.04577350762350559
26,0,18,22,1,legacy,strong,M4,0.045678354019370294,1.1686190245332357,2.886514625151717,1.0,0.04671358040343491
26,0,18,22,1,vy,moderate,M1,0.028479233035559576,0.7728842180017039,1.9351877439314875,1.0,0.028653231134906636
26,0,18,22,1,vy,moderate,M2,0.02851140437159362,0.7728866710282102,1.9346595549351284,1.0,0.02921734038587129
26,0,18,22,1,vy,moderate,M3,0.028132076205525176,0.7727866016256683,1.9376931469774168,1.0,0.028207344475785524
26,0,18,22,1,vy,moderate,M4,0.028164936268773276,0.7727891922779366,1.937145122616699,1.0,0.028788165200561842
26,0,18,22,1,vy,near_linear,M1,0.013702828893478384,0.3846522957363857,0.9682069973893372,1.0,0.013785914014046188
26,0,18,22,1,vy,near_linear,M2,0.013718763574321323,0.3846535175577043,0.9679502709850846,1.0,0.014057375779199853
26,0,18,22,1,vy,near_linear,M3,0.013526408283804416,0.38460520444884233,0.9694289400023446,1.0,0.013559868979996482
26,0,18,22,1,vy,near_linear,M4,0.013542604681670858,0.384606492134453,0.9691623870933108,1.0,0.013839433115571932
26,0,18,22,1,vy,strong,M1,0.04615622280104644,1.1687410011393893,2.8852733402384088,1.0,0.046448206144127674
26,0,18,22,1,vy,strong,M2,0.04620572164719104,1.1687447228304482,2.884383560835841,1.0,0.04736288536020316
26,0,18,22,1,vy,strong,M3,0.04563797735178199,1.1685850819643424,2.889007416780938,1.0,0.045784684444687605
26,0,18,22,1,vy,strong,M4,0.04568894750801541,1.1685890263877883,2.888088187566789,1.0,0.04672511687590394
26,0,18,22,2,beta_noacc,moderate,M1,0.008061199374658205,0.7725082085325623,0.9763447186771969,1.0,0.008167981551089627
26,0,18,22,2,beta_noacc,moderate,M2,0.008072785898893821,0.7725086526570619,0.9762884994011326,1.0,0.008305469985445084
26,0,18,22,2,beta_noacc,moderate,M3,0.007838352230201254,0.7724806435030244,0.9771989955729944,1.0,0.007880475834883414
26,0,18,22,2,beta_noacc,moderate,M4,0.007848272556800833,0.772481129513284,0.9771376166665886,1.0,0.00800509845263127
26,0,18,22,2,beta_noacc,near_linear,M1,0.003891522977219026,0.3841315401580014,0.4847000482737658,1.0,0.0039466648108186465
26,0,18,22,2,beta_noacc,near_linear,M2,0.0038973032327335256,0.3841317691142959,0.4846707343101558,1.0,0.00401224656531054
26,0,18,22,2,beta_noacc,near_linear,M3,0.00376970242363471,0.3841183634870068,0.4851150230860259,1.0,0.00378816201252196
26,0,18,22,2,beta_noacc,near_linear,M4,0.0037745436538377123,0.3841186121377094,0.4850831360905333,1.0,0.0038514608428012035
26,0,18,22,2,beta_noacc,strong,M1,0.01300073646876976,1.1705642849019045,1.4844761577680867,1.0,0.013155369807671409
26,0,18,22,2,beta_noacc,strong,M2,0.013018313217461398,1.1705649057105632,1.4844048985977727,1.0,0.013381525941589983
26,0,18,22,2,beta_noacc,strong,M3,0.012717018264568725,1.1705191303453868,1.48583867131397,1.0,0.012789085389337353
26,0,18,22,2,beta_noacc,strong,M4,0.012732752356250517,1.1705198218265909,1.4857596027710247,1.0,0.012983017085468054
26,0,18,22,2,legacy,moderate,M1,0.008061235062965825,0.7725084518191576,0.9763142241390396,1.0,0.00816806485738168
26,0,18,22,2,legacy,moderate,M2,0.008072820000873672,0.772508895915678,0.9762579944191472,1.0,0.00830553843252362
26,0,18,22,2,legacy,moderate,M3,0.007838263720839752,0.7724808800918324,0.9771685334844464,1.0,0.00788033630285395
26,0,18,22,2,legacy,moderate,M4,0.00784818394950593,0.772481366074076,0.9771071443895312,1.0,0.00800504981962281
26,0,18,22,2,legacy,near_linear,M1,0.0038915383272107376,0.3841316558033185,0.4846833357145579,1.0,0.0039467042508334535
26,0,18,22,2,legacy,near_linear,M2,0.0038973177892123556,0.384131884745641,0.4846540164025272,1.0,0.004012277899947267
26,0,18,22,2,legacy,near_linear,M3,0.0037696531020206137,0.3841184754862631,0.4850983219155096,1.0,0.0037880869175071536
26,0,18,22,2,legacy,near_linear,M4,0.003774494333441312,0.38411872412284687,0.4850664297138068,1.0,0.0038514312860140035
26,0,18,22,2,legacy,strong,M1,0.013000832311587822,1.1705646864051726,1.484439575682142,1.0,0.013155536595802677
26,0,18,22,2,legacy,strong,M2,0.013018406812536817,1.1705653071721678,1.484368301399979,1.0,0.013381674228919501
26,0,18,22,2,legacy,strong,M3,0.012716942575426094,1.1705195238455277,1.4858021681123017,1.0,0.012788934196515887
26,0,18,22,2,legacy,strong,M4,0.012732676304004096,1.1705202152856642,1.485723084744314,1.0,0.012983003275314273
26,0,18,22,2,vy,moderate,M1,0.008061554012246865,0.7725048393226565,0.976898608412508,1.0,0.008168326653875421
26,0,18,22,2,vy,moderate,M2,0.008073136546813017,0.77250528305804,0.9768421495544038,1.0,0.008305860801019613
26,0,18,22,2,vy,moderate,M3,0.007838770678081784,0.7724773756765733,0.9777539209695062,1.0,0.007880919297529557
26,0,18,22,2,vy,moderate,M4,0.007848686055642401,0.7724778613044759,0.977692300502596,1.0,0.008005518879669403
26,0,18,22,2,vy,near_linear,M1,0.0038915655307835122,0.38412957508626855,0.4849309996510891,1.0,0.003946699504356417
26,0,18,22,2,vy,near_linear,M2,0.0038973440173175667,0.38412980387492834,0.4849015633717348,1.0,0.004012300305845243
26,0,18,22,2,vy,near_linear,M3,0.003769754621904162,0.3841164393734618,0.4853463451633187,1.0,0.0037882310705092
26,0,18,22,2,vy,near_linear,M4,0.00377459357127224,0.3841166878581944,0.4853143353072527,1.0,0.0038515078831591267
26,0,18,22,2,vy,strong,M1,0.013002594876749247,1.1705609203211222,1.4856216861960594,1.0,0.013157252632915213
26,0,18,22,2,vy,strong,M2,0.013020163771626077,1.1705615403685672,1.48555008650928,1.0,0.013383509159857447
26,0,18,22,2,vy,strong,M3,0.01271907795386818,1.1705159875499396,1.4869868215484665,1.0,0.012791123677583983
26,0,18,22,2,vy,strong,M4,0.012734803104385893,1.1705166782904755,1.4869074058581555,1.0,0.012985147850383573
26,1,10,30,1,beta_noacc,moderate,M1,0.0399036589634676,0.8138438242290966,2.291299905425648,1.0,0.047620316381677484
26,1,10,30,1,beta_noacc,moderate,M2,0.036248222572370765,0.813845623514638,2.298183853314632,1.0,0.037248226141643796
26,1,10,30,1,beta_noacc,moderate,M3,0.03225300492824267,0.8135115835648908,2.3021281656910166,1.0,0.037521915772103315
26,1,10,30,1,beta_noacc,moderate,M4,0.027346057240215035,0.8135435160856289,2.3089388065609726,1.0,0.02907223357683288
26,1,10,30,1,beta_noacc,near_linear,M1,0.01936787876972609,0.40430735597579104,1.1424082807807994,1.0,0.023026822815202533
26,1,10,30,1,beta_noacc,near_linear,M2,0.017634774948194158,0.4043079778713172,1.145821611912272,1.0,0.01806053224999173
26,1,10,30,1,beta_noacc,near_linear,M3,0.015483693729277067,0.4041595470291242,1.1477718145041804,1.0,0.01797252410252799
26,1,10,30,1,beta_noacc,near_linear,M4,0.01309755795909369,0.40417371149347686,1.1512429306008656,1.0,0.01394791575782717
26,1,10,30,1,beta_noacc,strong,M1,0.06404740684588019,1.2344551899038114,3.4542057245345235,1.0,0.0769233869193741
26,1,10,30,1,beta_noacc,strong,M2,0.05813916254698822,1.2344690886025913,3.4645077507576283,1.0,0.060088397957117186
26,1,10,30,1,beta_noacc,strong,M3,0.05277179812506974,1.2338545176738027,3.470581045575442,1.0,0.061778771455564915
26,1,10,30,1,beta_noacc,strong,M4,0.04519750574382055,1.2339221891944887,3.48072053735854,1.0,0.047911065791112685
26,1,10,30,1,legacy,moderate,M1,0.039906045911130505,0.8138385454065549,2.291368641985452,1.0,0.04762520712373514
26,1,10,30,1,legacy,moderate,M2,0.03624876680767288,0.8138403251479229,2.2982378010537303,1.0,0.037248797472902134
26,1,10,30,1,legacy,moderate,M3,0.03225082373686037,0.813505507165642,2.3021800984214225,1.0,0.03752499417698912
26,1,10,30,1,legacy,moderate,M4,0.027342110471793798,0.8135374364635889,2.3089786663452805,1.0,0.029068520138690473
26,1,10,30,1,legacy,near_linear,M1,0.01936882746816529,0.4043050542900101,1.1424463922755437,1.0,0.023028840121458356
26,1,10,30,1,legacy,near_linear,M2,0.017634825345253752,0.4043056631897115,1.1458526341844817,1.0,0.01806054560379278
26,1,10,30,1,legacy,near_linear,M3,0.0154822300931056,0.4041568239073659,1.1478017029801686,1.0,0.01797350040847031
26,1,10,30,1,legacy,near_linear,M4,0.013095229949039304,0.40417098277808944,1.151261886351976,1.0,0.01394568132235585
26,1,10,30,1,legacy,strong,M1,0.06405349771236377,1.2344449164468079,3.4543047583065785,1.0,0.07693456403476953
26,1,10,30,1,legacy,strong,M2,0.058142513916400865,1.2344588059327188,3.46458285831673,1.0,0.060092073292488224
26,1,10,30,1,legacy,strong,M3,0.052771953304834036,1.233843189529128,3.4706540049328085,1.0,0.061788078299888936
26,1,10,30,1,legacy,strong,M4,0.045195147063888094,1.2339108798300713,3.480758996540032,1.0,0.047909080033896274
26,1,10,30,1,vy,moderate,M1,0.03993379434515848,0.8137721376637423,2.291949365655488,1.0,0.04767078147391735
26,1,10,30,1,vy,moderate,M2,0.03626044079246523,0.8137732650554699,2.2988420352744807,1.0,0.03726674555563025
26,1,10,30,1,vy,moderate,M3,0.03229745494769486,0.813446023054702,2.302776057387855,1.0,0.03759438415928328
26,1,10,30,1,vy,moderate,M4,0.027355354061656095,0.8134772738661123,2.309593431812831,1.0,0.029081239885504158
26,1,10,30,1,vy,near_linear,M1,0.019375360779189207,0.4042722502435155,1.142741387792812,1.0,0.02303842098573955
26,1,10,30,1,vy,near_linear,M2,0.01763589974527438,0.40427252833066946,1.1461605989046604,1.0,0.018062557418238534
26,1,10,30,1,vy,near_linear,M3,0.015495589965407001,0.40412701243071003,1.1481047330150933,1.0,0.01799149682892154
26,1,10,30,1,vy,near_linear,M4,0.01309470684060805,0.404140807105697,1.1515757934775954,1.0,0.013943166559442211
26,1,10,30,1,vy,strong,M1,0.06418337255271468,1.234321380978468,3.455159283344561,1.0,0.07714636005087949
26,1,10,30,1,vy,strong,M2,0.05823393364626991,1.234334707174957,3.4654634562188806,1.0,0.06021524458250525
26,1,10,30,1,vy,strong,M3,0.0529455933718339,1.2337332614858991,3.4715277393488737,1.0,0.06205966205284816
26,1,10,30,1,vy,strong,M4,0.045307099018655594,1.2338004820268669,3.48166627988643,1.0,0.04803899394241015
26,1,10,30,2,beta_noacc,moderate,M1,0.016359167730309283,0.816980290810783,1.142502795377928,1.0,0.019457329402385495
26,1,10,30,2,beta_noacc,moderate,M2,0.013744518762187956,0.8169660142731193,1.1434025522706213,1.0,0.014017541083602248
26,1,10,30,2,beta_noacc,moderate,M3,0.011539826890590368,0.8168557625894581,1.143359160847217,1.0,0.012529540070156765
26,1,10,30,2,beta_noacc,moderate,M4,0.007687330386536838,0.8168521859238038,1.1441423508970614,1.0,0.008041915733410197
26,1,10,30,2,beta_noacc,near_linear,M1,0.008027138471821885,0.40515913058403036,0.5689521870709996,1.0,0.00952421163104497
26,1,10,30,2,beta_noacc,near_linear,M2,0.006818499946711377,0.40515302117555557,0.5694298181172031,1.0,0.0069784461633747965
26,1,10,30,2,beta_noacc,near_linear,M3,0.005560100577656587,0.40510576043636326,0.5693995337257283,1.0,0.006063819925660966
26,1,10,30,2,beta_noacc,near_linear,M4,0.0036946325204638415,0.405104169461187,0.5698211423713674,1.0,0.0038868084480044463
26,1,10,30,2,beta_noacc,strong,M1,0.025701686925792572,1.2446309477948851,1.7543706488122857,1.0,0.030725744953281953
26,1,10,30,2,beta_noacc,strong,M2,0.021178749136457977,1.2446063857346785,1.75508063996582,1.0,0.021426393351428964
26,1,10,30,2,beta_noacc,strong,M3,0.018783984051025587,1.244376457945525,1.7609350362922915,1.0,0.02062926464464128
26,1,10,30,2,beta_noacc,strong,M4,0.012680437026412179,1.2443742728507938,1.7628450576982817,1.0,0.013154205946450337
26,1,10,30,2,legacy,moderate,M1,0.016360493418682395,0.8169788315682323,1.1425192536857018,1.0,0.019459553526502034
26,1,10,30,2,legacy,moderate,M2,0.013745059736080097,0.8169645512294645,1.1434172169188153,1.0,0.014018009093904497
26,1,10,30,2,legacy,moderate,M3,0.011539826328811294,0.8168540873252382,1.1433735219961487,1.0,0.01252684826261191
26,1,10,30,2,legacy,moderate,M4,0.00768641323211092,0.8168505160691636,1.1441552763262763,1.0,0.008041042899296606
26,1,10,30,2,legacy,near_linear,M1,0.008027775172540786,0.4051584510176722,0.5689620652341512,1.0,0.009525254623786441
26,1,10,30,2,legacy,near_linear,M2,0.006818764212526825,0.40515233913123866,0.5694382412101427,1.0,0.006978679702560143
26,1,10,30,2,legacy,near_linear,M3,0.005560049934409722,0.4051049649995174,0.5694077936993093,1.0,0.00606454155197446
26,1,10,30,2,legacy,near_linear,M4,0.003694167799959981,0.40510337579554984,0.569828705365153,1.0,0.00388636415067674
26,1,10,30,2,legacy,strong,M1,0.02570401379339925,1.2446283692567794,1.7544908376382842,1.0,0.030729797374334573
26,1,10,30,2,legacy,strong,M2,0.021179776807999182,1.2446038095191818,1.7552056272367007,1.0,0.02142724596778792
26,1,10,30,2,legacy,strong,M3,0.018784566295088276,1.2443736109386283,1.7610588173752604,1.0,0.02062543902665988
26,1,10,30,2,legacy,strong,M4,0.01267938400226831,1.244371444837024,1.7629735510645088,1.0,0.013153233314262335
26,1,10,30,2,vy,moderate,M1,0.016367130365377236,0.8169662786961571,1.1426089183438932,1.0,0.019471048364212065
26,1,10,30,2,vy,moderate,M2,0.013744787577762752,0.8169520694318374,1.143509076037365,1.0,0.014016999772017057
26,1,10,30,2,vy,moderate,M3,0.01155491437870899,0.8168443978768565,1.1434645949342988,1.0,0.01255193215701803
26,1,10,30,2,vy,moderate,M4,0.007693521879062689,0.8168408305820296,1.1442480171909544,1.0,0.008048056424225531
26,1,10,30,2,vy,near_linear,M1,0.008029847091813041,0.4051470962261506,0.5690114977491675,1.0,0.009528842107682102
26,1,10,30,2,vy,near_linear,M2,0.006818472277538707,0.4051410276080233,0.5694891437731994,1.0,0.006978214248227554
26,1,10,30,2,vy,near_linear,M3,0.005565283867318339,0.4050947919986145,0.5694582198307002,1.0,0.0060683506734802465
26,1,10,30,2,vy,near_linear,M4,0.0036963139322994595,0.40509321001584536,0.5698800605115991,1.0,0.0038882902663098903
26,1,10,30,2,vy,strong,M1,0.025730688900337473,1.2446481880257076,1.76603001224483,1.0,0.03077546785941904
26,1,10,30,2,vy,strong,M2,0.021186683778230228,1.2446238012965962,1.7667888247463817,1.0,0.021429669804307164
26,1,10,30,2,vy,strong,M3,0.018831520027807018,1.2443994346960459,1.77268699789035,1.0,0.020681275807736023
26,1,10,30,2,vy,strong,M4,0.01270626726159994,1.2443974063630494,1.7746520992118426,1.0,0.01318257933123423
26,1,18,22,1,beta_noacc,moderate,M1,0.03315072676956171,0.8146150702408944,2.2144402293172085,1.0,0.038167601532872505
26,1,18,22,1,beta_noacc,moderate,M2,0.029363373725958715,0.8147080637824246,2.229601048897302,1.0,0.031560382210942386
26,1,18,22,1,beta_noacc,moderate,M3,0.032873609653488185,0.8145047770196151,2.217109002508518,1.0,0.03713761813169225
26,1,18,22,1,beta_noacc,moderate,M4,0.029034722084544617,0.8146038137002912,2.2330099867410764,1.0,0.031087238113727274
26,1,18,22,1,beta_noacc,near_linear,M1,0.01599486382742175,0.4051561352799984,1.1007471022255515,1.0,0.018365998069815724
26,1,18,22,1,beta_noacc,near_linear,M2,0.014133569262836716,0.4052006505060918,1.1079370987854031,1.0,0.015193814344910803
26,1,18,22,1,beta_noacc,near_linear,M3,0.015854950568343136,0.40510304157855664,1.1020508938914646,1.0,0.017852166530803508
26,1,18,22,1,beta_noacc,near_linear,M4,0.013965255453286625,0.40515045548966666,1.1096111231404977,1.0,0.014958204703733054
26,1,18,22,1,beta_noacc,strong,M1,0.05336232960890475,1.2333315543616667,3.347955716346542,1.0,0.06179708226241446
26,1,18,22,1,beta_noacc,strong,M2,0.047553348218469,1.2334864211808605,3.371990660056051,1.0,0.05108921546908086
26,1,18,22,1,beta_noacc,strong,M3,0.05294431213512049,1.2331546545417766,3.351965717474224,1.0,0.06024127497933842
26,1,18,22,1,beta_noacc,strong,M4,0.04706884066655983,1.233319261222311,3.37721713317868,1.0,0.050363800015790335
26,1,18,22,1,legacy,moderate,M1,0.03315084155797072,0.8146150494597565,2.2143295912142693,1.0,0.038168455009415445
26,1,18,22,1,legacy,moderate,M2,0.02936327597920219,0.8147080378358773,2.2294923111604388,1.0,0.03156038488181527
26,1,18,22,1,legacy,moderate,M3,0.032873466001016226,0.8145047350497155,2.216998359657965,1.0,0.03713832783881068
26,1,18,22,1,legacy,moderate,M4,0.029034379591054905,0.8146037668718875,2.232901175273708,1.0,0.031087030613580348
26,1,18,22,1,legacy,near_linear,M1,0.015994868343323983,0.40515614244092346,1.1006877235095942,1.0,0.01836635286616043
26,1,18,22,1,legacy,near_linear,M2,0.014133464051114104,0.4052006547427832,1.1078784865413394,1.0,0.01519375352482997
26,1,18,22,1,legacy,near_linear,M3,0.015854819068816355,0.40510303712009943,1.101991510790874,1.0,0.01785244327356118
26,1,18,22,1,legacy,near_linear,M4,0.013965021800215563,0.4051504482137801,1.109553339974883,1.0,0.014958034354114401
26,1,18,22,1,legacy,strong,M1,0.053362932311096296,1.233331390236109,3.347795774041744,1.0,0.06179892240322961
26,1,18,22,1,legacy,strong,M2,0.047553680114847806,1.2334862516529137,3.371837587715809,1.0,0.051089728468827846
26,1,18,22,1,legacy,strong,M3,0.052944566414922116,1.233154464940189,3.3518095925554388,1.0,0.06024293488881086
26,1,18,22,1,legacy,strong,M4,0.04706884266219666,1.2333190669352547,3.377063854066126,1.0,0.050364026276909384
26,1,18,22,1,vy,moderate,M1,0.03315532076555405,0.8145961852984746,2.216093089288044,1.0,0.03817627314512831
26,1,18,22,1,vy,moderate,M2,0.029364551533746786,0.81468900706812,2.2312864956377414,1.0,0.031561822336821914
26,1,18,22,1,vy,moderate,M3,0.03287834614246243,0.8144861834575028,2.218760280360533,1.0,0.037146934806794624
26,1,18,22,1,vy,moderate,M4,0.02903528019077463,0.8145850531438703,2.234693681791741,1.0,0.03108776030008418
26,1,18,22,1,vy,near_linear,M1,0.015995993306424833,0.4051472987699772,1.101429321491749,1.0,0.018368362174890608
26,1,18,22,1,vy,near_linear,M2,0.014133150114651672,0.4051917303129021,1.108629270363381,1.0,0.015193169929357576
26,1,18,22,1,vy,near_linear,M3,0.015856096537766606,0.40509432524559347,1.1027322468025953,1.0,0.017854758381137037
26,1,18,22,1,vy,near_linear,M4,0.013964479078152762,0.4051416570967623,1.1103250202675976,1.0,0.014957057879105232
26,1,18,22,1,vy,strong,M1,0.053378910987282424,1.2332981380816348,3.3510079413059284,1.0,0.061825912091329475
26,1,18,22,1,vy,strong,M2,0.04756423135482034,1.2334527509127617,3.3752143222007582,1.0,0.05110336604643207
26,1,18,22,1,vy,strong,M3,0.05296143133452178,1.23312183875489,3.3551096543035306,1.0,0.060271673156216905
26,1,18,22,1,vy,strong,M4,0.047079095381380345,1.233286203808935,3.3804371866650915,1.0,0.05037687284070282
26,1,18,22,2,beta_noacc,moderate,M1,0.011456034455453635,0.8148472984612382,1.1274697384215258,1.0,0.012493218751539246
26,1,18,22,2,beta_noacc,moderate,M2,0.008304747182275625,0.8148625965966227,1.1291137292720297,1.0,0.008854223815794671
26,1,18,22,2,beta_noacc,moderate,M3,0.01124573697930678,0.8148160938788749,1.1284244529470944,1.0,0.013023282554006673
26,1,18,22,2,beta_noacc,moderate,M4,0.008093492730447903,0.8148332586058075,1.130253025783737,1.0,0.00859340384241983
26,1,18,22,2,beta_noacc,near_linear,M1,0.005546782948007459,0.4048972280073471,0.5571313088223779,1.0,0.00604562183211072
26,1,18,22,2,beta_noacc,near_linear,M2,0.004010613901652274,0.40490473472703875,0.5579749511541977,1.0,0.0042783158425329
26,1,18,22,2,beta_noacc,near_linear,M3,0.005436660185406355,0.40488234472592316,0.5575905994098082,1.0,0.00631421302327577
26,1,18,22,2,beta_noacc,near_linear,M4,0.003893584003567812,0.40489072690622147,0.558525510914913,1.0,0.0041394856796723
26,1,18,22,2,beta_noacc,strong,M1,0.018328565260256634,1.2363535232956526,1.7310606904865418,1.0,0.020049360252368136
26,1,18,22,2,beta_noacc,strong,M2,0.013385566457557924,1.2363783613585657,1.7334371129581436,1.0,0.014260334714948971
26,1,18,22,2,beta_noacc,strong,M3,0.018038020340461,1.2363021859380634,1.732606994759375,1.0,0.0206915070996023
26,1,18,22,2,beta_noacc,strong,M4,0.013124597148051692,1.2363301958117825,1.7352681485071024,1.0,0.013908937595470143
26,1,18,22,2,legacy,moderate,M1,0.011456185334919013,0.8148475007474613,1.127455914315295,1.0,0.012493631638212743
26,1,18,22,2,legacy,moderate,M2,0.00830477583136498,0.8148627983165356,1.1291001060278456,1.0,0.008854267982165284
26,1,18,22,2,legacy,moderate,M3,0.011245766219717148,0.81481629040575,1.1284106840304844,1.0,0.013022845881737967
26,1,18,22,2,legacy,moderate,M4,0.008093394719420046,0.8148334547880169,1.1302394469103585,1.0,0.008593347588459607
26,1,18,22,2,legacy,near_linear,M1,0.005546854111075263,0.4048973200761921,0.5571219236063992,1.0,0.006045821081234093
26,1,18,22,2,legacy,near_linear,M2,0.004010626210975268,0.40490482644975556,0.5579656403615685,1.0,0.004278334455845267
26,1,18,22,2,legacy,near_linear,M3,0.005436667472762563,0.4048824335467566,0.5575812343658614,1.0,0.006313988876170506
26,1,18,22,2,legacy,near_linear,M4,0.003893530443270019,0.40489081547472777,0.5585162142369096,1.0,0.004139452690849717
26,1,18,22,2,legacy,strong,M1,0.01832884106080329,1.2363538838548915,1.7310567751998749,1.0,0.020050053759980962
26,1,18,22,2,legacy,strong,M2,0.013385649955016158,1.2363787216618929,1.7334336990339996,1.0,0.014260451641799737
26,1,18,22,2,legacy,strong,M3,0.018038130283314958,1.2363025404001748,1.7326032139129257,1.0,0.020690898098596557
26,1,18,22,2,legacy,strong,M4,0.013124505273468522,1.2363305504652602,1.7352648583060584,1.0,0.01390891205011486
26,1,18,22,2,vy,moderate,M1,0.011457408386170289,0.8148436857732074,1.1281593302300532,1.0,0.01249521761524525
26,1,18,22,2,vy,moderate,M2,0.008305048596100218,0.8148589611338954,1.1298071292350107,1.0,0.008854554258361826
26,1,18,22,2,vy,moderate,M3,0.011247260489460226,0.8148125974079525,1.1291151521947853,1.0,0.013024922462872362
26,1,18,22,2,vy,moderate,M4,0.008093838485700104,0.8148297393320424,1.1309475888935352,1.0,0.008593687798576086
26,1,18,22,2,vy,near_linear,M1,0.005547247671889373,0.4048950812632188,0.5574137312518018,1.0,0.006046272510822379
26,1,18,22,2,vy,near_linear,M2,0.004010628331309076,0.4049025779076472,0.5582587948514152,1.0,0.004278300323053126
26,1,18,22,2,vy,near_linear,M3,0.005437180763115533,0.40488024476970685,0.5578733983414078,1.0,0.006314879797943836
26,1,18,22,2,vy,near_linear,M4,0.0038935987637529843,0.40488861672233817,0.5588097424020552,1.0,0.00413942902680532
26,1,18,22,2,vy,strong,M1,0.018332555018418805,1.2363501978802547,1.7325462915156136,1.0,0.020055456042554834
26,1,18,22,2,vy,strong,M2,0.0133873673924779,1.236374997300794,1.7349326979672623,1.0,0.014262612106314044
26,1,18,22,2,vy,strong,M3,0.018042332455093266,1.2362991163401567,1.7340956306280035,1.0,0.02069500781263495
26,1,18,22,2,vy,strong,M4,0.013126567627127066,1.2363270888202986,1.736767008522324,1.0,0.01391121434145112
27,0,10,30,1,beta_noacc,moderate,M1,0.036450012701732024,0.757862476351925,2.0970121764206717,1.0,0.03798936499281461
27,0,10,30,1,beta_noacc,moderate,M2,0.036452331629503607,0.7578641307529136,2.097139428253324,1.0,0.0376042788957833
27,0,10,30,1,beta_noacc,moderate,M3,0.027133252821889907,0.7575930027443852,2.106468675533898,1.0,0.028323153113501656
27,0,10,30,1,beta_noacc,moderate,M4,0.027139907786889714,0.7575945500158002,2.10670555851534,1.0,0.028062043788518832
27,0,10,30,1,beta_noacc,near_linear,M1,0.017721232433414183,0.3769211965161049,1.048278859352502,1.0,0.018467593446514306
27,0,10,30,1,beta_noacc,near_linear,M2,0.01772254134674339,0.3769219659699976,1.0483432098078118,1.0,0.01828549889358324
27,0,10,30,1,beta_noacc,near_linear,M3,0.012998610274901736,0.3768006242027885,1.0530053680604596,1.0,0.0135844814351976
27,0,10,30,1,beta_noacc,near_linear,M4,0.013002251006264632,0.37680134444979974,1.053124000256722,1.0,0.0134674849720707
27,0,10,30,1,beta_noacc,strong,M1,0.05850174818234511,1.1470706009787202,3.1448800459825934,1.0,0.060938564978782764
27,0,10,30,1,beta_noacc,strong,M2,0.058504692414409504,1.1470734371866576,3.145069318858387,1.0,0.060293208590362336
27,0,10,30,1,beta_noacc,strong,M3,0.044837063977083466,1.146591319824277,3.158879527324467,1.0,0.04669322157486319
27,0,10,30,1,beta_noacc,strong,M4,0.04484554541343054,1.1465939710342232,3.1592322030377677,1.0,0.04621815434126334
27,0,10,30,1,legacy,moderate,M1,0.036451179925198945,0.7578585848249904,2.0970190756211258,1.0,0.03799153690704818
27,0,10,30,1,legacy,moderate,M2,0.036453494765802494,0.7578602393163698,2.0971455506129977,1.0,0.03760635773091865
27,0,10,30,1,legacy,moderate,M3,0.02713057904519822,0.7575882250405476,2.106458345805691,1.0,0.028322122930046493
27,0,10,30,1,legacy,moderate,M4,0.02713723062056455,0.7575897725876424,2.1066945266514594,1.0,0.02806085569835825
27,0,10,30,1,legacy,near_linear,M1,0.017721575122783505,0.3769195828289056,1.048287364496477,1.0,0.018468413152563815
27,0,10,30,1,legacy,near_linear,M2,0.017722882161681337,0.3769203523175617,1.0483513419234922,1.0,0.01828627878664132
27,0,10,30,1,legacy,near_linear,M3,0.012996893108934569,0.37679855044420796,1.0530054563823164,1.0,0.013583563228893506
27,0,10,30,1,legacy,near_linear,M4,0.013000532077389264,0.3767992707976761,1.0531223563446144,1.0,0.013466499207526222
27,0,10,30,1,legacy,strong,M1,0.05850615215237661,1.1470625512498973,3.1448806303994976,1.0,0.06094465452344392
27,0,10,30,1,legacy,strong,M2,0.05850909025830536,1.1470653876120116,3.145068648012295,1.0,0.06029910673703928
27,0,10,30,1,legacy,strong,M3,0.04483672662803684,1.1465820430159073,3.1588532427447684,1.0,0.046695478800038506
27,0,10,30,1,legacy,strong,M4,0.04484520475694323,1.1465846947758165,3.1592047742554303,1.0,0.04622009445554824
27,0,10,30,1,vy,moderate,M1,0.036463467834719605,0.7577836903878445,2.097776558239813,1.0,0.038005902326910125
27,0,10,30,1,vy,moderate,M2,0.03646568639824917,0.7577853494535931,2.097903511622652,1.0,0.03762000230203109
27,0,10,30,1,vy,moderate,M3,0.027148582866094544,0.7575197475544537,2.1072253612338385,1.0,0.028345726947285963
27,0,10,30,1,vy,moderate,M4,0.027155102465236138,0.7575213049229252,2.107461850814936,1.0,0.028082734322753027
27,0,10,30,1,vy,near_linear,M1,0.0177224692118642,0.376884324620211,1.048658587861372,1.0,0.018469506852585627
27,0,10,30,1,vy,near_linear,M2,0.017723734465511065,0.37688509579800383,1.048722962322077,1.0,0.018287198383966554
27,0,10,30,1,vy,near_linear,M3,0.01299796620944092,0.37676609794627275,1.0533827386015848,1.0,0.01358648668785584
27,0,10,30,1,vy,near_linear,M4,0.013001543701231586,0.3767668220315779,1.05350229827582,1.0,0.013468880771557295
27,0,10,30,1,vy,strong,M1,0.05860250931639427,1.1469147598027132,3.146060180132274,1.0,0.06105074066258642
27,0,10,30,1,vy,strong,M2,0.05860528039562879,1.1469176062380688,3.1462478267777367,1.0,0.06040232201770117
27,0,10,30,1,vy,strong,M3,0.04496210053275495,1.1464465962420556,3.160037466188468,1.0,0.04683650985614611
27,0,10,30,1,vy,strong,M4,0.04497037785620821,1.1464492696469983,3.1603882995274604,1.0,0.04635577383464895
27,0,10,30,2,beta_noacc,moderate,M1,0.014118948493246762,0.7597819550654151,1.040998105498631,1.0,0.015113477819883868
27,0,10,30,2,beta_noacc,moderate,M2,0.014118243156567534,0.7597824229780021,1.041014788811724,1.0,0.01493369361758334
27,0,10,30,2,beta_noacc,moderate,M3,0.007723982952560288,0.7596779576496016,1.0416903769593842,1.0,0.008497249616774599
27,0,10,30,2,beta_noacc,moderate,M4,0.0077246884649305675,0.7596783989847916,1.0417137797374807,1.0,0.008414500847166663
27,0,10,30,2,beta_noacc,near_linear,M1,0.0069911637131343995,0.37725435104966115,0.5193955362534199,1.0,0.0074718825378357135
27,0,10,30,2,beta_noacc,near_linear,M2,0.006991041978654485,0.3772545613980817,0.5194065388527384,1.0,0.007386846247098073
27,0,10,30,2,beta_noacc,near_linear,M3,0.0037299468078341434,0.3772094236405478,0.519772030470507,1.0,0.004127944580653107
27,0,10,30,2,beta_noacc,near_linear,M4,0.003730655815743726,0.3772096219922188,0.5197862970790812,1.0,0.004092646596866873
27,0,10,30,2,beta_noacc,strong,M1,0.02182329342516513,1.1547063881178694,1.5674048379517798,1.0,0.02341621167022253
27,0,10,30,2,beta_noacc,strong,M2,0.021820751673569214,1.1547072752342655,1.567413596567237,1.0,0.02311440762067085
27,0,10,30,2,beta_noacc,strong,M3,0.012633921853813524,1.1544978276738473,1.5682400156902656,1.0,0.01373278816954455
27,0,10,30,2,beta_noacc,strong,M4,0.012632224719560516,1.1544986648097082,1.5682580604137095,1.0,0.01357179221656834
27,0,10,30,2,legacy,moderate,M1,0.014119705849480116,0.7597809474236844,1.041008921177029,1.0,0.01511460269272075
27,0,10,30,2,legacy,moderate,M2,0.014118998663619818,0.7597814153646982,1.041025505301662,1.0,0.014934784674398977
27,0,10,30,2,legacy,moderate,M3,0.0077235707465048865,0.7596767096178317,1.0416990645394588,1.0,0.008497482487541176
27,0,10,30,2,legacy,moderate,M4,0.007724274922051291,0.759677151069394,1.041722377013895,1.0,0.00841468632390329
27,0,10,30,2,legacy,near_linear,M1,0.0069915306819533386,0.3772539262514826,0.519401913001451,1.0,0.00747242544577185
27,0,10,30,2,legacy,near_linear,M2,0.006991408202588862,0.37725413660779017,0.5194128677255894,1.0,0.0073873743629191075
27,0,10,30,2,legacy,near_linear,M3,0.003729724171899791,0.37720887275508974,0.5197773602173482,1.0,0.004128036149721827
27,0,10,30,2,legacy,near_linear,M4,0.00373043275452943,0.37720907114871394,0.5197915832576904,1.0,0.00409271868431526
27,0,10,30,2,legacy,strong,M1,0.02182469093899115,1.1547042763557136,1.567417686571235,1.0,0.023418223604171833
27,0,10,30,2,legacy,strong,M2,0.021822145530966237,1.15470516356978,1.56742628647606,1.0,0.02311635264003231
27,0,10,30,2,legacy,strong,M3,0.012633700443471684,1.1544953971920229,1.5682495816589956,1.0,0.01373360000017891
27,0,10,30,2,legacy,strong,M4,0.012632000276830552,1.1544962346278183,1.5682674816998023,1.0,0.013572504916944611
27,0,10,30,2,vy,moderate,M1,0.014119518419654205,0.7597613266030586,1.0411042955994263,1.0,0.015115131635487257
27,0,10,30,2,vy,moderate,M2,0.014118767236733222,0.7597617955757515,1.041120872884833,1.0,0.014935050227336124
27,0,10,30,2,vy,moderate,M3,0.007729562703112126,0.7596596403777748,1.041794917279034,1.0,0.008502448118166821
27,0,10,30,2,vy,moderate,M4,0.00773019959533485,0.7596600852445559,1.0418181994046174,1.0,0.008419289068780986
27,0,10,30,2,vy,near_linear,M1,0.006991208682692771,0.3772406195713308,0.5194530559245512,1.0,0.007472275982393744
27,0,10,30,2,vy,near_linear,M2,0.0069910689374521485,0.3772408302220228,0.5194640218132315,1.0,0.007387135288528907
27,0,10,30,2,vy,near_linear,M3,0.0037313637017942604,0.3771966308762557,0.5198288415967893,1.0,0.00412917021517195
27,0,10,30,2,vy,near_linear,M4,0.003732045037860738,0.37719683043523006,0.5198430639538291,1.0,0.004093728516017066
27,0,10,30,2,vy,strong,M1,0.02183267977217749,1.1546997926808338,1.5675368203081714,1.0,0.02342924458371352
27,0,10,30,2,vy,strong,M2,0.021830034131104483,1.1547006841368552,1.567545322157052,1.0,0.023126502741862467
27,0,10,30,2,vy,strong,M3,0.012659353686452126,1.1544961870456,1.568368843788802,1.0,0.013758650179497863
27,0,10,30,2,vy,strong,M4,0.0126574997309871,1.1544970349012307,1.5683866586472774,1.0,0.01359639295137025
27,0,18,22,1,beta_noacc,moderate,M1,0.029067991568001064,0.7624797411481596,1.9221797614974447,1.0,0.029984768584086295
27,0,18,22,1,beta_noacc,moderate,M2,0.029067580893912565,0.7624813125045774,1.9227355196016571,1.0,0.029728842960012866
27,0,18,22,1,beta_noacc,moderate,M3,0.02857831986171539,0.7623826619641579,1.924638468145886,1.0,0.02930842643126036
27,0,18,22,1,beta_noacc,moderate,M4,0.028578663624368048,0.7623842126624045,1.92524718006554,1.0,0.029061880866902545
27,0,18,22,1,beta_noacc,near_linear,M1,0.013987233953517525,0.37954895237876995,0.9616275770408474,1.0,0.014434881585806024
27,0,18,22,1,beta_noacc,near_linear,M2,0.013987182186108497,0.379549694081591,0.9618833904031086,1.0,0.014314851200897361
27,0,18,22,1,beta_noacc,near_linear,M3,0.013739853258304562,0.379502107453369,0.9628579060960304,1.0,0.01409418947127682
27,0,18,22,1,beta_noacc,near_linear,M4,0.013740204135120634,0.37950283927399203,0.9631403508471836,1.0,0.013978865646938959
27,0,18,22,1,beta_noacc,strong,M1,0.04710665323442866,1.1525831411432208,2.866431356355972,1.0,0.04855393152406838
27,0,18,22,1,beta_noacc,strong,M2,0.047105490285343124,1.1525857660836725,2.8673781257154447,1.0,0.048120823929856345
27,0,18,22,1,beta_noacc,strong,M3,0.04637489900575024,1.1524281765100877,2.8701628631073253,1.0,0.04754463755122325
27,0,18,22,1,beta_noacc,strong,M4,0.04637473046366888,1.1524307678518821,2.8711885134578408,1.0,0.04712555745733212
27,0,18,22,1,legacy,moderate,M1,0.029068078224140367,0.7624798814823374,1.92200373536044,1.0,0.02998511293581231
27,0,18,22,1,legacy,moderate,M2,0.029067667341663914,0.7624814528597772,1.9225597292980103,1.0,0.029729170408803716
27,0,18,22,1,legacy,moderate,M3,0.028578191751505826,0.7623827770049993,1.924462418199009,1.0,0.029308575276622763
27,0,18,22,1,legacy,moderate,M4,0.028578535370957538,0.7623843277313884,1.92507136218386,1.0,0.02906201252632727
27,0,18,22,1,legacy,near_linear,M1,0.013987220318330038,0.3795490419362292,0.961540279538546,1.0,0.014434997470656503
27,0,18,22,1,legacy,near_linear,M2,0.013987168439167601,0.37954978364727054,0.9617961978661884,1.0,0.014314959789142127
27,0,18,22,1,legacy,near_linear,M3,0.013739726413397182,0.37950218359845017,0.9627705934286857,1.0,0.014094201746612654
27,0,18,22,1,legacy,near_linear,M4,0.013740077196807155,0.37950291542998527,0.9630531411947444,1.0,0.013978870703844137
27,0,18,22,1,legacy,strong,M1,0.047107261432141286,1.1525832113859469,2.866147520342219,1.0,0.048554921253764184
27,0,18,22,1,legacy,strong,M2,0.047106098330888406,1.1525858363703068,2.867094696268976,1.0,0.0481217809020459
27,0,18,22,1,legacy,strong,M3,0.04637521998224371,1.152428213383188,2.8698790014668893,1.0,0.04754536803994561
27,0,18,22,1,legacy,strong,M4,0.04637505145388094,1.1524308047845984,2.8709050520903707,1.0,0.047126253572254896
27,0,18,22,1,vy,moderate,M1,0.02906998787680265,0.7624626992618165,1.9231787401860907,1.0,0.029987735428868737
27,0,18,22,1,vy,moderate,M2,0.029069567403827795,0.7624642712536343,1.923739909225255,1.0,0.02973157646954008
27,0,18,22,1,vy,moderate,M3,0.02857994514441218,0.7623658719944891,1.9256355631176252,1.0,0.029311267210091387
27,0,18,22,1,vy,moderate,M4,0.02858027879309056,0.7623674235819818,1.926249660960588,1.0,0.029064434153437697
27,0,18,22,1,vy,near_linear,M1,0.013987148459868008,0.3795410401964986,0.9620927858242504,1.0,0.01443518722359091
27,0,18,22,1,vy,near_linear,M2,0.01398709188162228,0.3795417821553357,0.9623507653257004,1.0,0.01431506638943927
27,0,18,22,1,vy,near_linear,M3,0.013739527902683641,0.3794943001215862,0.963322197548146,1.0,0.01409437369228377
27,0,18,22,1,vy,near_linear,M4,0.013739873703230085,0.3794950323013353,0.9636067951191994,1.0,0.013978935667733337
27,0,18,22,1,vy,strong,M1,0.04711928059621345,1.1525525401373682,2.867840465029131,1.0,0.048568636117019545
27,0,18,22,1,vy,strong,M2,0.04711810460913008,1.152555166377581,2.868798652002004,1.0,0.04813498995985707
27,0,18,22,1,vy,strong,M3,0.046387312164355037,1.1523980851708666,2.8715690394539424,1.0,0.04755951836504548
27,0,18,22,1,vy,strong,M4,0.04638713085061024,1.1524006783440965,2.8726060616290026,1.0,0.04713979782590915
27,0,18,22,2,beta_noacc,moderate,M1,0.008339212644824802,0.7618163684555838,0.9718303659193812,1.0,0.009010534679941161
27,0,18,22,2,beta_noacc,moderate,M2,0.008334933546467934,0.7618167952119507,0.9718832623791648,1.0,0.008918445739323901
27,0,18,22,2,beta_noacc,moderate,M3,0.007987002754150001,0.7617890183426228,0.9726844226982926,1.0,0.008503302827320076
27,0,18,22,2,beta_noacc,moderate,M4,0.007983304309730292,0.7617894400905526,0.9727534101373876,1.0,0.008422044312172732
27,0,18,22,2,beta_noacc,near_linear,M1,0.004031043225069147,0.37889105089213915,0.4824295869696944,1.0,0.00436533016053279
27,0,18,22,2,beta_noacc,near_linear,M2,0.004029197195706647,0.37889124923257694,0.4824593224303102,1.0,0.004322325036296363
27,0,18,22,2,beta_noacc,near_linear,M3,0.003846095088402201,0.37887797106724386,0.4828426738913657,1.0,0.004105120380916507
27,0,18,22,2,beta_noacc,near_linear,M4,0.0038445631744308557,0.37887816697232296,0.4828803421432542,1.0,0.0040674947424601095
27,0,18,22,2,beta_noacc,strong,M1,0.013421447632238551,1.1539250933368583,1.4777901158924618,1.0,0.01444133500949165
27,0,18,22,2,beta_noacc,strong,M2,0.013413427952146745,1.1539258359422584,1.4778563682358226,1.0,0.014284471355976264
27,0,18,22,2,beta_noacc,strong,M3,0.01293695725688231,1.153880338749373,1.4791478093070891,1.0,0.013714164380893103
27,0,18,22,2,beta_noacc,strong,M4,0.012929660309533493,1.1538810734227811,1.4792388080408314,1.0,0.013573819524860357
27,0,18,22,2,legacy,moderate,M1,0.008339321453137,0.7618166233481694,0.9717994281762566,1.0,0.00901076024797946
27,0,18,22,2,legacy,moderate,M2,0.008335042134397978,0.7618170501091419,0.971852339611364,1.0,0.008918664109505044
27,0,18,22,2,legacy,moderate,M3,0.007986996997267735,0.761789266262263,0.9726535172753284,1.0,0.008503415489403763
27,0,18,22,2,legacy,moderate,M4,0.007983298333921005,0.7617896880180275,0.9727225193753494,1.0,0.00842215112487254
27,0,18,22,2,legacy,near_linear,M1,0.004031095515077568,0.3788911731369535,0.4824126423252524,1.0,0.004365441299337774
27,0,18,22,2,legacy,near_linear,M2,0.004029249383805824,0.37889137147897406,0.4824423854907222,1.0,0.004322432934721047
27,0,18,22,2,legacy,near_linear,M3,0.00384608742529958,0.3788780895473486,0.4828257404270902,1.0,0.00410517214381785
27,0,18,22,2,legacy,near_linear,M4,0.003844555401922689,0.3788782854552584,0.482863416168867,1.0,0.00406754401947518
27,0,18,22,2,legacy,strong,M1,0.013421652204436637,1.1539255066240923,1.477752844755725,1.0,0.014441711897896633
27,0,18,22,2,legacy,strong,M2,0.01341363215916427,1.1539262492419629,1.4778191212174707,1.0,0.014284835248666904
27,0,18,22,2,legacy,strong,M3,0.012937004630773104,1.1538807434873504,1.479110616251062,1.0,0.013714387679588937
27,0,18,22,2,legacy,strong,M4,0.012929707372559596,1.1538814781805338,1.4792016390061815,1.0,0.01357403138712803
27,0,18,22,2,vy,moderate,M1,0.008339595284120656,0.7618129677804582,0.9723995420024116,1.0,0.00901108946843336
27,0,18,22,2,vy,moderate,M2,0.00833530963021673,0.7618133946833879,0.972452736731194,1.0,0.008918945147745381
27,0,18,22,2,vy,moderate,M3,0.007987434460588236,0.7617857172634005,0.9732546872713776,1.0,0.008503890786483207
27,0,18,22,2,vy,moderate,M4,0.007983729304789485,0.761786139258056,0.9733239836054662,1.0,0.008422574011661247
27,0,18,22,2,vy,near_linear,M1,0.0040310860566714,0.3788890870811355,0.4826665312818909,1.0,0.00436544006395217
27,0,18,22,2,vy,near_linear,M2,0.004029237198496601,0.37888928547361284,0.4826964222953656,1.0,0.004322413308836036
27,0,18,22,2,vy,near_linear,M3,0.0038461422212520877,0.3788760476028826,0.483080004943705,1.0,0.004105230024800324
27,0,18,22,2,vy,near_linear,M4,0.0038446073654866755,0.37887624359947614,0.4831178321883415,1.0,0.004067581637784003
27,0,18,22,2,vy,strong,M1,0.013423487343475274,1.1539215464546428,1.4789630438248913,1.0,0.01444379585171881
27,0,18,22,2,vy,strong,M2,0.01341545543392465,1.1539222894583123,1.4790297623952668,1.0,0.0142868005293308
27,0,18,22,2,vy,strong,M3,0.012939165424631272,1.153877008667475,1.4803234432682433,1.0,0.013716753595636786
27,0,18,22,2,vy,strong,M4,0.01293185622114616,1.153877743966707,1.4804149380086928,1.0,0.01357627056216917
27,1,10,30,1,beta_noacc,moderate,M1,0.041317505703349654,0.8020774664256897,2.3016477673405955,1.0,0.049262149192289426
27,1,10,30,1,beta_noacc,moderate,M2,0.037180146984403514,0.8020680263753053,2.3096567888083683,1.0,0.03785420137827288
27,1,10,30,1,beta_noacc,moderate,M3,0.03343639732276067,0.801741152553613,2.312683217356923,1.0,0.038996834480340754
27,1,10,30,1,beta_noacc,moderate,M4,0.027882451392612938,0.801771156242771,2.320606499225664,1.0,0.028062043788518832
27,1,10,30,1,beta_noacc,near_linear,M1,0.020042037504338247,0.39855880969269225,1.1475194440599996,1.0,0.02380747979615498
27,1,10,30,1,beta_noacc,near_linear,M2,0.018083425396256125,0.39855396097059187,1.1515210796138808,1.0,0.018471756943700686
27,1,10,30,1,beta_noacc,near_linear,M3,0.016056803801454203,0.39840880779435056,1.1529886865030503,1.0,0.018681807391682275
27,1,10,30,1,beta_noacc,near_linear,M4,0.013362360420283468,0.3984217510646716,1.1570102208295443,1.0,0.0134674849720707
27,1,10,30,1,beta_noacc,strong,M1,0.06634400271231754,1.2160451706373965,3.470062797187416,1.0,0.07959270655545718
27,1,10,30,1,beta_noacc,strong,M2,0.05964030720029209,1.2160436566975898,3.4820209029045115,1.0,0.06039452851563869
27,1,10,30,1,beta_noacc,strong,M3,0.05464454395727761,1.2154402441682552,3.486757482774144,1.0,0.06412853605320742
27,1,10,30,1,beta_noacc,strong,M4,0.04605653051259861,1.2155086129440986,3.4985488952805417,1.0,0.04621815434126334
27,1,10,30,1,legacy,moderate,M1,0.041320687776070036,0.8020725772119556,2.301715689116954,1.0,0.04926790549089358
27,1,10,30,1,legacy,moderate,M2,0.03718125660987459,0.8020631113387273,2.309708159577222,1.0,0.03785529431067019
27,1,10,30,1,legacy,moderate,M3,0.033435324741546445,0.8017354437600174,2.312734278484148,1.0,0.039001044749192415
27,1,10,30,1,legacy,moderate,M4,0.027879657463507578,0.8017654455542268,2.3206339719297917,1.0,0.02806085569835825
27,1,10,30,1,legacy,near_linear,M1,0.02004335852702359,0.3985566955335614,1.1475572149262034,1.0,0.023809904742819465
27,1,10,30,1,legacy,near_linear,M2,0.0180837381079856,0.3985518299118154,1.1515458362035458,1.0,0.01847209822525451
27,1,10,30,1,legacy,near_linear,M3,0.01605587348716212,0.39840626208262253,1.1530155099712054,1.0,0.018683330161931314
27,1,10,30,1,legacy,near_linear,M4,0.013360586140889757,0.3984191997061441,1.1570281986288302,1.0,0.013466499207526222
27,1,10,30,1,legacy,strong,M1,0.06635140733941006,1.2160355659890152,3.470160006414877,1.0,0.07960528104171069
27,1,10,30,1,legacy,strong,M2,0.05964466786663922,1.2160340373394998,3.482091335768707,1.0,0.06039875986872687
27,1,10,30,1,legacy,strong,M3,0.054646452065265895,1.215429545505846,3.486828546110788,1.0,0.06413959586016285
27,1,10,30,1,legacy,strong,M4,0.0460560399238074,1.2154979385146865,3.4985833388462004,1.0,0.04622009445554824
27,1,10,30,1,vy,moderate,M1,0.041354436843082605,0.8020030884229502,2.3022195944670805,1.0,0.04932213458487147
27,1,10,30,1,vy,moderate,M2,0.03719331687728036,0.8019928363751796,2.310242675901955,1.0,0.0378613490147365
27,1,10,30,1,vy,moderate,M3,0.03349088078261936,0.801672924659559,2.313254939246884,1.0,0.039084009258726016
27,1,10,30,1,vy,moderate,M4,0.027894495231590117,0.8017020640831194,2.3211784557907853,1.0,0.028082734322753027
27,1,10,30,1,vy,near_linear,M1,0.020051779040976603,0.39852284936339577,1.1478168466150476,1.0,0.023822338710376194
27,1,10,30,1,vy,near_linear,M2,0.018084483530724067,0.39851757969690266,1.1518197526018985,1.0,0.01847178219778982
27,1,10,30,1,vy,near_linear,M3,0.016072576197128947,0.3983754372118695,1.153283787460755,1.0,0.018706630939378723
27,1,10,30,1,vy,near_linear,M4,0.01336021455145737,0.39838791224912007,1.1573081238783864,1.0,0.013468880771557295
27,1,10,30,1,vy,strong,M1,0.06649818716132391,1.2159045254263168,3.470884406427889,1.0,0.07983967123144008
27,1,10,30,1,vy,strong,M2,0.05974175287223163,1.2159023500947947,3.4897827411874864,1.0,0.06046867941864433
27,1,10,30,1,vy,strong,M3,0.054841199251117564,1.2153121340791095,3.487575384900979,1.0,0.06444067565283441
27,1,10,30,1,vy,strong,M4,0.04617671128737246,1.2153798950664925,3.512152651633881,1.0,0.04635577383464895
27,1,10,30,2,beta_noacc,moderate,M1,0.0171804542470538,0.8048386587821824,1.1475213553443633,1.0,0.020448996766993795
27,1,10,30,2,beta_noacc,moderate,M2,0.01429530886988073,0.8048167162490613,1.148567171428224,1.0,0.01504385686579787
27,1,10,30,2,beta_noacc,moderate,M3,0.012312463917048811,0.8047122772485535,1.1484121347342355,1.0,0.013508674239371134
27,1,10,30,2,beta_noacc,moderate,M4,0.00791504202326851,0.8047043777363401,1.1493113761159466,1.0,0.008414500847166663
27,1,10,30,2,beta_noacc,near_linear,M1,0.008417555322807812,0.3992391145586271,0.5714385850322746,1.0,0.009989984700785064
27,1,10,30,2,beta_noacc,near_linear,M2,0.007085470020684148,0.3992295219418328,0.571995277618637,1.0,0.007477608881001673
27,1,10,30,2,beta_noacc,near_linear,M3,0.005936524576279528,0.39918483802228844,0.5719047365486639,1.0,0.0065412133330972734
27,1,10,30,2,beta_noacc,near_linear,M4,0.0038254021279606793,0.39918120656148925,0.572387596724424,1.0,0.004092646596866873
27,1,10,30,2,beta_noacc,strong,M1,0.027059262042368214,1.2255141866055497,1.767348917049231,1.0,0.032401507385496596
27,1,10,30,2,beta_noacc,strong,M2,0.022057395429832868,1.2254770403365103,1.7682009669262069,1.0,0.02311440762067085
27,1,10,30,2,beta_noacc,strong,M3,0.01999992581223737,1.225257405389821,1.7738438922662358,1.0,0.021861361716075577
27,1,10,30,2,beta_noacc,strong,M4,0.012933011349339545,1.225249299597164,1.7760805626520435,1.0,0.01357179221656834
27,1,10,30,2,legacy,moderate,M1,0.017182095280968954,0.8048373349462132,1.1475376152474663,1.0,0.020451593947388172
27,1,10,30,2,legacy,moderate,M2,0.014296042232124984,0.8048153874779167,1.1485814395871992,1.0,0.015044587915280294
27,1,10,30,2,legacy,moderate,M3,0.0123128052013097,0.8047107284228605,1.1484262925079258,1.0,0.013510675401947158
27,1,10,30,2,legacy,moderate,M4,0.007914583492585869,0.8047028368197069,1.1493239515154976,1.0,0.00841468632390329
27,1,10,30,2,legacy,near_linear,M1,0.008418335194380509,0.3992385072294909,0.571448367867245,1.0,0.009991198917501613
27,1,10,30,2,legacy,near_linear,M2,0.007085827732774433,0.3992289114000194,0.5720035148749472,1.0,0.0074779714559307904
27,1,10,30,2,legacy,near_linear,M3,0.005936636076141097,0.3991841107042842,0.571912904348657,1.0,0.0065421156593535226
27,1,10,30,2,legacy,near_linear,M4,0.0038251609439949995,0.39918048208235785,0.5723949958370682,1.0,0.00409271868431526
27,1,10,30,2,legacy,strong,M1,0.02706215893701439,1.2255117786143772,1.7674799478883818,1.0,0.032406219646962865
27,1,10,30,2,legacy,strong,M2,0.02205874337157486,1.2254746351642667,1.7683370795276896,1.0,0.02311635264003231
27,1,10,30,2,legacy,strong,M3,0.02000107559734354,1.2252547129468303,1.7739785801895358,1.0,0.02186532614285358
27,1,10,30,2,legacy,strong,M4,0.012932695800499897,1.2252466322452922,1.7762202483604568,1.0,0.013572504916944611
27,1,10,30,2,vy,moderate,M1,0.017191318896836658,0.8048228494463485,1.147621360962493,1.0,0.02046709408983244
27,1,10,30,2,vy,moderate,M2,0.014295617232887454,0.8048010098641113,1.1486682160304384,1.0,0.015043229185073724
27,1,10,30,2,vy,moderate,M3,0.012329651585489107,0.8046991125139079,1.1493242363903855,1.0,0.01352729545204045
27,1,10,30,2,vy,moderate,M4,0.00792018339475136,0.8046912286607628,1.1508995334376,1.0,0.008419289068780986
27,1,10,30,2,vy,near_linear,M1,0.008421351564501274,0.39922654758691756,0.5714949519798229,1.0,0.009996230002456256
27,1,10,30,2,vy,near_linear,M2,0.00708541527549871,0.39921701309244756,0.5720516946298255,1.0,0.007477292708163594
27,1,10,30,2,vy,near_linear,M3,0.005942505438250283,0.39917334025717993,0.5719602983039277,1.0,0.00654715667998097
27,1,10,30,2,vy,near_linear,M4,0.0038266263229852766,0.3991697214893635,0.5724436633381174,1.0,0.004093728516017066
27,1,10,30,2,vy,strong,M1,0.02709593010715789,1.2255253333615632,1.7785076935133617,1.0,0.03246280420749289
27,1,10,30,2,vy,strong,M2,0.02206623059077508,1.2254884644402069,1.7794238671000873,1.0,0.023126502741862467
27,1,10,30,2,vy,strong,M3,0.020052969893563137,1.22527424784699,1.7851065625784233,1.0,0.02192813256031094
27,1,10,30,2,vy,strong,M4,0.012957574433903078,1.2252663577769838,1.7874152272566253,1.0,0.01359639295137025
27,1,18,22,1,beta_noacc,moderate,M1,0.034030263655883235,0.8036145342781018,2.232859115445101,1.0,0.03916019363485932
27,1,18,22,1,beta_noacc,moderate,M2,0.029830262540015504,0.8037284273800585,2.25020772000717,1.0,0.030705184553378284
27,1,18,22,1,beta_noacc,moderate,M3,0.03365947354287821,0.8035028201027041,2.235435615366147,1.0,0.038033868950940804
27,1,18,22,1,beta_noacc,moderate,M4,0.029340134037499972,0.8036249649667567,2.253715577435362,1.0,0.030265399951944254
27,1,18,22,1,beta_noacc,near_linear,M1,0.01642145736062722,0.3997597674207875,1.109583245865561,1.0,0.018843128783461463
27,1,18,22,1,beta_noacc,near_linear,M2,0.014359698305472925,0.3998143412028659,1.1178705724982256,1.0,0.01477853207173601
27,1,18,22,1,beta_noacc,near_linear,M3,0.016235576044129188,0.3997059544942718,1.1108664766918552,1.0,0.018281787298955396
27,1,18,22,1,beta_noacc,near_linear,M4,0.01411089731144215,0.39976449441180145,1.1195862520422986,1.0,0.014560197804684953
27,1,18,22,1,beta_noacc,strong,M1,0.05475608017422356,1.2162518364674717,3.378253315723562,1.0,0.06338936044902034
27,1,18,22,1,beta_noacc,strong,M2,0.04830999781732514,1.216441290984498,3.405781500734816,1.0,0.04972748237239245
27,1,18,22,1,beta_noacc,strong,M3,0.0541938801429091,1.216072901231424,3.3822114324129497,1.0,0.06168658999894458
27,1,18,22,1,beta_noacc,strong,M4,0.04758407852552162,1.2162756066622333,3.411063624310944,1.0,0.04904873998597787
27,1,18,22,1,legacy,moderate,M1,0.0340305211837527,0.8036145512757054,2.232752385816876,1.0,0.039161188493754454
27,1,18,22,1,legacy,moderate,M2,0.02983034240734574,0.8037284374364531,2.25010521298798,1.0,0.03070510424531245
27,1,18,22,1,legacy,moderate,M3,0.03365947694630228,0.8035028151332051,2.2353308285162177,1.0,0.03803472537762402
27,1,18,22,1,legacy,moderate,M4,0.029339993361467264,0.8036249535161687,2.253613010549864,1.0,0.03026510572821452
27,1,18,22,1,legacy,near_linear,M1,0.01642153296197273,0.39975979375089843,1.1095264044098274,1.0,0.018843554145813568
27,1,18,22,1,legacy,near_linear,M2,0.014359681358557643,0.3998143636395164,1.117814663655669,1.0,0.014778430365299753
27,1,18,22,1,legacy,near_linear,M3,0.016235517474285414,0.3997059688660933,1.1108096399673557,1.0,0.018282137045559196
27,1,18,22,1,legacy,near_linear,M4,0.014110764298501135,0.3997645050706031,1.1195303083505233,1.0,0.014559984958974554
27,1,18,22,1,legacy,strong,M1,0.05475689380196202,1.2162517291094619,3.37810489421222,1.0,0.06339140656029833
27,1,18,22,1,legacy,strong,M2,0.04831060069073209,1.2164411760859364,3.405637127769021,1.0,0.04972786481640192
27,1,18,22,1,legacy,strong,M3,0.054194353595434896,1.2160727669027196,3.3820629501250243,1.0,0.06168846504125567
27,1,18,22,1,legacy,strong,M4,0.0475843853425206,1.2162754657507207,3.4109190614215863,1.0,0.049048828795051576
27,1,18,22,1,vy,moderate,M1,0.03403598971596252,0.803595744900634,2.234395654737286,1.0,0.039170384386230675
27,1,18,22,1,vy,moderate,M2,0.02983180344550427,0.8037094220474548,2.2518315294410933,1.0,0.030706008860838952
27,1,18,22,1,vy,moderate,M3,0.03366551489297441,0.8034843172247764,2.2370182939167056,1.0,0.03804495408671962
27,1,18,22,1,vy,moderate,M4,0.029341158719945658,0.8036062506104705,2.255337751331936,1.0,0.030265166275195036
27,1,18,22,1,vy,near_linear,M1,0.016423053884251807,0.3997509994383134,1.1102300083770282,1.0,0.018846130931872523
27,1,18,22,1,vy,near_linear,M2,0.014359377967504111,0.3998054678509232,1.11853001555703,1.0,0.01477759964084747
27,1,18,22,1,vy,near_linear,M3,0.016237271422882452,0.3996973049971091,1.1115123986826294,1.0,0.01828513650867022
27,1,18,22,1,vy,near_linear,M4,0.014110268708100166,0.3997557409990375,1.1202447305468874,1.0,0.014558697652911685
27,1,18,22,1,vy,strong,M1,0.05477497089885753,1.2162184667521794,3.381234164819753,1.0,0.06342116481360507
27,1,18,22,1,vy,strong,M2,0.048322062001654884,1.2164076021378063,3.4088556388656364,1.0,0.04974059997459324
27,1,18,22,1,vy,strong,M3,0.054213595258796224,1.2160401190866683,3.3851887061792416,1.0,0.06172036954514445
27,1,18,22,1,vy,strong,M4,0.04759568968245302,1.2162425173949067,3.4141339284228813,1.0,0.04906054427384865
27,1,18,22,2,beta_noacc,moderate,M1,0.01206829184432969,0.8035673147224813,1.1352935650742018,1.0,0.01319528090018621
27,1,18,22,2,beta_noacc,moderate,M2,0.00854085476793825,0.803585021231756,1.1371553882232717,1.0,0.008918445739323901
27,1,18,22,2,beta_noacc,moderate,M3,0.011804306617679273,0.8035356449170472,1.136233648800073,1.0,0.012936573073550475
27,1,18,22,2,beta_noacc,moderate,M4,0.008190294718211266,0.8035558916917789,1.1383148064037265,1.0,0.008422044312172732
27,1,18,22,2,beta_noacc,near_linear,M1,0.005845430610200875,0.39936816279351167,0.5609667062876695,1.0,0.006383830230333253
27,1,18,22,2,beta_noacc,near_linear,M2,0.004131278646714118,0.39937689115519254,0.5619201063747103,1.0,0.004322325036296363
27,1,18,22,2,beta_noacc,near_linear,M3,0.00570970277712322,0.39935305228609114,0.5614187719029131,1.0,0.006278078776421677
27,1,18,22,2,beta_noacc,near_linear,M4,0.003946227720286738,0.39936297595289094,0.5624806191158384,1.0,0.0040674947424601095
27,1,18,22,2,beta_noacc,strong,M1,0.019291199602920223,1.2188012935783754,1.7433122252318876,1.0,0.02117793887635287
27,1,18,22,2,beta_noacc,strong,M2,0.01373038722120999,1.2188299445245951,1.7460350548200614,1.0,0.014284471355976264
27,1,18,22,2,beta_noacc,strong,M3,0.018913797889229946,1.218749239344241,1.7448429157777374,1.0,0.020519615523375244
27,1,18,22,2,beta_noacc,strong,M4,0.013253495293288885,1.2187821789256463,1.7478978846229574,1.0,0.013573819524860357
27,1,18,22,2,legacy,moderate,M1,0.012068500622081075,0.8035675294669902,1.135280642837628,1.0,0.013195756665219282
27,1,18,22,2,legacy,moderate,M2,0.0085409623973355,0.8035852352129694,1.1371427122533095,1.0,0.008918664109505044
27,1,18,22,2,legacy,moderate,M3,0.01180438804763901,0.8035358535765755,1.136220783149781,1.0,0.012936133847916614
27,1,18,22,2,legacy,moderate,M4,0.008190285150271977,0.8035560998998793,1.1383021750865256,1.0,0.00842215112487254
27,1,18,22,2,legacy,near_linear,M1,0.005845530002708515,0.3993682619237069,0.5609577121333725,1.0,0.006384060018260634
27,1,18,22,2,legacy,near_linear,M2,0.004131331072717046,0.3993769898235081,0.5619112406184914,1.0,0.004322432934721047
27,1,18,22,2,legacy,near_linear,M3,0.005709735489808802,0.39935314802484356,0.5614097985482113,1.0,0.006277853532201264
27,1,18,22,2,legacy,near_linear,M4,0.003946218855384197,0.3993630713669398,0.5624717674641073,1.0,0.00406754401947518
27,1,18,22,2,legacy,strong,M1,0.019291565384047686,1.2188016670219601,1.743309964020353,1.0,0.02117873068299521
27,1,18,22,2,legacy,strong,M2,0.013730586717694823,1.2188303175786546,1.7460333140700426,1.0,0.014284835248666904
27,1,18,22,2,legacy,strong,M3,0.018913989292170818,1.218749606068118,1.7448407928301632,1.0,0.02051900149090606
27,1,18,22,2,legacy,strong,M4,0.013253533751893146,1.2187825458537644,1.747896269889775,1.0,0.01357403138712803
27,1,18,22,2,vy,moderate,M1,0.012069995388842679,0.8035636748214026,1.135943322175982,1.0,0.013197774522211827
27,1,18,22,2,vy,moderate,M2,0.00854114994764877,0.8035813526361092,1.1378098356263042,1.0,0.008918945147745381
27,1,18,22,2,vy,moderate,M3,0.01180613139862816,0.8035321194758509,1.1368844206221227,1.0,0.01293813008674809
27,1,18,22,2,vy,moderate,M4,0.008190617324538416,0.803552337019519,1.1389703427063895,1.0,0.008422574011661247
27,1,18,22,2,vy,near_linear,M1,0.005846032198818586,0.39936602230354756,0.5612313052919528,1.0,0.006384686932603493
27,1,18,22,2,vy,near_linear,M2,0.004131280855444799,0.3993747379308598,0.5621871299869922,1.0,0.004322413308836036
27,1,18,22,2,vy,near_linear,M3,0.005710348486145521,0.3993509579995768,0.5616837105378777,1.0,0.00627871125479244
27,1,18,22,2,vy,near_linear,M4,0.003946224241187567,0.3993608685450493,0.5627480011685622,1.0,0.004067581637784003
27,1,18,22,2,vy,strong,M1,0.019295888368445258,1.218797772191802,1.7447213872016016,1.0,0.021185071601212573
27,1,18,22,2,vy,strong,M2,0.013732281205948651,1.2188263750016817,1.7474542984689878,1.0,0.0142868005293308
27,1,18,22,2,vy,strong,M3,0.018918753983816632,1.2187459687564277,1.7462549301336143,1.0,0.020522945925251435
27,1,18,22,2,vy,strong,M4,0.013255519525838028,1.2187788606040555,1.7493202494860025,1.0,0.01357627056216917
28,0,10,30,1,beta_noacc,moderate,M1,0.034757894346791454,0.7613756823691283,2.1115668021866827,1.0,0.03561977297130577
28,0,10,30,1,beta_noacc,moderate,M2,0.03475319286915758,0.7613757880025108,2.111573586728777,1.0,0.03557007694386561
28,0,10,30,1,beta_noacc,moderate,M3,0.025956885807387843,0.7611001414204209,2.1213789890067623,1.0,0.026436130464991422
28,0,10,30,1,beta_noacc,moderate,M4,0.02594622846923556,0.7611002636682509,2.121359457785091,1.0,0.026422162693500863
28,0,10,30,1,beta_noacc,near_linear,M1,0.01690071356445561,0.3786348299431195,1.0554921785863118,1.0,0.0173135602175187
28,0,10,30,1,beta_noacc,near_linear,M2,0.01689840020081888,0.3786348807931701,1.0554954881684235,1.0,0.017288361448498327
28,0,10,30,1,beta_noacc,near_linear,M3,0.01242328697451775,0.37851159440498516,1.060403490576684,1.0,0.012660188353201478
28,0,10,30,1,beta_noacc,near_linear,M4,0.012417904075811313,0.3785116519565603,1.060392607489451,1.0,0.01265328398788489
28,0,10,30,1,beta_noacc,strong,M1,0.0558010965156376,1.1525887528782408,3.167298921520901,1.0,0.05720776560988461
28,0,10,30,1,beta_noacc,strong,M2,0.05579388600757756,1.1525889241807503,3.167320402785096,1.0,0.05713273758588042
28,0,10,30,1,beta_noacc,strong,M3,0.042942429306551955,1.1520979028864013,3.181446330625922,1.0,0.043655231264999345
28,0,10,30,1,beta_noacc,strong,M4,0.04292727517350751,1.152098110097234,3.1814148891393903,1.0,0.04362911272711127
28,0,10,30,1,legacy,moderate,M1,0.034758206395162826,0.7613716786345008,2.111581989211404,1.0,0.035620495688692154
28,0,10,30,1,legacy,moderate,M2,0.034753499127265663,0.7613717842587187,2.111588815121382,1.0,0.03557078751013832
28,0,10,30,1,legacy,moderate,M3,0.025952528102484797,0.7610952594104293,2.121376672104829,1.0,0.026431700660868886
28,0,10,30,1,legacy,moderate,M4,0.025941870854514094,0.7610953816018783,2.1213572163102508,1.0,0.026417512646441082
28,0,10,30,1,legacy,near_linear,M1,0.016900659801978073,0.37863316220837545,1.055504552689193,1.0,0.017313687707434744
28,0,10,30,1,legacy,near_linear,M2,0.01689834352678532,0.3786332130528871,1.0555078790722272,1.0,0.017288483093311432
28,0,10,30,1,legacy,near_linear,M3,0.012420757877136344,0.3785094700795629,1.060401107382012,1.0,0.012657630875098922
28,0,10,30,1,legacy,near_linear,M4,0.012415374806939014,0.37850952760195816,1.060390255856735,1.0,0.012650620867929308
28,0,10,30,1,legacy,strong,M1,0.055803964449211985,1.1525805090375902,3.1673272661980283,1.0,0.05721144281981498
28,0,10,30,1,legacy,strong,M2,0.055796745894979745,1.1525806803280414,3.1673488409204364,1.0,0.05713639030907989
28,0,10,30,1,legacy,strong,M3,0.042939365935997745,1.152088447478192,3.181433512562771,1.0,0.04365200701564613
28,0,10,30,1,legacy,strong,M4,0.04292421286805343,1.152088654602715,3.1814022118467946,1.0,0.04362553480552717
28,0,10,30,1,vy,moderate,M1,0.03476973169997294,0.7612980910860598,2.1124854428329063,1.0,0.0356317524588482
28,0,10,30,1,vy,moderate,M2,0.03476498327486533,0.761298196633846,2.112492661431977,1.0,0.03558210319310733
28,0,10,30,1,vy,moderate,M3,0.02596754502928115,0.7610280888151105,2.1222859222266486,1.0,0.02644843121489286
28,0,10,30,1,vy,moderate,M4,0.025956876542031142,0.7610282110813907,2.122266799965151,1.0,0.026433658696480514
28,0,10,30,1,vy,near_linear,M1,0.01690200923817089,0.37859838440466004,1.0559445674167975,1.0,0.01731434089433609
28,0,10,30,1,vy,near_linear,M2,0.01689967549606836,0.3785984351975258,1.0559480063981068,1.0,0.01728916376971347
28,0,10,30,1,vy,near_linear,M3,0.012421362409724163,0.37847749478058745,1.0608546380047927,1.0,0.012659152306966383
28,0,10,30,1,vy,near_linear,M4,0.012415971793572329,0.3784775523129659,1.0608438589897615,1.0,0.01265196804994634
28,0,10,30,1,vy,strong,M1,0.055891287600014494,1.1524359059299008,3.1685188984218264,1.0,0.057304018142962085
28,0,10,30,1,vy,strong,M2,0.055883992289596354,1.1524360771897288,3.168541293729569,1.0,0.05722895181497425
28,0,10,30,1,vy,strong,M3,0.04305058539723748,1.151956227027829,3.1828528360786854,1.0,0.04376415448586159
28,0,10,30,1,vy,strong,M4,0.043035443871671686,1.1519564343973308,3.1828225805400496,1.0,0.0437358399098755
28,0,10,30,2,beta_noacc,moderate,M1,0.013176644253707213,0.7635122678377398,1.0488381943106957,1.0,0.013651107110268417
28,0,10,30,2,beta_noacc,moderate,M2,0.013175086044461283,0.7635122949419199,1.048840405712358,1.0,0.013632994815390079
28,0,10,30,2,beta_noacc,moderate,M3,0.007245453058049484,0.7634062617043395,1.0495349517945791,1.0,0.00770085801962604
28,0,10,30,2,beta_noacc,moderate,M4,0.007231612387962811,0.763406293673576,1.0495327023468035,1.0,0.00771323435873994
28,0,10,30,2,beta_noacc,near_linear,M1,0.0065301950879732215,0.37907237658710297,0.5231963831957296,1.0,0.006761917884901473
28,0,10,30,2,beta_noacc,near_linear,M2,0.0065294087506379,0.3790723894365041,0.5231962266522076,1.0,0.006752095876151043
28,0,10,30,2,beta_noacc,near_linear,M3,0.003470416585881279,0.37902660381486386,0.5235849236832445,1.0,0.00369088691540047
28,0,10,30,2,beta_noacc,near_linear,M4,0.003463690276043669,0.37902661846012264,0.5235820698651961,1.0,0.003693652239769393
28,0,10,30,2,beta_noacc,strong,M1,0.02034400057850426,1.1605876092209817,1.5798352659837926,1.0,0.02109098301556771
28,0,10,30,2,beta_noacc,strong,M2,0.02034174322440211,1.160587655022907,1.579845795395492,1.0,0.021068335906229353
28,0,10,30,2,beta_noacc,strong,M3,0.012012992567817363,1.1603746470274026,1.580695262975669,1.0,0.012731022545205747
28,0,10,30,2,beta_noacc,strong,M4,0.011991895014345317,1.1603747057456464,1.580699148253246,1.0,0.012766319721558683
28,0,10,30,2,legacy,moderate,M1,0.013177102478857974,0.763511216555889,1.0488509816514375,1.0,0.013651686632138843
28,0,10,30,2,legacy,moderate,M2,0.013175542087348367,0.7635112436599942,1.0488532036370315,1.0,0.013633570723779773
28,0,10,30,2,legacy,moderate,M3,0.007244388882765789,0.7634049720222017,1.0495455904091924,1.0,0.00769981635737729
28,0,10,30,2,legacy,moderate,M4,0.007230550432409525,0.7634050039794434,1.0495433554333382,1.0,0.007712114364301029
28,0,10,30,2,legacy,near_linear,M1,0.006530417240596141,0.37907192864508044,0.5232037467143492,1.0,0.006762199060929893
28,0,10,30,2,legacy,near_linear,M2,0.006529629945726624,0.37907194149388274,0.5232035948976482,1.0,0.006752374936759174
28,0,10,30,2,legacy,near_linear,M3,0.003469873647537296,0.37902603064206764,0.5235906870390015,1.0,0.0036903524412071134
28,0,10,30,2,legacy,near_linear,M4,0.0034631484372193086,0.3790260452807058,0.5235878400701186,1.0,0.0036930802375987433
28,0,10,30,2,legacy,strong,M1,0.020344894608493144,1.1605854426216822,1.5798489259690287,1.0,0.021092092079525716
28,0,10,30,2,legacy,strong,M2,0.020342633086474275,1.1605854884281026,1.5798594748458024,1.0,0.02106944101156011
28,0,10,30,2,legacy,strong,M3,0.012011733248978675,1.1603721657398838,1.5807055910634251,1.0,0.012729806038413127
28,0,10,30,2,legacy,strong,M4,0.011990638894326852,1.1603722244449757,1.580709501864079,1.0,0.012764974833135018
28,0,10,30,2,vy,moderate,M1,0.013176916509931748,0.7634922907327834,1.048947366043389,1.0,0.013651047582062804
28,0,10,30,2,vy,moderate,M2,0.013175338190388932,0.7634923180757146,1.0489496414860766,1.0,0.013632969462164331
28,0,10,30,2,vy,moderate,M3,0.007252802369296403,0.7633886027753012,1.0496423803752992,1.0,0.007709310026108177
28,0,10,30,2,vy,moderate,M4,0.0072389312436934175,0.7633886349928288,1.0496401936013873,1.0,0.00772194423204523
28,0,10,30,2,vy,near_linear,M1,0.0065302048351764475,0.37905887675642225,0.5232562452280609,1.0,0.006761738582378273
28,0,10,30,2,vy,near_linear,M2,0.006529409850218919,0.37905888970078505,0.5232556713297681,1.0,0.006751929264054133
28,0,10,30,2,vy,near_linear,M3,0.00347262922337163,0.37901404446683157,0.5236502561190286,1.0,0.00369357112429227
28,0,10,30,2,vy,near_linear,M4,0.003465889189685314,0.3790140592097139,0.5236474396231992,1.0,0.003696446786368063
28,0,10,30,2,vy,strong,M1,0.020351379592815157,1.1605829671941226,1.5799724053479995,1.0,0.021098636488771843
28,0,10,30,2,vy,strong,M2,0.020349082576554343,1.1605830135870794,1.579983072440186,1.0,0.021076078627363944
28,0,10,30,2,vy,strong,M3,0.012040350616614104,1.1603749826342493,1.580829076057904,1.0,0.012760468495627003
28,0,10,30,2,vy,strong,M4,0.01201921237291232,1.1603750419932053,1.5808330987895127,1.0,0.01279610972917408
28,0,18,22,1,beta_noacc,moderate,M1,0.028062786913111593,0.7657393094285447,1.940383994435096,1.0,0.028435726150384474
28,0,18,22,1,beta_noacc,moderate,M2,0.028052708560040655,0.7657393966316601,1.9402413804873924,1.0,0.028434335695139135
28,0,18,22,1,beta_noacc,moderate,M3,0.02779413609568614,0.7656413854874106,1.942888506373412,1.0,0.028199813569187094
28,0,18,22,1,beta_noacc,moderate,M4,0.027783304860976053,0.7656414739790063,1.942755409553204,1.0,0.028224177841307173
28,0,18,22,1,beta_noacc,near_linear,M1,0.013501401714850791,0.3811465501638678,0.970313393792594,1.0,0.01368742151032661
28,0,18,22,1,beta_noacc,near_linear,M2,0.013496311110324549,0.3811465913247528,0.97024544807954,1.0,0.013687405944142358
28,0,18,22,1,beta_noacc,near_linear,M3,0.01336497055923497,0.38109931362137994,0.9715382289955258,1.0,0.013567380698576076
28,0,18,22,1,beta_noacc,near_linear,M4,0.013359491515241207,0.3810993553286411,0.9714750429693532,1.0,0.013580197211853823
28,0,18,22,1,beta_noacc,strong,M1,0.045479970668714474,1.1576544769976447,2.896166013783312,1.0,0.04603484693843022
28,0,18,22,1,beta_noacc,strong,M2,0.04546526941240478,1.157654623867718,2.895911094613445,1.0,0.04602725863032918
28,0,18,22,1,beta_noacc,strong,M3,0.045074622186480354,1.157498057780922,2.8999478737627338,1.0,0.045678464954865154
28,0,18,22,1,beta_noacc,strong,M4,0.04505886314719731,1.1574982071861866,2.899707101132123,1.0,0.04570944600645026
28,0,18,22,1,legacy,moderate,M1,0.02806261406275604,0.7657394406360558,1.9402116020628104,1.0,0.028435556690804473
28,0,18,22,1,legacy,moderate,M2,0.028052535036282203,0.7657395278388816,1.9400688828742096,1.0,0.028434140698533745
28,0,18,22,1,legacy,moderate,M3,0.027793717245340948,0.7656414917656622,1.942716083162706,1.0,0.028199387836420137
28,0,18,22,1,legacy,moderate,M4,0.02778288585304874,0.7656415802554353,1.9425828796640705,1.0,0.028223721568350516
28,0,18,22,1,legacy,near_linear,M1,0.013501258977140903,0.3811466350037071,0.9702273276792104,1.0,0.013687281702753344
28,0,18,22,1,legacy,near_linear,M2,0.013496167990330678,0.3811466761642034,0.9701593342029318,1.0,0.013687253500841469
28,0,18,22,1,legacy,near_linear,M3,0.013364698581769616,0.38109938520962555,0.971452144029444,1.0,0.013567106341515943
28,0,18,22,1,legacy,near_linear,M4,0.01335921943402632,0.38109942691572707,0.9713889095557904,1.0,0.013579907659954727
28,0,18,22,1,legacy,strong,M1,0.045480182541741354,1.1576545340556923,2.8958884367578315,1.0,0.046035055076362824
28,0,18,22,1,legacy,strong,M2,0.04546548057220769,1.1576546809267187,2.895633322794416,1.0,0.04602742786182798
28,0,18,22,1,legacy,strong,M3,0.04507450340882839,1.1574980821678598,2.899670236539213,1.0,0.045678327932003
28,0,18,22,1,legacy,strong,M4,0.04505874430813837,1.1574982315717366,2.899429266687177,1.0,0.04570926301464726
28,0,18,22,1,vy,moderate,M1,0.02806407930660364,0.7657223012147291,1.9414726858296183,1.0,0.028437158055290637
28,0,18,22,1,vy,moderate,M2,0.02805399588287862,0.7657223883156443,1.9413277356844303,1.0,0.028435678922687904
28,0,18,22,1,vy,moderate,M3,0.02779486471549512,0.7656246298423535,1.9439753675885096,1.0,0.028200709792248556
28,0,18,22,1,vy,moderate,M4,0.027784029100512104,0.7656247182360972,1.9438399299835043,1.0,0.028224955487840344
28,0,18,22,1,vy,near_linear,M1,0.013501082341698976,0.381138646937434,0.9707964450120684,1.0,0.013687187062154839
28,0,18,22,1,vy,near_linear,M2,0.013495989030946492,0.3811386880476767,0.9707275074392996,1.0,0.01368713742743729
28,0,18,22,1,vy,near_linear,M3,0.013364320201522069,0.38109151535493097,0.972020274200704,1.0,0.013566832262740908
28,0,18,22,1,vy,near_linear,M4,0.013358838712889183,0.3810915570133795,0.9719560943123,1.0,0.013579600504568247
28,0,18,22,1,vy,strong,M1,0.04549065871675349,1.157623977742611,2.89773777870234,1.0,0.04604558658834826
28,0,18,22,1,vy,strong,M2,0.04547595172168884,1.1576241244620276,2.897478057456669,1.0,0.04603779742879831
28,0,18,22,1,vy,strong,M3,0.04508477401791686,1.1574680711976546,2.901516409901443,1.0,0.045688688412198156
28,0,18,22,1,vy,strong,M4,0.04506901073335123,1.157468220459992,2.901270824290098,1.0,0.04571941905527754
28,0,18,22,2,beta_noacc,moderate,M1,0.007864833281612225,0.7652766551133136,0.9836986222703554,1.0,0.008220193752629017
28,0,18,22,2,beta_noacc,moderate,M2,0.007854308395357295,0.7652766777901854,0.9836818160281082,1.0,0.008221563666076969
28,0,18,22,2,beta_noacc,moderate,M3,0.007705505385048254,0.7652490351828599,0.9845657885082378,1.0,0.00808765530835505
28,0,18,22,2,beta_noacc,moderate,M4,0.007693329041494509,0.7652490582743443,0.9845509294705052,1.0,0.008111520121329546
28,0,18,22,2,beta_noacc,near_linear,M1,0.0037930412409177476,0.380586802913904,0.4880809248892205,1.0,0.003966974118672237
28,0,18,22,2,beta_noacc,near_linear,M2,0.0037878119893583386,0.38058681346829454,0.4880715333641743,1.0,0.003967199803276647
28,0,18,22,2,beta_noacc,near_linear,M3,0.0037028760472179933,0.3805735988873401,0.4885015652027816,1.0,0.0038907875480980766
28,0,18,22,2,beta_noacc,near_linear,M4,0.003696785744860563,0.3805736096131792,0.4884931380068071,1.0,0.0039020659038667134
28,0,18,22,2,beta_noacc,strong,M1,0.012704271199128595,1.1593125533517628,1.49737881029992,1.0,0.013255478982798044
28,0,18,22,2,beta_noacc,strong,M2,0.01268844405866344,1.159312592925554,1.4973611487628655,1.0,0.013259087712244816
28,0,18,22,2,beta_noacc,strong,M3,0.012515861202380268,1.1592673227167702,1.4987661281850162,1.0,0.013104573945138207
28,0,18,22,2,beta_noacc,strong,M4,0.012497746762535185,1.15926736315975,1.4987514186192,1.0,0.01314275946368589
28,0,18,22,2,legacy,moderate,M1,0.007864826898573598,0.7652769064096301,0.9836689409579674,1.0,0.008220195561842034
28,0,18,22,2,legacy,moderate,M2,0.007854301346666587,0.7652769290869474,0.9836521280049088,1.0,0.00822155525536844
28,0,18,22,2,legacy,moderate,M3,0.00770537517318683,0.7652492796061725,0.9845361417468514,1.0,0.00808752996116045
28,0,18,22,2,legacy,moderate,M4,0.007693198787059008,0.7652493026976851,0.9845212758263984,1.0,0.008111382656374946
28,0,18,22,2,legacy,near_linear,M1,0.0037930351193007756,0.380586923098953,0.4880645460024018,1.0,0.003966972244759933
28,0,18,22,2,legacy,near_linear,M2,0.0037878055061802856,0.3805869336534737,0.4880551509905135,1.0,0.003967192827796247
28,0,18,22,2,legacy,near_linear,M3,0.0037028054542794396,0.3805737153513664,0.4884851985398682,1.0,0.0038907193990500135
28,0,18,22,2,legacy,near_linear,M4,0.003696715122782789,0.3805737260771248,0.4884767677691888,1.0,0.003901991692155317
28,0,18,22,2,legacy,strong,M1,0.012704306191288232,1.1593129631525831,1.497344038447982,1.0,0.013255524644092567
28,0,18,22,2,legacy,strong,M2,0.012688478250080425,1.1593130027277345,1.4973263669131722,1.0,0.01325911781728597
28,0,18,22,2,legacy,strong,M3,0.01251572503419369,1.1592677241648532,1.498731440229193,1.0,0.013104444071367856
28,0,18,22,2,legacy,strong,M4,0.0124976106123581,1.1592677646085738,1.4987167204087914,1.0,0.0131426113321201
28,0,18,22,2,vy,moderate,M1,0.007865164564871161,0.7652732778366022,0.9842942974526716,1.0,0.00822062039595043
28,0,18,22,2,vy,moderate,M2,0.007854637244343116,0.7652733005149995,0.9842773689142008,1.0,0.008221988767305836
28,0,18,22,2,vy,moderate,M3,0.007705922785836053,0.7652457577233575,0.9851625944269624,1.0,0.008088194943534974
28,0,18,22,2,vy,moderate,M4,0.00769374308589031,0.7652457808171758,0.985147613549336,1.0,0.008112062879138857
28,0,18,22,2,vy,near_linear,M1,0.003793075047719381,0.3805848468453483,0.4883294480892945,1.0,0.003967051536990733
28,0,18,22,2,vy,near_linear,M2,0.003787844602445147,0.3805848573993603,0.4883199909573963,1.0,0.003967277833578687
28,0,18,22,2,vy,near_linear,M3,0.0037029292800100366,0.3805716832112865,0.4887504955330574,1.0,0.0038908980524368733
28,0,18,22,2,vy,near_linear,M4,0.0036968372950474675,0.38057169393707896,0.4887420028612301,1.0,0.0039021789447690066
28,0,18,22,2,vy,strong,M1,0.01270606385736386,1.1593090780883892,1.498611778212938,1.0,0.013257425897963637
28,0,18,22,2,vy,strong,M2,0.012690233453751743,1.1593091176761314,1.4985939560867358,1.0,0.01326101707623278
28,0,18,22,2,vy,strong,M3,0.012517895409921894,1.1592640651937418,1.5000019471824757,1.0,0.01310680283947038
28,0,18,22,2,vy,strong,M4,0.012499776527232394,1.159264105652302,1.4999870782393028,1.0,0.013144979871454073
28,1,10,30,1,beta_noacc,moderate,M1,0.04009411970849791,0.8050867842391067,2.3123406394757597,1.0,0.04759980518804752
28,1,10,30,1,beta_noacc,moderate,M2,0.035471738375006216,0.8050433654782507,2.3205049035074303,1.0,0.03557007694386561
28,1,10,30,1,beta_noacc,moderate,M3,0.032621866407143194,0.8047450074751332,2.3237411053185544,1.0,0.03741222686074427
28,1,10,30,1,beta_noacc,moderate,M4,0.02669843452866896,0.8047403087953231,2.331675954329385,1.0,0.027949979688644325
28,1,10,30,1,beta_noacc,near_linear,M1,0.019449620134922237,0.40002137586176184,1.1528197652004115,1.0,0.023002457542490192
28,1,10,30,1,beta_noacc,near_linear,M2,0.01725395625606078,0.4000008391484831,1.1569018817489312,1.0,0.017307413760481352
28,1,10,30,1,beta_noacc,near_linear,M3,0.015660257781513583,0.3998690016864873,1.1584788090784632,1.0,0.017907761668145207
28,1,10,30,1,beta_noacc,near_linear,M4,0.01278068299064477,0.3998659059539582,1.16248574015924,1.0,0.01341128988829312
28,1,10,30,1,beta_noacc,strong,M1,0.06437920999911986,1.2208098325322911,3.4861914510964054,1.0,0.07694726196945709
28,1,10,30,1,beta_noacc,strong,M2,0.05691618493403087,1.2207493081460905,3.498439719166873,1.0,0.05713273758588042
28,1,10,30,1,beta_noacc,strong,M3,0.05333064887604963,1.2201940998848033,3.5034690192096027,1.0,0.061633454182053765
28,1,10,30,1,beta_noacc,strong,M4,0.04415766807455572,1.220202405810779,3.5153072523467506,1.0,0.04599682314880014
28,1,10,30,1,legacy,moderate,M1,0.04009649585041739,0.805081840471404,2.3124178011599232,1.0,0.04760478761676448
28,1,10,30,1,legacy,moderate,M2,0.03547195375051574,0.8050383942393796,2.320566385462456,1.0,0.03557078751013832
28,1,10,30,1,legacy,moderate,M3,0.03261963359880882,0.8047392482222834,2.32380108288688,1.0,0.03741538716917872
28,1,10,30,1,legacy,moderate,M4,0.02669388651949506,0.8047345460457545,2.331713219116303,1.0,0.02794472567140014
28,1,10,30,1,legacy,near_linear,M1,0.019450564126783493,0.40001923315616084,1.1528617829212175,1.0,0.023004516043027088
28,1,10,30,1,legacy,near_linear,M2,0.017253853233369594,0.39999867900081676,1.1569313590825674,1.0,0.01730724289670837
28,1,10,30,1,legacy,near_linear,M3,0.01565876267820036,0.39986642902995395,1.1585073795801808,1.0,0.01790877118103346
28,1,10,30,1,legacy,near_linear,M4,0.012778062946188386,0.399863327236563,1.1625082321765183,1.0,0.013408330031809327
28,1,10,30,1,legacy,strong,M1,0.06438523368211231,1.2208001437634368,3.4863048056223604,1.0,0.07695854494761449
28,1,10,30,1,legacy,strong,M2,0.056918941390851165,1.2207396014942642,3.4985276795178404,1.0,0.05713639030907989
28,1,10,30,1,legacy,strong,M3,0.05333069236842646,1.2201833266576239,3.5035557155273547,1.0,0.061642877545094545
28,1,10,30,1,legacy,strong,M4,0.04415433202298688,1.2201916531411727,3.515358737310876,1.0,0.04599220541892424
28,1,10,30,1,vy,moderate,M1,0.04012626345317906,0.8050143710563601,2.313098548369004,1.0,0.04765496535711165
28,1,10,30,1,vy,moderate,M2,0.03548377002485978,0.8049700286725006,2.321269770128901,1.0,0.03558210319310733
28,1,10,30,1,vy,moderate,M3,0.032672147062344,0.8046787149934096,2.3244966009398538,1.0,0.03749245067089554
28,1,10,30,1,vy,moderate,M4,0.026706545990839128,0.8046730238877507,2.332431997721078,1.0,0.02795592027550341
28,1,10,30,1,vy,near_linear,M1,0.019457780488091818,0.39998618875574415,1.1532048251332687,1.0,0.02301595703368183
28,1,10,30,1,vy,near_linear,M2,0.017255258818182902,0.3999651948348759,1.1572883704558103,1.0,0.01730748719352502
28,1,10,30,1,vy,near_linear,M3,0.015674592226799854,0.39983638895785845,1.1588594482311865,1.0,0.017930101243195405
28,1,10,30,1,vy,near_linear,M4,0.012777575002419808,0.39983278320936283,1.1628707062355583,1.0,0.013406326495454637
28,1,10,30,1,vy,strong,M1,0.06451941817945653,1.220673801194037,3.487321124312429,1.0,0.07717870537112076
28,1,10,30,1,vy,strong,M2,0.057007979488265616,1.2206123267669033,3.500204571963802,1.0,0.05723965700019322
28,1,10,30,1,vy,strong,M3,0.05351486426451389,1.2200705710783666,3.504589764273564,1.0,0.06192759113439446
28,1,10,30,1,vy,strong,M4,0.04426211669962456,1.220077940474899,3.5226035941264286,1.0,0.04610688917507035
28,1,10,30,2,beta_noacc,moderate,M1,0.016569412014259353,0.8079619072953079,1.153472748168645,1.0,0.01954292142024854
28,1,10,30,2,beta_noacc,moderate,M2,0.013365087881870179,0.8079312657090193,1.1545343251664155,1.0,0.013741892080418833
28,1,10,30,2,beta_noacc,moderate,M3,0.01186805520192234,0.807833872446088,1.1550333003927202,1.0,0.01375419944202045
28,1,10,30,2,beta_noacc,moderate,M4,0.007447238814444572,0.8078169104255157,1.1566002157871575,1.0,0.008065461391350016
28,1,10,30,2,beta_noacc,near_linear,M1,0.0081169141348158,0.40075934412204,0.5743423017228181,1.0,0.009551250411318383
28,1,10,30,2,beta_noacc,near_linear,M2,0.006628342804051445,0.40074585633340587,0.57490564958737,1.0,0.00684432165126188
28,1,10,30,2,beta_noacc,near_linear,M3,0.005713453464852101,0.40070436379194685,0.5748270972076194,1.0,0.006574958749777063
28,1,10,30,2,beta_noacc,near_linear,M4,0.0035675937127324455,0.40069668233595457,0.5753108987087315,1.0,0.00387559278553104
28,1,10,30,2,beta_noacc,strong,M1,0.02610622635731843,1.230454998184659,1.7847748879453926,1.0,0.03095148697288879
28,1,10,30,2,beta_noacc,strong,M2,0.020608967850847145,1.2304011355335505,1.7859131124171923,1.0,0.021068335906229353
28,1,10,30,2,beta_noacc,strong,M3,0.019335608812622678,1.230194579443533,1.791583474261627,1.0,0.022486728413259525
28,1,10,30,2,beta_noacc,strong,M4,0.012348375194071323,1.2301690485398953,1.7939323953102833,1.0,0.013280861334085141
28,1,10,30,2,legacy,moderate,M1,0.016570758225183113,0.8079605621164894,1.153490070605217,1.0,0.01954520386064952
28,1,10,30,2,legacy,moderate,M2,0.013365518441365425,0.8079299150336758,1.1545497456288227,1.0,0.013742243794917576
28,1,10,30,2,legacy,moderate,M3,0.011868082348159024,0.8078323034495322,1.1550407428331069,1.0,0.013751520075770386
28,1,10,30,2,legacy,moderate,M4,0.007446111258880868,0.8078153483597715,1.1566098690935216,1.0,0.008064117645902353
28,1,10,30,2,legacy,near_linear,M1,0.008117558378764218,0.4007587238538453,0.5743525850548029,1.0,0.009552314489056362
28,1,10,30,2,legacy,near_linear,M2,0.0066285538521573826,0.4007452327094615,0.5749144410227327,1.0,0.00684449994429134
28,1,10,30,2,legacy,near_linear,M3,0.005713408097568463,0.40070362398000114,0.5748357479025628,1.0,0.006573604074208863
28,1,10,30,2,legacy,near_linear,M4,0.0035670227805474335,0.40069594506745787,0.5753188215925764,1.0,0.003874913304272237
28,1,10,30,2,legacy,strong,M1,0.026108601077585166,1.2304525772937038,1.7849118546335487,1.0,0.030955672556959704
28,1,10,30,2,legacy,strong,M2,0.020609805454621776,1.2303987153468139,1.7860546895898657,1.0,0.02106944101156011
28,1,10,30,2,legacy,strong,M3,0.01933627602057597,1.230191876892015,1.7917236486594044,1.0,0.02248293073141321
28,1,10,30,2,legacy,strong,M4,0.012347000122443911,1.2301663679426673,1.794077600992366,1.0,0.013279145308980334
28,1,10,30,2,vy,moderate,M1,0.016578441741595343,0.8079468090959868,1.1564973205692624,1.0,0.019559087715204315
28,1,10,30,2,vy,moderate,M2,0.013365374101245836,0.8079162550177017,1.157308083682775,1.0,0.013741023678194613
28,1,10,30,2,vy,moderate,M3,0.011884690260150434,0.8078214109023207,1.1605532553571072,1.0,0.013777223510547
28,1,10,30,2,vy,moderate,M4,0.0074545956561295635,0.8078044435329992,1.1621473192819296,1.0,0.008075731332638666
28,1,10,30,2,vy,near_linear,M1,0.00811999576042874,0.40074707038763846,0.5744079138480332,1.0,0.0095568168695062
28,1,10,30,2,vy,near_linear,M2,0.006628352752327974,0.40073363770700626,0.5749712887663037,1.0,0.0068439800777927405
28,1,10,30,2,vy,near_linear,M3,0.005719230346906386,0.4006931545303653,0.5748921703750817,1.0,0.006583971612003521
28,1,10,30,2,vy,near_linear,M4,0.003569791134649557,0.4006854813468617,0.575376042887683,1.0,0.0038789153350607068
28,1,10,30,2,vy,strong,M1,0.026138201767964026,1.2304680073791519,1.797301148242319,1.0,0.031007143004113773
28,1,10,30,2,vy,strong,M2,0.02061648698473288,1.2304143345504461,1.7985198284146406,1.0,0.021076078627363944
28,1,10,30,2,vy,strong,M3,0.019386975331789465,1.2302132778828718,1.8042076934179443,1.0,0.02253966260262852
28,1,10,30,2,vy,strong,M4,0.012375880940170234,1.2301878540965652,1.806644007094521,1.0,0.013315201155902796
28,1,18,22,1,beta_noacc,moderate,M1,0.033396783849327434,0.8063872102553865,2.239845470128431,1.0,0.03786530399411482
28,1,18,22,1,beta_noacc,moderate,M2,0.02881943910934819,0.8064663198724807,2.2573832012417747,1.0,0.030585849590654378
28,1,18,22,1,beta_noacc,moderate,M3,0.0331699743843041,0.8062748135311016,2.242521792182361,1.0,0.03685977906093151
28,1,18,22,1,beta_noacc,moderate,M4,0.02855853689815546,0.8063619876820428,2.260860654592907,1.0,0.030298573076024057
28,1,18,22,1,beta_noacc,near_linear,M1,0.01611690459628742,0.4011154534330824,1.113636686420839,1.0,0.01821246693264616
28,1,18,22,1,beta_noacc,near_linear,M2,0.013869090256390153,0.4011536179339948,1.121998057787997,1.0,0.014730728178045447
28,1,18,22,1,beta_noacc,near_linear,M3,0.016003125586893947,0.40106132643063497,1.1149448857359263,1.0,0.01771196973828111
28,1,18,22,1,beta_noacc,near_linear,M4,0.013735251113686021,0.40110336622129084,1.1237014329680584,1.0,0.014588857560143026
28,1,18,22,1,beta_noacc,strong,M1,0.053722305232681476,1.2205873727799275,3.383900568519532,1.0,0.06134263583593043
28,1,18,22,1,beta_noacc,strong,M2,0.046683568027754654,1.2207186804205783,3.411557826762146,1.0,0.04945284739273452
28,1,18,22,1,beta_noacc,strong,M3,0.05337468123247745,1.2204072403786381,3.3879976981923283,1.0,0.0598171522964565
28,1,18,22,1,beta_noacc,strong,M4,0.04629660140356779,1.220551506924562,3.416878445543683,1.0,0.049000042456615274
28,1,18,22,1,legacy,moderate,M1,0.03339685670683494,0.8063872239820209,2.2397361421050297,1.0,0.03786612469127486
28,1,18,22,1,legacy,moderate,M2,0.028819246032772992,0.8064663263577246,2.2572759335539456,1.0,0.030585647283726633
28,1,18,22,1,legacy,moderate,M3,0.033169790115142116,0.8062748055110439,2.2424124520583013,1.0,0.03686045270854305
28,1,18,22,1,legacy,moderate,M4,0.028558091848487663,0.8063619728915348,2.2607533004890894,1.0,0.030298128238908695
28,1,18,22,1,legacy,near_linear,M1,0.01611688786855417,0.40111547762698974,1.1135782249037782,1.0,0.018212804855910543
28,1,18,22,1,legacy,near_linear,M2,0.013868937280813516,0.4011536381403037,1.121940432225387,1.0,0.01473056803562728
28,1,18,22,1,legacy,near_linear,M3,0.01600297355500024,0.4010613387548926,1.1148864175591815,1.0,0.0177122276599515
28,1,18,22,1,legacy,near_linear,M4,0.013734966056429012,0.4011033747486063,1.1236437628032971,1.0,0.014588571606768273
28,1,18,22,1,legacy,strong,M1,0.05372283961919994,1.2205872634070962,3.3837395842418023,1.0,0.061344423108546445
28,1,18,22,1,legacy,strong,M2,0.046683754637199246,1.2207185627489145,3.411404130827167,1.0,0.049453026977017776
28,1,18,22,1,legacy,strong,M3,0.05337486873634837,1.2204071045207632,3.387840783870049,1.0,0.059818756405483085
28,1,18,22,1,legacy,strong,M4,0.04629644778832121,1.2205513637146692,3.416724511650337,1.0,0.048999888035345135
28,1,18,22,1,vy,moderate,M1,0.03340181574243452,0.8063686664369801,2.2415712011506,1.0,0.037874598823293436
28,1,18,22,1,vy,moderate,M2,0.028820396519840877,0.8064475412409294,2.259150194190376,1.0,0.030586637958293757
28,1,18,22,1,vy,moderate,M3,0.03317528104508942,0.8062565552441073,2.244245506439059,1.0,0.03686982004394686
28,1,18,22,1,vy,moderate,M4,0.028558803183137863,0.8063434979538261,2.262625471650739,1.0,0.03029824564063124
28,1,18,22,1,vy,near_linear,M1,0.01611822932305676,0.4011067919207801,1.1143541894326714,1.0,0.018215130090103837
28,1,18,22,1,vy,near_linear,M2,0.01386859270371889,0.4011448436408622,1.1227288880731645,1.0,0.01472989279103631
28,1,18,22,1,vy,near_linear,M3,0.01600452962416273,0.4010527828318452,1.1156613392280863,1.0,0.01771490848082422
28,1,18,22,1,vy,near_linear,M4,0.013734362997053903,0.40109471086357606,1.1244310869106449,1.0,0.014587434481300733
28,1,18,22,1,vy,strong,M1,0.053739603705911757,1.2205544846660954,3.38711698149487,1.0,0.06137234784325769
28,1,18,22,1,vy,strong,M2,0.04669387704572383,1.2206854325964183,3.4148795061809483,1.0,0.04946497755189883
28,1,18,22,1,vy,strong,M3,0.053392734929286687,1.2203749395194443,3.391222525565208,1.0,0.05984860218025108
28,1,18,22,1,vy,strong,M4,0.046306161297765505,1.2205188559326694,3.4201955659301198,1.0,0.049010710365203776
28,1,18,22,2,beta_noacc,moderate,M1,0.011719440566047809,0.8064546522387689,1.143615586006465,1.0,0.013430213705596366
28,1,18,22,2,beta_noacc,moderate,M2,0.008071986384572167,0.8064636280761582,1.145568276917852,1.0,0.00875745947294239
28,1,18,22,2,beta_noacc,moderate,M3,0.011532644146564899,0.806422779890705,1.144593328465699,1.0,0.014258565050090087
28,1,18,22,2,beta_noacc,moderate,M4,0.007918139535752418,0.8064342261584028,1.1467380625078172,1.0,0.008665245285196464
28,1,18,22,2,beta_noacc,near_linear,M1,0.005672926424179808,0.4007820968899039,0.564957824796325,1.0,0.00652332288382132
28,1,18,22,2,beta_noacc,near_linear,M2,0.0038936468585353853,0.400786755714313,0.5659505927355747,1.0,0.004225734438052133
28,1,18,22,2,beta_noacc,near_linear,M3,0.00557511849444442,0.4007668926775297,0.5654278278191617,1.0,0.006929987744093176
28,1,18,22,2,beta_noacc,near_linear,M4,0.0038050269399687335,0.40077271450727986,0.5665156101438872,1.0,0.004171279070693373
28,1,18,22,2,beta_noacc,strong,M1,0.01875406563148285,1.2233043071009482,1.756721316882776,1.0,0.021269263799187435
28,1,18,22,2,beta_noacc,strong,M2,0.013034989148036441,1.2233178512171867,1.7596088411007589,1.0,0.014121691835338053
28,1,18,22,2,beta_noacc,strong,M3,0.018495768352150027,1.223251897044394,1.7583061693926327,1.0,0.022549440053023187
28,1,18,22,2,beta_noacc,strong,M4,0.012861147351065444,1.2232696090373238,1.7614898001924817,1.0,0.014022278382105876
28,1,18,22,2,legacy,moderate,M1,0.01171957816369663,0.8064548650808477,1.1436033445021807,1.0,0.013429927058339822
28,1,18,22,2,legacy,moderate,M2,0.008071973364401824,0.8064638400933916,1.1455562618002018,1.0,0.008757432498355373
28,1,18,22,2,legacy,moderate,M3,0.011532665323016025,0.8064229867116,1.1445811461081228,1.0,0.014258127617984683
28,1,18,22,2,legacy,moderate,M4,0.007918000557319248,0.8064344324559802,1.1467260943462865,1.0,0.00866510903350584
28,1,18,22,2,legacy,near_linear,M1,0.005672989898624618,0.4007821947546163,0.5649491540900868,1.0,0.006523177175076853
28,1,18,22,2,legacy,near_linear,M2,0.003893637852985482,0.4007868531011024,0.5659420074811005,1.0,0.004225717610446683
28,1,18,22,2,legacy,near_linear,M3,0.005575120887864302,0.40076698717639786,0.5654191790173242,1.0,0.006929763146510587
28,1,18,22,2,legacy,near_linear,M4,0.0038049524908446166,0.4007728086623266,0.5665070400531049,1.0,0.0041712059585223464
28,1,18,22,2,legacy,strong,M1,0.018754326786565998,1.2233046800294607,1.7567202244741984,1.0,0.021268859236978136
28,1,18,22,2,legacy,strong,M2,0.013035012380762111,1.2233182235451097,1.7596083097242954,1.0,0.014121698639816414
28,1,18,22,2,legacy,strong,M3,0.018495870456533003,1.2232522633955,1.7583052181734893,1.0,0.022548828562285222
28,1,18,22,2,legacy,strong,M4,0.012860995819841063,1.2232699753520668,1.7614893973635428,1.0,0.014022130618482394
28,1,18,22,2,vy,moderate,M1,0.011720958031307566,0.8064510748753985,1.1443596981890272,1.0,0.01343149131758412
28,1,18,22,2,vy,moderate,M2,0.008072292218678473,0.8064600191639967,1.1463171400744838,1.0,0.008757882976899783
28,1,18,22,2,vy,moderate,M3,0.011534318339612137,0.8064193164907612,1.1453386389219191,1.0,0.01426030126008405
28,1,18,22,2,vy,moderate,M4,0.007918518044923724,0.8064307303578169,1.147488178625201,1.0,0.008665731371474326
28,1,18,22,2,vy,near_linear,M1,0.005673448848594916,0.4007799854135629,0.5652630319440278,1.0,0.006523837517943253
28,1,18,22,2,vy,near_linear,M2,0.0038936665714768147,0.4007846305314623,0.5662576156249315,1.0,0.004225775225212527
28,1,18,22,2,vy,near_linear,M3,0.005575700206333586,0.40076482715174455,0.5657334439679481,1.0,0.00693070131484477
28,1,18,22,2,vy,near_linear,M4,0.0038050598852831987,0.40077063477327396,0.5668230519971766,1.0,0.00417133090558163
28,1,18,22,2,vy,strong,M1,0.018758368768825643,1.22330090728188,1.758319335163722,1.0,0.021272037919157372
28,1,18,22,2,vy,strong,M2,0.01303675658208989,1.2233143949827598,1.761219058987429,1.0,0.014123959665985153
28,1,18,22,2,vy,strong,M3,0.018500405786768735,1.223248747455691,1.759907437728469,1.0,0.022553076851935867
28,1,18,22,2,vy,strong,M4,0.012863132403454141,1.2232664026303854,1.7631035180564631,1.0,0.014024719420710543
29,0,10,30,1,beta_noacc,moderate,M1,0.035345872949543694,0.7696062438785228,2.1218169753469494,1.0,0.036048859326729396
29,0,10,30,1,beta_noacc,moderate,M2,0.0353520457605174,0.7696059071111218,2.121979473601229,1.0,0.03642116761981563
29,0,10,30,1,beta_noacc,moderate,M3,0.02626077711291653,0.7693263825785333,2.131639557956867,1.0,0.027118616915776945
29,0,10,30,1,beta_noacc,moderate,M4,0.02627396624069858,0.7693260659520703,2.1318179878351278,1.0,0.02736422834057478
29,0,10,30,1,beta_noacc,near_linear,M1,0.017187507553144576,0.38266317013273016,1.0604827704713442,1.0,0.017530362290440464
29,0,10,30,1,beta_noacc,near_linear,M2,0.017190626786703432,0.38266301824681354,1.0605632048975338,1.0,0.017710505460130744
29,0,10,30,1,beta_noacc,near_linear,M3,0.012569607901149202,0.38253815290919413,1.065391522674538,1.0,0.012995339690788572
29,0,10,30,1,beta_noacc,near_linear,M4,0.012576247656172589,0.3825380103767283,1.065483267633558,1.0,0.013113642054677181
29,0,10,30,1,beta_noacc,strong,M1,0.05673318581007882,1.1654163602269143,3.183096627458666,1.0,0.057825902086122476
29,0,10,30,1,beta_noacc,strong,M2,0.05674233487139171,1.1654157657752335,3.1833402313053494,1.0,0.05842341160097777
29,0,10,30,1,beta_noacc,strong,M3,0.04345640417305357,1.1649165428064003,3.197680186567849,1.0,0.04474143711623191
29,0,10,30,1,beta_noacc,strong,M4,0.04347548927017216,1.1649159814784875,3.1979457014440227,1.0,0.04514756173717519
29,0,10,30,1,legacy,moderate,M1,0.03534644371013881,0.7696019495230944,2.1218323577207827,1.0,0.03604996453578632
29,0,10,30,1,legacy,moderate,M2,0.03535262198704196,0.7696016126734331,2.121994486306745,1.0,0.036422445312572584
29,0,10,30,1,legacy,moderate,M3,0.026257014959398143,0.7693212201282355,2.1316376326963518,1.0,0.027115387592019598
29,0,10,30,1,legacy,moderate,M4,0.02627019947558846,0.7693209034029415,2.131815744936193,1.0,0.02736133685258909
29,0,10,30,1,legacy,near_linear,M1,0.017187572530787152,0.382661363545175,1.060495221776346,1.0,0.017530689313404367
29,0,10,30,1,legacy,near_linear,M2,0.017190694647614278,0.38266121161864175,1.0605754796301063,1.0,0.017710912169987065
29,0,10,30,1,legacy,near_linear,M3,0.012567364144325377,0.3825358940077746,1.0653893618349088,1.0,0.012993363874399757
29,0,10,30,1,legacy,near_linear,M4,0.012574002059960836,0.38253575142662505,1.0654809561930343,1.0,0.013111827523342784
29,0,10,30,1,legacy,strong,M1,0.056736535473264675,1.1654076170447036,3.183111479532017,1.0,0.05783007028674582
29,0,10,30,1,legacy,strong,M2,0.05674569111777853,1.165407022486306,3.183354480765844,1.0,0.05842789284826458
29,0,10,30,1,legacy,strong,M3,0.04345432399037988,1.164906608728294,3.197668054163588,1.0,0.04474013724801298
29,0,10,30,1,legacy,strong,M4,0.04347339998481918,1.1649060472673398,3.197933046061632,1.0,0.045146821874862346
29,0,10,30,1,vy,moderate,M1,0.03535799828601494,0.7695291795346229,2.122696941475645,1.0,0.03606374296119482
29,0,10,30,1,vy,moderate,M2,0.035364253056239116,0.7695288399372926,2.1228591154477257,1.0,0.03643650850602278
29,0,10,30,1,vy,moderate,M3,0.026272728952901545,0.7692549751726402,2.1325097518934046,1.0,0.02713482925004531
29,0,10,30,1,vy,moderate,M4,0.0262858885303532,0.7692546554550483,2.1326878462066863,1.0,0.027381537521257722
29,0,10,30,1,vy,near_linear,M1,0.017188717389261077,0.3826267388263069,1.0609175849034262,1.0,0.0175325965912685
29,0,10,30,1,vy,near_linear,M2,0.01719187702819363,0.3826265857691075,1.0609979629689543,1.0,0.017712797725005166
29,0,10,30,1,vy,near_linear,M3,0.012568002422415162,0.38250411270826284,1.0658250684980566,1.0,0.012995618881903695
29,0,10,30,1,vy,near_linear,M4,0.012574635881308601,0.3825039688900883,1.0659167616085483,1.0,0.013114246330592957
29,0,10,30,1,vy,strong,M1,0.0568260428877246,1.1652654131491533,3.1844661191826287,1.0,0.05792494618997233
29,0,10,30,1,vy,strong,M2,0.05683530437502254,1.1652648136811021,3.1847085247267115,1.0,0.05852472468227463
29,0,10,30,1,vy,strong,M3,0.04356982833417378,1.1647770451806185,3.199023415370737,1.0,0.044861798001329944
29,0,10,30,1,vy,strong,M4,0.04358880725830475,1.1647764782997743,3.1992877297166484,1.0,0.045271665385855024
29,0,10,30,2,beta_noacc,moderate,M1,0.013501331930097112,0.7719557218743145,1.0537075892103085,1.0,0.013996262716949844
29,0,10,30,2,beta_noacc,moderate,M2,0.01350177691876526,0.7719555998084963,1.0537282128806316,1.0,0.014200370637569883
29,0,10,30,2,beta_noacc,moderate,M3,0.007281204755414628,0.7718484306547256,1.054433036714197,1.0,0.008091796353093143
29,0,10,30,2,beta_noacc,moderate,M4,0.007295267429949801,0.7718483142545745,1.0544537431972587,1.0,0.00817730065197673
29,0,10,30,2,beta_noacc,near_linear,M1,0.006690782931395861,0.38319184596748235,0.5256245000382623,1.0,0.00692734901132946
29,0,10,30,2,beta_noacc,near_linear,M2,0.0066910976175252705,0.3831917934147231,0.5256362482445984,1.0,0.007026977499641493
29,0,10,30,2,beta_noacc,near_linear,M3,0.0034947686839387265,0.38314558549677513,0.5260181062141824,1.0,0.0038956381206508702
29,0,10,30,2,beta_noacc,near_linear,M4,0.0035009975636369735,0.3831455355183406,0.5260297903631532,1.0,0.003940613564487457
29,0,10,30,2,beta_noacc,strong,M1,0.02084227592504503,1.173858606384261,1.587175489408392,1.0,0.02165147598133617
29,0,10,30,2,beta_noacc,strong,M2,0.020842345894989876,1.1738583628341803,1.5871969109968729,1.0,0.021973163508206994
29,0,10,30,2,beta_noacc,strong,M3,0.012040435476011966,1.1736422838468261,1.588061133135867,1.0,0.013266222534143196
29,0,10,30,2,beta_noacc,strong,M4,0.012064716671074614,1.1736420501626428,1.5880844134106855,1.0,0.0133856495447689
29,0,10,30,2,legacy,moderate,M1,0.013501871865966384,0.7719545674222001,1.0537192705269156,1.0,0.01399702549181322
29,0,10,30,2,legacy,moderate,M2,0.013502317926118591,0.7719544453374888,1.0537398457168392,1.0,0.014201190618941477
29,0,10,30,2,legacy,moderate,M3,0.007280345896942565,0.7718470416272895,1.0544425706790728,1.0,0.008091175235361943
29,0,10,30,2,legacy,moderate,M4,0.007294399339052525,0.7718469252108728,1.0544632356146282,1.0,0.008176797391925226
29,0,10,30,2,legacy,near_linear,M1,0.0066910448710366605,0.3831913441308451,0.525631301892553,1.0,0.006927716408494453
29,0,10,30,2,legacy,near_linear,M2,0.006691360019432594,0.3831912915704057,0.5256430268059378,1.0,0.00702737238267487
29,0,10,30,2,legacy,near_linear,M3,0.0034943275536035404,0.3831449600214944,0.5260238523930756,1.0,0.00389531108181746
29,0,10,30,2,legacy,near_linear,M4,0.003500552568518721,0.3831449100366638,0.5260355165878428,1.0,0.003940344098355087
29,0,10,30,2,legacy,strong,M1,0.020843310270499744,1.173856300027491,1.587189647230745,1.0,0.021652876724432484
29,0,10,30,2,legacy,strong,M2,0.020843382366548965,1.1738560564376057,1.5872109905180245,1.0,0.021974662480238202
29,0,10,30,2,legacy,strong,M3,0.012039495337872104,1.1736396707381729,1.5880698678072342,1.0,0.013265675294711763
29,0,10,30,2,legacy,strong,M4,0.012063759610344987,1.1736394370181407,1.5880930806587463,1.0,0.013385291659610154
29,0,10,30,2,vy,moderate,M1,0.013501651005981337,0.7719365180687392,1.0538273936833689,1.0,0.013997776427163154
29,0,10,30,2,vy,moderate,M2,0.01350213567773766,0.7719363954946259,1.0538479300184438,1.0,0.014202019860821737
29,0,10,30,2,vy,moderate,M3,0.007287739602981591,0.771831606239441,1.054550834749524,1.0,0.008099644865986216
29,0,10,30,2,vy,moderate,M4,0.007301858769358733,0.7718314892068765,1.0545714564288202,1.0,0.008184886764308723
29,0,10,30,2,vy,near_linear,M1,0.006690789311295897,0.38317846936374933,0.525689117434346,1.0,0.006927800407532917
29,0,10,30,2,vy,near_linear,M2,0.006691121244944858,0.3831784166706818,0.5257008319807526,1.0,0.007027468643986757
29,0,10,30,2,vy,near_linear,M3,0.003496622004192191,0.38313317210475417,0.5260818533326214,1.0,0.0038980461162782267
29,0,10,30,2,vy,near_linear,M4,0.0035028748263350932,0.38313312193323856,0.5260935041719214,1.0,0.003942900058626297
29,0,10,30,2,vy,strong,M1,0.020850114481941445,1.1738573696229213,1.5873257260998217,1.0,0.021662347003239837
29,0,10,30,2,vy,strong,M2,0.0208502569769242,1.173857124260371,1.5873469568217844,1.0,0.021984578424576986
29,0,10,30,2,vy,strong,M3,0.012066675077664164,1.1736461726268614,1.5882102342661455,1.0,0.013295175780384229
29,0,10,30,2,vy,strong,M4,0.012091023054467399,1.1736459368743946,1.588233332791586,1.0,0.013414377037924754
29,0,18,22,1,beta_noacc,moderate,M1,0.028316234309589412,0.7734397863472467,1.9536309212608616,1.0,0.02895446349361124
29,0,18,22,1,beta_noacc,moderate,M2,0.02832938120763657,0.773439567301929,1.9540796182699356,1.0,0.029161896225225758
29,0,18,22,1,beta_noacc,moderate,M3,0.027973846915285896,0.7733408389950593,1.956145575099807,1.0,0.02857543053309862
29,0,18,22,1,beta_noacc,moderate,M4,0.027988732264375087,0.7733406257875199,1.9566082274246013,1.0,0.028743221200178207
29,0,18,22,1,beta_noacc,near_linear,M1,0.013622489692714972,0.38492917135403276,0.9772826056639216,1.0,0.01393939053343403
29,0,18,22,1,beta_noacc,near_linear,M2,0.013629158802349356,0.38492907227499773,0.9774937803761296,1.0,0.014039109403709399
29,0,18,22,1,beta_noacc,near_linear,M3,0.01344878245202746,0.38488145580571914,0.9785417261227888,1.0,0.01374739814523181
29,0,18,22,1,beta_noacc,near_linear,M4,0.013456335338226473,0.384881359567018,0.9787598733379332,1.0,0.01382720093812137
29,0,18,22,1,beta_noacc,strong,M1,0.04590186081309999,1.169576413476643,2.91353425916666,1.0,0.046867043385246006
29,0,18,22,1,beta_noacc,strong,M2,0.04592088971685943,1.169576024984423,2.914259565219673,1.0,0.047206027731137426
29,0,18,22,1,beta_noacc,strong,M3,0.04538882232073172,1.1694182593980318,2.9173496280969218,1.0,0.04629971858362237
29,0,18,22,1,beta_noacc,strong,M4,0.045410347834292986,1.169417880064889,2.9180957831052283,1.0,0.04658018072271096
29,0,18,22,1,legacy,moderate,M1,0.028316139362933094,0.7734398883086954,1.953457163884993,1.0,0.02895447265604462
29,0,18,22,1,legacy,moderate,M2,0.028329286069718337,0.7734396692416572,1.953905983450301,1.0,0.029161953124944018
29,0,18,22,1,legacy,moderate,M3,0.027973518014463183,0.7733409164493924,1.955971781501317,1.0,0.028575198929002746
29,0,18,22,1,legacy,moderate,M4,0.027988402326516053,0.7733407032191588,1.9564345553032625,1.0,0.028743042992611885
29,0,18,22,1,legacy,near_linear,M1,0.01362238533887547,0.3849292417126116,0.9771965791092831,1.0,0.013939340211533717
29,0,18,22,1,legacy,near_linear,M2,0.01362905439607385,0.38492914262321964,0.9774078093031268,1.0,0.014039082579643387
29,0,18,22,1,legacy,near_linear,M3,0.013448555019331714,0.3848815130858175,0.9784556789016216,1.0,0.01374722103091075
29,0,18,22,1,legacy,near_linear,M4,0.013456107394641308,0.3848814168362743,0.9786738810325016,1.0,0.01382705016742419
29,0,18,22,1,legacy,strong,M1,0.045902194882971994,1.1695764245462923,2.9132526979310973,1.0,0.04686751954454207
29,0,18,22,1,legacy,strong,M2,0.045921223236092955,1.1695760360195924,2.913978201694864,1.0,0.04720657850022801
29,0,18,22,1,legacy,strong,M3,0.0453888427609887,1.169418238669139,2.9170680235937296,1.0,0.04629987222198829
29,0,18,22,1,legacy,strong,M4,0.045410366679173426,1.1694178593000315,2.9178143744221083,1.0,0.04658041719371276
29,0,18,22,1,vy,moderate,M1,0.028317715291874115,0.7734224575062254,1.954693393030961,1.0,0.02895646449842851
29,0,18,22,1,vy,moderate,M2,0.02833086441455283,0.7734222380355422,1.9551456569723948,1.0,0.029164053725138916
29,0,18,22,1,vy,moderate,M3,0.02797481879258479,0.7733237712095601,1.957205722769344,1.0,0.02857702631697132
29,0,18,22,1,vy,moderate,M4,0.027989701545581693,0.773323557569896,1.9576719440095744,1.0,0.028745011510239293
29,0,18,22,1,vy,near_linear,M1,0.013622234887382076,0.384921105682916,0.9777805042794636,1.0,0.013939379980318753
29,0,18,22,1,vy,near_linear,M2,0.013628905971623625,0.38492100641606847,0.9779931455053203,1.0,0.01403915579767395
29,0,18,22,1,vy,near_linear,M3,0.0134482213185871,0.3848734984650438,0.9790385170985538,1.0,0.01374713537457758
29,0,18,22,1,vy,near_linear,M4,0.013455773835618924,0.38487340203571185,0.9792581307976488,1.0,0.013827012535354533
29,0,18,22,1,vy,strong,M1,0.04591306212797401,1.169545411682155,2.9150126527157214,1.0,0.046879062890111275
29,0,18,22,1,vy,strong,M2,0.04593208835450959,1.169545022430848,2.9157450574964363,1.0,0.04721844108272711
29,0,18,22,1,vy,strong,M3,0.04539958681833225,1.1693877889532234,2.91882434248624,1.0,0.04631144001297881
29,0,18,22,1,vy,strong,M4,0.04542110227455081,1.1693874088469876,2.9195775996359377,1.0,0.04659236335951935
29,0,18,22,2,beta_noacc,moderate,M1,0.007929978840961324,0.7731252826845335,0.9906799032771184,1.0,0.008554081660856253
29,0,18,22,2,beta_noacc,moderate,M2,0.007940804084821094,0.7731252036239431,0.9907277803225062,1.0,0.008640711392370857
29,0,18,22,2,beta_noacc,moderate,M3,0.007705744032910431,0.7730973901604502,0.9915652433924216,1.0,0.008308743623766353
29,0,18,22,2,beta_noacc,moderate,M4,0.007720849541975118,0.7730973126817908,0.9916165281196376,1.0,0.008361545761879356
29,0,18,22,2,beta_noacc,near_linear,M1,0.003826451424474052,0.3844355708091136,0.4915321967422727,1.0,0.00413442815848227
29,0,18,22,2,beta_noacc,near_linear,M2,0.003831813414705872,0.38443553578187745,0.4915578991153541,1.0,0.004177577257474143
29,0,18,22,2,beta_noacc,near_linear,M3,0.003703759661695863,0.38442223956065763,0.4919599988700365,1.0,0.004002896744828874
29,0,18,22,2,beta_noacc,near_linear,M4,0.003711247375471382,0.3844222053027454,0.4919874038784031,1.0,0.00402929951407815
29,0,18,22,2,beta_noacc,strong,M1,0.012801369831959524,1.1715129996175349,1.507936608072084,1.0,0.013757998918939128
29,0,18,22,2,beta_noacc,strong,M2,0.01281766033385599,1.171512851425316,1.5080039011377029,1.0,0.013890922393525663
29,0,18,22,2,beta_noacc,strong,M3,0.012516337687548514,1.171467296859786,1.5093494951456872,1.0,0.013433246753225802
29,0,18,22,2,beta_noacc,strong,M4,0.012539014759930548,1.1714671511564037,1.5094183454868932,1.0,0.013514755256965806
29,0,18,22,2,legacy,moderate,M1,0.00793000138846969,0.7731255243735532,0.990650808234228,1.0,0.008554164999553646
29,0,18,22,2,legacy,moderate,M2,0.007940826379634346,0.7731254453092157,0.9906986940066602,1.0,0.00864081335522753
29,0,18,22,2,legacy,moderate,M3,0.007705646657557279,0.7730976251398949,0.9915361831005102,1.0,0.008308697022743486
29,0,18,22,2,legacy,moderate,M4,0.007720750625570958,0.7730975476574329,0.991587476342946,1.0,0.008361519335500956
29,0,18,22,2,legacy,near_linear,M1,0.0038264597527041975,0.3844356857186685,0.4915160697360629,1.0,0.004134467671542944
29,0,18,22,2,legacy,near_linear,M2,0.003831821611169054,0.38443565068978913,0.4915417766105436,1.0,0.0041776260538511
29,0,18,22,2,legacy,near_linear,M3,0.0037037055958574045,0.3844223508160609,0.4919438839849206,1.0,0.0040028683345686
29,0,18,22,2,legacy,near_linear,M4,0.0037111925192156838,0.3844223165564751,0.4919712933807034,1.0,0.004029281176782453
29,0,18,22,2,legacy,strong,M1,0.01280144884635581,1.171513398162414,1.507902717386539,1.0,0.013758163486279349
29,0,18,22,2,legacy,strong,M2,0.012817738874683352,1.1715132499629708,1.5079700248851968,1.0,0.013891115303108674
29,0,18,22,2,legacy,strong,M3,0.012516250768637483,1.171467687398552,1.5093156695051888,1.0,0.013433232980025389
29,0,18,22,2,legacy,strong,M4,0.012538925600080852,1.171467541687877,1.509384551845797,1.0,0.013514772060899264
29,0,18,22,2,vy,moderate,M1,0.007930315679188234,0.7731218616066726,0.9913062287838637,1.0,0.008554594379857793
29,0,18,22,2,vy,moderate,M2,0.007941145964849851,0.7731217824562993,0.991354323026468,1.0,0.008641241723650293
29,0,18,22,2,vy,moderate,M3,0.0077061392198101,0.7730940722783162,0.9921927504477986,1.0,0.008309348101826533
29,0,18,22,2,vy,moderate,M4,0.007721248357350625,0.7730939947069342,0.9922442534478156,1.0,0.00836215665783534
29,0,18,22,2,vy,near_linear,M1,0.0038264850761299775,0.38443357761402475,0.4917928789134237,1.0,0.004134538934505553
29,0,18,22,2,vy,near_linear,M2,0.003831849811413349,0.38443354255195655,0.4918186924546041,1.0,0.00417769386433749
29,0,18,22,2,vy,near_linear,M3,0.0037037997279082487,0.3844202880735578,0.4922211006338761,1.0,0.004003032284164103
29,0,18,22,2,vy,near_linear,M4,0.0037112894834794587,0.3844202537795636,0.4922486170664558,1.0,0.00402943580586374
29,0,18,22,2,vy,strong,M1,0.012803206768088524,1.1715095658817993,1.5092270542772168,1.0,0.01376016413022691
29,0,18,22,2,vy,strong,M2,0.012819501979048435,1.1715094174795169,1.5092947075073369,1.0,0.013893143656008057
29,0,18,22,2,vy,strong,M3,0.012518370566932103,1.1714640887208225,1.5106434635913777,1.0,0.01343564978650502
29,0,18,22,2,vy,strong,M4,0.012541050090141276,1.171463942801436,1.510712081459879,1.0,0.01351719509146994
29,1,10,30,1,beta_noacc,moderate,M1,0.04081536256675119,0.8137289266794574,2.2907930016809868,1.0,0.0498204056695941
29,1,10,30,1,beta_noacc,moderate,M2,0.036059336254560155,0.8137213687840342,2.298727447777242,1.0,0.03642116761981563
29,1,10,30,1,beta_noacc,moderate,M3,0.03343403637672917,0.8133849149595948,2.302095830388788,1.0,0.03945678462434758
29,1,10,30,1,beta_noacc,moderate,M4,0.027083131760862304,0.813413770457838,2.3099268008031166,1.0,0.028018296610398973
29,1,10,30,1,beta_noacc,near_linear,M1,0.019803514964129777,0.40424837844379546,1.142445594310871,1.0,0.024079790791297993
29,1,10,30,1,beta_noacc,near_linear,M2,0.017540897858124314,0.4042442154030295,1.1464390549131227,1.0,0.017710505460130744
29,1,10,30,1,beta_noacc,near_linear,M3,0.01606012203298713,0.4040952065519849,1.148105418652872,1.0,0.01890624653441516
29,1,10,30,1,beta_noacc,near_linear,M4,0.012967656120886925,0.4041074315279724,1.1519758601249177,1.0,0.013439449227200627
29,1,10,30,1,beta_noacc,strong,M1,0.06550329907546132,1.2343004534147333,3.452041558290625,1.0,0.08046642089280322
29,1,10,30,1,beta_noacc,strong,M2,0.05784584218089529,1.2343029050387406,3.463475509997965,1.0,0.0586874831043872
29,1,10,30,1,beta_noacc,strong,M3,0.05458151909340515,1.233679017115471,3.468856942476931,1.0,0.06485011529508065
29,1,10,30,1,beta_noacc,strong,M4,0.04478873611822203,1.233746293819255,3.480273716365056,1.0,0.0462177465542886
29,1,10,30,1,legacy,moderate,M1,0.040818173521629426,0.81372376302422,2.290864076837447,1.0,0.04982657242300886
29,1,10,30,1,legacy,moderate,M2,0.036059799396724816,0.8137161836138889,2.298772816178572,1.0,0.036422445312572584
29,1,10,30,1,legacy,moderate,M3,0.03343213685820788,0.8133789484554812,2.3021428598534066,1.0,0.039461507906031486
29,1,10,30,1,legacy,moderate,M4,0.02707910475218494,0.8134078070396485,2.309957981488458,1.0,0.028014507036737562
29,1,10,30,1,legacy,near_linear,M1,0.019804673283357204,0.4042461278940552,1.1424796573179543,1.0,0.024082414170295822
29,1,10,30,1,legacy,near_linear,M2,0.01754090801287322,0.40424195012656355,1.1464656508415731,1.0,0.017710912169987065
29,1,10,30,1,legacy,near_linear,M3,0.01605879617789904,0.40409253162162,1.14813110114689,1.0,0.018908020295390827
29,1,10,30,1,legacy,near_linear,M4,0.012965284981093905,0.40410475335077634,1.1519955157466697,1.0,0.01343717597618965
29,1,10,30,1,legacy,strong,M1,0.0655099891490475,1.2342903990936325,3.452139043293328,1.0,0.08047965350529353
29,1,10,30,1,legacy,strong,M2,0.05784905833538304,1.23429284258523,3.4635480831463026,1.0,0.05869082955979044
29,1,10,30,1,legacy,strong,M3,0.05458205414415757,1.2336679023070907,3.468928158163098,1.0,0.06486197823083299
29,1,10,30,1,legacy,strong,M4,0.044786261814209166,1.2337352115839377,3.480315040968692,1.0,0.04621559791829542
29,1,10,30,1,vy,moderate,M1,0.040850675772212866,0.8136580523756302,2.2915618029039178,1.0,0.04988313081521722
29,1,10,30,1,vy,moderate,M2,0.03607145696847159,0.8136497647259273,2.29949896689181,1.0,0.03643650850602278
29,1,10,30,1,vy,moderate,M3,0.033486886152079454,0.813320228391638,2.302858366280228,1.0,0.03954769518080181
29,1,10,30,1,vy,moderate,M4,0.02709263690996616,0.8133483346333317,2.3106938074715395,1.0,0.02802645263851193
29,1,10,30,1,vy,near_linear,M1,0.019812960226527013,0.4042136252297662,1.1428322403286209,1.0,0.024095759918342508
29,1,10,30,1,vy,near_linear,M2,0.017541957663921155,0.4042090801274567,1.1468309485906587,1.0,0.017712797725005166
29,1,10,30,1,vy,near_linear,M3,0.016075603246684073,0.40406305120039465,1.1484916416294166,1.0,0.018932696078456913
29,1,10,30,1,vy,near_linear,M4,0.012964861148945333,0.4040748603564643,1.152366176006484,1.0,0.013434343487440046
29,1,10,30,1,vy,strong,M1,0.0656502688426192,1.234168619792791,3.452997527812103,1.0,0.08071902215711017
29,1,10,30,1,vy,strong,M2,0.057940339433704205,1.2341705347772558,3.464598428017919,1.0,0.058809443944211816
29,1,10,30,1,vy,strong,M3,0.054770222856541026,1.2335598562839512,3.469809777815896,1.0,0.06516925939902754
29,1,10,30,1,vy,strong,M4,0.04489877433980332,1.233626724454802,3.481409379454033,1.0,0.04634329270394712
29,1,10,30,2,beta_noacc,moderate,M1,0.016980578472482605,0.8167867802261926,1.1418323660266685,1.0,0.020850213484634648
29,1,10,30,2,beta_noacc,moderate,M2,0.013656158148315644,0.8167672336432804,1.1428513753287564,1.0,0.014200370637569883
29,1,10,30,2,beta_noacc,moderate,M3,0.012445447001551124,0.8166582333817568,1.1427403907597262,1.0,0.013892720520467894
29,1,10,30,2,beta_noacc,moderate,M4,0.007499412722232527,0.8166516785117854,1.1436231801148615,1.0,0.00817730065197673
29,1,10,30,2,beta_noacc,near_linear,M1,0.008316687588322743,0.40506390127362635,0.5686763326887196,1.0,0.010183322599200306
29,1,10,30,2,beta_noacc,near_linear,M2,0.0067744712721542885,0.4050553008798767,0.5692233898443099,1.0,0.007026977499641493
29,1,10,30,2,beta_noacc,near_linear,M3,0.005995709784139538,0.4050087727221183,0.5691567626144552,1.0,0.00672934874460561
29,1,10,30,2,beta_noacc,near_linear,M4,0.003601923810324087,0.4050056716482848,0.5696222182257585,1.0,0.003940613564487457
29,1,10,30,2,beta_noacc,strong,M1,0.026761163130894265,1.2443344674130992,1.7516071594688374,1.0,0.03304662210723062
29,1,10,30,2,beta_noacc,strong,M2,0.02104329006637619,1.244302098149448,1.7524431737099024,1.0,0.021973163508206994
29,1,10,30,2,beta_noacc,strong,M3,0.020235675210115784,1.244072160740711,1.7582026226407348,1.0,0.02259965752967869
29,1,10,30,2,beta_noacc,strong,M4,0.012391942151392901,1.2440668388438696,1.7602617244690482,1.0,0.0133856495447689
29,1,10,30,2,legacy,moderate,M1,0.01698210275341686,0.8167853671673844,1.1418487122861245,1.0,0.020852959520597077
29,1,10,30,2,legacy,moderate,M2,0.013656663912607198,0.8167658165267432,1.142866256068686,1.0,0.014201190618941477
29,1,10,30,2,legacy,moderate,M3,0.012445573996388636,0.816656601278157,1.1427550165161773,1.0,0.013894894975709343
29,1,10,30,2,legacy,moderate,M4,0.007498443093006983,0.8166500548039238,1.143635132758546,1.0,0.008176797391925226
29,1,10,30,2,legacy,near_linear,M1,0.00831741923019041,0.4050632425083554,0.5686857555469208,1.0,0.010184607102211416
29,1,10,30,2,legacy,near_linear,M2,0.006774718344844983,0.4050546393202788,0.5692319033184755,1.0,0.00702737238267487
29,1,10,30,2,legacy,near_linear,M3,0.005995714895828601,0.4050079964942804,0.5691651361723231,1.0,0.006730335630726256
29,1,10,30,2,legacy,near_linear,M4,0.0036014321063617067,0.4050048984594724,0.5696298701512323,1.0,0.003940344098355087
29,1,10,30,2,legacy,strong,M1,0.026763808167112244,1.244331976549371,1.7517272807190218,1.0,0.03305158406908172
29,1,10,30,2,legacy,strong,M2,0.021044264147051107,1.244299611411996,1.7525682387090074,1.0,0.021974662480238202
29,1,10,30,2,legacy,strong,M3,0.020236487749806156,1.2440693974452846,1.7583263359861585,1.0,0.022595790922565407
29,1,10,30,2,legacy,strong,M4,0.012390811602251027,1.2440641015572744,1.7603878113457838,1.0,0.013385291659610154
29,1,10,30,2,vy,moderate,M1,0.01699094628910873,0.8167728371727045,1.141949355941732,1.0,0.020869532432768526
29,1,10,30,2,vy,moderate,M2,0.013656299546736632,0.8167534011844926,1.142969326798176,1.0,0.014202019860821737
29,1,10,30,2,vy,moderate,M3,0.012463149398318139,0.8166469675808586,1.142857515922948,1.0,0.013912179546691392
29,1,10,30,2,vy,moderate,M4,0.0075054781730945945,0.8166404511011842,1.1437400992089914,1.0,0.008184886764308723
29,1,10,30,2,vy,near_linear,M1,0.008320293251757779,0.40505192152291886,0.5687415081777668,1.0,0.010190047387366891
29,1,10,30,2,vy,near_linear,M2,0.006774389818852741,0.4050433810296209,0.5692886860841095,1.0,0.007027468643986757
29,1,10,30,2,vy,near_linear,M3,0.006001934749460281,0.40499787153880545,0.569221531001886,1.0,0.006735641475862353
29,1,10,30,2,vy,near_linear,M4,0.0036035502130925645,0.40499479126666815,0.5696870070625258,1.0,0.003942900058626297
29,1,10,30,2,vy,strong,M1,0.026796237004898103,1.2443516755215276,1.7633047085907938,1.0,0.033110725631866476
29,1,10,30,2,vy,strong,M2,0.02105100622569241,1.2443196029776653,1.7643071841429872,1.0,0.021984578424576986
29,1,10,30,2,vy,strong,M3,0.020289145812212393,1.2440951633287158,1.7701108197286075,1.0,0.02265393934386632
29,1,10,30,2,vy,strong,M4,0.012417554028244397,1.2440901079312854,1.7723226506936047,1.0,0.013414377037924754
29,1,18,22,1,beta_noacc,moderate,M1,0.03407486191580585,0.8144468968328991,2.21292786594746,1.0,0.03952071782481477
29,1,18,22,1,beta_noacc,moderate,M2,0.029121728534412736,0.8145532921998219,2.2295298566396564,1.0,0.030606164228640986
29,1,18,22,1,beta_noacc,moderate,M3,0.03382384551319859,0.8143339430570208,2.215529257917239,1.0,0.03834545397596957
29,1,18,22,1,beta_noacc,moderate,M4,0.02880238325547007,0.814447889247717,2.232992311275737,1.0,0.030105081745831763
29,1,18,22,1,beta_noacc,near_linear,M1,0.01645082764819763,0.40507307347105354,1.1002874504694395,1.0,0.01901951420895206
29,1,18,22,1,beta_noacc,near_linear,M2,0.014014266237152127,0.4051238669448751,1.1082587776250117,1.0,0.01472760123449053
29,1,18,22,1,beta_noacc,near_linear,M3,0.016324517930169775,0.40501869432553445,1.101590979449485,1.0,0.018433422212786564
29,1,18,22,1,beta_noacc,near_linear,M4,0.013850864403617977,0.4050731150950759,1.1099539988846228,1.0,0.014478588605893314
29,1,18,22,1,beta_noacc,strong,M1,0.05476807824485708,1.233075705583682,3.3436137003081434,1.0,0.06395274509703706
29,1,18,22,1,beta_noacc,strong,M2,0.04718030759965654,1.2332539852172513,3.3699345747925427,1.0,0.04959083108112976
29,1,18,22,1,beta_noacc,strong,M3,0.05438668683336616,1.2328945683053647,3.3476195041177657,1.0,0.06217861250214264
29,1,18,22,1,beta_noacc,strong,M4,0.04670813501918359,1.2330849870158374,3.375136615980347,1.0,0.04882103259617472
29,1,18,22,1,legacy,moderate,M1,0.034075005066777915,0.8144468849072759,2.212815017088988,1.0,0.039521795244844365
29,1,18,22,1,legacy,moderate,M2,0.029121606421090806,0.8145532743267043,2.2294209728330365,1.0,0.030606147971435536
29,1,18,22,1,legacy,moderate,M3,0.03382372344605991,0.8143339098811158,2.215416400247836,1.0,0.038346394048270865
29,1,18,22,1,legacy,moderate,M4,0.028802016695525432,0.8144478506589974,2.232883356971328,1.0,0.03010486446833583
29,1,18,22,1,legacy,near_linear,M1,0.016450847237187646,0.40507308463657293,1.1002280945833445,1.0,0.019019981302770883
29,1,18,22,1,legacy,near_linear,M2,0.014014148350096163,0.4051238747115068,1.1082002463738123,1.0,0.014727531109261215
29,1,18,22,1,legacy,near_linear,M3,0.01632439794109271,0.40501869383185884,1.101531622361975,1.0,0.018433814124579742
29,1,18,22,1,legacy,near_linear,M4,0.013850618191305907,0.4050731114166667,1.1098954291958238,1.0,0.014478413854138212
29,1,18,22,1,legacy,strong,M1,0.05476871134053342,1.2330755577826362,3.343452105624561,1.0,0.06395491176186045
29,1,18,22,1,legacy,strong,M2,0.047180604576737166,1.2332538313750734,3.3697764637155587,1.0,0.049591311376530126
29,1,18,22,1,legacy,strong,M3,0.05438696215391086,1.232894395005161,3.347457821243286,1.0,0.062180610159818225
29,1,18,22,1,legacy,strong,M4,0.04670810293706914,1.2330848087690665,3.374978293357197,1.0,0.04882123787752005
29,1,18,22,1,vy,moderate,M1,0.03408026797510576,0.8144281387153075,2.214500656418454,1.0,0.039531368411752046
29,1,18,22,1,vy,moderate,M2,0.029122918145383717,0.8145343300545507,2.231191313385412,1.0,0.030607386194891853
29,1,18,22,1,vy,moderate,M3,0.03382953983685947,0.814315477208598,2.2171002988780923,1.0,0.038357074829130824
29,1,18,22,1,vy,moderate,M4,0.028802946450153404,0.8144292247314336,2.2346519869888746,1.0,0.03010538968550623
29,1,18,22,1,vy,near_linear,M1,0.01645232831661346,0.40506429667928673,1.100957744273609,1.0,0.019022733513037533
29,1,18,22,1,vy,near_linear,M2,0.014013847828363924,0.4051149905775067,1.108941393783563,1.0,0.014726841607782442
29,1,18,22,1,vy,near_linear,M3,0.016326106214393586,0.40501003807875247,1.1022603751929898,1.0,0.018437026083277765
29,1,18,22,1,vy,near_linear,M4,0.013850084394685378,0.40506436107793564,1.1106355997226147,1.0,0.01447732808828858
29,1,18,22,1,vy,strong,M1,0.05478598705975954,1.2330425207006714,3.346591982974369,1.0,0.06398528563327512
29,1,18,22,1,vy,strong,M2,0.04719123197604042,1.233220499441029,3.37300169654054,1.0,0.04960467759441973
29,1,18,22,1,vy,strong,M3,0.05440536062666433,1.2328619858870673,3.3505938174083343,1.0,0.06221324406155719
29,1,18,22,1,vy,strong,M4,0.04671842891749321,1.233052117708244,3.3781994809404323,1.0,0.04883381141494688
29,1,18,22,2,beta_noacc,moderate,M1,0.012209856233851542,0.8146377557243897,1.126369708382324,1.0,0.01352755143133103
29,1,18,22,2,beta_noacc,moderate,M2,0.008142121870481427,0.814654774449984,1.1281689970017723,1.0,0.008640711392370857
29,1,18,22,2,beta_noacc,moderate,M3,0.012016616338204507,0.8146057522014879,1.1273230653728885,1.0,0.014303373996405038
29,1,18,22,2,beta_noacc,moderate,M4,0.007939200124556085,0.8146251009138273,1.129318658686186,1.0,0.008361545761879356
29,1,18,22,2,beta_noacc,near_linear,M1,0.005914485876544145,0.4047944839695773,0.556665677811833,1.0,0.006547012676417034
29,1,18,22,2,beta_noacc,near_linear,M2,0.003930170201120149,0.4048028025710242,0.5575847039652573,1.0,0.004177577257474143
29,1,18,22,2,beta_noacc,near_linear,M3,0.0058136095463815155,0.40477921993165816,0.5571243975301703,1.0,0.006948669289513409
29,1,18,22,2,beta_noacc,near_linear,M4,0.00381694445722891,0.4047886336801704,0.5581405937028474,1.0,0.00402929951407815
29,1,18,22,2,beta_noacc,strong,M1,0.0195089795739478,1.2360278886893594,1.728875045084056,1.0,0.021693126054298677
29,1,18,22,2,beta_noacc,strong,M2,0.013136887823680755,1.2360558976502527,1.7315015829498737,1.0,0.013890922393525663
29,1,18,22,2,beta_noacc,strong,M3,0.01924044547415907,1.2359752393470254,1.7304248132969255,1.0,0.022637314025928765
29,1,18,22,2,beta_noacc,strong,M4,0.012889959449793285,1.2360071917583726,1.7333471384814847,1.0,0.013514755256965806
29,1,18,22,2,legacy,moderate,M1,0.012210020990921642,0.8146379606020826,1.126355735484338,1.0,0.01352806376161832
29,1,18,22,2,legacy,moderate,M2,0.008142134870322787,0.8146549787131322,1.1281552651022868,1.0,0.00864081335522753
29,1,18,22,2,legacy,moderate,M3,0.01201665852700636,0.814605951248799,1.127309147988781,1.0,0.014302931866074531
29,1,18,22,2,legacy,moderate,M4,0.007939087018751772,0.8146252996618892,1.1293049708566247,1.0,0.008361519335500956
29,1,18,22,2,legacy,near_linear,M1,0.005914563147994245,0.4047945772332261,0.5566562176846473,1.0,0.006547260830333927
29,1,18,22,2,legacy,near_linear,M2,0.003930174217182871,0.4048028954449035,0.5575753680524482,1.0,0.0041776260538511
29,1,18,22,2,legacy,near_linear,M3,0.005813622578535465,0.4047793099101202,0.5571149577400081,1.0,0.006948442311951893
29,1,18,22,2,legacy,near_linear,M4,0.003816883075210119,0.40478872340702493,0.5581312717805031,1.0,0.004029281176782453
29,1,18,22,2,legacy,strong,M1,0.01950927950543164,1.236028253826102,1.7288707494558462,1.0,0.02169397169437853
29,1,18,22,2,legacy,strong,M2,0.013136950493569164,1.236056262629693,1.7314977907104387,1.0,0.013891115303108674
29,1,18,22,2,legacy,strong,M3,0.019240577842285323,1.2359755982935685,1.7304206531277444,1.0,0.022636695568692734
29,1,18,22,2,legacy,strong,M4,0.012889846739527155,1.2360075511521522,1.7333434692655074,1.0,0.013514772060899264
29,1,18,22,2,vy,moderate,M1,0.01221153875673656,0.8146341599307595,1.1270497918070974,1.0,0.013530197660918463
29,1,18,22,2,vy,moderate,M2,0.008142411397898126,0.814651152250033,1.1288540134344156,1.0,0.008641241723650293
29,1,18,22,2,vy,moderate,M3,0.01201844339540723,0.8146022730350331,1.1280042351931625,1.0,0.014305170104768263
29,1,18,22,2,vy,moderate,M4,0.007939523360968816,0.8146215952022623,1.130004826877352,1.0,0.00836215665783534
29,1,18,22,2,vy,near_linear,M1,0.005915083964263442,0.4047923479097127,0.5569436561636391,1.0,0.006547938534566969
29,1,18,22,2,vy,near_linear,M2,0.003930178473282397,0.40480065475951815,0.557865202394778,1.0,0.00417769386433749
29,1,18,22,2,vy,near_linear,M3,0.005814261807724232,0.40477713084102074,0.557402743146788,1.0,0.0069494088873492165
29,1,18,22,2,vy,near_linear,M4,0.0038169477050505655,0.40478653261520553,0.558421475579643,1.0,0.00402943580586374
29,1,18,22,2,vy,strong,M1,0.019513564423791343,1.2360245715669893,1.730341087901429,1.0,0.021700528874058114
29,1,18,22,2,vy,strong,M2,0.013138675656071484,1.2360525367025432,1.7329779965324017,1.0,0.013893143656008057
29,1,18,22,2,vy,strong,M3,0.01924534277294764,1.2359721788121774,1.731893865130375,1.0,0.02264106133781373
29,1,18,22,2,vy,strong,M4,0.012891901014423678,1.2360040886485975,1.734826798432401,1.0,0.01351719509146994
30,0,10,30,1,beta_noacc,moderate,M1,0.034668669165204766,0.7660813127881383,2.091707521252657,1.0,0.03566258524887202
30,0,10,30,1,beta_noacc,moderate,M2,0.03468512099215008,0.7660798492301528,2.0924795509838896,1.0,0.035679407047254495
30,0,10,30,1,beta_noacc,moderate,M3,0.0257543537226972,0.765799909823092,2.101264846611252,1.0,0.026532755138135515
30,0,10,30,1,beta_noacc,moderate,M4,0.025809919671290617,0.7657993297461575,2.102104661590829,1.0,0.026278160796504232
30,0,10,30,1,beta_noacc,near_linear,M1,0.01685720983489602,0.38095126125772816,1.0456801547158288,1.0,0.017333592005393837
30,0,10,30,1,beta_noacc,near_linear,M2,0.01686611993325804,0.3809506801554113,1.0460625900212093,1.0,0.017351322494454445
30,0,10,30,1,beta_noacc,near_linear,M3,0.012324765615369344,0.38082539042231833,1.0504550655962055,1.0,0.01270175824305125
30,0,10,30,1,beta_noacc,near_linear,M4,0.01235265989018963,0.3808252057786897,1.0508723054094715,1.0,0.012576264535174946
30,0,10,30,1,beta_noacc,strong,M1,0.0556591164729927,1.159834265282066,3.136621949302884,1.0,0.05727741452738983
30,0,10,30,1,beta_noacc,strong,M2,0.055681220088839585,1.159831257917458,3.137777277706433,1.0,0.057251755326717134
30,0,10,30,1,beta_noacc,strong,M3,0.042627355845448404,1.1593330650509988,3.1507869891943225,1.0,0.043891137979479425
30,0,10,30,1,beta_noacc,strong,M4,0.04270947476973078,1.159331639852756,3.15203382538432,1.0,0.04351209913169818
30,0,10,30,1,legacy,moderate,M1,0.03466894729565139,0.7660770893669394,2.0917151077971377,1.0,0.035663350190599366
30,0,10,30,1,legacy,moderate,M2,0.034685406145320445,0.7660756244623389,2.092485392574692,1.0,0.03568015101093521
30,0,10,30,1,legacy,moderate,M3,0.025750023640730237,0.765794818510681,2.1012549593765217,1.0,0.026529362379480115
30,0,10,30,1,legacy,moderate,M4,0.025805553758523,0.7657942369400541,2.102093295243041,1.0,0.026274871713392305
30,0,10,30,1,legacy,near_linear,M1,0.01685713748473821,0.38094949073191375,1.04568898926202,1.0,0.017333743459308694
30,0,10,30,1,legacy,near_linear,M2,0.01686605187118078,0.3809489089509286,1.0460705897637543,1.0,0.017351466883472663
30,0,10,30,1,legacy,near_linear,M3,0.012322249098409475,0.38082316810970085,1.050455364529821,1.0,0.012699689520461407
30,0,10,30,1,legacy,near_linear,M4,0.01235012741858972,0.38082298272572723,1.0508698943579111,1.0,0.012574245380222946
30,0,10,30,1,legacy,strong,M1,0.05566193897728996,1.159825641836914,3.136633668798632,1.0,0.05728112139490941
30,0,10,30,1,legacy,strong,M2,0.05568404886947323,1.1598226325805776,3.13777615834663,1.0,0.05725542767727225
30,0,10,30,1,legacy,strong,M3,0.04262433449406823,1.1593232482802855,3.150761449715536,1.0,0.04388965734079278
30,0,10,30,1,legacy,strong,M4,0.04270639191954318,1.1593218208347038,3.1520058570059324,1.0,0.043510803644334115
30,0,10,30,1,vy,moderate,M1,0.03468032824406657,0.7660017602673798,2.0925028491288136,1.0,0.035675604524283276
30,0,10,30,1,vy,moderate,M2,0.03469692596361806,0.7660002625674612,2.093273620948364,1.0,0.03569107858887044
30,0,10,30,1,vy,moderate,M3,0.025764479102404127,0.7657260676322419,2.102051082198369,1.0,0.02654666823395106
30,0,10,30,1,vy,moderate,M4,0.025819787813761746,0.7657254509315737,2.1028895748318046,1.0,0.026291210507981035
30,0,10,30,1,vy,near_linear,M1,0.016858380564232743,0.3809138676945888,1.0460740461539886,1.0,0.01733487444848243
30,0,10,30,1,vy,near_linear,M2,0.016867381321463915,0.38091327206126785,1.0464563149477502,1.0,0.01735216279367633
30,0,10,30,1,vy,near_linear,M3,0.012322506107689887,0.38079041475183717,1.050846038035222,1.0,0.012700712935481872
30,0,10,30,1,vy,near_linear,M4,0.012350320665884807,0.38079021439443955,1.0512646937936234,1.0,0.012574889845037723
30,0,10,30,1,vy,strong,M1,0.05574949465259248,1.159677717641657,3.1378554503116147,1.0,0.057374964772308294
30,0,10,30,1,vy,strong,M2,0.05577171021892495,1.159674648456685,3.139005769139098,1.0,0.05734540106839274
30,0,10,30,1,vy,strong,M3,0.04273568832841296,1.1591880514300108,3.1519953198750272,1.0,0.04401102879535769
30,0,10,30,1,vy,strong,M4,0.04281706740486226,1.1591865584116,3.153237123772324,1.0,0.04363019433234262
30,0,10,30,2,beta_noacc,moderate,M1,0.013112044223322974,0.7685010375802359,1.0386771698999098,1.0,0.013657114862760982
30,0,10,30,2,beta_noacc,moderate,M2,0.01311482866934076,0.768500227344059,1.038775256493478,1.0,0.013730181868729433
30,0,10,30,2,beta_noacc,moderate,M3,0.007085445235466299,0.7683928192892572,1.039383959543042,1.0,0.007436711480260099
30,0,10,30,2,beta_noacc,moderate,M4,0.007145527503167419,0.7683923078537771,1.039480872194195,1.0,0.007298939938826457
30,0,10,30,2,beta_noacc,near_linear,M1,0.0065001159505254525,0.38151144831922523,0.5182504884194649,1.0,0.0067627656205049005
30,0,10,30,2,beta_noacc,near_linear,M2,0.006501870849015574,0.3815111239560384,0.518305889780668,1.0,0.0068040125167053165
30,0,10,30,2,beta_noacc,near_linear,M3,0.003392065563113799,0.3814647614347545,0.5186350064985153,1.0,0.0035760186541878365
30,0,10,30,2,beta_noacc,near_linear,M4,0.003421288042673708,0.3814645642094053,0.5186892910304843,1.0,0.00350102444769302
30,0,10,30,2,beta_noacc,strong,M1,0.02023309280312234,1.168385972870959,1.5638438512976132,1.0,0.021114567854997133
30,0,10,30,2,beta_noacc,strong,M2,0.020235350392538605,1.1683841903530452,1.563948775804335,1.0,0.021191850520318998
30,0,10,30,2,beta_noacc,strong,M3,0.011761516685872173,1.1681682382318568,1.5646960533477503,1.0,0.012250046149972417
30,0,10,30,2,beta_noacc,strong,M4,0.011854834128344585,1.1681670707688983,1.564800842788321,1.0,0.012067096359496593
30,0,10,30,2,legacy,moderate,M1,0.013112479075467384,0.7684999075704492,1.038688575575813,1.0,0.013657726591781213
30,0,10,30,2,legacy,moderate,M2,0.013115268778298285,0.7684990970720583,1.0387859738287275,1.0,0.013730776812829052
30,0,10,30,2,legacy,moderate,M3,0.007084357211222625,0.7683914536754172,1.039392739364132,1.0,0.0074359960942188075
30,0,10,30,2,legacy,moderate,M4,0.007144429374904042,0.7683909420788289,1.0394894611861392,1.0,0.00729797587162427
30,0,10,30,2,legacy,near_linear,M1,0.006500326757729242,0.3815109613330967,0.518256923639171,1.0,0.00676306089732713
30,0,10,30,2,legacy,near_linear,M2,0.006502084191197132,0.3815106368481151,0.5183122162310495,1.0,0.00680430180109783
30,0,10,30,2,legacy,near_linear,M3,0.003391514143936511,0.38146415048612925,0.5186403779284737,1.0,0.00357564617646546
30,0,10,30,2,legacy,near_linear,M4,0.003420731203807139,0.3814639531888094,0.5186945706145315,1.0,0.0035005303814717834
30,0,10,30,2,legacy,strong,M1,0.02023395445685771,1.1683836823817375,1.563856930293152,1.0,0.021115732380316086
30,0,10,30,2,legacy,strong,M2,0.02023621925206092,1.1683818994279385,1.5639614914683349,1.0,0.021192976066023814
30,0,10,30,2,legacy,strong,M3,0.011760210849130799,1.1681656381860237,1.5647057912852556,1.0,0.012249355432507518
30,0,10,30,2,legacy,strong,M4,0.011853514161790764,1.1681644704372962,1.564810273570835,1.0,0.012066007798038984
30,0,10,30,2,vy,moderate,M1,0.013112157827653485,0.7684810004222948,1.038786282748689,1.0,0.01365760910700756
30,0,10,30,2,vy,moderate,M2,0.013115016640709527,0.7684801885907441,1.038884012923097,1.0,0.013730207994401642
30,0,10,30,2,vy,moderate,M3,0.007092519953303749,0.7683751695505161,1.0394911976758845,1.0,0.007443182674525426
30,0,10,30,2,vy,moderate,M4,0.007152778526197231,0.7683746548274369,1.0395877648225875,1.0,0.007306174321551163
30,0,10,30,2,vy,near_linear,M1,0.006500063784261799,0.3814977582542475,0.5183094488805945,1.0,0.006762809791402026
30,0,10,30,2,vy,near_linear,M2,0.006501852576769291,0.3814974338790755,0.5183647152146883,1.0,0.006803880842792507
30,0,10,30,2,vy,near_linear,M3,0.0033941503104868943,0.3814520403976085,0.5186931602845064,1.0,0.0035778197002138633
30,0,10,30,2,vy,near_linear,M4,0.0034234508149259967,0.38145184236464963,0.5187473108754856,1.0,0.0035031729997086402
30,0,10,30,2,vy,strong,M1,0.020240174670385528,1.1683823346161453,1.5639801942470315,1.0,0.02112338423212386
30,0,10,30,2,vy,strong,M2,0.020242535693599698,1.168380542605433,1.5640843263810522,1.0,0.021199359846415817
30,0,10,30,2,vy,strong,M3,0.01178837926242436,1.168169722468839,1.5648288164295725,1.0,0.012276682984403311
30,0,10,30,2,vy,strong,M4,0.011881963194518326,1.16816854312282,1.5649328592916252,1.0,0.012094533881626391
30,0,18,22,1,beta_noacc,moderate,M1,0.027915357772169858,0.7701812005552944,1.9129618207699104,1.0,0.028568953807197726
30,0,18,22,1,beta_noacc,moderate,M2,0.027965257550688398,0.7701822229969386,1.9150221924173465,1.0,0.02831030767009237
30,0,18,22,1,beta_noacc,moderate,M3,0.02763411450713809,0.7700821767386224,1.9153989981461488,1.0,0.028175309185293308
30,0,18,22,1,beta_noacc,moderate,M4,0.027686701791065867,0.7700833707448335,1.917529419458032,1.0,0.027897918218356545
30,0,18,22,1,beta_noacc,near_linear,M1,0.013428826461214623,0.38333748204280743,0.9572275305291076,1.0,0.013743273353525475
30,0,18,22,1,beta_noacc,near_linear,M2,0.013453816635246647,0.3833380387850412,0.958198052193575,1.0,0.013616972033671404
30,0,18,22,1,beta_noacc,near_linear,M3,0.013286205902105858,0.3832897261879747,0.9584476259123336,1.0,0.013544547445883607
30,0,18,22,1,beta_noacc,near_linear,M4,0.01331246052503709,0.38329036507809405,0.9594531633171308,1.0,0.013407964976177014
30,0,18,22,1,beta_noacc,strong,M1,0.045253490481254294,1.16447316597014,2.8515442334078416,1.0,0.04631647380015646
30,0,18,22,1,beta_noacc,strong,M2,0.04532796176243746,1.1644744532368467,2.854867975110544,1.0,0.04591477977388184
30,0,18,22,1,beta_noacc,strong,M3,0.044828663701314574,1.1643149314492938,2.85524318955218,1.0,0.045724038479596496
30,0,18,22,1,beta_noacc,strong,M4,0.04490756820766029,1.1643164961636738,2.8586715422089264,1.0,0.04529912018203903
30,0,18,22,1,legacy,moderate,M1,0.027915182775717588,0.7701813061117972,1.9127835041239296,1.0,0.02856891960239094
30,0,18,22,1,legacy,moderate,M2,0.027965083486280712,0.770182328268651,1.9148444162419889,1.0,0.028310276725459434
30,0,18,22,1,legacy,moderate,M3,0.027633695308251452,0.7700822577899561,1.9152206557874507,1.0,0.028175048530594063
30,0,18,22,1,legacy,moderate,M4,0.02768628180436983,0.7700834514981272,1.917351611940455,1.0,0.02789766574223176
30,0,18,22,1,legacy,near_linear,M1,0.013428682426507327,0.3833375548462248,0.9571392201411206,1.0,0.01374319884044822
30,0,18,22,1,legacy,near_linear,M2,0.013453673264051086,0.38333811144786545,0.9581099864823996,1.0,0.013616899193516586
30,0,18,22,1,legacy,near_linear,M3,0.013285933565050374,0.38328978593628543,0.958359299501388,1.0,0.013544353663589196
30,0,18,22,1,legacy,near_linear,M4,0.0133121879959656,0.38329042467931307,0.9593650786341854,1.0,0.013407775424576017
30,0,18,22,1,legacy,strong,M1,0.04525370029150881,1.164473178998846,2.8512564003162777,1.0,0.04631690113622428
30,0,18,22,1,legacy,strong,M2,0.045328172070277645,1.164474465833273,2.854581008885201,1.0,0.04591521370262642
30,0,18,22,1,legacy,strong,M3,0.04482854547056471,1.1643149125378198,2.8549553314019795,1.0,0.04572416283832104
30,0,18,22,1,legacy,strong,M4,0.04490744789049758,1.1643164767976533,2.858384541190542,1.0,0.04529925784809829
30,0,18,22,1,vy,moderate,M1,0.027916604182877697,0.770163552560186,1.913956939962873,1.0,0.028570706872322615
30,0,18,22,1,vy,moderate,M2,0.027966481054037734,0.7701645695352985,1.9160332209083857,1.0,0.02831194240107663
30,0,18,22,1,vy,moderate,M3,0.02763476760254235,0.7700647899913026,1.9163921592535216,1.0,0.02817661167954101
30,0,18,22,1,vy,moderate,M4,0.02768731915227277,0.770065978562556,1.9185385001027209,1.0,0.02789912391335813
30,0,18,22,1,vy,near_linear,M1,0.013428471328358059,0.3833292809485336,0.9576944257535644,1.0,0.013743101234239991
30,0,18,22,1,vy,near_linear,M2,0.013453453267478174,0.38332983517854374,0.9586714802212504,1.0,0.013616762335130171
30,0,18,22,1,vy,near_linear,M3,0.013285504040094787,0.3832816336927771,0.9589135729603246,1.0,0.01354409693148258
30,0,18,22,1,vy,near_linear,M4,0.013311744809190788,0.38328227008610755,0.9599256432459858,1.0,0.013407485250610677
30,0,18,22,1,vy,strong,M1,0.045264224587263056,1.1644415328906241,2.8529209092624885,1.0,0.04632847281925926
30,0,18,22,1,vy,strong,M2,0.04533864248956115,1.1644428108243619,2.8562763627657928,1.0,0.045926451471888466
30,0,18,22,1,vy,strong,M3,0.04483882577282099,1.164283828585476,2.856616856222181,1.0,0.04573569746162743
30,0,18,22,1,vy,strong,M4,0.04491765271574767,1.1642853839827598,2.860076939357496,1.0,0.045310498129453584
30,0,18,22,2,beta_noacc,moderate,M1,0.0077386129041735795,0.7699308088593736,0.968186437231033,1.0,0.00806112757445738
30,0,18,22,2,beta_noacc,moderate,M2,0.007779697024836397,0.7699308241049282,0.9684032205751112,1.0,0.007910453339596698
30,0,18,22,2,beta_noacc,moderate,M3,0.007577961688103578,0.7699028363838479,0.9690407953856296,1.0,0.007799347851191237
30,0,18,22,2,beta_noacc,moderate,M4,0.0076220548184298504,0.7699029035001194,0.9692746935026156,1.0,0.00772679457576028
30,0,18,22,2,beta_noacc,near_linear,M1,0.0037313415299163643,0.3828720284425588,0.4806581445696898,1.0,0.003891041772715207
30,0,18,22,2,beta_noacc,near_linear,M2,0.0037515828781708926,0.3828720613757218,0.4807748617982679,1.0,0.00381583122687166
30,0,18,22,2,beta_noacc,near_linear,M3,0.0036403291665246438,0.3828586624656162,0.4810713052203956,1.0,0.0037507776822005867
30,0,18,22,2,beta_noacc,near_linear,M4,0.003662108800824785,0.3828587198118005,0.4811965792684143,1.0,0.003714337473106673
30,0,18,22,2,beta_noacc,strong,M1,0.012507549006487925,1.1665258267718246,1.4719650005134943,1.0,0.013005659981456696
30,0,18,22,2,beta_noacc,strong,M2,0.012570406677309172,1.1665256857737913,1.4722552130564164,1.0,0.012773874997807267
30,0,18,22,2,beta_noacc,strong,M3,0.012317685982575302,1.1664799760047024,1.4733281217740035,1.0,0.012658347462592137
30,0,18,22,2,beta_noacc,strong,M4,0.012384991696373472,1.166479922388832,1.4736389739292228,1.0,0.01254464032578466
30,0,18,22,2,legacy,moderate,M1,0.007738604854678494,0.769931052623024,0.968155067976648,1.0,0.008061182512971563
30,0,18,22,2,legacy,moderate,M2,0.007779691070313086,0.7699310678303004,0.9683718888441945,1.0,0.007910469317176493
30,0,18,22,2,legacy,moderate,M3,0.0075778271558184325,0.7699030734019832,0.9690094588000732,1.0,0.00779928284650564
30,0,18,22,2,legacy,moderate,M4,0.0076219215016354045,0.7699031404804609,0.9692433933441909,1.0,0.00772668526562485
30,0,18,22,2,legacy,near_linear,M1,0.0037313346008148807,0.38287214477356324,0.4806410050820031,1.0,0.003891066528218663
30,0,18,22,2,legacy,near_linear,M2,0.0037515771488040727,0.382872177688254,0.4807577418982259,1.0,0.0038158364874016867
30,0,18,22,2,legacy,near_linear,M3,0.0036402564426886936,0.382858775133026,0.4810541771165502,1.0,0.00375073980366529
30,0,18,22,2,legacy,near_linear,M4,0.0036620367985051344,0.38285883246088287,0.4811794701676675,1.0,0.0037142773747416867
30,0,18,22,2,legacy,strong,M1,0.01250758128907181,1.166526225608688,1.471926871733827,1.0,0.013005786495926723
30,0,18,22,2,legacy,strong,M2,0.012570441220262803,1.1665260845490777,1.472217175264626,1.0,0.012773942395240363
30,0,18,22,2,legacy,strong,M3,0.012317543387403047,1.166480366723237,1.4732900717062265,1.0,0.012658309045747794
30,0,18,22,2,legacy,strong,M4,0.012384850169852107,1.1664803130469303,1.473601012816948,1.0,0.012544535200283775
30,0,18,22,2,vy,moderate,M1,0.007738919976885256,0.7699273116351874,0.9687646788980524,1.0,0.00806149583095555
30,0,18,22,2,vy,moderate,M2,0.007780009880895897,0.769927326152142,0.968982400488189,1.0,0.007910802797333149
30,0,18,22,2,vy,moderate,M3,0.00757834346667134,0.769899442375562,0.9696201621147889,1.0,0.007799780575862383
30,0,18,22,2,vy,moderate,M4,0.007622447585038771,0.7698995087546662,0.969855003518297,1.0,0.0077272300357193405
30,0,18,22,2,vy,near_linear,M1,0.003731363903131092,0.38287000298963414,0.4808991702546141,1.0,0.003891082492880157
30,0,18,22,2,vy,near_linear,M2,0.0037516082159261056,0.38287003562000277,0.4810163738657002,1.0,0.0038158688830056036
30,0,18,22,2,vy,near_linear,M3,0.003640365128144449,0.3828566787956829,0.4813127325579306,1.0,0.0037508288284943936
30,0,18,22,2,vy,near_linear,M4,0.0036621503881716488,0.38285673583444324,0.4814384942138058,1.0,0.003714395360055257
30,0,18,22,2,vy,strong,M1,0.012509307648747003,1.1665222249717777,1.4731535786471106,1.0,0.013007624817188947
30,0,18,22,2,vy,strong,M2,0.012572170556266237,1.166522082453401,1.4734449269300098,1.0,0.01277574497934672
30,0,18,22,2,vy,strong,M3,0.012319668282095526,1.1664765992481456,1.4745194992627246,1.0,0.01266051086533889
30,0,18,22,2,vy,strong,M4,0.012386986436548229,1.1664765440993932,1.4748314793545891,1.0,0.01254674531940151
30,1,10,30,1,beta_noacc,moderate,M1,0.038900322173368196,0.8101269480639434,2.2774907345376887,1.0,0.047095939495827265
30,1,10,30,1,beta_noacc,moderate,M2,0.03535585597646787,0.8100730699086305,2.2846211725963563,1.0,0.036488880677917765
30,1,10,30,1,beta_noacc,moderate,M3,0.031015662557515648,0.8097811883629452,2.2884219355765145,1.0,0.036774289672514886
30,1,10,30,1,beta_noacc,moderate,M4,0.026471617617746423,0.809764944819545,2.295385305632771,1.0,0.026699414493600526
30,1,10,30,1,beta_noacc,near_linear,M1,0.018874000600547895,0.40251130962082093,1.1356180038744057,1.0,0.022757525093505017
30,1,10,30,1,beta_noacc,near_linear,M2,0.017197922536541017,0.4024861808215269,1.1391523793935323,1.0,0.01780428012671696
30,1,10,30,1,beta_noacc,near_linear,M3,0.01487543974918109,0.40235709037912687,1.1410333292038797,1.0,0.017595677674585544
30,1,10,30,1,beta_noacc,near_linear,M4,0.012671416219677111,0.4023489399704009,1.144558265465229,1.0,0.012763329140529267
30,1,10,30,1,beta_noacc,strong,M1,0.062485396819978924,1.2285069199935006,3.432929201591438,1.0,0.07615050923409243
30,1,10,30,1,beta_noacc,strong,M2,0.056734592590049655,1.2284259457018445,3.443600758287702,1.0,0.05822780070152037
30,1,10,30,1,beta_noacc,strong,M3,0.05084214869787102,1.227884905472175,3.4494671226045117,1.0,0.06064666966783503
30,1,10,30,1,beta_noacc,strong,M4,0.04380483965671075,1.2278705926201074,3.4597831700958754,1.0,0.044285161134456325
30,1,10,30,1,legacy,moderate,M1,0.03890219472845773,0.8101216318542076,2.277556778365634,1.0,0.04710063746342303
30,1,10,30,1,legacy,moderate,M2,0.0353560990994088,0.8100677228312422,2.2846728718436737,1.0,0.03648952483828956
30,1,10,30,1,legacy,moderate,M3,0.03101298043234208,0.8097750702977952,2.288470880952727,1.0,0.036777325398048545
30,1,10,30,1,legacy,moderate,M4,0.02646716108714,0.8097588156201904,2.2954226501463357,1.0,0.026695608330270827
30,1,10,30,1,legacy,near_linear,M1,0.018874696845275377,0.40250899628388503,1.1356548760924965,1.0,0.022759440525828737
30,1,10,30,1,legacy,near_linear,M2,0.01719783142346454,0.40248384885083244,1.1391823794021112,1.0,0.017804413548840225
30,1,10,30,1,legacy,near_linear,M3,0.014873722703867344,0.4023543535412419,1.1410618344299206,1.0,0.01759662563644975
30,1,10,30,1,legacy,near_linear,M4,0.012668841005283775,0.40234619390650517,1.1445760152435525,1.0,0.012761073300024676
30,1,10,30,1,legacy,strong,M1,0.062490651376707645,1.2284965645871742,3.4330236342077023,1.0,0.07616137382506492
30,1,10,30,1,legacy,strong,M2,0.05673740464682732,1.2284155641396484,3.443671965086128,1.0,0.05823117462779389
30,1,10,30,1,legacy,strong,M3,0.05084153950593854,1.2278734885006193,3.449535018881727,1.0,0.06065588761635501
30,1,10,30,1,legacy,strong,M4,0.043801646982786054,1.2278591806279917,3.4598320674007863,1.0,0.04428315837686551
30,1,10,30,1,vy,moderate,M1,0.038927765403202044,0.810050228451751,2.2781099794388964,1.0,0.04714606793785996
30,1,10,30,1,vy,moderate,M2,0.03536812655098778,0.8099953054542033,2.2852495090825875,1.0,0.03649596965904245
30,1,10,30,1,vy,moderate,M3,0.03105921532198849,0.8097108440188041,2.2890401665288964,1.0,0.03685132657201575
30,1,10,30,1,vy,moderate,M4,0.02647842376630318,0.8096934599979092,2.2960105597772253,1.0,0.026708542626085904
30,1,10,30,1,vy,near_linear,M1,0.018880289330333925,0.40247415652433177,1.1359363260764703,1.0,0.02276852371796438
30,1,10,30,1,vy,near_linear,M2,0.01719940624350783,0.402448522063818,1.1394767188926842,1.0,0.017804567892202906
30,1,10,30,1,vy,near_linear,M3,0.014886843886771925,0.40232261875982783,1.141351749608592,1.0,0.017616226974974867
30,1,10,30,1,vy,near_linear,M4,0.012667727343271776,0.4023139002782571,1.1448765753216132,1.0,0.01276162140085361
30,1,10,30,1,vy,strong,M1,0.0626160565493903,1.2283621742964208,3.433835218507594,1.0,0.07637550510740473
30,1,10,30,1,vy,strong,M2,0.05682670510347944,1.2282799684695016,3.4445098297785184,1.0,0.058298058369115495
30,1,10,30,1,vy,strong,M3,0.05101474536434782,1.227753200734839,3.4503670448845374,1.0,0.06093836259687434
30,1,10,30,1,vy,strong,M4,0.04390773410260252,1.2277376000636944,3.460683363216194,1.0,0.04438198122531074
30,1,10,30,2,beta_noacc,moderate,M1,0.015767139024630096,0.813480236354526,1.1359433111493966,1.0,0.019190588110788834
30,1,10,30,2,beta_noacc,moderate,M2,0.013275940189373574,0.8134461650907638,1.136873983993326,1.0,0.01434818038487996
30,1,10,30,2,beta_noacc,moderate,M3,0.010744057937560291,0.8133503161239983,1.136824350756565,1.0,0.012092971153790016
30,1,10,30,2,beta_noacc,moderate,M4,0.007325764684088748,0.8133295558349221,1.1376259677593736,1.0,0.007577005800020787
30,1,10,30,2,beta_noacc,near_linear,M1,0.0077385717210662714,0.4034604338366324,0.5657328063392512,1.0,0.009383730251625512
30,1,10,30,2,beta_noacc,near_linear,M2,0.006587009681384251,0.4034455441115728,0.5662235694886633,1.0,0.007133221288490377
30,1,10,30,2,beta_noacc,near_linear,M3,0.005167436239105964,0.4034046932315481,0.5661915906377972,1.0,0.005848872242972937
30,1,10,30,2,beta_noacc,near_linear,M4,0.00350694995853031,0.4033954572427036,0.5666211493358179,1.0,0.0036244626261124403
30,1,10,30,2,beta_noacc,strong,M1,0.024765491626898027,1.2390553507472928,1.7362883696125309,1.0,0.030372101145844935
30,1,10,30,2,beta_noacc,strong,M2,0.020456668035844262,1.2389936635215113,1.7370509119201036,1.0,0.02198578475687866
30,1,10,30,2,beta_noacc,strong,M3,0.01755763233263309,1.238790758022677,1.742772350787937,1.0,0.019863603713512073
30,1,10,30,2,beta_noacc,strong,M4,0.012161403309388027,1.2387565707701862,1.7446978779298674,1.0,0.012585728860126865
30,1,10,30,2,legacy,moderate,M1,0.015768299877260025,0.8134787470267335,1.1359595251205985,1.0,0.019192799113031966
30,1,10,30,2,legacy,moderate,M2,0.0132763648622964,0.8134446692983033,1.1368884639381225,1.0,0.01434875994147156
30,1,10,30,2,legacy,moderate,M3,0.01074385377709285,0.8133486073040656,1.1368384275115884,1.0,0.012094219429105879
30,1,10,30,2,legacy,moderate,M4,0.007324633649778508,0.8133278514196678,1.1376386756601964,1.0,0.007576147123150123
30,1,10,30,2,legacy,near_linear,M1,0.007739125298385169,0.40345974520893485,0.5657425700677549,1.0,0.009384761370025486
30,1,10,30,2,legacy,near_linear,M2,0.0065872168911673,0.40344485182976914,0.5662318997607722,1.0,0.007133508420509523
30,1,10,30,2,legacy,near_linear,M3,0.005167283203008012,0.4034038870862197,0.5662003065339923,1.0,0.005849602306090507
30,1,10,30,2,legacy,near_linear,M4,0.003506380834662199,0.4033946526209665,0.5666286035328864,1.0,0.003624027166499843
30,1,10,30,2,legacy,strong,M1,0.02476757372514871,1.239052680752718,1.736398163644602,1.0,0.03037616760410728
30,1,10,30,2,legacy,strong,M2,0.020457504266342744,1.2389909910296713,1.7371653989084743,1.0,0.021986830583922107
30,1,10,30,2,legacy,strong,M3,0.017557909028954388,1.2387878138595765,1.7428857254084775,1.0,0.019859781227090912
30,1,10,30,2,legacy,strong,M4,0.012160009685754855,1.2387536425594006,1.7448158368281086,1.0,0.012584773033698043
30,1,10,30,2,vy,moderate,M1,0.01577406162186524,0.8134645901544844,1.1360456060818054,1.0,0.019204414014706062
30,1,10,30,2,vy,moderate,M2,0.013276285752912169,0.8134305504214925,1.1369767421398898,1.0,0.014347689462961404
30,1,10,30,2,vy,moderate,M3,0.01075877291564485,0.8133374080060151,1.136926025536232,1.0,0.012113786044834615
30,1,10,30,2,vy,moderate,M4,0.0073332644207229425,0.8133165735827848,1.137727929771992,1.0,0.00758282023818041
30,1,10,30,2,vy,near_linear,M1,0.007740864013337281,0.4034477045131844,0.5657900837969103,1.0,0.0093882926698854
30,1,10,30,2,vy,near_linear,M2,0.006587078606154099,0.4034328494268931,0.5662808616289953,1.0,0.00713298433516937
30,1,10,30,2,vy,near_linear,M3,0.005172440562367256,0.40339307044152356,0.5662486002838069,1.0,0.0058537055162984734
30,1,10,30,2,vy,near_linear,M4,0.003509213516078754,0.403383817605228,0.566678066217889,1.0,0.0036261181427987665
30,1,10,30,2,vy,strong,M1,0.024792281406032228,1.2390686439666825,1.747578599992878,1.0,0.03042345567356534
30,1,10,30,2,vy,strong,M2,0.02046401909646799,1.2390069888614674,1.7484038459631437,1.0,0.02198969960871933
30,1,10,30,2,vy,strong,M3,0.01760461164755995,1.2388099525387912,1.754168124885667,1.0,0.019911980464085658
30,1,10,30,2,vy,strong,M4,0.012188853801158084,1.238775679752306,1.7561651229124084,1.0,0.012608866601043767
30,1,18,22,1,beta_noacc,moderate,M1,0.032084589959650765,0.8112040887255696,2.1955554929719208,1.0,0.03734702343031772
30,1,18,22,1,beta_noacc,moderate,M2,0.028674693288989764,0.8112732869823587,2.210914234883766,1.0,0.02944968819819609
30,1,18,22,1,beta_noacc,moderate,M3,0.03185765141598558,0.811091099810989,2.198151986665488,1.0,0.03630967621128547
30,1,18,22,1,beta_noacc,moderate,M4,0.028390200939620226,0.8111680713802462,2.214254733081978,1.0,0.02923933696305726
30,1,18,22,1,beta_noacc,near_linear,M1,0.015471527635563039,0.4034963226830339,1.091437483272958,1.0,0.017955165861690763
30,1,18,22,1,beta_noacc,near_linear,M2,0.013799291037005314,0.40352996512795397,1.0987333405164,1.0,0.014177761682503403
30,1,18,22,1,beta_noacc,near_linear,M3,0.015357725851886972,0.4034419215856469,1.092705422600625,1.0,0.01743862152152017
30,1,18,22,1,beta_noacc,near_linear,M4,0.01365374414713519,0.40347929825537115,1.1003909570962942,1.0,0.01407459957008061
30,1,18,22,1,beta_noacc,strong,M1,0.051701481486674125,1.2279488663378726,3.319139907767158,1.0,0.06056011620951565
30,1,18,22,1,beta_noacc,strong,M2,0.04645430213874607,1.2280624220356249,3.343523740830901,1.0,0.0476569887525866
30,1,18,22,1,beta_noacc,strong,M3,0.051352362825735694,1.2277677375253342,3.323114165838505,1.0,0.05898816017408826
30,1,18,22,1,beta_noacc,strong,M4,0.046031678079349964,1.2278937868057487,3.348648250992788,1.0,0.04731682832719664
30,1,18,22,1,legacy,moderate,M1,0.03208458400183048,0.8112040633328556,2.1954425756230664,1.0,0.037347830197218296
30,1,18,22,1,legacy,moderate,M2,0.02867451412835911,0.811273253895475,2.2108031804863737,1.0,0.029449336111530763
30,1,18,22,1,legacy,moderate,M3,0.03185738850411462,0.8110910531615523,2.198039071462713,1.0,0.03631034524199008
30,1,18,22,1,legacy,moderate,M4,0.0283897712668897,0.8111680173575271,2.2141436119767453,1.0,0.02923872643756026
30,1,18,22,1,legacy,near_linear,M1,0.015471470814145164,0.4034963289310129,1.0913770087709522,1.0,0.017955496624512058
30,1,18,22,1,legacy,near_linear,M2,0.013799144979450853,0.40352996721960666,1.0986736132287054,1.0,0.014177526413535296
30,1,18,22,1,legacy,near_linear,M3,0.01535753366580818,0.403441916196408,1.0926449469348145,1.0,0.017438877292321568
30,1,18,22,1,legacy,near_linear,M4,0.013653466786564707,0.40347928883196643,1.100332033416252,1.0,0.014074230617454714
30,1,18,22,1,legacy,strong,M1,0.051701905762476685,1.227948687243486,3.318976834623088,1.0,0.06056188417697046
30,1,18,22,1,legacy,strong,M2,0.04645451060634106,1.2280622335866758,3.343367380961202,1.0,0.047656945047165576
30,1,18,22,1,legacy,strong,M3,0.05135244187978537,1.2277675327456443,3.322954799473796,1.0,0.058989756739766655
30,1,18,22,1,legacy,strong,M4,0.04603154825626402,1.2278935733526488,3.3484916997025187,1.0,0.04731642742683676
30,1,18,22,1,vy,moderate,M1,0.032088924492495195,0.8111844438542051,2.197168373463441,1.0,0.03735592604500052
30,1,18,22,1,vy,moderate,M2,0.02867544191704195,0.8112534036620017,2.212560474612806,1.0,0.029449435244681108
30,1,18,22,1,vy,moderate,M3,0.03186214654797361,0.8110717530970359,2.199763356033894,1.0,0.036319377814174235
30,1,18,22,1,vy,moderate,M4,0.028390171872867985,0.8111484882511591,2.215899326485863,1.0,0.029237573195969927
30,1,18,22,1,vy,near_linear,M1,0.015472524592226275,0.4034871534298095,1.092102747648596,1.0,0.017957581666385385
30,1,18,22,1,vy,near_linear,M2,0.013798687437374084,0.40352068166683486,1.0994183486774938,1.0,0.014176456156021807
30,1,18,22,1,vy,near_linear,M3,0.015358744776048174,0.4034328755941093,1.0933698549776674,1.0,0.017441336107361777
30,1,18,22,1,vy,near_linear,M4,0.013652707661750736,0.4034701385404326,1.101087592968529,1.0,0.014072514464365747
30,1,18,22,1,vy,strong,M1,0.05171768803899138,1.2279140022177328,3.3221943072560367,1.0,0.06058966714942196
30,1,18,22,1,vy,strong,M2,0.04646436717077433,1.2280271900783157,3.346679160911748,1.0,0.047667325910053134
30,1,18,22,1,vy,strong,M3,0.05136915809202912,1.2277334856373363,3.326188625595284,1.0,0.0590195456632329
30,1,18,22,1,vy,strong,M4,0.04604086311372008,1.227859173776354,3.351800298579237,1.0,0.04732509155390984
30,1,18,22,2,beta_noacc,moderate,M1,0.010773162099579995,0.8116367504053457,1.1176572932860185,1.0,0.0120067699499719
30,1,18,22,2,beta_noacc,moderate,M2,0.007980275012569262,0.8116427998230705,1.1193316114655254,1.0,0.008031566425003479
30,1,18,22,2,beta_noacc,moderate,M3,0.010601950816834573,0.8116046416649039,1.1185960931967365,1.0,0.01274073698506016
30,1,18,22,2,beta_noacc,moderate,M4,0.007821296660342111,0.8116130758037239,1.120453473130397,1.0,0.008045223551370382
30,1,18,22,2,beta_noacc,near_linear,M1,0.005210126157153068,0.40332801009573116,0.5523858539004811,1.0,0.00581302152520273
30,1,18,22,2,beta_noacc,near_linear,M2,0.0038492942245597645,0.4033313816400652,0.5532444694426037,1.0,0.0038787789149801496
30,1,18,22,2,beta_noacc,near_linear,M3,0.005119289675005077,0.40331270188474533,0.5528374590200693,1.0,0.0061836519471075765
30,1,18,22,2,beta_noacc,near_linear,M4,0.0037580903882424633,0.40331719549926975,0.5537866735132508,1.0,0.0038631758971933933
30,1,18,22,2,beta_noacc,strong,M1,0.017276374262341607,1.2313252747652659,1.7153488876774594,1.0,0.019335382058671677
30,1,18,22,2,beta_noacc,strong,M2,0.012887959086325423,1.2313331671799006,1.7177729872666103,1.0,0.012998398707879706
30,1,18,22,2,beta_noacc,strong,M3,0.017045118809876296,1.2312724188549127,1.7168695133053815,1.0,0.020206505417513548
30,1,18,22,2,beta_noacc,strong,M4,0.012706298963295035,1.2312843370323723,1.7195755440523797,1.0,0.013072301758916103
30,1,18,22,2,legacy,moderate,M1,0.010773265552143819,0.8116369515487638,1.1176424765051354,1.0,0.01200718071462448
30,1,18,22,2,legacy,moderate,M2,0.007980268859515886,0.8116429999933537,1.1193169910618683,1.0,0.008031594425879713
30,1,18,22,2,legacy,moderate,M3,0.010601932410257555,0.8116048369585892,1.1185813319150215,1.0,0.012740300278447164
30,1,18,22,2,legacy,moderate,M4,0.007821161542470097,0.81161327037215,1.1204388969064734,1.0,0.008045003110445677
30,1,18,22,2,legacy,near_linear,M1,0.005210173185442132,0.40332810223577437,0.5523760240292815,1.0,0.005812886463782987
30,1,18,22,2,legacy,near_linear,M2,0.003849288962682896,0.4033314732463208,0.5532347122965761,1.0,0.0038787924323665434
30,1,18,22,2,legacy,near_linear,M3,0.00511927274211418,0.4033127907380228,0.5528276495740341,1.0,0.0061834280186220635
30,1,18,22,2,legacy,near_linear,M4,0.003758018106683047,0.4033172839283407,0.553776930514887,1.0,0.0038630608984075933
30,1,18,22,2,legacy,strong,M1,0.01727658137215376,1.2313256289449594,1.715343136036957,1.0,0.01933607460287333
30,1,18,22,2,legacy,strong,M2,0.012887990708427615,1.2313335203988847,1.7177677266598597,1.0,0.012998299129353269
30,1,18,22,2,legacy,strong,M3,0.017045159636142997,1.2312727667583039,1.716863895887945,1.0,0.020205894992462604
30,1,18,22,2,legacy,strong,M4,0.012706151784510131,1.231284684442928,1.7195704060176065,1.0,0.013072026551051887
30,1,18,22,2,vy,moderate,M1,0.010774426351512838,0.8116329620361835,1.1183270752768792,1.0,0.012008828734155076
30,1,18,22,2,vy,moderate,M2,0.007980543251065132,0.8116389766048917,1.1200052118789423,1.0,0.008031807603125333
30,1,18,22,2,vy,moderate,M3,0.010603385366272026,0.8116009723693522,1.1192669639139667,1.0,0.012742256264043779
30,1,18,22,2,vy,moderate,M4,0.007821625445018231,0.8116093702265282,1.1211282128670836,1.0,0.00804550995012141
30,1,18,22,2,vy,near_linear,M1,0.005210538318761542,0.40332578214503456,0.5526601283931915,1.0,0.005813447206975413
30,1,18,22,2,vy,near_linear,M2,0.0038492995676912764,0.4033291387257695,0.5535201827314229,1.0,0.003878801057330747
30,1,18,22,2,vy,near_linear,M3,0.005119766253493325,0.40331052198605544,0.5531121042480135,1.0,0.00618426780350363
30,1,18,22,2,vy,near_linear,M4,0.003758103106363031,0.4033149999047595,0.5540627671789565,1.0,0.0038631475898000503
30,1,18,22,2,vy,strong,M1,0.017280195068557325,1.2313216159010674,1.716792144369436,1.0,0.01934172395913034
30,1,18,22,2,vy,strong,M2,0.012889638193920585,1.231329443943864,1.719226145231172,1.0,0.013000252302743376
30,1,18,22,2,vy,strong,M3,0.017049301111559022,1.231269021093492,1.7183157484782017,1.0,0.02020976830713289
30,1,18,22,2,vy,strong,M4,0.012708172929918209,1.2312808731938287,1.7210319063765638,1.0,0.013074269176296489
