context,restart,candidate,parameter,fitted,coupling_log_residual,seed,process_noise_scale
fold0,0,0,yaw_front,0.6729653197177117,1.3322676295501878e-15,601,0.01
fold0,0,0,yaw_rear,5.752574804894981,1.3322676295501878e-15,601,0.01
fold0,0,0,front_beta,71.42179549732278,1.3322676295501878e-15,601,0.01
fold0,0,0,front_yaw,22.77749277583871,1.3322676295501878e-15,601,0.01
fold0,0,0,rear_beta,9.595959595959595,1.3322676295501878e-15,601,0.01
fold0,0,0,rear_yaw,26.159723850381493,1.3322676295501878e-15,601,0.01
fold0,0,0,front_decay,0.988934599804504,1.3322676295501878e-15,601,0.01
fold0,0,0,rear_decay,0.8940482806476541,1.3322676295501878e-15,601,0.01
fold0,0,0,actuator_rate,8.441092836368856,1.3322676295501878e-15,601,0.01
fold0,0,1,yaw_front,0.6636153026997978,8.881784197001252e-16,601,0.01
fold0,0,1,yaw_rear,0.9406433312509198,8.881784197001252e-16,601,0.01
fold0,0,1,front_beta,53.16574567821404,8.881784197001252e-16,601,0.01
fold0,0,1,front_yaw,65.25803859300964,8.881784197001252e-16,601,0.01
fold0,0,1,rear_beta,41.63433491501711,8.881784197001252e-16,601,0.01
fold0,0,1,rear_yaw,72.43731216448101,8.881784197001252e-16,601,0.01
fold0,0,1,front_decay,1.2486068074774257,8.881784197001252e-16,601,0.01
fold0,0,1,rear_decay,0.867086984616756,8.881784197001252e-16,601,0.01
fold0,0,1,actuator_rate,5.8000713462761775,8.881784197001252e-16,601,0.01
fold0,0,2,yaw_front,0.7432912580235094,4.440892098500626e-16,601,0.01
fold0,0,2,yaw_rear,7.3935070756405725,4.440892098500626e-16,601,0.01
fold0,0,2,front_beta,78.16387781248767,4.440892098500626e-16,601,0.01
fold0,0,2,front_yaw,21.771762320525863,4.440892098500626e-16,601,0.01
fold0,0,2,rear_beta,9.595959595959595,4.440892098500626e-16,601,0.01
fold0,0,2,rear_yaw,26.5868794181103,4.440892098500626e-16,601,0.01
fold0,0,2,front_decay,1.012310076046625,4.440892098500626e-16,601,0.01
fold0,0,2,rear_decay,1.051269202001471,4.440892098500626e-16,601,0.01
fold0,0,2,actuator_rate,12.678759100541262,4.440892098500626e-16,601,0.01
fold0,1,0,yaw_front,0.6729653197177117,1.3322676295501878e-15,601,0.01
fold0,1,0,yaw_rear,5.752574804894981,1.3322676295501878e-15,601,0.01
fold0,1,0,front_beta,71.42179549732278,1.3322676295501878e-15,601,0.01
fold0,1,0,front_yaw,22.77749277583871,1.3322676295501878e-15,601,0.01
fold0,1,0,rear_beta,9.595959595959595,1.3322676295501878e-15,601,0.01
fold0,1,0,rear_yaw,26.159723850381493,1.3322676295501878e-15,601,0.01
fold0,1,0,front_decay,0.988934599804504,1.3322676295501878e-15,601,0.01
fold0,1,0,rear_decay,0.8940482806476541,1.3322676295501878e-15,601,0.01
fold0,1,0,actuator_rate,8.441092836368856,1.3322676295501878e-15,601,0.01
fold0,1,1,yaw_front,0.6636151732504811,0.0,601,0.01
fold0,1,1,yaw_rear,0.940643640869247,0.0,601,0.01
fold0,1,1,front_beta,53.16577908703847,0.0,601,0.01
fold0,1,1,front_yaw,65.25805498968094,0.0,601,0.01
fold0,1,1,rear_beta,41.63434199573687,0.0,601,0.01
fold0,1,1,rear_yaw,72.43733513878136,0.0,601,0.01
fold0,1,1,front_decay,1.248607406715029,0.0,601,0.01
fold0,1,1,rear_decay,0.8670874733491724,0.0,601,0.01
fold0,1,1,actuator_rate,5.800071158467156,0.0,601,0.01
fold0,1,2,yaw_front,0.7432912789600365,0.0,601,0.01
fold0,1,2,yaw_rear,7.393508760930763,0.0,601,0.01
fold0,1,2,front_beta,78.16387609545473,0.0,601,0.01
fold0,1,2,front_yaw,21.771756719147696,0.0,601,0.01
fold0,1,2,rear_beta,9.595959595959595,0.0,601,0.01
fold0,1,2,rear_yaw,26.586878473330103,0.0,601,0.01
fold0,1,2,front_decay,1.0123100500983733,0.0,601,0.01
fold0,1,2,rear_decay,1.051269390882855,0.0,601,0.01
fold0,1,2,actuator_rate,12.67875897200095,0.0,601,0.01
fold0,2,0,yaw_front,0.6729653197177117,1.3322676295501878e-15,601,0.01
fold0,2,0,yaw_rear,5.752574804894981,1.3322676295501878e-15,601,0.01
fold0,2,0,front_beta,71.42179549732278,1.3322676295501878e-15,601,0.01
fold0,2,0,front_yaw,22.77749277583871,1.3322676295501878e-15,601,0.01
fold0,2,0,rear_beta,9.595959595959595,1.3322676295501878e-15,601,0.01
fold0,2,0,rear_yaw,26.159723850381493,1.3322676295501878e-15,601,0.01
fold0,2,0,front_decay,0.988934599804504,1.3322676295501878e-15,601,0.01
fold0,2,0,rear_decay,0.8940482806476541,1.3322676295501878e-15,601,0.01
fold0,2,0,actuator_rate,8.441092836368856,1.3322676295501878e-15,601,0.01
fold0,2,1,yaw_front,0.743291316246699,8.881784197001252e-16,601,0.01
fold0,2,1,yaw_rear,7.393508215047984,8.881784197001252e-16,601,0.01
fold0,2,1,front_beta,78.16386884842888,8.881784197001252e-16,601,0.01
fold0,2,1,front_yaw,21.77175820967687,8.881784197001252e-16,601,0.01
fold0,2,1,rear_beta,9.595959595959595,8.881784197001252e-16,601,0.01
fold0,2,1,rear_yaw,26.586879461841257,8.881784197001252e-16,601,0.01
fold0,2,1,front_decay,1.0123099563712392,8.881784197001252e-16,601,0.01
fold0,2,1,rear_decay,1.0512692864185362,8.881784197001252e-16,601,0.01
fold0,2,1,actuator_rate,12.678759189493537,8.881784197001252e-16,601,0.01
fold0,2,2,yaw_front,0.663615277688752,8.881784197001252e-16,601,0.01
fold0,2,2,yaw_rear,0.9406434488627836,8.881784197001252e-16,601,0.01
fold0,2,2,front_beta,53.16574104349864,8.881784197001252e-16,601,0.01
fold0,2,2,front_yaw,65.25802800111342,8.881784197001252e-16,601,0.01
fold0,2,2,rear_beta,41.6343212203618,8.881784197001252e-16,601,0.01
fold0,2,2,rear_yaw,72.43729468263588,8.881784197001252e-16,601,0.01
fold0,2,2,front_decay,1.2486066260506503,8.881784197001252e-16,601,0.01
fold0,2,2,rear_decay,0.8670868106599877,8.881784197001252e-16,601,0.01
fold0,2,2,actuator_rate,5.800071292851125,8.881784197001252e-16,601,0.01
fold0,3,0,yaw_front,0.6729653197177117,1.3322676295501878e-15,601,0.01
fold0,3,0,yaw_rear,5.752574804894981,1.3322676295501878e-15,601,0.01
fold0,3,0,front_beta,71.42179549732278,1.3322676295501878e-15,601,0.01
fold0,3,0,front_yaw,22.77749277583871,1.3322676295501878e-15,601,0.01
fold0,3,0,rear_beta,9.595959595959595,1.3322676295501878e-15,601,0.01
fold0,3,0,rear_yaw,26.159723850381493,1.3322676295501878e-15,601,0.01
fold0,3,0,front_decay,0.988934599804504,1.3322676295501878e-15,601,0.01
fold0,3,0,rear_decay,0.8940482806476541,1.3322676295501878e-15,601,0.01
fold0,3,0,actuator_rate,8.441092836368856,1.3322676295501878e-15,601,0.01
fold0,3,1,yaw_front,0.7432912341142266,0.0,601,0.01
fold0,3,1,yaw_rear,7.393505308280522,0.0,601,0.01
fold0,3,1,front_beta,78.16387408064826,0.0,601,0.01
fold0,3,1,front_yaw,21.77176570542085,0.0,601,0.01
fold0,3,1,rear_beta,9.595959595959595,0.0,601,0.01
fold0,3,1,rear_yaw,26.586879320805973,0.0,601,0.01
fold0,3,1,front_decay,1.0123100380520176,0.0,601,0.01
fold0,3,1,rear_decay,1.0512689859317728,0.0,601,0.01
fold0,3,1,actuator_rate,12.67875924522447,0.0,601,0.01
fold0,3,2,yaw_front,0.6636154246339042,1.7763568394002505e-15,601,0.01
fold0,3,2,yaw_rear,0.940643108645978,1.7763568394002505e-15,601,0.01
fold0,3,2,front_beta,53.16573252481353,1.7763568394002505e-15,601,0.01
fold0,3,2,front_yaw,65.25803552552814,1.7763568394002505e-15,601,0.01
fold0,3,2,rear_beta,41.63435761195405,1.7763568394002505e-15,601,0.01
fold0,3,2,rear_yaw,72.43733571774204,1.7763568394002505e-15,601,0.01
fold0,3,2,front_decay,1.2486066650521632,1.7763568394002505e-15,601,0.01
fold0,3,2,rear_decay,0.8670871841398662,1.7763568394002505e-15,601,0.01
fold0,3,2,actuator_rate,5.800071562666688,1.7763568394002505e-15,601,0.01
fold0,4,0,yaw_front,0.6729653197177117,1.3322676295501878e-15,601,0.01
fold0,4,0,yaw_rear,5.752574804894981,1.3322676295501878e-15,601,0.01
fold0,4,0,front_beta,71.42179549732278,1.3322676295501878e-15,601,0.01
fold0,4,0,front_yaw,22.77749277583871,1.3322676295501878e-15,601,0.01
fold0,4,0,rear_beta,9.595959595959595,1.3322676295501878e-15,601,0.01
fold0,4,0,rear_yaw,26.159723850381493,1.3322676295501878e-15,601,0.01
fold0,4,0,front_decay,0.988934599804504,1.3322676295501878e-15,601,0.01
fold0,4,0,rear_decay,0.8940482806476541,1.3322676295501878e-15,601,0.01
fold0,4,0,actuator_rate,8.441092836368856,1.3322676295501878e-15,601,0.01
fold0,4,1,yaw_front,0.7993769099422273,0.0,601,0.01
fold0,4,1,yaw_rear,1.1017239901316866,0.0,601,0.01
fold0,4,1,front_beta,236.33043797143208,0.0,601,0.01
fold0,4,1,front_yaw,262.268583720221,0.0,601,0.01
fold0,4,1,rear_beta,145.13752855496017,0.0,601,0.01
fold0,4,1,rear_yaw,221.98699975765865,0.0,601,0.01
fold0,4,1,front_decay,3.90716243093354,0.0,601,0.01
fold0,4,1,rear_decay,2.468595458511433,0.0,601,0.01
fold0,4,1,actuator_rate,12.635254904421512,0.0,601,0.01
fold0,4,2,yaw_front,0.6636154413019114,0.0,601,0.01
fold0,4,2,yaw_rear,0.9406430099742688,0.0,601,0.01
fold0,4,2,front_beta,53.16573947872382,0.0,601,0.01
fold0,4,2,front_yaw,65.2580604542306,0.0,601,0.01
fold0,4,2,rear_beta,41.63434997801059,0.0,601,0.01
fold0,4,2,rear_yaw,72.43733121454298,0.0,601,0.01
fold0,4,2,front_decay,1.2486068164143136,0.0,601,0.01
fold0,4,2,rear_decay,0.8670870197262889,0.0,601,0.01
fold0,4,2,actuator_rate,5.800071576260955,0.0,601,0.01
fold0,5,0,yaw_front,0.6729653197177117,1.3322676295501878e-15,601,0.01
fold0,5,0,yaw_rear,5.752574804894981,1.3322676295501878e-15,601,0.01
fold0,5,0,front_beta,71.42179549732278,1.3322676295501878e-15,601,0.01
fold0,5,0,front_yaw,22.77749277583871,1.3322676295501878e-15,601,0.01
fold0,5,0,rear_beta,9.595959595959595,1.3322676295501878e-15,601,0.01
fold0,5,0,rear_yaw,26.159723850381493,1.3322676295501878e-15,601,0.01
fold0,5,0,front_decay,0.988934599804504,1.3322676295501878e-15,601,0.01
fold0,5,0,rear_decay,0.8940482806476541,1.3322676295501878e-15,601,0.01
fold0,5,0,actuator_rate,8.441092836368856,1.3322676295501878e-15,601,0.01
fold0,5,1,yaw_front,0.7432912138343003,4.440892098500626e-16,601,0.01
fold0,5,1,yaw_rear,7.393507098636188,4.440892098500626e-16,601,0.01
fold0,5,1,front_beta,78.16388288682501,4.440892098500626e-16,601,0.01
fold0,5,1,front_yaw,21.77176113554017,4.440892098500626e-16,601,0.01
fold0,5,1,rear_beta,9.595959595959595,4.440892098500626e-16,601,0.01
fold0,5,1,rear_yaw,26.58687790835112,4.440892098500626e-16,601,0.01
fold0,5,1,front_decay,1.0123101474828904,4.440892098500626e-16,601,0.01
fold0,5,1,rear_decay,1.0512692365937213,4.440892098500626e-16,601,0.01
fold0,5,1,actuator_rate,12.67875885741922,4.440892098500626e-16,601,0.01
fold0,5,2,yaw_front,0.6636152538328465,8.881784197001252e-16,601,0.01
fold0,5,2,yaw_rear,0.940643766631452,8.881784197001252e-16,601,0.01
fold0,5,2,front_beta,53.165747553992205,8.881784197001252e-16,601,0.01
fold0,5,2,front_yaw,65.25802077147311,8.881784197001252e-16,601,0.01
fold0,5,2,rear_beta,41.634324829774485,8.881784197001252e-16,601,0.01
fold0,5,2,rear_yaw,72.43731114184423,8.881784197001252e-16,601,0.01
fold0,5,2,front_decay,1.2486067073577642,8.881784197001252e-16,601,0.01
fold0,5,2,rear_decay,0.8670871956550769,8.881784197001252e-16,601,0.01
fold0,5,2,actuator_rate,5.800071250676788,8.881784197001252e-16,601,0.01
fold1,0,0,yaw_front,0.7314809038417067,0.0,601,0.01
fold1,0,0,yaw_rear,5.750940685266829,0.0,601,0.01
fold1,0,0,front_beta,60.915188656669415,0.0,601,0.01
fold1,0,0,front_yaw,22.457362702300507,0.0,601,0.01
fold1,0,0,rear_beta,9.595959595959595,0.0,601,0.01
fold1,0,0,rear_yaw,27.81361673120867,0.0,601,0.01
fold1,0,0,front_decay,0.8581969641492866,0.0,601,0.01
fold1,0,0,rear_decay,0.8918441154952705,0.0,601,0.01
fold1,0,0,actuator_rate,8.833179163654869,0.0,601,0.01
fold1,0,1,yaw_front,0.6270779526396699,4.440892098500626e-16,601,0.01
fold1,0,1,yaw_rear,4.714129815631453,4.440892098500626e-16,601,0.01
fold1,0,1,front_beta,48.29335645978415,4.440892098500626e-16,601,0.01
fold1,0,1,front_yaw,16.16962141834323,4.440892098500626e-16,601,0.01
fold1,0,1,rear_beta,9.595959595959595,4.440892098500626e-16,601,0.01
fold1,0,1,rear_yaw,24.153544838978902,4.440892098500626e-16,601,0.01
fold1,0,1,front_decay,0.7511244253927606,4.440892098500626e-16,601,0.01
fold1,0,1,rear_decay,0.8112152139507237,4.440892098500626e-16,601,0.01
fold1,0,1,actuator_rate,7.813270005744965,4.440892098500626e-16,601,0.01
fold1,0,2,yaw_front,0.7248909524266446,4.440892098500626e-16,601,0.01
fold1,0,2,yaw_rear,5.914512842855929,4.440892098500626e-16,601,0.01
fold1,0,2,front_beta,86.25616739043261,4.440892098500626e-16,601,0.01
fold1,0,2,front_yaw,32.00589294519005,4.440892098500626e-16,601,0.01
fold1,0,2,rear_beta,9.595959595959595,4.440892098500626e-16,601,0.01
fold1,0,2,rear_yaw,29.05189739066163,4.440892098500626e-16,601,0.01
fold1,0,2,front_decay,1.0848649543348867,4.440892098500626e-16,601,0.01
fold1,0,2,rear_decay,0.8655950431307344,4.440892098500626e-16,601,0.01
fold1,0,2,actuator_rate,14.909906156905434,4.440892098500626e-16,601,0.01
fold1,1,0,yaw_front,0.7314809038417067,0.0,601,0.01
fold1,1,0,yaw_rear,5.750940685266829,0.0,601,0.01
fold1,1,0,front_beta,60.915188656669415,0.0,601,0.01
fold1,1,0,front_yaw,22.457362702300507,0.0,601,0.01
fold1,1,0,rear_beta,9.595959595959595,0.0,601,0.01
fold1,1,0,rear_yaw,27.81361673120867,0.0,601,0.01
fold1,1,0,front_decay,0.8581969641492866,0.0,601,0.01
fold1,1,0,rear_decay,0.8918441154952705,0.0,601,0.01
fold1,1,0,actuator_rate,8.833179163654869,0.0,601,0.01
fold1,1,1,yaw_front,0.7138073994532828,8.881784197001252e-16,601,0.01
fold1,1,1,yaw_rear,6.933282009392173,8.881784197001252e-16,601,0.01
fold1,1,1,front_beta,63.75821601011034,8.881784197001252e-16,601,0.01
fold1,1,1,front_yaw,17.3268528778341,8.881784197001252e-16,601,0.01
fold1,1,1,rear_beta,9.595959595959595,8.881784197001252e-16,601,0.01
fold1,1,1,rear_yaw,25.329683400063832,8.881784197001252e-16,601,0.01
fold1,1,1,front_decay,0.8963717196364407,8.881784197001252e-16,601,0.01
fold1,1,1,rear_decay,0.9876031952836288,8.881784197001252e-16,601,0.01
fold1,1,1,actuator_rate,10.70548972368548,8.881784197001252e-16,601,0.01
fold1,1,2,yaw_front,0.8277230350916459,4.440892098500626e-16,601,0.01
fold1,1,2,yaw_rear,3.3369768976843326,4.440892098500626e-16,601,0.01
fold1,1,2,front_beta,32.22680186681431,4.440892098500626e-16,601,0.01
fold1,1,2,front_yaw,24.27311669038111,4.440892098500626e-16,601,0.01
fold1,1,2,rear_beta,9.595959595959595,4.440892098500626e-16,601,0.01
fold1,1,2,rear_yaw,29.13834652807237,4.440892098500626e-16,601,0.01
fold1,1,2,front_decay,0.4711789914623248,4.440892098500626e-16,601,0.01
fold1,1,2,rear_decay,0.5312216025042946,4.440892098500626e-16,601,0.01
fold1,1,2,actuator_rate,5.770586033334032,4.440892098500626e-16,601,0.01
fold1,2,0,yaw_front,0.7314809038417067,0.0,601,0.01
fold1,2,0,yaw_rear,5.750940685266829,0.0,601,0.01
fold1,2,0,front_beta,60.915188656669415,0.0,601,0.01
fold1,2,0,front_yaw,22.457362702300507,0.0,601,0.01
fold1,2,0,rear_beta,9.595959595959595,0.0,601,0.01
fold1,2,0,rear_yaw,27.81361673120867,0.0,601,0.01
fold1,2,0,front_decay,0.8581969641492866,0.0,601,0.01
fold1,2,0,rear_decay,0.8918441154952705,0.0,601,0.01
fold1,2,0,actuator_rate,8.833179163654869,0.0,601,0.01
fold1,2,1,yaw_front,0.7138076630657005,0.0,601,0.01
fold1,2,1,yaw_rear,6.933287111528208,0.0,601,0.01
fold1,2,1,front_beta,63.7582019783171,0.0,601,0.01
fold1,2,1,front_yaw,17.32684258571345,0.0,601,0.01
fold1,2,1,rear_beta,9.595959595959595,0.0,601,0.01
fold1,2,1,rear_yaw,25.32968321427915,0.0,601,0.01
fold1,2,1,front_decay,0.8963715200371564,0.0,601,0.01
fold1,2,1,rear_decay,0.9876035778441428,0.0,601,0.01
fold1,2,1,actuator_rate,10.705488109208646,0.0,601,0.01
fold1,2,2,yaw_front,0.8277237504742007,8.881784197001252e-16,601,0.01
fold1,2,2,yaw_rear,3.336981166422321,8.881784197001252e-16,601,0.01
fold1,2,2,front_beta,32.226779331326405,8.881784197001252e-16,601,0.01
fold1,2,2,front_yaw,24.27309926540373,8.881784197001252e-16,601,0.01
fold1,2,2,rear_beta,9.595959595959595,8.881784197001252e-16,601,0.01
fold1,2,2,rear_yaw,29.13835807709752,8.881784197001252e-16,601,0.01
fold1,2,2,front_decay,0.4711786042627876,8.881784197001252e-16,601,0.01
fold1,2,2,rear_decay,0.5312218711769036,8.881784197001252e-16,601,0.01
fold1,2,2,actuator_rate,5.7705852857459465,8.881784197001252e-16,601,0.01
fold1,3,0,yaw_front,0.7314809038417067,0.0,601,0.01
fold1,3,0,yaw_rear,5.750940685266829,0.0,601,0.01
fold1,3,0,front_beta,60.915188656669415,0.0,601,0.01
fold1,3,0,front_yaw,22.457362702300507,0.0,601,0.01
fold1,3,0,rear_beta,9.595959595959595,0.0,601,0.01
fold1,3,0,rear_yaw,27.81361673120867,0.0,601,0.01
fold1,3,0,front_decay,0.8581969641492866,0.0,601,0.01
fold1,3,0,rear_decay,0.8918441154952705,0.0,601,0.01
fold1,3,0,actuator_rate,8.833179163654869,0.0,601,0.01
fold1,3,1,yaw_front,0.6270778488387484,0.0,601,0.01
fold1,3,1,yaw_rear,4.714127174342509,0.0,601,0.01
fold1,3,1,front_beta,48.29337020718609,0.0,601,0.01
fold1,3,1,front_yaw,16.169634122102995,0.0,601,0.01
fold1,3,1,rear_beta,9.59595959595959,0.0,601,0.01
fold1,3,1,rear_yaw,24.15354740481742,0.0,601,0.01
fold1,3,1,front_decay,0.751124659097378,0.0,601,0.01
fold1,3,1,rear_decay,0.8112149331930956,0.0,601,0.01
fold1,3,1,actuator_rate,7.813269653078401,0.0,601,0.01
fold1,3,2,yaw_front,0.7248908392106588,0.0,601,0.01
fold1,3,2,yaw_rear,5.914510713905958,0.0,601,0.01
fold1,3,2,front_beta,86.25617053536918,0.0,601,0.01
fold1,3,2,front_yaw,32.00590090981199,0.0,601,0.01
fold1,3,2,rear_beta,9.595959595959595,0.0,601,0.01
fold1,3,2,rear_yaw,29.051897641031168,0.0,601,0.01
fold1,3,2,front_decay,1.084865000732525,0.0,601,0.01
fold1,3,2,rear_decay,0.8655948664849148,0.0,601,0.01
fold1,3,2,actuator_rate,14.90990637594055,0.0,601,0.01
fold1,4,0,yaw_front,0.7314809038417067,0.0,601,0.01
fold1,4,0,yaw_rear,5.750940685266829,0.0,601,0.01
fold1,4,0,front_beta,60.915188656669415,0.0,601,0.01
fold1,4,0,front_yaw,22.457362702300507,0.0,601,0.01
fold1,4,0,rear_beta,9.595959595959595,0.0,601,0.01
fold1,4,0,rear_yaw,27.81361673120867,0.0,601,0.01
fold1,4,0,front_decay,0.8581969641492866,0.0,601,0.01
fold1,4,0,rear_decay,0.8918441154952705,0.0,601,0.01
fold1,4,0,actuator_rate,8.833179163654869,0.0,601,0.01
fold1,4,1,yaw_front,0.7689238658164526,0.0,601,0.01
fold1,4,1,yaw_rear,7.506886789495651,0.0,601,0.01
fold1,4,1,front_beta,68.69828524360297,0.0,601,0.01
fold1,4,1,front_yaw,27.32793882224576,0.0,601,0.01
fold1,4,1,rear_beta,11.958395259273392,0.0,601,0.01
fold1,4,1,rear_yaw,46.44194603857097,0.0,601,0.01
fold1,4,1,front_decay,0.5530653281959309,0.0,601,0.01
fold1,4,1,rear_decay,1.5394085390164511,0.0,601,0.01
fold1,4,1,actuator_rate,15.306570358706104,0.0,601,0.01
fold1,4,2,yaw_front,0.7314814488941318,0.0,601,0.01
fold1,4,2,yaw_rear,5.750945988791054,0.0,601,0.01
fold1,4,2,front_beta,60.91515611785304,0.0,601,0.01
fold1,4,2,front_yaw,22.457349760962167,0.0,601,0.01
fold1,4,2,rear_beta,9.595959595959595,0.0,601,0.01
fold1,4,2,rear_yaw,27.813620485177747,0.0,601,0.01
fold1,4,2,front_decay,0.8581965224334386,0.0,601,0.01
fold1,4,2,rear_decay,0.8918445518882676,0.0,601,0.01
fold1,4,2,actuator_rate,8.833180852327104,0.0,601,0.01
fold1,5,0,yaw_front,0.7314809038417067,0.0,601,0.01
fold1,5,0,yaw_rear,5.750940685266829,0.0,601,0.01
fold1,5,0,front_beta,60.915188656669415,0.0,601,0.01
fold1,5,0,front_yaw,22.457362702300507,0.0,601,0.01
fold1,5,0,rear_beta,9.595959595959595,0.0,601,0.01
fold1,5,0,rear_yaw,27.81361673120867,0.0,601,0.01
fold1,5,0,front_decay,0.8581969641492866,0.0,601,0.01
fold1,5,0,rear_decay,0.8918441154952705,0.0,601,0.01
fold1,5,0,actuator_rate,8.833179163654869,0.0,601,0.01
fold1,5,1,yaw_front,0.6482377292136253,8.881784197001252e-16,601,0.01
fold1,5,1,yaw_rear,3.209230540956727,8.881784197001252e-16,601,0.01
fold1,5,1,front_beta,104.18931094022494,8.881784197001252e-16,601,0.01
fold1,5,1,front_yaw,78.72556681792463,8.881784197001252e-16,601,0.01
fold1,5,1,rear_beta,9.595959595959595,8.881784197001252e-16,601,0.01
fold1,5,1,rear_yaw,35.896131960767775,8.881784197001252e-16,601,0.01
fold1,5,1,front_decay,1.29968908388003,8.881784197001252e-16,601,0.01
fold1,5,1,rear_decay,0.5872456358726673,8.881784197001252e-16,601,0.01
fold1,5,1,actuator_rate,14.876927411825095,8.881784197001252e-16,601,0.01
fold1,5,2,yaw_front,0.6258101478720226,4.440892098500626e-16,601,0.01
fold1,5,2,yaw_rear,4.992651839371856,4.440892098500626e-16,601,0.01
fold1,5,2,front_beta,50.1435145088636,4.440892098500626e-16,601,0.01
fold1,5,2,front_yaw,15.525129212678513,4.440892098500626e-16,601,0.01
fold1,5,2,rear_beta,9.595959595959595,4.440892098500626e-16,601,0.01
fold1,5,2,rear_yaw,23.702684986992335,4.440892098500626e-16,601,0.01
fold1,5,2,front_decay,0.778888838708582,4.440892098500626e-16,601,0.01
fold1,5,2,rear_decay,0.8534747284606817,4.440892098500626e-16,601,0.01
fold1,5,2,actuator_rate,7.913004085299084,4.440892098500626e-16,601,0.01
full,0,0,yaw_front,0.7176955747917705,4.440892098500626e-16,601,0.01
full,0,0,yaw_rear,5.854133865025535,4.440892098500626e-16,601,0.01
full,0,0,front_beta,64.20970622356091,4.440892098500626e-16,601,0.01
full,0,0,front_yaw,22.37947595715525,4.440892098500626e-16,601,0.01
full,0,0,rear_beta,9.595959595953548,4.440892098500626e-16,601,0.01
full,0,0,rear_yaw,27.280983394417703,4.440892098500626e-16,601,0.01
full,0,0,front_decay,0.8959805161693307,4.440892098500626e-16,601,0.01
full,0,0,rear_decay,0.9012461558240854,4.440892098500626e-16,601,0.01
full,0,0,actuator_rate,8.645921388390176,4.440892098500626e-16,601,0.01
full,0,1,yaw_front,0.5861040714153488,4.440892098500626e-16,601,0.01
full,0,1,yaw_rear,2.874791082137474,4.440892098500626e-16,601,0.01
full,0,1,front_beta,45.41087090742219,4.440892098500626e-16,601,0.01
full,0,1,front_yaw,27.173761674422305,4.440892098500626e-16,601,0.01
full,0,1,rear_beta,9.5959595959596,4.440892098500626e-16,601,0.01
full,0,1,rear_yaw,28.165008879503254,4.440892098500626e-16,601,0.01
full,0,1,front_decay,0.7346286387770334,4.440892098500626e-16,601,0.01
full,0,1,rear_decay,0.578842312234893,4.440892098500626e-16,601,0.01
full,0,1,actuator_rate,6.7869977439100735,4.440892098500626e-16,601,0.01
full,0,2,yaw_front,0.7380431553088377,8.881784197001252e-16,601,0.01
full,0,2,yaw_rear,7.086980891924152,8.881784197001252e-16,601,0.01
full,0,2,front_beta,82.1358070090506,8.881784197001252e-16,601,0.01
full,0,2,front_yaw,23.76252294791443,8.881784197001252e-16,601,0.01
full,0,2,rear_beta,9.5959595959596,8.881784197001252e-16,601,0.01
full,0,2,rear_yaw,26.65802287635344,8.881784197001252e-16,601,0.01
full,0,2,front_decay,1.0617299161393925,8.881784197001252e-16,601,0.01
full,0,2,rear_decay,1.0111417069753792,8.881784197001252e-16,601,0.01
full,0,2,actuator_rate,12.85716377483319,8.881784197001252e-16,601,0.01
full,1,0,yaw_front,0.7176955747917705,4.440892098500626e-16,601,0.01
full,1,0,yaw_rear,5.854133865025535,4.440892098500626e-16,601,0.01
full,1,0,front_beta,64.20970622356091,4.440892098500626e-16,601,0.01
full,1,0,front_yaw,22.37947595715525,4.440892098500626e-16,601,0.01
full,1,0,rear_beta,9.595959595953548,4.440892098500626e-16,601,0.01
full,1,0,rear_yaw,27.280983394417703,4.440892098500626e-16,601,0.01
full,1,0,front_decay,0.8959805161693307,4.440892098500626e-16,601,0.01
full,1,0,rear_decay,0.9012461558240854,4.440892098500626e-16,601,0.01
full,1,0,actuator_rate,8.645921388390176,4.440892098500626e-16,601,0.01
full,1,1,yaw_front,0.6673907065110595,8.881784197001252e-16,601,0.01
full,1,1,yaw_rear,0.9518219913444842,8.881784197001252e-16,601,0.01
full,1,1,front_beta,51.311750011672494,8.881784197001252e-16,601,0.01
full,1,1,front_yaw,61.78214670874903,8.881784197001252e-16,601,0.01
full,1,1,rear_beta,40.755038946325904,8.881784197001252e-16,601,0.01
full,1,1,rear_yaw,69.98469272617204,8.881784197001252e-16,601,0.01
full,1,1,front_decay,1.1798762492031298,8.881784197001252e-16,601,0.01
full,1,1,rear_decay,0.8854454762972834,8.881784197001252e-16,601,0.01
full,1,1,actuator_rate,5.649039918112931,8.881784197001252e-16,601,0.01
full,1,2,yaw_front,0.7795153608667236,4.440892098500626e-16,601,0.01
full,1,2,yaw_rear,7.34430083531017,4.440892098500626e-16,601,0.01
full,1,2,front_beta,67.65445120798928,4.440892098500626e-16,601,0.01
full,1,2,front_yaw,20.18787439283785,4.440892098500626e-16,601,0.01
full,1,2,rear_beta,9.5959595959596,4.440892098500626e-16,601,0.01
full,1,2,rear_yaw,26.97791670451989,4.440892098500626e-16,601,0.01
full,1,2,front_decay,0.8983511389151809,4.440892098500626e-16,601,0.01
full,1,2,rear_decay,1.0204572312074487,4.440892098500626e-16,601,0.01
full,1,2,actuator_rate,11.794310428906314,4.440892098500626e-16,601,0.01
full,2,0,yaw_front,0.7176955747917705,4.440892098500626e-16,601,0.01
full,2,0,yaw_rear,5.854133865025535,4.440892098500626e-16,601,0.01
full,2,0,front_beta,64.20970622356091,4.440892098500626e-16,601,0.01
full,2,0,front_yaw,22.37947595715525,4.440892098500626e-16,601,0.01
full,2,0,rear_beta,9.595959595953548,4.440892098500626e-16,601,0.01
full,2,0,rear_yaw,27.280983394417703,4.440892098500626e-16,601,0.01
full,2,0,front_decay,0.8959805161693307,4.440892098500626e-16,601,0.01
full,2,0,rear_decay,0.9012461558240854,4.440892098500626e-16,601,0.01
full,2,0,actuator_rate,8.645921388390176,4.440892098500626e-16,601,0.01
full,2,1,yaw_front,0.7795153637994736,4.440892098500626e-16,601,0.01
full,2,1,yaw_rear,7.3443002612501695,4.440892098500626e-16,601,0.01
full,2,1,front_beta,67.65445157035099,4.440892098500626e-16,601,0.01
full,2,1,front_yaw,20.187876472284064,4.440892098500626e-16,601,0.01
full,2,1,rear_beta,9.5959595959596,4.440892098500626e-16,601,0.01
full,2,1,rear_yaw,26.977917128676307,4.440892098500626e-16,601,0.01
full,2,1,front_decay,0.8983511419594111,4.440892098500626e-16,601,0.01
full,2,1,rear_decay,1.0204571541382628,4.440892098500626e-16,601,0.01
full,2,1,actuator_rate,11.794310523102396,4.440892098500626e-16,601,0.01
full,2,2,yaw_front,0.6673907974851861,8.881784197001252e-16,601,0.01
full,2,2,yaw_rear,0.9518219358332638,8.881784197001252e-16,601,0.01
full,2,2,front_beta,51.311735687078816,8.881784197001252e-16,601,0.01
full,2,2,front_yaw,61.78213569040269,8.881784197001252e-16,601,0.01
full,2,2,rear_beta,40.75504439273923,8.881784197001252e-16,601,0.01
full,2,2,rear_yaw,69.98469551363746,8.881784197001252e-16,601,0.01
full,2,2,front_decay,1.1798759948724016,8.881784197001252e-16,601,0.01
full,2,2,rear_decay,0.8854454659311833,8.881784197001252e-16,601,0.01
full,2,2,actuator_rate,5.649040079889634,8.881784197001252e-16,601,0.01
full,3,0,yaw_front,0.7176955747917705,4.440892098500626e-16,601,0.01
full,3,0,yaw_rear,5.854133865025535,4.440892098500626e-16,601,0.01
full,3,0,front_beta,64.20970622356091,4.440892098500626e-16,601,0.01
full,3,0,front_yaw,22.37947595715525,4.440892098500626e-16,601,0.01
full,3,0,rear_beta,9.595959595953548,4.440892098500626e-16,601,0.01
full,3,0,rear_yaw,27.280983394417703,4.440892098500626e-16,601,0.01
full,3,0,front_decay,0.8959805161693307,4.440892098500626e-16,601,0.01
full,3,0,rear_decay,0.9012461558240854,4.440892098500626e-16,601,0.01
full,3,0,actuator_rate,8.645921388390176,4.440892098500626e-16,601,0.01
full,3,1,yaw_front,0.7795152772433547,0.0,601,0.01
full,3,1,yaw_rear,7.344297477253638,0.0,601,0.01
full,3,1,front_beta,67.65445576378725,0.0,601,0.01
full,3,1,front_yaw,20.18788415294575,0.0,601,0.01
full,3,1,rear_beta,9.595959595959595,0.0,601,0.01
full,3,1,rear_yaw,26.977918489582912,0.0,601,0.01
full,3,1,front_decay,0.8983511880854085,0.0,601,0.01
full,3,1,rear_decay,1.0204568839785977,0.0,601,0.01
full,3,1,actuator_rate,11.794311252097431,0.0,601,0.01
full,3,2,yaw_front,0.6673907384326628,8.881784197001252e-16,601,0.01
full,3,2,yaw_rear,0.9518221379044834,8.881784197001252e-16,601,0.01
full,3,2,front_beta,51.31172224958024,8.881784197001252e-16,601,0.01
full,3,2,front_yaw,61.78211632376848,8.881784197001252e-16,601,0.01
full,3,2,rear_beta,40.75500785941566,8.881784197001252e-16,601,0.01
full,3,2,rear_yaw,69.98465021832443,8.881784197001252e-16,601,0.01
full,3,2,front_decay,1.179875561236397,8.881784197001252e-16,601,0.01
full,3,2,rear_decay,0.8854448957689146,8.881784197001252e-16,601,0.01
full,3,2,actuator_rate,5.649039913699745,8.881784197001252e-16,601,0.01
full,4,0,yaw_front,0.7176955747917705,4.440892098500626e-16,601,0.01
full,4,0,yaw_rear,5.854133865025535,4.440892098500626e-16,601,0.01
full,4,0,front_beta,64.20970622356091,4.440892098500626e-16,601,0.01
full,4,0,front_yaw,22.37947595715525,4.440892098500626e-16,601,0.01
full,4,0,rear_beta,9.595959595953548,4.440892098500626e-16,601,0.01
full,4,0,rear_yaw,27.280983394417703,4.440892098500626e-16,601,0.01
full,4,0,front_decay,0.8959805161693307,4.440892098500626e-16,601,0.01
full,4,0,rear_decay,0.9012461558240854,4.440892098500626e-16,601,0.01
full,4,0,actuator_rate,8.645921388390176,4.440892098500626e-16,601,0.01
full,4,1,yaw_front,0.7480122395419108,-4.440892098500626e-16,601,0.01
full,4,1,yaw_rear,7.102591233705186,-4.440892098500626e-16,601,0.01
full,4,1,front_beta,87.37371546969045,-4.440892098500626e-16,601,0.01
full,4,1,front_yaw,25.239550765309502,-4.440892098500626e-16,601,0.01
full,4,1,rear_beta,9.595959595959595,-4.440892098500626e-16,601,0.01
full,4,1,rear_yaw,26.32069448799888,-4.440892098500626e-16,601,0.01
full,4,1,front_decay,1.1374266764045466,-4.440892098500626e-16,601,0.01
full,4,1,rear_decay,1.0067279365530049,-4.440892098500626e-16,601,0.01
full,4,1,actuator_rate,13.2781313374239,-4.440892098500626e-16,601,0.01
full,4,2,yaw_front,0.5753759536609825,4.440892098500626e-16,601,0.01
full,4,2,yaw_rear,2.4781769107505136,4.440892098500626e-16,601,0.01
full,4,2,front_beta,48.12893979867884,4.440892098500626e-16,601,0.01
full,4,2,front_yaw,34.43718291025195,4.440892098500626e-16,601,0.01
full,4,2,rear_beta,9.595959595959595,4.440892098500626e-16,601,0.01
full,4,2,rear_yaw,29.57265601312332,4.440892098500626e-16,601,0.01
full,4,2,front_decay,0.7532507791159043,4.440892098500626e-16,601,0.01
full,4,2,rear_decay,0.5133768320768716,4.440892098500626e-16,601,0.01
full,4,2,actuator_rate,6.889019348735276,4.440892098500626e-16,601,0.01
full,5,0,yaw_front,0.7176955747917705,4.440892098500626e-16,601,0.01
full,5,0,yaw_rear,5.854133865025535,4.440892098500626e-16,601,0.01
full,5,0,front_beta,64.20970622356091,4.440892098500626e-16,601,0.01
full,5,0,front_yaw,22.37947595715525,4.440892098500626e-16,601,0.01
full,5,0,rear_beta,9.595959595953548,4.440892098500626e-16,601,0.01
full,5,0,rear_yaw,27.280983394417703,4.440892098500626e-16,601,0.01
full,5,0,front_decay,0.8959805161693307,4.440892098500626e-16,601,0.01
full,5,0,rear_decay,0.9012461558240854,4.440892098500626e-16,601,0.01
full,5,0,actuator_rate,8.645921388390176,4.440892098500626e-16,601,0.01
full,5,1,yaw_front,0.7380432419764811,8.881784197001252e-16,601,0.01
full,5,1,yaw_rear,7.086981664428396,8.881784197001252e-16,601,0.01
full,5,1,front_beta,82.13578015978291,8.881784197001252e-16,601,0.01
full,5,1,front_yaw,23.76251508595828,8.881784197001252e-16,601,0.01
full,5,1,rear_beta,9.595959595959595,8.881784197001252e-16,601,0.01
full,5,1,rear_yaw,26.658022546000662,8.881784197001252e-16,601,0.01
full,5,1,front_decay,1.0617295593180127,8.881784197001252e-16,601,0.01
full,5,1,rear_decay,1.0111417015143744,8.881784197001252e-16,601,0.01
full,5,1,actuator_rate,12.857165223595803,8.881784197001252e-16,601,0.01
full,5,2,yaw_front,0.5861041259533509,8.881784197001252e-16,601,0.01
full,5,2,yaw_rear,2.8747897140014,8.881784197001252e-16,601,0.01
full,5,2,front_beta,45.410873811276105,8.881784197001252e-16,601,0.01
full,5,2,front_yaw,27.173785144119154,8.881784197001252e-16,601,0.01
full,5,2,rear_beta,9.595959595959595,8.881784197001252e-16,601,0.01
full,5,2,rear_yaw,28.165015379515165,8.881784197001252e-16,601,0.01
full,5,2,front_decay,0.7346286878020988,8.881784197001252e-16,601,0.01
full,5,2,rear_decay,0.5788420708702935,8.881784197001252e-16,601,0.01
full,5,2,actuator_rate,6.786997989428612,8.881784197001252e-16,601,0.01
fold0,0,0,yaw_front,0.6199995045503974,8.881784197001252e-16,601,1.0
fold0,0,0,yaw_rear,1.057216249979129,8.881784197001252e-16,601,1.0
fold0,0,0,front_beta,107.99533448656987,8.881784197001252e-16,601,1.0
fold0,0,0,front_yaw,124.91100256481973,8.881784197001252e-16,601,1.0
fold0,0,0,rear_beta,23.772389015692124,8.881784197001252e-16,601,1.0
fold0,0,0,rear_yaw,46.88576604411023,8.881784197001252e-16,601,1.0
fold0,0,0,front_decay,2.079439939215445,8.881784197001252e-16,601,1.0
fold0,0,0,rear_decay,0.5828023746765466,8.881784197001252e-16,601,1.0
fold0,0,0,actuator_rate,11.5846713638327,8.881784197001252e-16,601,1.0
fold0,0,1,yaw_front,0.5798716626015228,8.881784197001252e-16,601,1.0
fold0,0,1,yaw_rear,0.672026342558835,8.881784197001252e-16,601,1.0
fold0,0,1,front_beta,61.76428727069662,8.881784197001252e-16,601,1.0
fold0,0,1,front_yaw,83.39590545231927,8.881784197001252e-16,601,1.0
fold0,0,1,rear_beta,19.71538462279656,8.881784197001252e-16,601,1.0
fold0,0,1,rear_yaw,30.85083757522825,8.881784197001252e-16,601,1.0
fold0,0,1,front_decay,1.562734235052856,8.881784197001252e-16,601,1.0
fold0,0,1,rear_decay,0.3852494995755097,8.881784197001252e-16,601,1.0
fold0,0,1,actuator_rate,8.27875047378292,8.881784197001252e-16,601,1.0
fold0,0,2,yaw_front,1.0144220396545276,0.0,601,1.0
fold0,0,2,yaw_rear,2.5638165229138234,0.0,601,1.0
fold0,0,2,front_beta,158.80111352519685,0.0,601,1.0
fold0,0,2,front_yaw,121.98514638193572,0.0,601,1.0
fold0,0,2,rear_beta,446.2964674294236,0.0,601,1.0
fold0,0,2,rear_yaw,866.4532267002919,0.0,601,1.0
fold0,0,2,front_decay,2.622732044688181,0.0,601,1.0
fold0,0,2,rear_decay,16.666666666666668,0.0,601,1.0
fold0,0,2,actuator_rate,17.555417938730542,0.0,601,1.0
fold0,1,0,yaw_front,0.6199995045503974,8.881784197001252e-16,601,1.0
fold0,1,0,yaw_rear,1.057216249979129,8.881784197001252e-16,601,1.0
fold0,1,0,front_beta,107.99533448656987,8.881784197001252e-16,601,1.0
fold0,1,0,front_yaw,124.91100256481973,8.881784197001252e-16,601,1.0
fold0,1,0,rear_beta,23.772389015692124,8.881784197001252e-16,601,1.0
fold0,1,0,rear_yaw,46.88576604411023,8.881784197001252e-16,601,1.0
fold0,1,0,front_decay,2.079439939215445,8.881784197001252e-16,601,1.0
fold0,1,0,rear_decay,0.5828023746765466,8.881784197001252e-16,601,1.0
fold0,1,0,actuator_rate,11.5846713638327,8.881784197001252e-16,601,1.0
fold0,1,1,yaw_front,0.7284580684630141,0.0,601,1.0
fold0,1,1,yaw_rear,0.7892646368809856,0.0,601,1.0
fold0,1,1,front_beta,66.55940413032077,0.0,601,1.0
fold0,1,1,front_yaw,91.36066424698684,0.0,601,1.0
fold0,1,1,rear_beta,33.254284405557065,0.0,601,1.0
fold0,1,1,rear_yaw,49.45560472299304,0.0,601,1.0
fold0,1,1,front_decay,2.0789384875862638,0.0,601,1.0
fold0,1,1,rear_decay,0.722998564656903,0.0,601,1.0
fold0,1,1,actuator_rate,7.134031358756585,0.0,601,1.0
fold0,1,2,yaw_front,0.8468772932057893,1.7763568394002505e-15,601,1.0
fold0,1,2,yaw_rear,1.2585044315994487,1.7763568394002505e-15,601,1.0
fold0,1,2,front_beta,130.4177995116533,1.7763568394002505e-15,601,1.0
fold0,1,2,front_yaw,143.3112716742222,1.7763568394002505e-15,601,1.0
fold0,1,2,rear_beta,66.88536631524468,1.7763568394002505e-15,601,1.0
fold0,1,2,rear_yaw,109.2216799166222,1.7763568394002505e-15,601,1.0
fold0,1,2,front_decay,2.443634827565887,1.7763568394002505e-15,601,1.0
fold0,1,2,rear_decay,1.464168760361109,1.7763568394002505e-15,601,1.0
fold0,1,2,actuator_rate,16.4828405573459,1.7763568394002505e-15,601,1.0
fold0,2,0,yaw_front,0.6199995045503974,8.881784197001252e-16,601,1.0
fold0,2,0,yaw_rear,1.057216249979129,8.881784197001252e-16,601,1.0
fold0,2,0,front_beta,107.99533448656987,8.881784197001252e-16,601,1.0
fold0,2,0,front_yaw,124.91100256481973,8.881784197001252e-16,601,1.0
fold0,2,0,rear_beta,23.772389015692124,8.881784197001252e-16,601,1.0
fold0,2,0,rear_yaw,46.88576604411023,8.881784197001252e-16,601,1.0
fold0,2,0,front_decay,2.079439939215445,8.881784197001252e-16,601,1.0
fold0,2,0,rear_decay,0.5828023746765466,8.881784197001252e-16,601,1.0
fold0,2,0,actuator_rate,11.5846713638327,8.881784197001252e-16,601,1.0
fold0,2,1,yaw_front,0.5798720584279375,4.440892098500626e-16,601,1.0
fold0,2,1,yaw_rear,0.6720260842309561,4.440892098500626e-16,601,1.0
fold0,2,1,front_beta,61.76440597520836,4.440892098500626e-16,601,1.0
fold0,2,1,front_yaw,83.39618032327482,4.440892098500626e-16,601,1.0
fold0,2,1,rear_beta,19.71538499115706,4.440892098500626e-16,601,1.0
fold0,2,1,rear_yaw,30.850847624881744,4.440892098500626e-16,601,1.0
fold0,2,1,front_decay,1.562738235138465,4.440892098500626e-16,601,1.0
fold0,2,1,rear_decay,0.3852495020758046,4.440892098500626e-16,601,1.0
fold0,2,1,actuator_rate,8.27874554673299,4.440892098500626e-16,601,1.0
fold0,2,2,yaw_front,1.014422252308676,1.7763568394002505e-15,601,1.0
fold0,2,2,yaw_rear,2.563814943061871,1.7763568394002505e-15,601,1.0
fold0,2,2,front_beta,158.80104788151914,1.7763568394002505e-15,601,1.0
fold0,2,2,front_yaw,121.98515921052548,1.7763568394002505e-15,601,1.0
fold0,2,2,rear_beta,446.29677150460674,1.7763568394002505e-15,601,1.0
fold0,2,2,rear_yaw,866.4535507741557,1.7763568394002505e-15,601,1.0
fold0,2,2,front_decay,2.622731344123904,1.7763568394002505e-15,601,1.0
fold0,2,2,rear_decay,16.666666666666668,1.7763568394002505e-15,601,1.0
fold0,2,2,actuator_rate,17.55541910615921,1.7763568394002505e-15,601,1.0
fold0,3,0,yaw_front,0.6199995045503974,8.881784197001252e-16,601,1.0
fold0,3,0,yaw_rear,1.057216249979129,8.881784197001252e-16,601,1.0
fold0,3,0,front_beta,107.99533448656987,8.881784197001252e-16,601,1.0
fold0,3,0,front_yaw,124.91100256481973,8.881784197001252e-16,601,1.0
fold0,3,0,rear_beta,23.772389015692124,8.881784197001252e-16,601,1.0
fold0,3,0,rear_yaw,46.88576604411023,8.881784197001252e-16,601,1.0
fold0,3,0,front_decay,2.079439939215445,8.881784197001252e-16,601,1.0
fold0,3,0,rear_decay,0.5828023746765466,8.881784197001252e-16,601,1.0
fold0,3,0,actuator_rate,11.5846713638327,8.881784197001252e-16,601,1.0
fold0,3,1,yaw_front,0.8468772348194485,8.881784197001252e-16,601,1.0
fold0,3,1,yaw_rear,1.2585044948485713,8.881784197001252e-16,601,1.0
fold0,3,1,front_beta,130.41782611114846,8.881784197001252e-16,601,1.0
fold0,3,1,front_yaw,143.31128880497295,8.881784197001252e-16,601,1.0
fold0,3,1,rear_beta,66.88536147632018,8.881784197001252e-16,601,1.0
fold0,3,1,rear_yaw,109.22167581351168,8.881784197001252e-16,601,1.0
fold0,3,1,front_decay,2.443635253351349,8.881784197001252e-16,601,1.0
fold0,3,1,rear_decay,1.464168769006593,8.881784197001252e-16,601,1.0
fold0,3,1,actuator_rate,16.482840614028603,8.881784197001252e-16,601,1.0
fold0,3,2,yaw_front,0.728456933079416,4.440892098500626e-16,601,1.0
fold0,3,2,yaw_rear,0.7892661427150679,4.440892098500626e-16,601,1.0
fold0,3,2,front_beta,66.55974046407886,4.440892098500626e-16,601,1.0
fold0,3,2,front_yaw,91.3610564242512,4.440892098500626e-16,601,1.0
fold0,3,2,rear_beta,33.25426672199348,4.440892098500626e-16,601,1.0
fold0,3,2,rear_yaw,49.455712251096735,4.440892098500626e-16,601,1.0
fold0,3,2,front_decay,2.078945770508837,4.440892098500626e-16,601,1.0
fold0,3,2,rear_decay,0.7230001010783287,4.440892098500626e-16,601,1.0
fold0,3,2,actuator_rate,7.134029145583093,4.440892098500626e-16,601,1.0
fold0,4,0,yaw_front,0.6199995045503974,8.881784197001252e-16,601,1.0
fold0,4,0,yaw_rear,1.057216249979129,8.881784197001252e-16,601,1.0
fold0,4,0,front_beta,107.99533448656987,8.881784197001252e-16,601,1.0
fold0,4,0,front_yaw,124.91100256481973,8.881784197001252e-16,601,1.0
fold0,4,0,rear_beta,23.772389015692124,8.881784197001252e-16,601,1.0
fold0,4,0,rear_yaw,46.88576604411023,8.881784197001252e-16,601,1.0
fold0,4,0,front_decay,2.079439939215445,8.881784197001252e-16,601,1.0
fold0,4,0,rear_decay,0.5828023746765466,8.881784197001252e-16,601,1.0
fold0,4,0,actuator_rate,11.5846713638327,8.881784197001252e-16,601,1.0
fold0,4,1,yaw_front,1.014422227103511,8.881784197001252e-16,601,1.0
fold0,4,1,yaw_rear,2.563816402362982,8.881784197001252e-16,601,1.0
fold0,4,1,front_beta,158.801011477085,8.881784197001252e-16,601,1.0
fold0,4,1,front_yaw,121.9851017865302,8.881784197001252e-16,601,1.0
fold0,4,1,rear_beta,446.2965538958981,8.881784197001252e-16,601,1.0
fold0,4,1,rear_yaw,866.4534337596781,8.881784197001252e-16,601,1.0
fold0,4,1,front_decay,2.622730278020408,8.881784197001252e-16,601,1.0
fold0,4,1,rear_decay,16.666666666666668,8.881784197001252e-16,601,1.0
fold0,4,1,actuator_rate,17.555417881721674,8.881784197001252e-16,601,1.0
fold0,4,2,yaw_front,0.5798716019618848,4.440892098500626e-16,601,1.0
fold0,4,2,yaw_rear,0.6720267310966874,4.440892098500626e-16,601,1.0
fold0,4,2,front_beta,61.764554103569886,4.440892098500626e-16,601,1.0
fold0,4,2,front_yaw,83.39637394944597,4.440892098500626e-16,601,1.0
fold0,4,2,rear_beta,19.715363845958656,4.440892098500626e-16,601,1.0
fold0,4,2,rear_yaw,30.85086615711392,4.440892098500626e-16,601,1.0
fold0,4,2,front_decay,1.5627406963249086,4.440892098500626e-16,601,1.0
fold0,4,2,rear_decay,0.3852495579241749,4.440892098500626e-16,601,1.0
fold0,4,2,actuator_rate,8.278740376605523,4.440892098500626e-16,601,1.0
fold0,5,0,yaw_front,0.6199995045503974,8.881784197001252e-16,601,1.0
fold0,5,0,yaw_rear,1.057216249979129,8.881784197001252e-16,601,1.0
fold0,5,0,front_beta,107.99533448656987,8.881784197001252e-16,601,1.0
fold0,5,0,front_yaw,124.91100256481973,8.881784197001252e-16,601,1.0
fold0,5,0,rear_beta,23.772389015692124,8.881784197001252e-16,601,1.0
fold0,5,0,rear_yaw,46.88576604411023,8.881784197001252e-16,601,1.0
fold0,5,0,front_decay,2.079439939215445,8.881784197001252e-16,601,1.0
fold0,5,0,rear_decay,0.5828023746765466,8.881784197001252e-16,601,1.0
fold0,5,0,actuator_rate,11.5846713638327,8.881784197001252e-16,601,1.0
fold0,5,1,yaw_front,0.846877293399122,1.7763568394002505e-15,601,1.0
fold0,5,1,yaw_rear,1.2585044361787583,1.7763568394002505e-15,601,1.0
fold0,5,1,front_beta,130.41780053164788,1.7763568394002505e-15,601,1.0
fold0,5,1,front_yaw,143.3112723871921,1.7763568394002505e-15,601,1.0
fold0,5,1,rear_beta,66.88536611731085,1.7763568394002505e-15,601,1.0
fold0,5,1,rear_yaw,109.22167965504724,1.7763568394002505e-15,601,1.0
fold0,5,1,front_decay,2.4436348508017662,1.7763568394002505e-15,601,1.0
fold0,5,1,rear_decay,1.4641687630111675,1.7763568394002505e-15,601,1.0
fold0,5,1,actuator_rate,16.482840581479984,1.7763568394002505e-15,601,1.0
fold0,5,2,yaw_front,0.7284584221122558,8.881784197001252e-16,601,1.0
fold0,5,2,yaw_rear,0.7892642624512914,8.881784197001252e-16,601,1.0
fold0,5,2,front_beta,66.55950390744334,8.881784197001252e-16,601,1.0
fold0,5,2,front_yaw,91.36079971460536,8.881784197001252e-16,601,1.0
fold0,5,2,rear_beta,33.25430377171872,8.881784197001252e-16,601,1.0
fold0,5,2,rear_yaw,49.45558524716836,8.881784197001252e-16,601,1.0
fold0,5,2,front_decay,2.07894309109588,8.881784197001252e-16,601,1.0
fold0,5,2,rear_decay,0.7229986826637625,8.881784197001252e-16,601,1.0
fold0,5,2,actuator_rate,7.134031466099876,8.881784197001252e-16,601,1.0
fold1,0,0,yaw_front,0.5882609372473405,4.440892098500626e-16,601,1.0
fold1,0,0,yaw_rear,1.1013203340090227,4.440892098500626e-16,601,1.0
fold1,0,0,front_beta,90.75012170519447,4.440892098500626e-16,601,1.0
fold1,0,0,front_yaw,113.16432900439165,4.440892098500626e-16,601,1.0
fold1,0,0,rear_beta,18.91567146395542,4.440892098500626e-16,601,1.0
fold1,0,0,rear_yaw,44.15986592680293,4.440892098500626e-16,601,1.0
fold1,0,0,front_decay,1.6680987116876,4.440892098500626e-16,601,1.0
fold1,0,0,rear_decay,0.5395295964108008,4.440892098500626e-16,601,1.0
fold1,0,0,actuator_rate,11.475999798029278,4.440892098500626e-16,601,1.0
fold1,0,1,yaw_front,0.6913627309312196,-4.440892098500626e-16,601,1.0
fold1,0,1,yaw_rear,0.5383319323340197,-4.440892098500626e-16,601,1.0
fold1,0,1,front_beta,136.96282570944814,-4.440892098500626e-16,601,1.0
fold1,0,1,front_yaw,187.4078498731544,-4.440892098500626e-16,601,1.0
fold1,0,1,rear_beta,27.842625613336374,-4.440892098500626e-16,601,1.0
fold1,0,1,rear_yaw,29.66466412935898,-4.440892098500626e-16,601,1.0
fold1,0,1,front_decay,4.632656894972554,-4.440892098500626e-16,601,1.0
fold1,0,1,rear_decay,0.4637699214429291,-4.440892098500626e-16,601,1.0
fold1,0,1,actuator_rate,8.671515120421478,-4.440892098500626e-16,601,1.0
fold1,0,2,yaw_front,0.697815255872919,0.0,601,1.0
fold1,0,2,yaw_rear,1.089816454144992,0.0,601,1.0
fold1,0,2,front_beta,87.09570714659574,0.0,601,1.0
fold1,0,2,front_yaw,141.1301290421742,0.0,601,1.0
fold1,0,2,rear_beta,25.9433932251106,0.0,601,1.0
fold1,0,2,rear_yaw,65.65422331877221,0.0,601,1.0
fold1,0,2,front_decay,1.4436340486008408,0.0,601,1.0
fold1,0,2,rear_decay,0.6257346252890029,0.0,601,1.0
fold1,0,2,actuator_rate,13.69522456286778,0.0,601,1.0
fold1,1,0,yaw_front,0.5882609372473405,4.440892098500626e-16,601,1.0
fold1,1,0,yaw_rear,1.1013203340090227,4.440892098500626e-16,601,1.0
fold1,1,0,front_beta,90.75012170519447,4.440892098500626e-16,601,1.0
fold1,1,0,front_yaw,113.16432900439165,4.440892098500626e-16,601,1.0
fold1,1,0,rear_beta,18.91567146395542,4.440892098500626e-16,601,1.0
fold1,1,0,rear_yaw,44.15986592680293,4.440892098500626e-16,601,1.0
fold1,1,0,front_decay,1.6680987116876,4.440892098500626e-16,601,1.0
fold1,1,0,rear_decay,0.5395295964108008,4.440892098500626e-16,601,1.0
fold1,1,0,actuator_rate,11.475999798029278,4.440892098500626e-16,601,1.0
fold1,1,1,yaw_front,0.6978150749937132,0.0,601,1.0
fold1,1,1,yaw_rear,1.0898165771522763,0.0,601,1.0
fold1,1,1,front_beta,87.09559469608692,0.0,601,1.0
fold1,1,1,front_yaw,141.12998543672362,0.0,601,1.0
fold1,1,1,rear_beta,25.943355257736343,0.0,601,1.0
fold1,1,1,rear_yaw,65.6541696255864,0.0,601,1.0
fold1,1,1,front_decay,1.4436316932440136,0.0,601,1.0
fold1,1,1,rear_decay,0.6257338870610868,0.0,601,1.0
fold1,1,1,actuator_rate,13.695223714141134,0.0,601,1.0
fold1,1,2,yaw_front,0.6913616394936674,4.440892098500626e-16,601,1.0
fold1,1,2,yaw_rear,0.538330945458748,4.440892098500626e-16,601,1.0
fold1,1,2,front_beta,136.96276248174328,4.440892098500626e-16,601,1.0
fold1,1,2,front_yaw,187.40781276939023,4.440892098500626e-16,601,1.0
fold1,1,2,rear_beta,27.84252427860029,4.440892098500626e-16,601,1.0
fold1,1,2,rear_yaw,29.66455643384736,4.440892098500626e-16,601,1.0
fold1,1,2,front_decay,4.632653642180324,4.440892098500626e-16,601,1.0
fold1,1,2,rear_decay,0.4637677292800086,4.440892098500626e-16,601,1.0
fold1,1,2,actuator_rate,8.671513730857448,4.440892098500626e-16,601,1.0
fold1,2,0,yaw_front,0.5882609372473405,4.440892098500626e-16,601,1.0
fold1,2,0,yaw_rear,1.1013203340090227,4.440892098500626e-16,601,1.0
fold1,2,0,front_beta,90.75012170519447,4.440892098500626e-16,601,1.0
fold1,2,0,front_yaw,113.16432900439165,4.440892098500626e-16,601,1.0
fold1,2,0,rear_beta,18.91567146395542,4.440892098500626e-16,601,1.0
fold1,2,0,rear_yaw,44.15986592680293,4.440892098500626e-16,601,1.0
fold1,2,0,front_decay,1.6680987116876,4.440892098500626e-16,601,1.0
fold1,2,0,rear_decay,0.5395295964108008,4.440892098500626e-16,601,1.0
fold1,2,0,actuator_rate,11.475999798029278,4.440892098500626e-16,601,1.0
fold1,2,1,yaw_front,0.6913636181833581,4.440892098500626e-16,601,1.0
fold1,2,1,yaw_rear,0.5383327906133148,4.440892098500626e-16,601,1.0
fold1,2,1,front_beta,136.96289047083434,4.440892098500626e-16,601,1.0
fold1,2,1,front_yaw,187.4078926773648,4.440892098500626e-16,601,1.0
fold1,2,1,rear_beta,27.842701758965276,4.440892098500626e-16,601,1.0
fold1,2,1,rear_yaw,29.66474723233488,4.440892098500626e-16,601,1.0
fold1,2,1,front_decay,4.632660095292974,4.440892098500626e-16,601,1.0
fold1,2,1,rear_decay,0.4637716638077468,4.440892098500626e-16,601,1.0
fold1,2,1,actuator_rate,8.671511944651886,4.440892098500626e-16,601,1.0
fold1,2,2,yaw_front,0.6978177889922345,1.7763568394002505e-15,601,1.0
fold1,2,2,yaw_rear,1.089814762385971,1.7763568394002505e-15,601,1.0
fold1,2,2,front_beta,87.09673980551764,1.7763568394002505e-15,601,1.0
fold1,2,2,front_yaw,141.13145106785612,1.7763568394002505e-15,601,1.0
fold1,2,2,rear_beta,25.94382973487093,1.7763568394002505e-15,601,1.0
fold1,2,2,rear_yaw,65.6548243056937,1.7763568394002505e-15,601,1.0
fold1,2,2,front_decay,1.443657010640068,1.7763568394002505e-15,601,1.0
fold1,2,2,rear_decay,0.6257426176657456,1.7763568394002505e-15,601,1.0
fold1,2,2,actuator_rate,13.69521847962003,1.7763568394002505e-15,601,1.0
fold1,3,0,yaw_front,0.5882609372473405,4.440892098500626e-16,601,1.0
fold1,3,0,yaw_rear,1.1013203340090227,4.440892098500626e-16,601,1.0
fold1,3,0,front_beta,90.75012170519447,4.440892098500626e-16,601,1.0
fold1,3,0,front_yaw,113.16432900439165,4.440892098500626e-16,601,1.0
fold1,3,0,rear_beta,18.91567146395542,4.440892098500626e-16,601,1.0
fold1,3,0,rear_yaw,44.15986592680293,4.440892098500626e-16,601,1.0
fold1,3,0,front_decay,1.6680987116876,4.440892098500626e-16,601,1.0
fold1,3,0,rear_decay,0.5395295964108008,4.440892098500626e-16,601,1.0
fold1,3,0,actuator_rate,11.475999798029278,4.440892098500626e-16,601,1.0
fold1,3,1,yaw_front,0.9021882023924966,1.7763568394002505e-15,601,1.0
fold1,3,1,yaw_rear,1.2450640698874225,1.7763568394002505e-15,601,1.0
fold1,3,1,front_beta,125.00965436552607,1.7763568394002505e-15,601,1.0
fold1,3,1,front_yaw,151.13488604212236,1.7763568394002505e-15,601,1.0
fold1,3,1,rear_beta,61.58137440635361,1.7763568394002505e-15,601,1.0
fold1,3,1,rear_yaw,102.7460424253014,1.7763568394002505e-15,601,1.0
fold1,3,1,front_decay,2.407731436086748,1.7763568394002505e-15,601,1.0
fold1,3,1,rear_decay,1.3327295576962683,1.7763568394002505e-15,601,1.0
fold1,3,1,actuator_rate,17.320733991036953,1.7763568394002505e-15,601,1.0
fold1,3,2,yaw_front,0.6456539036421404,8.881784197001252e-16,601,1.0
fold1,3,2,yaw_rear,0.9520656459845542,8.881784197001252e-16,601,1.0
fold1,3,2,front_beta,76.1135979330484,8.881784197001252e-16,601,1.0
fold1,3,2,front_yaw,99.45589358849844,8.881784197001252e-16,601,1.0
fold1,3,2,rear_beta,29.79302837418822,8.881784197001252e-16,601,1.0
fold1,3,2,rear_yaw,57.40504154774945,8.881784197001252e-16,601,1.0
fold1,3,2,front_decay,1.6430959651398678,8.881784197001252e-16,601,1.0
fold1,3,2,rear_decay,0.6861376118958169,8.881784197001252e-16,601,1.0
fold1,3,2,actuator_rate,9.137626812876055,8.881784197001252e-16,601,1.0
fold1,4,0,yaw_front,0.5882609372473405,4.440892098500626e-16,601,1.0
fold1,4,0,yaw_rear,1.1013203340090227,4.440892098500626e-16,601,1.0
fold1,4,0,front_beta,90.75012170519447,4.440892098500626e-16,601,1.0
fold1,4,0,front_yaw,113.16432900439165,4.440892098500626e-16,601,1.0
fold1,4,0,rear_beta,18.91567146395542,4.440892098500626e-16,601,1.0
fold1,4,0,rear_yaw,44.15986592680293,4.440892098500626e-16,601,1.0
fold1,4,0,front_decay,1.6680987116876,4.440892098500626e-16,601,1.0
fold1,4,0,rear_decay,0.5395295964108008,4.440892098500626e-16,601,1.0
fold1,4,0,actuator_rate,11.475999798029278,4.440892098500626e-16,601,1.0
fold1,4,1,yaw_front,0.697815343044942,8.881784197001252e-16,601,1.0
fold1,4,1,yaw_rear,1.0898164501747696,8.881784197001252e-16,601,1.0
fold1,4,1,front_beta,87.09569325281211,8.881784197001252e-16,601,1.0
fold1,4,1,front_yaw,141.1301051953276,8.881784197001252e-16,601,1.0
fold1,4,1,rear_beta,25.94340073997238,8.881784197001252e-16,601,1.0
fold1,4,1,rear_yaw,65.65423327536318,8.881784197001252e-16,601,1.0
fold1,4,1,front_decay,1.443633898170719,8.881784197001252e-16,601,1.0
fold1,4,1,rear_decay,0.6257347308293852,8.881784197001252e-16,601,1.0
fold1,4,1,actuator_rate,13.695223229140378,8.881784197001252e-16,601,1.0
fold1,4,2,yaw_front,0.6913637629954993,4.440892098500626e-16,601,1.0
fold1,4,2,yaw_rear,0.538332155403904,4.440892098500626e-16,601,1.0
fold1,4,2,front_beta,136.96260010998165,4.440892098500626e-16,601,1.0
fold1,4,2,front_yaw,187.40764299690707,4.440892098500626e-16,601,1.0
fold1,4,2,rear_beta,27.842692110718428,4.440892098500626e-16,601,1.0
fold1,4,2,rear_yaw,29.664719103378847,4.440892098500626e-16,601,1.0
fold1,4,2,front_decay,4.6326518737932325,4.440892098500626e-16,601,1.0
fold1,4,2,rear_decay,0.4637709273171598,4.440892098500626e-16,601,1.0
fold1,4,2,actuator_rate,8.671513678020077,4.440892098500626e-16,601,1.0
fold1,5,0,yaw_front,0.5882609372473405,4.440892098500626e-16,601,1.0
fold1,5,0,yaw_rear,1.1013203340090227,4.440892098500626e-16,601,1.0
fold1,5,0,front_beta,90.75012170519447,4.440892098500626e-16,601,1.0
fold1,5,0,front_yaw,113.16432900439165,4.440892098500626e-16,601,1.0
fold1,5,0,rear_beta,18.91567146395542,4.440892098500626e-16,601,1.0
fold1,5,0,rear_yaw,44.15986592680293,4.440892098500626e-16,601,1.0
fold1,5,0,front_decay,1.6680987116876,4.440892098500626e-16,601,1.0
fold1,5,0,rear_decay,0.5395295964108008,4.440892098500626e-16,601,1.0
fold1,5,0,actuator_rate,11.475999798029278,4.440892098500626e-16,601,1.0
fold1,5,1,yaw_front,0.6913628501099002,4.440892098500626e-16,601,1.0
fold1,5,1,yaw_rear,0.5383325260596451,4.440892098500626e-16,601,1.0
fold1,5,1,front_beta,136.96262187936995,4.440892098500626e-16,601,1.0
fold1,5,1,front_yaw,187.4075309451099,4.440892098500626e-16,601,1.0
fold1,5,1,rear_beta,27.84265747976609,4.440892098500626e-16,601,1.0
fold1,5,1,rear_yaw,29.664719349089083,4.440892098500626e-16,601,1.0
fold1,5,1,front_decay,4.632648068491107,4.440892098500626e-16,601,1.0
fold1,5,1,rear_decay,0.4637708554197103,4.440892098500626e-16,601,1.0
fold1,5,1,actuator_rate,8.671514268404366,4.440892098500626e-16,601,1.0
fold1,5,2,yaw_front,0.6978154094796409,8.881784197001252e-16,601,1.0
fold1,5,2,yaw_rear,1.0898163882534198,8.881784197001252e-16,601,1.0
fold1,5,2,front_beta,87.09571228797233,8.881784197001252e-16,601,1.0
fold1,5,2,front_yaw,141.1301327803711,8.881784197001252e-16,601,1.0
fold1,5,2,rear_beta,25.94341042096703,8.881784197001252e-16,601,1.0
fold1,5,2,rear_yaw,65.65424627752408,8.881784197001252e-16,601,1.0
fold1,5,2,front_decay,1.443634369217511,8.881784197001252e-16,601,1.0
fold1,5,2,rear_decay,0.625734898783263,8.881784197001252e-16,601,1.0
fold1,5,2,actuator_rate,13.695223091240925,8.881784197001252e-16,601,1.0
full,0,0,yaw_front,0.6105291382646787,8.881784197001252e-16,601,1.0
full,0,0,yaw_rear,1.082320763989107,8.881784197001252e-16,601,1.0
full,0,0,front_beta,98.32781943227226,8.881784197001252e-16,601,1.0
full,0,0,front_yaw,120.59798497911017,8.881784197001252e-16,601,1.0
full,0,0,rear_beta,21.40062591170544,8.881784197001252e-16,601,1.0
full,0,0,rear_yaw,46.530713613639456,8.881784197001252e-16,601,1.0
full,0,0,front_decay,1.8411548125993424,8.881784197001252e-16,601,1.0
full,0,0,rear_decay,0.5702526392774747,8.881784197001252e-16,601,1.0
full,0,0,actuator_rate,11.533480559836876,8.881784197001252e-16,601,1.0
full,0,1,yaw_front,0.5973917925517895,0.0,601,1.0
full,0,1,yaw_rear,0.7145644576749904,0.0,601,1.0
full,0,1,front_beta,61.34210348946464,0.0,601,1.0
full,0,1,front_yaw,95.385112033219,0.0,601,1.0
full,0,1,rear_beta,21.23679444095509,0.0,601,1.0
full,0,1,rear_yaw,39.4996322431143,0.0,601,1.0
full,0,1,front_decay,1.4532645770789627,0.0,601,1.0
full,0,1,rear_decay,0.4219710655301071,0.0,601,1.0
full,0,1,actuator_rate,8.019228848633677,0.0,601,1.0
full,0,2,yaw_front,0.8606582744950787,8.881784197001252e-16,601,1.0
full,0,2,yaw_rear,1.2422321826567189,8.881784197001252e-16,601,1.0
full,0,2,front_beta,129.7108911063387,8.881784197001252e-16,601,1.0
full,0,2,front_yaw,150.51492670390047,8.881784197001252e-16,601,1.0
full,0,2,rear_beta,62.76246455484817,8.881784197001252e-16,601,1.0
full,0,2,rear_yaw,105.1175295252823,8.881784197001252e-16,601,1.0
full,0,2,front_decay,2.4490927847644133,8.881784197001252e-16,601,1.0
full,0,2,rear_decay,1.3856324957867363,8.881784197001252e-16,601,1.0
full,0,2,actuator_rate,16.008360144860504,8.881784197001252e-16,601,1.0
full,1,0,yaw_front,0.6105291382646787,8.881784197001252e-16,601,1.0
full,1,0,yaw_rear,1.082320763989107,8.881784197001252e-16,601,1.0
full,1,0,front_beta,98.32781943227226,8.881784197001252e-16,601,1.0
full,1,0,front_yaw,120.59798497911017,8.881784197001252e-16,601,1.0
full,1,0,rear_beta,21.40062591170544,8.881784197001252e-16,601,1.0
full,1,0,rear_yaw,46.530713613639456,8.881784197001252e-16,601,1.0
full,1,0,front_decay,1.8411548125993424,8.881784197001252e-16,601,1.0
full,1,0,rear_decay,0.5702526392774747,8.881784197001252e-16,601,1.0
full,1,0,actuator_rate,11.533480559836876,8.881784197001252e-16,601,1.0
full,1,1,yaw_front,0.6126058031005325,0.0,601,1.0
full,1,1,yaw_rear,0.8205642495854046,0.0,601,1.0
full,1,1,front_beta,65.76742739252816,0.0,601,1.0
full,1,1,front_yaw,99.76197881450094,0.0,601,1.0
full,1,1,rear_beta,22.822878453725348,0.0,601,1.0
full,1,1,rear_yaw,46.37202950174496,0.0,601,1.0
full,1,1,front_decay,1.452060447778612,0.0,601,1.0
full,1,1,rear_decay,0.4951679585929933,0.0,601,1.0
full,1,1,actuator_rate,8.530390595683201,0.0,601,1.0
full,1,2,yaw_front,0.8930891232187698,0.0,601,1.0
full,1,2,yaw_rear,1.2763068787334892,0.0,601,1.0
full,1,2,front_beta,133.00554799683474,0.0,601,1.0
full,1,2,front_yaw,153.32480204104954,0.0,601,1.0
full,1,2,rear_beta,68.322171095276,0.0,601,1.0
full,1,2,rear_yaw,112.55495640265136,0.0,601,1.0
full,1,2,front_decay,2.4982920804570483,0.0,601,1.0
full,1,2,rear_decay,1.4813184951413925,0.0,601,1.0
full,1,2,actuator_rate,17.2344134854372,0.0,601,1.0
full,2,0,yaw_front,0.6105291382646787,8.881784197001252e-16,601,1.0
full,2,0,yaw_rear,1.082320763989107,8.881784197001252e-16,601,1.0
full,2,0,front_beta,98.32781943227226,8.881784197001252e-16,601,1.0
full,2,0,front_yaw,120.59798497911017,8.881784197001252e-16,601,1.0
full,2,0,rear_beta,21.40062591170544,8.881784197001252e-16,601,1.0
full,2,0,rear_yaw,46.530713613639456,8.881784197001252e-16,601,1.0
full,2,0,front_decay,1.8411548125993424,8.881784197001252e-16,601,1.0
full,2,0,rear_decay,0.5702526392774747,8.881784197001252e-16,601,1.0
full,2,0,actuator_rate,11.533480559836876,8.881784197001252e-16,601,1.0
full,2,1,yaw_front,0.6369796710760258,8.881784197001252e-16,601,1.0
full,2,1,yaw_rear,0.5985885882415038,8.881784197001252e-16,601,1.0
full,2,1,front_beta,111.27585470140016,8.881784197001252e-16,601,1.0
full,2,1,front_yaw,141.11856933873946,8.881784197001252e-16,601,1.0
full,2,1,rear_beta,24.154131363988142,8.881784197001252e-16,601,1.0
full,2,1,rear_yaw,28.785747452247094,8.881784197001252e-16,601,1.0
full,2,1,front_decay,3.4356455977099096,8.881784197001252e-16,601,1.0
full,2,1,rear_decay,0.4494125866185617,8.881784197001252e-16,601,1.0
full,2,1,actuator_rate,8.845534223906174,8.881784197001252e-16,601,1.0
full,2,2,yaw_front,0.7297407286407736,0.0,601,1.0
full,2,2,yaw_rear,1.2254497353230245,0.0,601,1.0
full,2,2,front_beta,108.50241926093356,0.0,601,1.0
full,2,2,front_yaw,140.2081414056401,0.0,601,1.0
full,2,2,rear_beta,34.2874372981434,0.0,601,1.0
full,2,2,rear_yaw,74.40390909130238,0.0,601,1.0
full,2,2,front_decay,1.842183769053868,0.0,601,1.0
full,2,2,rear_decay,0.8321383065456943,0.0,601,1.0
full,2,2,actuator_rate,14.895954272663026,0.0,601,1.0
full,3,0,yaw_front,0.6105291382646787,8.881784197001252e-16,601,1.0
full,3,0,yaw_rear,1.082320763989107,8.881784197001252e-16,601,1.0
full,3,0,front_beta,98.32781943227226,8.881784197001252e-16,601,1.0
full,3,0,front_yaw,120.59798497911017,8.881784197001252e-16,601,1.0
full,3,0,rear_beta,21.40062591170544,8.881784197001252e-16,601,1.0
full,3,0,rear_yaw,46.530713613639456,8.881784197001252e-16,601,1.0
full,3,0,front_decay,1.8411548125993424,8.881784197001252e-16,601,1.0
full,3,0,rear_decay,0.5702526392774747,8.881784197001252e-16,601,1.0
full,3,0,actuator_rate,11.533480559836876,8.881784197001252e-16,601,1.0
full,3,1,yaw_front,0.8930891438033504,8.881784197001252e-16,601,1.0
full,3,1,yaw_rear,1.2763069050460825,8.881784197001252e-16,601,1.0
full,3,1,front_beta,133.00557813919005,8.881784197001252e-16,601,1.0
full,3,1,front_yaw,153.3248341807809,8.881784197001252e-16,601,1.0
full,3,1,rear_beta,68.32218164098381,8.881784197001252e-16,601,1.0
full,3,1,rear_yaw,112.55497158788069,8.881784197001252e-16,601,1.0
full,3,1,front_decay,2.4982927368461523,8.881784197001252e-16,601,1.0
full,3,1,rear_decay,1.481318776385552,8.881784197001252e-16,601,1.0
full,3,1,actuator_rate,17.234413078912873,8.881784197001252e-16,601,1.0
full,3,2,yaw_front,0.612605864364172,4.440892098500626e-16,601,1.0
full,3,2,yaw_rear,0.8205642691587893,4.440892098500626e-16,601,1.0
full,3,2,front_beta,65.7674104525195,4.440892098500626e-16,601,1.0
full,3,2,front_yaw,99.76195228075888,4.440892098500626e-16,601,1.0
full,3,2,rear_beta,22.82288235207556,4.440892098500626e-16,601,1.0
full,3,2,rear_yaw,46.37203350186118,4.440892098500626e-16,601,1.0
full,3,2,front_decay,1.4520601504348758,4.440892098500626e-16,601,1.0
full,3,2,rear_decay,0.4951680184133374,4.440892098500626e-16,601,1.0
full,3,2,actuator_rate,8.5303907260875,4.440892098500626e-16,601,1.0
full,4,0,yaw_front,0.6105291382646787,8.881784197001252e-16,601,1.0
full,4,0,yaw_rear,1.082320763989107,8.881784197001252e-16,601,1.0
full,4,0,front_beta,98.32781943227226,8.881784197001252e-16,601,1.0
full,4,0,front_yaw,120.59798497911017,8.881784197001252e-16,601,1.0
full,4,0,rear_beta,21.40062591170544,8.881784197001252e-16,601,1.0
full,4,0,rear_yaw,46.530713613639456,8.881784197001252e-16,601,1.0
full,4,0,front_decay,1.8411548125993424,8.881784197001252e-16,601,1.0
full,4,0,rear_decay,0.5702526392774747,8.881784197001252e-16,601,1.0
full,4,0,actuator_rate,11.533480559836876,8.881784197001252e-16,601,1.0
full,4,1,yaw_front,0.7297405767361815,0.0,601,1.0
full,4,1,yaw_rear,1.2254496891041684,0.0,601,1.0
full,4,1,front_beta,108.50244685352196,0.0,601,1.0
full,4,1,front_yaw,140.20818251773147,0.0,601,1.0
full,4,1,rear_beta,34.2874156753968,0.0,601,1.0
full,4,1,rear_yaw,74.40387774736749,0.0,601,1.0
full,4,1,front_decay,1.84218409630683,0.0,601,1.0
full,4,1,rear_decay,0.8321379000464354,0.0,601,1.0
full,4,1,actuator_rate,14.895954147916616,0.0,601,1.0
full,4,2,yaw_front,0.6369827028310795,8.881784197001252e-16,601,1.0
full,4,2,yaw_rear,0.5985882224177277,8.881784197001252e-16,601,1.0
full,4,2,front_beta,111.2754141564368,8.881784197001252e-16,601,1.0
full,4,2,front_yaw,141.1182263195811,8.881784197001252e-16,601,1.0
full,4,2,rear_beta,24.154309575453524,8.881784197001252e-16,601,1.0
full,4,2,rear_yaw,28.7858492295942,8.881784197001252e-16,601,1.0
full,4,2,front_decay,3.4356407603941963,8.881784197001252e-16,601,1.0
full,4,2,rear_decay,0.4494146538742388,8.881784197001252e-16,601,1.0
full,4,2,actuator_rate,8.84553425238093,8.881784197001252e-16,601,1.0
full,5,0,yaw_front,0.6105291382646787,8.881784197001252e-16,601,1.0
full,5,0,yaw_rear,1.082320763989107,8.881784197001252e-16,601,1.0
full,5,0,front_beta,98.32781943227226,8.881784197001252e-16,601,1.0
full,5,0,front_yaw,120.59798497911017,8.881784197001252e-16,601,1.0
full,5,0,rear_beta,21.40062591170544,8.881784197001252e-16,601,1.0
full,5,0,rear_yaw,46.530713613639456,8.881784197001252e-16,601,1.0
full,5,0,front_decay,1.8411548125993424,8.881784197001252e-16,601,1.0
full,5,0,rear_decay,0.5702526392774747,8.881784197001252e-16,601,1.0
full,5,0,actuator_rate,11.533480559836876,8.881784197001252e-16,601,1.0
full,5,1,yaw_front,0.6369828273714715,4.440892098500626e-16,601,1.0
full,5,1,yaw_rear,0.5985880735698165,4.440892098500626e-16,601,1.0
full,5,1,front_beta,111.27539127184188,4.440892098500626e-16,601,1.0
full,5,1,front_yaw,141.11822196016155,4.440892098500626e-16,601,1.0
full,5,1,rear_beta,24.154313061314426,4.440892098500626e-16,601,1.0
full,5,1,rear_yaw,28.785845628499324,4.440892098500626e-16,601,1.0
full,5,1,front_decay,3.4356406617686632,4.440892098500626e-16,601,1.0
full,5,1,rear_decay,0.4494145754771056,4.440892098500626e-16,601,1.0
full,5,1,actuator_rate,8.845534266477545,4.440892098500626e-16,601,1.0
full,5,2,yaw_front,0.7297404987601236,0.0,601,1.0
full,5,2,yaw_rear,1.225449594601164,0.0,601,1.0
full,5,2,front_beta,108.50249626428192,0.0,601,1.0
full,5,2,front_yaw,140.20824558384427,0.0,601,1.0
full,5,2,rear_beta,34.28741016303484,0.0,601,1.0
full,5,2,rear_yaw,74.403867582546,0.0,601,1.0
full,5,2,front_decay,1.8421849510858752,0.0,601,1.0
full,5,2,rear_decay,0.8321377927357724,0.0,601,1.0
full,5,2,actuator_rate,14.895953849471866,0.0,601,1.0
fold0,0,0,yaw_front,0.6014403861418431,8.881784197001252e-16,602,0.01
fold0,0,0,yaw_rear,3.4255981377845046,8.881784197001252e-16,602,0.01
fold0,0,0,front_beta,67.21327456070063,8.881784197001252e-16,602,0.01
fold0,0,0,front_yaw,32.38509443344478,8.881784197001252e-16,602,0.01
fold0,0,0,rear_beta,9.59595959595959,8.881784197001252e-16,602,0.01
fold0,0,0,rear_yaw,26.33433469056273,8.881784197001252e-16,602,0.01
fold0,0,0,front_decay,0.9600168962009448,8.881784197001252e-16,602,0.01
fold0,0,0,rear_decay,0.6439692878226511,8.881784197001252e-16,602,0.01
fold0,0,0,actuator_rate,6.936425734697631,8.881784197001252e-16,602,0.01
fold0,0,1,yaw_front,0.6933358005119202,0.0,602,0.01
fold0,0,1,yaw_rear,0.9458248862019378,0.0,602,0.01
fold0,0,1,front_beta,49.81967853681751,0.0,602,0.01
fold0,0,1,front_yaw,69.37488171693815,0.0,602,0.01
fold0,0,1,rear_beta,34.69610932364211,0.0,602,0.01
fold0,0,1,rear_yaw,65.90968309689228,0.0,602,0.01
fold0,0,1,front_decay,1.138125208307358,0.0,602,0.01
fold0,0,1,rear_decay,0.8011220646116345,0.0,602,0.01
fold0,0,1,actuator_rate,5.782898169436008,0.0,602,0.01
fold0,0,2,yaw_front,0.7429885235639407,0.0,602,0.01
fold0,0,2,yaw_rear,1.0076673846585191,0.0,602,0.01
fold0,0,2,front_beta,275.59369033228893,0.0,602,0.01
fold0,0,2,front_yaw,293.9893525067763,0.0,602,0.01
fold0,0,2,rear_beta,130.1526350801836,0.0,602,0.01
fold0,0,2,rear_yaw,188.30003169386305,0.0,602,0.01
fold0,0,2,front_decay,4.434350978494878,0.0,602,0.01
fold0,0,2,rear_decay,2.006410824987077,0.0,602,0.01
fold0,0,2,actuator_rate,11.544370676001783,0.0,602,0.01
fold0,1,0,yaw_front,0.6014403861418431,8.881784197001252e-16,602,0.01
fold0,1,0,yaw_rear,3.4255981377845046,8.881784197001252e-16,602,0.01
fold0,1,0,front_beta,67.21327456070063,8.881784197001252e-16,602,0.01
fold0,1,0,front_yaw,32.38509443344478,8.881784197001252e-16,602,0.01
fold0,1,0,rear_beta,9.59595959595959,8.881784197001252e-16,602,0.01
fold0,1,0,rear_yaw,26.33433469056273,8.881784197001252e-16,602,0.01
fold0,1,0,front_decay,0.9600168962009448,8.881784197001252e-16,602,0.01
fold0,1,0,rear_decay,0.6439692878226511,8.881784197001252e-16,602,0.01
fold0,1,0,actuator_rate,6.936425734697631,8.881784197001252e-16,602,0.01
fold0,1,1,yaw_front,0.7429886334301095,0.0,602,0.01
fold0,1,1,yaw_rear,1.007667592057256,0.0,602,0.01
fold0,1,1,front_beta,275.5932898113606,0.0,602,0.01
fold0,1,1,front_yaw,293.98893162744696,0.0,602,0.01
fold0,1,1,rear_beta,130.15262560685412,0.0,602,0.01
fold0,1,1,rear_yaw,188.3000329840535,0.0,602,0.01
fold0,1,1,front_decay,4.434344623999462,0.0,602,0.01
fold0,1,1,rear_decay,2.006411015733077,0.0,602,0.01
fold0,1,1,actuator_rate,11.544371084661432,0.0,602,0.01
fold0,1,2,yaw_front,0.6933358211168202,0.0,602,0.01
fold0,1,2,yaw_rear,0.945824799846022,0.0,602,0.01
fold0,1,2,front_beta,49.81968670673327,0.0,602,0.01
fold0,1,2,front_yaw,69.37489108726132,0.0,602,0.01
fold0,1,2,rear_beta,34.69612291142905,0.0,602,0.01
fold0,1,2,rear_yaw,65.90969902595978,0.0,602,0.01
fold0,1,2,front_decay,1.1381254979738284,0.0,602,0.01
fold0,1,2,rear_decay,0.8011223181067993,0.0,602,0.01
fold0,1,2,actuator_rate,5.782898381997855,0.0,602,0.01
fold0,2,0,yaw_front,0.6014403861418431,8.881784197001252e-16,602,0.01
fold0,2,0,yaw_rear,3.4255981377845046,8.881784197001252e-16,602,0.01
fold0,2,0,front_beta,67.21327456070063,8.881784197001252e-16,602,0.01
fold0,2,0,front_yaw,32.38509443344478,8.881784197001252e-16,602,0.01
fold0,2,0,rear_beta,9.59595959595959,8.881784197001252e-16,602,0.01
fold0,2,0,rear_yaw,26.33433469056273,8.881784197001252e-16,602,0.01
fold0,2,0,front_decay,0.9600168962009448,8.881784197001252e-16,602,0.01
fold0,2,0,rear_decay,0.6439692878226511,8.881784197001252e-16,602,0.01
fold0,2,0,actuator_rate,6.936425734697631,8.881784197001252e-16,602,0.01
fold0,2,1,yaw_front,0.6933358236668419,8.881784197001252e-16,602,0.01
fold0,2,1,yaw_rear,0.94582473293142,8.881784197001252e-16,602,0.01
fold0,2,1,front_beta,49.81969889691804,8.881784197001252e-16,602,0.01
fold0,2,1,front_yaw,69.37490671855055,8.881784197001252e-16,602,0.01
fold0,2,1,rear_beta,34.696132716392086,8.881784197001252e-16,602,0.01
fold0,2,1,rear_yaw,65.90971146972487,8.881784197001252e-16,602,0.01
fold0,2,1,front_decay,1.138125833443551,8.881784197001252e-16,602,0.01
fold0,2,1,rear_decay,0.8011225015120627,8.881784197001252e-16,602,0.01
fold0,2,1,actuator_rate,5.782898169077969,8.881784197001252e-16,602,0.01
fold0,2,2,yaw_front,0.7429886632027732,0.0,602,0.01
fold0,2,2,yaw_rear,1.0076675830724038,0.0,602,0.01
fold0,2,2,front_beta,275.59320948980366,0.0,602,0.01
fold0,2,2,front_yaw,293.9888555134999,0.0,602,0.01
fold0,2,2,rear_beta,130.15263569381247,0.0,602,0.01
fold0,2,2,rear_yaw,188.3000444820144,0.0,602,0.01
fold0,2,2,front_decay,4.434343406663794,0.0,602,0.01
fold0,2,2,rear_decay,2.00641107339115,0.0,602,0.01
fold0,2,2,actuator_rate,11.544371010248549,0.0,602,0.01
fold0,3,0,yaw_front,0.6014403861418431,8.881784197001252e-16,602,0.01
fold0,3,0,yaw_rear,3.4255981377845046,8.881784197001252e-16,602,0.01
fold0,3,0,front_beta,67.21327456070063,8.881784197001252e-16,602,0.01
fold0,3,0,front_yaw,32.38509443344478,8.881784197001252e-16,602,0.01
fold0,3,0,rear_beta,9.59595959595959,8.881784197001252e-16,602,0.01
fold0,3,0,rear_yaw,26.33433469056273,8.881784197001252e-16,602,0.01
fold0,3,0,front_decay,0.9600168962009448,8.881784197001252e-16,602,0.01
fold0,3,0,rear_decay,0.6439692878226511,8.881784197001252e-16,602,0.01
fold0,3,0,actuator_rate,6.936425734697631,8.881784197001252e-16,602,0.01
fold0,3,1,yaw_front,0.693335802707367,0.0,602,0.01
fold0,3,1,yaw_rear,0.9458247787732088,0.0,602,0.01
fold0,3,1,front_beta,49.8196905085724,0.0,602,0.01
fold0,3,1,front_yaw,69.37489526203268,0.0,602,0.01
fold0,3,1,rear_beta,34.69612487761731,0.0,602,0.01
fold0,3,1,rear_yaw,65.90970197910887,0.0,602,0.01
fold0,3,1,front_decay,1.13812557502657,0.0,602,0.01
fold0,3,1,rear_decay,0.8011223446562401,0.0,602,0.01
fold0,3,1,actuator_rate,5.782898264911986,0.0,602,0.01
fold0,3,2,yaw_front,0.7429886576925178,8.881784197001252e-16,602,0.01
fold0,3,2,yaw_rear,1.007667586290698,8.881784197001252e-16,602,0.01
fold0,3,2,front_beta,275.59328968582673,8.881784197001252e-16,602,0.01
fold0,3,2,front_yaw,293.98893437624866,8.881784197001252e-16,602,0.01
fold0,3,2,rear_beta,130.15264819174934,8.881784197001252e-16,602,0.01
fold0,3,2,rear_yaw,188.3000602788817,8.881784197001252e-16,602,0.01
fold0,3,2,front_decay,4.4343446903928365,8.881784197001252e-16,602,0.01
fold0,3,2,rear_decay,2.0064113099620715,8.881784197001252e-16,602,0.01
fold0,3,2,actuator_rate,11.544370948593686,8.881784197001252e-16,602,0.01
fold0,4,0,yaw_front,0.6014403861418431,8.881784197001252e-16,602,0.01
fold0,4,0,yaw_rear,3.4255981377845046,8.881784197001252e-16,602,0.01
fold0,4,0,front_beta,67.21327456070063,8.881784197001252e-16,602,0.01
fold0,4,0,front_yaw,32.38509443344478,8.881784197001252e-16,602,0.01
fold0,4,0,rear_beta,9.59595959595959,8.881784197001252e-16,602,0.01
fold0,4,0,rear_yaw,26.33433469056273,8.881784197001252e-16,602,0.01
fold0,4,0,front_decay,0.9600168962009448,8.881784197001252e-16,602,0.01
fold0,4,0,rear_decay,0.6439692878226511,8.881784197001252e-16,602,0.01
fold0,4,0,actuator_rate,6.936425734697631,8.881784197001252e-16,602,0.01
fold0,4,1,yaw_front,0.7429886518542695,8.881784197001252e-16,602,0.01
fold0,4,1,yaw_rear,1.0076676366431163,8.881784197001252e-16,602,0.01
fold0,4,1,front_beta,275.5932717820775,8.881784197001252e-16,602,0.01
fold0,4,1,front_yaw,293.9889028327347,8.881784197001252e-16,602,0.01
fold0,4,1,rear_beta,130.152651607166,8.881784197001252e-16,602,0.01
fold0,4,1,rear_yaw,188.3000681381812,8.881784197001252e-16,602,0.01
fold0,4,1,front_decay,4.434344316058847,8.881784197001252e-16,602,0.01
fold0,4,1,rear_decay,2.0064114156427406,8.881784197001252e-16,602,0.01
fold0,4,1,actuator_rate,11.544370582533286,8.881784197001252e-16,602,0.01
fold0,4,2,yaw_front,0.6933358281327173,0.0,602,0.01
fold0,4,2,yaw_rear,0.9458248058064016,0.0,602,0.01
fold0,4,2,front_beta,49.81967902141401,0.0,602,0.01
fold0,4,2,front_yaw,69.37488110161087,0.0,602,0.01
fold0,4,2,rear_beta,34.69612432268814,0.0,602,0.01
fold0,4,2,rear_yaw,65.9097021357599,0.0,602,0.01
fold0,4,2,front_decay,1.1381253096306,0.0,602,0.01
fold0,4,2,rear_decay,0.8011223369978441,0.0,602,0.01
fold0,4,2,actuator_rate,5.782898340921266,0.0,602,0.01
fold0,5,0,yaw_front,0.6014403861418431,8.881784197001252e-16,602,0.01
fold0,5,0,yaw_rear,3.4255981377845046,8.881784197001252e-16,602,0.01
fold0,5,0,front_beta,67.21327456070063,8.881784197001252e-16,602,0.01
fold0,5,0,front_yaw,32.38509443344478,8.881784197001252e-16,602,0.01
fold0,5,0,rear_beta,9.59595959595959,8.881784197001252e-16,602,0.01
fold0,5,0,rear_yaw,26.33433469056273,8.881784197001252e-16,602,0.01
fold0,5,0,front_decay,0.9600168962009448,8.881784197001252e-16,602,0.01
fold0,5,0,rear_decay,0.6439692878226511,8.881784197001252e-16,602,0.01
fold0,5,0,actuator_rate,6.936425734697631,8.881784197001252e-16,602,0.01
fold0,5,1,yaw_front,0.6933358102102334,8.881784197001252e-16,602,0.01
fold0,5,1,yaw_rear,0.9458248366864695,8.881784197001252e-16,602,0.01
fold0,5,1,front_beta,49.81968295863879,8.881784197001252e-16,602,0.01
fold0,5,1,front_yaw,69.37488401458258,8.881784197001252e-16,602,0.01
fold0,5,1,rear_beta,34.696121624742744,8.881784197001252e-16,602,0.01
fold0,5,1,rear_yaw,65.90969842494746,8.881784197001252e-16,602,0.01
fold0,5,1,front_decay,1.138125382142748,8.881784197001252e-16,602,0.01
fold0,5,1,rear_decay,0.8011223079676371,8.881784197001252e-16,602,0.01
fold0,5,1,actuator_rate,5.782898279881735,8.881784197001252e-16,602,0.01
fold0,5,2,yaw_front,0.7429886510630448,8.881784197001252e-16,602,0.01
fold0,5,2,yaw_rear,1.0076675912067476,8.881784197001252e-16,602,0.01
fold0,5,2,front_beta,275.5932697972558,8.881784197001252e-16,602,0.01
fold0,5,2,front_yaw,293.9889113976005,8.881784197001252e-16,602,0.01
fold0,5,2,rear_beta,130.1526394282131,8.881784197001252e-16,602,0.01
fold0,5,2,rear_yaw,188.30004907001407,8.881784197001252e-16,602,0.01
fold0,5,2,front_decay,4.434344346716243,8.881784197001252e-16,602,0.01
fold0,5,2,rear_decay,2.006411188927014,8.881784197001252e-16,602,0.01
fold0,5,2,actuator_rate,11.544370977676172,8.881784197001252e-16,602,0.01
fold1,0,0,yaw_front,0.7092606992687573,4.440892098500626e-16,602,0.01
fold1,0,0,yaw_rear,4.963879107183913,4.440892098500626e-16,602,0.01
fold1,0,0,front_beta,67.89539593363749,4.440892098500626e-16,602,0.01
fold1,0,0,front_yaw,28.698266695212723,4.440892098500626e-16,602,0.01
fold1,0,0,rear_beta,9.595959595959595,4.440892098500626e-16,602,0.01
fold1,0,0,rear_yaw,28.386970907259396,4.440892098500626e-16,602,0.01
fold1,0,0,front_decay,0.9527457333656992,4.440892098500626e-16,602,0.01
fold1,0,0,rear_decay,0.8431175648294363,4.440892098500626e-16,602,0.01
fold1,0,0,actuator_rate,8.397903406909355,4.440892098500626e-16,602,0.01
fold1,0,1,yaw_front,0.6787711350347185,4.440892098500626e-16,602,0.01
fold1,0,1,yaw_rear,3.854157916282598,4.440892098500626e-16,602,0.01
fold1,0,1,front_beta,48.06197902184045,4.440892098500626e-16,602,0.01
fold1,0,1,front_yaw,24.804229625853967,4.440892098500626e-16,602,0.01
fold1,0,1,rear_beta,9.595959595959595,4.440892098500626e-16,602,0.01
fold1,0,1,rear_yaw,28.120215450941167,4.440892098500626e-16,602,0.01
fold1,0,1,front_decay,0.7334803278426162,4.440892098500626e-16,602,0.01
fold1,0,1,rear_decay,0.6909803776070635,4.440892098500626e-16,602,0.01
fold1,0,1,actuator_rate,7.688326777526343,4.440892098500626e-16,602,0.01
fold1,0,2,yaw_front,0.970680589001088,8.881784197001252e-16,602,0.01
fold1,0,2,yaw_rear,1.0188409415300128,8.881784197001252e-16,602,0.01
fold1,0,2,front_beta,284.9471539240412,8.881784197001252e-16,602,0.01
fold1,0,2,front_yaw,373.04374794645895,8.881784197001252e-16,602,0.01
fold1,0,2,rear_beta,959.5959595959596,8.881784197001252e-16,602,0.01
fold1,0,2,rear_yaw,1318.6025049837451,8.881784197001252e-16,602,0.01
fold1,0,2,front_decay,4.110894596837959,8.881784197001252e-16,602,0.01
fold1,0,2,rear_decay,12.370866858601891,8.881784197001252e-16,602,0.01
fold1,0,2,actuator_rate,14.350891656180655,8.881784197001252e-16,602,0.01
fold1,1,0,yaw_front,0.7092606992687573,4.440892098500626e-16,602,0.01
fold1,1,0,yaw_rear,4.963879107183913,4.440892098500626e-16,602,0.01
fold1,1,0,front_beta,67.89539593363749,4.440892098500626e-16,602,0.01
fold1,1,0,front_yaw,28.698266695212723,4.440892098500626e-16,602,0.01
fold1,1,0,rear_beta,9.595959595959595,4.440892098500626e-16,602,0.01
fold1,1,0,rear_yaw,28.386970907259396,4.440892098500626e-16,602,0.01
fold1,1,0,front_decay,0.9527457333656992,4.440892098500626e-16,602,0.01
fold1,1,0,rear_decay,0.8431175648294363,4.440892098500626e-16,602,0.01
fold1,1,0,actuator_rate,8.397903406909355,4.440892098500626e-16,602,0.01
fold1,1,1,yaw_front,0.6787712542971142,8.881784197001252e-16,602,0.01
fold1,1,1,yaw_rear,3.854158204022192,8.881784197001252e-16,602,0.01
fold1,1,1,front_beta,48.06196981462104,8.881784197001252e-16,602,0.01
fold1,1,1,front_yaw,24.80422787974001,8.881784197001252e-16,602,0.01
fold1,1,1,rear_beta,9.595959595959595,8.881784197001252e-16,602,0.01
fold1,1,1,rear_yaw,28.12021601692953,8.881784197001252e-16,602,0.01
fold1,1,1,front_decay,0.7334801782722248,8.881784197001252e-16,602,0.01
fold1,1,1,rear_decay,0.6909803163395091,8.881784197001252e-16,602,0.01
fold1,1,1,actuator_rate,7.688326077281811,8.881784197001252e-16,602,0.01
fold1,1,2,yaw_front,0.9706805558728238,0.0,602,0.01
fold1,1,2,yaw_rear,1.018841999771275,0.0,602,0.01
fold1,1,2,front_beta,284.94703837381786,0.0,602,0.01
fold1,1,2,front_yaw,373.0433913142452,0.0,602,0.01
fold1,1,2,rear_beta,959.5959595959596,0.0,602,0.01
fold1,1,2,rear_yaw,1318.603193700381,0.0,602,0.01
fold1,1,2,front_decay,4.110891997737219,0.0,602,0.01
fold1,1,2,rear_decay,12.37087809937819,0.0,602,0.01
fold1,1,2,actuator_rate,14.350891548319987,0.0,602,0.01
fold1,2,0,yaw_front,0.7092606992687573,4.440892098500626e-16,602,0.01
fold1,2,0,yaw_rear,4.963879107183913,4.440892098500626e-16,602,0.01
fold1,2,0,front_beta,67.89539593363749,4.440892098500626e-16,602,0.01
fold1,2,0,front_yaw,28.698266695212723,4.440892098500626e-16,602,0.01
fold1,2,0,rear_beta,9.595959595959595,4.440892098500626e-16,602,0.01
fold1,2,0,rear_yaw,28.386970907259396,4.440892098500626e-16,602,0.01
fold1,2,0,front_decay,0.9527457333656992,4.440892098500626e-16,602,0.01
fold1,2,0,rear_decay,0.8431175648294363,4.440892098500626e-16,602,0.01
fold1,2,0,actuator_rate,8.397903406909355,4.440892098500626e-16,602,0.01
fold1,2,1,yaw_front,0.9706806538249432,0.0,602,0.01
fold1,2,1,yaw_rear,1.0188412252383248,0.0,602,0.01
fold1,2,1,front_beta,284.9469186854983,0.0,602,0.01
fold1,2,1,front_yaw,373.0434016790171,0.0,602,0.01
fold1,2,1,rear_beta,959.5959595959596,0.0,602,0.01
fold1,2,1,rear_yaw,1318.602648723611,0.0,602,0.01
fold1,2,1,front_decay,4.110891042812829,0.0,602,0.01
fold1,2,1,rear_decay,12.370869198074848,0.0,602,0.01
fold1,2,1,actuator_rate,14.35089166918567,0.0,602,0.01
fold1,2,2,yaw_front,0.6787711776973203,8.881784197001252e-16,602,0.01
fold1,2,2,yaw_rear,3.8541584821648582,8.881784197001252e-16,602,0.01
fold1,2,2,front_beta,48.06197685352049,8.881784197001252e-16,602,0.01
fold1,2,2,front_yaw,24.80422586059136,8.881784197001252e-16,602,0.01
fold1,2,2,rear_beta,9.595959595959595,8.881784197001252e-16,602,0.01
fold1,2,2,rear_yaw,28.12021481224609,8.881784197001252e-16,602,0.01
fold1,2,2,front_decay,0.733480286065195,8.881784197001252e-16,602,0.01
fold1,2,2,rear_decay,0.6909804230762335,8.881784197001252e-16,602,0.01
fold1,2,2,actuator_rate,7.688326736779464,8.881784197001252e-16,602,0.01
fold1,3,0,yaw_front,0.7092606992687573,4.440892098500626e-16,602,0.01
fold1,3,0,yaw_rear,4.963879107183913,4.440892098500626e-16,602,0.01
fold1,3,0,front_beta,67.89539593363749,4.440892098500626e-16,602,0.01
fold1,3,0,front_yaw,28.698266695212723,4.440892098500626e-16,602,0.01
fold1,3,0,rear_beta,9.595959595959595,4.440892098500626e-16,602,0.01
fold1,3,0,rear_yaw,28.386970907259396,4.440892098500626e-16,602,0.01
fold1,3,0,front_decay,0.9527457333656992,4.440892098500626e-16,602,0.01
fold1,3,0,rear_decay,0.8431175648294363,4.440892098500626e-16,602,0.01
fold1,3,0,actuator_rate,8.397903406909355,4.440892098500626e-16,602,0.01
fold1,3,1,yaw_front,0.7092607045305792,8.881784197001252e-16,602,0.01
fold1,3,1,yaw_rear,4.963876890535425,8.881784197001252e-16,602,0.01
fold1,3,1,front_beta,67.89537392539326,8.881784197001252e-16,602,0.01
fold1,3,1,front_yaw,28.698269974189557,8.881784197001252e-16,602,0.01
fold1,3,1,rear_beta,9.595959595959595,8.881784197001252e-16,602,0.01
fold1,3,1,rear_yaw,28.386970465324257,8.881784197001252e-16,602,0.01
fold1,3,1,front_decay,0.952745409853624,8.881784197001252e-16,602,0.01
fold1,3,1,rear_decay,0.8431171877903855,8.881784197001252e-16,602,0.01
fold1,3,1,actuator_rate,8.397903563513639,8.881784197001252e-16,602,0.01
fold1,3,2,yaw_front,0.6961087949564403,4.440892098500626e-16,602,0.01
fold1,3,2,yaw_rear,5.826734528962435,4.440892098500626e-16,602,0.01
fold1,3,2,front_beta,68.1780059606258,4.440892098500626e-16,602,0.01
fold1,3,2,front_yaw,28.31765931022357,4.440892098500626e-16,602,0.01
fold1,3,2,rear_beta,12.95319057774952,4.440892098500626e-16,602,0.01
fold1,3,2,rear_yaw,45.03373039914927,4.440892098500626e-16,602,0.01
fold1,3,2,front_decay,0.800732933066797,4.440892098500626e-16,602,0.01
fold1,3,2,rear_decay,0.9030179702620352,4.440892098500626e-16,602,0.01
fold1,3,2,actuator_rate,7.189450894143683,4.440892098500626e-16,602,0.01
fold1,4,0,yaw_front,0.7092606992687573,4.440892098500626e-16,602,0.01
fold1,4,0,yaw_rear,4.963879107183913,4.440892098500626e-16,602,0.01
fold1,4,0,front_beta,67.89539593363749,4.440892098500626e-16,602,0.01
fold1,4,0,front_yaw,28.698266695212723,4.440892098500626e-16,602,0.01
fold1,4,0,rear_beta,9.595959595959595,4.440892098500626e-16,602,0.01
fold1,4,0,rear_yaw,28.386970907259396,4.440892098500626e-16,602,0.01
fold1,4,0,front_decay,0.9527457333656992,4.440892098500626e-16,602,0.01
fold1,4,0,rear_decay,0.8431175648294363,4.440892098500626e-16,602,0.01
fold1,4,0,actuator_rate,8.397903406909355,4.440892098500626e-16,602,0.01
fold1,4,1,yaw_front,0.6787711181342093,4.440892098500626e-16,602,0.01
fold1,4,1,yaw_rear,3.854158003900167,4.440892098500626e-16,602,0.01
fold1,4,1,front_beta,48.0619810908865,4.440892098500626e-16,602,0.01
fold1,4,1,front_yaw,24.80422926819273,4.440892098500626e-16,602,0.01
fold1,4,1,rear_beta,9.595959595959595,4.440892098500626e-16,602,0.01
fold1,4,1,rear_yaw,28.120215174323786,4.440892098500626e-16,602,0.01
fold1,4,1,front_decay,0.7334803582037711,4.440892098500626e-16,602,0.01
fold1,4,1,rear_decay,0.6909804072994508,4.440892098500626e-16,602,0.01
fold1,4,1,actuator_rate,7.688326837669907,4.440892098500626e-16,602,0.01
fold1,4,2,yaw_front,0.9706806389949784,8.881784197001252e-16,602,0.01
fold1,4,2,yaw_rear,1.018841128547987,8.881784197001252e-16,602,0.01
fold1,4,2,front_beta,284.94706240940826,8.881784197001252e-16,602,0.01
fold1,4,2,front_yaw,373.0436068621429,8.881784197001252e-16,602,0.01
fold1,4,2,rear_beta,959.5959595959596,8.881784197001252e-16,602,0.01
fold1,4,2,rear_yaw,1318.6026039070211,8.881784197001252e-16,602,0.01
fold1,4,2,front_decay,4.110893298303561,8.881784197001252e-16,602,0.01
fold1,4,2,rear_decay,12.370868817987432,8.881784197001252e-16,602,0.01
fold1,4,2,actuator_rate,14.350891481711994,8.881784197001252e-16,602,0.01
fold1,5,0,yaw_front,0.7092606992687573,4.440892098500626e-16,602,0.01
fold1,5,0,yaw_rear,4.963879107183913,4.440892098500626e-16,602,0.01
fold1,5,0,front_beta,67.89539593363749,4.440892098500626e-16,602,0.01
fold1,5,0,front_yaw,28.698266695212723,4.440892098500626e-16,602,0.01
fold1,5,0,rear_beta,9.595959595959595,4.440892098500626e-16,602,0.01
fold1,5,0,rear_yaw,28.386970907259396,4.440892098500626e-16,602,0.01
fold1,5,0,front_decay,0.9527457333656992,4.440892098500626e-16,602,0.01
fold1,5,0,rear_decay,0.8431175648294363,4.440892098500626e-16,602,0.01
fold1,5,0,actuator_rate,8.397903406909355,4.440892098500626e-16,602,0.01
fold1,5,1,yaw_front,0.678771205462135,0.0,602,0.01
fold1,5,1,yaw_rear,3.85415857890984,0.0,602,0.01
fold1,5,1,front_beta,48.06197034031326,0.0,602,0.01
fold1,5,1,front_yaw,24.80422256438232,0.0,602,0.01
fold1,5,1,rear_beta,9.595959595959595,0.0,602,0.01
fold1,5,1,rear_yaw,28.120214441755387,0.0,602,0.01
fold1,5,1,front_decay,0.7334801875164192,0.0,602,0.01
fold1,5,1,rear_decay,0.6909804112906506,0.0,602,0.01
fold1,5,1,actuator_rate,7.688326843160125,0.0,602,0.01
fold1,5,2,yaw_front,0.9706805905264232,1.7763568394002505e-15,602,0.01
fold1,5,2,yaw_rear,1.01884100657367,1.7763568394002505e-15,602,0.01
fold1,5,2,front_beta,284.9471211956832,1.7763568394002505e-15,602,0.01
fold1,5,2,front_yaw,373.04369114127735,1.7763568394002505e-15,602,0.01
fold1,5,2,rear_beta,959.5959595959596,1.7763568394002505e-15,602,0.01
fold1,5,2,rear_yaw,1318.6025377539331,1.7763568394002505e-15,602,0.01
fold1,5,2,front_decay,4.110893922752898,1.7763568394002505e-15,602,0.01
fold1,5,2,rear_decay,12.370866995561451,1.7763568394002505e-15,602,0.01
fold1,5,2,actuator_rate,14.350890989367544,1.7763568394002505e-15,602,0.01
full,0,0,yaw_front,0.6537707816381374,8.881784197001252e-16,602,0.01
full,0,0,yaw_rear,3.883610050426766,8.881784197001252e-16,602,0.01
full,0,0,front_beta,68.29366522440273,8.881784197001252e-16,602,0.01
full,0,0,front_yaw,33.486599525271046,8.881784197001252e-16,602,0.01
full,0,0,rear_beta,9.595959595959608,8.881784197001252e-16,602,0.01
full,0,0,rear_yaw,27.950472042325256,8.881784197001252e-16,602,0.01
full,0,0,front_decay,0.9644371370428912,8.881784197001252e-16,602,0.01
full,0,0,rear_decay,0.7139294593809479,8.881784197001252e-16,602,0.01
full,0,0,actuator_rate,7.4575560666625345,8.881784197001252e-16,602,0.01
full,0,1,yaw_front,0.6151680664844367,8.881784197001252e-16,602,0.01
full,0,1,yaw_rear,2.6990399159410243,8.881784197001252e-16,602,0.01
full,0,1,front_beta,45.51758623823693,8.881784197001252e-16,602,0.01
full,0,1,front_yaw,30.82399938902108,8.881784197001252e-16,602,0.01
full,0,1,rear_beta,9.5959595959596,8.881784197001252e-16,602,0.01
full,0,1,rear_yaw,28.511081968906677,8.881784197001252e-16,602,0.01
full,0,1,front_decay,0.7243892645879773,8.881784197001252e-16,602,0.01
full,0,1,rear_decay,0.5606460199946013,8.881784197001252e-16,602,0.01
full,0,1,actuator_rate,6.588236443553369,8.881784197001252e-16,602,0.01
full,0,2,yaw_front,0.8285829761024532,4.440892098500626e-16,602,0.01
full,0,2,yaw_rear,7.058003279247756,4.440892098500626e-16,602,0.01
full,0,2,front_beta,87.59957141011158,4.440892098500626e-16,602,0.01
full,0,2,front_yaw,28.231875086874137,4.440892098500626e-16,602,0.01
full,0,2,rear_beta,11.448516851131563,4.440892098500626e-16,602,0.01
full,0,2,rear_yaw,31.4291633265926,4.440892098500626e-16,602,0.01
full,0,2,front_decay,1.0838177606588135,4.440892098500626e-16,602,0.01
full,0,2,rear_decay,1.1239992005917143,4.440892098500626e-16,602,0.01
full,0,2,actuator_rate,13.89244893022586,4.440892098500626e-16,602,0.01
full,1,0,yaw_front,0.6537707816381374,8.881784197001252e-16,602,0.01
full,1,0,yaw_rear,3.883610050426766,8.881784197001252e-16,602,0.01
full,1,0,front_beta,68.29366522440273,8.881784197001252e-16,602,0.01
full,1,0,front_yaw,33.486599525271046,8.881784197001252e-16,602,0.01
full,1,0,rear_beta,9.595959595959608,8.881784197001252e-16,602,0.01
full,1,0,rear_yaw,27.950472042325256,8.881784197001252e-16,602,0.01
full,1,0,front_decay,0.9644371370428912,8.881784197001252e-16,602,0.01
full,1,0,rear_decay,0.7139294593809479,8.881784197001252e-16,602,0.01
full,1,0,actuator_rate,7.4575560666625345,8.881784197001252e-16,602,0.01
full,1,1,yaw_front,0.6850309169470833,4.440892098500626e-16,602,0.01
full,1,1,yaw_rear,6.602239794068055,4.440892098500626e-16,602,0.01
full,1,1,front_beta,74.70716219890855,4.440892098500626e-16,602,0.01
full,1,1,front_yaw,18.521659300023583,4.440892098500626e-16,602,0.01
full,1,1,rear_beta,9.5959595959596,4.440892098500626e-16,602,0.01
full,1,1,rear_yaw,22.92910924391994,4.440892098500626e-16,602,0.01
full,1,1,front_decay,1.0284936549853745,4.440892098500626e-16,602,0.01
full,1,1,rear_decay,0.942079749063578,4.440892098500626e-16,602,0.01
full,1,1,actuator_rate,11.294878297251442,4.440892098500626e-16,602,0.01
full,1,2,yaw_front,0.7247356849046442,8.881784197001252e-16,602,0.01
full,1,2,yaw_rear,2.1531051678734494,8.881784197001252e-16,602,0.01
full,1,2,front_beta,28.668837806391004,8.881784197001252e-16,602,0.01
full,1,2,front_yaw,30.891393852879386,8.881784197001252e-16,602,0.01
full,1,2,rear_beta,9.5959595959596,8.881784197001252e-16,602,0.01
full,1,2,rear_yaw,30.71860044464397,8.881784197001252e-16,602,0.01
full,1,2,front_decay,0.4434024891830869,8.881784197001252e-16,602,0.01
full,1,2,rear_decay,0.4406767348610732,8.881784197001252e-16,602,0.01
full,1,2,actuator_rate,5.575156568537299,8.881784197001252e-16,602,0.01
full,2,0,yaw_front,0.6537707816381374,8.881784197001252e-16,602,0.01
full,2,0,yaw_rear,3.883610050426766,8.881784197001252e-16,602,0.01
full,2,0,front_beta,68.29366522440273,8.881784197001252e-16,602,0.01
full,2,0,front_yaw,33.486599525271046,8.881784197001252e-16,602,0.01
full,2,0,rear_beta,9.595959595959608,8.881784197001252e-16,602,0.01
full,2,0,rear_yaw,27.950472042325256,8.881784197001252e-16,602,0.01
full,2,0,front_decay,0.9644371370428912,8.881784197001252e-16,602,0.01
full,2,0,rear_decay,0.7139294593809479,8.881784197001252e-16,602,0.01
full,2,0,actuator_rate,7.4575560666625345,8.881784197001252e-16,602,0.01
full,2,1,yaw_front,0.6794574988615621,8.881784197001252e-16,602,0.01
full,2,1,yaw_rear,2.2790900395987754,8.881784197001252e-16,602,0.01
full,2,1,front_beta,41.24333038083371,8.881784197001252e-16,602,0.01
full,2,1,front_yaw,42.06874932662967,8.881784197001252e-16,602,0.01
full,2,1,rear_beta,9.5959595959596,8.881784197001252e-16,602,0.01
full,2,1,rear_yaw,32.83170761879447,8.881784197001252e-16,602,0.01
full,2,1,front_decay,0.6350931268447855,8.881784197001252e-16,602,0.01
full,2,1,rear_decay,0.5029348897048846,8.881784197001252e-16,602,0.01
full,2,1,actuator_rate,6.199015016097377,8.881784197001252e-16,602,0.01
full,2,2,yaw_front,0.6294541790020489,8.881784197001252e-16,602,0.01
full,2,2,yaw_rear,6.116066372317108,8.881784197001252e-16,602,0.01
full,2,2,front_beta,89.95832572963957,8.881784197001252e-16,602,0.01
full,2,2,front_yaw,21.7671336254454,8.881784197001252e-16,602,0.01
full,2,2,rear_beta,9.5959595959596,8.881784197001252e-16,602,0.01
full,2,2,rear_yaw,22.560896787122545,8.881784197001252e-16,602,0.01
full,2,2,front_decay,1.2036844160950884,8.881784197001252e-16,602,0.01
full,2,2,rear_decay,0.9040601787551568,8.881784197001252e-16,602,0.01
full,2,2,actuator_rate,11.668831242059966,8.881784197001252e-16,602,0.01
full,3,0,yaw_front,0.6537707816381374,8.881784197001252e-16,602,0.01
full,3,0,yaw_rear,3.883610050426766,8.881784197001252e-16,602,0.01
full,3,0,front_beta,68.29366522440273,8.881784197001252e-16,602,0.01
full,3,0,front_yaw,33.486599525271046,8.881784197001252e-16,602,0.01
full,3,0,rear_beta,9.595959595959608,8.881784197001252e-16,602,0.01
full,3,0,rear_yaw,27.950472042325256,8.881784197001252e-16,602,0.01
full,3,0,front_decay,0.9644371370428912,8.881784197001252e-16,602,0.01
full,3,0,rear_decay,0.7139294593809479,8.881784197001252e-16,602,0.01
full,3,0,actuator_rate,7.4575560666625345,8.881784197001252e-16,602,0.01
full,3,1,yaw_front,0.6151680297081992,4.440892098500626e-16,602,0.01
full,3,1,yaw_rear,2.699039292437234,4.440892098500626e-16,602,0.01
full,3,1,front_beta,45.51758384872422,4.440892098500626e-16,602,0.01
full,3,1,front_yaw,30.824004837110657,4.440892098500626e-16,602,0.01
full,3,1,rear_beta,9.595959595959595,4.440892098500626e-16,602,0.01
full,3,1,rear_yaw,28.511083623053675,4.440892098500626e-16,602,0.01
full,3,1,front_decay,0.7243892265440799,4.440892098500626e-16,602,0.01
full,3,1,rear_decay,0.5606459362308629,4.440892098500626e-16,602,0.01
full,3,1,actuator_rate,6.588236581060507,4.440892098500626e-16,602,0.01
full,3,2,yaw_front,0.8285833298846487,1.3322676295501878e-15,602,0.01
full,3,2,yaw_rear,7.057992748929781,1.3322676295501878e-15,602,0.01
full,3,2,front_beta,87.59955469423834,1.3322676295501878e-15,602,0.01
full,3,2,front_yaw,28.231912377879667,1.3322676295501878e-15,602,0.01
full,3,2,rear_beta,11.448549467027512,1.3322676295501878e-15,602,0.01
full,3,2,rear_yaw,31.429240066534057,1.3322676295501878e-15,602,0.01
full,3,2,front_decay,1.0838176360724874,1.3322676295501878e-15,602,0.01
full,3,2,rear_decay,1.124000235951543,1.3322676295501878e-15,602,0.01
full,3,2,actuator_rate,13.892448937368163,1.3322676295501878e-15,602,0.01
full,4,0,yaw_front,0.6537707816381374,8.881784197001252e-16,602,0.01
full,4,0,yaw_rear,3.883610050426766,8.881784197001252e-16,602,0.01
full,4,0,front_beta,68.29366522440273,8.881784197001252e-16,602,0.01
full,4,0,front_yaw,33.486599525271046,8.881784197001252e-16,602,0.01
full,4,0,rear_beta,9.595959595959608,8.881784197001252e-16,602,0.01
full,4,0,rear_yaw,27.950472042325256,8.881784197001252e-16,602,0.01
full,4,0,front_decay,0.9644371370428912,8.881784197001252e-16,602,0.01
full,4,0,rear_decay,0.7139294593809479,8.881784197001252e-16,602,0.01
full,4,0,actuator_rate,7.4575560666625345,8.881784197001252e-16,602,0.01
full,4,1,yaw_front,0.8594389545461153,8.881784197001252e-16,602,0.01
full,4,1,yaw_rear,7.423015426810045,8.881784197001252e-16,602,0.01
full,4,1,front_beta,69.33054520968336,8.881784197001252e-16,602,0.01
full,4,1,front_yaw,22.885616771114897,8.881784197001252e-16,602,0.01
full,4,1,rear_beta,9.595959595959595,8.881784197001252e-16,602,0.01
full,4,1,rear_yaw,27.35846615586496,8.881784197001252e-16,602,0.01
full,4,1,front_decay,0.9126811738834412,8.881784197001252e-16,602,0.01
full,4,1,rear_decay,1.020154262622891,8.881784197001252e-16,602,0.01
full,4,1,actuator_rate,11.44166207608555,8.881784197001252e-16,602,0.01
full,4,2,yaw_front,0.6778482533162801,8.881784197001252e-16,602,0.01
full,4,2,yaw_rear,0.8885766702270649,8.881784197001252e-16,602,0.01
full,4,2,front_beta,59.21408708083323,8.881784197001252e-16,602,0.01
full,4,2,front_yaw,84.97888298416167,8.881784197001252e-16,602,0.01
full,4,2,rear_beta,37.2922534037593,8.881784197001252e-16,602,0.01
full,4,2,rear_yaw,70.15635742205122,8.881784197001252e-16,602,0.01
full,4,2,front_decay,1.252136836386334,8.881784197001252e-16,602,0.01
full,4,2,rear_decay,0.8074579991325376,8.881784197001252e-16,602,0.01
full,4,2,actuator_rate,5.721402508633328,8.881784197001252e-16,602,0.01
full,5,0,yaw_front,0.6537707816381374,8.881784197001252e-16,602,0.01
full,5,0,yaw_rear,3.883610050426766,8.881784197001252e-16,602,0.01
full,5,0,front_beta,68.29366522440273,8.881784197001252e-16,602,0.01
full,5,0,front_yaw,33.486599525271046,8.881784197001252e-16,602,0.01
full,5,0,rear_beta,9.595959595959608,8.881784197001252e-16,602,0.01
full,5,0,rear_yaw,27.950472042325256,8.881784197001252e-16,602,0.01
full,5,0,front_decay,0.9644371370428912,8.881784197001252e-16,602,0.01
full,5,0,rear_decay,0.7139294593809479,8.881784197001252e-16,602,0.01
full,5,0,actuator_rate,7.4575560666625345,8.881784197001252e-16,602,0.01
full,5,1,yaw_front,0.6778479884591351,8.881784197001252e-16,602,0.01
full,5,1,yaw_rear,0.8885771343491438,8.881784197001252e-16,602,0.01
full,5,1,front_beta,59.2140885865785,8.881784197001252e-16,602,0.01
full,5,1,front_yaw,84.97885197365079,8.881784197001252e-16,602,0.01
full,5,1,rear_beta,37.29219931950608,8.881784197001252e-16,602,0.01
full,5,1,rear_yaw,70.15629234656102,8.881784197001252e-16,602,0.01
full,5,1,front_decay,1.2521364435318794,8.881784197001252e-16,602,0.01
full,5,1,rear_decay,0.8074573391385392,8.881784197001252e-16,602,0.01
full,5,1,actuator_rate,5.721402304858869,8.881784197001252e-16,602,0.01
full,5,2,yaw_front,0.8594387546941875,4.440892098500626e-16,602,0.01
full,5,2,yaw_rear,7.423013517647729,4.440892098500626e-16,602,0.01
full,5,2,front_beta,69.33057462149687,4.440892098500626e-16,602,0.01
full,5,2,front_yaw,22.885627047939817,4.440892098500626e-16,602,0.01
full,5,2,rear_beta,9.595959595959595,4.440892098500626e-16,602,0.01
full,5,2,rear_yaw,27.358466160473487,4.440892098500626e-16,602,0.01
full,5,2,front_decay,0.9126815912285374,4.440892098500626e-16,602,0.01
full,5,2,rear_decay,1.0201542640695969,4.440892098500626e-16,602,0.01
full,5,2,actuator_rate,11.44166167822498,4.440892098500626e-16,602,0.01
fold0,0,0,yaw_front,0.6159510342631224,4.440892098500626e-16,602,1.0
fold0,0,0,yaw_rear,0.9906979196087694,4.440892098500626e-16,602,1.0
fold0,0,0,front_beta,86.30107601576412,4.440892098500626e-16,602,1.0
fold0,0,0,front_yaw,101.61055437049244,4.440892098500626e-16,602,1.0
fold0,0,0,rear_beta,23.229118656068128,4.440892098500626e-16,602,1.0
fold0,0,0,rear_yaw,43.98963969408263,4.440892098500626e-16,602,1.0
fold0,0,0,front_decay,1.6771723460650385,4.440892098500626e-16,602,1.0
fold0,0,0,rear_decay,0.5522317997616587,4.440892098500626e-16,602,1.0
fold0,0,0,actuator_rate,9.021679571650886,4.440892098500626e-16,602,1.0
fold0,0,1,yaw_front,0.7689625935565708,8.881784197001252e-16,602,1.0
fold0,0,1,yaw_rear,0.9235760842934138,8.881784197001252e-16,602,1.0
fold0,0,1,front_beta,57.54586268633543,8.881784197001252e-16,602,1.0
fold0,0,1,front_yaw,79.20841181304286,8.881784197001252e-16,602,1.0
fold0,0,1,rear_beta,39.16023231403528,8.881784197001252e-16,602,1.0
fold0,0,1,rear_yaw,64.73958699161682,8.881784197001252e-16,602,1.0
fold0,0,1,front_decay,1.591802214481703,8.881784197001252e-16,602,1.0
fold0,0,1,rear_decay,0.9429612112043462,8.881784197001252e-16,602,1.0
fold0,0,1,actuator_rate,6.388861751781708,8.881784197001252e-16,602,1.0
fold0,0,2,yaw_front,0.8419074026542092,0.0,602,1.0
fold0,0,2,yaw_rear,1.1772380450585702,0.0,602,1.0
fold0,0,2,front_beta,106.21131356487486,0.0,602,1.0
fold0,0,2,front_yaw,115.17236118831435,0.0,602,1.0
fold0,0,2,rear_beta,59.33333740516344,0.0,602,1.0
fold0,0,2,rear_yaw,89.96554778098918,0.0,602,1.0
fold0,0,2,front_decay,1.9956428042626997,0.0,602,1.0
fold0,0,2,rear_decay,1.1754960872885285,0.0,602,1.0
fold0,0,2,actuator_rate,15.355737337702433,0.0,602,1.0
fold0,1,0,yaw_front,0.6159510342631224,4.440892098500626e-16,602,1.0
fold0,1,0,yaw_rear,0.9906979196087694,4.440892098500626e-16,602,1.0
fold0,1,0,front_beta,86.30107601576412,4.440892098500626e-16,602,1.0
fold0,1,0,front_yaw,101.61055437049244,4.440892098500626e-16,602,1.0
fold0,1,0,rear_beta,23.229118656068128,4.440892098500626e-16,602,1.0
fold0,1,0,rear_yaw,43.98963969408263,4.440892098500626e-16,602,1.0
fold0,1,0,front_decay,1.6771723460650385,4.440892098500626e-16,602,1.0
fold0,1,0,rear_decay,0.5522317997616587,4.440892098500626e-16,602,1.0
fold0,1,0,actuator_rate,9.021679571650886,4.440892098500626e-16,602,1.0
fold0,1,1,yaw_front,0.5811628060897198,1.3322676295501878e-15,602,1.0
fold0,1,1,yaw_rear,0.9707741489698812,1.3322676295501878e-15,602,1.0
fold0,1,1,front_beta,59.88145950540134,1.3322676295501878e-15,602,1.0
fold0,1,1,front_yaw,94.36912476569309,1.3322676295501878e-15,602,1.0
fold0,1,1,rear_beta,18.102074759805618,1.3322676295501878e-15,602,1.0
fold0,1,1,rear_yaw,47.65256639849911,1.3322676295501878e-15,602,1.0
fold0,1,1,front_decay,1.0093595846412329,1.3322676295501878e-15,602,1.0
fold0,1,1,rear_decay,0.4186539472718711,1.3322676295501878e-15,602,1.0
fold0,1,1,actuator_rate,7.617028341239043,1.3322676295501878e-15,602,1.0
fold0,1,2,yaw_front,0.759753192351567,8.881784197001252e-16,602,1.0
fold0,1,2,yaw_rear,0.8319310150505355,8.881784197001252e-16,602,1.0
fold0,1,2,front_beta,128.883731411766,8.881784197001252e-16,602,1.0
fold0,1,2,front_yaw,170.50313769231678,8.881784197001252e-16,602,1.0
fold0,1,2,rear_beta,40.631446900555154,8.881784197001252e-16,602,1.0
fold0,1,2,rear_yaw,58.858791953619296,8.881784197001252e-16,602,1.0
fold0,1,2,front_decay,2.829746359844578,8.881784197001252e-16,602,1.0
fold0,1,2,rear_decay,0.8039364098878867,8.881784197001252e-16,602,1.0
fold0,1,2,actuator_rate,15.798003766215212,8.881784197001252e-16,602,1.0
fold0,2,0,yaw_front,0.6159510342631224,4.440892098500626e-16,602,1.0
fold0,2,0,yaw_rear,0.9906979196087694,4.440892098500626e-16,602,1.0
fold0,2,0,front_beta,86.30107601576412,4.440892098500626e-16,602,1.0
fold0,2,0,front_yaw,101.61055437049244,4.440892098500626e-16,602,1.0
fold0,2,0,rear_beta,23.229118656068128,4.440892098500626e-16,602,1.0
fold0,2,0,rear_yaw,43.98963969408263,4.440892098500626e-16,602,1.0
fold0,2,0,front_decay,1.6771723460650385,4.440892098500626e-16,602,1.0
fold0,2,0,rear_decay,0.5522317997616587,4.440892098500626e-16,602,1.0
fold0,2,0,actuator_rate,9.021679571650886,4.440892098500626e-16,602,1.0
fold0,2,1,yaw_front,0.768962571557411,8.881784197001252e-16,602,1.0
fold0,2,1,yaw_rear,0.923576004494336,8.881784197001252e-16,602,1.0
fold0,2,1,front_beta,57.54583538437362,8.881784197001252e-16,602,1.0
fold0,2,1,front_yaw,79.20836186308762,8.881784197001252e-16,602,1.0
fold0,2,1,rear_beta,39.16023980558744,8.881784197001252e-16,602,1.0
fold0,2,1,rear_yaw,64.73958552433483,8.881784197001252e-16,602,1.0
fold0,2,1,front_decay,1.5918014040379491,8.881784197001252e-16,602,1.0
fold0,2,1,rear_decay,0.9429611310284084,8.881784197001252e-16,602,1.0
fold0,2,1,actuator_rate,6.3888589818253765,8.881784197001252e-16,602,1.0
fold0,2,2,yaw_front,0.8419069242579602,0.0,602,1.0
fold0,2,2,yaw_rear,1.177237488250071,0.0,602,1.0
fold0,2,2,front_beta,106.2113794140459,0.0,602,1.0
fold0,2,2,front_yaw,115.17241677333097,0.0,602,1.0
fold0,2,2,rear_beta,59.33323725014809,0.0,602,1.0
fold0,2,2,rear_yaw,89.9653921304058,0.0,602,1.0
fold0,2,2,front_decay,1.9956440573463272,0.0,602,1.0
fold0,2,2,rear_decay,1.1754940263004634,0.0,602,1.0
fold0,2,2,actuator_rate,15.355735492730394,0.0,602,1.0
fold0,3,0,yaw_front,0.6159510342631224,4.440892098500626e-16,602,1.0
fold0,3,0,yaw_rear,0.9906979196087694,4.440892098500626e-16,602,1.0
fold0,3,0,front_beta,86.30107601576412,4.440892098500626e-16,602,1.0
fold0,3,0,front_yaw,101.61055437049244,4.440892098500626e-16,602,1.0
fold0,3,0,rear_beta,23.229118656068128,4.440892098500626e-16,602,1.0
fold0,3,0,rear_yaw,43.98963969408263,4.440892098500626e-16,602,1.0
fold0,3,0,front_decay,1.6771723460650385,4.440892098500626e-16,602,1.0
fold0,3,0,rear_decay,0.5522317997616587,4.440892098500626e-16,602,1.0
fold0,3,0,actuator_rate,9.021679571650886,4.440892098500626e-16,602,1.0
fold0,3,1,yaw_front,0.7689624977214725,8.881784197001252e-16,602,1.0
fold0,3,1,yaw_rear,0.9235757036560366,8.881784197001252e-16,602,1.0
fold0,3,1,front_beta,57.545860464691614,8.881784197001252e-16,602,1.0
fold0,3,1,front_yaw,79.20843649505433,8.881784197001252e-16,602,1.0
fold0,3,1,rear_beta,39.16020975398379,8.881784197001252e-16,602,1.0
fold0,3,1,rear_yaw,64.7395537551947,8.881784197001252e-16,602,1.0
fold0,3,1,front_decay,1.5918019952392268,8.881784197001252e-16,602,1.0
fold0,3,1,rear_decay,0.9429602282458954,8.881784197001252e-16,602,1.0
fold0,3,1,actuator_rate,6.388859270960733,8.881784197001252e-16,602,1.0
fold0,3,2,yaw_front,0.841907003193073,0.0,602,1.0
fold0,3,2,yaw_rear,1.1772377723478564,0.0,602,1.0
fold0,3,2,front_beta,106.21143394575977,0.0,602,1.0
fold0,3,2,front_yaw,115.17245300207328,0.0,602,1.0
fold0,3,2,rear_beta,59.333260500754896,0.0,602,1.0
fold0,3,2,rear_yaw,89.9654227697174,0.0,602,1.0
fold0,3,2,front_decay,1.9956452090257213,0.0,602,1.0
fold0,3,2,rear_decay,1.175494714702259,0.0,602,1.0
fold0,3,2,actuator_rate,15.35573433745162,0.0,602,1.0
fold0,4,0,yaw_front,0.6159510342631224,4.440892098500626e-16,602,1.0
fold0,4,0,yaw_rear,0.9906979196087694,4.440892098500626e-16,602,1.0
fold0,4,0,front_beta,86.30107601576412,4.440892098500626e-16,602,1.0
fold0,4,0,front_yaw,101.61055437049244,4.440892098500626e-16,602,1.0
fold0,4,0,rear_beta,23.229118656068128,4.440892098500626e-16,602,1.0
fold0,4,0,rear_yaw,43.98963969408263,4.440892098500626e-16,602,1.0
fold0,4,0,front_decay,1.6771723460650385,4.440892098500626e-16,602,1.0
fold0,4,0,rear_decay,0.5522317997616587,4.440892098500626e-16,602,1.0
fold0,4,0,actuator_rate,9.021679571650886,4.440892098500626e-16,602,1.0
fold0,4,1,yaw_front,0.8419068492948383,0.0,602,1.0
fold0,4,1,yaw_rear,1.1772373139189671,0.0,602,1.0
fold0,4,1,front_beta,106.21136145015856,0.0,602,1.0
fold0,4,1,front_yaw,115.17240375826016,0.0,602,1.0
fold0,4,1,rear_beta,59.333216539004354,0.0,602,1.0
fold0,4,1,rear_yaw,89.96536046422911,0.0,602,1.0
fold0,4,1,front_decay,1.9956436797858603,0.0,602,1.0
fold0,4,1,rear_decay,1.1754934919215805,0.0,602,1.0
fold0,4,1,actuator_rate,15.355736235017767,0.0,602,1.0
fold0,4,2,yaw_front,0.7689626517566992,0.0,602,1.0
fold0,4,2,yaw_rear,0.9235761480673004,0.0,602,1.0
fold0,4,2,front_beta,57.54580065967621,0.0,602,1.0
fold0,4,2,front_yaw,79.2083071600668,0.0,602,1.0
fold0,4,2,rear_beta,39.16025568455355,0.0,602,1.0
fold0,4,2,rear_yaw,64.73960944235758,0.0,602,1.0
fold0,4,2,front_decay,1.591800402190653,0.0,602,1.0
fold0,4,2,rear_decay,0.9429615511779528,0.0,602,1.0
fold0,4,2,actuator_rate,6.388858936509587,0.0,602,1.0
fold0,5,0,yaw_front,0.6159510342631224,4.440892098500626e-16,602,1.0
fold0,5,0,yaw_rear,0.9906979196087694,4.440892098500626e-16,602,1.0
fold0,5,0,front_beta,86.30107601576412,4.440892098500626e-16,602,1.0
fold0,5,0,front_yaw,101.61055437049244,4.440892098500626e-16,602,1.0
fold0,5,0,rear_beta,23.229118656068128,4.440892098500626e-16,602,1.0
fold0,5,0,rear_yaw,43.98963969408263,4.440892098500626e-16,602,1.0
fold0,5,0,front_decay,1.6771723460650385,4.440892098500626e-16,602,1.0
fold0,5,0,rear_decay,0.5522317997616587,4.440892098500626e-16,602,1.0
fold0,5,0,actuator_rate,9.021679571650886,4.440892098500626e-16,602,1.0
fold0,5,1,yaw_front,0.768962352131413,8.881784197001252e-16,602,1.0
fold0,5,1,yaw_rear,0.923575881564283,8.881784197001252e-16,602,1.0
fold0,5,1,front_beta,57.54580043905252,8.881784197001252e-16,602,1.0
fold0,5,1,front_yaw,79.20833560105596,8.881784197001252e-16,602,1.0
fold0,5,1,rear_beta,39.16019480828496,8.881784197001252e-16,602,1.0
fold0,5,1,rear_yaw,64.73953884057345,8.881784197001252e-16,602,1.0
fold0,5,1,front_decay,1.5917999553409412,8.881784197001252e-16,602,1.0
fold0,5,1,rear_decay,0.942959987629162,8.881784197001252e-16,602,1.0
fold0,5,1,actuator_rate,6.388859189265535,8.881784197001252e-16,602,1.0
fold0,5,2,yaw_front,0.8419069740943994,1.7763568394002505e-15,602,1.0
fold0,5,2,yaw_rear,1.1772377647277918,1.7763568394002505e-15,602,1.0
fold0,5,2,front_beta,106.2113067841604,1.7763568394002505e-15,602,1.0
fold0,5,2,front_yaw,115.17233415168371,1.7763568394002505e-15,602,1.0
fold0,5,2,rear_beta,59.33324026863525,1.7763568394002505e-15,602,1.0
fold0,5,2,rear_yaw,89.96540949211408,1.7763568394002505e-15,602,1.0
fold0,5,2,front_decay,1.9956424169080391,1.7763568394002505e-15,602,1.0
fold0,5,2,rear_decay,1.175494200651903,1.7763568394002505e-15,602,1.0
fold0,5,2,actuator_rate,15.355736322296725,1.7763568394002505e-15,602,1.0
fold1,0,0,yaw_front,0.4773950786632016,8.881784197001252e-16,602,1.0
fold1,0,0,yaw_rear,1.1555524808426807,8.881784197001252e-16,602,1.0
fold1,0,0,front_beta,72.59097800067494,8.881784197001252e-16,602,1.0
fold1,0,0,front_yaw,90.67016615215928,8.881784197001252e-16,602,1.0
fold1,0,0,rear_beta,9.80973396158264,8.881784197001252e-16,602,1.0
fold1,0,0,rear_yaw,29.65860569100301,8.881784197001252e-16,602,1.0
fold1,0,0,front_decay,1.196894611787985,8.881784197001252e-16,602,1.0
fold1,0,0,rear_decay,0.3701661281629361,8.881784197001252e-16,602,1.0
fold1,0,0,actuator_rate,11.07701473773484,8.881784197001252e-16,602,1.0
fold1,0,1,yaw_front,0.5945753245693499,4.440892098500626e-16,602,1.0
fold1,0,1,yaw_rear,0.3270950610674181,4.440892098500626e-16,602,1.0
fold1,0,1,front_beta,105.06027659989212,4.440892098500626e-16,602,1.0
fold1,0,1,front_yaw,208.7760143190168,4.440892098500626e-16,602,1.0
fold1,0,1,rear_beta,19.75231723301181,4.440892098500626e-16,602,1.0
fold1,0,1,rear_yaw,21.593707756038324,4.440892098500626e-16,602,1.0
fold1,0,1,front_decay,2.765215319242333,4.440892098500626e-16,602,1.0
fold1,0,1,rear_decay,0.2516500490217202,4.440892098500626e-16,602,1.0
fold1,0,1,actuator_rate,11.561648522104411,4.440892098500626e-16,602,1.0
fold1,0,2,yaw_front,0.6100129956961965,4.440892098500626e-16,602,1.0
fold1,0,2,yaw_rear,1.0428344278993729,4.440892098500626e-16,602,1.0
fold1,0,2,front_beta,67.01417836269911,4.440892098500626e-16,602,1.0
fold1,0,2,front_yaw,106.35114469048756,4.440892098500626e-16,602,1.0
fold1,0,2,rear_beta,19.32849101058313,4.440892098500626e-16,602,1.0
fold1,0,2,rear_yaw,52.4384316645688,4.440892098500626e-16,602,1.0
fold1,0,2,front_decay,1.135848763093297,4.440892098500626e-16,602,1.0
fold1,0,2,rear_decay,0.4956260508577886,4.440892098500626e-16,602,1.0
fold1,0,2,actuator_rate,10.711547822393406,4.440892098500626e-16,602,1.0
fold1,1,0,yaw_front,0.4773950786632016,8.881784197001252e-16,602,1.0
fold1,1,0,yaw_rear,1.1555524808426807,8.881784197001252e-16,602,1.0
fold1,1,0,front_beta,72.59097800067494,8.881784197001252e-16,602,1.0
fold1,1,0,front_yaw,90.67016615215928,8.881784197001252e-16,602,1.0
fold1,1,0,rear_beta,9.80973396158264,8.881784197001252e-16,602,1.0
fold1,1,0,rear_yaw,29.65860569100301,8.881784197001252e-16,602,1.0
fold1,1,0,front_decay,1.196894611787985,8.881784197001252e-16,602,1.0
fold1,1,0,rear_decay,0.3701661281629361,8.881784197001252e-16,602,1.0
fold1,1,0,actuator_rate,11.07701473773484,8.881784197001252e-16,602,1.0
fold1,1,1,yaw_front,0.5987965003236212,0.0,602,1.0
fold1,1,1,yaw_rear,0.9461650696063296,0.0,602,1.0
fold1,1,1,front_beta,62.15607899353292,0.0,602,1.0
fold1,1,1,front_yaw,126.12594035034527,0.0,602,1.0
fold1,1,1,rear_beta,17.63979344920767,0.0,602,1.0
fold1,1,1,rear_yaw,56.55903097680072,0.0,602,1.0
fold1,1,1,front_decay,0.7993585314917832,0.0,602,1.0
fold1,1,1,rear_decay,0.4335346658145869,0.0,602,1.0
fold1,1,1,actuator_rate,13.470887660445614,0.0,602,1.0
fold1,1,2,yaw_front,0.6265561714707887,8.881784197001252e-16,602,1.0
fold1,1,2,yaw_rear,0.5681208467001092,8.881784197001252e-16,602,1.0
fold1,1,2,front_beta,92.09261097407968,8.881784197001252e-16,602,1.0
fold1,1,2,front_yaw,133.85135546100503,8.881784197001252e-16,602,1.0
fold1,1,2,rear_beta,24.70948656442578,8.881784197001252e-16,602,1.0
fold1,1,2,rear_yaw,32.56435063088525,8.881784197001252e-16,602,1.0
fold1,1,2,front_decay,2.55789850502512,8.881784197001252e-16,602,1.0
fold1,1,2,rear_decay,0.4541644351463966,8.881784197001252e-16,602,1.0
fold1,1,2,actuator_rate,8.978586874595576,8.881784197001252e-16,602,1.0
fold1,2,0,yaw_front,0.4773950786632016,8.881784197001252e-16,602,1.0
fold1,2,0,yaw_rear,1.1555524808426807,8.881784197001252e-16,602,1.0
fold1,2,0,front_beta,72.59097800067494,8.881784197001252e-16,602,1.0
fold1,2,0,front_yaw,90.67016615215928,8.881784197001252e-16,602,1.0
fold1,2,0,rear_beta,9.80973396158264,8.881784197001252e-16,602,1.0
fold1,2,0,rear_yaw,29.65860569100301,8.881784197001252e-16,602,1.0
fold1,2,0,front_decay,1.196894611787985,8.881784197001252e-16,602,1.0
fold1,2,0,rear_decay,0.3701661281629361,8.881784197001252e-16,602,1.0
fold1,2,0,actuator_rate,11.07701473773484,8.881784197001252e-16,602,1.0
fold1,2,1,yaw_front,0.5945728679674497,-4.440892098500626e-16,602,1.0
fold1,2,1,yaw_rear,0.3270967371716694,-4.440892098500626e-16,602,1.0
fold1,2,1,front_beta,105.0599186441095,-4.440892098500626e-16,602,1.0
fold1,2,1,front_yaw,208.77472332939456,-4.440892098500626e-16,602,1.0
fold1,2,1,rear_beta,19.75224390243198,-4.440892098500626e-16,602,1.0
fold1,2,1,rear_yaw,21.593767503946545,-4.440892098500626e-16,602,1.0
fold1,2,1,front_decay,2.765193140799901,-4.440892098500626e-16,602,1.0
fold1,2,1,rear_decay,0.251650330173699,-4.440892098500626e-16,602,1.0
fold1,2,1,actuator_rate,11.561648125280652,-4.440892098500626e-16,602,1.0
fold1,2,2,yaw_front,0.6100136501940524,1.7763568394002505e-15,602,1.0
fold1,2,2,yaw_rear,1.0428347402735276,1.7763568394002505e-15,602,1.0
fold1,2,2,front_beta,67.01449351809615,1.7763568394002505e-15,602,1.0
fold1,2,2,front_yaw,106.35144175145898,1.7763568394002505e-15,602,1.0
fold1,2,2,rear_beta,19.328576671949254,1.7763568394002505e-15,602,1.0
fold1,2,2,rear_yaw,52.43852337314316,1.7763568394002505e-15,602,1.0
fold1,2,2,front_decay,1.135855946918403,1.7763568394002505e-15,602,1.0
fold1,2,2,rear_decay,0.4956280562699912,1.7763568394002505e-15,602,1.0
fold1,2,2,actuator_rate,10.711548126655028,1.7763568394002505e-15,602,1.0
fold1,3,0,yaw_front,0.4773950786632016,8.881784197001252e-16,602,1.0
fold1,3,0,yaw_rear,1.1555524808426807,8.881784197001252e-16,602,1.0
fold1,3,0,front_beta,72.59097800067494,8.881784197001252e-16,602,1.0
fold1,3,0,front_yaw,90.67016615215928,8.881784197001252e-16,602,1.0
fold1,3,0,rear_beta,9.80973396158264,8.881784197001252e-16,602,1.0
fold1,3,0,rear_yaw,29.65860569100301,8.881784197001252e-16,602,1.0
fold1,3,0,front_decay,1.196894611787985,8.881784197001252e-16,602,1.0
fold1,3,0,rear_decay,0.3701661281629361,8.881784197001252e-16,602,1.0
fold1,3,0,actuator_rate,11.07701473773484,8.881784197001252e-16,602,1.0
fold1,3,1,yaw_front,0.5945719821363642,8.881784197001252e-16,602,1.0
fold1,3,1,yaw_rear,0.3270940187650956,8.881784197001252e-16,602,1.0
fold1,3,1,front_beta,105.0608165231322,8.881784197001252e-16,602,1.0
fold1,3,1,front_yaw,208.7769139829105,8.881784197001252e-16,602,1.0
fold1,3,1,rear_beta,19.752121706669715,8.881784197001252e-16,602,1.0
fold1,3,1,rear_yaw,21.5935286611083,8.881784197001252e-16,602,1.0
fold1,3,1,front_decay,2.765223891512423,8.881784197001252e-16,602,1.0
fold1,3,1,rear_decay,0.2516474792830642,8.881784197001252e-16,602,1.0
fold1,3,1,actuator_rate,11.561642039031096,8.881784197001252e-16,602,1.0
fold1,3,2,yaw_front,0.6100089418527614,8.881784197001252e-16,602,1.0
fold1,3,2,yaw_rear,1.0428339109877007,8.881784197001252e-16,602,1.0
fold1,3,2,front_beta,67.01253845148128,8.881784197001252e-16,602,1.0
fold1,3,2,front_yaw,106.3495113642374,8.881784197001252e-16,602,1.0
fold1,3,2,rear_beta,19.327978271112134,8.881784197001252e-16,602,1.0
fold1,3,2,rear_yaw,52.43784096312021,8.881784197001252e-16,602,1.0
fold1,3,2,front_decay,1.1358106596525224,8.881784197001252e-16,602,1.0
fold1,3,2,rear_decay,0.4956146125423158,8.881784197001252e-16,602,1.0
fold1,3,2,actuator_rate,10.711560637787972,8.881784197001252e-16,602,1.0
fold1,4,0,yaw_front,0.4773950786632016,8.881784197001252e-16,602,1.0
fold1,4,0,yaw_rear,1.1555524808426807,8.881784197001252e-16,602,1.0
fold1,4,0,front_beta,72.59097800067494,8.881784197001252e-16,602,1.0
fold1,4,0,front_yaw,90.67016615215928,8.881784197001252e-16,602,1.0
fold1,4,0,rear_beta,9.80973396158264,8.881784197001252e-16,602,1.0
fold1,4,0,rear_yaw,29.65860569100301,8.881784197001252e-16,602,1.0
fold1,4,0,front_decay,1.196894611787985,8.881784197001252e-16,602,1.0
fold1,4,0,rear_decay,0.3701661281629361,8.881784197001252e-16,602,1.0
fold1,4,0,actuator_rate,11.07701473773484,8.881784197001252e-16,602,1.0
fold1,4,1,yaw_front,0.6100129078627453,8.881784197001252e-16,602,1.0
fold1,4,1,yaw_rear,1.0428345002205146,8.881784197001252e-16,602,1.0
fold1,4,1,front_beta,67.01408589887808,8.881784197001252e-16,602,1.0
fold1,4,1,front_yaw,106.35103943723212,8.881784197001252e-16,602,1.0
fold1,4,1,rear_beta,19.328468221858813,8.881784197001252e-16,602,1.0
fold1,4,1,rear_yaw,52.43840148114183,8.881784197001252e-16,602,1.0
fold1,4,1,front_decay,1.1358467910991623,8.881784197001252e-16,602,1.0
fold1,4,1,rear_decay,0.4956255109832652,8.881784197001252e-16,602,1.0
fold1,4,1,actuator_rate,10.711551154587369,8.881784197001252e-16,602,1.0
fold1,4,2,yaw_front,0.5945751975847443,8.881784197001252e-16,602,1.0
fold1,4,2,yaw_rear,0.327094237443961,8.881784197001252e-16,602,1.0
fold1,4,2,front_beta,105.06059975937994,8.881784197001252e-16,602,1.0
fold1,4,2,front_yaw,208.7767345496759,8.881784197001252e-16,602,1.0
fold1,4,2,rear_beta,19.75228847154382,8.881784197001252e-16,602,1.0
fold1,4,2,rear_yaw,21.59363462474221,8.881784197001252e-16,602,1.0
fold1,4,2,front_decay,2.765226532319173,8.881784197001252e-16,602,1.0
fold1,4,2,rear_decay,0.2516492725756346,8.881784197001252e-16,602,1.0
fold1,4,2,actuator_rate,11.561648801450934,8.881784197001252e-16,602,1.0
fold1,5,0,yaw_front,0.4773950786632016,8.881784197001252e-16,602,1.0
fold1,5,0,yaw_rear,1.1555524808426807,8.881784197001252e-16,602,1.0
fold1,5,0,front_beta,72.59097800067494,8.881784197001252e-16,602,1.0
fold1,5,0,front_yaw,90.67016615215928,8.881784197001252e-16,602,1.0
fold1,5,0,rear_beta,9.80973396158264,8.881784197001252e-16,602,1.0
fold1,5,0,rear_yaw,29.65860569100301,8.881784197001252e-16,602,1.0
fold1,5,0,front_decay,1.196894611787985,8.881784197001252e-16,602,1.0
fold1,5,0,rear_decay,0.3701661281629361,8.881784197001252e-16,602,1.0
fold1,5,0,actuator_rate,11.07701473773484,8.881784197001252e-16,602,1.0
fold1,5,1,yaw_front,0.5945737795610022,4.440892098500626e-16,602,1.0
fold1,5,1,yaw_rear,0.3270955443029102,4.440892098500626e-16,602,1.0
fold1,5,1,front_beta,105.0604515005244,4.440892098500626e-16,602,1.0
fold1,5,1,front_yaw,208.77605411428613,4.440892098500626e-16,602,1.0
fold1,5,1,rear_beta,19.75225715684166,4.440892098500626e-16,602,1.0
fold1,5,1,rear_yaw,21.59369825986979,4.440892098500626e-16,602,1.0
fold1,5,1,front_decay,2.765214862859515,4.440892098500626e-16,602,1.0
fold1,5,1,rear_decay,0.2516498589163468,4.440892098500626e-16,602,1.0
fold1,5,1,actuator_rate,11.561649234404731,4.440892098500626e-16,602,1.0
fold1,5,2,yaw_front,0.6100138640577029,0.0,602,1.0
fold1,5,2,yaw_rear,1.042834529588099,0.0,602,1.0
fold1,5,2,front_beta,67.01455053172846,0.0,602,1.0
fold1,5,2,front_yaw,106.35151839443228,0.0,602,1.0
fold1,5,2,rear_beta,19.32859781860982,0.0,602,1.0
fold1,5,2,rear_yaw,52.43854494287581,0.0,602,1.0
fold1,5,2,front_decay,1.135857401654943,0.0,602,1.0
fold1,5,2,rear_decay,0.4956284219382181,0.0,602,1.0
fold1,5,2,actuator_rate,10.711547312098078,0.0,602,1.0
full,0,0,yaw_front,0.5639821001731056,8.881784197001252e-16,602,1.0
full,0,0,yaw_rear,1.1111654647213591,8.881784197001252e-16,602,1.0
full,0,0,front_beta,74.18823707697092,8.881784197001252e-16,602,1.0
full,0,0,front_yaw,93.43033326031934,8.881784197001252e-16,602,1.0
full,0,0,rear_beta,15.01751415540365,8.881784197001252e-16,602,1.0
full,0,0,rear_yaw,37.26184125757652,8.881784197001252e-16,602,1.0
full,0,0,front_decay,1.2921239371349642,8.881784197001252e-16,602,1.0
full,0,0,rear_decay,0.4591045071994095,8.881784197001252e-16,602,1.0
full,0,0,actuator_rate,9.816962120225345,8.881784197001252e-16,602,1.0
full,0,1,yaw_front,0.6917606794498156,-4.440892098500626e-16,602,1.0
full,0,1,yaw_rear,0.8170770916543383,-4.440892098500626e-16,602,1.0
full,0,1,front_beta,74.32675905344264,-4.440892098500626e-16,602,1.0
full,0,1,front_yaw,99.20501836413948,-4.440892098500626e-16,602,1.0
full,0,1,rear_beta,29.12900930185997,-4.440892098500626e-16,602,1.0
full,0,1,rear_yaw,45.92205577061217,-4.440892098500626e-16,602,1.0
full,0,1,front_decay,1.8736994677508267,-4.440892098500626e-16,602,1.0
full,0,1,rear_decay,0.6511889934688126,-4.440892098500626e-16,602,1.0
full,0,1,actuator_rate,8.070278849894944,-4.440892098500626e-16,602,1.0
full,0,2,yaw_front,0.8513083993875165,1.7763568394002505e-15,602,1.0
full,0,2,yaw_rear,1.27271113958456,1.7763568394002505e-15,602,1.0
full,0,2,front_beta,97.20013539771124,1.7763568394002505e-15,602,1.0
full,0,2,front_yaw,125.74494781789927,1.7763568394002505e-15,602,1.0
full,0,2,rear_beta,48.86655325992297,1.7763568394002505e-15,602,1.0
full,0,2,rear_yaw,94.5101189559498,1.7763568394002505e-15,602,1.0
full,0,2,front_decay,1.5821216295427554,1.7763568394002505e-15,602,1.0
full,0,2,rear_decay,1.1182198336541664,1.7763568394002505e-15,602,1.0
full,0,2,actuator_rate,15.174182304918302,1.7763568394002505e-15,602,1.0
full,1,0,yaw_front,0.5639821001731056,8.881784197001252e-16,602,1.0
full,1,0,yaw_rear,1.1111654647213591,8.881784197001252e-16,602,1.0
full,1,0,front_beta,74.18823707697092,8.881784197001252e-16,602,1.0
full,1,0,front_yaw,93.43033326031934,8.881784197001252e-16,602,1.0
full,1,0,rear_beta,15.01751415540365,8.881784197001252e-16,602,1.0
full,1,0,rear_yaw,37.26184125757652,8.881784197001252e-16,602,1.0
full,1,0,front_decay,1.2921239371349642,8.881784197001252e-16,602,1.0
full,1,0,rear_decay,0.4591045071994095,8.881784197001252e-16,602,1.0
full,1,0,actuator_rate,9.816962120225345,8.881784197001252e-16,602,1.0
full,1,1,yaw_front,0.5813408099973384,8.881784197001252e-16,602,1.0
full,1,1,yaw_rear,0.98954698031157,8.881784197001252e-16,602,1.0
full,1,1,front_beta,57.42381617298104,8.881784197001252e-16,602,1.0
full,1,1,front_yaw,121.18265795357496,8.881784197001252e-16,602,1.0
full,1,1,rear_beta,14.44826161217727,8.881784197001252e-16,602,1.0
full,1,1,rear_yaw,51.90027109129147,8.881784197001252e-16,602,1.0
full,1,1,front_decay,0.6987531458717299,8.881784197001252e-16,602,1.0
full,1,1,rear_decay,0.377600697667255,8.881784197001252e-16,602,1.0
full,1,1,actuator_rate,9.451974240768036,8.881784197001252e-16,602,1.0
full,1,2,yaw_front,0.5798372831959838,8.881784197001252e-16,602,1.0
full,1,2,yaw_rear,0.6734073784016638,8.881784197001252e-16,602,1.0
full,1,2,front_beta,101.81533135045431,8.881784197001252e-16,602,1.0
full,1,2,front_yaw,132.2112757311309,8.881784197001252e-16,602,1.0
full,1,2,rear_beta,22.02334444518448,8.881784197001252e-16,602,1.0
full,1,2,rear_yaw,33.213169497521704,8.881784197001252e-16,602,1.0
full,1,2,front_decay,2.5319809853857103,8.881784197001252e-16,602,1.0
full,1,2,rear_decay,0.4720778069807554,8.881784197001252e-16,602,1.0
full,1,2,actuator_rate,10.014134736162488,8.881784197001252e-16,602,1.0
full,2,0,yaw_front,0.5639821001731056,8.881784197001252e-16,602,1.0
full,2,0,yaw_rear,1.1111654647213591,8.881784197001252e-16,602,1.0
full,2,0,front_beta,74.18823707697092,8.881784197001252e-16,602,1.0
full,2,0,front_yaw,93.43033326031934,8.881784197001252e-16,602,1.0
full,2,0,rear_beta,15.01751415540365,8.881784197001252e-16,602,1.0
full,2,0,rear_yaw,37.26184125757652,8.881784197001252e-16,602,1.0
full,2,0,front_decay,1.2921239371349642,8.881784197001252e-16,602,1.0
full,2,0,rear_decay,0.4591045071994095,8.881784197001252e-16,602,1.0
full,2,0,actuator_rate,9.816962120225345,8.881784197001252e-16,602,1.0
full,2,1,yaw_front,0.5798368710189462,4.440892098500626e-16,602,1.0
full,2,1,yaw_rear,0.673407205857917,4.440892098500626e-16,602,1.0
full,2,1,front_beta,101.8156088630232,4.440892098500626e-16,602,1.0
full,2,1,front_yaw,132.2116032408147,4.440892098500626e-16,602,1.0
full,2,1,rear_beta,22.02331559733315,4.440892098500626e-16,602,1.0
full,2,1,rear_yaw,33.21313283921813,4.440892098500626e-16,602,1.0
full,2,1,front_decay,2.5319878455443803,4.440892098500626e-16,602,1.0
full,2,1,rear_decay,0.4720773709720889,4.440892098500626e-16,602,1.0
full,2,1,actuator_rate,10.014134578716943,4.440892098500626e-16,602,1.0
full,2,2,yaw_front,0.5813413418597386,1.3322676295501878e-15,602,1.0
full,2,2,yaw_rear,0.9895465348766642,1.3322676295501878e-15,602,1.0
full,2,2,front_beta,57.42381530618098,1.3322676295501878e-15,602,1.0
full,2,2,front_yaw,121.18262363199888,1.3322676295501878e-15,602,1.0
full,2,2,rear_beta,14.44829950604022,1.3322676295501878e-15,602,1.0
full,2,2,rear_yaw,51.90032245019438,1.3322676295501878e-15,602,1.0
full,2,2,front_decay,0.6987537483454432,1.3322676295501878e-15,602,1.0
full,2,2,rear_decay,0.3776012117672815,1.3322676295501878e-15,602,1.0
full,2,2,actuator_rate,9.451974074723204,1.3322676295501878e-15,602,1.0
full,3,0,yaw_front,0.5639821001731056,8.881784197001252e-16,602,1.0
full,3,0,yaw_rear,1.1111654647213591,8.881784197001252e-16,602,1.0
full,3,0,front_beta,74.18823707697092,8.881784197001252e-16,602,1.0
full,3,0,front_yaw,93.43033326031934,8.881784197001252e-16,602,1.0
full,3,0,rear_beta,15.01751415540365,8.881784197001252e-16,602,1.0
full,3,0,rear_yaw,37.26184125757652,8.881784197001252e-16,602,1.0
full,3,0,front_decay,1.2921239371349642,8.881784197001252e-16,602,1.0
full,3,0,rear_decay,0.4591045071994095,8.881784197001252e-16,602,1.0
full,3,0,actuator_rate,9.816962120225345,8.881784197001252e-16,602,1.0
full,3,1,yaw_front,0.5798374665995243,4.440892098500626e-16,602,1.0
full,3,1,yaw_rear,0.6734072493824242,4.440892098500626e-16,602,1.0
full,3,1,front_beta,101.8154017537547,4.440892098500626e-16,602,1.0
full,3,1,front_yaw,132.2113833897153,4.440892098500626e-16,602,1.0
full,3,1,rear_beta,22.023357165410456,4.440892098500626e-16,602,1.0
full,3,1,rear_yaw,33.213175890965886,4.440892098500626e-16,602,1.0
full,3,1,front_decay,2.531983441078901,4.440892098500626e-16,602,1.0
full,3,1,rear_decay,0.4720779518099781,4.440892098500626e-16,602,1.0
full,3,1,actuator_rate,10.014134731497554,4.440892098500626e-16,602,1.0
full,3,2,yaw_front,0.5813412495895045,8.881784197001252e-16,602,1.0
full,3,2,yaw_rear,0.9895465094061742,8.881784197001252e-16,602,1.0
full,3,2,front_beta,57.42379522391768,8.881784197001252e-16,602,1.0
full,3,2,front_yaw,121.18260773613224,8.881784197001252e-16,602,1.0
full,3,2,rear_beta,14.448292471835977,8.881784197001252e-16,602,1.0
full,3,2,rear_yaw,51.90031542672109,8.881784197001252e-16,602,1.0
full,3,2,front_decay,0.6987532944526681,8.881784197001252e-16,602,1.0
full,3,2,rear_decay,0.3776010644492503,8.881784197001252e-16,602,1.0
full,3,2,actuator_rate,9.451974206161038,8.881784197001252e-16,602,1.0
full,4,0,yaw_front,0.5639821001731056,8.881784197001252e-16,602,1.0
full,4,0,yaw_rear,1.1111654647213591,8.881784197001252e-16,602,1.0
full,4,0,front_beta,74.18823707697092,8.881784197001252e-16,602,1.0
full,4,0,front_yaw,93.43033326031934,8.881784197001252e-16,602,1.0
full,4,0,rear_beta,15.01751415540365,8.881784197001252e-16,602,1.0
full,4,0,rear_yaw,37.26184125757652,8.881784197001252e-16,602,1.0
full,4,0,front_decay,1.2921239371349642,8.881784197001252e-16,602,1.0
full,4,0,rear_decay,0.4591045071994095,8.881784197001252e-16,602,1.0
full,4,0,actuator_rate,9.816962120225345,8.881784197001252e-16,602,1.0
full,4,1,yaw_front,0.6671561886700542,8.881784197001252e-16,602,1.0
full,4,1,yaw_rear,1.1591951315682798,8.881784197001252e-16,602,1.0
full,4,1,front_beta,91.49556420115236,8.881784197001252e-16,602,1.0
full,4,1,front_yaw,104.5228800824709,8.881784197001252e-16,602,1.0
full,4,1,rear_beta,30.375209986148604,8.881784197001252e-16,602,1.0
full,4,1,rear_yaw,60.29199395460169,8.881784197001252e-16,602,1.0
full,4,1,front_decay,1.5544775346518067,8.881784197001252e-16,602,1.0
full,4,1,rear_decay,0.6548744520758923,8.881784197001252e-16,602,1.0
full,4,1,actuator_rate,14.018986453368829,8.881784197001252e-16,602,1.0
full,4,2,yaw_front,0.6357604603937669,8.881784197001252e-16,602,1.0
full,4,2,yaw_rear,0.7757171374332889,8.881784197001252e-16,602,1.0
full,4,2,front_beta,72.81839954191973,8.881784197001252e-16,602,1.0
full,4,2,front_yaw,108.8854183889371,8.881784197001252e-16,602,1.0
full,4,2,rear_beta,20.88622207845973,8.881784197001252e-16,602,1.0
full,4,2,rear_yaw,38.10643825243688,8.881784197001252e-16,602,1.0
full,4,2,front_decay,1.6869924473661035,8.881784197001252e-16,602,1.0
full,4,2,rear_decay,0.5220886699635058,8.881784197001252e-16,602,1.0
full,4,2,actuator_rate,8.132198622953466,8.881784197001252e-16,602,1.0
full,5,0,yaw_front,0.5639821001731056,8.881784197001252e-16,602,1.0
full,5,0,yaw_rear,1.1111654647213591,8.881784197001252e-16,602,1.0
full,5,0,front_beta,74.18823707697092,8.881784197001252e-16,602,1.0
full,5,0,front_yaw,93.43033326031934,8.881784197001252e-16,602,1.0
full,5,0,rear_beta,15.01751415540365,8.881784197001252e-16,602,1.0
full,5,0,rear_yaw,37.26184125757652,8.881784197001252e-16,602,1.0
full,5,0,front_decay,1.2921239371349642,8.881784197001252e-16,602,1.0
full,5,0,rear_decay,0.4591045071994095,8.881784197001252e-16,602,1.0
full,5,0,actuator_rate,9.816962120225345,8.881784197001252e-16,602,1.0
full,5,1,yaw_front,0.7044917490784605,8.881784197001252e-16,602,1.0
full,5,1,yaw_rear,0.9145449930143535,8.881784197001252e-16,602,1.0
full,5,1,front_beta,68.49859847090269,8.881784197001252e-16,602,1.0
full,5,1,front_yaw,96.09590989508833,8.881784197001252e-16,602,1.0
full,5,1,rear_beta,29.95540461413157,8.881784197001252e-16,602,1.0
full,5,1,rear_yaw,54.554122313752615,8.881784197001252e-16,602,1.0
full,5,1,front_decay,1.5833249589051983,8.881784197001252e-16,602,1.0
full,5,1,rear_decay,0.7042489372947762,8.881784197001252e-16,602,1.0
full,5,1,actuator_rate,8.207032136981136,8.881784197001252e-16,602,1.0
full,5,2,yaw_front,1.0877139900925912,0.0,602,1.0
full,5,2,yaw_rear,3.373926201394872,0.0,602,1.0
full,5,2,front_beta,136.22509214226753,0.0,602,1.0
full,5,2,front_yaw,91.97989407126508,0.0,602,1.0
full,5,2,rear_beta,384.52618141842873,0.0,602,1.0
full,5,2,rear_yaw,805.3461269436177,0.0,602,1.0
full,5,2,front_decay,2.089897070490069,0.0,602,1.0
full,5,2,rear_decay,16.666666666666668,0.0,602,1.0
full,5,2,actuator_rate,18.274676807180843,0.0,602,1.0
fold0,0,0,yaw_front,0.6607728937535823,0.0,603,0.01
fold0,0,0,yaw_rear,4.429520724100152,0.0,603,0.01
fold0,0,0,front_beta,72.84944327146303,0.0,603,0.01
fold0,0,0,front_yaw,30.211459242763773,0.0,603,0.01
fold0,0,0,rear_beta,9.595959595959595,0.0,603,0.01
fold0,0,0,rear_yaw,26.677086381214075,0.0,603,0.01
fold0,0,0,front_decay,1.015765359982182,0.0,603,0.01
fold0,0,0,rear_decay,0.7417020829408406,0.0,603,0.01
fold0,0,0,actuator_rate,6.917589493189189,0.0,603,0.01
fold0,0,1,yaw_front,0.6042162602606833,0.0,603,0.01
fold0,0,1,yaw_rear,0.8535386240743217,0.0,603,0.01
fold0,0,1,front_beta,70.90315475100138,0.0,603,0.01
fold0,0,1,front_yaw,84.2914115945752,0.0,603,0.01
fold0,0,1,rear_beta,37.3491501567948,0.0,603,0.01
fold0,0,1,rear_yaw,62.72335238049418,0.0,603,0.01
fold0,0,1,front_decay,1.7051333944094391,0.0,603,0.01
fold0,0,1,rear_decay,0.8163645650032582,0.0,603,0.01
fold0,0,1,actuator_rate,5.3446887994514105,0.0,603,0.01
fold0,0,2,yaw_front,0.8539420287573247,0.0,603,0.01
fold0,0,2,yaw_rear,1.2442397668693672,0.0,603,0.01
fold0,0,2,front_beta,152.49261072566523,0.0,603,0.01
fold0,0,2,front_yaw,174.2033942648601,0.0,603,0.01
fold0,0,2,rear_beta,120.20898151728412,0.0,603,0.01
fold0,0,2,rear_yaw,200.08771254614115,0.0,603,0.01
fold0,0,2,front_decay,2.336959723830748,0.0,603,0.01
fold0,0,2,rear_decay,2.1048730943023486,0.0,603,0.01
fold0,0,2,actuator_rate,12.484446839546775,0.0,603,0.01
fold0,1,0,yaw_front,0.6607728937535823,0.0,603,0.01
fold0,1,0,yaw_rear,4.429520724100152,0.0,603,0.01
fold0,1,0,front_beta,72.84944327146303,0.0,603,0.01
fold0,1,0,front_yaw,30.211459242763773,0.0,603,0.01
fold0,1,0,rear_beta,9.595959595959595,0.0,603,0.01
fold0,1,0,rear_yaw,26.677086381214075,0.0,603,0.01
fold0,1,0,front_decay,1.015765359982182,0.0,603,0.01
fold0,1,0,rear_decay,0.7417020829408406,0.0,603,0.01
fold0,1,0,actuator_rate,6.917589493189189,0.0,603,0.01
fold0,1,1,yaw_front,0.8539420253781062,8.881784197001252e-16,603,0.01
fold0,1,1,yaw_rear,1.2442399549970002,8.881784197001252e-16,603,0.01
fold0,1,1,front_beta,152.49257852382684,8.881784197001252e-16,603,0.01
fold0,1,1,front_yaw,174.20334400863217,8.881784197001252e-16,603,0.01
fold0,1,1,rear_beta,120.20896316627602,8.881784197001252e-16,603,0.01
fold0,1,1,rear_yaw,200.08769757457176,8.881784197001252e-16,603,0.01
fold0,1,1,front_decay,2.3369591518824424,8.881784197001252e-16,603,0.01
fold0,1,1,rear_decay,2.104873055892142,8.881784197001252e-16,603,0.01
fold0,1,1,actuator_rate,12.48444686628922,8.881784197001252e-16,603,0.01
fold0,1,2,yaw_front,0.6042162756833078,8.881784197001252e-16,603,0.01
fold0,1,2,yaw_rear,0.8535388747252942,8.881784197001252e-16,603,0.01
fold0,1,2,front_beta,70.90311468132244,8.881784197001252e-16,603,0.01
fold0,1,2,front_yaw,84.2913544682556,8.881784197001252e-16,603,0.01
fold0,1,2,rear_beta,37.34913917216893,8.881784197001252e-16,603,0.01
fold0,1,2,rear_yaw,62.72334368940875,8.881784197001252e-16,603,0.01
fold0,1,2,front_decay,1.7051323035389705,8.881784197001252e-16,603,0.01
fold0,1,2,rear_decay,0.8163645336832742,8.881784197001252e-16,603,0.01
fold0,1,2,actuator_rate,5.34468899609054,8.881784197001252e-16,603,0.01
fold0,2,0,yaw_front,0.6607728937535823,0.0,603,0.01
fold0,2,0,yaw_rear,4.429520724100152,0.0,603,0.01
fold0,2,0,front_beta,72.84944327146303,0.0,603,0.01
fold0,2,0,front_yaw,30.211459242763773,0.0,603,0.01
fold0,2,0,rear_beta,9.595959595959595,0.0,603,0.01
fold0,2,0,rear_yaw,26.677086381214075,0.0,603,0.01
fold0,2,0,front_decay,1.015765359982182,0.0,603,0.01
fold0,2,0,rear_decay,0.7417020829408406,0.0,603,0.01
fold0,2,0,actuator_rate,6.917589493189189,0.0,603,0.01
fold0,2,1,yaw_front,0.8539421326386256,0.0,603,0.01
fold0,2,1,yaw_rear,1.2442396678690228,0.0,603,0.01
fold0,2,1,front_beta,152.4925630019673,0.0,603,0.01
fold0,2,1,front_yaw,174.20336467362662,0.0,603,0.01
fold0,2,1,rear_beta,120.20900744095192,0.0,603,0.01
fold0,2,1,rear_yaw,200.08774406604124,0.0,603,0.01
fold0,2,1,front_decay,2.3369589773877397,0.0,603,0.01
fold0,2,1,rear_decay,2.1048731203814444,0.0,603,0.01
fold0,2,1,actuator_rate,12.484447094653316,0.0,603,0.01
fold0,2,2,yaw_front,0.6042162668801713,8.881784197001252e-16,603,0.01
fold0,2,2,yaw_rear,0.8535385756233169,8.881784197001252e-16,603,0.01
fold0,2,2,front_beta,70.90316586766376,8.881784197001252e-16,603,0.01
fold0,2,2,front_yaw,84.29142213609735,8.881784197001252e-16,603,0.01
fold0,2,2,rear_beta,37.34916783974512,8.881784197001252e-16,603,0.01
fold0,2,2,rear_yaw,62.72337583923853,8.881784197001252e-16,603,0.01
fold0,2,2,front_decay,1.7051336819635086,8.881784197001252e-16,603,0.01
fold0,2,2,rear_decay,0.8163648720145565,8.881784197001252e-16,603,0.01
fold0,2,2,actuator_rate,5.3446888830479,8.881784197001252e-16,603,0.01
fold0,3,0,yaw_front,0.6607728937535823,0.0,603,0.01
fold0,3,0,yaw_rear,4.429520724100152,0.0,603,0.01
fold0,3,0,front_beta,72.84944327146303,0.0,603,0.01
fold0,3,0,front_yaw,30.211459242763773,0.0,603,0.01
fold0,3,0,rear_beta,9.595959595959595,0.0,603,0.01
fold0,3,0,rear_yaw,26.677086381214075,0.0,603,0.01
fold0,3,0,front_decay,1.015765359982182,0.0,603,0.01
fold0,3,0,rear_decay,0.7417020829408406,0.0,603,0.01
fold0,3,0,actuator_rate,6.917589493189189,0.0,603,0.01
fold0,3,1,yaw_front,0.8539420255814182,0.0,603,0.01
fold0,3,1,yaw_rear,1.2442396210673068,0.0,603,0.01
fold0,3,1,front_beta,152.49266056809157,0.0,603,0.01
fold0,3,1,front_yaw,174.20346036361514,0.0,603,0.01
fold0,3,1,rear_beta,120.2089862063391,0.0,603,0.01
fold0,3,1,rear_yaw,200.08770816980635,0.0,603,0.01
fold0,3,1,front_decay,2.3369605627971044,0.0,603,0.01
fold0,3,1,rear_decay,2.104872986950444,0.0,603,0.01
fold0,3,1,actuator_rate,12.484446852720684,0.0,603,0.01
fold0,3,2,yaw_front,0.6042162437738106,8.881784197001252e-16,603,0.01
fold0,3,2,yaw_rear,0.8535384506097818,8.881784197001252e-16,603,0.01
fold0,3,2,front_beta,70.90319924929459,8.881784197001252e-16,603,0.01
fold0,3,2,front_yaw,84.2914666596142,8.881784197001252e-16,603,0.01
fold0,3,2,rear_beta,37.34916699974812,8.881784197001252e-16,603,0.01
fold0,3,2,rear_yaw,62.72337124097922,8.881784197001252e-16,603,0.01
fold0,3,2,front_decay,1.7051345685003545,8.881784197001252e-16,603,0.01
fold0,3,2,rear_decay,0.8163648088882395,8.881784197001252e-16,603,0.01
fold0,3,2,actuator_rate,5.344688669158025,8.881784197001252e-16,603,0.01
fold0,4,0,yaw_front,0.6607728937535823,0.0,603,0.01
fold0,4,0,yaw_rear,4.429520724100152,0.0,603,0.01
fold0,4,0,front_beta,72.84944327146303,0.0,603,0.01
fold0,4,0,front_yaw,30.211459242763773,0.0,603,0.01
fold0,4,0,rear_beta,9.595959595959595,0.0,603,0.01
fold0,4,0,rear_yaw,26.677086381214075,0.0,603,0.01
fold0,4,0,front_decay,1.015765359982182,0.0,603,0.01
fold0,4,0,rear_decay,0.7417020829408406,0.0,603,0.01
fold0,4,0,actuator_rate,6.917589493189189,0.0,603,0.01
fold0,4,1,yaw_front,0.8539419108858565,8.881784197001252e-16,603,0.01
fold0,4,1,yaw_rear,1.2442397495365451,8.881784197001252e-16,603,0.01
fold0,4,1,front_beta,152.49266823344837,8.881784197001252e-16,603,0.01
fold0,4,1,front_yaw,174.20345066612603,8.881784197001252e-16,603,0.01
fold0,4,1,rear_beta,120.20891985674147,8.881784197001252e-16,603,0.01
fold0,4,1,rear_yaw,200.08762406843672,8.881784197001252e-16,603,0.01
fold0,4,1,front_decay,2.336960515042166,8.881784197001252e-16,603,0.01
fold0,4,1,rear_decay,2.1048722386912293,8.881784197001252e-16,603,0.01
fold0,4,1,actuator_rate,12.484447146278304,8.881784197001252e-16,603,0.01
fold0,4,2,yaw_front,0.6042162851813807,0.0,603,0.01
fold0,4,2,yaw_rear,0.8535388355913706,0.0,603,0.01
fold0,4,2,front_beta,70.90304460216045,0.0,603,0.01
fold0,4,2,front_yaw,84.29127560163178,0.0,603,0.01
fold0,4,2,rear_beta,37.34913926961306,0.0,603,0.01
fold0,4,2,rear_yaw,62.72334329904713,0.0,603,0.01
fold0,4,2,front_decay,1.705130660203116,0.0,603,0.01
fold0,4,2,rear_decay,0.8163645098677506,0.0,603,0.01
fold0,4,2,actuator_rate,5.344688826800743,0.0,603,0.01
fold0,5,0,yaw_front,0.6607728937535823,0.0,603,0.01
fold0,5,0,yaw_rear,4.429520724100152,0.0,603,0.01
fold0,5,0,front_beta,72.84944327146303,0.0,603,0.01
fold0,5,0,front_yaw,30.211459242763773,0.0,603,0.01
fold0,5,0,rear_beta,9.595959595959595,0.0,603,0.01
fold0,5,0,rear_yaw,26.677086381214075,0.0,603,0.01
fold0,5,0,front_decay,1.015765359982182,0.0,603,0.01
fold0,5,0,rear_decay,0.7417020829408406,0.0,603,0.01
fold0,5,0,actuator_rate,6.917589493189189,0.0,603,0.01
fold0,5,1,yaw_front,0.6042162762745706,8.881784197001252e-16,603,0.01
fold0,5,1,yaw_rear,0.8535389855580884,8.881784197001252e-16,603,0.01
fold0,5,1,front_beta,70.90309261290436,8.881784197001252e-16,603,0.01
fold0,5,1,front_yaw,84.29132215655888,8.881784197001252e-16,603,0.01
fold0,5,1,rear_beta,37.34913607910555,8.881784197001252e-16,603,0.01
fold0,5,1,rear_yaw,62.72334205681455,8.881784197001252e-16,603,0.01
fold0,5,1,front_decay,1.7051317265497632,8.881784197001252e-16,603,0.01
fold0,5,1,rear_decay,0.8163645610971142,8.881784197001252e-16,603,0.01
fold0,5,1,actuator_rate,5.344688656247501,8.881784197001252e-16,603,0.01
fold0,5,2,yaw_front,0.8539418978481578,8.881784197001252e-16,603,0.01
fold0,5,2,yaw_rear,1.2442397987957954,8.881784197001252e-16,603,0.01
fold0,5,2,front_beta,152.4926235150505,8.881784197001252e-16,603,0.01
fold0,5,2,front_yaw,174.203391932274,8.881784197001252e-16,603,0.01
fold0,5,2,rear_beta,120.20890895525538,8.881784197001252e-16,603,0.01
fold0,5,2,rear_yaw,200.08760811394987,8.881784197001252e-16,603,0.01
fold0,5,2,front_decay,2.336959741665728,8.881784197001252e-16,603,0.01
fold0,5,2,rear_decay,2.10487203067192,8.881784197001252e-16,603,0.01
fold0,5,2,actuator_rate,12.484447247858524,8.881784197001252e-16,603,0.01
fold1,0,0,yaw_front,0.7542734111120544,8.881784197001252e-16,603,0.01
fold1,0,0,yaw_rear,4.960978456744048,8.881784197001252e-16,603,0.01
fold1,0,0,front_beta,57.34103589418809,8.881784197001252e-16,603,0.01
fold1,0,0,front_yaw,26.07423864418528,8.881784197001252e-16,603,0.01
fold1,0,0,rear_beta,9.595959595959595,8.881784197001252e-16,603,0.01
fold1,0,0,rear_yaw,28.699415692179088,8.881784197001252e-16,603,0.01
fold1,0,0,front_decay,0.7954984782738233,8.881784197001252e-16,603,0.01
fold1,0,0,rear_decay,0.7793801441521423,8.881784197001252e-16,603,0.01
fold1,0,0,actuator_rate,8.099510323099235,8.881784197001252e-16,603,0.01
fold1,0,1,yaw_front,0.7847165383582039,0.0,603,0.01
fold1,0,1,yaw_rear,5.657255338910167,0.0,603,0.01
fold1,0,1,front_beta,46.59280219149576,0.0,603,0.01
fold1,0,1,front_yaw,17.750593725299144,0.0,603,0.01
fold1,0,1,rear_beta,9.595959595959595,0.0,603,0.01
fold1,0,1,rear_yaw,26.35575363801144,0.0,603,0.01
fold1,0,1,front_decay,0.7382111996549084,0.0,603,0.01
fold1,0,1,rear_decay,0.9076068447708182,0.0,603,0.01
fold1,0,1,actuator_rate,7.220740961168197,0.0,603,0.01
fold1,0,2,yaw_front,0.687897734829932,4.440892098500626e-16,603,0.01
fold1,0,2,yaw_rear,3.337660185394148,4.440892098500626e-16,603,0.01
fold1,0,2,front_beta,77.90458002303176,4.440892098500626e-16,603,0.01
fold1,0,2,front_yaw,59.11681447771981,4.440892098500626e-16,603,0.01
fold1,0,2,rear_beta,9.595959595959595,4.440892098500626e-16,603,0.01
fold1,0,2,rear_yaw,35.33089854968195,4.440892098500626e-16,603,0.01
fold1,0,2,front_decay,0.9300832816879108,4.440892098500626e-16,603,0.01
fold1,0,2,rear_decay,0.5814927131310866,4.440892098500626e-16,603,0.01
fold1,0,2,actuator_rate,13.241123520000396,4.440892098500626e-16,603,0.01
fold1,1,0,yaw_front,0.7542734111120544,8.881784197001252e-16,603,0.01
fold1,1,0,yaw_rear,4.960978456744048,8.881784197001252e-16,603,0.01
fold1,1,0,front_beta,57.34103589418809,8.881784197001252e-16,603,0.01
fold1,1,0,front_yaw,26.07423864418528,8.881784197001252e-16,603,0.01
fold1,1,0,rear_beta,9.595959595959595,8.881784197001252e-16,603,0.01
fold1,1,0,rear_yaw,28.699415692179088,8.881784197001252e-16,603,0.01
fold1,1,0,front_decay,0.7954984782738233,8.881784197001252e-16,603,0.01
fold1,1,0,rear_decay,0.7793801441521423,8.881784197001252e-16,603,0.01
fold1,1,0,actuator_rate,8.099510323099235,8.881784197001252e-16,603,0.01
fold1,1,1,yaw_front,1.0201711549149806,4.440892098500626e-16,603,0.01
fold1,1,1,yaw_rear,8.098260640712356,4.440892098500626e-16,603,0.01
fold1,1,1,front_beta,55.18592769135479,4.440892098500626e-16,603,0.01
fold1,1,1,front_yaw,25.14376712914637,4.440892098500626e-16,603,0.01
fold1,1,1,rear_beta,9.595959595959595,4.440892098500626e-16,603,0.01
fold1,1,1,rear_yaw,34.706364166788006,4.440892098500626e-16,603,0.01
fold1,1,1,front_decay,0.7928027394736658,4.440892098500626e-16,603,0.01
fold1,1,1,rear_decay,0.8133410733867635,4.440892098500626e-16,603,0.01
fold1,1,1,actuator_rate,8.035266713880315,4.440892098500626e-16,603,0.01
fold1,1,2,yaw_front,0.7542730274655133,8.881784197001252e-16,603,0.01
fold1,1,2,yaw_rear,4.960973153897431,8.881784197001252e-16,603,0.01
fold1,1,2,front_beta,57.34104107964227,8.881784197001252e-16,603,0.01
fold1,1,2,front_yaw,26.07425160468098,8.881784197001252e-16,603,0.01
fold1,1,2,rear_beta,9.595959595959595,8.881784197001252e-16,603,0.01
fold1,1,2,rear_yaw,28.69941128246009,8.881784197001252e-16,603,0.01
fold1,1,2,front_decay,0.7954985432844573,8.881784197001252e-16,603,0.01
fold1,1,2,rear_decay,0.7793796414691267,8.881784197001252e-16,603,0.01
fold1,1,2,actuator_rate,8.09951092132821,8.881784197001252e-16,603,0.01
fold1,2,0,yaw_front,0.7542734111120544,8.881784197001252e-16,603,0.01
fold1,2,0,yaw_rear,4.960978456744048,8.881784197001252e-16,603,0.01
fold1,2,0,front_beta,57.34103589418809,8.881784197001252e-16,603,0.01
fold1,2,0,front_yaw,26.07423864418528,8.881784197001252e-16,603,0.01
fold1,2,0,rear_beta,9.595959595959595,8.881784197001252e-16,603,0.01
fold1,2,0,rear_yaw,28.699415692179088,8.881784197001252e-16,603,0.01
fold1,2,0,front_decay,0.7954984782738233,8.881784197001252e-16,603,0.01
fold1,2,0,rear_decay,0.7793801441521423,8.881784197001252e-16,603,0.01
fold1,2,0,actuator_rate,8.099510323099235,8.881784197001252e-16,603,0.01
fold1,2,1,yaw_front,0.7684081551847827,4.440892098500626e-16,603,0.01
fold1,2,1,yaw_rear,6.323250784192687,4.440892098500626e-16,603,0.01
fold1,2,1,front_beta,61.32847532849562,4.440892098500626e-16,603,0.01
fold1,2,1,front_yaw,19.97159035667253,4.440892098500626e-16,603,0.01
fold1,2,1,rear_beta,10.12258688815183,4.440892098500626e-16,603,0.01
fold1,2,1,rear_yaw,27.126292224626237,4.440892098500626e-16,603,0.01
fold1,2,1,front_decay,0.8803291446785323,4.440892098500626e-16,603,0.01
fold1,2,1,rear_decay,0.964591156296458,4.440892098500626e-16,603,0.01
fold1,2,1,actuator_rate,11.0557312621618,4.440892098500626e-16,603,0.01
fold1,2,2,yaw_front,0.6352514445772701,0.0,603,0.01
fold1,2,2,yaw_rear,1.0832547241184822,0.0,603,0.01
fold1,2,2,front_beta,129.51027096719437,0.0,603,0.01
fold1,2,2,front_yaw,372.13765849155527,0.0,603,0.01
fold1,2,2,rear_beta,9.595959595959595,0.0,603,0.01
fold1,2,2,rear_yaw,47.018930863833226,0.0,603,0.01
fold1,2,2,front_decay,1.5979054914943087,0.0,603,0.01
fold1,2,2,rear_decay,0.3093754709396518,0.0,603,0.01
fold1,2,2,actuator_rate,5.174890782227398,0.0,603,0.01
fold1,3,0,yaw_front,0.7542734111120544,8.881784197001252e-16,603,0.01
fold1,3,0,yaw_rear,4.960978456744048,8.881784197001252e-16,603,0.01
fold1,3,0,front_beta,57.34103589418809,8.881784197001252e-16,603,0.01
fold1,3,0,front_yaw,26.07423864418528,8.881784197001252e-16,603,0.01
fold1,3,0,rear_beta,9.595959595959595,8.881784197001252e-16,603,0.01
fold1,3,0,rear_yaw,28.699415692179088,8.881784197001252e-16,603,0.01
fold1,3,0,front_decay,0.7954984782738233,8.881784197001252e-16,603,0.01
fold1,3,0,rear_decay,0.7793801441521423,8.881784197001252e-16,603,0.01
fold1,3,0,actuator_rate,8.099510323099235,8.881784197001252e-16,603,0.01
fold1,3,1,yaw_front,0.8283143530024748,8.881784197001252e-16,603,0.01
fold1,3,1,yaw_rear,1.0359013192187478,8.881784197001252e-16,603,0.01
fold1,3,1,front_beta,217.80517958147595,8.881784197001252e-16,603,0.01
fold1,3,1,front_yaw,277.75006099878766,8.881784197001252e-16,603,0.01
fold1,3,1,rear_beta,214.8198402097512,8.881784197001252e-16,603,0.01
fold1,3,1,rear_yaw,342.5969939878096,8.881784197001252e-16,603,0.01
fold1,3,1,front_decay,3.2024684115680064,8.881784197001252e-16,603,0.01
fold1,3,1,rear_decay,3.3253761464889613,8.881784197001252e-16,603,0.01
fold1,3,1,actuator_rate,13.26972308758123,8.881784197001252e-16,603,0.01
fold1,3,2,yaw_front,0.6430194479199619,0.0,603,0.01
fold1,3,2,yaw_rear,2.241617349499502,0.0,603,0.01
fold1,3,2,front_beta,54.82977098335236,0.0,603,0.01
fold1,3,2,front_yaw,57.270693488813386,0.0,603,0.01
fold1,3,2,rear_beta,9.595959595959595,0.0,603,0.01
fold1,3,2,rear_yaw,34.941519874063005,0.0,603,0.01
fold1,3,2,front_decay,0.8405189541903862,0.0,603,0.01
fold1,3,2,rear_decay,0.4895876596368646,0.0,603,0.01
fold1,3,2,actuator_rate,7.165414562432871,0.0,603,0.01
fold1,4,0,yaw_front,0.7542734111120544,8.881784197001252e-16,603,0.01
fold1,4,0,yaw_rear,4.960978456744048,8.881784197001252e-16,603,0.01
fold1,4,0,front_beta,57.34103589418809,8.881784197001252e-16,603,0.01
fold1,4,0,front_yaw,26.07423864418528,8.881784197001252e-16,603,0.01
fold1,4,0,rear_beta,9.595959595959595,8.881784197001252e-16,603,0.01
fold1,4,0,rear_yaw,28.699415692179088,8.881784197001252e-16,603,0.01
fold1,4,0,front_decay,0.7954984782738233,8.881784197001252e-16,603,0.01
fold1,4,0,rear_decay,0.7793801441521423,8.881784197001252e-16,603,0.01
fold1,4,0,actuator_rate,8.099510323099235,8.881784197001252e-16,603,0.01
fold1,4,1,yaw_front,0.8283144947426623,0.0,603,0.01
fold1,4,1,yaw_rear,1.0359015065107178,0.0,603,0.01
fold1,4,1,front_beta,217.8050633818734,0.0,603,0.01
fold1,4,1,front_yaw,277.7499052040071,0.0,603,0.01
fold1,4,1,rear_beta,214.8200068044815,0.0,603,0.01
fold1,4,1,rear_yaw,342.5972535997461,0.0,603,0.01
fold1,4,1,front_decay,3.202466822865773,0.0,603,0.01
fold1,4,1,rear_decay,3.325378993196199,0.0,603,0.01
fold1,4,1,actuator_rate,13.269723096000776,0.0,603,0.01
fold1,4,2,yaw_front,0.6430194305880096,0.0,603,0.01
fold1,4,2,yaw_rear,2.2416168148409232,0.0,603,0.01
fold1,4,2,front_beta,54.82976347067287,0.0,603,0.01
fold1,4,2,front_yaw,57.27070073632351,0.0,603,0.01
fold1,4,2,rear_beta,9.595959595959595,0.0,603,0.01
fold1,4,2,rear_yaw,34.94152169122852,0.0,603,0.01
fold1,4,2,front_decay,0.8405187958409744,0.0,603,0.01
fold1,4,2,rear_decay,0.4895875672943644,0.0,603,0.01
fold1,4,2,actuator_rate,7.165414789480258,0.0,603,0.01
fold1,5,0,yaw_front,0.7542734111120544,8.881784197001252e-16,603,0.01
fold1,5,0,yaw_rear,4.960978456744048,8.881784197001252e-16,603,0.01
fold1,5,0,front_beta,57.34103589418809,8.881784197001252e-16,603,0.01
fold1,5,0,front_yaw,26.07423864418528,8.881784197001252e-16,603,0.01
fold1,5,0,rear_beta,9.595959595959595,8.881784197001252e-16,603,0.01
fold1,5,0,rear_yaw,28.699415692179088,8.881784197001252e-16,603,0.01
fold1,5,0,front_decay,0.7954984782738233,8.881784197001252e-16,603,0.01
fold1,5,0,rear_decay,0.7793801441521423,8.881784197001252e-16,603,0.01
fold1,5,0,actuator_rate,8.099510323099235,8.881784197001252e-16,603,0.01
fold1,5,1,yaw_front,0.7542733119897961,4.440892098500626e-16,603,0.01
fold1,5,1,yaw_rear,4.960982144590306,4.440892098500626e-16,603,0.01
fold1,5,1,front_beta,57.34102508744754,4.440892098500626e-16,603,0.01
fold1,5,1,front_yaw,26.074202222159403,4.440892098500626e-16,603,0.01
fold1,5,1,rear_beta,9.595959595959595,4.440892098500626e-16,603,0.01
fold1,5,1,rear_yaw,28.699406117752453,4.440892098500626e-16,603,0.01
fold1,5,1,front_decay,0.7954982892327256,4.440892098500626e-16,603,0.01
fold1,5,1,rear_decay,0.779380664037098,4.440892098500626e-16,603,0.01
fold1,5,1,actuator_rate,8.099510333942431,4.440892098500626e-16,603,0.01
fold1,5,2,yaw_front,0.8044693594416565,8.881784197001252e-16,603,0.01
fold1,5,2,yaw_rear,7.023662750068133,8.881784197001252e-16,603,0.01
fold1,5,2,front_beta,63.84225590435415,8.881784197001252e-16,603,0.01
fold1,5,2,front_yaw,29.52072849171624,8.881784197001252e-16,603,0.01
fold1,5,2,rear_beta,11.93768109587564,8.881784197001252e-16,603,0.01
fold1,5,2,rear_yaw,48.19399869815516,8.881784197001252e-16,603,0.01
fold1,5,2,front_decay,0.7999910599960195,8.881784197001252e-16,603,0.01
fold1,5,2,rear_decay,0.6844373053728693,8.881784197001252e-16,603,0.01
fold1,5,2,actuator_rate,7.644866398946228,8.881784197001252e-16,603,0.01
full,0,0,yaw_front,0.7107778333004153,4.440892098500626e-16,603,0.01
full,0,0,yaw_rear,4.674301788940985,4.440892098500626e-16,603,0.01
full,0,0,front_beta,64.00582750678879,4.440892098500626e-16,603,0.01
full,0,0,front_yaw,28.286817713624803,4.440892098500626e-16,603,0.01
full,0,0,rear_beta,9.595959595958416,4.440892098500626e-16,603,0.01
full,0,0,rear_yaw,27.88918730139781,4.440892098500626e-16,603,0.01
full,0,0,front_decay,0.8892486123863789,4.440892098500626e-16,603,0.01
full,0,0,rear_decay,0.7621116523076006,4.440892098500626e-16,603,0.01
full,0,0,actuator_rate,7.367975835560935,4.440892098500626e-16,603,0.01
full,0,1,yaw_front,0.6638868343663537,8.881784197001252e-16,603,0.01
full,0,1,yaw_rear,0.9064315804491042,8.881784197001252e-16,603,0.01
full,0,1,front_beta,60.746981090901,8.881784197001252e-16,603,0.01
full,0,1,front_yaw,83.2031121352778,8.881784197001252e-16,603,0.01
full,0,1,rear_beta,33.93875048618513,8.881784197001252e-16,603,0.01
full,0,1,rear_yaw,63.46754388405356,8.881784197001252e-16,603,0.01
full,0,1,front_decay,1.3891180679920825,8.881784197001252e-16,603,0.01
full,0,1,rear_decay,0.7839609126912038,8.881784197001252e-16,603,0.01
full,0,1,actuator_rate,5.228215723531972,8.881784197001252e-16,603,0.01
full,0,2,yaw_front,0.8026781714687303,4.440892098500626e-16,603,0.01
full,0,2,yaw_rear,6.780673406451036,4.440892098500626e-16,603,0.01
full,0,2,front_beta,67.73431213952011,4.440892098500626e-16,603,0.01
full,0,2,front_yaw,22.449957497601265,4.440892098500626e-16,603,0.01
full,0,2,rear_beta,9.5959595959596,4.440892098500626e-16,603,0.01
full,0,2,rear_yaw,26.867458288367157,4.440892098500626e-16,603,0.01
full,0,2,front_decay,0.8762803529327294,4.440892098500626e-16,603,0.01
full,0,2,rear_decay,0.9104970883049444,4.440892098500626e-16,603,0.01
full,0,2,actuator_rate,12.177328700665424,4.440892098500626e-16,603,0.01
full,1,0,yaw_front,0.7107778333004153,4.440892098500626e-16,603,0.01
full,1,0,yaw_rear,4.674301788940985,4.440892098500626e-16,603,0.01
full,1,0,front_beta,64.00582750678879,4.440892098500626e-16,603,0.01
full,1,0,front_yaw,28.286817713624803,4.440892098500626e-16,603,0.01
full,1,0,rear_beta,9.595959595958416,4.440892098500626e-16,603,0.01
full,1,0,rear_yaw,27.88918730139781,4.440892098500626e-16,603,0.01
full,1,0,front_decay,0.8892486123863789,4.440892098500626e-16,603,0.01
full,1,0,rear_decay,0.7621116523076006,4.440892098500626e-16,603,0.01
full,1,0,actuator_rate,7.367975835560935,4.440892098500626e-16,603,0.01
full,1,1,yaw_front,0.8026782114789358,0.0,603,0.01
full,1,1,yaw_rear,6.780674290820178,0.0,603,0.01
full,1,1,front_beta,67.73430722638554,0.0,603,0.01
full,1,1,front_yaw,22.449953651105734,0.0,603,0.01
full,1,1,rear_beta,9.5959595959596,0.0,603,0.01
full,1,1,rear_yaw,26.86745779878899,0.0,603,0.01
full,1,1,front_decay,0.8762802828241241,0.0,603,0.01
full,1,1,rear_decay,0.9104971494681676,0.0,603,0.01
full,1,1,actuator_rate,12.177328587898106,0.0,603,0.01
full,1,2,yaw_front,0.6638867949278142,8.881784197001252e-16,603,0.01
full,1,2,yaw_rear,0.9064315398911666,8.881784197001252e-16,603,0.01
full,1,2,front_beta,60.74696243723928,8.881784197001252e-16,603,0.01
full,1,2,front_yaw,83.20309153854127,8.881784197001252e-16,603,0.01
full,1,2,rear_beta,33.93873835440267,8.881784197001252e-16,603,0.01
full,1,2,rear_yaw,63.46752590519342,8.881784197001252e-16,603,0.01
full,1,2,front_decay,1.3891175669635458,8.881784197001252e-16,603,0.01
full,1,2,rear_decay,0.7839606040178053,8.881784197001252e-16,603,0.01
full,1,2,actuator_rate,5.2282158707845285,8.881784197001252e-16,603,0.01
full,2,0,yaw_front,0.7107778333004153,4.440892098500626e-16,603,0.01
full,2,0,yaw_rear,4.674301788940985,4.440892098500626e-16,603,0.01
full,2,0,front_beta,64.00582750678879,4.440892098500626e-16,603,0.01
full,2,0,front_yaw,28.286817713624803,4.440892098500626e-16,603,0.01
full,2,0,rear_beta,9.595959595958416,4.440892098500626e-16,603,0.01
full,2,0,rear_yaw,27.88918730139781,4.440892098500626e-16,603,0.01
full,2,0,front_decay,0.8892486123863789,4.440892098500626e-16,603,0.01
full,2,0,rear_decay,0.7621116523076006,4.440892098500626e-16,603,0.01
full,2,0,actuator_rate,7.367975835560935,4.440892098500626e-16,603,0.01
full,2,1,yaw_front,0.8026781775236829,4.440892098500626e-16,603,0.01
full,2,1,yaw_rear,6.780675411467714,4.440892098500626e-16,603,0.01
full,2,1,front_beta,67.73431819659109,4.440892098500626e-16,603,0.01
full,2,1,front_yaw,22.44995227570977,4.440892098500626e-16,603,0.01
full,2,1,rear_beta,9.5959595959596,4.440892098500626e-16,603,0.01
full,2,1,rear_yaw,26.867457378283987,4.440892098500626e-16,603,0.01
full,2,1,front_decay,0.8762804324776801,4.440892098500626e-16,603,0.01
full,2,1,rear_decay,0.9104973341360144,4.440892098500626e-16,603,0.01
full,2,1,actuator_rate,12.177328502372117,4.440892098500626e-16,603,0.01
full,2,2,yaw_front,0.6638868148809415,8.881784197001252e-16,603,0.01
full,2,2,yaw_rear,0.9064313786075988,8.881784197001252e-16,603,0.01
full,2,2,front_beta,60.746977695850674,8.881784197001252e-16,603,0.01
full,2,2,front_yaw,83.20312018590892,8.881784197001252e-16,603,0.01
full,2,2,rear_beta,33.93874678844648,8.881784197001252e-16,603,0.01
full,2,2,rear_yaw,63.46753438723335,8.881784197001252e-16,603,0.01
full,2,2,front_decay,1.3891180106246794,8.881784197001252e-16,603,0.01
full,2,2,rear_decay,0.7839606786966175,8.881784197001252e-16,603,0.01
full,2,2,actuator_rate,5.228215843629378,8.881784197001252e-16,603,0.01
full,3,0,yaw_front,0.7107778333004153,4.440892098500626e-16,603,0.01
full,3,0,yaw_rear,4.674301788940985,4.440892098500626e-16,603,0.01
full,3,0,front_beta,64.00582750678879,4.440892098500626e-16,603,0.01
full,3,0,front_yaw,28.286817713624803,4.440892098500626e-16,603,0.01
full,3,0,rear_beta,9.595959595958416,4.440892098500626e-16,603,0.01
full,3,0,rear_yaw,27.88918730139781,4.440892098500626e-16,603,0.01
full,3,0,front_decay,0.8892486123863789,4.440892098500626e-16,603,0.01
full,3,0,rear_decay,0.7621116523076006,4.440892098500626e-16,603,0.01
full,3,0,actuator_rate,7.367975835560935,4.440892098500626e-16,603,0.01
full,3,1,yaw_front,0.8026783037395262,0.0,603,0.01
full,3,1,yaw_rear,6.780674599494838,0.0,603,0.01
full,3,1,front_beta,67.73428131351183,0.0,603,0.01
full,3,1,front_yaw,22.449945568430707,0.0,603,0.01
full,3,1,rear_beta,9.595959595959595,0.0,603,0.01
full,3,1,rear_yaw,26.86745653917334,0.0,603,0.01
full,3,1,front_decay,0.8762799646645111,0.0,603,0.01
full,3,1,rear_decay,0.910497098407632,0.0,603,0.01
full,3,1,actuator_rate,12.177328246291866,0.0,603,0.01
full,3,2,yaw_front,0.6652587126315689,4.440892098500626e-16,603,0.01
full,3,2,yaw_rear,2.2398605303229253,4.440892098500626e-16,603,0.01
full,3,2,front_beta,27.86239695393299,4.440892098500626e-16,603,0.01
full,3,2,front_yaw,23.850708788740764,4.440892098500626e-16,603,0.01
full,3,2,rear_beta,9.595959595959595,4.440892098500626e-16,603,0.01
full,3,2,rear_yaw,27.656781019898432,4.440892098500626e-16,603,0.01
full,3,2,front_decay,0.5026636021254498,4.440892098500626e-16,603,0.01
full,3,2,rear_decay,0.478979160594214,4.440892098500626e-16,603,0.01
full,3,2,actuator_rate,5.194536299195474,4.440892098500626e-16,603,0.01
full,4,0,yaw_front,0.7107778333004153,4.440892098500626e-16,603,0.01
full,4,0,yaw_rear,4.674301788940985,4.440892098500626e-16,603,0.01
full,4,0,front_beta,64.00582750678879,4.440892098500626e-16,603,0.01
full,4,0,front_yaw,28.286817713624803,4.440892098500626e-16,603,0.01
full,4,0,rear_beta,9.595959595958416,4.440892098500626e-16,603,0.01
full,4,0,rear_yaw,27.88918730139781,4.440892098500626e-16,603,0.01
full,4,0,front_decay,0.8892486123863789,4.440892098500626e-16,603,0.01
full,4,0,rear_decay,0.7621116523076006,4.440892098500626e-16,603,0.01
full,4,0,actuator_rate,7.367975835560935,4.440892098500626e-16,603,0.01
full,4,1,yaw_front,0.7545549584289226,1.3322676295501878e-15,603,0.01
full,4,1,yaw_rear,6.911269008455168,1.3322676295501878e-15,603,0.01
full,4,1,front_beta,76.34416744585614,1.3322676295501878e-15,603,0.01
full,4,1,front_yaw,23.10316781947155,1.3322676295501878e-15,603,0.01
full,4,1,rear_beta,9.595959595959595,1.3322676295501878e-15,603,0.01
full,4,1,rear_yaw,26.59812362285008,1.3322676295501878e-15,603,0.01
full,4,1,front_decay,0.940878840871003,1.3322676295501878e-15,603,0.01
full,4,1,rear_decay,0.9286976225563356,1.3322676295501878e-15,603,0.01
full,4,1,actuator_rate,13.682809173120352,1.3322676295501878e-15,603,0.01
full,4,2,yaw_front,0.6108516026771507,8.881784197001252e-16,603,0.01
full,4,2,yaw_rear,2.435113779039661,8.881784197001252e-16,603,0.01
full,4,2,front_beta,49.01970151962089,8.881784197001252e-16,603,0.01
full,4,2,front_yaw,38.16142767988767,8.881784197001252e-16,603,0.01
full,4,2,rear_beta,9.595959595959595,8.881784197001252e-16,603,0.01
full,4,2,rear_yaw,29.780082918019563,8.881784197001252e-16,603,0.01
full,4,2,front_decay,0.8602540822338778,8.881784197001252e-16,603,0.01
full,4,2,rear_decay,0.5616033090047768,8.881784197001252e-16,603,0.01
full,4,2,actuator_rate,6.036724448696319,8.881784197001252e-16,603,0.01
full,5,0,yaw_front,0.7107778333004153,4.440892098500626e-16,603,0.01
full,5,0,yaw_rear,4.674301788940985,4.440892098500626e-16,603,0.01
full,5,0,front_beta,64.00582750678879,4.440892098500626e-16,603,0.01
full,5,0,front_yaw,28.286817713624803,4.440892098500626e-16,603,0.01
full,5,0,rear_beta,9.595959595958416,4.440892098500626e-16,603,0.01
full,5,0,rear_yaw,27.88918730139781,4.440892098500626e-16,603,0.01
full,5,0,front_decay,0.8892486123863789,4.440892098500626e-16,603,0.01
full,5,0,rear_decay,0.7621116523076006,4.440892098500626e-16,603,0.01
full,5,0,actuator_rate,7.367975835560935,4.440892098500626e-16,603,0.01
full,5,1,yaw_front,0.6224678564452726,4.440892098500626e-16,603,0.01
full,5,1,yaw_rear,2.401877231286245,4.440892098500626e-16,603,0.01
full,5,1,front_beta,48.59959808942584,4.440892098500626e-16,603,0.01
full,5,1,front_yaw,40.2326344930796,4.440892098500626e-16,603,0.01
full,5,1,rear_beta,9.595959595959595,4.440892098500626e-16,603,0.01
full,5,1,rear_yaw,30.652653794765307,4.440892098500626e-16,603,0.01
full,5,1,front_decay,0.8270170360430139,4.440892098500626e-16,603,0.01
full,5,1,rear_decay,0.5494284688449715,4.440892098500626e-16,603,0.01
full,5,1,actuator_rate,6.066586165492012,4.440892098500626e-16,603,0.01
full,5,2,yaw_front,0.7994936664285246,4.440892098500626e-16,603,0.01
full,5,2,yaw_rear,7.3914233424584515,4.440892098500626e-16,603,0.01
full,5,2,front_beta,74.04279182416191,4.440892098500626e-16,603,0.01
full,5,2,front_yaw,22.75592286806841,4.440892098500626e-16,603,0.01
full,5,2,rear_beta,9.595959595959595,4.440892098500626e-16,603,0.01
full,5,2,rear_yaw,27.2654787339394,4.440892098500626e-16,603,0.01
full,5,2,front_decay,0.906688814855094,4.440892098500626e-16,603,0.01
full,5,2,rear_decay,0.9666312142586204,4.440892098500626e-16,603,0.01
full,5,2,actuator_rate,13.923843267192783,4.440892098500626e-16,603,0.01
fold0,0,0,yaw_front,0.6034220140000658,0.0,603,1.0
fold0,0,0,yaw_rear,1.1032868120292012,0.0,603,1.0
fold0,0,0,front_beta,95.23797181605462,0.0,603,1.0
fold0,0,0,front_yaw,111.80116398796828,0.0,603,1.0
fold0,0,0,rear_beta,19.67661290347648,0.0,603,1.0
fold0,0,0,rear_yaw,42.23318217545047,0.0,603,1.0
fold0,0,0,front_decay,1.7457625718504628,0.0,603,1.0
fold0,0,0,rear_decay,0.5265540067581527,0.0,603,1.0
fold0,0,0,actuator_rate,9.132066329482166,0.0,603,1.0
fold0,0,1,yaw_front,0.6709258632578441,4.440892098500626e-16,603,1.0
fold0,0,1,yaw_rear,0.8466302316196939,4.440892098500626e-16,603,1.0
fold0,0,1,front_beta,89.81097223138735,4.440892098500626e-16,603,1.0
fold0,0,1,front_yaw,111.7980724954688,4.440892098500626e-16,603,1.0
fold0,0,1,rear_beta,31.76282759218072,4.440892098500626e-16,603,1.0
fold0,0,1,rear_yaw,49.89342458595195,4.440892098500626e-16,603,1.0
fold0,0,1,front_decay,2.5689243470610195,4.440892098500626e-16,603,1.0
fold0,0,1,rear_decay,0.7701557788304133,4.440892098500626e-16,603,1.0
fold0,0,1,actuator_rate,6.6326990594300135,4.440892098500626e-16,603,1.0
fold0,0,2,yaw_front,0.8761165041649366,8.881784197001252e-16,603,1.0
fold0,0,2,yaw_rear,1.3186872270272958,8.881784197001252e-16,603,1.0
fold0,0,2,front_beta,111.3917191307951,8.881784197001252e-16,603,1.0
fold0,0,2,front_yaw,125.37133492943676,8.881784197001252e-16,603,1.0
fold0,0,2,rear_beta,61.70710737954932,8.881784197001252e-16,603,1.0
fold0,0,2,rear_yaw,104.53469832133224,8.881784197001252e-16,603,1.0
fold0,0,2,front_decay,1.9266720057341,8.881784197001252e-16,603,1.0
fold0,0,2,rear_decay,1.287879551833344,8.881784197001252e-16,603,1.0
fold0,0,2,actuator_rate,19.12285331767707,8.881784197001252e-16,603,1.0
fold0,1,0,yaw_front,0.6034220140000658,0.0,603,1.0
fold0,1,0,yaw_rear,1.1032868120292012,0.0,603,1.0
fold0,1,0,front_beta,95.23797181605462,0.0,603,1.0
fold0,1,0,front_yaw,111.80116398796828,0.0,603,1.0
fold0,1,0,rear_beta,19.67661290347648,0.0,603,1.0
fold0,1,0,rear_yaw,42.23318217545047,0.0,603,1.0
fold0,1,0,front_decay,1.7457625718504628,0.0,603,1.0
fold0,1,0,rear_decay,0.5265540067581527,0.0,603,1.0
fold0,1,0,actuator_rate,9.132066329482166,0.0,603,1.0
fold0,1,1,yaw_front,0.9632167698241832,8.881784197001252e-16,603,1.0
fold0,1,1,yaw_rear,1.442944149472163,8.881784197001252e-16,603,1.0
fold0,1,1,front_beta,126.6555195176014,8.881784197001252e-16,603,1.0
fold0,1,1,front_yaw,149.16744669440197,8.881784197001252e-16,603,1.0
fold0,1,1,rear_beta,101.1156784271822,8.881784197001252e-16,603,1.0
fold0,1,1,rear_yaw,178.39961872392885,8.881784197001252e-16,603,1.0
fold0,1,1,front_decay,2.010666910247716,8.881784197001252e-16,603,1.0
fold0,1,1,rear_decay,2.163413542832996,8.881784197001252e-16,603,1.0
fold0,1,1,actuator_rate,19.3789636117497,8.881784197001252e-16,603,1.0
fold0,1,2,yaw_front,0.6463939834754664,8.881784197001252e-16,603,1.0
fold0,1,2,yaw_rear,0.7031242750748764,8.881784197001252e-16,603,1.0
fold0,1,2,front_beta,85.3549251219051,8.881784197001252e-16,603,1.0
fold0,1,2,front_yaw,121.32818497280512,8.881784197001252e-16,603,1.0
fold0,1,2,rear_beta,24.816302989694854,8.881784197001252e-16,603,1.0
fold0,1,2,rear_yaw,38.37116494870819,8.881784197001252e-16,603,1.0
fold0,1,2,front_decay,2.23868373215285,8.881784197001252e-16,603,1.0
fold0,1,2,rear_decay,0.509720698715964,8.881784197001252e-16,603,1.0
fold0,1,2,actuator_rate,7.247027962535495,8.881784197001252e-16,603,1.0
fold0,2,0,yaw_front,0.6034220140000658,0.0,603,1.0
fold0,2,0,yaw_rear,1.1032868120292012,0.0,603,1.0
fold0,2,0,front_beta,95.23797181605462,0.0,603,1.0
fold0,2,0,front_yaw,111.80116398796828,0.0,603,1.0
fold0,2,0,rear_beta,19.67661290347648,0.0,603,1.0
fold0,2,0,rear_yaw,42.23318217545047,0.0,603,1.0
fold0,2,0,front_decay,1.7457625718504628,0.0,603,1.0
fold0,2,0,rear_decay,0.5265540067581527,0.0,603,1.0
fold0,2,0,actuator_rate,9.132066329482166,0.0,603,1.0
fold0,2,1,yaw_front,0.8761164943270113,8.881784197001252e-16,603,1.0
fold0,2,1,yaw_rear,1.3186872938815235,8.881784197001252e-16,603,1.0
fold0,2,1,front_beta,111.39171442521898,8.881784197001252e-16,603,1.0
fold0,2,1,front_yaw,125.37132583121408,8.881784197001252e-16,603,1.0
fold0,2,1,rear_beta,61.70710797221037,8.881784197001252e-16,603,1.0
fold0,2,1,rear_yaw,104.53470262861106,8.881784197001252e-16,603,1.0
fold0,2,1,front_decay,1.9266718514472347,8.881784197001252e-16,603,1.0
fold0,2,1,rear_decay,1.2878796041372766,8.881784197001252e-16,603,1.0
fold0,2,1,actuator_rate,19.12285242803633,8.881784197001252e-16,603,1.0
fold0,2,2,yaw_front,0.6709255190452276,8.881784197001252e-16,603,1.0
fold0,2,2,yaw_rear,0.8466300354069024,8.881784197001252e-16,603,1.0
fold0,2,2,front_beta,89.81087206369087,8.881784197001252e-16,603,1.0
fold0,2,2,front_yaw,111.797946512408,8.881784197001252e-16,603,1.0
fold0,2,2,rear_beta,31.76277931156688,8.881784197001252e-16,603,1.0
fold0,2,2,rear_yaw,49.89336220345022,8.881784197001252e-16,603,1.0
fold0,2,2,front_decay,2.5689208156049674,8.881784197001252e-16,603,1.0
fold0,2,2,rear_decay,0.7701544962046029,8.881784197001252e-16,603,1.0
fold0,2,2,actuator_rate,6.632699463780298,8.881784197001252e-16,603,1.0
fold0,3,0,yaw_front,0.6034220140000658,0.0,603,1.0
fold0,3,0,yaw_rear,1.1032868120292012,0.0,603,1.0
fold0,3,0,front_beta,95.23797181605462,0.0,603,1.0
fold0,3,0,front_yaw,111.80116398796828,0.0,603,1.0
fold0,3,0,rear_beta,19.67661290347648,0.0,603,1.0
fold0,3,0,rear_yaw,42.23318217545047,0.0,603,1.0
fold0,3,0,front_decay,1.7457625718504628,0.0,603,1.0
fold0,3,0,rear_decay,0.5265540067581527,0.0,603,1.0
fold0,3,0,actuator_rate,9.132066329482166,0.0,603,1.0
fold0,3,1,yaw_front,0.8761165102343694,8.881784197001252e-16,603,1.0
fold0,3,1,yaw_rear,1.3186871627798644,8.881784197001252e-16,603,1.0
fold0,3,1,front_beta,111.3917335295732,8.881784197001252e-16,603,1.0
fold0,3,1,front_yaw,125.3713530452496,8.881784197001252e-16,603,1.0
fold0,3,1,rear_beta,61.70710697415491,8.881784197001252e-16,603,1.0
fold0,3,1,rear_yaw,104.53469340994002,8.881784197001252e-16,603,1.0
fold0,3,1,front_decay,1.9266723350342092,8.881784197001252e-16,603,1.0
fold0,3,1,rear_decay,1.2878795094077564,8.881784197001252e-16,603,1.0
fold0,3,1,actuator_rate,19.12285302082082,8.881784197001252e-16,603,1.0
fold0,3,2,yaw_front,0.670925595670993,4.440892098500626e-16,603,1.0
fold0,3,2,yaw_rear,0.8466300223318328,4.440892098500626e-16,603,1.0
fold0,3,2,front_beta,89.81084291974877,4.440892098500626e-16,603,1.0
fold0,3,2,front_yaw,111.79793002987992,4.440892098500626e-16,603,1.0
fold0,3,2,rear_beta,31.76278016431369,4.440892098500626e-16,603,1.0
fold0,3,2,rear_yaw,49.893365908870265,4.440892098500626e-16,603,1.0
fold0,3,2,front_decay,2.568920070121569,4.440892098500626e-16,603,1.0
fold0,3,2,rear_decay,0.7701545026782204,4.440892098500626e-16,603,1.0
fold0,3,2,actuator_rate,6.632699390932241,4.440892098500626e-16,603,1.0
fold0,4,0,yaw_front,0.6034220140000658,0.0,603,1.0
fold0,4,0,yaw_rear,1.1032868120292012,0.0,603,1.0
fold0,4,0,front_beta,95.23797181605462,0.0,603,1.0
fold0,4,0,front_yaw,111.80116398796828,0.0,603,1.0
fold0,4,0,rear_beta,19.67661290347648,0.0,603,1.0
fold0,4,0,rear_yaw,42.23318217545047,0.0,603,1.0
fold0,4,0,front_decay,1.7457625718504628,0.0,603,1.0
fold0,4,0,rear_decay,0.5265540067581527,0.0,603,1.0
fold0,4,0,actuator_rate,9.132066329482166,0.0,603,1.0
fold0,4,1,yaw_front,0.8761165294701009,0.0,603,1.0
fold0,4,1,yaw_rear,1.3186872201184114,0.0,603,1.0
fold0,4,1,front_beta,111.3917743554986,0.0,603,1.0
fold0,4,1,front_yaw,125.37139619140976,0.0,603,1.0
fold0,4,1,rear_beta,61.7071268243121,0.0,603,1.0
fold0,4,1,rear_yaw,104.53472694974552,0.0,603,1.0
fold0,4,1,front_decay,1.926673122750236,0.0,603,1.0
fold0,4,1,rear_decay,1.2878800037796456,0.0,603,1.0
fold0,4,1,actuator_rate,19.1228518650138,0.0,603,1.0
fold0,4,2,yaw_front,0.6709256663214409,0.0,603,1.0
fold0,4,2,yaw_rear,0.8466298773589803,0.0,603,1.0
fold0,4,2,front_beta,89.81089839153341,0.0,603,1.0
fold0,4,2,front_yaw,111.79803366700015,0.0,603,1.0
fold0,4,2,rear_beta,31.76279784273183,0.0,603,1.0
fold0,4,2,rear_yaw,49.89339531556013,0.0,603,1.0
fold0,4,2,front_decay,2.568921504842889,0.0,603,1.0
fold0,4,2,rear_decay,0.7701548215034237,0.0,603,1.0
fold0,4,2,actuator_rate,6.63269905862691,0.0,603,1.0
fold0,5,0,yaw_front,0.6034220140000658,0.0,603,1.0
fold0,5,0,yaw_rear,1.1032868120292012,0.0,603,1.0
fold0,5,0,front_beta,95.23797181605462,0.0,603,1.0
fold0,5,0,front_yaw,111.80116398796828,0.0,603,1.0
fold0,5,0,rear_beta,19.67661290347648,0.0,603,1.0
fold0,5,0,rear_yaw,42.23318217545047,0.0,603,1.0
fold0,5,0,front_decay,1.7457625718504628,0.0,603,1.0
fold0,5,0,rear_decay,0.5265540067581527,0.0,603,1.0
fold0,5,0,actuator_rate,9.132066329482166,0.0,603,1.0
fold0,5,1,yaw_front,0.6463945376944704,0.0,603,1.0
fold0,5,1,yaw_rear,0.7031241180158988,0.0,603,1.0
fold0,5,1,front_beta,85.35482963988059,0.0,603,1.0
fold0,5,1,front_yaw,121.3280891825825,0.0,603,1.0
fold0,5,1,rear_beta,24.816338125511397,0.0,603,1.0
fold0,5,1,rear_yaw,38.37119043465397,0.0,603,1.0
fold0,5,1,front_decay,2.238682282697159,0.0,603,1.0
fold0,5,1,rear_decay,0.5097211083372498,0.0,603,1.0
fold0,5,1,actuator_rate,7.247027977969897,0.0,603,1.0
fold0,5,2,yaw_front,0.9632170008884036,8.881784197001252e-16,603,1.0
fold0,5,2,yaw_rear,1.442945176264357,8.881784197001252e-16,603,1.0
fold0,5,2,front_beta,126.655413715166,8.881784197001252e-16,603,1.0
fold0,5,2,front_yaw,149.1672838335353,8.881784197001252e-16,603,1.0
fold0,5,2,rear_beta,101.11577092514516,8.881784197001252e-16,603,1.0
fold0,5,2,rear_yaw,178.39982032219274,8.881784197001252e-16,603,1.0
fold0,5,2,front_decay,2.0106650443170677,8.881784197001252e-16,603,1.0
fold0,5,2,rear_decay,2.163416453071432,8.881784197001252e-16,603,1.0
fold0,5,2,actuator_rate,19.3789665692688,8.881784197001252e-16,603,1.0
fold1,0,0,yaw_front,0.6172054594194942,4.440892098500626e-16,603,1.0
fold1,0,0,yaw_rear,1.0283216937229689,4.440892098500626e-16,603,1.0
fold1,0,0,front_beta,75.14111589135422,4.440892098500626e-16,603,1.0
fold1,0,0,front_yaw,106.97503538578668,4.440892098500626e-16,603,1.0
fold1,0,0,rear_beta,18.57986639183662,4.440892098500626e-16,603,1.0
fold1,0,0,rear_yaw,44.07036263364799,4.440892098500626e-16,603,1.0
fold1,0,0,front_decay,1.3686305659032547,4.440892098500626e-16,603,1.0
fold1,0,0,rear_decay,0.4997345377708859,4.440892098500626e-16,603,1.0
fold1,0,0,actuator_rate,10.809894516952616,4.440892098500626e-16,603,1.0
fold1,0,1,yaw_front,0.814512377432013,8.881784197001252e-16,603,1.0
fold1,0,1,yaw_rear,0.5335359900818627,8.881784197001252e-16,603,1.0
fold1,0,1,front_beta,117.91213693521942,8.881784197001252e-16,603,1.0
fold1,0,1,front_yaw,198.7527848901784,8.881784197001252e-16,603,1.0
fold1,0,1,rear_beta,29.697066574852983,8.881784197001252e-16,603,1.0
fold1,0,1,rear_yaw,32.78946246649585,8.881784197001252e-16,603,1.0
fold1,0,1,front_decay,4.138618388884735,8.881784197001252e-16,603,1.0
fold1,0,1,rear_decay,0.5088548200019093,8.881784197001252e-16,603,1.0
fold1,0,1,actuator_rate,8.364931809595143,8.881784197001252e-16,603,1.0
fold1,0,2,yaw_front,0.7135664992911164,0.0,603,1.0
fold1,0,2,yaw_rear,1.025819208025321,0.0,603,1.0
fold1,0,2,front_beta,71.78927489559273,0.0,603,1.0
fold1,0,2,front_yaw,126.2999251121612,0.0,603,1.0
fold1,0,2,rear_beta,25.593961875686716,0.0,603,1.0
fold1,0,2,rear_yaw,64.73176059659859,0.0,603,1.0
fold1,0,2,front_decay,1.1090569358903124,0.0,603,1.0
fold1,0,2,rear_decay,0.5788996857680282,0.0,603,1.0
fold1,0,2,actuator_rate,13.930648404371222,0.0,603,1.0
fold1,1,0,yaw_front,0.6172054594194942,4.440892098500626e-16,603,1.0
fold1,1,0,yaw_rear,1.0283216937229689,4.440892098500626e-16,603,1.0
fold1,1,0,front_beta,75.14111589135422,4.440892098500626e-16,603,1.0
fold1,1,0,front_yaw,106.97503538578668,4.440892098500626e-16,603,1.0
fold1,1,0,rear_beta,18.57986639183662,4.440892098500626e-16,603,1.0
fold1,1,0,rear_yaw,44.07036263364799,4.440892098500626e-16,603,1.0
fold1,1,0,front_decay,1.3686305659032547,4.440892098500626e-16,603,1.0
fold1,1,0,rear_decay,0.4997345377708859,4.440892098500626e-16,603,1.0
fold1,1,0,actuator_rate,10.809894516952616,4.440892098500626e-16,603,1.0
fold1,1,1,yaw_front,0.6404587081180647,8.881784197001252e-16,603,1.0
fold1,1,1,yaw_rear,1.010258790122526,8.881784197001252e-16,603,1.0
fold1,1,1,front_beta,62.44926775351684,8.881784197001252e-16,603,1.0
fold1,1,1,front_yaw,124.6588817510474,8.881784197001252e-16,603,1.0
fold1,1,1,rear_beta,16.713823954484845,8.881784197001252e-16,603,1.0
fold1,1,1,rear_yaw,52.62755607273348,8.881784197001252e-16,603,1.0
fold1,1,1,front_decay,0.9280670828688836,8.881784197001252e-16,603,1.0
fold1,1,1,rear_decay,0.4351606851085746,8.881784197001252e-16,603,1.0
fold1,1,1,actuator_rate,9.953359174587328,8.881784197001252e-16,603,1.0
fold1,1,2,yaw_front,1.3109663849436866,8.881784197001252e-16,603,1.0
fold1,1,2,yaw_rear,0.3005983396462382,8.881784197001252e-16,603,1.0
fold1,1,2,front_beta,322.7427104285369,8.881784197001252e-16,603,1.0
fold1,1,2,front_yaw,680.9089171419387,8.881784197001252e-16,603,1.0
fold1,1,2,rear_beta,30.74627502008251,8.881784197001252e-16,603,1.0
fold1,1,2,rear_yaw,14.873737373737374,8.881784197001252e-16,603,1.0
fold1,1,2,front_decay,20.00000000000001,8.881784197001252e-16,603,1.0
fold1,1,2,rear_decay,0.3078740731826936,8.881784197001252e-16,603,1.0
fold1,1,2,actuator_rate,13.900286891912405,8.881784197001252e-16,603,1.0
fold1,2,0,yaw_front,0.6172054594194942,4.440892098500626e-16,603,1.0
fold1,2,0,yaw_rear,1.0283216937229689,4.440892098500626e-16,603,1.0
fold1,2,0,front_beta,75.14111589135422,4.440892098500626e-16,603,1.0
fold1,2,0,front_yaw,106.97503538578668,4.440892098500626e-16,603,1.0
fold1,2,0,rear_beta,18.57986639183662,4.440892098500626e-16,603,1.0
fold1,2,0,rear_yaw,44.07036263364799,4.440892098500626e-16,603,1.0
fold1,2,0,front_decay,1.3686305659032547,4.440892098500626e-16,603,1.0
fold1,2,0,rear_decay,0.4997345377708859,4.440892098500626e-16,603,1.0
fold1,2,0,actuator_rate,10.809894516952616,4.440892098500626e-16,603,1.0
fold1,2,1,yaw_front,0.7412686813222721,0.0,603,1.0
fold1,2,1,yaw_rear,0.9403167454841036,0.0,603,1.0
fold1,2,1,front_beta,69.01644074972668,0.0,603,1.0
fold1,2,1,front_yaw,109.60756368247728,0.0,603,1.0
fold1,2,1,rear_beta,29.06626295787351,0.0,603,1.0
fold1,2,1,rear_yaw,58.5565771889879,0.0,603,1.0
fold1,2,1,front_decay,1.5170251199367777,0.0,603,1.0
fold1,2,1,rear_decay,0.6705394467713082,0.0,603,1.0
fold1,2,1,actuator_rate,9.157866791780704,0.0,603,1.0
fold1,2,2,yaw_front,1.008924426457943,1.7763568394002505e-15,603,1.0
fold1,2,2,yaw_rear,3.3943419890572386,1.7763568394002505e-15,603,1.0
fold1,2,2,front_beta,132.60910446136518,1.7763568394002505e-15,603,1.0
fold1,2,2,front_yaw,84.86559981260916,1.7763568394002505e-15,603,1.0
fold1,2,2,rear_beta,366.5189992217044,1.7763568394002505e-15,603,1.0
fold1,2,2,rear_yaw,789.1358886664226,1.7763568394002505e-15,603,1.0
fold1,2,2,front_decay,2.009765502545206,1.7763568394002505e-15,603,1.0
fold1,2,2,rear_decay,16.666666666666682,1.7763568394002505e-15,603,1.0
fold1,2,2,actuator_rate,19.017268402082983,1.7763568394002505e-15,603,1.0
fold1,3,0,yaw_front,0.6172054594194942,4.440892098500626e-16,603,1.0
fold1,3,0,yaw_rear,1.0283216937229689,4.440892098500626e-16,603,1.0
fold1,3,0,front_beta,75.14111589135422,4.440892098500626e-16,603,1.0
fold1,3,0,front_yaw,106.97503538578668,4.440892098500626e-16,603,1.0
fold1,3,0,rear_beta,18.57986639183662,4.440892098500626e-16,603,1.0
fold1,3,0,rear_yaw,44.07036263364799,4.440892098500626e-16,603,1.0
fold1,3,0,front_decay,1.3686305659032547,4.440892098500626e-16,603,1.0
fold1,3,0,rear_decay,0.4997345377708859,4.440892098500626e-16,603,1.0
fold1,3,0,actuator_rate,10.809894516952616,4.440892098500626e-16,603,1.0
fold1,3,1,yaw_front,0.7135643973690011,1.7763568394002505e-15,603,1.0
fold1,3,1,yaw_rear,1.0258189894166128,1.7763568394002505e-15,603,1.0
fold1,3,1,front_beta,71.78954415731135,1.7763568394002505e-15,603,1.0
fold1,3,1,front_yaw,126.30043853529514,1.7763568394002505e-15,603,1.0
fold1,3,1,rear_beta,25.59379113894232,1.7763568394002505e-15,603,1.0
fold1,3,1,rear_yaw,64.7315260052832,1.7763568394002505e-15,603,1.0
fold1,3,1,front_decay,1.1090600306742575,1.7763568394002505e-15,603,1.0
fold1,3,1,rear_decay,0.5788973494978167,1.7763568394002505e-15,603,1.0
fold1,3,1,actuator_rate,13.930645102063952,1.7763568394002505e-15,603,1.0
fold1,3,2,yaw_front,0.8145160344292924,8.881784197001252e-16,603,1.0
fold1,3,2,yaw_rear,0.5335375810840012,8.881784197001252e-16,603,1.0
fold1,3,2,front_beta,117.91178018689628,8.881784197001252e-16,603,1.0
fold1,3,2,front_yaw,198.75216304071637,8.881784197001252e-16,603,1.0
fold1,3,2,rear_beta,29.69736633363313,8.881784197001252e-16,603,1.0
fold1,3,2,rear_yaw,32.78974061482148,8.881784197001252e-16,603,1.0
fold1,3,2,front_decay,4.138609496780193,8.881784197001252e-16,603,1.0
fold1,3,2,rear_decay,0.5088598502786861,8.881784197001252e-16,603,1.0
fold1,3,2,actuator_rate,8.364930544501592,8.881784197001252e-16,603,1.0
fold1,4,0,yaw_front,0.6172054594194942,4.440892098500626e-16,603,1.0
fold1,4,0,yaw_rear,1.0283216937229689,4.440892098500626e-16,603,1.0
fold1,4,0,front_beta,75.14111589135422,4.440892098500626e-16,603,1.0
fold1,4,0,front_yaw,106.97503538578668,4.440892098500626e-16,603,1.0
fold1,4,0,rear_beta,18.57986639183662,4.440892098500626e-16,603,1.0
fold1,4,0,rear_yaw,44.07036263364799,4.440892098500626e-16,603,1.0
fold1,4,0,front_decay,1.3686305659032547,4.440892098500626e-16,603,1.0
fold1,4,0,rear_decay,0.4997345377708859,4.440892098500626e-16,603,1.0
fold1,4,0,actuator_rate,10.809894516952616,4.440892098500626e-16,603,1.0
fold1,4,1,yaw_front,0.8882593635099303,1.7763568394002505e-15,603,1.0
fold1,4,1,yaw_rear,1.282119748657606,1.7763568394002505e-15,603,1.0
fold1,4,1,front_beta,110.24646073243632,1.7763568394002505e-15,603,1.0
fold1,4,1,front_yaw,136.1803870110052,1.7763568394002505e-15,603,1.0
fold1,4,1,rear_beta,67.85589734449798,1.7763568394002505e-15,603,1.0
fold1,4,1,rear_yaw,120.98354379717009,1.7763568394002505e-15,603,1.0
fold1,4,1,front_decay,2.0023370151937323,1.7763568394002505e-15,603,1.0
fold1,4,1,rear_decay,1.5758778911300229,1.7763568394002505e-15,603,1.0
fold1,4,1,actuator_rate,14.61949888564555,1.7763568394002505e-15,603,1.0
fold1,4,2,yaw_front,1.724111127001439,0.0,603,1.0
fold1,4,2,yaw_rear,0.3719483493788125,0.0,603,1.0
fold1,4,2,front_beta,296.5152450763736,0.0,603,1.0
fold1,4,2,front_yaw,762.990979171989,0.0,603,1.0
fold1,4,2,rear_beta,40.4838345896984,0.0,603,1.0
fold1,4,2,rear_yaw,22.473535431272392,0.0,603,1.0
fold1,4,2,front_decay,20.000000000000007,0.0,603,1.0
fold1,4,2,rear_decay,0.4386941224906126,0.0,603,1.0
fold1,4,2,actuator_rate,7.995321183090226,0.0,603,1.0
fold1,5,0,yaw_front,0.6172054594194942,4.440892098500626e-16,603,1.0
fold1,5,0,yaw_rear,1.0283216937229689,4.440892098500626e-16,603,1.0
fold1,5,0,front_beta,75.14111589135422,4.440892098500626e-16,603,1.0
fold1,5,0,front_yaw,106.97503538578668,4.440892098500626e-16,603,1.0
fold1,5,0,rear_beta,18.57986639183662,4.440892098500626e-16,603,1.0
fold1,5,0,rear_yaw,44.07036263364799,4.440892098500626e-16,603,1.0
fold1,5,0,front_decay,1.3686305659032547,4.440892098500626e-16,603,1.0
fold1,5,0,rear_decay,0.4997345377708859,4.440892098500626e-16,603,1.0
fold1,5,0,actuator_rate,10.809894516952616,4.440892098500626e-16,603,1.0
fold1,5,1,yaw_front,1.310964717485923,8.881784197001252e-16,603,1.0
fold1,5,1,yaw_rear,0.300598324770451,8.881784197001252e-16,603,1.0
fold1,5,1,front_beta,322.74311757158506,8.881784197001252e-16,603,1.0
fold1,5,1,front_yaw,680.9096957453821,8.881784197001252e-16,603,1.0
fold1,5,1,rear_beta,30.74624106358017,8.881784197001252e-16,603,1.0
fold1,5,1,rear_yaw,14.87373737373738,8.881784197001252e-16,603,1.0
fold1,5,1,front_decay,20.000000000000007,8.881784197001252e-16,603,1.0
fold1,5,1,rear_decay,0.3078736832615064,8.881784197001252e-16,603,1.0
fold1,5,1,actuator_rate,13.900252206529506,8.881784197001252e-16,603,1.0
fold1,5,2,yaw_front,0.6404589630825868,8.881784197001252e-16,603,1.0
fold1,5,2,yaw_rear,1.0102594326240548,8.881784197001252e-16,603,1.0
fold1,5,2,front_beta,62.44916182606853,8.881784197001252e-16,603,1.0
fold1,5,2,front_yaw,124.65863945520262,8.881784197001252e-16,603,1.0
fold1,5,2,rear_beta,16.713820652821752,8.881784197001252e-16,603,1.0
fold1,5,2,rear_yaw,52.62754517272959,8.881784197001252e-16,603,1.0
fold1,5,2,front_decay,0.9280652552394482,8.881784197001252e-16,603,1.0
fold1,5,2,rear_decay,0.4351605665621694,8.881784197001252e-16,603,1.0
fold1,5,2,actuator_rate,9.953354074202055,8.881784197001252e-16,603,1.0
full,0,0,yaw_front,0.6164847231884971,4.440892098500626e-16,603,1.0
full,0,0,yaw_rear,1.077268460796993,4.440892098500626e-16,603,1.0
full,0,0,front_beta,83.94514232284895,4.440892098500626e-16,603,1.0
full,0,0,front_yaw,109.09654842164066,4.440892098500626e-16,603,1.0
full,0,0,rear_beta,19.27276201949967,4.440892098500626e-16,603,1.0
full,0,0,rear_yaw,43.76843577923646,4.440892098500626e-16,603,1.0
full,0,0,front_decay,1.5266632390336554,4.440892098500626e-16,603,1.0
full,0,0,rear_decay,0.5227372875575975,4.440892098500626e-16,603,1.0
full,0,0,actuator_rate,9.794623056162484,4.440892098500626e-16,603,1.0
full,0,1,yaw_front,0.6757063583304364,4.440892098500626e-16,603,1.0
full,0,1,yaw_rear,0.6739153775529223,4.440892098500626e-16,603,1.0
full,0,1,front_beta,77.30415065552167,4.440892098500626e-16,603,1.0
full,0,1,front_yaw,122.143501469566,4.440892098500626e-16,603,1.0
full,0,1,rear_beta,24.73759054243001,4.440892098500626e-16,603,1.0
full,0,1,rear_yaw,38.98273541595779,4.440892098500626e-16,603,1.0
full,0,1,front_decay,2.051044474768668,4.440892098500626e-16,603,1.0
full,0,1,rear_decay,0.4928748248397357,4.440892098500626e-16,603,1.0
full,0,1,actuator_rate,7.502306153098446,4.440892098500626e-16,603,1.0
full,0,2,yaw_front,0.918245169697944,8.881784197001252e-16,603,1.0
full,0,2,yaw_rear,1.3621542637536332,8.881784197001252e-16,603,1.0
full,0,2,front_beta,115.01212136518213,8.881784197001252e-16,603,1.0
full,0,2,front_yaw,137.36718202323223,8.881784197001252e-16,603,1.0
full,0,2,rear_beta,77.18933972193149,8.881784197001252e-16,603,1.0
full,0,2,rear_yaw,136.76165346636645,8.881784197001252e-16,603,1.0
full,0,2,front_decay,1.960464790625114,8.881784197001252e-16,603,1.0
full,0,2,rear_decay,1.721652140275966,8.881784197001252e-16,603,1.0
full,0,2,actuator_rate,16.326557233328977,8.881784197001252e-16,603,1.0
full,1,0,yaw_front,0.6164847231884971,4.440892098500626e-16,603,1.0
full,1,0,yaw_rear,1.077268460796993,4.440892098500626e-16,603,1.0
full,1,0,front_beta,83.94514232284895,4.440892098500626e-16,603,1.0
full,1,0,front_yaw,109.09654842164066,4.440892098500626e-16,603,1.0
full,1,0,rear_beta,19.27276201949967,4.440892098500626e-16,603,1.0
full,1,0,rear_yaw,43.76843577923646,4.440892098500626e-16,603,1.0
full,1,0,front_decay,1.5266632390336554,4.440892098500626e-16,603,1.0
full,1,0,rear_decay,0.5227372875575975,4.440892098500626e-16,603,1.0
full,1,0,actuator_rate,9.794623056162484,4.440892098500626e-16,603,1.0
full,1,1,yaw_front,0.9182453358831436,0.0,603,1.0
full,1,1,yaw_rear,1.3621546157000282,0.0,603,1.0
full,1,1,front_beta,115.01207447913596,0.0,603,1.0
full,1,1,front_yaw,137.36712082709872,0.0,603,1.0
full,1,1,rear_beta,77.18938544195909,0.0,603,1.0
full,1,1,rear_yaw,136.7617398822716,0.0,603,1.0
full,1,1,front_decay,1.960463923495703,0.0,603,1.0
full,1,1,rear_decay,1.7216532781157945,0.0,603,1.0
full,1,1,actuator_rate,16.326556644778663,0.0,603,1.0
full,1,2,yaw_front,0.6757051161342954,8.881784197001252e-16,603,1.0
full,1,2,yaw_rear,0.673916049136646,8.881784197001252e-16,603,1.0
full,1,2,front_beta,77.30404413447967,8.881784197001252e-16,603,1.0
full,1,2,front_yaw,122.1432843885298,8.881784197001252e-16,603,1.0
full,1,2,rear_beta,24.73748444942135,8.881784197001252e-16,603,1.0
full,1,2,rear_yaw,38.98266317504197,8.881784197001252e-16,603,1.0
full,1,2,front_decay,2.0510388517829248,8.881784197001252e-16,603,1.0
full,1,2,rear_decay,0.4928735513633172,8.881784197001252e-16,603,1.0
full,1,2,actuator_rate,7.502306922825815,8.881784197001252e-16,603,1.0
full,2,0,yaw_front,0.6164847231884971,4.440892098500626e-16,603,1.0
full,2,0,yaw_rear,1.077268460796993,4.440892098500626e-16,603,1.0
full,2,0,front_beta,83.94514232284895,4.440892098500626e-16,603,1.0
full,2,0,front_yaw,109.09654842164066,4.440892098500626e-16,603,1.0
full,2,0,rear_beta,19.27276201949967,4.440892098500626e-16,603,1.0
full,2,0,rear_yaw,43.76843577923646,4.440892098500626e-16,603,1.0
full,2,0,front_decay,1.5266632390336554,4.440892098500626e-16,603,1.0
full,2,0,rear_decay,0.5227372875575975,4.440892098500626e-16,603,1.0
full,2,0,actuator_rate,9.794623056162484,4.440892098500626e-16,603,1.0
full,2,1,yaw_front,1.0360917016907636,8.881784197001252e-16,603,1.0
full,2,1,yaw_rear,2.76194871349338,8.881784197001252e-16,603,1.0
full,2,1,front_beta,139.52960268306248,8.881784197001252e-16,603,1.0
full,2,1,front_yaw,106.6183742643628,8.881784197001252e-16,603,1.0
full,2,1,rear_beta,454.1364012224402,8.881784197001252e-16,603,1.0
full,2,1,rear_yaw,925.058987962125,8.881784197001252e-16,603,1.0
full,2,1,front_decay,2.1482451270107035,8.881784197001252e-16,603,1.0
full,2,1,rear_decay,16.666666666666668,8.881784197001252e-16,603,1.0
full,2,1,actuator_rate,18.72109499192884,8.881784197001252e-16,603,1.0
full,2,2,yaw_front,0.6704939841163966,8.881784197001252e-16,603,1.0
full,2,2,yaw_rear,0.8215619875071588,8.881784197001252e-16,603,1.0
full,2,2,front_beta,75.82873225455265,8.881784197001252e-16,603,1.0
full,2,2,front_yaw,113.44696287340238,8.881784197001252e-16,603,1.0
full,2,2,rear_beta,25.138155751554365,8.881784197001252e-16,603,1.0
full,2,2,rear_yaw,46.082702743401725,8.881784197001252e-16,603,1.0
full,2,2,front_decay,1.7865065359500834,8.881784197001252e-16,603,1.0
full,2,2,rear_decay,0.5670530686954428,8.881784197001252e-16,603,1.0
full,2,2,actuator_rate,7.993609301106848,8.881784197001252e-16,603,1.0
full,3,0,yaw_front,0.6164847231884971,4.440892098500626e-16,603,1.0
full,3,0,yaw_rear,1.077268460796993,4.440892098500626e-16,603,1.0
full,3,0,front_beta,83.94514232284895,4.440892098500626e-16,603,1.0
full,3,0,front_yaw,109.09654842164066,4.440892098500626e-16,603,1.0
full,3,0,rear_beta,19.27276201949967,4.440892098500626e-16,603,1.0
full,3,0,rear_yaw,43.76843577923646,4.440892098500626e-16,603,1.0
full,3,0,front_decay,1.5266632390336554,4.440892098500626e-16,603,1.0
full,3,0,rear_decay,0.5227372875575975,4.440892098500626e-16,603,1.0
full,3,0,actuator_rate,9.794623056162484,4.440892098500626e-16,603,1.0
full,3,1,yaw_front,0.8136425083621343,8.881784197001252e-16,603,1.0
full,3,1,yaw_rear,1.2233809903282389,8.881784197001252e-16,603,1.0
full,3,1,front_beta,101.21721127015222,8.881784197001252e-16,603,1.0
full,3,1,front_yaw,121.28979614504124,8.881784197001252e-16,603,1.0
full,3,1,rear_beta,45.0371339924117,8.881784197001252e-16,603,1.0
full,3,1,rear_yaw,81.14630373323823,8.881784197001252e-16,603,1.0
full,3,1,front_decay,1.806827118579734,8.881784197001252e-16,603,1.0
full,3,1,rear_decay,1.0022254758637,8.881784197001252e-16,603,1.0
full,3,1,actuator_rate,16.535671215993503,8.881784197001252e-16,603,1.0
full,3,2,yaw_front,0.7281785420861379,1.7763568394002505e-15,603,1.0
full,3,2,yaw_rear,0.772081179416106,1.7763568394002505e-15,603,1.0
full,3,2,front_beta,91.30999153214076,1.7763568394002505e-15,603,1.0
full,3,2,front_yaw,131.14541686727853,1.7763568394002505e-15,603,1.0
full,3,2,rear_beta,32.24311616163886,1.7763568394002505e-15,603,1.0
full,3,2,rear_yaw,49.10174339121015,1.7763568394002505e-15,603,1.0
full,3,2,front_decay,2.730811513229697,1.7763568394002505e-15,603,1.0
full,3,2,rear_decay,0.7427659049974336,1.7763568394002505e-15,603,1.0
full,3,2,actuator_rate,6.753032944595546,1.7763568394002505e-15,603,1.0
full,4,0,yaw_front,0.6164847231884971,4.440892098500626e-16,603,1.0
full,4,0,yaw_rear,1.077268460796993,4.440892098500626e-16,603,1.0
full,4,0,front_beta,83.94514232284895,4.440892098500626e-16,603,1.0
full,4,0,front_yaw,109.09654842164066,4.440892098500626e-16,603,1.0
full,4,0,rear_beta,19.27276201949967,4.440892098500626e-16,603,1.0
full,4,0,rear_yaw,43.76843577923646,4.440892098500626e-16,603,1.0
full,4,0,front_decay,1.5266632390336554,4.440892098500626e-16,603,1.0
full,4,0,rear_decay,0.5227372875575975,4.440892098500626e-16,603,1.0
full,4,0,actuator_rate,9.794623056162484,4.440892098500626e-16,603,1.0
full,4,1,yaw_front,0.9182453171166616,8.881784197001252e-16,603,1.0
full,4,1,yaw_rear,1.3621546359359848,8.881784197001252e-16,603,1.0
full,4,1,front_beta,115.0120828777912,8.881784197001252e-16,603,1.0
full,4,1,front_yaw,137.36712830783563,8.881784197001252e-16,603,1.0
full,4,1,rear_beta,77.18937867404972,8.881784197001252e-16,603,1.0
full,4,1,rear_yaw,136.7617301787209,8.881784197001252e-16,603,1.0
full,4,1,front_decay,1.9604640803579003,8.881784197001252e-16,603,1.0
full,4,1,rear_decay,1.7216532031906664,8.881784197001252e-16,603,1.0
full,4,1,actuator_rate,16.32655656175366,8.881784197001252e-16,603,1.0
full,4,2,yaw_front,0.6757063863013223,0.0,603,1.0
full,4,2,yaw_rear,0.673915718868753,0.0,603,1.0
full,4,2,front_beta,77.30413059896944,0.0,603,1.0
full,4,2,front_yaw,122.14346167620916,0.0,603,1.0
full,4,2,rear_beta,24.737579082622972,0.0,603,1.0
full,4,2,rear_yaw,38.9827329005915,0.0,603,1.0
full,4,2,front_decay,2.0510438528698165,0.0,603,1.0
full,4,2,rear_decay,0.4928748577208869,0.0,603,1.0
full,4,2,actuator_rate,7.502306774099226,0.0,603,1.0
full,5,0,yaw_front,0.6164847231884971,4.440892098500626e-16,603,1.0
full,5,0,yaw_rear,1.077268460796993,4.440892098500626e-16,603,1.0
full,5,0,front_beta,83.94514232284895,4.440892098500626e-16,603,1.0
full,5,0,front_yaw,109.09654842164066,4.440892098500626e-16,603,1.0
full,5,0,rear_beta,19.27276201949967,4.440892098500626e-16,603,1.0
full,5,0,rear_yaw,43.76843577923646,4.440892098500626e-16,603,1.0
full,5,0,front_decay,1.5266632390336554,4.440892098500626e-16,603,1.0
full,5,0,rear_decay,0.5227372875575975,4.440892098500626e-16,603,1.0
full,5,0,actuator_rate,9.794623056162484,4.440892098500626e-16,603,1.0
full,5,1,yaw_front,0.6757060764205063,4.440892098500626e-16,603,1.0
full,5,1,yaw_rear,0.6739159751976633,4.440892098500626e-16,603,1.0
full,5,1,front_beta,77.30405430224538,4.440892098500626e-16,603,1.0
full,5,1,front_yaw,122.14331322698496,4.440892098500626e-16,603,1.0
full,5,1,rear_beta,24.737557880347428,4.440892098500626e-16,603,1.0
full,5,1,rear_yaw,38.98272329027637,4.440892098500626e-16,603,1.0
full,5,1,front_decay,2.05104087859858,4.440892098500626e-16,603,1.0
full,5,1,rear_decay,0.492874646050762,4.440892098500626e-16,603,1.0
full,5,1,actuator_rate,7.502306998205539,4.440892098500626e-16,603,1.0
full,5,2,yaw_front,0.9182451320086232,0.0,603,1.0
full,5,2,yaw_rear,1.3621541394962646,0.0,603,1.0
full,5,2,front_beta,115.0121370593269,0.0,603,1.0
full,5,2,front_yaw,137.36721027178106,0.0,603,1.0
full,5,2,rear_beta,77.18932162943064,0.0,603,1.0
full,5,2,rear_yaw,136.7616240104654,0.0,603,1.0
full,5,2,front_decay,1.9604650865305329,0.0,603,1.0
full,5,2,rear_decay,1.7216516883558286,0.0,603,1.0
full,5,2,actuator_rate,16.326556560210072,0.0,603,1.0
fold0,0,0,yaw_front,0.6257691525066611,4.440892098500626e-16,604,0.01
fold0,0,0,yaw_rear,3.7425144805457817,4.440892098500626e-16,604,0.01
fold0,0,0,front_beta,55.75298851327008,4.440892098500626e-16,604,0.01
fold0,0,0,front_yaw,24.871175743077,4.440892098500626e-16,604,0.01
fold0,0,0,rear_beta,9.595959595960148,4.440892098500626e-16,604,0.01
fold0,0,0,rear_yaw,25.60152962224348,4.440892098500626e-16,604,0.01
fold0,0,0,front_decay,0.8332331682293785,4.440892098500626e-16,604,0.01
fold0,0,0,rear_decay,0.651821544978509,4.440892098500626e-16,604,0.01
fold0,0,0,actuator_rate,7.134790665842259,4.440892098500626e-16,604,0.01
fold0,0,1,yaw_front,0.6881752635601672,8.881784197001252e-16,604,0.01
fold0,0,1,yaw_rear,0.935184051784142,8.881784197001252e-16,604,0.01
fold0,0,1,front_beta,56.72095300921013,8.881784197001252e-16,604,0.01
fold0,0,1,front_yaw,69.17019982957551,8.881784197001252e-16,604,0.01
fold0,0,1,rear_beta,48.10074475005536,8.881784197001252e-16,604,0.01
fold0,0,1,rear_yaw,79.71230103136753,8.881784197001252e-16,604,0.01
fold0,0,1,front_decay,1.358703140172137,8.881784197001252e-16,604,0.01
fold0,0,1,rear_decay,0.9982631668161172,8.881784197001252e-16,604,0.01
fold0,0,1,actuator_rate,5.8699789734886805,8.881784197001252e-16,604,0.01
fold0,0,2,yaw_front,0.766336305882094,0.0,604,0.01
fold0,0,2,yaw_rear,1.1217011530641428,0.0,604,0.01
fold0,0,2,front_beta,177.60592504021045,0.0,604,0.01
fold0,0,2,front_yaw,190.31013136642423,0.0,604,0.01
fold0,0,2,rear_beta,104.2033930401026,0.0,604,0.01
fold0,0,2,rear_yaw,163.43463022373666,0.0,604,0.01
fold0,0,2,front_decay,2.9961795186922866,0.0,604,0.01
fold0,0,2,rear_decay,1.8399201492749115,0.0,604,0.01
fold0,0,2,actuator_rate,11.746999985604893,0.0,604,0.01
fold0,1,0,yaw_front,0.6257691525066611,4.440892098500626e-16,604,0.01
fold0,1,0,yaw_rear,3.7425144805457817,4.440892098500626e-16,604,0.01
fold0,1,0,front_beta,55.75298851327008,4.440892098500626e-16,604,0.01
fold0,1,0,front_yaw,24.871175743077,4.440892098500626e-16,604,0.01
fold0,1,0,rear_beta,9.595959595960148,4.440892098500626e-16,604,0.01
fold0,1,0,rear_yaw,25.60152962224348,4.440892098500626e-16,604,0.01
fold0,1,0,front_decay,0.8332331682293785,4.440892098500626e-16,604,0.01
fold0,1,0,rear_decay,0.651821544978509,4.440892098500626e-16,604,0.01
fold0,1,0,actuator_rate,7.134790665842259,4.440892098500626e-16,604,0.01
fold0,1,1,yaw_front,0.6881753139456503,0.0,604,0.01
fold0,1,1,yaw_rear,0.9351843946463588,0.0,604,0.01
fold0,1,1,front_beta,56.72092804903244,0.0,604,0.01
fold0,1,1,front_yaw,69.17015280755545,0.0,604,0.01
fold0,1,1,rear_beta,48.10075087520868,0.0,604,0.01
fold0,1,1,rear_yaw,79.7123154592682,0.0,604,0.01
fold0,1,1,front_decay,1.358702420638867,0.0,604,0.01
fold0,1,1,rear_decay,0.998263512787354,0.0,604,0.01
fold0,1,1,actuator_rate,5.869978850756369,0.0,604,0.01
fold0,1,2,yaw_front,0.7663363192485808,0.0,604,0.01
fold0,1,2,yaw_rear,1.1217011777267765,0.0,604,0.01
fold0,1,2,front_beta,177.60576095296088,0.0,604,0.01
fold0,1,2,front_yaw,190.3099612356999,0.0,604,0.01
fold0,1,2,rear_beta,104.20334914724764,0.0,604,0.01
fold0,1,2,rear_yaw,163.43456701377,0.0,604,0.01
fold0,1,2,front_decay,2.9961766126881275,0.0,604,0.01
fold0,1,2,rear_decay,1.8399193174858253,0.0,604,0.01
fold0,1,2,actuator_rate,11.74699985888816,0.0,604,0.01
fold0,2,0,yaw_front,0.6257691525066611,4.440892098500626e-16,604,0.01
fold0,2,0,yaw_rear,3.7425144805457817,4.440892098500626e-16,604,0.01
fold0,2,0,front_beta,55.75298851327008,4.440892098500626e-16,604,0.01
fold0,2,0,front_yaw,24.871175743077,4.440892098500626e-16,604,0.01
fold0,2,0,rear_beta,9.595959595960148,4.440892098500626e-16,604,0.01
fold0,2,0,rear_yaw,25.60152962224348,4.440892098500626e-16,604,0.01
fold0,2,0,front_decay,0.8332331682293785,4.440892098500626e-16,604,0.01
fold0,2,0,rear_decay,0.651821544978509,4.440892098500626e-16,604,0.01
fold0,2,0,actuator_rate,7.134790665842259,4.440892098500626e-16,604,0.01
fold0,2,1,yaw_front,0.766336400077003,8.881784197001252e-16,604,0.01
fold0,2,1,yaw_rear,1.1217011530672376,8.881784197001252e-16,604,0.01
fold0,2,1,front_beta,177.60593076459304,8.881784197001252e-16,604,0.01
fold0,2,1,front_yaw,190.310154687859,8.881784197001252e-16,604,0.01
fold0,2,1,rear_beta,104.20343944145048,8.881784197001252e-16,604,0.01
fold0,2,1,rear_yaw,163.43469767261288,8.881784197001252e-16,604,0.01
fold0,2,1,front_decay,2.996179689450853,8.881784197001252e-16,604,0.01
fold0,2,1,rear_decay,1.8399208296957157,8.881784197001252e-16,604,0.01
fold0,2,1,actuator_rate,11.746999815271629,8.881784197001252e-16,604,0.01
fold0,2,2,yaw_front,0.688175299578744,8.881784197001252e-16,604,0.01
fold0,2,2,yaw_rear,0.9351840171035334,8.881784197001252e-16,604,0.01
fold0,2,2,front_beta,56.72095593096306,8.881784197001252e-16,604,0.01
fold0,2,2,front_yaw,69.17020894024652,8.881784197001252e-16,604,0.01
fold0,2,2,rear_beta,48.10075655234294,8.881784197001252e-16,604,0.01
fold0,2,2,rear_yaw,79.71231985505312,8.881784197001252e-16,604,0.01
fold0,2,2,front_decay,1.3587032203185845,8.881784197001252e-16,604,0.01
fold0,2,2,rear_decay,0.9982633557053086,8.881784197001252e-16,604,0.01
fold0,2,2,actuator_rate,5.86997902828959,8.881784197001252e-16,604,0.01
fold0,3,0,yaw_front,0.6257691525066611,4.440892098500626e-16,604,0.01
fold0,3,0,yaw_rear,3.7425144805457817,4.440892098500626e-16,604,0.01
fold0,3,0,front_beta,55.75298851327008,4.440892098500626e-16,604,0.01
fold0,3,0,front_yaw,24.871175743077,4.440892098500626e-16,604,0.01
fold0,3,0,rear_beta,9.595959595960148,4.440892098500626e-16,604,0.01
fold0,3,0,rear_yaw,25.60152962224348,4.440892098500626e-16,604,0.01
fold0,3,0,front_decay,0.8332331682293785,4.440892098500626e-16,604,0.01
fold0,3,0,rear_decay,0.651821544978509,4.440892098500626e-16,604,0.01
fold0,3,0,actuator_rate,7.134790665842259,4.440892098500626e-16,604,0.01
fold0,3,1,yaw_front,0.7663362748538683,0.0,604,0.01
fold0,3,1,yaw_rear,1.121701171595542,0.0,604,0.01
fold0,3,1,front_beta,177.60587797955912,0.0,604,0.01
fold0,3,1,front_yaw,190.31007823805683,0.0,604,0.01
fold0,3,1,rear_beta,104.2033615523874,0.0,604,0.01
fold0,3,1,rear_yaw,163.43458783521626,0.0,604,0.01
fold0,3,1,front_decay,2.996178619541475,0.0,604,0.01
fold0,3,1,rear_decay,1.839919633505535,0.0,604,0.01
fold0,3,1,actuator_rate,11.74700004736732,0.0,604,0.01
fold0,3,2,yaw_front,0.6881752837482233,8.881784197001252e-16,604,0.01
fold0,3,2,yaw_rear,0.9351839238885606,8.881784197001252e-16,604,0.01
fold0,3,2,front_beta,56.72094772457472,8.881784197001252e-16,604,0.01
fold0,3,2,front_yaw,69.17020015823941,8.881784197001252e-16,604,0.01
fold0,3,2,rear_beta,48.10074876795144,8.881784197001252e-16,604,0.01
fold0,3,2,rear_yaw,79.71230225542595,8.881784197001252e-16,604,0.01
fold0,3,2,front_decay,1.3587030526045227,8.881784197001252e-16,604,0.01
fold0,3,2,rear_decay,0.998263090033752,8.881784197001252e-16,604,0.01
fold0,3,2,actuator_rate,5.8699790525733055,8.881784197001252e-16,604,0.01
fold0,4,0,yaw_front,0.6257691525066611,4.440892098500626e-16,604,0.01
fold0,4,0,yaw_rear,3.7425144805457817,4.440892098500626e-16,604,0.01
fold0,4,0,front_beta,55.75298851327008,4.440892098500626e-16,604,0.01
fold0,4,0,front_yaw,24.871175743077,4.440892098500626e-16,604,0.01
fold0,4,0,rear_beta,9.595959595960148,4.440892098500626e-16,604,0.01
fold0,4,0,rear_yaw,25.60152962224348,4.440892098500626e-16,604,0.01
fold0,4,0,front_decay,0.8332331682293785,4.440892098500626e-16,604,0.01
fold0,4,0,rear_decay,0.651821544978509,4.440892098500626e-16,604,0.01
fold0,4,0,actuator_rate,7.134790665842259,4.440892098500626e-16,604,0.01
fold0,4,1,yaw_front,0.6881754034980346,8.881784197001252e-16,604,0.01
fold0,4,1,yaw_rear,0.9351839935512524,8.881784197001252e-16,604,0.01
fold0,4,1,front_beta,56.72093238416885,8.881784197001252e-16,604,0.01
fold0,4,1,front_yaw,69.1701902695139,8.881784197001252e-16,604,0.01
fold0,4,1,rear_beta,48.10074598689365,8.881784197001252e-16,604,0.01
fold0,4,1,rear_yaw,79.71229987638972,8.881784197001252e-16,604,0.01
fold0,4,1,front_decay,1.3587028121237292,8.881784197001252e-16,604,0.01
fold0,4,1,rear_decay,0.9982631200782944,8.881784197001252e-16,604,0.01
fold0,4,1,actuator_rate,5.869979078708063,8.881784197001252e-16,604,0.01
fold0,4,2,yaw_front,0.7663364345495367,8.881784197001252e-16,604,0.01
fold0,4,2,yaw_rear,1.1217012483622488,8.881784197001252e-16,604,0.01
fold0,4,2,front_beta,177.60584028743736,8.881784197001252e-16,604,0.01
fold0,4,2,front_yaw,190.3100507998413,8.881784197001252e-16,604,0.01
fold0,4,2,rear_beta,104.2034329107632,8.881784197001252e-16,604,0.01
fold0,4,2,rear_yaw,163.4346880035288,8.881784197001252e-16,604,0.01
fold0,4,2,front_decay,2.996178324821467,8.881784197001252e-16,604,0.01
fold0,4,2,rear_decay,1.8399208876498585,8.881784197001252e-16,604,0.01
fold0,4,2,actuator_rate,11.747000227522562,8.881784197001252e-16,604,0.01
fold0,5,0,yaw_front,0.6257691525066611,4.440892098500626e-16,604,0.01
fold0,5,0,yaw_rear,3.7425144805457817,4.440892098500626e-16,604,0.01
fold0,5,0,front_beta,55.75298851327008,4.440892098500626e-16,604,0.01
fold0,5,0,front_yaw,24.871175743077,4.440892098500626e-16,604,0.01
fold0,5,0,rear_beta,9.595959595960148,4.440892098500626e-16,604,0.01
fold0,5,0,rear_yaw,25.60152962224348,4.440892098500626e-16,604,0.01
fold0,5,0,front_decay,0.8332331682293785,4.440892098500626e-16,604,0.01
fold0,5,0,rear_decay,0.651821544978509,4.440892098500626e-16,604,0.01
fold0,5,0,actuator_rate,7.134790665842259,4.440892098500626e-16,604,0.01
fold0,5,1,yaw_front,0.6881752383507482,8.881784197001252e-16,604,0.01
fold0,5,1,yaw_rear,0.9351839013306004,8.881784197001252e-16,604,0.01
fold0,5,1,front_beta,56.72095548548754,8.881784197001252e-16,604,0.01
fold0,5,1,front_yaw,69.17020857475127,8.881784197001252e-16,604,0.01
fold0,5,1,rear_beta,48.10074275509338,8.881784197001252e-16,604,0.01
fold0,5,1,rear_yaw,79.71229441915308,8.881784197001252e-16,604,0.01
fold0,5,1,front_decay,1.358703208313121,8.881784197001252e-16,604,0.01
fold0,5,1,rear_decay,0.9982629790950224,8.881784197001252e-16,604,0.01
fold0,5,1,actuator_rate,5.869979048554461,8.881784197001252e-16,604,0.01
fold0,5,2,yaw_front,0.7663362950381677,8.881784197001252e-16,604,0.01
fold0,5,2,yaw_rear,1.1217010191560073,8.881784197001252e-16,604,0.01
fold0,5,2,front_beta,177.6059409695508,8.881784197001252e-16,604,0.01
fold0,5,2,front_yaw,190.31016081535623,8.881784197001252e-16,604,0.01
fold0,5,2,rear_beta,104.2033927080286,8.881784197001252e-16,604,0.01
fold0,5,2,rear_yaw,163.43462313665486,8.881784197001252e-16,604,0.01
fold0,5,2,front_decay,2.996179772042008,8.881784197001252e-16,604,0.01
fold0,5,2,rear_decay,1.8399199195642149,8.881784197001252e-16,604,0.01
fold0,5,2,actuator_rate,11.74699999490148,8.881784197001252e-16,604,0.01
fold1,0,0,yaw_front,0.6425428344268571,4.440892098500626e-16,604,0.01
fold1,0,0,yaw_rear,4.770984027383903,4.440892098500626e-16,604,0.01
fold1,0,0,front_beta,60.20158979560746,4.440892098500626e-16,604,0.01
fold1,0,0,front_yaw,22.469858597353326,4.440892098500626e-16,604,0.01
fold1,0,0,rear_beta,9.59595959595959,4.440892098500626e-16,604,0.01
fold1,0,0,rear_yaw,26.594183910352463,4.440892098500626e-16,604,0.01
fold1,0,0,front_decay,0.8019892683878813,4.440892098500626e-16,604,0.01
fold1,0,0,rear_decay,0.7798563422841792,4.440892098500626e-16,604,0.01
fold1,0,0,actuator_rate,7.57004639596265,4.440892098500626e-16,604,0.01
fold1,0,1,yaw_front,0.5638205114047432,4.440892098500626e-16,604,0.01
fold1,0,1,yaw_rear,2.674816165148856,4.440892098500626e-16,604,0.01
fold1,0,1,front_beta,54.539802039831365,4.440892098500626e-16,604,0.01
fold1,0,1,front_yaw,36.14918620345526,4.440892098500626e-16,604,0.01
fold1,0,1,rear_beta,9.595959595959595,4.440892098500626e-16,604,0.01
fold1,0,1,rear_yaw,30.17355258191729,4.440892098500626e-16,604,0.01
fold1,0,1,front_decay,0.8327598415878874,4.440892098500626e-16,604,0.01
fold1,0,1,rear_decay,0.5465024947010142,4.440892098500626e-16,604,0.01
fold1,0,1,actuator_rate,6.963319512190185,4.440892098500626e-16,604,0.01
fold1,0,2,yaw_front,0.905377588660518,8.881784197001252e-16,604,0.01
fold1,0,2,yaw_rear,0.99590249469448,8.881784197001252e-16,604,0.01
fold1,0,2,front_beta,149.69580289452043,8.881784197001252e-16,604,0.01
fold1,0,2,front_yaw,202.0888782346304,8.881784197001252e-16,604,0.01
fold1,0,2,rear_beta,242.97591592043463,8.881784197001252e-16,604,0.01
fold1,0,2,rear_yaw,360.813765004154,8.881784197001252e-16,604,0.01
fold1,0,2,front_decay,2.081733428520117,8.881784197001252e-16,604,0.01
fold1,0,2,rear_decay,3.279125208078525,8.881784197001252e-16,604,0.01
fold1,0,2,actuator_rate,11.835516958362176,8.881784197001252e-16,604,0.01
fold1,1,0,yaw_front,0.6425428344268571,4.440892098500626e-16,604,0.01
fold1,1,0,yaw_rear,4.770984027383903,4.440892098500626e-16,604,0.01
fold1,1,0,front_beta,60.20158979560746,4.440892098500626e-16,604,0.01
fold1,1,0,front_yaw,22.469858597353326,4.440892098500626e-16,604,0.01
fold1,1,0,rear_beta,9.59595959595959,4.440892098500626e-16,604,0.01
fold1,1,0,rear_yaw,26.594183910352463,4.440892098500626e-16,604,0.01
fold1,1,0,front_decay,0.8019892683878813,4.440892098500626e-16,604,0.01
fold1,1,0,rear_decay,0.7798563422841792,4.440892098500626e-16,604,0.01
fold1,1,0,actuator_rate,7.57004639596265,4.440892098500626e-16,604,0.01
fold1,1,1,yaw_front,0.5638204754745235,4.440892098500626e-16,604,0.01
fold1,1,1,yaw_rear,2.674815474650304,4.440892098500626e-16,604,0.01
fold1,1,1,front_beta,54.53980666368093,4.440892098500626e-16,604,0.01
fold1,1,1,front_yaw,36.14919914252573,4.440892098500626e-16,604,0.01
fold1,1,1,rear_beta,9.595959595959595,4.440892098500626e-16,604,0.01
fold1,1,1,rear_yaw,30.17355495760696,4.440892098500626e-16,604,0.01
fold1,1,1,front_decay,0.8327599149155946,4.440892098500626e-16,604,0.01
fold1,1,1,rear_decay,0.5465024142190887,4.440892098500626e-16,604,0.01
fold1,1,1,actuator_rate,6.96331959703156,4.440892098500626e-16,604,0.01
fold1,1,2,yaw_front,0.9053770089024196,8.881784197001252e-16,604,0.01
fold1,1,2,yaw_rear,0.9959019267104816,8.881784197001252e-16,604,0.01
fold1,1,2,front_beta,149.69598356271328,8.881784197001252e-16,604,0.01
fold1,1,2,front_yaw,202.0891155538636,8.881784197001252e-16,604,0.01
fold1,1,2,rear_beta,242.97520864833865,8.881784197001252e-16,604,0.01
fold1,1,2,rear_yaw,360.8127282361582,8.881784197001252e-16,604,0.01
fold1,1,2,front_decay,2.081735734006964,8.881784197001252e-16,604,0.01
fold1,1,2,rear_decay,3.279115486211706,8.881784197001252e-16,604,0.01
fold1,1,2,actuator_rate,11.83551721107758,8.881784197001252e-16,604,0.01
fold1,2,0,yaw_front,0.6425428344268571,4.440892098500626e-16,604,0.01
fold1,2,0,yaw_rear,4.770984027383903,4.440892098500626e-16,604,0.01
fold1,2,0,front_beta,60.20158979560746,4.440892098500626e-16,604,0.01
fold1,2,0,front_yaw,22.469858597353326,4.440892098500626e-16,604,0.01
fold1,2,0,rear_beta,9.59595959595959,4.440892098500626e-16,604,0.01
fold1,2,0,rear_yaw,26.594183910352463,4.440892098500626e-16,604,0.01
fold1,2,0,front_decay,0.8019892683878813,4.440892098500626e-16,604,0.01
fold1,2,0,rear_decay,0.7798563422841792,4.440892098500626e-16,604,0.01
fold1,2,0,actuator_rate,7.57004639596265,4.440892098500626e-16,604,0.01
fold1,2,1,yaw_front,0.9053770340325537,-8.881784197001252e-16,604,0.01
fold1,2,1,yaw_rear,0.9959017221006704,-8.881784197001252e-16,604,0.01
fold1,2,1,front_beta,149.69599876572588,-8.881784197001252e-16,604,0.01
fold1,2,1,front_yaw,202.08915855403612,-8.881784197001252e-16,604,0.01
fold1,2,1,rear_beta,242.9752121350164,-8.881784197001252e-16,604,0.01
fold1,2,1,rear_yaw,360.81268939849485,-8.881784197001252e-16,604,0.01
fold1,2,1,front_decay,2.081736155704282,-8.881784197001252e-16,604,0.01
fold1,2,1,rear_decay,3.279115084626452,-8.881784197001252e-16,604,0.01
fold1,2,1,actuator_rate,11.835516981918992,-8.881784197001252e-16,604,0.01
fold1,2,2,yaw_front,0.5638204699642407,4.440892098500626e-16,604,0.01
fold1,2,2,yaw_rear,2.674815551843308,4.440892098500626e-16,604,0.01
fold1,2,2,front_beta,54.53981034862723,4.440892098500626e-16,604,0.01
fold1,2,2,front_yaw,36.149199436091095,4.440892098500626e-16,604,0.01
fold1,2,2,rear_beta,9.595959595959595,4.440892098500626e-16,604,0.01
fold1,2,2,rear_yaw,30.17355432966204,4.440892098500626e-16,604,0.01
fold1,2,2,front_decay,0.8327599747488048,4.440892098500626e-16,604,0.01
fold1,2,2,rear_decay,0.5465024289914829,4.440892098500626e-16,604,0.01
fold1,2,2,actuator_rate,6.96331948645392,4.440892098500626e-16,604,0.01
fold1,3,0,yaw_front,0.6425428344268571,4.440892098500626e-16,604,0.01
fold1,3,0,yaw_rear,4.770984027383903,4.440892098500626e-16,604,0.01
fold1,3,0,front_beta,60.20158979560746,4.440892098500626e-16,604,0.01
fold1,3,0,front_yaw,22.469858597353326,4.440892098500626e-16,604,0.01
fold1,3,0,rear_beta,9.59595959595959,4.440892098500626e-16,604,0.01
fold1,3,0,rear_yaw,26.594183910352463,4.440892098500626e-16,604,0.01
fold1,3,0,front_decay,0.8019892683878813,4.440892098500626e-16,604,0.01
fold1,3,0,rear_decay,0.7798563422841792,4.440892098500626e-16,604,0.01
fold1,3,0,actuator_rate,7.57004639596265,4.440892098500626e-16,604,0.01
fold1,3,1,yaw_front,0.9053761343951164,0.0,604,0.01
fold1,3,1,yaw_rear,0.9959011755907544,0.0,604,0.01
fold1,3,1,front_beta,149.69630769378782,0.0,604,0.01
fold1,3,1,front_yaw,202.0895290279438,0.0,604,0.01
fold1,3,1,rear_beta,242.973957465636,0.0,604,0.01
fold1,3,1,rear_yaw,360.8109036078225,0.0,604,0.01
fold1,3,1,front_decay,2.081740131168571,0.0,604,0.01
fold1,3,1,rear_decay,3.279099011316198,0.0,604,0.01
fold1,3,1,actuator_rate,11.835516554798904,0.0,604,0.01
fold1,3,2,yaw_front,0.5638204825550877,4.440892098500626e-16,604,0.01
fold1,3,2,yaw_rear,2.6748156655485613,4.440892098500626e-16,604,0.01
fold1,3,2,front_beta,54.5398074880214,4.440892098500626e-16,604,0.01
fold1,3,2,front_yaw,36.14919659332719,4.440892098500626e-16,604,0.01
fold1,3,2,rear_beta,9.595959595959595,4.440892098500626e-16,604,0.01
fold1,3,2,rear_yaw,30.17355414827013,4.440892098500626e-16,604,0.01
fold1,3,2,front_decay,0.832759929408023,4.440892098500626e-16,604,0.01
fold1,3,2,rear_decay,0.5465024379567607,4.440892098500626e-16,604,0.01
fold1,3,2,actuator_rate,6.963319521900343,4.440892098500626e-16,604,0.01
fold1,4,0,yaw_front,0.6425428344268571,4.440892098500626e-16,604,0.01
fold1,4,0,yaw_rear,4.770984027383903,4.440892098500626e-16,604,0.01
fold1,4,0,front_beta,60.20158979560746,4.440892098500626e-16,604,0.01
fold1,4,0,front_yaw,22.469858597353326,4.440892098500626e-16,604,0.01
fold1,4,0,rear_beta,9.59595959595959,4.440892098500626e-16,604,0.01
fold1,4,0,rear_yaw,26.594183910352463,4.440892098500626e-16,604,0.01
fold1,4,0,front_decay,0.8019892683878813,4.440892098500626e-16,604,0.01
fold1,4,0,rear_decay,0.7798563422841792,4.440892098500626e-16,604,0.01
fold1,4,0,actuator_rate,7.57004639596265,4.440892098500626e-16,604,0.01
fold1,4,1,yaw_front,0.8021784411056719,0.0,604,0.01
fold1,4,1,yaw_rear,0.9199082141281196,0.0,604,0.01
fold1,4,1,front_beta,234.96823646449104,0.0,604,0.01
fold1,4,1,front_yaw,317.15100068508355,0.0,604,0.01
fold1,4,1,rear_beta,157.14297445449944,0.0,604,0.01
fold1,4,1,rear_yaw,243.2346312291384,0.0,604,0.01
fold1,4,1,front_decay,3.1667496204956604,0.0,604,0.01
fold1,4,1,rear_decay,2.1647504436628355,0.0,604,0.01
fold1,4,1,actuator_rate,14.981402585130269,0.0,604,0.01
fold1,4,2,yaw_front,0.6113325981096985,0.0,604,0.01
fold1,4,2,yaw_rear,4.908311046550785,0.0,604,0.01
fold1,4,2,front_beta,47.764120525459205,0.0,604,0.01
fold1,4,2,front_yaw,14.425345550679294,0.0,604,0.01
fold1,4,2,rear_beta,9.595959595959595,0.0,604,0.01
fold1,4,2,rear_yaw,23.26844563841273,0.0,604,0.01
fold1,4,2,front_decay,0.7127149077234485,0.0,604,0.01
fold1,4,2,rear_decay,0.8068779710685344,0.0,604,0.01
fold1,4,2,actuator_rate,7.070729009474879,0.0,604,0.01
fold1,5,0,yaw_front,0.6425428344268571,4.440892098500626e-16,604,0.01
fold1,5,0,yaw_rear,4.770984027383903,4.440892098500626e-16,604,0.01
fold1,5,0,front_beta,60.20158979560746,4.440892098500626e-16,604,0.01
fold1,5,0,front_yaw,22.469858597353326,4.440892098500626e-16,604,0.01
fold1,5,0,rear_beta,9.59595959595959,4.440892098500626e-16,604,0.01
fold1,5,0,rear_yaw,26.594183910352463,4.440892098500626e-16,604,0.01
fold1,5,0,front_decay,0.8019892683878813,4.440892098500626e-16,604,0.01
fold1,5,0,rear_decay,0.7798563422841792,4.440892098500626e-16,604,0.01
fold1,5,0,actuator_rate,7.57004639596265,4.440892098500626e-16,604,0.01
fold1,5,1,yaw_front,0.5323809313318715,4.440892098500626e-16,604,0.01
fold1,5,1,yaw_rear,3.0964707858839264,4.440892098500626e-16,604,0.01
fold1,5,1,front_beta,49.58947028212702,4.440892098500626e-16,604,0.01
fold1,5,1,front_yaw,24.609297531620268,4.440892098500626e-16,604,0.01
fold1,5,1,rear_beta,9.595959595959595,4.440892098500626e-16,604,0.01
fold1,5,1,rear_yaw,27.697632833419465,4.440892098500626e-16,604,0.01
fold1,5,1,front_decay,0.8156796069112173,4.440892098500626e-16,604,0.01
fold1,5,1,rear_decay,0.628001748994032,4.440892098500626e-16,604,0.01
fold1,5,1,actuator_rate,6.691297889927728,4.440892098500626e-16,604,0.01
fold1,5,2,yaw_front,0.6854709117564745,1.3322676295501878e-15,604,0.01
fold1,5,2,yaw_rear,6.189734896849122,1.3322676295501878e-15,604,0.01
fold1,5,2,front_beta,72.94349689086201,1.3322676295501878e-15,604,0.01
fold1,5,2,front_yaw,21.822994118089284,1.3322676295501878e-15,604,0.01
fold1,5,2,rear_beta,9.595959595959595,1.3322676295501878e-15,604,0.01
fold1,5,2,rear_yaw,25.92383124149334,1.3322676295501878e-15,604,0.01
fold1,5,2,front_decay,0.8601717752090255,1.3322676295501878e-15,604,0.01
fold1,5,2,rear_decay,0.8857061336119553,1.3322676295501878e-15,604,0.01
fold1,5,2,actuator_rate,11.139864206759423,1.3322676295501878e-15,604,0.01
full,0,0,yaw_front,0.6578825407002512,4.440892098500626e-16,604,0.01
full,0,0,yaw_rear,4.215486390502851,4.440892098500626e-16,604,0.01
full,0,0,front_beta,56.166782505324605,4.440892098500626e-16,604,0.01
full,0,0,front_yaw,24.39602381406849,4.440892098500626e-16,604,0.01
full,0,0,rear_beta,9.595959595959595,4.440892098500626e-16,604,0.01
full,0,0,rear_yaw,26.707131432894688,4.440892098500626e-16,604,0.01
full,0,0,front_decay,0.789486415754589,4.440892098500626e-16,604,0.01
full,0,0,rear_decay,0.7048111292560397,4.440892098500626e-16,604,0.01
full,0,0,actuator_rate,7.292199018279335,4.440892098500626e-16,604,0.01
full,0,1,yaw_front,0.6652930677339257,8.881784197001252e-16,604,0.01
full,0,1,yaw_rear,0.8911793933628382,8.881784197001252e-16,604,0.01
full,0,1,front_beta,58.953098784086094,8.881784197001252e-16,604,0.01
full,0,1,front_yaw,70.82427847289264,8.881784197001252e-16,604,0.01
full,0,1,rear_beta,50.51276306626835,8.881784197001252e-16,604,0.01
full,0,1,rear_yaw,81.28843896141323,8.881784197001252e-16,604,0.01
full,0,1,front_decay,1.4286304632307631,8.881784197001252e-16,604,0.01
full,0,1,rear_decay,1.0173143026118192,8.881784197001252e-16,604,0.01
full,0,1,actuator_rate,5.7983005305287865,8.881784197001252e-16,604,0.01
full,0,2,yaw_front,0.7681954810083372,4.440892098500626e-16,604,0.01
full,0,2,yaw_rear,6.302328446639953,4.440892098500626e-16,604,0.01
full,0,2,front_beta,62.67621720880481,4.440892098500626e-16,604,0.01
full,0,2,front_yaw,21.03614577177261,4.440892098500626e-16,604,0.01
full,0,2,rear_beta,9.5959595959596,4.440892098500626e-16,604,0.01
full,0,2,rear_yaw,26.422937046449043,4.440892098500626e-16,604,0.01
full,0,2,front_decay,0.7988878410228152,4.440892098500626e-16,604,0.01
full,0,2,rear_decay,0.8684197283406503,4.440892098500626e-16,604,0.01
full,0,2,actuator_rate,10.875095960242447,4.440892098500626e-16,604,0.01
full,1,0,yaw_front,0.6578825407002512,4.440892098500626e-16,604,0.01
full,1,0,yaw_rear,4.215486390502851,4.440892098500626e-16,604,0.01
full,1,0,front_beta,56.166782505324605,4.440892098500626e-16,604,0.01
full,1,0,front_yaw,24.39602381406849,4.440892098500626e-16,604,0.01
full,1,0,rear_beta,9.595959595959595,4.440892098500626e-16,604,0.01
full,1,0,rear_yaw,26.707131432894688,4.440892098500626e-16,604,0.01
full,1,0,front_decay,0.789486415754589,4.440892098500626e-16,604,0.01
full,1,0,rear_decay,0.7048111292560397,4.440892098500626e-16,604,0.01
full,1,0,actuator_rate,7.292199018279335,4.440892098500626e-16,604,0.01
full,1,1,yaw_front,0.6652935016779545,1.7763568394002505e-15,604,0.01
full,1,1,yaw_rear,0.8911791111836994,1.7763568394002505e-15,604,0.01
full,1,1,front_beta,58.95298983400609,1.7763568394002505e-15,604,0.01
full,1,1,front_yaw,70.8241953309542,1.7763568394002505e-15,604,0.01
full,1,1,rear_beta,50.51275743369302,1.7763568394002505e-15,604,0.01
full,1,1,rear_yaw,81.28840593877658,1.7763568394002505e-15,604,0.01
full,1,1,front_decay,1.428628411884511,1.7763568394002505e-15,604,0.01
full,1,1,rear_decay,1.0173136799024884,1.7763568394002505e-15,604,0.01
full,1,1,actuator_rate,5.79830119642564,1.7763568394002505e-15,604,0.01
full,1,2,yaw_front,0.7681955745474732,8.881784197001252e-16,604,0.01
full,1,2,yaw_rear,6.302334029818858,8.881784197001252e-16,604,0.01
full,1,2,front_beta,62.67623305386135,8.881784197001252e-16,604,0.01
full,1,2,front_yaw,21.03613400179944,8.881784197001252e-16,604,0.01
full,1,2,rear_beta,9.5959595959596,8.881784197001252e-16,604,0.01
full,1,2,rear_yaw,26.4229357730274,8.881784197001252e-16,604,0.01
full,1,2,front_decay,0.7988880379365565,8.881784197001252e-16,604,0.01
full,1,2,rear_decay,0.8684203607482636,8.881784197001252e-16,604,0.01
full,1,2,actuator_rate,10.87509545314635,8.881784197001252e-16,604,0.01
full,2,0,yaw_front,0.6578825407002512,4.440892098500626e-16,604,0.01
full,2,0,yaw_rear,4.215486390502851,4.440892098500626e-16,604,0.01
full,2,0,front_beta,56.166782505324605,4.440892098500626e-16,604,0.01
full,2,0,front_yaw,24.39602381406849,4.440892098500626e-16,604,0.01
full,2,0,rear_beta,9.595959595959595,4.440892098500626e-16,604,0.01
full,2,0,rear_yaw,26.707131432894688,4.440892098500626e-16,604,0.01
full,2,0,front_decay,0.789486415754589,4.440892098500626e-16,604,0.01
full,2,0,rear_decay,0.7048111292560397,4.440892098500626e-16,604,0.01
full,2,0,actuator_rate,7.292199018279335,4.440892098500626e-16,604,0.01
full,2,1,yaw_front,0.7681956019406568,0.0,604,0.01
full,2,1,yaw_rear,6.302335627583775,0.0,604,0.01
full,2,1,front_beta,62.67623290505392,0.0,604,0.01
full,2,1,front_yaw,21.03612839302075,0.0,604,0.01
full,2,1,rear_beta,9.5959595959596,0.0,604,0.01
full,2,1,rear_yaw,26.42293454723201,0.0,604,0.01
full,2,1,front_decay,0.7988880241577223,0.0,604,0.01
full,2,1,rear_decay,0.8684205120166567,0.0,604,0.01
full,2,1,actuator_rate,10.875095867010035,0.0,604,0.01
full,2,2,yaw_front,0.6652935930622321,8.881784197001252e-16,604,0.01
full,2,2,yaw_rear,0.8911796357618218,8.881784197001252e-16,604,0.01
full,2,2,front_beta,58.9529881797,8.881784197001252e-16,604,0.01
full,2,2,front_yaw,70.82416135235862,8.881784197001252e-16,604,0.01
full,2,2,rear_beta,50.512820995490806,8.881784197001252e-16,604,0.01
full,2,2,rear_yaw,81.28850819206902,8.881784197001252e-16,604,0.01
full,2,2,front_decay,1.4286282852089305,8.881784197001252e-16,604,0.01
full,2,2,rear_decay,1.0173153912592257,8.881784197001252e-16,604,0.01
full,2,2,actuator_rate,5.798300670187003,8.881784197001252e-16,604,0.01
full,3,0,yaw_front,0.6578825407002512,4.440892098500626e-16,604,0.01
full,3,0,yaw_rear,4.215486390502851,4.440892098500626e-16,604,0.01
full,3,0,front_beta,56.166782505324605,4.440892098500626e-16,604,0.01
full,3,0,front_yaw,24.39602381406849,4.440892098500626e-16,604,0.01
full,3,0,rear_beta,9.595959595959595,4.440892098500626e-16,604,0.01
full,3,0,rear_yaw,26.707131432894688,4.440892098500626e-16,604,0.01
full,3,0,front_decay,0.789486415754589,4.440892098500626e-16,604,0.01
full,3,0,rear_decay,0.7048111292560397,4.440892098500626e-16,604,0.01
full,3,0,actuator_rate,7.292199018279335,4.440892098500626e-16,604,0.01
full,3,1,yaw_front,0.7681958585576469,0.0,604,0.01
full,3,1,yaw_rear,6.302339328465691,0.0,604,0.01
full,3,1,front_beta,62.676206514217824,0.0,604,0.01
full,3,1,front_yaw,21.0361144980267,0.0,604,0.01
full,3,1,rear_beta,9.595959595959595,0.0,604,0.01
full,3,1,rear_yaw,26.42293490943959,0.0,604,0.01
full,3,1,front_decay,0.7988876787859228,0.0,604,0.01
full,3,1,rear_decay,0.868420756365964,0.0,604,0.01
full,3,1,actuator_rate,10.875095918675775,0.0,604,0.01
full,3,2,yaw_front,0.665293620779602,0.0,604,0.01
full,3,2,yaw_rear,0.8911794242312879,0.0,604,0.01
full,3,2,front_beta,58.95295483599358,0.0,604,0.01
full,3,2,front_yaw,70.82414443672478,0.0,604,0.01
full,3,2,rear_beta,50.5127771054176,0.0,604,0.01
full,3,2,rear_yaw,81.28844144173812,0.0,604,0.01
full,3,2,front_decay,1.4286275406508135,0.0,604,0.01
full,3,2,rear_decay,1.0173142852535444,0.0,604,0.01
full,3,2,actuator_rate,5.798300888225386,0.0,604,0.01
full,4,0,yaw_front,0.6578825407002512,4.440892098500626e-16,604,0.01
full,4,0,yaw_rear,4.215486390502851,4.440892098500626e-16,604,0.01
full,4,0,front_beta,56.166782505324605,4.440892098500626e-16,604,0.01
full,4,0,front_yaw,24.39602381406849,4.440892098500626e-16,604,0.01
full,4,0,rear_beta,9.595959595959595,4.440892098500626e-16,604,0.01
full,4,0,rear_yaw,26.707131432894688,4.440892098500626e-16,604,0.01
full,4,0,front_decay,0.789486415754589,4.440892098500626e-16,604,0.01
full,4,0,rear_decay,0.7048111292560397,4.440892098500626e-16,604,0.01
full,4,0,actuator_rate,7.292199018279335,4.440892098500626e-16,604,0.01
full,4,1,yaw_front,0.6652933712777436,8.881784197001252e-16,604,0.01
full,4,1,yaw_rear,0.8911793885054274,8.881784197001252e-16,604,0.01
full,4,1,front_beta,58.95298262298424,8.881784197001252e-16,604,0.01
full,4,1,front_yaw,70.82416817273122,8.881784197001252e-16,604,0.01
full,4,1,rear_beta,50.51273308019038,8.881784197001252e-16,604,0.01
full,4,1,rear_yaw,81.28838674835116,8.881784197001252e-16,604,0.01
full,4,1,front_decay,1.4286279727143814,8.881784197001252e-16,604,0.01
full,4,1,rear_decay,1.0173135471751704,8.881784197001252e-16,604,0.01
full,4,1,actuator_rate,5.798300872210563,8.881784197001252e-16,604,0.01
full,4,2,yaw_front,0.7681956929913873,8.881784197001252e-16,604,0.01
full,4,2,yaw_rear,6.302335226470454,8.881784197001252e-16,604,0.01
full,4,2,front_beta,62.676211809523146,8.881784197001252e-16,604,0.01
full,4,2,front_yaw,21.03612552385118,8.881784197001252e-16,604,0.01
full,4,2,rear_beta,9.595959595959595,8.881784197001252e-16,604,0.01
full,4,2,rear_yaw,26.42293502327746,8.881784197001252e-16,604,0.01
full,4,2,front_decay,0.7988877545199602,8.881784197001252e-16,604,0.01
full,4,2,rear_decay,0.8684203741866121,8.881784197001252e-16,604,0.01
full,4,2,actuator_rate,10.875096001844888,8.881784197001252e-16,604,0.01
full,5,0,yaw_front,0.6578825407002512,4.440892098500626e-16,604,0.01
full,5,0,yaw_rear,4.215486390502851,4.440892098500626e-16,604,0.01
full,5,0,front_beta,56.166782505324605,4.440892098500626e-16,604,0.01
full,5,0,front_yaw,24.39602381406849,4.440892098500626e-16,604,0.01
full,5,0,rear_beta,9.595959595959595,4.440892098500626e-16,604,0.01
full,5,0,rear_yaw,26.707131432894688,4.440892098500626e-16,604,0.01
full,5,0,front_decay,0.789486415754589,4.440892098500626e-16,604,0.01
full,5,0,rear_decay,0.7048111292560397,4.440892098500626e-16,604,0.01
full,5,0,actuator_rate,7.292199018279335,4.440892098500626e-16,604,0.01
full,5,1,yaw_front,0.6652934338176006,8.881784197001252e-16,604,0.01
full,5,1,yaw_rear,0.8911793788339135,8.881784197001252e-16,604,0.01
full,5,1,front_beta,58.95297217235938,8.881784197001252e-16,604,0.01
full,5,1,front_yaw,70.8241594943086,8.881784197001252e-16,604,0.01
full,5,1,rear_beta,50.51273786908007,8.881784197001252e-16,604,0.01
full,5,1,rear_yaw,81.2883903807575,8.881784197001252e-16,604,0.01
full,5,1,front_decay,1.4286277710549982,8.881784197001252e-16,604,0.01
full,5,1,rear_decay,1.017313571871724,8.881784197001252e-16,604,0.01
full,5,1,actuator_rate,5.798300961121827,8.881784197001252e-16,604,0.01
full,5,2,yaw_front,0.7681957167831777,8.881784197001252e-16,604,0.01
full,5,2,yaw_rear,6.30233708403626,8.881784197001252e-16,604,0.01
full,5,2,front_beta,62.67621853360164,8.881784197001252e-16,604,0.01
full,5,2,front_yaw,21.036121787313675,8.881784197001252e-16,604,0.01
full,5,2,rear_beta,9.595959595959595,8.881784197001252e-16,604,0.01
full,5,2,rear_yaw,26.42293446479777,8.881784197001252e-16,604,0.01
full,5,2,front_decay,0.7988878400946117,8.881784197001252e-16,604,0.01
full,5,2,rear_decay,0.8684205931984943,8.881784197001252e-16,604,0.01
full,5,2,actuator_rate,10.875095767863115,8.881784197001252e-16,604,0.01
fold0,0,0,yaw_front,0.6060814471276681,1.3322676295501878e-15,604,1.0
fold0,0,0,yaw_rear,0.9711503249664192,1.3322676295501878e-15,604,1.0
fold0,0,0,front_beta,77.72360152889154,1.3322676295501878e-15,604,1.0
fold0,0,0,front_yaw,90.20238879998762,1.3322676295501878e-15,604,1.0
fold0,0,0,rear_beta,23.260448322213136,1.3322676295501878e-15,604,1.0
fold0,0,0,rear_yaw,43.255234753074696,1.3322676295501878e-15,604,1.0
fold0,0,0,front_decay,1.618406275649474,1.3322676295501878e-15,604,1.0
fold0,0,0,rear_decay,0.54789927418151,1.3322676295501878e-15,604,1.0
fold0,0,0,actuator_rate,9.08549374154991,1.3322676295501878e-15,604,1.0
fold0,0,1,yaw_front,0.8441920571038589,8.881784197001252e-16,604,1.0
fold0,0,1,yaw_rear,1.1575746575795716,8.881784197001252e-16,604,1.0
fold0,0,1,front_beta,96.36249053374706,8.881784197001252e-16,604,1.0
fold0,0,1,front_yaw,109.47910485152195,8.881784197001252e-16,604,1.0
fold0,0,1,rear_beta,54.63814826039901,8.881784197001252e-16,604,1.0
fold0,0,1,rear_yaw,85.1190842713718,8.881784197001252e-16,604,1.0
fold0,0,1,front_decay,1.930195785678542,8.881784197001252e-16,604,1.0
fold0,0,1,rear_decay,1.1155682978251509,8.881784197001252e-16,604,1.0
fold0,0,1,actuator_rate,15.378715854723868,8.881784197001252e-16,604,1.0
fold0,0,2,yaw_front,0.708107917877603,8.881784197001252e-16,604,1.0
fold0,0,2,yaw_rear,0.9641665600767813,8.881784197001252e-16,604,1.0
fold0,0,2,front_beta,61.35844179131066,8.881784197001252e-16,604,1.0
fold0,0,2,front_yaw,72.79692855549051,8.881784197001252e-16,604,1.0
fold0,0,2,rear_beta,39.48042173245095,8.881784197001252e-16,604,1.0
fold0,0,2,rear_yaw,63.77832824830134,8.881784197001252e-16,604,1.0
fold0,0,2,front_decay,1.6893770295365749,8.881784197001252e-16,604,1.0
fold0,0,2,rear_decay,0.975303163458532,8.881784197001252e-16,604,1.0
fold0,0,2,actuator_rate,6.6236410739980895,8.881784197001252e-16,604,1.0
fold0,1,0,yaw_front,0.6060814471276681,1.3322676295501878e-15,604,1.0
fold0,1,0,yaw_rear,0.9711503249664192,1.3322676295501878e-15,604,1.0
fold0,1,0,front_beta,77.72360152889154,1.3322676295501878e-15,604,1.0
fold0,1,0,front_yaw,90.20238879998762,1.3322676295501878e-15,604,1.0
fold0,1,0,rear_beta,23.260448322213136,1.3322676295501878e-15,604,1.0
fold0,1,0,rear_yaw,43.255234753074696,1.3322676295501878e-15,604,1.0
fold0,1,0,front_decay,1.618406275649474,1.3322676295501878e-15,604,1.0
fold0,1,0,rear_decay,0.54789927418151,1.3322676295501878e-15,604,1.0
fold0,1,0,actuator_rate,9.08549374154991,1.3322676295501878e-15,604,1.0
fold0,1,1,yaw_front,0.7081079105616686,8.881784197001252e-16,604,1.0
fold0,1,1,yaw_rear,0.9641667276085184,8.881784197001252e-16,604,1.0
fold0,1,1,front_beta,61.3583760926426,8.881784197001252e-16,604,1.0
fold0,1,1,front_yaw,72.79685314836692,8.881784197001252e-16,604,1.0
fold0,1,1,rear_beta,39.48040925648721,8.881784197001252e-16,604,1.0
fold0,1,1,rear_yaw,63.77832205961458,8.881784197001252e-16,604,1.0
fold0,1,1,front_decay,1.6893749126173194,8.881784197001252e-16,604,1.0
fold0,1,1,rear_decay,0.9753028971267172,8.881784197001252e-16,604,1.0
fold0,1,1,actuator_rate,6.623640607247264,8.881784197001252e-16,604,1.0
fold0,1,2,yaw_front,0.8441920704262144,8.881784197001252e-16,604,1.0
fold0,1,2,yaw_rear,1.1575747790676425,8.881784197001252e-16,604,1.0
fold0,1,2,front_beta,96.36247900826451,8.881784197001252e-16,604,1.0
fold0,1,2,front_yaw,109.479088024543,8.881784197001252e-16,604,1.0
fold0,1,2,rear_beta,54.63815000955174,8.881784197001252e-16,604,1.0
fold0,1,2,rear_yaw,85.11909168420932,8.881784197001252e-16,604,1.0
fold0,1,2,front_decay,1.9301954703386428,8.881784197001252e-16,604,1.0
fold0,1,2,rear_decay,1.1155684070140996,8.881784197001252e-16,604,1.0
fold0,1,2,actuator_rate,15.378715800391696,8.881784197001252e-16,604,1.0
fold0,2,0,yaw_front,0.6060814471276681,1.3322676295501878e-15,604,1.0
fold0,2,0,yaw_rear,0.9711503249664192,1.3322676295501878e-15,604,1.0
fold0,2,0,front_beta,77.72360152889154,1.3322676295501878e-15,604,1.0
fold0,2,0,front_yaw,90.20238879998762,1.3322676295501878e-15,604,1.0
fold0,2,0,rear_beta,23.260448322213136,1.3322676295501878e-15,604,1.0
fold0,2,0,rear_yaw,43.255234753074696,1.3322676295501878e-15,604,1.0
fold0,2,0,front_decay,1.618406275649474,1.3322676295501878e-15,604,1.0
fold0,2,0,rear_decay,0.54789927418151,1.3322676295501878e-15,604,1.0
fold0,2,0,actuator_rate,9.08549374154991,1.3322676295501878e-15,604,1.0
fold0,2,1,yaw_front,0.8441921380895476,1.7763568394002505e-15,604,1.0
fold0,2,1,yaw_rear,1.1575748397491774,1.7763568394002505e-15,604,1.0
fold0,2,1,front_beta,96.36248642683,1.7763568394002505e-15,604,1.0
fold0,2,1,front_yaw,109.4790921004937,1.7763568394002505e-15,604,1.0
fold0,2,1,rear_beta,54.63815104407195,1.7763568394002505e-15,604,1.0
fold0,2,1,rear_yaw,85.1190875515138,1.7763568394002505e-15,604,1.0
fold0,2,1,front_decay,1.9301957038459183,1.7763568394002505e-15,604,1.0
fold0,2,1,rear_decay,1.1155683807277044,1.7763568394002505e-15,604,1.0
fold0,2,1,actuator_rate,15.378716862735486,1.7763568394002505e-15,604,1.0
fold0,2,2,yaw_front,0.7081074279426063,0.0,604,1.0
fold0,2,2,yaw_rear,0.9641665909439038,0.0,604,1.0
fold0,2,2,front_beta,61.35835509479506,0.0,604,1.0
fold0,2,2,front_yaw,72.79681204627852,0.0,604,1.0
fold0,2,2,rear_beta,39.48034127376819,0.0,604,1.0
fold0,2,2,rear_yaw,63.77823248198912,0.0,604,1.0
fold0,2,2,front_decay,1.6893737840724257,0.0,604,1.0
fold0,2,2,rear_decay,0.9753013325148374,0.0,604,1.0
fold0,2,2,actuator_rate,6.6236418433977935,0.0,604,1.0
fold0,3,0,yaw_front,0.6060814471276681,1.3322676295501878e-15,604,1.0
fold0,3,0,yaw_rear,0.9711503249664192,1.3322676295501878e-15,604,1.0
fold0,3,0,front_beta,77.72360152889154,1.3322676295501878e-15,604,1.0
fold0,3,0,front_yaw,90.20238879998762,1.3322676295501878e-15,604,1.0
fold0,3,0,rear_beta,23.260448322213136,1.3322676295501878e-15,604,1.0
fold0,3,0,rear_yaw,43.255234753074696,1.3322676295501878e-15,604,1.0
fold0,3,0,front_decay,1.618406275649474,1.3322676295501878e-15,604,1.0
fold0,3,0,rear_decay,0.54789927418151,1.3322676295501878e-15,604,1.0
fold0,3,0,actuator_rate,9.08549374154991,1.3322676295501878e-15,604,1.0
fold0,3,1,yaw_front,0.8441921023878517,0.0,604,1.0
fold0,3,1,yaw_rear,1.157574748873249,0.0,604,1.0
fold0,3,1,front_beta,96.36250037349365,0.0,604,1.0
fold0,3,1,front_yaw,109.47911250725684,0.0,604,1.0
fold0,3,1,rear_beta,54.63815816880147,0.0,604,1.0
fold0,3,1,rear_yaw,85.11909911506206,0.0,604,1.0
fold0,3,1,front_decay,1.930196022888879,0.0,604,1.0
fold0,3,1,rear_decay,1.1155685629667365,0.0,604,1.0
fold0,3,1,actuator_rate,15.378715794872138,0.0,604,1.0
fold0,3,2,yaw_front,0.7081079182653123,0.0,604,1.0
fold0,3,2,yaw_rear,0.9641664304688792,0.0,604,1.0
fold0,3,2,front_beta,61.35847578851556,0.0,604,1.0
fold0,3,2,front_yaw,72.79697163745743,0.0,604,1.0
fold0,3,2,rear_beta,39.48042147593223,0.0,604,1.0
fold0,3,2,rear_yaw,63.77832163226133,0.0,604,1.0
fold0,3,2,front_decay,1.689378091229468,0.0,604,1.0
fold0,3,2,rear_decay,0.9753031117857524,0.0,604,1.0
fold0,3,2,actuator_rate,6.623640532565701,0.0,604,1.0
fold0,4,0,yaw_front,0.6060814471276681,1.3322676295501878e-15,604,1.0
fold0,4,0,yaw_rear,0.9711503249664192,1.3322676295501878e-15,604,1.0
fold0,4,0,front_beta,77.72360152889154,1.3322676295501878e-15,604,1.0
fold0,4,0,front_yaw,90.20238879998762,1.3322676295501878e-15,604,1.0
fold0,4,0,rear_beta,23.260448322213136,1.3322676295501878e-15,604,1.0
fold0,4,0,rear_yaw,43.255234753074696,1.3322676295501878e-15,604,1.0
fold0,4,0,front_decay,1.618406275649474,1.3322676295501878e-15,604,1.0
fold0,4,0,rear_decay,0.54789927418151,1.3322676295501878e-15,604,1.0
fold0,4,0,actuator_rate,9.08549374154991,1.3322676295501878e-15,604,1.0
fold0,4,1,yaw_front,0.7081080485902845,8.881784197001252e-16,604,1.0
fold0,4,1,yaw_rear,0.9641668511523528,8.881784197001252e-16,604,1.0
fold0,4,1,front_beta,61.35840573228293,8.881784197001252e-16,604,1.0
fold0,4,1,front_yaw,72.796880957528,8.881784197001252e-16,604,1.0
fold0,4,1,rear_beta,39.480443524202805,8.881784197001252e-16,604,1.0
fold0,4,1,rear_yaw,63.77836671270601,8.881784197001252e-16,604,1.0
fold0,4,1,front_decay,1.689375945106434,8.881784197001252e-16,604,1.0
fold0,4,1,rear_decay,0.975303826078988,8.881784197001252e-16,604,1.0
fold0,4,1,actuator_rate,6.6236409687939535,8.881784197001252e-16,604,1.0
fold0,4,2,yaw_front,0.8441921547515383,0.0,604,1.0
fold0,4,2,yaw_rear,1.1575749847766672,0.0,604,1.0
fold0,4,2,front_beta,96.3624764885602,0.0,604,1.0
fold0,4,2,front_yaw,109.47907631424526,0.0,604,1.0
fold0,4,2,rear_beta,54.63817029370201,0.0,604,1.0
fold0,4,2,rear_yaw,85.11912302911765,0.0,604,1.0
fold0,4,2,front_decay,1.9301954056353288,0.0,604,1.0
fold0,4,2,rear_decay,1.115568909193447,0.0,604,1.0
fold0,4,2,actuator_rate,15.37871590305929,0.0,604,1.0
fold0,5,0,yaw_front,0.6060814471276681,1.3322676295501878e-15,604,1.0
fold0,5,0,yaw_rear,0.9711503249664192,1.3322676295501878e-15,604,1.0
fold0,5,0,front_beta,77.72360152889154,1.3322676295501878e-15,604,1.0
fold0,5,0,front_yaw,90.20238879998762,1.3322676295501878e-15,604,1.0
fold0,5,0,rear_beta,23.260448322213136,1.3322676295501878e-15,604,1.0
fold0,5,0,rear_yaw,43.255234753074696,1.3322676295501878e-15,604,1.0
fold0,5,0,front_decay,1.618406275649474,1.3322676295501878e-15,604,1.0
fold0,5,0,rear_decay,0.54789927418151,1.3322676295501878e-15,604,1.0
fold0,5,0,actuator_rate,9.08549374154991,1.3322676295501878e-15,604,1.0
fold0,5,1,yaw_front,0.7081080067863275,8.881784197001252e-16,604,1.0
fold0,5,1,yaw_rear,0.964166653535806,8.881784197001252e-16,604,1.0
fold0,5,1,front_beta,61.35844624226051,8.881784197001252e-16,604,1.0
fold0,5,1,front_yaw,72.79693180273398,8.881784197001252e-16,604,1.0
fold0,5,1,rear_beta,39.48043763967655,8.881784197001252e-16,604,1.0
fold0,5,1,rear_yaw,63.77835033826271,8.881784197001252e-16,604,1.0
fold0,5,1,front_decay,1.6893772333544437,8.881784197001252e-16,604,1.0
fold0,5,1,rear_decay,0.9753035976389088,8.881784197001252e-16,604,1.0
fold0,5,1,actuator_rate,6.623641102227573,8.881784197001252e-16,604,1.0
fold0,5,2,yaw_front,0.8441920318005269,8.881784197001252e-16,604,1.0
fold0,5,2,yaw_rear,1.157574701875478,8.881784197001252e-16,604,1.0
fold0,5,2,front_beta,96.36245337961265,8.881784197001252e-16,604,1.0
fold0,5,2,front_yaw,109.4790621974146,8.881784197001252e-16,604,1.0
fold0,5,2,rear_beta,54.63813849795533,8.881784197001252e-16,604,1.0
fold0,5,2,rear_yaw,85.11907452709559,8.881784197001252e-16,604,1.0
fold0,5,2,front_decay,1.9301948981442347,8.881784197001252e-16,604,1.0
fold0,5,2,rear_decay,1.1155680985742782,8.881784197001252e-16,604,1.0
fold0,5,2,actuator_rate,15.378716107505458,8.881784197001252e-16,604,1.0
fold1,0,0,yaw_front,0.4287043822355604,0.0,604,1.0
fold1,0,0,yaw_rear,0.9905660999951724,0.0,604,1.0
fold1,0,0,front_beta,61.752828173199134,0.0,604,1.0
fold1,0,0,front_yaw,77.18632703479983,0.0,604,1.0
fold1,0,0,rear_beta,9.595959595959595,0.0,604,1.0
fold1,0,0,rear_yaw,27.713888909306466,0.0,604,1.0
fold1,0,0,front_decay,1.0157995011451484,0.0,604,1.0
fold1,0,0,rear_decay,0.319343316635958,0.0,604,1.0
fold1,0,0,actuator_rate,10.601542991918082,0.0,604,1.0
fold1,0,1,yaw_front,0.5081071759841612,8.881784197001252e-16,604,1.0
fold1,0,1,yaw_rear,0.9503496131343112,8.881784197001252e-16,604,1.0
fold1,0,1,front_beta,59.580849270228086,8.881784197001252e-16,604,1.0
fold1,0,1,front_yaw,88.78171393946191,8.881784197001252e-16,604,1.0
fold1,0,1,rear_beta,15.10552202468974,8.881784197001252e-16,604,1.0
fold1,0,1,rear_yaw,42.09985961981283,8.881784197001252e-16,604,1.0
fold1,0,1,front_decay,1.132616949582053,8.881784197001252e-16,604,1.0
fold1,0,1,rear_decay,0.3972423248704423,8.881784197001252e-16,604,1.0
fold1,0,1,actuator_rate,8.432635368249668,8.881784197001252e-16,604,1.0
fold1,0,2,yaw_front,0.504405061455002,8.881784197001252e-16,604,1.0
fold1,0,2,yaw_rear,0.7306628229865755,8.881784197001252e-16,604,1.0
fold1,0,2,front_beta,74.29593908304601,8.881784197001252e-16,604,1.0
fold1,0,2,front_yaw,97.23690973770908,8.881784197001252e-16,604,1.0
fold1,0,2,rear_beta,15.997357613754463,8.881784197001252e-16,604,1.0
fold1,0,2,rear_yaw,30.32856762791723,8.881784197001252e-16,604,1.0
fold1,0,2,front_decay,1.27648259890637,8.881784197001252e-16,604,1.0
fold1,0,2,rear_decay,0.3418583452514106,8.881784197001252e-16,604,1.0
fold1,0,2,actuator_rate,17.136470729013233,8.881784197001252e-16,604,1.0
fold1,1,0,yaw_front,0.4287043822355604,0.0,604,1.0
fold1,1,0,yaw_rear,0.9905660999951724,0.0,604,1.0
fold1,1,0,front_beta,61.752828173199134,0.0,604,1.0
fold1,1,0,front_yaw,77.18632703479983,0.0,604,1.0
fold1,1,0,rear_beta,9.595959595959595,0.0,604,1.0
fold1,1,0,rear_yaw,27.713888909306466,0.0,604,1.0
fold1,1,0,front_decay,1.0157995011451484,0.0,604,1.0
fold1,1,0,rear_decay,0.319343316635958,0.0,604,1.0
fold1,1,0,actuator_rate,10.601542991918082,0.0,604,1.0
fold1,1,1,yaw_front,0.4830044340465903,4.440892098500626e-16,604,1.0
fold1,1,1,yaw_rear,0.9172509504400032,4.440892098500626e-16,604,1.0
fold1,1,1,front_beta,54.65018603061496,4.440892098500626e-16,604,1.0
fold1,1,1,front_yaw,88.11822550380847,4.440892098500626e-16,604,1.0
fold1,1,1,rear_beta,11.602538401849309,4.440892098500626e-16,604,1.0
fold1,1,1,rear_yaw,35.527460522964624,4.440892098500626e-16,604,1.0
fold1,1,1,front_decay,1.0057681487343009,4.440892098500626e-16,604,1.0
fold1,1,1,rear_decay,0.3366672209600667,4.440892098500626e-16,604,1.0
fold1,1,1,actuator_rate,8.916364912248666,4.440892098500626e-16,604,1.0
fold1,1,2,yaw_front,0.8007204733133544,8.881784197001252e-16,604,1.0
fold1,1,2,yaw_rear,0.7970611424891121,8.881784197001252e-16,604,1.0
fold1,1,2,front_beta,93.05979646588722,8.881784197001252e-16,604,1.0
fold1,1,2,front_yaw,136.92123550457623,8.881784197001252e-16,604,1.0
fold1,1,2,rear_beta,43.10199287746954,8.881784197001252e-16,604,1.0
fold1,1,2,rear_yaw,63.12723481671509,8.881784197001252e-16,604,1.0
fold1,1,2,front_decay,1.6753137122173096,8.881784197001252e-16,604,1.0
fold1,1,2,rear_decay,0.6957457368495185,8.881784197001252e-16,604,1.0
fold1,1,2,actuator_rate,18.480260930639005,8.881784197001252e-16,604,1.0
fold1,2,0,yaw_front,0.4287043822355604,0.0,604,1.0
fold1,2,0,yaw_rear,0.9905660999951724,0.0,604,1.0
fold1,2,0,front_beta,61.752828173199134,0.0,604,1.0
fold1,2,0,front_yaw,77.18632703479983,0.0,604,1.0
fold1,2,0,rear_beta,9.595959595959595,0.0,604,1.0
fold1,2,0,rear_yaw,27.713888909306466,0.0,604,1.0
fold1,2,0,front_decay,1.0157995011451484,0.0,604,1.0
fold1,2,0,rear_decay,0.319343316635958,0.0,604,1.0
fold1,2,0,actuator_rate,10.601542991918082,0.0,604,1.0
fold1,2,1,yaw_front,0.8007205991603705,0.0,604,1.0
fold1,2,1,yaw_rear,0.7970616973713659,0.0,604,1.0
fold1,2,1,front_beta,93.05959020168372,0.0,604,1.0
fold1,2,1,front_yaw,136.92090618280565,0.0,604,1.0
fold1,2,1,rear_beta,43.10200867858018,0.0,604,1.0
fold1,2,1,rear_yaw,63.12728007066269,0.0,604,1.0
fold1,2,1,front_decay,1.6753090531904584,0.0,604,1.0
fold1,2,1,rear_decay,0.6957460050921483,0.0,604,1.0
fold1,2,1,actuator_rate,18.480263317594343,0.0,604,1.0
fold1,2,2,yaw_front,0.4830047348807448,4.440892098500626e-16,604,1.0
fold1,2,2,yaw_rear,0.917250776460242,4.440892098500626e-16,604,1.0
fold1,2,2,front_beta,54.65019038286617,4.440892098500626e-16,604,1.0
fold1,2,2,front_yaw,88.11821064738677,4.440892098500626e-16,604,1.0
fold1,2,2,rear_beta,11.602556670736114,4.440892098500626e-16,604,1.0
fold1,2,2,rear_yaw,35.527478777299926,4.440892098500626e-16,604,1.0
fold1,2,2,front_decay,1.0057686731259148,4.440892098500626e-16,604,1.0
fold1,2,2,rear_decay,0.3366675069444098,4.440892098500626e-16,604,1.0
fold1,2,2,actuator_rate,8.916364853592725,4.440892098500626e-16,604,1.0
fold1,3,0,yaw_front,0.4287043822355604,0.0,604,1.0
fold1,3,0,yaw_rear,0.9905660999951724,0.0,604,1.0
fold1,3,0,front_beta,61.752828173199134,0.0,604,1.0
fold1,3,0,front_yaw,77.18632703479983,0.0,604,1.0
fold1,3,0,rear_beta,9.595959595959595,0.0,604,1.0
fold1,3,0,rear_yaw,27.713888909306466,0.0,604,1.0
fold1,3,0,front_decay,1.0157995011451484,0.0,604,1.0
fold1,3,0,rear_decay,0.319343316635958,0.0,604,1.0
fold1,3,0,actuator_rate,10.601542991918082,0.0,604,1.0
fold1,3,1,yaw_front,0.5362105143173955,4.440892098500626e-16,604,1.0
fold1,3,1,yaw_rear,0.9080997011102284,4.440892098500626e-16,604,1.0
fold1,3,1,front_beta,65.02445699556812,4.440892098500626e-16,604,1.0
fold1,3,1,front_yaw,86.53058315715002,4.440892098500626e-16,604,1.0
fold1,3,1,rear_beta,18.906673363844856,4.440892098500626e-16,604,1.0
fold1,3,1,rear_yaw,42.60947908021097,4.440892098500626e-16,604,1.0
fold1,3,1,front_decay,1.3586965082777251,4.440892098500626e-16,604,1.0
fold1,3,1,rear_decay,0.4570393168449765,4.440892098500626e-16,604,1.0
fold1,3,1,actuator_rate,8.622498304309234,4.440892098500626e-16,604,1.0
fold1,3,2,yaw_front,0.4858641382270127,8.881784197001252e-16,604,1.0
fold1,3,2,yaw_rear,0.8403215398063115,8.881784197001252e-16,604,1.0
fold1,3,2,front_beta,75.17606144787848,8.881784197001252e-16,604,1.0
fold1,3,2,front_yaw,89.01994781267342,8.881784197001252e-16,604,1.0
fold1,3,2,rear_beta,14.427568168410016,8.881784197001252e-16,604,1.0
fold1,3,2,rear_yaw,29.548235555488628,8.881784197001252e-16,604,1.0
fold1,3,2,front_decay,1.2095019459000609,8.881784197001252e-16,604,1.0
fold1,3,2,rear_decay,0.3468975939729891,8.881784197001252e-16,604,1.0
fold1,3,2,actuator_rate,18.4802518089502,8.881784197001252e-16,604,1.0
fold1,4,0,yaw_front,0.4287043822355604,0.0,604,1.0
fold1,4,0,yaw_rear,0.9905660999951724,0.0,604,1.0
fold1,4,0,front_beta,61.752828173199134,0.0,604,1.0
fold1,4,0,front_yaw,77.18632703479983,0.0,604,1.0
fold1,4,0,rear_beta,9.595959595959595,0.0,604,1.0
fold1,4,0,rear_yaw,27.713888909306466,0.0,604,1.0
fold1,4,0,front_decay,1.0157995011451484,0.0,604,1.0
fold1,4,0,rear_decay,0.319343316635958,0.0,604,1.0
fold1,4,0,actuator_rate,10.601542991918082,0.0,604,1.0
fold1,4,1,yaw_front,1.247544949839815,8.881784197001252e-16,604,1.0
fold1,4,1,yaw_rear,0.2354169152618637,8.881784197001252e-16,604,1.0
fold1,4,1,front_beta,368.504205494641,8.881784197001252e-16,604,1.0
fold1,4,1,front_yaw,853.9348130041678,8.881784197001252e-16,604,1.0
fold1,4,1,rear_beta,34.01389573010839,8.881784197001252e-16,604,1.0
fold1,4,1,rear_yaw,14.873737373737386,8.881784197001252e-16,604,1.0
fold1,4,1,front_decay,20.000000000000203,8.881784197001252e-16,604,1.0
fold1,4,1,rear_decay,0.2671420098420478,8.881784197001252e-16,604,1.0
fold1,4,1,actuator_rate,15.91572327772691,8.881784197001252e-16,604,1.0
fold1,4,2,yaw_front,0.4745628141489552,8.881784197001252e-16,604,1.0
fold1,4,2,yaw_rear,0.9994933214967529,8.881784197001252e-16,604,1.0
fold1,4,2,front_beta,65.87628475336204,8.881784197001252e-16,604,1.0
fold1,4,2,front_yaw,93.81711090101238,8.881784197001252e-16,604,1.0
fold1,4,2,rear_beta,13.79510533943972,8.881784197001252e-16,604,1.0
fold1,4,2,rear_yaw,41.37749258458431,8.881784197001252e-16,604,1.0
fold1,4,2,front_decay,1.132619957224312,8.881784197001252e-16,604,1.0
fold1,4,2,rear_decay,0.3729970203109065,8.881784197001252e-16,604,1.0
fold1,4,2,actuator_rate,9.22652388176788,8.881784197001252e-16,604,1.0
fold1,5,0,yaw_front,0.4287043822355604,0.0,604,1.0
fold1,5,0,yaw_rear,0.9905660999951724,0.0,604,1.0
fold1,5,0,front_beta,61.752828173199134,0.0,604,1.0
fold1,5,0,front_yaw,77.18632703479983,0.0,604,1.0
fold1,5,0,rear_beta,9.595959595959595,0.0,604,1.0
fold1,5,0,rear_yaw,27.713888909306466,0.0,604,1.0
fold1,5,0,front_decay,1.0157995011451484,0.0,604,1.0
fold1,5,0,rear_decay,0.319343316635958,0.0,604,1.0
fold1,5,0,actuator_rate,10.601542991918082,0.0,604,1.0
fold1,5,1,yaw_front,0.4745628476922386,8.881784197001252e-16,604,1.0
fold1,5,1,yaw_rear,0.9994945897332252,8.881784197001252e-16,604,1.0
fold1,5,1,front_beta,65.87610613965998,8.881784197001252e-16,604,1.0
fold1,5,1,front_yaw,93.81678119086308,8.881784197001252e-16,604,1.0
fold1,5,1,rear_beta,13.795061084295783,8.881784197001252e-16,604,1.0
fold1,5,1,rear_yaw,41.37737619458661,8.881784197001252e-16,604,1.0
fold1,5,1,front_decay,1.1326174617159188,8.881784197001252e-16,604,1.0
fold1,5,1,rear_decay,0.3729964371073657,8.881784197001252e-16,604,1.0
fold1,5,1,actuator_rate,9.226530983644633,8.881784197001252e-16,604,1.0
fold1,5,2,yaw_front,1.2475476634462772,4.440892098500626e-16,604,1.0
fold1,5,2,yaw_rear,0.2354171156490866,4.440892098500626e-16,604,1.0
fold1,5,2,front_beta,368.5036874509788,4.440892098500626e-16,604,1.0
fold1,5,2,front_yaw,853.933755655646,4.440892098500626e-16,604,1.0
fold1,5,2,rear_beta,34.01393506243595,4.440892098500626e-16,604,1.0
fold1,5,2,rear_yaw,14.87373737373738,4.440892098500626e-16,604,1.0
fold1,5,2,front_decay,20.00000000000307,4.440892098500626e-16,604,1.0
fold1,5,2,rear_decay,0.2671424330682675,4.440892098500626e-16,604,1.0
fold1,5,2,actuator_rate,15.915717392011189,4.440892098500626e-16,604,1.0
full,0,0,yaw_front,0.4479850065727188,4.440892098500626e-16,604,1.0
full,0,0,yaw_rear,1.0832595642267728,4.440892098500626e-16,604,1.0
full,0,0,front_beta,61.745933848012015,4.440892098500626e-16,604,1.0
full,0,0,front_yaw,74.29298344415035,4.440892098500626e-16,604,1.0
full,0,0,rear_beta,9.595959595959595,4.440892098500626e-16,604,1.0
full,0,0,rear_yaw,27.91880976850896,4.440892098500626e-16,604,1.0
full,0,0,front_decay,1.0416145365226357,4.440892098500626e-16,604,1.0
full,0,0,rear_decay,0.3311471516084187,4.440892098500626e-16,604,1.0
full,0,0,actuator_rate,9.662002803698174,4.440892098500626e-16,604,1.0
full,0,1,yaw_front,0.5249414175729982,8.881784197001252e-16,604,1.0
full,0,1,yaw_rear,1.0512613420437558,8.881784197001252e-16,604,1.0
full,0,1,front_beta,59.782120899845005,8.881784197001252e-16,604,1.0
full,0,1,front_yaw,79.00760548180278,8.881784197001252e-16,604,1.0
full,0,1,rear_beta,15.543433762804298,8.881784197001252e-16,604,1.0
full,0,1,rear_yaw,41.13811639944561,8.881784197001252e-16,604,1.0
full,0,1,front_decay,1.079945171955471,8.881784197001252e-16,604,1.0
full,0,1,rear_decay,0.413452701619267,8.881784197001252e-16,604,1.0
full,0,1,actuator_rate,8.266597847163224,8.881784197001252e-16,604,1.0
full,0,2,yaw_front,0.5699635416410662,4.440892098500626e-16,604,1.0
full,0,2,yaw_rear,0.5250244859132891,4.440892098500626e-16,604,1.0
full,0,2,front_beta,90.17943136548936,4.440892098500626e-16,604,1.0
full,0,2,front_yaw,143.90730501594905,4.440892098500626e-16,604,1.0
full,0,2,rear_beta,21.506241408940845,4.440892098500626e-16,604,1.0
full,0,2,rear_yaw,31.61348295542368,4.440892098500626e-16,604,1.0
full,0,2,front_decay,1.970317683187102,4.440892098500626e-16,604,1.0
full,0,2,rear_decay,0.362371937150263,4.440892098500626e-16,604,1.0
full,0,2,actuator_rate,15.613012031094216,4.440892098500626e-16,604,1.0
full,1,0,yaw_front,0.4479850065727188,4.440892098500626e-16,604,1.0
full,1,0,yaw_rear,1.0832595642267728,4.440892098500626e-16,604,1.0
full,1,0,front_beta,61.745933848012015,4.440892098500626e-16,604,1.0
full,1,0,front_yaw,74.29298344415035,4.440892098500626e-16,604,1.0
full,1,0,rear_beta,9.595959595959595,4.440892098500626e-16,604,1.0
full,1,0,rear_yaw,27.91880976850896,4.440892098500626e-16,604,1.0
full,1,0,front_decay,1.0416145365226357,4.440892098500626e-16,604,1.0
full,1,0,rear_decay,0.3311471516084187,4.440892098500626e-16,604,1.0
full,1,0,actuator_rate,9.662002803698174,4.440892098500626e-16,604,1.0
full,1,1,yaw_front,0.6845927682529762,1.7763568394002505e-15,604,1.0
full,1,1,yaw_rear,0.8965820197890535,1.7763568394002505e-15,604,1.0
full,1,1,front_beta,60.77305163536342,1.7763568394002505e-15,604,1.0
full,1,1,front_yaw,73.76987941827228,1.7763568394002505e-15,604,1.0
full,1,1,rear_beta,37.47639947306797,1.7763568394002505e-15,604,1.0
full,1,1,rear_yaw,59.577682660295714,1.7763568394002505e-15,604,1.0
full,1,1,front_decay,1.6990480992898482,1.7763568394002505e-15,604,1.0
full,1,1,rear_decay,0.8961296584378555,1.7763568394002505e-15,604,1.0
full,1,1,actuator_rate,6.732210465882625,1.7763568394002505e-15,604,1.0
full,1,2,yaw_front,0.6823615371160701,4.440892098500626e-16,604,1.0
full,1,2,yaw_rear,1.0474997128684864,4.440892098500626e-16,604,1.0
full,1,2,front_beta,83.43619973418168,4.440892098500626e-16,604,1.0
full,1,2,front_yaw,102.58074033706724,4.440892098500626e-16,604,1.0
full,1,2,rear_beta,27.839311889844826,4.440892098500626e-16,604,1.0
full,1,2,rear_yaw,52.54231264477279,4.440892098500626e-16,604,1.0
full,1,2,front_decay,1.515956126103232,4.440892098500626e-16,604,1.0
full,1,2,rear_decay,0.6475146400036217,4.440892098500626e-16,604,1.0
full,1,2,actuator_rate,14.726147327870034,4.440892098500626e-16,604,1.0
full,2,0,yaw_front,0.4479850065727188,4.440892098500626e-16,604,1.0
full,2,0,yaw_rear,1.0832595642267728,4.440892098500626e-16,604,1.0
full,2,0,front_beta,61.745933848012015,4.440892098500626e-16,604,1.0
full,2,0,front_yaw,74.29298344415035,4.440892098500626e-16,604,1.0
full,2,0,rear_beta,9.595959595959595,4.440892098500626e-16,604,1.0
full,2,0,rear_yaw,27.91880976850896,4.440892098500626e-16,604,1.0
full,2,0,front_decay,1.0416145365226357,4.440892098500626e-16,604,1.0
full,2,0,rear_decay,0.3311471516084187,4.440892098500626e-16,604,1.0
full,2,0,actuator_rate,9.662002803698174,4.440892098500626e-16,604,1.0
full,2,1,yaw_front,0.7192343141913414,8.881784197001252e-16,604,1.0
full,2,1,yaw_rear,0.9634878251846948,8.881784197001252e-16,604,1.0
full,2,1,front_beta,91.55638005765763,8.881784197001252e-16,604,1.0
full,2,1,front_yaw,119.1892680439718,8.881784197001252e-16,604,1.0
full,2,1,rear_beta,32.57851896515789,8.881784197001252e-16,604,1.0
full,2,1,rear_yaw,56.81404471217915,8.881784197001252e-16,604,1.0
full,2,1,front_decay,1.6908732677854366,8.881784197001252e-16,604,1.0
full,2,1,rear_decay,0.6907215648525008,8.881784197001252e-16,604,1.0
full,2,1,actuator_rate,16.779196385689445,8.881784197001252e-16,604,1.0
full,2,2,yaw_front,0.5653325531513009,4.440892098500626e-16,604,1.0
full,2,2,yaw_rear,0.8577340965543087,4.440892098500626e-16,604,1.0
full,2,2,front_beta,60.41002196713767,4.440892098500626e-16,604,1.0
full,2,2,front_yaw,82.98529113064708,4.440892098500626e-16,604,1.0
full,2,2,rear_beta,20.168702257509644,4.440892098500626e-16,604,1.0
full,2,2,rear_yaw,42.03574642743563,4.440892098500626e-16,604,1.0
full,2,2,front_decay,1.3301268712876508,4.440892098500626e-16,604,1.0
full,2,2,rear_decay,0.4678387875046091,4.440892098500626e-16,604,1.0
full,2,2,actuator_rate,7.62570110169355,4.440892098500626e-16,604,1.0
full,3,0,yaw_front,0.4479850065727188,4.440892098500626e-16,604,1.0
full,3,0,yaw_rear,1.0832595642267728,4.440892098500626e-16,604,1.0
full,3,0,front_beta,61.745933848012015,4.440892098500626e-16,604,1.0
full,3,0,front_yaw,74.29298344415035,4.440892098500626e-16,604,1.0
full,3,0,rear_beta,9.595959595959595,4.440892098500626e-16,604,1.0
full,3,0,rear_yaw,27.91880976850896,4.440892098500626e-16,604,1.0
full,3,0,front_decay,1.0416145365226357,4.440892098500626e-16,604,1.0
full,3,0,rear_decay,0.3311471516084187,4.440892098500626e-16,604,1.0
full,3,0,actuator_rate,9.662002803698174,4.440892098500626e-16,604,1.0
full,3,1,yaw_front,0.5054866983783007,0.0,604,1.0
full,3,1,yaw_rear,1.05002933558112,0.0,604,1.0
full,3,1,front_beta,57.10535726316608,0.0,604,1.0
full,3,1,front_yaw,90.08081785224216,0.0,604,1.0
full,3,1,rear_beta,12.837663432170768,0.0,604,1.0
full,3,1,rear_yaw,42.06618754927352,0.0,604,1.0
full,3,1,front_decay,0.9326898242527958,0.0,604,1.0
full,3,1,rear_decay,0.3526885331211971,0.0,604,1.0
full,3,1,actuator_rate,8.670120196328968,0.0,604,1.0
full,3,2,yaw_front,0.4721198950800507,8.881784197001252e-16,604,1.0
full,3,2,yaw_rear,0.5630139199806846,8.881784197001252e-16,604,1.0
full,3,2,front_beta,79.66641674707847,8.881784197001252e-16,604,1.0
full,3,2,front_yaw,122.7377700768594,8.881784197001252e-16,604,1.0
full,3,2,rear_beta,15.50937691394883,8.881784197001252e-16,604,1.0
full,3,2,rear_yaw,28.49470242301351,8.881784197001252e-16,604,1.0
full,3,2,front_decay,1.609808737455914,8.881784197001252e-16,604,1.0
full,3,2,rear_decay,0.3224487671138524,8.881784197001252e-16,604,1.0
full,3,2,actuator_rate,11.074046876994846,8.881784197001252e-16,604,1.0
full,4,0,yaw_front,0.4479850065727188,4.440892098500626e-16,604,1.0
full,4,0,yaw_rear,1.0832595642267728,4.440892098500626e-16,604,1.0
full,4,0,front_beta,61.745933848012015,4.440892098500626e-16,604,1.0
full,4,0,front_yaw,74.29298344415035,4.440892098500626e-16,604,1.0
full,4,0,rear_beta,9.595959595959595,4.440892098500626e-16,604,1.0
full,4,0,rear_yaw,27.91880976850896,4.440892098500626e-16,604,1.0
full,4,0,front_decay,1.0416145365226357,4.440892098500626e-16,604,1.0
full,4,0,rear_decay,0.3311471516084187,4.440892098500626e-16,604,1.0
full,4,0,actuator_rate,9.662002803698174,4.440892098500626e-16,604,1.0
full,4,1,yaw_front,0.4721198548309008,8.881784197001252e-16,604,1.0
full,4,1,yaw_rear,0.5630137191320802,8.881784197001252e-16,604,1.0
full,4,1,front_beta,79.66656596350931,8.881784197001252e-16,604,1.0
full,4,1,front_yaw,122.73800637703864,8.881784197001252e-16,604,1.0
full,4,1,rear_beta,15.509383340646307,8.881784197001252e-16,604,1.0
full,4,1,rear_yaw,28.494707982819296,8.881784197001252e-16,604,1.0
full,4,1,front_decay,1.609812210947299,8.881784197001252e-16,604,1.0
full,4,1,rear_decay,0.3224489112445613,8.881784197001252e-16,604,1.0
full,4,1,actuator_rate,11.074048340338994,8.881784197001252e-16,604,1.0
full,4,2,yaw_front,0.5054870736313245,1.3322676295501878e-15,604,1.0
full,4,2,yaw_rear,1.0500289768561215,1.3322676295501878e-15,604,1.0
full,4,2,front_beta,57.10543665831999,1.3322676295501878e-15,604,1.0
full,4,2,front_yaw,90.08087479321672,1.3322676295501878e-15,604,1.0
full,4,2,rear_beta,12.83769828678022,1.3322676295501878e-15,604,1.0
full,4,2,rear_yaw,42.066224265244784,1.3322676295501878e-15,604,1.0
full,4,2,front_decay,0.9326919485718828,1.3322676295501878e-15,604,1.0
full,4,2,rear_decay,0.3526891741046663,1.3322676295501878e-15,604,1.0
full,4,2,actuator_rate,8.670119218114966,1.3322676295501878e-15,604,1.0
full,5,0,yaw_front,0.4479850065727188,4.440892098500626e-16,604,1.0
full,5,0,yaw_rear,1.0832595642267728,4.440892098500626e-16,604,1.0
full,5,0,front_beta,61.745933848012015,4.440892098500626e-16,604,1.0
full,5,0,front_yaw,74.29298344415035,4.440892098500626e-16,604,1.0
full,5,0,rear_beta,9.595959595959595,4.440892098500626e-16,604,1.0
full,5,0,rear_yaw,27.91880976850896,4.440892098500626e-16,604,1.0
full,5,0,front_decay,1.0416145365226357,4.440892098500626e-16,604,1.0
full,5,0,rear_decay,0.3311471516084187,4.440892098500626e-16,604,1.0
full,5,0,actuator_rate,9.662002803698174,4.440892098500626e-16,604,1.0
full,5,1,yaw_front,0.7333527800321945,0.0,604,1.0
full,5,1,yaw_rear,1.078180559513269,0.0,604,1.0
full,5,1,front_beta,70.06572114832287,0.0,604,1.0
full,5,1,front_yaw,119.1274256317486,0.0,604,1.0
full,5,1,rear_beta,28.922974990229957,0.0,604,1.0
full,5,1,rear_yaw,72.29823192455707,0.0,604,1.0
full,5,1,front_decay,0.9699219817771598,0.0,604,1.0
full,5,1,rear_decay,0.6335577871821578,0.0,604,1.0
full,5,1,actuator_rate,13.589860945203922,0.0,604,1.0
full,5,2,yaw_front,0.5588366606766503,8.881784197001252e-16,604,1.0
full,5,2,yaw_rear,0.7210726185403264,8.881784197001252e-16,604,1.0
full,5,2,front_beta,82.58365619819237,8.881784197001252e-16,604,1.0
full,5,2,front_yaw,100.93611154605,8.881784197001252e-16,604,1.0
full,5,2,rear_beta,20.62010251144772,8.881784197001252e-16,604,1.0
full,5,2,rear_yaw,32.519016255500965,8.881784197001252e-16,604,1.0
full,5,2,front_decay,2.032457260207809,8.881784197001252e-16,604,1.0
full,5,2,rear_decay,0.4417506654440373,8.881784197001252e-16,604,1.0
full,5,2,actuator_rate,8.85290064762273,8.881784197001252e-16,604,1.0
fold0,0,0,yaw_front,0.5545128647758357,8.881784197001252e-16,605,0.01
fold0,0,0,yaw_rear,4.251476206496871,8.881784197001252e-16,605,0.01
fold0,0,0,front_beta,66.85138913462596,8.881784197001252e-16,605,0.01
fold0,0,0,front_yaw,20.640207025056803,8.881784197001252e-16,605,0.01
fold0,0,0,rear_beta,9.595959595959544,8.881784197001252e-16,605,0.01
fold0,0,0,rear_yaw,22.715387521288925,8.881784197001252e-16,605,0.01
fold0,0,0,front_decay,0.9207724711298954,8.881784197001252e-16,605,0.01
fold0,0,0,rear_decay,0.7012806487962477,8.881784197001252e-16,605,0.01
fold0,0,0,actuator_rate,7.498811547286772,8.881784197001252e-16,605,0.01
fold0,0,1,yaw_front,0.6491333889958343,0.0,605,0.01
fold0,0,1,yaw_rear,0.8152064992270414,0.0,605,0.01
fold0,0,1,front_beta,80.47559537803268,0.0,605,0.01
fold0,0,1,front_yaw,87.61010984625355,0.0,605,0.01
fold0,0,1,rear_beta,77.25195954841503,0.0,605,0.01
fold0,0,1,rear_yaw,105.61685133917976,0.0,605,0.01
fold0,0,1,front_decay,1.9204607548835748,0.0,605,0.01
fold0,0,1,rear_decay,1.3808817852555504,0.0,605,0.01
fold0,0,1,actuator_rate,5.817084616975145,0.0,605,0.01
fold0,0,2,yaw_front,0.6974504386672672,4.440892098500626e-16,605,0.01
fold0,0,2,yaw_rear,6.656985760973045,4.440892098500626e-16,605,0.01
fold0,0,2,front_beta,74.65742106288721,4.440892098500626e-16,605,0.01
fold0,0,2,front_yaw,19.55743355533757,4.440892098500626e-16,605,0.01
fold0,0,2,rear_beta,9.595959595959595,4.440892098500626e-16,605,0.01
fold0,0,2,rear_yaw,23.99338742215805,4.440892098500626e-16,605,0.01
fold0,0,2,front_decay,0.9430987518017296,4.440892098500626e-16,605,0.01
fold0,0,2,rear_decay,0.9081741236511351,4.440892098500626e-16,605,0.01
fold0,0,2,actuator_rate,12.808631032470286,4.440892098500626e-16,605,0.01
fold0,1,0,yaw_front,0.5545128647758357,8.881784197001252e-16,605,0.01
fold0,1,0,yaw_rear,4.251476206496871,8.881784197001252e-16,605,0.01
fold0,1,0,front_beta,66.85138913462596,8.881784197001252e-16,605,0.01
fold0,1,0,front_yaw,20.640207025056803,8.881784197001252e-16,605,0.01
fold0,1,0,rear_beta,9.595959595959544,8.881784197001252e-16,605,0.01
fold0,1,0,rear_yaw,22.715387521288925,8.881784197001252e-16,605,0.01
fold0,1,0,front_decay,0.9207724711298954,8.881784197001252e-16,605,0.01
fold0,1,0,rear_decay,0.7012806487962477,8.881784197001252e-16,605,0.01
fold0,1,0,actuator_rate,7.498811547286772,8.881784197001252e-16,605,0.01
fold0,1,1,yaw_front,0.6491335981344225,-8.881784197001252e-16,605,0.01
fold0,1,1,yaw_rear,0.815206576257693,-8.881784197001252e-16,605,0.01
fold0,1,1,front_beta,80.47555653893144,-8.881784197001252e-16,605,0.01
fold0,1,1,front_yaw,87.61007063949371,-8.881784197001252e-16,605,0.01
fold0,1,1,rear_beta,77.25205117984797,-8.881784197001252e-16,605,0.01
fold0,1,1,rear_yaw,105.61695627519016,-8.881784197001252e-16,605,0.01
fold0,1,1,front_decay,1.9204600898618585,-8.881784197001252e-16,605,0.01
fold0,1,1,rear_decay,1.3808833272605905,-8.881784197001252e-16,605,0.01
fold0,1,1,actuator_rate,5.817084627794356,-8.881784197001252e-16,605,0.01
fold0,1,2,yaw_front,0.6974504589785983,4.440892098500626e-16,605,0.01
fold0,1,2,yaw_rear,6.656985965437931,4.440892098500626e-16,605,0.01
fold0,1,2,front_beta,74.657433420515,4.440892098500626e-16,605,0.01
fold0,1,2,front_yaw,19.55743712179138,4.440892098500626e-16,605,0.01
fold0,1,2,rear_beta,9.595959595959595,4.440892098500626e-16,605,0.01
fold0,1,2,rear_yaw,23.993387864250632,4.440892098500626e-16,605,0.01
fold0,1,2,front_decay,0.9430989164017008,4.440892098500626e-16,605,0.01
fold0,1,2,rear_decay,0.9081741437178812,4.440892098500626e-16,605,0.01
fold0,1,2,actuator_rate,12.808630846901508,4.440892098500626e-16,605,0.01
fold0,2,0,yaw_front,0.5545128647758357,8.881784197001252e-16,605,0.01
fold0,2,0,yaw_rear,4.251476206496871,8.881784197001252e-16,605,0.01
fold0,2,0,front_beta,66.85138913462596,8.881784197001252e-16,605,0.01
fold0,2,0,front_yaw,20.640207025056803,8.881784197001252e-16,605,0.01
fold0,2,0,rear_beta,9.595959595959544,8.881784197001252e-16,605,0.01
fold0,2,0,rear_yaw,22.715387521288925,8.881784197001252e-16,605,0.01
fold0,2,0,front_decay,0.9207724711298954,8.881784197001252e-16,605,0.01
fold0,2,0,rear_decay,0.7012806487962477,8.881784197001252e-16,605,0.01
fold0,2,0,actuator_rate,7.498811547286772,8.881784197001252e-16,605,0.01
fold0,2,1,yaw_front,0.6491334721559866,0.0,605,0.01
fold0,2,1,yaw_rear,0.815206449127545,0.0,605,0.01
fold0,2,1,front_beta,80.4756207690647,0.0,605,0.01
fold0,2,1,front_yaw,87.61014030262753,0.0,605,0.01
fold0,2,1,rear_beta,77.25200060286491,0.0,605,0.01
fold0,2,1,rear_yaw,105.61689083915503,0.0,605,0.01
fold0,2,1,front_decay,1.920461561726148,0.0,605,0.01
fold0,2,1,rear_decay,1.380882378090942,0.0,605,0.01
fold0,2,1,actuator_rate,5.817084637008149,0.0,605,0.01
fold0,2,2,yaw_front,0.6974505425455658,4.440892098500626e-16,605,0.01
fold0,2,2,yaw_rear,6.656988936607822,4.440892098500626e-16,605,0.01
fold0,2,2,front_beta,74.65743190293736,4.440892098500626e-16,605,0.01
fold0,2,2,front_yaw,19.55743037254705,4.440892098500626e-16,605,0.01
fold0,2,2,rear_beta,9.595959595959595,4.440892098500626e-16,605,0.01
fold0,2,2,rear_yaw,23.993387905861496,4.440892098500626e-16,605,0.01
fold0,2,2,front_decay,0.9430988877609122,4.440892098500626e-16,605,0.01
fold0,2,2,rear_decay,0.9081744422690956,4.440892098500626e-16,605,0.01
fold0,2,2,actuator_rate,12.808630900371664,4.440892098500626e-16,605,0.01
fold0,3,0,yaw_front,0.5545128647758357,8.881784197001252e-16,605,0.01
fold0,3,0,yaw_rear,4.251476206496871,8.881784197001252e-16,605,0.01
fold0,3,0,front_beta,66.85138913462596,8.881784197001252e-16,605,0.01
fold0,3,0,front_yaw,20.640207025056803,8.881784197001252e-16,605,0.01
fold0,3,0,rear_beta,9.595959595959544,8.881784197001252e-16,605,0.01
fold0,3,0,rear_yaw,22.715387521288925,8.881784197001252e-16,605,0.01
fold0,3,0,front_decay,0.9207724711298954,8.881784197001252e-16,605,0.01
fold0,3,0,rear_decay,0.7012806487962477,8.881784197001252e-16,605,0.01
fold0,3,0,actuator_rate,7.498811547286772,8.881784197001252e-16,605,0.01
fold0,3,1,yaw_front,0.697450434874723,8.881784197001252e-16,605,0.01
fold0,3,1,yaw_rear,6.656987347997335,8.881784197001252e-16,605,0.01
fold0,3,1,front_beta,74.65744580232051,8.881784197001252e-16,605,0.01
fold0,3,1,front_yaw,19.557434893774477,8.881784197001252e-16,605,0.01
fold0,3,1,rear_beta,9.595959595959595,8.881784197001252e-16,605,0.01
fold0,3,1,rear_yaw,23.993386963910236,8.881784197001252e-16,605,0.01
fold0,3,1,front_decay,0.9430990762160596,8.881784197001252e-16,605,0.01
fold0,3,1,rear_decay,0.908174335183347,8.881784197001252e-16,605,0.01
fold0,3,1,actuator_rate,12.808630223320376,8.881784197001252e-16,605,0.01
fold0,3,2,yaw_front,0.6491334761555635,8.881784197001252e-16,605,0.01
fold0,3,2,yaw_rear,0.815206405290268,8.881784197001252e-16,605,0.01
fold0,3,2,front_beta,80.4756489540891,8.881784197001252e-16,605,0.01
fold0,3,2,front_yaw,87.6101713025997,8.881784197001252e-16,605,0.01
fold0,3,2,rear_beta,77.25201130031093,8.881784197001252e-16,605,0.01
fold0,3,2,rear_yaw,105.61689951539486,8.881784197001252e-16,605,0.01
fold0,3,2,front_decay,1.920462305640969,8.881784197001252e-16,605,0.01
fold0,3,2,rear_decay,1.380882519078879,8.881784197001252e-16,605,0.01
fold0,3,2,actuator_rate,5.817084723832084,8.881784197001252e-16,605,0.01
fold0,4,0,yaw_front,0.5545128647758357,8.881784197001252e-16,605,0.01
fold0,4,0,yaw_rear,4.251476206496871,8.881784197001252e-16,605,0.01
fold0,4,0,front_beta,66.85138913462596,8.881784197001252e-16,605,0.01
fold0,4,0,front_yaw,20.640207025056803,8.881784197001252e-16,605,0.01
fold0,4,0,rear_beta,9.595959595959544,8.881784197001252e-16,605,0.01
fold0,4,0,rear_yaw,22.715387521288925,8.881784197001252e-16,605,0.01
fold0,4,0,front_decay,0.9207724711298954,8.881784197001252e-16,605,0.01
fold0,4,0,rear_decay,0.7012806487962477,8.881784197001252e-16,605,0.01
fold0,4,0,actuator_rate,7.498811547286772,8.881784197001252e-16,605,0.01
fold0,4,1,yaw_front,0.8804912342121746,4.440892098500626e-16,605,0.01
fold0,4,1,yaw_rear,7.194765555658893,4.440892098500626e-16,605,0.01
fold0,4,1,front_beta,81.92400057814713,4.440892098500626e-16,605,0.01
fold0,4,1,front_yaw,31.449688617341398,4.440892098500626e-16,605,0.01
fold0,4,1,rear_beta,12.642954382117225,4.440892098500626e-16,605,0.01
fold0,4,1,rear_yaw,39.65933054654852,4.440892098500626e-16,605,0.01
fold0,4,1,front_decay,1.2429128299282102,4.440892098500626e-16,605,0.01
fold0,4,1,rear_decay,0.6698957646200226,4.440892098500626e-16,605,0.01
fold0,4,1,actuator_rate,6.789334208597497,4.440892098500626e-16,605,0.01
fold0,4,2,yaw_front,0.5545132593977178,0.0,605,0.01
fold0,4,2,yaw_rear,4.251478433438502,0.0,605,0.01
fold0,4,2,front_beta,66.85130932483297,0.0,605,0.01
fold0,4,2,front_yaw,20.6401920493571,0.0,605,0.01
fold0,4,2,rear_beta,9.595959595959595,0.0,605,0.01
fold0,4,2,rear_yaw,22.715393891348604,0.0,605,0.01
fold0,4,2,front_decay,0.9207713274826612,0.0,605,0.01
fold0,4,2,rear_decay,0.7012806625222604,0.0,605,0.01
fold0,4,2,actuator_rate,7.498811848116831,0.0,605,0.01
fold0,5,0,yaw_front,0.5545128647758357,8.881784197001252e-16,605,0.01
fold0,5,0,yaw_rear,4.251476206496871,8.881784197001252e-16,605,0.01
fold0,5,0,front_beta,66.85138913462596,8.881784197001252e-16,605,0.01
fold0,5,0,front_yaw,20.640207025056803,8.881784197001252e-16,605,0.01
fold0,5,0,rear_beta,9.595959595959544,8.881784197001252e-16,605,0.01
fold0,5,0,rear_yaw,22.715387521288925,8.881784197001252e-16,605,0.01
fold0,5,0,front_decay,0.9207724711298954,8.881784197001252e-16,605,0.01
fold0,5,0,rear_decay,0.7012806487962477,8.881784197001252e-16,605,0.01
fold0,5,0,actuator_rate,7.498811547286772,8.881784197001252e-16,605,0.01
fold0,5,1,yaw_front,0.6491334383991127,1.7763568394002505e-15,605,0.01
fold0,5,1,yaw_rear,0.8152063364621901,1.7763568394002505e-15,605,0.01
fold0,5,1,front_beta,80.47566599464007,1.7763568394002505e-15,605,0.01
fold0,5,1,front_yaw,87.61018975272405,1.7763568394002505e-15,605,0.01
fold0,5,1,rear_beta,77.25200911778475,1.7763568394002505e-15,605,0.01
fold0,5,1,rear_yaw,105.61689363544856,1.7763568394002505e-15,605,0.01
fold0,5,1,front_decay,1.9204627171745887,1.7763568394002505e-15,605,0.01
fold0,5,1,rear_decay,1.3808824077771502,1.7763568394002505e-15,605,0.01
fold0,5,1,actuator_rate,5.8170846764363,1.7763568394002505e-15,605,0.01
fold0,5,2,yaw_front,0.6974503735116562,4.440892098500626e-16,605,0.01
fold0,5,2,yaw_rear,6.656986754279634,4.440892098500626e-16,605,0.01
fold0,5,2,front_beta,74.65745482520413,4.440892098500626e-16,605,0.01
fold0,5,2,front_yaw,19.55743683484657,4.440892098500626e-16,605,0.01
fold0,5,2,rear_beta,9.595959595959595,4.440892098500626e-16,605,0.01
fold0,5,2,rear_yaw,23.993386416562178,4.440892098500626e-16,605,0.01
fold0,5,2,front_decay,0.9430991999025377,4.440892098500626e-16,605,0.01
fold0,5,2,rear_decay,0.908174321317904,4.440892098500626e-16,605,0.01
fold0,5,2,actuator_rate,12.808630351929136,4.440892098500626e-16,605,0.01
fold1,0,0,yaw_front,0.5993076290983322,8.881784197001252e-16,605,0.01
fold1,0,0,yaw_rear,4.436012238871817,8.881784197001252e-16,605,0.01
fold1,0,0,front_beta,77.66787118520082,8.881784197001252e-16,605,0.01
fold1,0,0,front_yaw,27.814347427641795,8.881784197001252e-16,605,0.01
fold1,0,0,rear_beta,9.595959595956074,8.881784197001252e-16,605,0.01
fold1,0,0,rear_yaw,25.436585533181177,8.881784197001252e-16,605,0.01
fold1,0,0,front_decay,1.0960843617783858,8.881784197001252e-16,605,0.01
fold1,0,0,rear_decay,0.7833480357285479,8.881784197001252e-16,605,0.01
fold1,0,0,actuator_rate,7.889238213816594,8.881784197001252e-16,605,0.01
fold1,0,1,yaw_front,0.5535137701633862,8.881784197001252e-16,605,0.01
fold1,0,1,yaw_rear,0.830785165899105,8.881784197001252e-16,605,0.01
fold1,0,1,front_beta,74.48670227026226,8.881784197001252e-16,605,0.01
fold1,0,1,front_yaw,86.21906760594753,8.881784197001252e-16,605,0.01
fold1,0,1,rear_beta,31.137711334993487,8.881784197001252e-16,605,0.01
fold1,0,1,rear_yaw,54.09679883654673,8.881784197001252e-16,605,0.01
fold1,0,1,front_decay,1.8058566804539935,8.881784197001252e-16,605,0.01
fold1,0,1,rear_decay,0.7126952599041477,8.881784197001252e-16,605,0.01
fold1,0,1,actuator_rate,5.909645441964939,8.881784197001252e-16,605,0.01
fold1,0,2,yaw_front,0.7228908872141709,4.440892098500626e-16,605,0.01
fold1,0,2,yaw_rear,6.553688068136448,4.440892098500626e-16,605,0.01
fold1,0,2,front_beta,80.57393864289999,4.440892098500626e-16,605,0.01
fold1,0,2,front_yaw,23.107203774483224,4.440892098500626e-16,605,0.01
fold1,0,2,rear_beta,9.595959595959595,4.440892098500626e-16,605,0.01
fold1,0,2,rear_yaw,24.9490623344817,4.440892098500626e-16,605,0.01
fold1,0,2,front_decay,1.0378328833990351,4.440892098500626e-16,605,0.01
fold1,0,2,rear_decay,0.9144010414249566,4.440892098500626e-16,605,0.01
fold1,0,2,actuator_rate,10.907604258527996,4.440892098500626e-16,605,0.01
fold1,1,0,yaw_front,0.5993076290983322,8.881784197001252e-16,605,0.01
fold1,1,0,yaw_rear,4.436012238871817,8.881784197001252e-16,605,0.01
fold1,1,0,front_beta,77.66787118520082,8.881784197001252e-16,605,0.01
fold1,1,0,front_yaw,27.814347427641795,8.881784197001252e-16,605,0.01
fold1,1,0,rear_beta,9.595959595956074,8.881784197001252e-16,605,0.01
fold1,1,0,rear_yaw,25.436585533181177,8.881784197001252e-16,605,0.01
fold1,1,0,front_decay,1.0960843617783858,8.881784197001252e-16,605,0.01
fold1,1,0,rear_decay,0.7833480357285479,8.881784197001252e-16,605,0.01
fold1,1,0,actuator_rate,7.889238213816594,8.881784197001252e-16,605,0.01
fold1,1,1,yaw_front,0.6868614993753986,8.881784197001252e-16,605,0.01
fold1,1,1,yaw_rear,2.5325619212218458,8.881784197001252e-16,605,0.01
fold1,1,1,front_beta,40.529244984720734,8.881784197001252e-16,605,0.01
fold1,1,1,front_yaw,35.76002968225998,8.881784197001252e-16,605,0.01
fold1,1,1,rear_beta,9.595959595959595,8.881784197001252e-16,605,0.01
fold1,1,1,rear_yaw,31.218258111076388,8.881784197001252e-16,605,0.01
fold1,1,1,front_decay,0.5464542786807278,8.881784197001252e-16,605,0.01
fold1,1,1,rear_decay,0.4476547244715581,8.881784197001252e-16,605,0.01
fold1,1,1,actuator_rate,6.431223233331554,8.881784197001252e-16,605,0.01
fold1,1,2,yaw_front,0.5800545208231441,8.881784197001252e-16,605,0.01
fold1,1,2,yaw_rear,6.648541464991757,8.881784197001252e-16,605,0.01
fold1,1,2,front_beta,99.98220639858134,8.881784197001252e-16,605,0.01
fold1,1,2,front_yaw,18.158131208929376,8.881784197001252e-16,605,0.01
fold1,1,2,rear_beta,9.595959595959595,8.881784197001252e-16,605,0.01
fold1,1,2,rear_yaw,19.975350564849595,8.881784197001252e-16,605,0.01
fold1,1,2,front_decay,1.5699142169588836,8.881784197001252e-16,605,0.01
fold1,1,2,rear_decay,1.0037465106737276,8.881784197001252e-16,605,0.01
fold1,1,2,actuator_rate,9.808288031414335,8.881784197001252e-16,605,0.01
fold1,2,0,yaw_front,0.5993076290983322,8.881784197001252e-16,605,0.01
fold1,2,0,yaw_rear,4.436012238871817,8.881784197001252e-16,605,0.01
fold1,2,0,front_beta,77.66787118520082,8.881784197001252e-16,605,0.01
fold1,2,0,front_yaw,27.814347427641795,8.881784197001252e-16,605,0.01
fold1,2,0,rear_beta,9.595959595956074,8.881784197001252e-16,605,0.01
fold1,2,0,rear_yaw,25.436585533181177,8.881784197001252e-16,605,0.01
fold1,2,0,front_decay,1.0960843617783858,8.881784197001252e-16,605,0.01
fold1,2,0,rear_decay,0.7833480357285479,8.881784197001252e-16,605,0.01
fold1,2,0,actuator_rate,7.889238213816594,8.881784197001252e-16,605,0.01
fold1,2,1,yaw_front,0.6868617215127707,8.881784197001252e-16,605,0.01
fold1,2,1,yaw_rear,2.5325634706343947,8.881784197001252e-16,605,0.01
fold1,2,1,front_beta,40.52922922383212,8.881784197001252e-16,605,0.01
fold1,2,1,front_yaw,35.759999667121264,8.881784197001252e-16,605,0.01
fold1,2,1,rear_beta,9.595959595959595,8.881784197001252e-16,605,0.01
fold1,2,1,rear_yaw,31.218253051063947,8.881784197001252e-16,605,0.01
fold1,2,1,front_decay,0.5464540690153792,8.881784197001252e-16,605,0.01
fold1,2,1,rear_decay,0.4476548090037889,8.881784197001252e-16,605,0.01
fold1,2,1,actuator_rate,6.431222074061877,8.881784197001252e-16,605,0.01
fold1,2,2,yaw_front,0.5800548488616819,4.440892098500626e-16,605,0.01
fold1,2,2,yaw_rear,6.64854898398139,4.440892098500626e-16,605,0.01
fold1,2,2,front_beta,99.9820599575503,4.440892098500626e-16,605,0.01
fold1,2,2,front_yaw,18.15809424949867,4.440892098500626e-16,605,0.01
fold1,2,2,rear_beta,9.595959595959595,4.440892098500626e-16,605,0.01
fold1,2,2,rear_yaw,19.97535045781568,4.440892098500626e-16,605,0.01
fold1,2,2,front_decay,1.5699117582560922,4.440892098500626e-16,605,0.01
fold1,2,2,rear_decay,1.0037469570595503,4.440892098500626e-16,605,0.01
fold1,2,2,actuator_rate,9.80828882121597,4.440892098500626e-16,605,0.01
fold1,3,0,yaw_front,0.5993076290983322,8.881784197001252e-16,605,0.01
fold1,3,0,yaw_rear,4.436012238871817,8.881784197001252e-16,605,0.01
fold1,3,0,front_beta,77.66787118520082,8.881784197001252e-16,605,0.01
fold1,3,0,front_yaw,27.814347427641795,8.881784197001252e-16,605,0.01
fold1,3,0,rear_beta,9.595959595956074,8.881784197001252e-16,605,0.01
fold1,3,0,rear_yaw,25.436585533181177,8.881784197001252e-16,605,0.01
fold1,3,0,front_decay,1.0960843617783858,8.881784197001252e-16,605,0.01
fold1,3,0,rear_decay,0.7833480357285479,8.881784197001252e-16,605,0.01
fold1,3,0,actuator_rate,7.889238213816594,8.881784197001252e-16,605,0.01
fold1,3,1,yaw_front,0.6868616942399981,4.440892098500626e-16,605,0.01
fold1,3,1,yaw_rear,2.5325633978677358,4.440892098500626e-16,605,0.01
fold1,3,1,front_beta,40.52923124293251,4.440892098500626e-16,605,0.01
fold1,3,1,front_yaw,35.760001962998004,4.440892098500626e-16,605,0.01
fold1,3,1,rear_beta,9.595959595959595,4.440892098500626e-16,605,0.01
fold1,3,1,rear_yaw,31.21825384269427,4.440892098500626e-16,605,0.01
fold1,3,1,front_decay,0.5464540892669818,4.440892098500626e-16,605,0.01
fold1,3,1,rear_decay,0.4476548215378904,4.440892098500626e-16,605,0.01
fold1,3,1,actuator_rate,6.431224147460045,4.440892098500626e-16,605,0.01
fold1,3,2,yaw_front,0.5800549781638107,4.440892098500626e-16,605,0.01
fold1,3,2,yaw_rear,6.6485528981785205,4.440892098500626e-16,605,0.01
fold1,3,2,front_beta,99.98205288425392,4.440892098500626e-16,605,0.01
fold1,3,2,front_yaw,18.158085176679485,4.440892098500626e-16,605,0.01
fold1,3,2,rear_beta,9.595959595959595,4.440892098500626e-16,605,0.01
fold1,3,2,rear_yaw,19.97534919745653,4.440892098500626e-16,605,0.01
fold1,3,2,front_decay,1.5699117859910947,4.440892098500626e-16,605,0.01
fold1,3,2,rear_decay,1.0037474682951926,4.440892098500626e-16,605,0.01
fold1,3,2,actuator_rate,9.808288073404386,4.440892098500626e-16,605,0.01
fold1,4,0,yaw_front,0.5993076290983322,8.881784197001252e-16,605,0.01
fold1,4,0,yaw_rear,4.436012238871817,8.881784197001252e-16,605,0.01
fold1,4,0,front_beta,77.66787118520082,8.881784197001252e-16,605,0.01
fold1,4,0,front_yaw,27.814347427641795,8.881784197001252e-16,605,0.01
fold1,4,0,rear_beta,9.595959595956074,8.881784197001252e-16,605,0.01
fold1,4,0,rear_yaw,25.436585533181177,8.881784197001252e-16,605,0.01
fold1,4,0,front_decay,1.0960843617783858,8.881784197001252e-16,605,0.01
fold1,4,0,rear_decay,0.7833480357285479,8.881784197001252e-16,605,0.01
fold1,4,0,actuator_rate,7.889238213816594,8.881784197001252e-16,605,0.01
fold1,4,1,yaw_front,0.7228908500395347,8.881784197001252e-16,605,0.01
fold1,4,1,yaw_rear,6.553687124029411,8.881784197001252e-16,605,0.01
fold1,4,1,front_beta,80.57393539683936,8.881784197001252e-16,605,0.01
fold1,4,1,front_yaw,23.107204944896583,8.881784197001252e-16,605,0.01
fold1,4,1,rear_beta,9.595959595959595,8.881784197001252e-16,605,0.01
fold1,4,1,rear_yaw,24.94906229221221,8.881784197001252e-16,605,0.01
fold1,4,1,front_decay,1.0378328464386486,8.881784197001252e-16,605,0.01
fold1,4,1,rear_decay,0.914400964550654,8.881784197001252e-16,605,0.01
fold1,4,1,actuator_rate,10.907604582149832,8.881784197001252e-16,605,0.01
fold1,4,2,yaw_front,0.5535137225846002,0.0,605,0.01
fold1,4,2,yaw_rear,0.8307849134103571,0.0,605,0.01
fold1,4,2,front_beta,74.48671880860579,0.0,605,0.01
fold1,4,2,front_yaw,86.21909972281202,0.0,605,0.01
fold1,4,2,rear_beta,31.137706519969427,0.0,605,0.01
fold1,4,2,rear_yaw,54.09678682043826,0.0,605,0.01
fold1,4,2,front_decay,1.8058571461274064,0.0,605,0.01
fold1,4,2,rear_decay,0.7126950024195202,0.0,605,0.01
fold1,4,2,actuator_rate,5.909644566347215,0.0,605,0.01
fold1,5,0,yaw_front,0.5993076290983322,8.881784197001252e-16,605,0.01
fold1,5,0,yaw_rear,4.436012238871817,8.881784197001252e-16,605,0.01
fold1,5,0,front_beta,77.66787118520082,8.881784197001252e-16,605,0.01
fold1,5,0,front_yaw,27.814347427641795,8.881784197001252e-16,605,0.01
fold1,5,0,rear_beta,9.595959595956074,8.881784197001252e-16,605,0.01
fold1,5,0,rear_yaw,25.436585533181177,8.881784197001252e-16,605,0.01
fold1,5,0,front_decay,1.0960843617783858,8.881784197001252e-16,605,0.01
fold1,5,0,rear_decay,0.7833480357285479,8.881784197001252e-16,605,0.01
fold1,5,0,actuator_rate,7.889238213816594,8.881784197001252e-16,605,0.01
fold1,5,1,yaw_front,0.4902656367616195,0.0,605,0.01
fold1,5,1,yaw_rear,3.959400509906312,0.0,605,0.01
fold1,5,1,front_beta,78.49435459750597,0.0,605,0.01
fold1,5,1,front_yaw,21.60801045667953,0.0,605,0.01
fold1,5,1,rear_beta,9.595959595959595,0.0,605,0.01
fold1,5,1,rear_yaw,21.333531313689523,0.0,605,0.01
fold1,5,1,front_decay,1.3752251357642065,0.0,605,0.01
fold1,5,1,rear_decay,0.870126297991581,0.0,605,0.01
fold1,5,1,actuator_rate,7.196132069057068,0.0,605,0.01
fold1,5,2,yaw_front,0.574536616468702,0.0,605,0.01
fold1,5,2,yaw_rear,2.496045486736431,0.0,605,0.01
fold1,5,2,front_beta,109.77953435670416,0.0,605,0.01
fold1,5,2,front_yaw,95.27008445740827,0.0,605,0.01
fold1,5,2,rear_beta,9.595959595959595,0.0,605,0.01
fold1,5,2,rear_yaw,36.17915002921352,0.0,605,0.01
fold1,5,2,front_decay,1.2980991762942484,0.0,605,0.01
fold1,5,2,rear_decay,0.4913770253686032,0.0,605,0.01
fold1,5,2,actuator_rate,11.977482299406674,0.0,605,0.01
full,0,0,yaw_front,0.6058902890418044,4.440892098500626e-16,605,0.01
full,0,0,yaw_rear,4.579552578361201,4.440892098500626e-16,605,0.01
full,0,0,front_beta,69.1392829629226,4.440892098500626e-16,605,0.01
full,0,0,front_yaw,23.40199456087714,4.440892098500626e-16,605,0.01
full,0,0,rear_beta,9.5959595959596,4.440892098500626e-16,605,0.01
full,0,0,rear_yaw,24.54965940750936,4.440892098500626e-16,605,0.01
full,0,0,front_decay,0.9596714424923758,4.440892098500626e-16,605,0.01
full,0,0,rear_decay,0.7622354059293895,4.440892098500626e-16,605,0.01
full,0,0,actuator_rate,7.671819717172037,4.440892098500626e-16,605,0.01
full,0,1,yaw_front,0.6231973918370971,-8.881784197001252e-16,605,0.01
full,0,1,yaw_rear,0.8526903969832133,-8.881784197001252e-16,605,0.01
full,0,1,front_beta,67.28742026576911,-8.881784197001252e-16,605,0.01
full,0,1,front_yaw,76.79031043760232,-8.881784197001252e-16,605,0.01
full,0,1,rear_beta,46.99000209468875,-8.881784197001252e-16,605,0.01
full,0,1,rear_yaw,73.37426339277454,-8.881784197001252e-16,605,0.01
full,0,1,front_decay,1.6131468132244935,-8.881784197001252e-16,605,0.01
full,0,1,rear_decay,0.9534271214073216,-8.881784197001252e-16,605,0.01
full,0,1,actuator_rate,5.86173989429686,-8.881784197001252e-16,605,0.01
full,0,2,yaw_front,0.7248939933325897,8.881784197001252e-16,605,0.01
full,0,2,yaw_rear,6.786345248871768,8.881784197001252e-16,605,0.01
full,0,2,front_beta,76.64723886054905,8.881784197001252e-16,605,0.01
full,0,2,front_yaw,21.038253929999684,8.881784197001252e-16,605,0.01
full,0,2,rear_beta,9.5959595959596,8.881784197001252e-16,605,0.01
full,0,2,rear_yaw,24.658294663968984,8.881784197001252e-16,605,0.01
full,0,2,front_decay,0.9764669361256528,8.881784197001252e-16,605,0.01
full,0,2,rear_decay,0.9255303394431896,8.881784197001252e-16,605,0.01
full,0,2,actuator_rate,11.768958065250704,8.881784197001252e-16,605,0.01
full,1,0,yaw_front,0.6058902890418044,4.440892098500626e-16,605,0.01
full,1,0,yaw_rear,4.579552578361201,4.440892098500626e-16,605,0.01
full,1,0,front_beta,69.1392829629226,4.440892098500626e-16,605,0.01
full,1,0,front_yaw,23.40199456087714,4.440892098500626e-16,605,0.01
full,1,0,rear_beta,9.5959595959596,4.440892098500626e-16,605,0.01
full,1,0,rear_yaw,24.54965940750936,4.440892098500626e-16,605,0.01
full,1,0,front_decay,0.9596714424923758,4.440892098500626e-16,605,0.01
full,1,0,rear_decay,0.7622354059293895,4.440892098500626e-16,605,0.01
full,1,0,actuator_rate,7.671819717172037,4.440892098500626e-16,605,0.01
full,1,1,yaw_front,0.6231974334370204,0.0,605,0.01
full,1,1,yaw_rear,0.8526910555748335,0.0,605,0.01
full,1,1,front_beta,67.2873245315649,0.0,605,0.01
full,1,1,front_yaw,76.79017360984395,0.0,605,0.01
full,1,1,rear_beta,46.98998005215301,0.0,605,0.01
full,1,1,rear_yaw,73.37425440110519,0.0,605,0.01
full,1,1,front_decay,1.6131443325117023,0.0,605,0.01
full,1,1,rear_decay,0.9534273858990866,0.0,605,0.01
full,1,1,actuator_rate,5.861739646863612,0.0,605,0.01
full,1,2,yaw_front,0.7248938854830889,4.440892098500626e-16,605,0.01
full,1,2,yaw_rear,6.786343462562834,4.440892098500626e-16,605,0.01
full,1,2,front_beta,76.64725364610001,4.440892098500626e-16,605,0.01
full,1,2,front_yaw,21.038262088735504,4.440892098500626e-16,605,0.01
full,1,2,rear_beta,9.5959595959596,4.440892098500626e-16,605,0.01
full,1,2,rear_yaw,24.65829664796207,4.440892098500626e-16,605,0.01
full,1,2,front_decay,0.976467153977506,4.440892098500626e-16,605,0.01
full,1,2,rear_decay,0.9255302987085422,4.440892098500626e-16,605,0.01
full,1,2,actuator_rate,11.76895770494298,4.440892098500626e-16,605,0.01
full,2,0,yaw_front,0.6058902890418044,4.440892098500626e-16,605,0.01
full,2,0,yaw_rear,4.579552578361201,4.440892098500626e-16,605,0.01
full,2,0,front_beta,69.1392829629226,4.440892098500626e-16,605,0.01
full,2,0,front_yaw,23.40199456087714,4.440892098500626e-16,605,0.01
full,2,0,rear_beta,9.5959595959596,4.440892098500626e-16,605,0.01
full,2,0,rear_yaw,24.54965940750936,4.440892098500626e-16,605,0.01
full,2,0,front_decay,0.9596714424923758,4.440892098500626e-16,605,0.01
full,2,0,rear_decay,0.7622354059293895,4.440892098500626e-16,605,0.01
full,2,0,actuator_rate,7.671819717172037,4.440892098500626e-16,605,0.01
full,2,1,yaw_front,0.6231973239569448,8.881784197001252e-16,605,0.01
full,2,1,yaw_rear,0.8526907309711298,8.881784197001252e-16,605,0.01
full,2,1,front_beta,67.28734221162823,8.881784197001252e-16,605,0.01
full,2,1,front_yaw,76.79019493549796,8.881784197001252e-16,605,0.01
full,2,1,rear_beta,46.98998046378275,8.881784197001252e-16,605,0.01
full,2,1,rear_yaw,73.37424109921706,8.881784197001252e-16,605,0.01
full,2,1,front_decay,1.6131446825622149,8.881784197001252e-16,605,0.01
full,2,1,rear_decay,0.9534270079467771,8.881784197001252e-16,605,0.01
full,2,1,actuator_rate,5.861739804301117,8.881784197001252e-16,605,0.01
full,2,2,yaw_front,0.7248938488232062,1.3322676295501878e-15,605,0.01
full,2,2,yaw_rear,6.786345060910104,1.3322676295501878e-15,605,0.01
full,2,2,front_beta,76.64726696713838,1.3322676295501878e-15,605,0.01
full,2,2,front_yaw,21.03825833888682,1.3322676295501878e-15,605,0.01
full,2,2,rear_beta,9.5959595959596,1.3322676295501878e-15,605,0.01
full,2,2,rear_yaw,24.65829502201018,1.3322676295501878e-15,605,0.01
full,2,2,front_decay,0.9764673147575872,1.3322676295501878e-15,605,0.01
full,2,2,rear_decay,0.9255305085521444,1.3322676295501878e-15,605,0.01
full,2,2,actuator_rate,11.768957563891972,1.3322676295501878e-15,605,0.01
full,3,0,yaw_front,0.6058902890418044,4.440892098500626e-16,605,0.01
full,3,0,yaw_rear,4.579552578361201,4.440892098500626e-16,605,0.01
full,3,0,front_beta,69.1392829629226,4.440892098500626e-16,605,0.01
full,3,0,front_yaw,23.40199456087714,4.440892098500626e-16,605,0.01
full,3,0,rear_beta,9.5959595959596,4.440892098500626e-16,605,0.01
full,3,0,rear_yaw,24.54965940750936,4.440892098500626e-16,605,0.01
full,3,0,front_decay,0.9596714424923758,4.440892098500626e-16,605,0.01
full,3,0,rear_decay,0.7622354059293895,4.440892098500626e-16,605,0.01
full,3,0,actuator_rate,7.671819717172037,4.440892098500626e-16,605,0.01
full,3,1,yaw_front,0.7248938242772515,8.881784197001252e-16,605,0.01
full,3,1,yaw_rear,6.786345075409099,8.881784197001252e-16,605,0.01
full,3,1,front_beta,76.64727025362266,8.881784197001252e-16,605,0.01
full,3,1,front_yaw,21.038258485207088,8.881784197001252e-16,605,0.01
full,3,1,rear_beta,9.595959595959595,8.881784197001252e-16,605,0.01
full,3,1,rear_yaw,24.6582950238563,8.881784197001252e-16,605,0.01
full,3,1,front_decay,0.9764673634621054,8.881784197001252e-16,605,0.01
full,3,1,rear_decay,0.9255305474191552,8.881784197001252e-16,605,0.01
full,3,1,actuator_rate,11.768957862843369,8.881784197001252e-16,605,0.01
full,3,2,yaw_front,0.6231974542990689,0.0,605,0.01
full,3,2,yaw_rear,0.8526909062813454,0.0,605,0.01
full,3,2,front_beta,67.28728747906841,0.0,605,0.01
full,3,2,front_yaw,76.79013328275474,0.0,605,0.01
full,3,2,rear_beta,46.98999365893693,0.0,605,0.01
full,3,2,rear_yaw,73.3742622160643,0.0,605,0.01
full,3,2,front_decay,1.6131434148028785,0.0,605,0.01
full,3,2,rear_decay,0.95342734876704,0.0,605,0.01
full,3,2,actuator_rate,5.861739720240228,0.0,605,0.01
full,4,0,yaw_front,0.6058902890418044,4.440892098500626e-16,605,0.01
full,4,0,yaw_rear,4.579552578361201,4.440892098500626e-16,605,0.01
full,4,0,front_beta,69.1392829629226,4.440892098500626e-16,605,0.01
full,4,0,front_yaw,23.40199456087714,4.440892098500626e-16,605,0.01
full,4,0,rear_beta,9.5959595959596,4.440892098500626e-16,605,0.01
full,4,0,rear_yaw,24.54965940750936,4.440892098500626e-16,605,0.01
full,4,0,front_decay,0.9596714424923758,4.440892098500626e-16,605,0.01
full,4,0,rear_decay,0.7622354059293895,4.440892098500626e-16,605,0.01
full,4,0,actuator_rate,7.671819717172037,4.440892098500626e-16,605,0.01
full,4,1,yaw_front,0.724893884106093,0.0,605,0.01
full,4,1,yaw_rear,6.786346571919319,0.0,605,0.01
full,4,1,front_beta,76.64726697151501,0.0,605,0.01
full,4,1,front_yaw,21.038254742247016,0.0,605,0.01
full,4,1,rear_beta,9.595959595959595,0.0,605,0.01
full,4,1,rear_yaw,24.658295095169347,0.0,605,0.01
full,4,1,front_decay,0.976467309928177,0.0,605,0.01
full,4,1,rear_decay,0.9255306684990484,0.0,605,0.01
full,4,1,actuator_rate,11.768957826724677,0.0,605,0.01
full,4,2,yaw_front,0.5545922313812145,8.881784197001252e-16,605,0.01
full,4,2,yaw_rear,2.6007458904619742,8.881784197001252e-16,605,0.01
full,4,2,front_beta,29.08471061572802,8.881784197001252e-16,605,0.01
full,4,2,front_yaw,14.74163414976664,8.881784197001252e-16,605,0.01
full,4,2,rear_beta,9.595959595959595,8.881784197001252e-16,605,0.01
full,4,2,rear_yaw,22.80832704791293,8.881784197001252e-16,605,0.01
full,4,2,front_decay,0.5132211274975697,8.881784197001252e-16,605,0.01
full,4,2,rear_decay,0.5220888948542994,8.881784197001252e-16,605,0.01
full,4,2,actuator_rate,5.789984066989786,8.881784197001252e-16,605,0.01
full,5,0,yaw_front,0.6058902890418044,4.440892098500626e-16,605,0.01
full,5,0,yaw_rear,4.579552578361201,4.440892098500626e-16,605,0.01
full,5,0,front_beta,69.1392829629226,4.440892098500626e-16,605,0.01
full,5,0,front_yaw,23.40199456087714,4.440892098500626e-16,605,0.01
full,5,0,rear_beta,9.5959595959596,4.440892098500626e-16,605,0.01
full,5,0,rear_yaw,24.54965940750936,4.440892098500626e-16,605,0.01
full,5,0,front_decay,0.9596714424923758,4.440892098500626e-16,605,0.01
full,5,0,rear_decay,0.7622354059293895,4.440892098500626e-16,605,0.01
full,5,0,actuator_rate,7.671819717172037,4.440892098500626e-16,605,0.01
full,5,1,yaw_front,0.6231971564360926,8.881784197001252e-16,605,0.01
full,5,1,yaw_rear,0.8526915566660339,8.881784197001252e-16,605,0.01
full,5,1,front_beta,67.28735410243303,8.881784197001252e-16,605,0.01
full,5,1,front_yaw,76.79014883876141,8.881784197001252e-16,605,0.01
full,5,1,rear_beta,46.990001374469394,8.881784197001252e-16,605,0.01
full,5,1,rear_yaw,73.37430751321698,8.881784197001252e-16,605,0.01
full,5,1,front_decay,1.6131442866670729,8.881784197001252e-16,605,0.01
full,5,1,rear_decay,0.9534282933062164,8.881784197001252e-16,605,0.01
full,5,1,actuator_rate,5.861739371207182,8.881784197001252e-16,605,0.01
full,5,2,yaw_front,0.724893918346672,0.0,605,0.01
full,5,2,yaw_rear,6.786346069202414,0.0,605,0.01
full,5,2,front_beta,76.64725323741763,0.0,605,0.01
full,5,2,front_yaw,21.03825339387295,0.0,605,0.01
full,5,2,rear_beta,9.595959595959595,0.0,605,0.01
full,5,2,rear_yaw,24.658294941824963,0.0,605,0.01
full,5,2,front_decay,0.9764671320587288,0.0,605,0.01
full,5,2,rear_decay,0.925530553688059,0.0,605,0.01
full,5,2,actuator_rate,11.768957867238331,0.0,605,0.01
fold0,0,0,yaw_front,0.5113363622524176,8.881784197001252e-16,605,1.0
fold0,0,0,yaw_rear,0.9849985595046542,8.881784197001252e-16,605,1.0
fold0,0,0,front_beta,75.64763939050692,8.881784197001252e-16,605,1.0
fold0,0,0,front_yaw,71.67910808526875,8.881784197001252e-16,605,1.0
fold0,0,0,rear_beta,18.19373713517776,8.881784197001252e-16,605,1.0
fold0,0,0,rear_yaw,33.20840722479886,8.881784197001252e-16,605,1.0
fold0,0,0,front_decay,1.4086963074643484,8.881784197001252e-16,605,1.0
fold0,0,0,rear_decay,0.4212753281385941,8.881784197001252e-16,605,1.0
fold0,0,0,actuator_rate,10.09837269124506,8.881784197001252e-16,605,1.0
fold0,0,1,yaw_front,0.7152260590917442,8.881784197001252e-16,605,1.0
fold0,0,1,yaw_rear,0.9808710102436764,8.881784197001252e-16,605,1.0
fold0,0,1,front_beta,60.70669188967575,8.881784197001252e-16,605,1.0
fold0,0,1,front_yaw,62.49425370372342,8.881784197001252e-16,605,1.0
fold0,0,1,rear_beta,49.90040671368157,8.881784197001252e-16,605,1.0
fold0,0,1,rear_yaw,70.44921751947557,8.881784197001252e-16,605,1.0
fold0,0,1,front_decay,1.649104488920134,8.881784197001252e-16,605,1.0
fold0,0,1,rear_decay,1.2037408372256515,8.881784197001252e-16,605,1.0
fold0,0,1,actuator_rate,6.859687348397237,8.881784197001252e-16,605,1.0
fold0,0,2,yaw_front,0.73374103535309,8.881784197001252e-16,605,1.0
fold0,0,2,yaw_rear,1.0823498244887275,8.881784197001252e-16,605,1.0
fold0,0,2,front_beta,91.2502884113073,8.881784197001252e-16,605,1.0
fold0,0,2,front_yaw,98.35990721765536,8.881784197001252e-16,605,1.0
fold0,0,2,rear_beta,40.346235542210174,8.881784197001252e-16,605,1.0
fold0,0,2,rear_yaw,64.15222550547799,8.881784197001252e-16,605,1.0
fold0,0,2,front_decay,1.6332880995466366,8.881784197001252e-16,605,1.0
fold0,0,2,rear_decay,0.77642206668239,8.881784197001252e-16,605,1.0
fold0,0,2,actuator_rate,17.193473912145063,8.881784197001252e-16,605,1.0
fold0,1,0,yaw_front,0.5113363622524176,8.881784197001252e-16,605,1.0
fold0,1,0,yaw_rear,0.9849985595046542,8.881784197001252e-16,605,1.0
fold0,1,0,front_beta,75.64763939050692,8.881784197001252e-16,605,1.0
fold0,1,0,front_yaw,71.67910808526875,8.881784197001252e-16,605,1.0
fold0,1,0,rear_beta,18.19373713517776,8.881784197001252e-16,605,1.0
fold0,1,0,rear_yaw,33.20840722479886,8.881784197001252e-16,605,1.0
fold0,1,0,front_decay,1.4086963074643484,8.881784197001252e-16,605,1.0
fold0,1,0,rear_decay,0.4212753281385941,8.881784197001252e-16,605,1.0
fold0,1,0,actuator_rate,10.09837269124506,8.881784197001252e-16,605,1.0
fold0,1,1,yaw_front,0.7152259547994643,8.881784197001252e-16,605,1.0
fold0,1,1,yaw_rear,0.9808741246500974,8.881784197001252e-16,605,1.0
fold0,1,1,front_beta,60.70642403428101,8.881784197001252e-16,605,1.0
fold0,1,1,front_yaw,62.49385078432108,8.881784197001252e-16,605,1.0
fold0,1,1,rear_beta,49.90058701714343,8.881784197001252e-16,605,1.0
fold0,1,1,rear_yaw,70.44956266437241,8.881784197001252e-16,605,1.0
fold0,1,1,front_decay,1.6490947169110586,8.881784197001252e-16,605,1.0
fold0,1,1,rear_decay,1.203747738365137,8.881784197001252e-16,605,1.0
fold0,1,1,actuator_rate,6.85968807501189,8.881784197001252e-16,605,1.0
fold0,1,2,yaw_front,0.7337409629363465,8.881784197001252e-16,605,1.0
fold0,1,2,yaw_rear,1.0823498175747928,8.881784197001252e-16,605,1.0
fold0,1,2,front_beta,91.25024768988564,8.881784197001252e-16,605,1.0
fold0,1,2,front_yaw,98.3598618527273,8.881784197001252e-16,605,1.0
fold0,1,2,rear_beta,40.34621912445899,8.881784197001252e-16,605,1.0
fold0,1,2,rear_yaw,64.15220436301708,8.881784197001252e-16,605,1.0
fold0,1,2,front_decay,1.633287236033109,8.881784197001252e-16,605,1.0
fold0,1,2,rear_decay,0.7764217442427871,8.881784197001252e-16,605,1.0
fold0,1,2,actuator_rate,17.193474006103344,8.881784197001252e-16,605,1.0
fold0,2,0,yaw_front,0.5113363622524176,8.881784197001252e-16,605,1.0
fold0,2,0,yaw_rear,0.9849985595046542,8.881784197001252e-16,605,1.0
fold0,2,0,front_beta,75.64763939050692,8.881784197001252e-16,605,1.0
fold0,2,0,front_yaw,71.67910808526875,8.881784197001252e-16,605,1.0
fold0,2,0,rear_beta,18.19373713517776,8.881784197001252e-16,605,1.0
fold0,2,0,rear_yaw,33.20840722479886,8.881784197001252e-16,605,1.0
fold0,2,0,front_decay,1.4086963074643484,8.881784197001252e-16,605,1.0
fold0,2,0,rear_decay,0.4212753281385941,8.881784197001252e-16,605,1.0
fold0,2,0,actuator_rate,10.09837269124506,8.881784197001252e-16,605,1.0
fold0,2,1,yaw_front,0.5574999532002123,8.881784197001252e-16,605,1.0
fold0,2,1,yaw_rear,0.7443028281314197,8.881784197001252e-16,605,1.0
fold0,2,1,front_beta,68.0549895469253,8.881784197001252e-16,605,1.0
fold0,2,1,front_yaw,69.12022015190708,8.881784197001252e-16,605,1.0
fold0,2,1,rear_beta,21.53053798672624,8.881784197001252e-16,605,1.0
fold0,2,1,rear_yaw,29.194756461071623,8.881784197001252e-16,605,1.0
fold0,2,1,front_decay,1.67140935542047,8.881784197001252e-16,605,1.0
fold0,2,1,rear_decay,0.4447345309491145,8.881784197001252e-16,605,1.0
fold0,2,1,actuator_rate,8.651595081159742,8.881784197001252e-16,605,1.0
fold0,2,2,yaw_front,0.835603549356451,8.881784197001252e-16,605,1.0
fold0,2,2,yaw_rear,1.2416730350671896,8.881784197001252e-16,605,1.0
fold0,2,2,front_beta,111.34438885375356,8.881784197001252e-16,605,1.0
fold0,2,2,front_yaw,127.55307656422384,8.881784197001252e-16,605,1.0
fold0,2,2,rear_beta,72.07743589042654,8.881784197001252e-16,605,1.0
fold0,2,2,rear_yaw,122.69557623364432,8.881784197001252e-16,605,1.0
fold0,2,2,front_decay,1.7792635148818603,8.881784197001252e-16,605,1.0
fold0,2,2,rear_decay,1.3226670013283863,8.881784197001252e-16,605,1.0
fold0,2,2,actuator_rate,17.882808935351026,8.881784197001252e-16,605,1.0
fold0,3,0,yaw_front,0.5113363622524176,8.881784197001252e-16,605,1.0
fold0,3,0,yaw_rear,0.9849985595046542,8.881784197001252e-16,605,1.0
fold0,3,0,front_beta,75.64763939050692,8.881784197001252e-16,605,1.0
fold0,3,0,front_yaw,71.67910808526875,8.881784197001252e-16,605,1.0
fold0,3,0,rear_beta,18.19373713517776,8.881784197001252e-16,605,1.0
fold0,3,0,rear_yaw,33.20840722479886,8.881784197001252e-16,605,1.0
fold0,3,0,front_decay,1.4086963074643484,8.881784197001252e-16,605,1.0
fold0,3,0,rear_decay,0.4212753281385941,8.881784197001252e-16,605,1.0
fold0,3,0,actuator_rate,10.09837269124506,8.881784197001252e-16,605,1.0
fold0,3,1,yaw_front,0.7337411849892825,0.0,605,1.0
fold0,3,1,yaw_rear,1.0823497343103627,0.0,605,1.0
fold0,3,1,front_beta,91.25037164186698,0.0,605,1.0
fold0,3,1,front_yaw,98.36000645584237,0.0,605,1.0
fold0,3,1,rear_beta,40.34626859047789,0.0,605,1.0
fold0,3,1,rear_yaw,64.15226583666846,0.0,605,1.0
fold0,3,1,front_decay,1.633289905216871,0.0,605,1.0
fold0,3,1,rear_decay,0.7764226529965076,0.0,605,1.0
fold0,3,1,actuator_rate,17.193473686668693,0.0,605,1.0
fold0,3,2,yaw_front,0.7152259500041406,8.881784197001252e-16,605,1.0
fold0,3,2,yaw_rear,0.9808697320359168,8.881784197001252e-16,605,1.0
fold0,3,2,front_beta,60.70678923268558,8.881784197001252e-16,605,1.0
fold0,3,2,front_yaw,62.49440100908293,8.881784197001252e-16,605,1.0
fold0,3,2,rear_beta,49.900304737391664,8.881784197001252e-16,605,1.0
fold0,3,2,rear_yaw,70.44904558068541,8.881784197001252e-16,605,1.0
fold0,3,2,front_decay,1.6491079240927793,8.881784197001252e-16,605,1.0
fold0,3,2,rear_decay,1.203737371957484,8.881784197001252e-16,605,1.0
fold0,3,2,actuator_rate,6.859687436968593,8.881784197001252e-16,605,1.0
fold0,4,0,yaw_front,0.5113363622524176,8.881784197001252e-16,605,1.0
fold0,4,0,yaw_rear,0.9849985595046542,8.881784197001252e-16,605,1.0
fold0,4,0,front_beta,75.64763939050692,8.881784197001252e-16,605,1.0
fold0,4,0,front_yaw,71.67910808526875,8.881784197001252e-16,605,1.0
fold0,4,0,rear_beta,18.19373713517776,8.881784197001252e-16,605,1.0
fold0,4,0,rear_yaw,33.20840722479886,8.881784197001252e-16,605,1.0
fold0,4,0,front_decay,1.4086963074643484,8.881784197001252e-16,605,1.0
fold0,4,0,rear_decay,0.4212753281385941,8.881784197001252e-16,605,1.0
fold0,4,0,actuator_rate,10.09837269124506,8.881784197001252e-16,605,1.0
fold0,4,1,yaw_front,0.8119328031806821,8.881784197001252e-16,605,1.0
fold0,4,1,yaw_rear,1.6669112948269615,8.881784197001252e-16,605,1.0
fold0,4,1,front_beta,92.70349252852569,8.881784197001252e-16,605,1.0
fold0,4,1,front_yaw,109.21816951321284,8.881784197001252e-16,605,1.0
fold0,4,1,rear_beta,23.97077502672452,8.881784197001252e-16,605,1.0
fold0,4,1,rear_yaw,57.97934100038443,8.881784197001252e-16,605,1.0
fold0,4,1,front_decay,1.901541117830544,8.881784197001252e-16,605,1.0
fold0,4,1,rear_decay,0.4024217102573277,8.881784197001252e-16,605,1.0
fold0,4,1,actuator_rate,9.142945749669328,8.881784197001252e-16,605,1.0
fold0,4,2,yaw_front,0.5113364180370328,8.881784197001252e-16,605,1.0
fold0,4,2,yaw_rear,0.9850004492027704,8.881784197001252e-16,605,1.0
fold0,4,2,front_beta,75.647434839262,8.881784197001252e-16,605,1.0
fold0,4,2,front_yaw,71.67881822719153,8.881784197001252e-16,605,1.0
fold0,4,2,rear_beta,18.193695218476385,8.881784197001252e-16,605,1.0
fold0,4,2,rear_yaw,33.20834630855189,8.881784197001252e-16,605,1.0
fold0,4,2,front_decay,1.4086918498853462,8.881784197001252e-16,605,1.0
fold0,4,2,rear_decay,0.4212747710896202,8.881784197001252e-16,605,1.0
fold0,4,2,actuator_rate,10.098370120715774,8.881784197001252e-16,605,1.0
fold0,5,0,yaw_front,0.5113363622524176,8.881784197001252e-16,605,1.0
fold0,5,0,yaw_rear,0.9849985595046542,8.881784197001252e-16,605,1.0
fold0,5,0,front_beta,75.64763939050692,8.881784197001252e-16,605,1.0
fold0,5,0,front_yaw,71.67910808526875,8.881784197001252e-16,605,1.0
fold0,5,0,rear_beta,18.19373713517776,8.881784197001252e-16,605,1.0
fold0,5,0,rear_yaw,33.20840722479886,8.881784197001252e-16,605,1.0
fold0,5,0,front_decay,1.4086963074643484,8.881784197001252e-16,605,1.0
fold0,5,0,rear_decay,0.4212753281385941,8.881784197001252e-16,605,1.0
fold0,5,0,actuator_rate,10.09837269124506,8.881784197001252e-16,605,1.0
fold0,5,1,yaw_front,0.715226121527593,8.881784197001252e-16,605,1.0
fold0,5,1,yaw_rear,0.9808697921077852,8.881784197001252e-16,605,1.0
fold0,5,1,front_beta,60.70677597906767,8.881784197001252e-16,605,1.0
fold0,5,1,front_yaw,62.49439523438004,8.881784197001252e-16,605,1.0
fold0,5,1,rear_beta,49.90034099695605,8.881784197001252e-16,605,1.0
fold0,5,1,rear_yaw,70.44909306227007,8.881784197001252e-16,605,1.0
fold0,5,1,front_decay,1.6491076955651467,8.881784197001252e-16,605,1.0
fold0,5,1,rear_decay,1.2037382083527042,8.881784197001252e-16,605,1.0
fold0,5,1,actuator_rate,6.8596874443576645,8.881784197001252e-16,605,1.0
fold0,5,2,yaw_front,0.7337410720412042,8.881784197001252e-16,605,1.0
fold0,5,2,yaw_rear,1.0823498378946832,8.881784197001252e-16,605,1.0
fold0,5,2,front_beta,91.25029184441588,8.881784197001252e-16,605,1.0
fold0,5,2,front_yaw,98.3599117300376,8.881784197001252e-16,605,1.0
fold0,5,2,rear_beta,40.34624214223293,8.881784197001252e-16,605,1.0
fold0,5,2,rear_yaw,64.15223411614153,8.881784197001252e-16,605,1.0
fold0,5,2,front_decay,1.6332881909679058,8.881784197001252e-16,605,1.0
fold0,5,2,rear_decay,0.7764221828873304,8.881784197001252e-16,605,1.0
fold0,5,2,actuator_rate,17.19347388941691,8.881784197001252e-16,605,1.0
fold1,0,0,yaw_front,0.4367598431171442,8.881784197001252e-16,605,1.0
fold1,0,0,yaw_rear,1.0658926317694857,8.881784197001252e-16,605,1.0
fold1,0,0,front_beta,77.95024414936361,8.881784197001252e-16,605,1.0
fold1,0,0,front_yaw,84.19238742983023,8.881784197001252e-16,605,1.0
fold1,0,0,rear_beta,9.595959595959595,8.881784197001252e-16,605,1.0
fold1,0,0,rear_yaw,25.29382529500001,8.881784197001252e-16,605,1.0
fold1,0,0,front_decay,1.3860278503597014,8.881784197001252e-16,605,1.0
fold1,0,0,rear_decay,0.3378701442426951,8.881784197001252e-16,605,1.0
fold1,0,0,actuator_rate,10.82250630870552,8.881784197001252e-16,605,1.0
fold1,0,1,yaw_front,0.52620006104207,8.881784197001252e-16,605,1.0
fold1,0,1,yaw_rear,0.6832451079569358,8.881784197001252e-16,605,1.0
fold1,0,1,front_beta,117.00903363765585,8.881784197001252e-16,605,1.0
fold1,0,1,front_yaw,121.48647096462098,8.881784197001252e-16,605,1.0
fold1,0,1,rear_beta,21.056246146649,8.881784197001252e-16,605,1.0
fold1,0,1,rear_yaw,28.38671316755689,8.881784197001252e-16,605,1.0
fold1,0,1,front_decay,3.3033344100182203,8.881784197001252e-16,605,1.0
fold1,0,1,rear_decay,0.4661589784787743,8.881784197001252e-16,605,1.0
fold1,0,1,actuator_rate,8.913060124323815,8.881784197001252e-16,605,1.0
fold1,0,2,yaw_front,0.5774087995316057,8.881784197001252e-16,605,1.0
fold1,0,2,yaw_rear,0.9778603292131458,8.881784197001252e-16,605,1.0
fold1,0,2,front_beta,62.469324790562965,8.881784197001252e-16,605,1.0
fold1,0,2,front_yaw,120.89575146308472,8.881784197001252e-16,605,1.0
fold1,0,2,rear_beta,14.25434556371999,8.881784197001252e-16,605,1.0
fold1,0,2,rear_yaw,46.71807502891157,8.881784197001252e-16,605,1.0
fold1,0,2,front_decay,0.882309856594685,8.881784197001252e-16,605,1.0
fold1,0,2,rear_decay,0.3629726346421456,8.881784197001252e-16,605,1.0
fold1,0,2,actuator_rate,14.328089744663115,8.881784197001252e-16,605,1.0
fold1,1,0,yaw_front,0.4367598431171442,8.881784197001252e-16,605,1.0
fold1,1,0,yaw_rear,1.0658926317694857,8.881784197001252e-16,605,1.0
fold1,1,0,front_beta,77.95024414936361,8.881784197001252e-16,605,1.0
fold1,1,0,front_yaw,84.19238742983023,8.881784197001252e-16,605,1.0
fold1,1,0,rear_beta,9.595959595959595,8.881784197001252e-16,605,1.0
fold1,1,0,rear_yaw,25.29382529500001,8.881784197001252e-16,605,1.0
fold1,1,0,front_decay,1.3860278503597014,8.881784197001252e-16,605,1.0
fold1,1,0,rear_decay,0.3378701442426951,8.881784197001252e-16,605,1.0
fold1,1,0,actuator_rate,10.82250630870552,8.881784197001252e-16,605,1.0
fold1,1,1,yaw_front,0.5808625088628004,8.881784197001252e-16,605,1.0
fold1,1,1,yaw_rear,0.8688213167997311,8.881784197001252e-16,605,1.0
fold1,1,1,front_beta,68.02542255064941,8.881784197001252e-16,605,1.0
fold1,1,1,front_yaw,90.0996179655881,8.881784197001252e-16,605,1.0
fold1,1,1,rear_beta,20.65542935188542,8.881784197001252e-16,605,1.0
fold1,1,1,rear_yaw,40.920699579881024,8.881784197001252e-16,605,1.0
fold1,1,1,front_decay,1.649384820915458,8.881784197001252e-16,605,1.0
fold1,1,1,rear_decay,0.5060518557711965,8.881784197001252e-16,605,1.0
fold1,1,1,actuator_rate,8.47307537955592,8.881784197001252e-16,605,1.0
fold1,1,2,yaw_front,0.6542553319063547,0.0,605,1.0
fold1,1,2,yaw_rear,0.931602399515412,0.0,605,1.0
fold1,1,2,front_beta,118.74134347187112,0.0,605,1.0
fold1,1,2,front_yaw,138.65428766968066,0.0,605,1.0
fold1,1,2,rear_beta,26.54616493438421,0.0,605,1.0
fold1,1,2,rear_yaw,44.13838737467554,0.0,605,1.0
fold1,1,2,front_decay,2.239329415049352,0.0,605,1.0
fold1,1,2,rear_decay,0.5631497771359303,0.0,605,1.0
fold1,1,2,actuator_rate,16.48668891601552,0.0,605,1.0
fold1,2,0,yaw_front,0.4367598431171442,8.881784197001252e-16,605,1.0
fold1,2,0,yaw_rear,1.0658926317694857,8.881784197001252e-16,605,1.0
fold1,2,0,front_beta,77.95024414936361,8.881784197001252e-16,605,1.0
fold1,2,0,front_yaw,84.19238742983023,8.881784197001252e-16,605,1.0
fold1,2,0,rear_beta,9.595959595959595,8.881784197001252e-16,605,1.0
fold1,2,0,rear_yaw,25.29382529500001,8.881784197001252e-16,605,1.0
fold1,2,0,front_decay,1.3860278503597014,8.881784197001252e-16,605,1.0
fold1,2,0,rear_decay,0.3378701442426951,8.881784197001252e-16,605,1.0
fold1,2,0,actuator_rate,10.82250630870552,8.881784197001252e-16,605,1.0
fold1,2,1,yaw_front,0.5701315273561601,8.881784197001252e-16,605,1.0
fold1,2,1,yaw_rear,0.3909712441330414,8.881784197001252e-16,605,1.0
fold1,2,1,front_beta,105.21182825261036,8.881784197001252e-16,605,1.0
fold1,2,1,front_yaw,175.6422232927164,8.881784197001252e-16,605,1.0
fold1,2,1,rear_beta,20.17494490255532,8.881784197001252e-16,605,1.0
fold1,2,1,rear_yaw,23.09651605649915,8.881784197001252e-16,605,1.0
fold1,2,1,front_decay,2.642509137054566,8.881784197001252e-16,605,1.0
fold1,2,1,rear_decay,0.2554903972709659,8.881784197001252e-16,605,1.0
fold1,2,1,actuator_rate,12.203689286791878,8.881784197001252e-16,605,1.0
fold1,2,2,yaw_front,0.484294890477124,4.440892098500626e-16,605,1.0
fold1,2,2,yaw_rear,1.07775347860087,4.440892098500626e-16,605,1.0
fold1,2,2,front_beta,69.26415543869132,4.440892098500626e-16,605,1.0
fold1,2,2,front_yaw,96.74049264679434,4.440892098500626e-16,605,1.0
fold1,2,2,rear_beta,12.551629521388657,4.440892098500626e-16,605,1.0
fold1,2,2,rear_yaw,39.013005572452016,4.440892098500626e-16,605,1.0
fold1,2,2,front_decay,1.2336423824530642,4.440892098500626e-16,605,1.0
fold1,2,2,rear_decay,0.3832167632672791,4.440892098500626e-16,605,1.0
fold1,2,2,actuator_rate,9.885754534577048,4.440892098500626e-16,605,1.0
fold1,3,0,yaw_front,0.4367598431171442,8.881784197001252e-16,605,1.0
fold1,3,0,yaw_rear,1.0658926317694857,8.881784197001252e-16,605,1.0
fold1,3,0,front_beta,77.95024414936361,8.881784197001252e-16,605,1.0
fold1,3,0,front_yaw,84.19238742983023,8.881784197001252e-16,605,1.0
fold1,3,0,rear_beta,9.595959595959595,8.881784197001252e-16,605,1.0
fold1,3,0,rear_yaw,25.29382529500001,8.881784197001252e-16,605,1.0
fold1,3,0,front_decay,1.3860278503597014,8.881784197001252e-16,605,1.0
fold1,3,0,rear_decay,0.3378701442426951,8.881784197001252e-16,605,1.0
fold1,3,0,actuator_rate,10.82250630870552,8.881784197001252e-16,605,1.0
fold1,3,1,yaw_front,0.6286796118044807,4.440892098500626e-16,605,1.0
fold1,3,1,yaw_rear,1.0486408526613045,4.440892098500626e-16,605,1.0
fold1,3,1,front_beta,121.66431770462322,4.440892098500626e-16,605,1.0
fold1,3,1,front_yaw,131.32284329745136,4.440892098500626e-16,605,1.0
fold1,3,1,rear_beta,23.767419647102887,4.440892098500626e-16,605,1.0
fold1,3,1,rear_yaw,42.79139877653506,4.440892098500626e-16,605,1.0
fold1,3,1,front_decay,2.153167300008882,4.440892098500626e-16,605,1.0
fold1,3,1,rear_decay,0.5587579815018198,4.440892098500626e-16,605,1.0
fold1,3,1,actuator_rate,18.10818744423821,4.440892098500626e-16,605,1.0
fold1,3,2,yaw_front,0.5829796291455024,0.0,605,1.0
fold1,3,2,yaw_rear,0.8632712577702423,0.0,605,1.0
fold1,3,2,front_beta,81.15410596548776,0.0,605,1.0
fold1,3,2,front_yaw,91.81541465757084,0.0,605,1.0
fold1,3,2,rear_beta,23.12589645034205,0.0,605,1.0
fold1,3,2,rear_yaw,38.74338665546965,0.0,605,1.0
fold1,3,2,front_decay,2.061201139575559,0.0,605,1.0
fold1,3,2,rear_decay,0.5575720712490109,0.0,605,1.0
fold1,3,2,actuator_rate,9.007848307740264,0.0,605,1.0
fold1,4,0,yaw_front,0.4367598431171442,8.881784197001252e-16,605,1.0
fold1,4,0,yaw_rear,1.0658926317694857,8.881784197001252e-16,605,1.0
fold1,4,0,front_beta,77.95024414936361,8.881784197001252e-16,605,1.0
fold1,4,0,front_yaw,84.19238742983023,8.881784197001252e-16,605,1.0
fold1,4,0,rear_beta,9.595959595959595,8.881784197001252e-16,605,1.0
fold1,4,0,rear_yaw,25.29382529500001,8.881784197001252e-16,605,1.0
fold1,4,0,front_decay,1.3860278503597014,8.881784197001252e-16,605,1.0
fold1,4,0,rear_decay,0.3378701442426951,8.881784197001252e-16,605,1.0
fold1,4,0,actuator_rate,10.82250630870552,8.881784197001252e-16,605,1.0
fold1,4,1,yaw_front,0.7832996790090996,8.881784197001252e-16,605,1.0
fold1,4,1,yaw_rear,1.0005185108695474,8.881784197001252e-16,605,1.0
fold1,4,1,front_beta,78.91288049548216,8.881784197001252e-16,605,1.0
fold1,4,1,front_yaw,136.710487198235,8.881784197001252e-16,605,1.0
fold1,4,1,rear_beta,32.095816566799606,8.881784197001252e-16,605,1.0
fold1,4,1,rear_yaw,71.02308675600537,8.881784197001252e-16,605,1.0
fold1,4,1,front_decay,1.2359217586289843,8.881784197001252e-16,605,1.0
fold1,4,1,rear_decay,0.6291772997114555,8.881784197001252e-16,605,1.0
fold1,4,1,actuator_rate,13.931412631919525,8.881784197001252e-16,605,1.0
fold1,4,2,yaw_front,0.5357229492915903,0.0,605,1.0
fold1,4,2,yaw_rear,0.6521129425509977,0.0,605,1.0
fold1,4,2,front_beta,98.07629699923686,0.0,605,1.0
fold1,4,2,front_yaw,117.04037966346807,0.0,605,1.0
fold1,4,2,rear_beta,19.08474667271671,0.0,605,1.0
fold1,4,2,rear_yaw,27.723025860591672,0.0,605,1.0
fold1,4,2,front_decay,2.597120207595234,0.0,605,1.0
fold1,4,2,rear_decay,0.4072525941523028,0.0,605,1.0
fold1,4,2,actuator_rate,9.629561665049057,0.0,605,1.0
fold1,5,0,yaw_front,0.4367598431171442,8.881784197001252e-16,605,1.0
fold1,5,0,yaw_rear,1.0658926317694857,8.881784197001252e-16,605,1.0
fold1,5,0,front_beta,77.95024414936361,8.881784197001252e-16,605,1.0
fold1,5,0,front_yaw,84.19238742983023,8.881784197001252e-16,605,1.0
fold1,5,0,rear_beta,9.595959595959595,8.881784197001252e-16,605,1.0
fold1,5,0,rear_yaw,25.29382529500001,8.881784197001252e-16,605,1.0
fold1,5,0,front_decay,1.3860278503597014,8.881784197001252e-16,605,1.0
fold1,5,0,rear_decay,0.3378701442426951,8.881784197001252e-16,605,1.0
fold1,5,0,actuator_rate,10.82250630870552,8.881784197001252e-16,605,1.0
fold1,5,1,yaw_front,0.5262004833046325,4.440892098500626e-16,605,1.0
fold1,5,1,yaw_rear,0.6832455625496267,4.440892098500626e-16,605,1.0
fold1,5,1,front_beta,117.00906404981332,4.440892098500626e-16,605,1.0
fold1,5,1,front_yaw,121.4864661253267,4.440892098500626e-16,605,1.0
fold1,5,1,rear_beta,21.05628317589986,4.440892098500626e-16,605,1.0
fold1,5,1,rear_yaw,28.38675068650844,4.440892098500626e-16,605,1.0
fold1,5,1,front_decay,3.303336211747016,4.440892098500626e-16,605,1.0
fold1,5,1,rear_decay,0.466159926786438,4.440892098500626e-16,605,1.0
fold1,5,1,actuator_rate,8.91305922710597,4.440892098500626e-16,605,1.0
fold1,5,2,yaw_front,0.5774090990110574,4.440892098500626e-16,605,1.0
fold1,5,2,yaw_rear,0.977860194384706,4.440892098500626e-16,605,1.0
fold1,5,2,front_beta,62.46943686407978,4.440892098500626e-16,605,1.0
fold1,5,2,front_yaw,120.89588420547582,4.440892098500626e-16,605,1.0
fold1,5,2,rear_beta,14.254373309152244,4.440892098500626e-16,605,1.0
fold1,5,2,rear_yaw,46.71810277222214,4.440892098500626e-16,605,1.0
fold1,5,2,front_decay,0.8823121772759263,4.440892098500626e-16,605,1.0
fold1,5,2,rear_decay,0.3629731235275733,4.440892098500626e-16,605,1.0
fold1,5,2,actuator_rate,14.328089061480458,4.440892098500626e-16,605,1.0
full,0,0,yaw_front,0.451001297781424,4.440892098500626e-16,605,1.0
full,0,0,yaw_rear,1.0774783995742632,4.440892098500626e-16,605,1.0
full,0,0,front_beta,72.17063553580813,4.440892098500626e-16,605,1.0
full,0,0,front_yaw,73.87765012018747,4.440892098500626e-16,605,1.0
full,0,0,rear_beta,10.950798682820857,4.440892098500626e-16,605,1.0
full,0,0,rear_yaw,26.78114367235689,4.440892098500626e-16,605,1.0
full,0,0,front_decay,1.252468638303886,4.440892098500626e-16,605,1.0
full,0,0,rear_decay,0.3445599965112359,4.440892098500626e-16,605,1.0
full,0,0,actuator_rate,10.433954507183174,4.440892098500626e-16,605,1.0
full,0,1,yaw_front,0.6609874156309509,4.440892098500626e-16,605,1.0
full,0,1,yaw_rear,0.7935541802823318,4.440892098500626e-16,605,1.0
full,0,1,front_beta,63.44738854269982,4.440892098500626e-16,605,1.0
full,0,1,front_yaw,79.29535268040841,4.440892098500626e-16,605,1.0
full,0,1,rear_beta,30.494230487298257,4.440892098500626e-16,605,1.0
full,0,1,rear_yaw,45.75463073678378,4.440892098500626e-16,605,1.0
full,0,1,front_decay,1.789584459679945,4.440892098500626e-16,605,1.0
full,0,1,rear_decay,0.6661596103781728,4.440892098500626e-16,605,1.0
full,0,1,actuator_rate,7.232596568075349,4.440892098500626e-16,605,1.0
full,0,2,yaw_front,0.7240168509060445,8.881784197001252e-16,605,1.0
full,0,2,yaw_rear,1.035897386539023,8.881784197001252e-16,605,1.0
full,0,2,front_beta,100.2222816907528,8.881784197001252e-16,605,1.0
full,0,2,front_yaw,116.0406557276422,8.881784197001252e-16,605,1.0
full,0,2,rear_beta,34.42339780431984,8.881784197001252e-16,605,1.0
full,0,2,rear_yaw,57.02531426986569,8.881784197001252e-16,605,1.0
full,0,2,front_decay,1.8492935970845816,8.881784197001252e-16,605,1.0
full,0,2,rear_decay,0.7074042443021255,8.881784197001252e-16,605,1.0
full,0,2,actuator_rate,15.905572247323256,8.881784197001252e-16,605,1.0
full,1,0,yaw_front,0.451001297781424,4.440892098500626e-16,605,1.0
full,1,0,yaw_rear,1.0774783995742632,4.440892098500626e-16,605,1.0
full,1,0,front_beta,72.17063553580813,4.440892098500626e-16,605,1.0
full,1,0,front_yaw,73.87765012018747,4.440892098500626e-16,605,1.0
full,1,0,rear_beta,10.950798682820857,4.440892098500626e-16,605,1.0
full,1,0,rear_yaw,26.78114367235689,4.440892098500626e-16,605,1.0
full,1,0,front_decay,1.252468638303886,4.440892098500626e-16,605,1.0
full,1,0,rear_decay,0.3445599965112359,4.440892098500626e-16,605,1.0
full,1,0,actuator_rate,10.433954507183174,4.440892098500626e-16,605,1.0
full,1,1,yaw_front,0.6609873821514768,1.3322676295501878e-15,605,1.0
full,1,1,yaw_rear,0.7935545990482764,1.3322676295501878e-15,605,1.0
full,1,1,front_beta,63.44743870566414,1.3322676295501878e-15,605,1.0
full,1,1,front_yaw,79.29539371544439,1.3322676295501878e-15,605,1.0
full,1,1,rear_beta,30.494252120886248,1.3322676295501878e-15,605,1.0
full,1,1,rear_yaw,45.75467716243394,1.3322676295501878e-15,605,1.0
full,1,1,front_decay,1.789585239640454,1.3322676295501878e-15,605,1.0
full,1,1,rear_decay,0.6661603344027208,1.3322676295501878e-15,605,1.0
full,1,1,actuator_rate,7.232592969995598,1.3322676295501878e-15,605,1.0
full,1,2,yaw_front,0.7240169204095539,8.881784197001252e-16,605,1.0
full,1,2,yaw_rear,1.035897005154687,8.881784197001252e-16,605,1.0
full,1,2,front_beta,100.22223302511986,8.881784197001252e-16,605,1.0
full,1,2,front_yaw,116.04063161987924,8.881784197001252e-16,605,1.0
full,1,2,rear_beta,34.42341221894006,8.881784197001252e-16,605,1.0
full,1,2,rear_yaw,57.02532752277178,8.881784197001252e-16,605,1.0
full,1,2,front_decay,1.849292771403525,8.881784197001252e-16,605,1.0
full,1,2,rear_decay,0.7074042300468937,8.881784197001252e-16,605,1.0
full,1,2,actuator_rate,15.905575831482478,8.881784197001252e-16,605,1.0
full,2,0,yaw_front,0.451001297781424,4.440892098500626e-16,605,1.0
full,2,0,yaw_rear,1.0774783995742632,4.440892098500626e-16,605,1.0
full,2,0,front_beta,72.17063553580813,4.440892098500626e-16,605,1.0
full,2,0,front_yaw,73.87765012018747,4.440892098500626e-16,605,1.0
full,2,0,rear_beta,10.950798682820857,4.440892098500626e-16,605,1.0
full,2,0,rear_yaw,26.78114367235689,4.440892098500626e-16,605,1.0
full,2,0,front_decay,1.252468638303886,4.440892098500626e-16,605,1.0
full,2,0,rear_decay,0.3445599965112359,4.440892098500626e-16,605,1.0
full,2,0,actuator_rate,10.433954507183174,4.440892098500626e-16,605,1.0
full,2,1,yaw_front,0.5001557665916712,4.440892098500626e-16,605,1.0
full,2,1,yaw_rear,0.5005923313303625,4.440892098500626e-16,605,1.0
full,2,1,front_beta,93.83307400740487,4.440892098500626e-16,605,1.0
full,2,1,front_yaw,139.56210127278953,4.440892098500626e-16,605,1.0
full,2,1,rear_beta,17.754347181942027,4.440892098500626e-16,605,1.0
full,2,1,rear_yaw,26.42987903566881,4.440892098500626e-16,605,1.0
full,2,1,front_decay,2.0404754627888995,4.440892098500626e-16,605,1.0
full,2,1,rear_decay,0.3003404497382795,4.440892098500626e-16,605,1.0
full,2,1,actuator_rate,12.747317442479067,4.440892098500626e-16,605,1.0
full,2,2,yaw_front,0.4836725077924951,4.440892098500626e-16,605,1.0
full,2,2,yaw_rear,1.0504845382655514,4.440892098500626e-16,605,1.0
full,2,2,front_beta,61.561512537223095,4.440892098500626e-16,605,1.0
full,2,2,front_yaw,96.37612030849074,4.440892098500626e-16,605,1.0
full,2,2,rear_beta,12.026534283526791,4.440892098500626e-16,605,1.0
full,2,2,rear_yaw,40.89205284944087,4.440892098500626e-16,605,1.0
full,2,2,front_decay,0.960395993791243,4.440892098500626e-16,605,1.0
full,2,2,rear_decay,0.3295377879107184,4.440892098500626e-16,605,1.0
full,2,2,actuator_rate,9.081294351217329,4.440892098500626e-16,605,1.0
full,3,0,yaw_front,0.451001297781424,4.440892098500626e-16,605,1.0
full,3,0,yaw_rear,1.0774783995742632,4.440892098500626e-16,605,1.0
full,3,0,front_beta,72.17063553580813,4.440892098500626e-16,605,1.0
full,3,0,front_yaw,73.87765012018747,4.440892098500626e-16,605,1.0
full,3,0,rear_beta,10.950798682820857,4.440892098500626e-16,605,1.0
full,3,0,rear_yaw,26.78114367235689,4.440892098500626e-16,605,1.0
full,3,0,front_decay,1.252468638303886,4.440892098500626e-16,605,1.0
full,3,0,rear_decay,0.3445599965112359,4.440892098500626e-16,605,1.0
full,3,0,actuator_rate,10.433954507183174,4.440892098500626e-16,605,1.0
full,3,1,yaw_front,0.7240167752476044,1.7763568394002505e-15,605,1.0
full,3,1,yaw_rear,1.035897374443694,1.7763568394002505e-15,605,1.0
full,3,1,front_beta,100.22230842736072,1.7763568394002505e-15,605,1.0
full,3,1,front_yaw,116.0406817535606,1.7763568394002505e-15,605,1.0
full,3,1,rear_beta,34.4233889217852,1.7763568394002505e-15,605,1.0
full,3,1,rear_yaw,57.02530242536324,1.7763568394002505e-15,605,1.0
full,3,1,front_decay,1.8492941132371783,1.7763568394002505e-15,605,1.0
full,3,1,rear_decay,0.7074041372779376,1.7763568394002505e-15,605,1.0
full,3,1,actuator_rate,15.905572144746865,1.7763568394002505e-15,605,1.0
full,3,2,yaw_front,0.6609879144088473,8.881784197001252e-16,605,1.0
full,3,2,yaw_rear,0.7935529110327517,8.881784197001252e-16,605,1.0
full,3,2,front_beta,63.44777078390119,8.881784197001252e-16,605,1.0
full,3,2,front_yaw,79.29591266814329,8.881784197001252e-16,605,1.0
full,3,2,rear_beta,30.494265800349705,8.881784197001252e-16,605,1.0
full,3,2,rear_yaw,45.75462348390408,8.881784197001252e-16,605,1.0
full,3,2,front_decay,1.789597736453247,8.881784197001252e-16,605,1.0
full,3,2,rear_decay,0.6661597379388602,8.881784197001252e-16,605,1.0
full,3,2,actuator_rate,7.232594875370042,8.881784197001252e-16,605,1.0
full,4,0,yaw_front,0.451001297781424,4.440892098500626e-16,605,1.0
full,4,0,yaw_rear,1.0774783995742632,4.440892098500626e-16,605,1.0
full,4,0,front_beta,72.17063553580813,4.440892098500626e-16,605,1.0
full,4,0,front_yaw,73.87765012018747,4.440892098500626e-16,605,1.0
full,4,0,rear_beta,10.950798682820857,4.440892098500626e-16,605,1.0
full,4,0,rear_yaw,26.78114367235689,4.440892098500626e-16,605,1.0
full,4,0,front_decay,1.252468638303886,4.440892098500626e-16,605,1.0
full,4,0,rear_decay,0.3445599965112359,4.440892098500626e-16,605,1.0
full,4,0,actuator_rate,10.433954507183174,4.440892098500626e-16,605,1.0
full,4,1,yaw_front,0.9092731940153224,8.881784197001252e-16,605,1.0
full,4,1,yaw_rear,1.3047068956805643,8.881784197001252e-16,605,1.0
full,4,1,front_beta,93.914218872904,8.881784197001252e-16,605,1.0
full,4,1,front_yaw,121.47653557065274,8.881784197001252e-16,605,1.0
full,4,1,rear_beta,60.198921873271615,8.881784197001252e-16,605,1.0
full,4,1,rear_yaw,111.72962216838864,8.881784197001252e-16,605,1.0
full,4,1,front_decay,1.5133476231048932,8.881784197001252e-16,605,1.0
full,4,1,rear_decay,1.220847313152997,8.881784197001252e-16,605,1.0
full,4,1,actuator_rate,15.73880091076946,8.881784197001252e-16,605,1.0
full,4,2,yaw_front,0.5499231287577376,8.881784197001252e-16,605,1.0
full,4,2,yaw_rear,0.6896128403596088,8.881784197001252e-16,605,1.0
full,4,2,front_beta,81.75136412046767,8.881784197001252e-16,605,1.0
full,4,2,front_yaw,92.30939116958648,8.881784197001252e-16,605,1.0
full,4,2,rear_beta,20.196141977236756,8.881784197001252e-16,605,1.0
full,4,2,rear_yaw,28.59714300538255,8.881784197001252e-16,605,1.0
full,4,2,front_decay,2.090299381735422,8.881784197001252e-16,605,1.0
full,4,2,rear_decay,0.4208972234366203,8.881784197001252e-16,605,1.0
full,4,2,actuator_rate,9.064555178956184,8.881784197001252e-16,605,1.0
full,5,0,yaw_front,0.451001297781424,4.440892098500626e-16,605,1.0
full,5,0,yaw_rear,1.0774783995742632,4.440892098500626e-16,605,1.0
full,5,0,front_beta,72.17063553580813,4.440892098500626e-16,605,1.0
full,5,0,front_yaw,73.87765012018747,4.440892098500626e-16,605,1.0
full,5,0,rear_beta,10.950798682820857,4.440892098500626e-16,605,1.0
full,5,0,rear_yaw,26.78114367235689,4.440892098500626e-16,605,1.0
full,5,0,front_decay,1.252468638303886,4.440892098500626e-16,605,1.0
full,5,0,rear_decay,0.3445599965112359,4.440892098500626e-16,605,1.0
full,5,0,actuator_rate,10.433954507183174,4.440892098500626e-16,605,1.0
full,5,1,yaw_front,0.550735502847638,4.440892098500626e-16,605,1.0
full,5,1,yaw_rear,0.7091535754431999,4.440892098500626e-16,605,1.0
full,5,1,front_beta,90.89242814741776,4.440892098500626e-16,605,1.0
full,5,1,front_yaw,92.9132071494774,4.440892098500626e-16,605,1.0
full,5,1,rear_beta,20.88876355852916,4.440892098500626e-16,605,1.0
full,5,1,rear_yaw,27.495378510368045,4.440892098500626e-16,605,1.0
full,5,1,front_decay,2.4564079108893946,4.440892098500626e-16,605,1.0
full,5,1,rear_decay,0.4444729167889729,4.440892098500626e-16,605,1.0
full,5,1,actuator_rate,8.785984299729174,4.440892098500626e-16,605,1.0
full,5,2,yaw_front,0.6546315337603206,8.881784197001252e-16,605,1.0
full,5,2,yaw_rear,1.1705770052565183,8.881784197001252e-16,605,1.0
full,5,2,front_beta,79.54407657612909,8.881784197001252e-16,605,1.0
full,5,2,front_yaw,103.94743873643688,8.881784197001252e-16,605,1.0
full,5,2,rear_beta,22.865336246737,8.881784197001252e-16,605,1.0
full,5,2,rear_yaw,53.43017635488314,8.881784197001252e-16,605,1.0
full,5,2,front_decay,1.2167780532599224,8.881784197001252e-16,605,1.0
full,5,2,rear_decay,0.5365840957114353,8.881784197001252e-16,605,1.0
full,5,2,actuator_rate,15.70331483089202,8.881784197001252e-16,605,1.0
