centering,kind,lag,output,correlation,method,seed,process_noise_scale
pooled,autocorrelation,1,yaw,-0.1095269106249081,global,603,1.0
pooled,autocorrelation,1,acceleration,-0.16350666110528858,global,603,1.0
pooled,autocorrelation,1,steering,-0.3280397865426545,global,603,1.0
pooled,past_input,1,yaw,0.04327126605291305,global,603,1.0
pooled,past_input,1,acceleration,0.012110075346027618,global,603,1.0
pooled,past_input,1,steering,-0.0108554581427354,global,603,1.0
pooled,autocorrelation,2,yaw,0.09496094470383327,global,603,1.0
pooled,autocorrelation,2,acceleration,-0.03144391118377274,global,603,1.0
pooled,autocorrelation,2,steering,-0.020740146851220526,global,603,1.0
pooled,past_input,2,yaw,0.0373983681634928,global,603,1.0
pooled,past_input,2,acceleration,0.004525895533122692,global,603,1.0
pooled,past_input,2,steering,-0.0167399824181125,global,603,1.0
pooled,autocorrelation,3,yaw,0.1790620911849317,global,603,1.0
pooled,autocorrelation,3,acceleration,-0.00068949095906871,global,603,1.0
pooled,autocorrelation,3,steering,0.07895543098017531,global,603,1.0
pooled,past_input,3,yaw,0.030777969720399683,global,603,1.0
pooled,past_input,3,acceleration,-0.0018150338450130163,global,603,1.0
pooled,past_input,3,steering,-0.01883901170498636,global,603,1.0
pooled,autocorrelation,4,yaw,0.21883057179619395,global,603,1.0
pooled,autocorrelation,4,acceleration,0.05703701458525999,global,603,1.0
pooled,autocorrelation,4,steering,0.07023178772078698,global,603,1.0
pooled,past_input,4,yaw,0.025562714570979635,global,603,1.0
pooled,past_input,4,acceleration,-0.010864167273565309,global,603,1.0
pooled,past_input,4,steering,-0.02397769540114773,global,603,1.0
pooled,autocorrelation,5,yaw,0.19302327287566898,global,603,1.0
pooled,autocorrelation,5,acceleration,0.0510924848520433,global,603,1.0
pooled,autocorrelation,5,steering,0.08631985671370881,global,603,1.0
pooled,past_input,5,yaw,0.016659342265083244,global,603,1.0
pooled,past_input,5,acceleration,-0.016517489800355268,global,603,1.0
pooled,past_input,5,steering,-0.027621281893955567,global,603,1.0
pooled,autocorrelation,6,yaw,0.16916154717432685,global,603,1.0
pooled,autocorrelation,6,acceleration,0.0725464290925581,global,603,1.0
pooled,autocorrelation,6,steering,0.03332984673509795,global,603,1.0
pooled,past_input,6,yaw,0.007550300270754016,global,603,1.0
pooled,past_input,6,acceleration,-0.023298971529421834,global,603,1.0
pooled,past_input,6,steering,-0.03413686417965498,global,603,1.0
pooled,autocorrelation,7,yaw,0.18837610393449192,global,603,1.0
pooled,autocorrelation,7,acceleration,0.07511310027267572,global,603,1.0
pooled,autocorrelation,7,steering,0.05118081918550223,global,603,1.0
pooled,past_input,7,yaw,0.0012838322548169405,global,603,1.0
pooled,past_input,7,acceleration,-0.029123248260436913,global,603,1.0
pooled,past_input,7,steering,-0.03486470421214335,global,603,1.0
pooled,autocorrelation,8,yaw,0.17561715871734904,global,603,1.0
pooled,autocorrelation,8,acceleration,0.07248598217293135,global,603,1.0
pooled,autocorrelation,8,steering,0.0651696806447535,global,603,1.0
pooled,past_input,8,yaw,-0.004950122397692782,global,603,1.0
pooled,past_input,8,acceleration,-0.03509156973492006,global,603,1.0
pooled,past_input,8,steering,-0.04041248336536318,global,603,1.0
pooled,autocorrelation,9,yaw,0.17790359366774727,global,603,1.0
pooled,autocorrelation,9,acceleration,0.0765870276668757,global,603,1.0
pooled,autocorrelation,9,steering,0.07242677172536907,global,603,1.0
pooled,past_input,9,yaw,-0.011899068516219923,global,603,1.0
pooled,past_input,9,acceleration,-0.041430659398251045,global,603,1.0
pooled,past_input,9,steering,-0.04413513423603815,global,603,1.0
pooled,autocorrelation,10,yaw,0.15931714925148874,global,603,1.0
pooled,autocorrelation,10,acceleration,0.03976316959277386,global,603,1.0
pooled,autocorrelation,10,steering,0.0556695510872309,global,603,1.0
pooled,past_input,10,yaw,-0.016976828855441647,global,603,1.0
pooled,past_input,10,acceleration,-0.04935906404543149,global,603,1.0
pooled,past_input,10,steering,-0.046863901368074626,global,603,1.0
pooled,autocorrelation,11,yaw,0.19459205754577616,global,603,1.0
pooled,autocorrelation,11,acceleration,0.0937212868620674,global,603,1.0
pooled,autocorrelation,11,steering,0.032301839780213955,global,603,1.0
pooled,past_input,11,yaw,-0.02519476296176251,global,603,1.0
pooled,past_input,11,acceleration,-0.057762252285810355,global,603,1.0
pooled,past_input,11,steering,-0.04877334561832705,global,603,1.0
pooled,autocorrelation,12,yaw,0.11983031932389648,global,603,1.0
pooled,autocorrelation,12,acceleration,0.04968780435535474,global,603,1.0
pooled,autocorrelation,12,steering,0.0922303716662867,global,603,1.0
pooled,past_input,12,yaw,-0.031159065631676405,global,603,1.0
pooled,past_input,12,acceleration,-0.06298651363631592,global,603,1.0
pooled,past_input,12,steering,-0.05246792335185659,global,603,1.0
pooled,autocorrelation,13,yaw,0.17368696812441514,global,603,1.0
pooled,autocorrelation,13,acceleration,0.08265937028864671,global,603,1.0
pooled,autocorrelation,13,steering,0.00816965133795184,global,603,1.0
pooled,past_input,13,yaw,-0.03592197208541728,global,603,1.0
pooled,past_input,13,acceleration,-0.06859208314651143,global,603,1.0
pooled,past_input,13,steering,-0.058980196232864684,global,603,1.0
pooled,autocorrelation,14,yaw,0.16707223419032613,global,603,1.0
pooled,autocorrelation,14,acceleration,0.01945836981756803,global,603,1.0
pooled,autocorrelation,14,steering,0.05806198643769493,global,603,1.0
pooled,past_input,14,yaw,-0.042034017397090846,global,603,1.0
pooled,past_input,14,acceleration,-0.07156152140319076,global,603,1.0
pooled,past_input,14,steering,-0.06402650719013557,global,603,1.0
pooled,autocorrelation,15,yaw,0.1308776134446224,global,603,1.0
pooled,autocorrelation,15,acceleration,0.0441958684543808,global,603,1.0
pooled,autocorrelation,15,steering,0.07282054078791816,global,603,1.0
pooled,past_input,15,yaw,-0.04869887184297871,global,603,1.0
pooled,past_input,15,acceleration,-0.0808445234062779,global,603,1.0
pooled,past_input,15,steering,-0.06243088168644194,global,603,1.0
pooled,autocorrelation,16,yaw,0.15080645237594012,global,603,1.0
pooled,autocorrelation,16,acceleration,0.0778937450492157,global,603,1.0
pooled,autocorrelation,16,steering,-0.011014912919671724,global,603,1.0
pooled,past_input,16,yaw,-0.05305261591968474,global,603,1.0
pooled,past_input,16,acceleration,-0.08856540369237864,global,603,1.0
pooled,past_input,16,steering,-0.0670641846528508,global,603,1.0
pooled,autocorrelation,17,yaw,0.08759277440177389,global,603,1.0
pooled,autocorrelation,17,acceleration,0.022082601826629723,global,603,1.0
pooled,autocorrelation,17,steering,0.03961236488888437,global,603,1.0
pooled,past_input,17,yaw,-0.05712034790697574,global,603,1.0
pooled,past_input,17,acceleration,-0.09104947050475404,global,603,1.0
pooled,past_input,17,steering,-0.0709057116219937,global,603,1.0
pooled,autocorrelation,18,yaw,0.17803104817203227,global,603,1.0
pooled,autocorrelation,18,acceleration,0.04220154359197875,global,603,1.0
pooled,autocorrelation,18,steering,0.08140096135956758,global,603,1.0
pooled,past_input,18,yaw,-0.06106923923841208,global,603,1.0
pooled,past_input,18,acceleration,-0.09489199957406838,global,603,1.0
pooled,past_input,18,steering,-0.0711194337028689,global,603,1.0
pooled,autocorrelation,19,yaw,0.11781303780169566,global,603,1.0
pooled,autocorrelation,19,acceleration,0.07166144942434298,global,603,1.0
pooled,autocorrelation,19,steering,0.02147740968057669,global,603,1.0
pooled,past_input,19,yaw,-0.06900642362085414,global,603,1.0
pooled,past_input,19,acceleration,-0.10073385138410326,global,603,1.0
pooled,past_input,19,steering,-0.07227749206930434,global,603,1.0
pooled,autocorrelation,20,yaw,0.11570713270064084,global,603,1.0
pooled,autocorrelation,20,acceleration,-0.0007122834461951912,global,603,1.0
pooled,autocorrelation,20,steering,0.009893668250689127,global,603,1.0
pooled,past_input,20,yaw,-0.07026088559827408,global,603,1.0
pooled,past_input,20,acceleration,-0.09932346762631562,global,603,1.0
pooled,past_input,20,steering,-0.07500567386539396,global,603,1.0
within_record,autocorrelation,1,yaw,-0.1933766651482662,global,603,1.0
within_record,autocorrelation,1,acceleration,-0.18489869079445204,global,603,1.0
within_record,autocorrelation,1,steering,-0.3392032378923095,global,603,1.0
within_record,past_input,1,yaw,0.060908126090238796,global,603,1.0
within_record,past_input,1,acceleration,0.02080355856351409,global,603,1.0
within_record,past_input,1,steering,0.0014228238888082483,global,603,1.0
within_record,autocorrelation,2,yaw,0.024423071232745636,global,603,1.0
within_record,autocorrelation,2,acceleration,-0.05078785859373207,global,603,1.0
within_record,autocorrelation,2,steering,-0.02995494141776683,global,603,1.0
within_record,past_input,2,yaw,0.05330587630460853,global,603,1.0
within_record,past_input,2,acceleration,0.009902766736700163,global,603,1.0
within_record,past_input,2,steering,-0.007446989143309002,global,603,1.0
within_record,autocorrelation,3,yaw,0.11494387470323675,global,603,1.0
within_record,autocorrelation,3,acceleration,-0.01993891896050795,global,603,1.0
within_record,autocorrelation,3,steering,0.07061666768098357,global,603,1.0
within_record,past_input,3,yaw,0.045162568314409256,global,603,1.0
within_record,past_input,3,acceleration,0.004524287263751799,global,603,1.0
within_record,past_input,3,steering,-0.008897738931748122,global,603,1.0
within_record,autocorrelation,4,yaw,0.15743738622836218,global,603,1.0
within_record,autocorrelation,4,acceleration,0.038261438605778235,global,603,1.0
within_record,autocorrelation,4,steering,0.061999669482173135,global,603,1.0
within_record,past_input,4,yaw,0.03562583409854122,global,603,1.0
within_record,past_input,4,acceleration,-0.007683499185887946,global,603,1.0
within_record,past_input,4,steering,-0.014799404871377911,global,603,1.0
within_record,autocorrelation,5,yaw,0.1291603796395762,global,603,1.0
within_record,autocorrelation,5,acceleration,0.032255173985658706,global,603,1.0
within_record,autocorrelation,5,steering,0.07805980029434759,global,603,1.0
within_record,past_input,5,yaw,0.027601897965122094,global,603,1.0
within_record,past_input,5,acceleration,-0.012197894708035612,global,603,1.0
within_record,past_input,5,steering,-0.023162684880647374,global,603,1.0
within_record,autocorrelation,6,yaw,0.10224327896044223,global,603,1.0
within_record,autocorrelation,6,acceleration,0.053850114542007214,global,603,1.0
within_record,autocorrelation,6,steering,0.024882594327215107,global,603,1.0
within_record,past_input,6,yaw,0.013710060017956821,global,603,1.0
within_record,past_input,6,acceleration,-0.02346387092867934,global,603,1.0
within_record,past_input,6,steering,-0.03115256790354893,global,603,1.0
within_record,autocorrelation,7,yaw,0.12326528753777742,global,603,1.0
within_record,autocorrelation,7,acceleration,0.0560650131750398,global,603,1.0
within_record,autocorrelation,7,steering,0.04223384186397248,global,603,1.0
within_record,past_input,7,yaw,0.005893539660185284,global,603,1.0
within_record,past_input,7,acceleration,-0.03015196929029609,global,603,1.0
within_record,past_input,7,steering,-0.03279783781453977,global,603,1.0
within_record,autocorrelation,8,yaw,0.10881840292893226,global,603,1.0
within_record,autocorrelation,8,acceleration,0.05328872539488525,global,603,1.0
within_record,autocorrelation,8,steering,0.05666089884371268,global,603,1.0
within_record,past_input,8,yaw,-0.0012363326350648945,global,603,1.0
within_record,past_input,8,acceleration,-0.0371139413628028,global,603,1.0
within_record,past_input,8,steering,-0.04048251755128811,global,603,1.0
within_record,autocorrelation,9,yaw,0.11115063647078703,global,603,1.0
within_record,autocorrelation,9,acceleration,0.057247000719121574,global,603,1.0
within_record,autocorrelation,9,steering,0.06378471673106766,global,603,1.0
within_record,past_input,9,yaw,-0.013772918190377246,global,603,1.0
within_record,past_input,9,acceleration,-0.0452971480474535,global,603,1.0
within_record,past_input,9,steering,-0.0451482559375428,global,603,1.0
within_record,autocorrelation,10,yaw,0.09010473418587389,global,603,1.0
within_record,autocorrelation,10,acceleration,0.019553826978141866,global,603,1.0
within_record,autocorrelation,10,steering,0.04687097546132221,global,603,1.0
within_record,past_input,10,yaw,-0.020557053510888997,global,603,1.0
within_record,past_input,10,acceleration,-0.052384614573325855,global,603,1.0
within_record,past_input,10,steering,-0.04728344858634379,global,603,1.0
within_record,autocorrelation,11,yaw,0.1279426692001456,global,603,1.0
within_record,autocorrelation,11,acceleration,0.0739375905449927,global,603,1.0
within_record,autocorrelation,11,steering,0.023030901058976035,global,603,1.0
within_record,past_input,11,yaw,-0.03244310263055493,global,603,1.0
within_record,past_input,11,acceleration,-0.06375560587327665,global,603,1.0
within_record,past_input,11,steering,-0.052032749334618315,global,603,1.0
within_record,autocorrelation,12,yaw,0.04597513835300572,global,603,1.0
within_record,autocorrelation,12,acceleration,0.027947034939613407,global,603,1.0
within_record,autocorrelation,12,steering,0.0833794706382508,global,603,1.0
within_record,past_input,12,yaw,-0.040760173737049044,global,603,1.0
within_record,past_input,12,acceleration,-0.07061571588700424,global,603,1.0
within_record,past_input,12,steering,-0.056287494062437236,global,603,1.0
within_record,autocorrelation,13,yaw,0.10429549692446995,global,603,1.0
within_record,autocorrelation,13,acceleration,0.061528949492154365,global,603,1.0
within_record,autocorrelation,13,steering,-0.0012994310779476073,global,603,1.0
within_record,past_input,13,yaw,-0.05015466609574846,global,603,1.0
within_record,past_input,13,acceleration,-0.08086127961131025,global,603,1.0
within_record,past_input,13,steering,-0.06613639689200305,global,603,1.0
within_record,autocorrelation,14,yaw,0.09672639684679912,global,603,1.0
within_record,autocorrelation,14,acceleration,-0.0033173555804297487,global,603,1.0
within_record,autocorrelation,14,steering,0.048790355896551424,global,603,1.0
within_record,past_input,14,yaw,-0.055343588410692,global,603,1.0
within_record,past_input,14,acceleration,-0.08255084446046154,global,603,1.0
within_record,past_input,14,steering,-0.07288015534309301,global,603,1.0
within_record,autocorrelation,15,yaw,0.05719318256240575,global,603,1.0
within_record,autocorrelation,15,acceleration,0.021417985784521393,global,603,1.0
within_record,autocorrelation,15,steering,0.06356622363091564,global,603,1.0
within_record,past_input,15,yaw,-0.06705139192350507,global,603,1.0
within_record,past_input,15,acceleration,-0.09340781701127299,global,603,1.0
within_record,past_input,15,steering,-0.07434839212393088,global,603,1.0
within_record,autocorrelation,16,yaw,0.07829440055427693,global,603,1.0
within_record,autocorrelation,16,acceleration,0.0559309220339294,global,603,1.0
within_record,autocorrelation,16,steering,-0.021323398385298554,global,603,1.0
within_record,past_input,16,yaw,-0.07586873269856431,global,603,1.0
within_record,past_input,16,acceleration,-0.09901117544650313,global,603,1.0
within_record,past_input,16,steering,-0.07730519608408623,global,603,1.0
within_record,autocorrelation,17,yaw,0.008968346377002017,global,603,1.0
within_record,autocorrelation,17,acceleration,-0.0012532153068031753,global,603,1.0
within_record,autocorrelation,17,steering,0.02989482144182862,global,603,1.0
within_record,past_input,17,yaw,-0.0840723127030677,global,603,1.0
within_record,past_input,17,acceleration,-0.10258040530727187,global,603,1.0
within_record,past_input,17,steering,-0.08530679200506198,global,603,1.0
within_record,autocorrelation,18,yaw,0.1088506188867089,global,603,1.0
within_record,autocorrelation,18,acceleration,0.019917027277998413,global,603,1.0
within_record,autocorrelation,18,steering,0.07229319099516646,global,603,1.0
within_record,past_input,18,yaw,-0.08971689096320855,global,603,1.0
within_record,past_input,18,acceleration,-0.10373813769599713,global,603,1.0
within_record,past_input,18,steering,-0.08569060199035619,global,603,1.0
within_record,autocorrelation,19,yaw,0.04143939794065234,global,603,1.0
within_record,autocorrelation,19,acceleration,0.04976123902115225,global,603,1.0
within_record,autocorrelation,19,steering,0.011308988137481183,global,603,1.0
within_record,past_input,19,yaw,-0.10077976555258736,global,603,1.0
within_record,past_input,19,acceleration,-0.11479377118832838,global,603,1.0
within_record,past_input,19,steering,-0.08513380295475018,global,603,1.0
within_record,autocorrelation,20,yaw,0.038178574248801216,global,603,1.0
within_record,autocorrelation,20,acceleration,-0.024507306702938932,global,603,1.0
within_record,autocorrelation,20,steering,-0.00011461487545816986,global,603,1.0
within_record,past_input,20,yaw,-0.1021842355706538,global,603,1.0
within_record,past_input,20,acceleration,-0.11522002056940467,global,603,1.0
within_record,past_input,20,steering,-0.09067653490349116,global,603,1.0
pooled,autocorrelation,1,yaw,-0.03513283983045645,likelihood_MAP,603,1.0
pooled,autocorrelation,1,acceleration,-0.16526321341867137,likelihood_MAP,603,1.0
pooled,autocorrelation,1,steering,-0.3971753977753386,likelihood_MAP,603,1.0
pooled,past_input,1,yaw,-0.01283409837241699,likelihood_MAP,603,1.0
pooled,past_input,1,acceleration,0.08090290197520875,likelihood_MAP,603,1.0
pooled,past_input,1,steering,-0.02615341364894723,likelihood_MAP,603,1.0
pooled,autocorrelation,2,yaw,0.15706384387261388,likelihood_MAP,603,1.0
pooled,autocorrelation,2,acceleration,-0.03641369696577599,likelihood_MAP,603,1.0
pooled,autocorrelation,2,steering,-0.07110131608049083,likelihood_MAP,603,1.0
pooled,past_input,2,yaw,-0.01558628758032177,likelihood_MAP,603,1.0
pooled,past_input,2,acceleration,0.0779079056888995,likelihood_MAP,603,1.0
pooled,past_input,2,steering,-0.02513449135068266,likelihood_MAP,603,1.0
pooled,autocorrelation,3,yaw,0.23474784603967366,likelihood_MAP,603,1.0
pooled,autocorrelation,3,acceleration,-0.012173733240317007,likelihood_MAP,603,1.0
pooled,autocorrelation,3,steering,0.03296324456365691,likelihood_MAP,603,1.0
pooled,past_input,3,yaw,-0.0190121024830507,likelihood_MAP,603,1.0
pooled,past_input,3,acceleration,0.0766288966665579,likelihood_MAP,603,1.0
pooled,past_input,3,steering,-0.020215918394296414,likelihood_MAP,603,1.0
pooled,autocorrelation,4,yaw,0.2721701400785888,likelihood_MAP,603,1.0
pooled,autocorrelation,4,acceleration,0.048616122876679845,likelihood_MAP,603,1.0
pooled,autocorrelation,4,steering,0.023423770572995,likelihood_MAP,603,1.0
pooled,past_input,4,yaw,-0.021252930791005334,likelihood_MAP,603,1.0
pooled,past_input,4,acceleration,0.07216736344400518,likelihood_MAP,603,1.0
pooled,past_input,4,steering,-0.01836515244725566,likelihood_MAP,603,1.0
pooled,autocorrelation,5,yaw,0.24920323875718278,likelihood_MAP,603,1.0
pooled,autocorrelation,5,acceleration,0.04506069490920479,likelihood_MAP,603,1.0
pooled,autocorrelation,5,steering,0.04145123814808843,likelihood_MAP,603,1.0
pooled,past_input,5,yaw,-0.027143072305676717,likelihood_MAP,603,1.0
pooled,past_input,5,acceleration,0.07058851009955969,likelihood_MAP,603,1.0
pooled,past_input,5,steering,-0.014835401484743717,likelihood_MAP,603,1.0
pooled,autocorrelation,6,yaw,0.2259170639857002,likelihood_MAP,603,1.0
pooled,autocorrelation,6,acceleration,0.06776827422335249,likelihood_MAP,603,1.0
pooled,autocorrelation,6,steering,-0.01330502850137489,likelihood_MAP,603,1.0
pooled,past_input,6,yaw,-0.03357395115301071,likelihood_MAP,603,1.0
pooled,past_input,6,acceleration,0.06754564018784787,likelihood_MAP,603,1.0
pooled,past_input,6,steering,-0.014251970177011235,likelihood_MAP,603,1.0
pooled,autocorrelation,7,yaw,0.24980930725257514,likelihood_MAP,603,1.0
pooled,autocorrelation,7,acceleration,0.0685885290859384,likelihood_MAP,603,1.0
pooled,autocorrelation,7,steering,0.007346164916572146,likelihood_MAP,603,1.0
pooled,past_input,7,yaw,-0.03764126410718608,likelihood_MAP,603,1.0
pooled,past_input,7,acceleration,0.06548066201084758,likelihood_MAP,603,1.0
pooled,past_input,7,steering,-0.007664486457963794,likelihood_MAP,603,1.0
pooled,autocorrelation,8,yaw,0.23787103782191982,likelihood_MAP,603,1.0
pooled,autocorrelation,8,acceleration,0.06727682338427954,likelihood_MAP,603,1.0
pooled,autocorrelation,8,steering,0.02438220040795046,likelihood_MAP,603,1.0
pooled,past_input,8,yaw,-0.042189665960757995,likelihood_MAP,603,1.0
pooled,past_input,8,acceleration,0.06293241989916794,likelihood_MAP,603,1.0
pooled,past_input,8,steering,-0.006158091195692588,likelihood_MAP,603,1.0
pooled,autocorrelation,9,yaw,0.243172242369524,likelihood_MAP,603,1.0
pooled,autocorrelation,9,acceleration,0.07412950321934754,likelihood_MAP,603,1.0
pooled,autocorrelation,9,steering,0.030336666732137325,likelihood_MAP,603,1.0
pooled,past_input,9,yaw,-0.047577145802434016,likelihood_MAP,603,1.0
pooled,past_input,9,acceleration,0.05943427965746651,likelihood_MAP,603,1.0
pooled,past_input,9,steering,-0.0029527623054235582,likelihood_MAP,603,1.0
pooled,autocorrelation,10,yaw,0.2292710157346608,likelihood_MAP,603,1.0
pooled,autocorrelation,10,acceleration,0.04043520153159601,likelihood_MAP,603,1.0
pooled,autocorrelation,10,steering,0.01674362533059397,likelihood_MAP,603,1.0
pooled,past_input,10,yaw,-0.05121479874903342,likelihood_MAP,603,1.0
pooled,past_input,10,acceleration,0.0543681257985187,likelihood_MAP,603,1.0
pooled,past_input,10,steering,0.001314376708775487,likelihood_MAP,603,1.0
pooled,autocorrelation,11,yaw,0.2641114772048971,likelihood_MAP,603,1.0
pooled,autocorrelation,11,acceleration,0.09178129547761049,likelihood_MAP,603,1.0
pooled,autocorrelation,11,steering,-0.006465123112052408,likelihood_MAP,603,1.0
pooled,past_input,11,yaw,-0.05848843637974706,likelihood_MAP,603,1.0
pooled,past_input,11,acceleration,0.04830090686895365,likelihood_MAP,603,1.0
pooled,past_input,11,steering,0.006437978498731643,likelihood_MAP,603,1.0
pooled,autocorrelation,12,yaw,0.19632428049452386,likelihood_MAP,603,1.0
pooled,autocorrelation,12,acceleration,0.04901527122369994,likelihood_MAP,603,1.0
pooled,autocorrelation,12,steering,0.058337257631620905,likelihood_MAP,603,1.0
pooled,past_input,12,yaw,-0.06431979683655667,likelihood_MAP,603,1.0
pooled,past_input,12,acceleration,0.044624704970264197,likelihood_MAP,603,1.0
pooled,past_input,12,steering,0.009474103261484663,likelihood_MAP,603,1.0
pooled,autocorrelation,13,yaw,0.24647409173630802,likelihood_MAP,603,1.0
pooled,autocorrelation,13,acceleration,0.08450846011658297,likelihood_MAP,603,1.0
pooled,autocorrelation,13,steering,-0.028839713785823142,likelihood_MAP,603,1.0
pooled,past_input,13,yaw,-0.06916942603890532,likelihood_MAP,603,1.0
pooled,past_input,13,acceleration,0.04073497750317448,likelihood_MAP,603,1.0
pooled,past_input,13,steering,0.009210714662474993,likelihood_MAP,603,1.0
pooled,autocorrelation,14,yaw,0.2466954570982588,likelihood_MAP,603,1.0
pooled,autocorrelation,14,acceleration,0.021275334644334353,likelihood_MAP,603,1.0
pooled,autocorrelation,14,steering,0.02486832532381792,likelihood_MAP,603,1.0
pooled,past_input,14,yaw,-0.07544588325606436,likelihood_MAP,603,1.0
pooled,past_input,14,acceleration,0.03947533632179753,likelihood_MAP,603,1.0
pooled,past_input,14,steering,0.010042910831168279,likelihood_MAP,603,1.0
pooled,autocorrelation,15,yaw,0.21463489347464362,likelihood_MAP,603,1.0
pooled,autocorrelation,15,acceleration,0.04800304587449133,likelihood_MAP,603,1.0
pooled,autocorrelation,15,steering,0.045636078077917905,likelihood_MAP,603,1.0
pooled,past_input,15,yaw,-0.08229990211761677,likelihood_MAP,603,1.0
pooled,past_input,15,acceleration,0.031689612233884806,likelihood_MAP,603,1.0
pooled,past_input,15,steering,0.017642934847984366,likelihood_MAP,603,1.0
pooled,autocorrelation,16,yaw,0.23246541186642394,likelihood_MAP,603,1.0
pooled,autocorrelation,16,acceleration,0.0750454945292495,likelihood_MAP,603,1.0
pooled,autocorrelation,16,steering,-0.04164046617822299,likelihood_MAP,603,1.0
pooled,past_input,16,yaw,-0.0873602497187999,likelihood_MAP,603,1.0
pooled,past_input,16,acceleration,0.02475711842197854,likelihood_MAP,603,1.0
pooled,past_input,16,steering,0.018755685131172393,likelihood_MAP,603,1.0
pooled,autocorrelation,17,yaw,0.17583932422412005,likelihood_MAP,603,1.0
pooled,autocorrelation,17,acceleration,0.0313718281791993,likelihood_MAP,603,1.0
pooled,autocorrelation,17,steering,0.011289624638437848,likelihood_MAP,603,1.0
pooled,past_input,17,yaw,-0.09248616541101648,likelihood_MAP,603,1.0
pooled,past_input,17,acceleration,0.022156887223546105,likelihood_MAP,603,1.0
pooled,past_input,17,steering,0.020147721925695663,likelihood_MAP,603,1.0
pooled,autocorrelation,18,yaw,0.2703699570972799,likelihood_MAP,603,1.0
pooled,autocorrelation,18,acceleration,0.04721515730536885,likelihood_MAP,603,1.0
pooled,autocorrelation,18,steering,0.058609645315872434,likelihood_MAP,603,1.0
pooled,past_input,18,yaw,-0.09787558593073205,likelihood_MAP,603,1.0
pooled,past_input,18,acceleration,0.018560470974350943,likelihood_MAP,603,1.0
pooled,past_input,18,steering,0.024929899494223254,likelihood_MAP,603,1.0
pooled,autocorrelation,19,yaw,0.2127518743000881,likelihood_MAP,603,1.0
pooled,autocorrelation,19,acceleration,0.07812007499669217,likelihood_MAP,603,1.0
pooled,autocorrelation,19,steering,0.0003329392753572201,likelihood_MAP,603,1.0
pooled,past_input,19,yaw,-0.10807757659895291,likelihood_MAP,603,1.0
pooled,past_input,19,acceleration,0.012345891277601252,likelihood_MAP,603,1.0
pooled,past_input,19,steering,0.028726129763421055,likelihood_MAP,603,1.0
pooled,autocorrelation,20,yaw,0.21338381731293127,likelihood_MAP,603,1.0
pooled,autocorrelation,20,acceleration,0.00707960806320566,likelihood_MAP,603,1.0
pooled,autocorrelation,20,steering,-0.010433286876900542,likelihood_MAP,603,1.0
pooled,past_input,20,yaw,-0.11198214295013342,likelihood_MAP,603,1.0
pooled,past_input,20,acceleration,0.013036470048443527,likelihood_MAP,603,1.0
pooled,past_input,20,steering,0.030819378886457395,likelihood_MAP,603,1.0
within_record,autocorrelation,1,yaw,-0.2395619313990258,likelihood_MAP,603,1.0
within_record,autocorrelation,1,acceleration,-0.19347116372905035,likelihood_MAP,603,1.0
within_record,autocorrelation,1,steering,-0.40333006875786265,likelihood_MAP,603,1.0
within_record,past_input,1,yaw,0.13933285796813652,likelihood_MAP,603,1.0
within_record,past_input,1,acceleration,0.11206323968634088,likelihood_MAP,603,1.0
within_record,past_input,1,steering,-0.03534751611918912,likelihood_MAP,603,1.0
within_record,autocorrelation,2,yaw,-0.009726402514062394,likelihood_MAP,603,1.0
within_record,autocorrelation,2,acceleration,-0.061543185342528714,likelihood_MAP,603,1.0
within_record,autocorrelation,2,steering,-0.07593294692916021,likelihood_MAP,603,1.0
within_record,past_input,2,yaw,0.13737962272105483,likelihood_MAP,603,1.0
within_record,past_input,2,acceleration,0.1073854812258737,likelihood_MAP,603,1.0
within_record,past_input,2,steering,-0.035901039512415994,likelihood_MAP,603,1.0
within_record,autocorrelation,3,yaw,0.08270564041483447,likelihood_MAP,603,1.0
within_record,autocorrelation,3,acceleration,-0.037185459861489786,likelihood_MAP,603,1.0
within_record,autocorrelation,3,steering,0.02824855147759499,likelihood_MAP,603,1.0
within_record,past_input,3,yaw,0.13492867449362198,likelihood_MAP,603,1.0
within_record,past_input,3,acceleration,0.1087385176188595,likelihood_MAP,603,1.0
within_record,past_input,3,steering,-0.028721697111480947,likelihood_MAP,603,1.0
within_record,autocorrelation,4,yaw,0.12628951331324054,likelihood_MAP,603,1.0
within_record,autocorrelation,4,acceleration,0.024831143939507368,likelihood_MAP,603,1.0
within_record,autocorrelation,4,steering,0.01861759369711484,likelihood_MAP,603,1.0
within_record,past_input,4,yaw,0.13102677030268844,likelihood_MAP,603,1.0
within_record,past_input,4,acceleration,0.10279435435552632,likelihood_MAP,603,1.0
within_record,past_input,4,steering,-0.02579973350781551,likelihood_MAP,603,1.0
within_record,autocorrelation,5,yaw,0.09622747163345495,likelihood_MAP,603,1.0
within_record,autocorrelation,5,acceleration,0.021415551157585016,likelihood_MAP,603,1.0
within_record,autocorrelation,5,steering,0.03666522951012747,likelihood_MAP,603,1.0
within_record,past_input,5,yaw,0.128422190840981,likelihood_MAP,603,1.0
within_record,past_input,5,acceleration,0.10401159643079465,likelihood_MAP,603,1.0
within_record,past_input,5,steering,-0.02523516618836202,likelihood_MAP,603,1.0
within_record,autocorrelation,6,yaw,0.06770778175351662,likelihood_MAP,603,1.0
within_record,autocorrelation,6,acceleration,0.04423103798807832,likelihood_MAP,603,1.0
within_record,autocorrelation,6,steering,-0.018053343261257113,likelihood_MAP,603,1.0
within_record,past_input,6,yaw,0.11951329268391067,likelihood_MAP,603,1.0
within_record,past_input,6,acceleration,0.09806052839634562,likelihood_MAP,603,1.0
within_record,past_input,6,steering,-0.024182500514278345,likelihood_MAP,603,1.0
within_record,autocorrelation,7,yaw,0.09488794559528543,likelihood_MAP,603,1.0
within_record,autocorrelation,7,acceleration,0.04495234260390009,likelihood_MAP,603,1.0
within_record,autocorrelation,7,steering,0.002412096544084796,likelihood_MAP,603,1.0
within_record,past_input,7,yaw,0.1161618361441405,likelihood_MAP,603,1.0
within_record,past_input,7,acceleration,0.09666120567350227,likelihood_MAP,603,1.0
within_record,past_input,7,steering,-0.016553033530910657,likelihood_MAP,603,1.0
within_record,autocorrelation,8,yaw,0.08039155607178773,likelihood_MAP,603,1.0
within_record,autocorrelation,8,acceleration,0.04339780380401455,likelihood_MAP,603,1.0
within_record,autocorrelation,8,steering,0.01971955519252996,likelihood_MAP,603,1.0
within_record,past_input,8,yaw,0.11354162873500773,likelihood_MAP,603,1.0
within_record,past_input,8,acceleration,0.09459537751203012,likelihood_MAP,603,1.0
within_record,past_input,8,steering,-0.015132711882169483,likelihood_MAP,603,1.0
within_record,autocorrelation,9,yaw,0.08731973800586924,likelihood_MAP,603,1.0
within_record,autocorrelation,9,acceleration,0.04996605729508085,likelihood_MAP,603,1.0
within_record,autocorrelation,9,steering,0.025376499322556523,likelihood_MAP,603,1.0
within_record,past_input,9,yaw,0.10485125684063511,likelihood_MAP,603,1.0
within_record,past_input,9,acceleration,0.09056119040460539,likelihood_MAP,603,1.0
within_record,past_input,9,steering,-0.010694587959539818,likelihood_MAP,603,1.0
within_record,autocorrelation,10,yaw,0.06802413864862239,likelihood_MAP,603,1.0
within_record,autocorrelation,10,acceleration,0.015419557847959623,likelihood_MAP,603,1.0
within_record,autocorrelation,10,steering,0.011887982461815935,likelihood_MAP,603,1.0
within_record,past_input,10,yaw,0.10153039067466937,likelihood_MAP,603,1.0
within_record,past_input,10,acceleration,0.08769077030994955,likelihood_MAP,603,1.0
within_record,past_input,10,steering,-0.0036864165845009525,likelihood_MAP,603,1.0
within_record,autocorrelation,11,yaw,0.10927533840187187,likelihood_MAP,603,1.0
within_record,autocorrelation,11,acceleration,0.06772819173747775,likelihood_MAP,603,1.0
within_record,autocorrelation,11,steering,-0.011709515783968089,likelihood_MAP,603,1.0
within_record,past_input,11,yaw,0.09259853853865338,likelihood_MAP,603,1.0
within_record,past_input,11,acceleration,0.07979776529178126,likelihood_MAP,603,1.0
within_record,past_input,11,steering,0.0007153451913621382,likelihood_MAP,603,1.0
within_record,autocorrelation,12,yaw,0.025838008147976606,likelihood_MAP,603,1.0
within_record,autocorrelation,12,acceleration,0.022973864752603868,likelihood_MAP,603,1.0
within_record,autocorrelation,12,steering,0.05320794458773597,likelihood_MAP,603,1.0
within_record,past_input,12,yaw,0.08642185977799909,likelihood_MAP,603,1.0
within_record,past_input,12,acceleration,0.07542830300521512,likelihood_MAP,603,1.0
within_record,past_input,12,steering,0.005428610314048812,likelihood_MAP,603,1.0
within_record,autocorrelation,13,yaw,0.08769530120765495,likelihood_MAP,603,1.0
within_record,autocorrelation,13,acceleration,0.05949033628671995,likelihood_MAP,603,1.0
within_record,autocorrelation,13,steering,-0.03413426811592614,likelihood_MAP,603,1.0
within_record,past_input,13,yaw,0.07844503103603027,likelihood_MAP,603,1.0
within_record,past_input,13,acceleration,0.06771163668825393,likelihood_MAP,603,1.0
within_record,past_input,13,steering,0.003927290943724261,likelihood_MAP,603,1.0
within_record,autocorrelation,14,yaw,0.08628006782748751,likelihood_MAP,603,1.0
within_record,autocorrelation,14,acceleration,-0.005449670150008102,likelihood_MAP,603,1.0
within_record,autocorrelation,14,steering,0.01963898722810723,likelihood_MAP,603,1.0
within_record,past_input,14,yaw,0.07490794333730352,likelihood_MAP,603,1.0
within_record,past_input,14,acceleration,0.06874128428341672,likelihood_MAP,603,1.0
within_record,past_input,14,steering,0.005065870611656064,likelihood_MAP,603,1.0
within_record,autocorrelation,15,yaw,0.046396291825531406,likelihood_MAP,603,1.0
within_record,autocorrelation,15,acceleration,0.0210428384022521,likelihood_MAP,603,1.0
within_record,autocorrelation,15,steering,0.04041634500978339,likelihood_MAP,603,1.0
within_record,past_input,15,yaw,0.06464952592073336,likelihood_MAP,603,1.0
within_record,past_input,15,acceleration,0.06041113637055657,likelihood_MAP,603,1.0
within_record,past_input,15,steering,0.011551419924711353,likelihood_MAP,603,1.0
within_record,autocorrelation,16,yaw,0.06991983802496393,likelihood_MAP,603,1.0
within_record,autocorrelation,16,acceleration,0.04935790220457033,likelihood_MAP,603,1.0
within_record,autocorrelation,16,steering,-0.04759496449033125,likelihood_MAP,603,1.0
within_record,past_input,16,yaw,0.056375612031195586,likelihood_MAP,603,1.0
within_record,past_input,16,acceleration,0.05609563484412825,likelihood_MAP,603,1.0
within_record,past_input,16,steering,0.016518855472690254,likelihood_MAP,603,1.0
within_record,autocorrelation,17,yaw,0.0010041926973320034,likelihood_MAP,603,1.0
within_record,autocorrelation,17,acceleration,0.004387921162987424,likelihood_MAP,603,1.0
within_record,autocorrelation,17,steering,0.005963874109633317,likelihood_MAP,603,1.0
within_record,past_input,17,yaw,0.04812839340793686,likelihood_MAP,603,1.0
within_record,past_input,17,acceleration,0.05263179692771215,likelihood_MAP,603,1.0
within_record,past_input,17,steering,0.015563811236363623,likelihood_MAP,603,1.0
within_record,autocorrelation,18,yaw,0.11347698591130631,likelihood_MAP,603,1.0
within_record,autocorrelation,18,acceleration,0.021317243633573044,likelihood_MAP,603,1.0
within_record,autocorrelation,18,steering,0.05343348394868066,likelihood_MAP,603,1.0
within_record,past_input,18,yaw,0.04227193539736953,likelihood_MAP,603,1.0
within_record,past_input,18,acceleration,0.05218792064995375,likelihood_MAP,603,1.0
within_record,past_input,18,steering,0.021788883007167692,likelihood_MAP,603,1.0
within_record,autocorrelation,19,yaw,0.044922974055383244,likelihood_MAP,603,1.0
within_record,autocorrelation,19,acceleration,0.05235211663283216,likelihood_MAP,603,1.0
within_record,autocorrelation,19,steering,-0.005206413361925932,likelihood_MAP,603,1.0
within_record,past_input,19,yaw,0.03077764136315869,likelihood_MAP,603,1.0
within_record,past_input,19,acceleration,0.04073495843003481,likelihood_MAP,603,1.0
within_record,past_input,19,steering,0.02902357434127674,likelihood_MAP,603,1.0
within_record,autocorrelation,20,yaw,0.04444590324183559,likelihood_MAP,603,1.0
within_record,autocorrelation,20,acceleration,-0.02001630519957454,likelihood_MAP,603,1.0
within_record,autocorrelation,20,steering,-0.016406072801575074,likelihood_MAP,603,1.0
within_record,past_input,20,yaw,0.027188986172835897,likelihood_MAP,603,1.0
within_record,past_input,20,acceleration,0.03957597230905729,likelihood_MAP,603,1.0
within_record,past_input,20,steering,0.02983643082035439,likelihood_MAP,603,1.0
pooled,autocorrelation,1,yaw,-0.03513283983045645,validated_MAP,603,1.0
pooled,autocorrelation,1,acceleration,-0.16526321341867137,validated_MAP,603,1.0
pooled,autocorrelation,1,steering,-0.3971753977753386,validated_MAP,603,1.0
pooled,past_input,1,yaw,-0.01283409837241699,validated_MAP,603,1.0
pooled,past_input,1,acceleration,0.08090290197520875,validated_MAP,603,1.0
pooled,past_input,1,steering,-0.02615341364894723,validated_MAP,603,1.0
pooled,autocorrelation,2,yaw,0.15706384387261388,validated_MAP,603,1.0
pooled,autocorrelation,2,acceleration,-0.03641369696577599,validated_MAP,603,1.0
pooled,autocorrelation,2,steering,-0.07110131608049083,validated_MAP,603,1.0
pooled,past_input,2,yaw,-0.01558628758032177,validated_MAP,603,1.0
pooled,past_input,2,acceleration,0.0779079056888995,validated_MAP,603,1.0
pooled,past_input,2,steering,-0.02513449135068266,validated_MAP,603,1.0
pooled,autocorrelation,3,yaw,0.23474784603967366,validated_MAP,603,1.0
pooled,autocorrelation,3,acceleration,-0.012173733240317007,validated_MAP,603,1.0
pooled,autocorrelation,3,steering,0.03296324456365691,validated_MAP,603,1.0
pooled,past_input,3,yaw,-0.0190121024830507,validated_MAP,603,1.0
pooled,past_input,3,acceleration,0.0766288966665579,validated_MAP,603,1.0
pooled,past_input,3,steering,-0.020215918394296414,validated_MAP,603,1.0
pooled,autocorrelation,4,yaw,0.2721701400785888,validated_MAP,603,1.0
pooled,autocorrelation,4,acceleration,0.048616122876679845,validated_MAP,603,1.0
pooled,autocorrelation,4,steering,0.023423770572995,validated_MAP,603,1.0
pooled,past_input,4,yaw,-0.021252930791005334,validated_MAP,603,1.0
pooled,past_input,4,acceleration,0.07216736344400518,validated_MAP,603,1.0
pooled,past_input,4,steering,-0.01836515244725566,validated_MAP,603,1.0
pooled,autocorrelation,5,yaw,0.24920323875718278,validated_MAP,603,1.0
pooled,autocorrelation,5,acceleration,0.04506069490920479,validated_MAP,603,1.0
pooled,autocorrelation,5,steering,0.04145123814808843,validated_MAP,603,1.0
pooled,past_input,5,yaw,-0.027143072305676717,validated_MAP,603,1.0
pooled,past_input,5,acceleration,0.07058851009955969,validated_MAP,603,1.0
pooled,past_input,5,steering,-0.014835401484743717,validated_MAP,603,1.0
pooled,autocorrelation,6,yaw,0.2259170639857002,validated_MAP,603,1.0
pooled,autocorrelation,6,acceleration,0.06776827422335249,validated_MAP,603,1.0
pooled,autocorrelation,6,steering,-0.01330502850137489,validated_MAP,603,1.0
pooled,past_input,6,yaw,-0.03357395115301071,validated_MAP,603,1.0
pooled,past_input,6,acceleration,0.06754564018784787,validated_MAP,603,1.0
pooled,past_input,6,steering,-0.014251970177011235,validated_MAP,603,1.0
pooled,autocorrelation,7,yaw,0.24980930725257514,validated_MAP,603,1.0
pooled,autocorrelation,7,acceleration,0.0685885290859384,validated_MAP,603,1.0
pooled,autocorrelation,7,steering,0.007346164916572146,validated_MAP,603,1.0
pooled,past_input,7,yaw,-0.03764126410718608,validated_MAP,603,1.0
pooled,past_input,7,acceleration,0.06548066201084758,validated_MAP,603,1.0
pooled,past_input,7,steering,-0.007664486457963794,validated_MAP,603,1.0
pooled,autocorrelation,8,yaw,0.23787103782191982,validated_MAP,603,1.0
pooled,autocorrelation,8,acceleration,0.06727682338427954,validated_MAP,603,1.0
pooled,autocorrelation,8,steering,0.02438220040795046,validated_MAP,603,1.0
pooled,past_input,8,yaw,-0.042189665960757995,validated_MAP,603,1.0
pooled,past_input,8,acceleration,0.06293241989916794,validated_MAP,603,1.0
pooled,past_input,8,steering,-0.006158091195692588,validated_MAP,603,1.0
pooled,autocorrelation,9,yaw,0.243172242369524,validated_MAP,603,1.0
pooled,autocorrelation,9,acceleration,0.07412950321934754,validated_MAP,603,1.0
pooled,autocorrelation,9,steering,0.030336666732137325,validated_MAP,603,1.0
pooled,past_input,9,yaw,-0.047577145802434016,validated_MAP,603,1.0
pooled,past_input,9,acceleration,0.05943427965746651,validated_MAP,603,1.0
pooled,past_input,9,steering,-0.0029527623054235582,validated_MAP,603,1.0
pooled,autocorrelation,10,yaw,0.2292710157346608,validated_MAP,603,1.0
pooled,autocorrelation,10,acceleration,0.04043520153159601,validated_MAP,603,1.0
pooled,autocorrelation,10,steering,0.01674362533059397,validated_MAP,603,1.0
pooled,past_input,10,yaw,-0.05121479874903342,validated_MAP,603,1.0
pooled,past_input,10,acceleration,0.0543681257985187,validated_MAP,603,1.0
pooled,past_input,10,steering,0.001314376708775487,validated_MAP,603,1.0
pooled,autocorrelation,11,yaw,0.2641114772048971,validated_MAP,603,1.0
pooled,autocorrelation,11,acceleration,0.09178129547761049,validated_MAP,603,1.0
pooled,autocorrelation,11,steering,-0.006465123112052408,validated_MAP,603,1.0
pooled,past_input,11,yaw,-0.05848843637974706,validated_MAP,603,1.0
pooled,past_input,11,acceleration,0.04830090686895365,validated_MAP,603,1.0
pooled,past_input,11,steering,0.006437978498731643,validated_MAP,603,1.0
pooled,autocorrelation,12,yaw,0.19632428049452386,validated_MAP,603,1.0
pooled,autocorrelation,12,acceleration,0.04901527122369994,validated_MAP,603,1.0
pooled,autocorrelation,12,steering,0.058337257631620905,validated_MAP,603,1.0
pooled,past_input,12,yaw,-0.06431979683655667,validated_MAP,603,1.0
pooled,past_input,12,acceleration,0.044624704970264197,validated_MAP,603,1.0
pooled,past_input,12,steering,0.009474103261484663,validated_MAP,603,1.0
pooled,autocorrelation,13,yaw,0.24647409173630802,validated_MAP,603,1.0
pooled,autocorrelation,13,acceleration,0.08450846011658297,validated_MAP,603,1.0
pooled,autocorrelation,13,steering,-0.028839713785823142,validated_MAP,603,1.0
pooled,past_input,13,yaw,-0.06916942603890532,validated_MAP,603,1.0
pooled,past_input,13,acceleration,0.04073497750317448,validated_MAP,603,1.0
pooled,past_input,13,steering,0.009210714662474993,validated_MAP,603,1.0
pooled,autocorrelation,14,yaw,0.2466954570982588,validated_MAP,603,1.0
pooled,autocorrelation,14,acceleration,0.021275334644334353,validated_MAP,603,1.0
pooled,autocorrelation,14,steering,0.02486832532381792,validated_MAP,603,1.0
pooled,past_input,14,yaw,-0.07544588325606436,validated_MAP,603,1.0
pooled,past_input,14,acceleration,0.03947533632179753,validated_MAP,603,1.0
pooled,past_input,14,steering,0.010042910831168279,validated_MAP,603,1.0
pooled,autocorrelation,15,yaw,0.21463489347464362,validated_MAP,603,1.0
pooled,autocorrelation,15,acceleration,0.04800304587449133,validated_MAP,603,1.0
pooled,autocorrelation,15,steering,0.045636078077917905,validated_MAP,603,1.0
pooled,past_input,15,yaw,-0.08229990211761677,validated_MAP,603,1.0
pooled,past_input,15,acceleration,0.031689612233884806,validated_MAP,603,1.0
pooled,past_input,15,steering,0.017642934847984366,validated_MAP,603,1.0
pooled,autocorrelation,16,yaw,0.23246541186642394,validated_MAP,603,1.0
pooled,autocorrelation,16,acceleration,0.0750454945292495,validated_MAP,603,1.0
pooled,autocorrelation,16,steering,-0.04164046617822299,validated_MAP,603,1.0
pooled,past_input,16,yaw,-0.0873602497187999,validated_MAP,603,1.0
pooled,past_input,16,acceleration,0.02475711842197854,validated_MAP,603,1.0
pooled,past_input,16,steering,0.018755685131172393,validated_MAP,603,1.0
pooled,autocorrelation,17,yaw,0.17583932422412005,validated_MAP,603,1.0
pooled,autocorrelation,17,acceleration,0.0313718281791993,validated_MAP,603,1.0
pooled,autocorrelation,17,steering,0.011289624638437848,validated_MAP,603,1.0
pooled,past_input,17,yaw,-0.09248616541101648,validated_MAP,603,1.0
pooled,past_input,17,acceleration,0.022156887223546105,validated_MAP,603,1.0
pooled,past_input,17,steering,0.020147721925695663,validated_MAP,603,1.0
pooled,autocorrelation,18,yaw,0.2703699570972799,validated_MAP,603,1.0
pooled,autocorrelation,18,acceleration,0.04721515730536885,validated_MAP,603,1.0
pooled,autocorrelation,18,steering,0.058609645315872434,validated_MAP,603,1.0
pooled,past_input,18,yaw,-0.09787558593073205,validated_MAP,603,1.0
pooled,past_input,18,acceleration,0.018560470974350943,validated_MAP,603,1.0
pooled,past_input,18,steering,0.024929899494223254,validated_MAP,603,1.0
pooled,autocorrelation,19,yaw,0.2127518743000881,validated_MAP,603,1.0
pooled,autocorrelation,19,acceleration,0.07812007499669217,validated_MAP,603,1.0
pooled,autocorrelation,19,steering,0.0003329392753572201,validated_MAP,603,1.0
pooled,past_input,19,yaw,-0.10807757659895291,validated_MAP,603,1.0
pooled,past_input,19,acceleration,0.012345891277601252,validated_MAP,603,1.0
pooled,past_input,19,steering,0.028726129763421055,validated_MAP,603,1.0
pooled,autocorrelation,20,yaw,0.21338381731293127,validated_MAP,603,1.0
pooled,autocorrelation,20,acceleration,0.00707960806320566,validated_MAP,603,1.0
pooled,autocorrelation,20,steering,-0.010433286876900542,validated_MAP,603,1.0
pooled,past_input,20,yaw,-0.11198214295013342,validated_MAP,603,1.0
pooled,past_input,20,acceleration,0.013036470048443527,validated_MAP,603,1.0
pooled,past_input,20,steering,0.030819378886457395,validated_MAP,603,1.0
within_record,autocorrelation,1,yaw,-0.2395619313990258,validated_MAP,603,1.0
within_record,autocorrelation,1,acceleration,-0.19347116372905035,validated_MAP,603,1.0
within_record,autocorrelation,1,steering,-0.40333006875786265,validated_MAP,603,1.0
within_record,past_input,1,yaw,0.13933285796813652,validated_MAP,603,1.0
within_record,past_input,1,acceleration,0.11206323968634088,validated_MAP,603,1.0
within_record,past_input,1,steering,-0.03534751611918912,validated_MAP,603,1.0
within_record,autocorrelation,2,yaw,-0.009726402514062394,validated_MAP,603,1.0
within_record,autocorrelation,2,acceleration,-0.061543185342528714,validated_MAP,603,1.0
within_record,autocorrelation,2,steering,-0.07593294692916021,validated_MAP,603,1.0
within_record,past_input,2,yaw,0.13737962272105483,validated_MAP,603,1.0
within_record,past_input,2,acceleration,0.1073854812258737,validated_MAP,603,1.0
within_record,past_input,2,steering,-0.035901039512415994,validated_MAP,603,1.0
within_record,autocorrelation,3,yaw,0.08270564041483447,validated_MAP,603,1.0
within_record,autocorrelation,3,acceleration,-0.037185459861489786,validated_MAP,603,1.0
within_record,autocorrelation,3,steering,0.02824855147759499,validated_MAP,603,1.0
within_record,past_input,3,yaw,0.13492867449362198,validated_MAP,603,1.0
within_record,past_input,3,acceleration,0.1087385176188595,validated_MAP,603,1.0
within_record,past_input,3,steering,-0.028721697111480947,validated_MAP,603,1.0
within_record,autocorrelation,4,yaw,0.12628951331324054,validated_MAP,603,1.0
within_record,autocorrelation,4,acceleration,0.024831143939507368,validated_MAP,603,1.0
within_record,autocorrelation,4,steering,0.01861759369711484,validated_MAP,603,1.0
within_record,past_input,4,yaw,0.13102677030268844,validated_MAP,603,1.0
within_record,past_input,4,acceleration,0.10279435435552632,validated_MAP,603,1.0
within_record,past_input,4,steering,-0.02579973350781551,validated_MAP,603,1.0
within_record,autocorrelation,5,yaw,0.09622747163345495,validated_MAP,603,1.0
within_record,autocorrelation,5,acceleration,0.021415551157585016,validated_MAP,603,1.0
within_record,autocorrelation,5,steering,0.03666522951012747,validated_MAP,603,1.0
within_record,past_input,5,yaw,0.128422190840981,validated_MAP,603,1.0
within_record,past_input,5,acceleration,0.10401159643079465,validated_MAP,603,1.0
within_record,past_input,5,steering,-0.02523516618836202,validated_MAP,603,1.0
within_record,autocorrelation,6,yaw,0.06770778175351662,validated_MAP,603,1.0
within_record,autocorrelation,6,acceleration,0.04423103798807832,validated_MAP,603,1.0
within_record,autocorrelation,6,steering,-0.018053343261257113,validated_MAP,603,1.0
within_record,past_input,6,yaw,0.11951329268391067,validated_MAP,603,1.0
within_record,past_input,6,acceleration,0.09806052839634562,validated_MAP,603,1.0
within_record,past_input,6,steering,-0.024182500514278345,validated_MAP,603,1.0
within_record,autocorrelation,7,yaw,0.09488794559528543,validated_MAP,603,1.0
within_record,autocorrelation,7,acceleration,0.04495234260390009,validated_MAP,603,1.0
within_record,autocorrelation,7,steering,0.002412096544084796,validated_MAP,603,1.0
within_record,past_input,7,yaw,0.1161618361441405,validated_MAP,603,1.0
within_record,past_input,7,acceleration,0.09666120567350227,validated_MAP,603,1.0
within_record,past_input,7,steering,-0.016553033530910657,validated_MAP,603,1.0
within_record,autocorrelation,8,yaw,0.08039155607178773,validated_MAP,603,1.0
within_record,autocorrelation,8,acceleration,0.04339780380401455,validated_MAP,603,1.0
within_record,autocorrelation,8,steering,0.01971955519252996,validated_MAP,603,1.0
within_record,past_input,8,yaw,0.11354162873500773,validated_MAP,603,1.0
within_record,past_input,8,acceleration,0.09459537751203012,validated_MAP,603,1.0
within_record,past_input,8,steering,-0.015132711882169483,validated_MAP,603,1.0
within_record,autocorrelation,9,yaw,0.08731973800586924,validated_MAP,603,1.0
within_record,autocorrelation,9,acceleration,0.04996605729508085,validated_MAP,603,1.0
within_record,autocorrelation,9,steering,0.025376499322556523,validated_MAP,603,1.0
within_record,past_input,9,yaw,0.10485125684063511,validated_MAP,603,1.0
within_record,past_input,9,acceleration,0.09056119040460539,validated_MAP,603,1.0
within_record,past_input,9,steering,-0.010694587959539818,validated_MAP,603,1.0
within_record,autocorrelation,10,yaw,0.06802413864862239,validated_MAP,603,1.0
within_record,autocorrelation,10,acceleration,0.015419557847959623,validated_MAP,603,1.0
within_record,autocorrelation,10,steering,0.011887982461815935,validated_MAP,603,1.0
within_record,past_input,10,yaw,0.10153039067466937,validated_MAP,603,1.0
within_record,past_input,10,acceleration,0.08769077030994955,validated_MAP,603,1.0
within_record,past_input,10,steering,-0.0036864165845009525,validated_MAP,603,1.0
within_record,autocorrelation,11,yaw,0.10927533840187187,validated_MAP,603,1.0
within_record,autocorrelation,11,acceleration,0.06772819173747775,validated_MAP,603,1.0
within_record,autocorrelation,11,steering,-0.011709515783968089,validated_MAP,603,1.0
within_record,past_input,11,yaw,0.09259853853865338,validated_MAP,603,1.0
within_record,past_input,11,acceleration,0.07979776529178126,validated_MAP,603,1.0
within_record,past_input,11,steering,0.0007153451913621382,validated_MAP,603,1.0
within_record,autocorrelation,12,yaw,0.025838008147976606,validated_MAP,603,1.0
within_record,autocorrelation,12,acceleration,0.022973864752603868,validated_MAP,603,1.0
within_record,autocorrelation,12,steering,0.05320794458773597,validated_MAP,603,1.0
within_record,past_input,12,yaw,0.08642185977799909,validated_MAP,603,1.0
within_record,past_input,12,acceleration,0.07542830300521512,validated_MAP,603,1.0
within_record,past_input,12,steering,0.005428610314048812,validated_MAP,603,1.0
within_record,autocorrelation,13,yaw,0.08769530120765495,validated_MAP,603,1.0
within_record,autocorrelation,13,acceleration,0.05949033628671995,validated_MAP,603,1.0
within_record,autocorrelation,13,steering,-0.03413426811592614,validated_MAP,603,1.0
within_record,past_input,13,yaw,0.07844503103603027,validated_MAP,603,1.0
within_record,past_input,13,acceleration,0.06771163668825393,validated_MAP,603,1.0
within_record,past_input,13,steering,0.003927290943724261,validated_MAP,603,1.0
within_record,autocorrelation,14,yaw,0.08628006782748751,validated_MAP,603,1.0
within_record,autocorrelation,14,acceleration,-0.005449670150008102,validated_MAP,603,1.0
within_record,autocorrelation,14,steering,0.01963898722810723,validated_MAP,603,1.0
within_record,past_input,14,yaw,0.07490794333730352,validated_MAP,603,1.0
within_record,past_input,14,acceleration,0.06874128428341672,validated_MAP,603,1.0
within_record,past_input,14,steering,0.005065870611656064,validated_MAP,603,1.0
within_record,autocorrelation,15,yaw,0.046396291825531406,validated_MAP,603,1.0
within_record,autocorrelation,15,acceleration,0.0210428384022521,validated_MAP,603,1.0
within_record,autocorrelation,15,steering,0.04041634500978339,validated_MAP,603,1.0
within_record,past_input,15,yaw,0.06464952592073336,validated_MAP,603,1.0
within_record,past_input,15,acceleration,0.06041113637055657,validated_MAP,603,1.0
within_record,past_input,15,steering,0.011551419924711353,validated_MAP,603,1.0
within_record,autocorrelation,16,yaw,0.06991983802496393,validated_MAP,603,1.0
within_record,autocorrelation,16,acceleration,0.04935790220457033,validated_MAP,603,1.0
within_record,autocorrelation,16,steering,-0.04759496449033125,validated_MAP,603,1.0
within_record,past_input,16,yaw,0.056375612031195586,validated_MAP,603,1.0
within_record,past_input,16,acceleration,0.05609563484412825,validated_MAP,603,1.0
within_record,past_input,16,steering,0.016518855472690254,validated_MAP,603,1.0
within_record,autocorrelation,17,yaw,0.0010041926973320034,validated_MAP,603,1.0
within_record,autocorrelation,17,acceleration,0.004387921162987424,validated_MAP,603,1.0
within_record,autocorrelation,17,steering,0.005963874109633317,validated_MAP,603,1.0
within_record,past_input,17,yaw,0.04812839340793686,validated_MAP,603,1.0
within_record,past_input,17,acceleration,0.05263179692771215,validated_MAP,603,1.0
within_record,past_input,17,steering,0.015563811236363623,validated_MAP,603,1.0
within_record,autocorrelation,18,yaw,0.11347698591130631,validated_MAP,603,1.0
within_record,autocorrelation,18,acceleration,0.021317243633573044,validated_MAP,603,1.0
within_record,autocorrelation,18,steering,0.05343348394868066,validated_MAP,603,1.0
within_record,past_input,18,yaw,0.04227193539736953,validated_MAP,603,1.0
within_record,past_input,18,acceleration,0.05218792064995375,validated_MAP,603,1.0
within_record,past_input,18,steering,0.021788883007167692,validated_MAP,603,1.0
within_record,autocorrelation,19,yaw,0.044922974055383244,validated_MAP,603,1.0
within_record,autocorrelation,19,acceleration,0.05235211663283216,validated_MAP,603,1.0
within_record,autocorrelation,19,steering,-0.005206413361925932,validated_MAP,603,1.0
within_record,past_input,19,yaw,0.03077764136315869,validated_MAP,603,1.0
within_record,past_input,19,acceleration,0.04073495843003481,validated_MAP,603,1.0
within_record,past_input,19,steering,0.02902357434127674,validated_MAP,603,1.0
within_record,autocorrelation,20,yaw,0.04444590324183559,validated_MAP,603,1.0
within_record,autocorrelation,20,acceleration,-0.02001630519957454,validated_MAP,603,1.0
within_record,autocorrelation,20,steering,-0.016406072801575074,validated_MAP,603,1.0
within_record,past_input,20,yaw,0.027188986172835897,validated_MAP,603,1.0
within_record,past_input,20,acceleration,0.03957597230905729,validated_MAP,603,1.0
within_record,past_input,20,steering,0.02983643082035439,validated_MAP,603,1.0
pooled,autocorrelation,1,yaw,-0.03513283983045645,validated_group,603,1.0
pooled,autocorrelation,1,acceleration,-0.16526321341867137,validated_group,603,1.0
pooled,autocorrelation,1,steering,-0.3971753977753386,validated_group,603,1.0
pooled,past_input,1,yaw,-0.01283409837241699,validated_group,603,1.0
pooled,past_input,1,acceleration,0.08090290197520875,validated_group,603,1.0
pooled,past_input,1,steering,-0.02615341364894723,validated_group,603,1.0
pooled,autocorrelation,2,yaw,0.15706384387261388,validated_group,603,1.0
pooled,autocorrelation,2,acceleration,-0.03641369696577599,validated_group,603,1.0
pooled,autocorrelation,2,steering,-0.07110131608049083,validated_group,603,1.0
pooled,past_input,2,yaw,-0.01558628758032177,validated_group,603,1.0
pooled,past_input,2,acceleration,0.0779079056888995,validated_group,603,1.0
pooled,past_input,2,steering,-0.02513449135068266,validated_group,603,1.0
pooled,autocorrelation,3,yaw,0.23474784603967366,validated_group,603,1.0
pooled,autocorrelation,3,acceleration,-0.012173733240317007,validated_group,603,1.0
pooled,autocorrelation,3,steering,0.03296324456365691,validated_group,603,1.0
pooled,past_input,3,yaw,-0.0190121024830507,validated_group,603,1.0
pooled,past_input,3,acceleration,0.0766288966665579,validated_group,603,1.0
pooled,past_input,3,steering,-0.020215918394296414,validated_group,603,1.0
pooled,autocorrelation,4,yaw,0.2721701400785888,validated_group,603,1.0
pooled,autocorrelation,4,acceleration,0.048616122876679845,validated_group,603,1.0
pooled,autocorrelation,4,steering,0.023423770572995,validated_group,603,1.0
pooled,past_input,4,yaw,-0.021252930791005334,validated_group,603,1.0
pooled,past_input,4,acceleration,0.07216736344400518,validated_group,603,1.0
pooled,past_input,4,steering,-0.01836515244725566,validated_group,603,1.0
pooled,autocorrelation,5,yaw,0.24920323875718278,validated_group,603,1.0
pooled,autocorrelation,5,acceleration,0.04506069490920479,validated_group,603,1.0
pooled,autocorrelation,5,steering,0.04145123814808843,validated_group,603,1.0
pooled,past_input,5,yaw,-0.027143072305676717,validated_group,603,1.0
pooled,past_input,5,acceleration,0.07058851009955969,validated_group,603,1.0
pooled,past_input,5,steering,-0.014835401484743717,validated_group,603,1.0
pooled,autocorrelation,6,yaw,0.2259170639857002,validated_group,603,1.0
pooled,autocorrelation,6,acceleration,0.06776827422335249,validated_group,603,1.0
pooled,autocorrelation,6,steering,-0.01330502850137489,validated_group,603,1.0
pooled,past_input,6,yaw,-0.03357395115301071,validated_group,603,1.0
pooled,past_input,6,acceleration,0.06754564018784787,validated_group,603,1.0
pooled,past_input,6,steering,-0.014251970177011235,validated_group,603,1.0
pooled,autocorrelation,7,yaw,0.24980930725257514,validated_group,603,1.0
pooled,autocorrelation,7,acceleration,0.0685885290859384,validated_group,603,1.0
pooled,autocorrelation,7,steering,0.007346164916572146,validated_group,603,1.0
pooled,past_input,7,yaw,-0.03764126410718608,validated_group,603,1.0
pooled,past_input,7,acceleration,0.06548066201084758,validated_group,603,1.0
pooled,past_input,7,steering,-0.007664486457963794,validated_group,603,1.0
pooled,autocorrelation,8,yaw,0.23787103782191982,validated_group,603,1.0
pooled,autocorrelation,8,acceleration,0.06727682338427954,validated_group,603,1.0
pooled,autocorrelation,8,steering,0.02438220040795046,validated_group,603,1.0
pooled,past_input,8,yaw,-0.042189665960757995,validated_group,603,1.0
pooled,past_input,8,acceleration,0.06293241989916794,validated_group,603,1.0
pooled,past_input,8,steering,-0.006158091195692588,validated_group,603,1.0
pooled,autocorrelation,9,yaw,0.243172242369524,validated_group,603,1.0
pooled,autocorrelation,9,acceleration,0.07412950321934754,validated_group,603,1.0
pooled,autocorrelation,9,steering,0.030336666732137325,validated_group,603,1.0
pooled,past_input,9,yaw,-0.047577145802434016,validated_group,603,1.0
pooled,past_input,9,acceleration,0.05943427965746651,validated_group,603,1.0
pooled,past_input,9,steering,-0.0029527623054235582,validated_group,603,1.0
pooled,autocorrelation,10,yaw,0.2292710157346608,validated_group,603,1.0
pooled,autocorrelation,10,acceleration,0.04043520153159601,validated_group,603,1.0
pooled,autocorrelation,10,steering,0.01674362533059397,validated_group,603,1.0
pooled,past_input,10,yaw,-0.05121479874903342,validated_group,603,1.0
pooled,past_input,10,acceleration,0.0543681257985187,validated_group,603,1.0
pooled,past_input,10,steering,0.001314376708775487,validated_group,603,1.0
pooled,autocorrelation,11,yaw,0.2641114772048971,validated_group,603,1.0
pooled,autocorrelation,11,acceleration,0.09178129547761049,validated_group,603,1.0
pooled,autocorrelation,11,steering,-0.006465123112052408,validated_group,603,1.0
pooled,past_input,11,yaw,-0.05848843637974706,validated_group,603,1.0
pooled,past_input,11,acceleration,0.04830090686895365,validated_group,603,1.0
pooled,past_input,11,steering,0.006437978498731643,validated_group,603,1.0
pooled,autocorrelation,12,yaw,0.19632428049452386,validated_group,603,1.0
pooled,autocorrelation,12,acceleration,0.04901527122369994,validated_group,603,1.0
pooled,autocorrelation,12,steering,0.058337257631620905,validated_group,603,1.0
pooled,past_input,12,yaw,-0.06431979683655667,validated_group,603,1.0
pooled,past_input,12,acceleration,0.044624704970264197,validated_group,603,1.0
pooled,past_input,12,steering,0.009474103261484663,validated_group,603,1.0
pooled,autocorrelation,13,yaw,0.24647409173630802,validated_group,603,1.0
pooled,autocorrelation,13,acceleration,0.08450846011658297,validated_group,603,1.0
pooled,autocorrelation,13,steering,-0.028839713785823142,validated_group,603,1.0
pooled,past_input,13,yaw,-0.06916942603890532,validated_group,603,1.0
pooled,past_input,13,acceleration,0.04073497750317448,validated_group,603,1.0
pooled,past_input,13,steering,0.009210714662474993,validated_group,603,1.0
pooled,autocorrelation,14,yaw,0.2466954570982588,validated_group,603,1.0
pooled,autocorrelation,14,acceleration,0.021275334644334353,validated_group,603,1.0
pooled,autocorrelation,14,steering,0.02486832532381792,validated_group,603,1.0
pooled,past_input,14,yaw,-0.07544588325606436,validated_group,603,1.0
pooled,past_input,14,acceleration,0.03947533632179753,validated_group,603,1.0
pooled,past_input,14,steering,0.010042910831168279,validated_group,603,1.0
pooled,autocorrelation,15,yaw,0.21463489347464362,validated_group,603,1.0
pooled,autocorrelation,15,acceleration,0.04800304587449133,validated_group,603,1.0
pooled,autocorrelation,15,steering,0.045636078077917905,validated_group,603,1.0
pooled,past_input,15,yaw,-0.08229990211761677,validated_group,603,1.0
pooled,past_input,15,acceleration,0.031689612233884806,validated_group,603,1.0
pooled,past_input,15,steering,0.017642934847984366,validated_group,603,1.0
pooled,autocorrelation,16,yaw,0.23246541186642394,validated_group,603,1.0
pooled,autocorrelation,16,acceleration,0.0750454945292495,validated_group,603,1.0
pooled,autocorrelation,16,steering,-0.04164046617822299,validated_group,603,1.0
pooled,past_input,16,yaw,-0.0873602497187999,validated_group,603,1.0
pooled,past_input,16,acceleration,0.02475711842197854,validated_group,603,1.0
pooled,past_input,16,steering,0.018755685131172393,validated_group,603,1.0
pooled,autocorrelation,17,yaw,0.17583932422412005,validated_group,603,1.0
pooled,autocorrelation,17,acceleration,0.0313718281791993,validated_group,603,1.0
pooled,autocorrelation,17,steering,0.011289624638437848,validated_group,603,1.0
pooled,past_input,17,yaw,-0.09248616541101648,validated_group,603,1.0
pooled,past_input,17,acceleration,0.022156887223546105,validated_group,603,1.0
pooled,past_input,17,steering,0.020147721925695663,validated_group,603,1.0
pooled,autocorrelation,18,yaw,0.2703699570972799,validated_group,603,1.0
pooled,autocorrelation,18,acceleration,0.04721515730536885,validated_group,603,1.0
pooled,autocorrelation,18,steering,0.058609645315872434,validated_group,603,1.0
pooled,past_input,18,yaw,-0.09787558593073205,validated_group,603,1.0
pooled,past_input,18,acceleration,0.018560470974350943,validated_group,603,1.0
pooled,past_input,18,steering,0.024929899494223254,validated_group,603,1.0
pooled,autocorrelation,19,yaw,0.2127518743000881,validated_group,603,1.0
pooled,autocorrelation,19,acceleration,0.07812007499669217,validated_group,603,1.0
pooled,autocorrelation,19,steering,0.0003329392753572201,validated_group,603,1.0
pooled,past_input,19,yaw,-0.10807757659895291,validated_group,603,1.0
pooled,past_input,19,acceleration,0.012345891277601252,validated_group,603,1.0
pooled,past_input,19,steering,0.028726129763421055,validated_group,603,1.0
pooled,autocorrelation,20,yaw,0.21338381731293127,validated_group,603,1.0
pooled,autocorrelation,20,acceleration,0.00707960806320566,validated_group,603,1.0
pooled,autocorrelation,20,steering,-0.010433286876900542,validated_group,603,1.0
pooled,past_input,20,yaw,-0.11198214295013342,validated_group,603,1.0
pooled,past_input,20,acceleration,0.013036470048443527,validated_group,603,1.0
pooled,past_input,20,steering,0.030819378886457395,validated_group,603,1.0
within_record,autocorrelation,1,yaw,-0.2395619313990258,validated_group,603,1.0
within_record,autocorrelation,1,acceleration,-0.19347116372905035,validated_group,603,1.0
within_record,autocorrelation,1,steering,-0.40333006875786265,validated_group,603,1.0
within_record,past_input,1,yaw,0.13933285796813652,validated_group,603,1.0
within_record,past_input,1,acceleration,0.11206323968634088,validated_group,603,1.0
within_record,past_input,1,steering,-0.03534751611918912,validated_group,603,1.0
within_record,autocorrelation,2,yaw,-0.009726402514062394,validated_group,603,1.0
within_record,autocorrelation,2,acceleration,-0.061543185342528714,validated_group,603,1.0
within_record,autocorrelation,2,steering,-0.07593294692916021,validated_group,603,1.0
within_record,past_input,2,yaw,0.13737962272105483,validated_group,603,1.0
within_record,past_input,2,acceleration,0.1073854812258737,validated_group,603,1.0
within_record,past_input,2,steering,-0.035901039512415994,validated_group,603,1.0
within_record,autocorrelation,3,yaw,0.08270564041483447,validated_group,603,1.0
within_record,autocorrelation,3,acceleration,-0.037185459861489786,validated_group,603,1.0
within_record,autocorrelation,3,steering,0.02824855147759499,validated_group,603,1.0
within_record,past_input,3,yaw,0.13492867449362198,validated_group,603,1.0
within_record,past_input,3,acceleration,0.1087385176188595,validated_group,603,1.0
within_record,past_input,3,steering,-0.028721697111480947,validated_group,603,1.0
within_record,autocorrelation,4,yaw,0.12628951331324054,validated_group,603,1.0
within_record,autocorrelation,4,acceleration,0.024831143939507368,validated_group,603,1.0
within_record,autocorrelation,4,steering,0.01861759369711484,validated_group,603,1.0
within_record,past_input,4,yaw,0.13102677030268844,validated_group,603,1.0
within_record,past_input,4,acceleration,0.10279435435552632,validated_group,603,1.0
within_record,past_input,4,steering,-0.02579973350781551,validated_group,603,1.0
within_record,autocorrelation,5,yaw,0.09622747163345495,validated_group,603,1.0
within_record,autocorrelation,5,acceleration,0.021415551157585016,validated_group,603,1.0
within_record,autocorrelation,5,steering,0.03666522951012747,validated_group,603,1.0
within_record,past_input,5,yaw,0.128422190840981,validated_group,603,1.0
within_record,past_input,5,acceleration,0.10401159643079465,validated_group,603,1.0
within_record,past_input,5,steering,-0.02523516618836202,validated_group,603,1.0
within_record,autocorrelation,6,yaw,0.06770778175351662,validated_group,603,1.0
within_record,autocorrelation,6,acceleration,0.04423103798807832,validated_group,603,1.0
within_record,autocorrelation,6,steering,-0.018053343261257113,validated_group,603,1.0
within_record,past_input,6,yaw,0.11951329268391067,validated_group,603,1.0
within_record,past_input,6,acceleration,0.09806052839634562,validated_group,603,1.0
within_record,past_input,6,steering,-0.024182500514278345,validated_group,603,1.0
within_record,autocorrelation,7,yaw,0.09488794559528543,validated_group,603,1.0
within_record,autocorrelation,7,acceleration,0.04495234260390009,validated_group,603,1.0
within_record,autocorrelation,7,steering,0.002412096544084796,validated_group,603,1.0
within_record,past_input,7,yaw,0.1161618361441405,validated_group,603,1.0
within_record,past_input,7,acceleration,0.09666120567350227,validated_group,603,1.0
within_record,past_input,7,steering,-0.016553033530910657,validated_group,603,1.0
within_record,autocorrelation,8,yaw,0.08039155607178773,validated_group,603,1.0
within_record,autocorrelation,8,acceleration,0.04339780380401455,validated_group,603,1.0
within_record,autocorrelation,8,steering,0.01971955519252996,validated_group,603,1.0
within_record,past_input,8,yaw,0.11354162873500773,validated_group,603,1.0
within_record,past_input,8,acceleration,0.09459537751203012,validated_group,603,1.0
within_record,past_input,8,steering,-0.015132711882169483,validated_group,603,1.0
within_record,autocorrelation,9,yaw,0.08731973800586924,validated_group,603,1.0
within_record,autocorrelation,9,acceleration,0.04996605729508085,validated_group,603,1.0
within_record,autocorrelation,9,steering,0.025376499322556523,validated_group,603,1.0
within_record,past_input,9,yaw,0.10485125684063511,validated_group,603,1.0
within_record,past_input,9,acceleration,0.09056119040460539,validated_group,603,1.0
within_record,past_input,9,steering,-0.010694587959539818,validated_group,603,1.0
within_record,autocorrelation,10,yaw,0.06802413864862239,validated_group,603,1.0
within_record,autocorrelation,10,acceleration,0.015419557847959623,validated_group,603,1.0
within_record,autocorrelation,10,steering,0.011887982461815935,validated_group,603,1.0
within_record,past_input,10,yaw,0.10153039067466937,validated_group,603,1.0
within_record,past_input,10,acceleration,0.08769077030994955,validated_group,603,1.0
within_record,past_input,10,steering,-0.0036864165845009525,validated_group,603,1.0
within_record,autocorrelation,11,yaw,0.10927533840187187,validated_group,603,1.0
within_record,autocorrelation,11,acceleration,0.06772819173747775,validated_group,603,1.0
within_record,autocorrelation,11,steering,-0.011709515783968089,validated_group,603,1.0
within_record,past_input,11,yaw,0.09259853853865338,validated_group,603,1.0
within_record,past_input,11,acceleration,0.07979776529178126,validated_group,603,1.0
within_record,past_input,11,steering,0.0007153451913621382,validated_group,603,1.0
within_record,autocorrelation,12,yaw,0.025838008147976606,validated_group,603,1.0
within_record,autocorrelation,12,acceleration,0.022973864752603868,validated_group,603,1.0
within_record,autocorrelation,12,steering,0.05320794458773597,validated_group,603,1.0
within_record,past_input,12,yaw,0.08642185977799909,validated_group,603,1.0
within_record,past_input,12,acceleration,0.07542830300521512,validated_group,603,1.0
within_record,past_input,12,steering,0.005428610314048812,validated_group,603,1.0
within_record,autocorrelation,13,yaw,0.08769530120765495,validated_group,603,1.0
within_record,autocorrelation,13,acceleration,0.05949033628671995,validated_group,603,1.0
within_record,autocorrelation,13,steering,-0.03413426811592614,validated_group,603,1.0
within_record,past_input,13,yaw,0.07844503103603027,validated_group,603,1.0
within_record,past_input,13,acceleration,0.06771163668825393,validated_group,603,1.0
within_record,past_input,13,steering,0.003927290943724261,validated_group,603,1.0
within_record,autocorrelation,14,yaw,0.08628006782748751,validated_group,603,1.0
within_record,autocorrelation,14,acceleration,-0.005449670150008102,validated_group,603,1.0
within_record,autocorrelation,14,steering,0.01963898722810723,validated_group,603,1.0
within_record,past_input,14,yaw,0.07490794333730352,validated_group,603,1.0
within_record,past_input,14,acceleration,0.06874128428341672,validated_group,603,1.0
within_record,past_input,14,steering,0.005065870611656064,validated_group,603,1.0
within_record,autocorrelation,15,yaw,0.046396291825531406,validated_group,603,1.0
within_record,autocorrelation,15,acceleration,0.0210428384022521,validated_group,603,1.0
within_record,autocorrelation,15,steering,0.04041634500978339,validated_group,603,1.0
within_record,past_input,15,yaw,0.06464952592073336,validated_group,603,1.0
within_record,past_input,15,acceleration,0.06041113637055657,validated_group,603,1.0
within_record,past_input,15,steering,0.011551419924711353,validated_group,603,1.0
within_record,autocorrelation,16,yaw,0.06991983802496393,validated_group,603,1.0
within_record,autocorrelation,16,acceleration,0.04935790220457033,validated_group,603,1.0
within_record,autocorrelation,16,steering,-0.04759496449033125,validated_group,603,1.0
within_record,past_input,16,yaw,0.056375612031195586,validated_group,603,1.0
within_record,past_input,16,acceleration,0.05609563484412825,validated_group,603,1.0
within_record,past_input,16,steering,0.016518855472690254,validated_group,603,1.0
within_record,autocorrelation,17,yaw,0.0010041926973320034,validated_group,603,1.0
within_record,autocorrelation,17,acceleration,0.004387921162987424,validated_group,603,1.0
within_record,autocorrelation,17,steering,0.005963874109633317,validated_group,603,1.0
within_record,past_input,17,yaw,0.04812839340793686,validated_group,603,1.0
within_record,past_input,17,acceleration,0.05263179692771215,validated_group,603,1.0
within_record,past_input,17,steering,0.015563811236363623,validated_group,603,1.0
within_record,autocorrelation,18,yaw,0.11347698591130631,validated_group,603,1.0
within_record,autocorrelation,18,acceleration,0.021317243633573044,validated_group,603,1.0
within_record,autocorrelation,18,steering,0.05343348394868066,validated_group,603,1.0
within_record,past_input,18,yaw,0.04227193539736953,validated_group,603,1.0
within_record,past_input,18,acceleration,0.05218792064995375,validated_group,603,1.0
within_record,past_input,18,steering,0.021788883007167692,validated_group,603,1.0
within_record,autocorrelation,19,yaw,0.044922974055383244,validated_group,603,1.0
within_record,autocorrelation,19,acceleration,0.05235211663283216,validated_group,603,1.0
within_record,autocorrelation,19,steering,-0.005206413361925932,validated_group,603,1.0
within_record,past_input,19,yaw,0.03077764136315869,validated_group,603,1.0
within_record,past_input,19,acceleration,0.04073495843003481,validated_group,603,1.0
within_record,past_input,19,steering,0.02902357434127674,validated_group,603,1.0
within_record,autocorrelation,20,yaw,0.04444590324183559,validated_group,603,1.0
within_record,autocorrelation,20,acceleration,-0.02001630519957454,validated_group,603,1.0
within_record,autocorrelation,20,steering,-0.016406072801575074,validated_group,603,1.0
within_record,past_input,20,yaw,0.027188986172835897,validated_group,603,1.0
within_record,past_input,20,acceleration,0.03957597230905729,validated_group,603,1.0
within_record,past_input,20,steering,0.02983643082035439,validated_group,603,1.0
pooled,autocorrelation,1,yaw,-0.03150502796907651,validated_fallback,603,1.0
pooled,autocorrelation,1,acceleration,-0.1743575275457429,validated_fallback,603,1.0
pooled,autocorrelation,1,steering,-0.40059447427213574,validated_fallback,603,1.0
pooled,past_input,1,yaw,-0.05827958560383172,validated_fallback,603,1.0
pooled,past_input,1,acceleration,0.07913210537902311,validated_fallback,603,1.0
pooled,past_input,1,steering,-0.030724118863732643,validated_fallback,603,1.0
pooled,autocorrelation,2,yaw,0.16086388209870436,validated_fallback,603,1.0
pooled,autocorrelation,2,acceleration,-0.044073723776242156,validated_fallback,603,1.0
pooled,autocorrelation,2,steering,-0.07405793329987019,validated_fallback,603,1.0
pooled,past_input,2,yaw,-0.060521464065704446,validated_fallback,603,1.0
pooled,past_input,2,acceleration,0.07685666330279013,validated_fallback,603,1.0
pooled,past_input,2,steering,-0.029124668471253952,validated_fallback,603,1.0
pooled,autocorrelation,3,yaw,0.23814461629820566,validated_fallback,603,1.0
pooled,autocorrelation,3,acceleration,-0.018913443943424372,validated_fallback,603,1.0
pooled,autocorrelation,3,steering,0.030466877593984174,validated_fallback,603,1.0
pooled,past_input,3,yaw,-0.06336564711051434,validated_fallback,603,1.0
pooled,past_input,3,acceleration,0.07629223023090811,validated_fallback,603,1.0
pooled,past_input,3,steering,-0.023597867463910648,validated_fallback,603,1.0
pooled,autocorrelation,4,yaw,0.2754291208092126,validated_fallback,603,1.0
pooled,autocorrelation,4,acceleration,0.04220472103821707,validated_fallback,603,1.0
pooled,autocorrelation,4,steering,0.02116182662901176,validated_fallback,603,1.0
pooled,past_input,4,yaw,-0.06503549044760862,validated_fallback,603,1.0
pooled,past_input,4,acceleration,0.07253129067849878,validated_fallback,603,1.0
pooled,past_input,4,steering,-0.02112360941824424,validated_fallback,603,1.0
pooled,autocorrelation,5,yaw,0.2523821581779466,validated_fallback,603,1.0
pooled,autocorrelation,5,acceleration,0.03885231867313484,validated_fallback,603,1.0
pooled,autocorrelation,5,steering,0.03830205243728355,validated_fallback,603,1.0
pooled,past_input,5,yaw,-0.070236195608112,validated_fallback,603,1.0
pooled,past_input,5,acceleration,0.07169759814702262,validated_fallback,603,1.0
pooled,past_input,5,steering,-0.01698467832408044,validated_fallback,603,1.0
pooled,autocorrelation,6,yaw,0.22934895921763673,validated_fallback,603,1.0
pooled,autocorrelation,6,acceleration,0.061798525358713205,validated_fallback,603,1.0
pooled,autocorrelation,6,steering,-0.016099318550465487,validated_fallback,603,1.0
pooled,past_input,6,yaw,-0.07598143377566903,validated_fallback,603,1.0
pooled,past_input,6,acceleration,0.06938665296313444,validated_fallback,603,1.0
pooled,past_input,6,steering,-0.015786144452509268,validated_fallback,603,1.0
pooled,autocorrelation,7,yaw,0.25319823626089166,validated_fallback,603,1.0
pooled,autocorrelation,7,acceleration,0.06263584147999801,validated_fallback,603,1.0
pooled,autocorrelation,7,steering,0.005219512797632192,validated_fallback,603,1.0
pooled,past_input,7,yaw,-0.07935425609398042,validated_fallback,603,1.0
pooled,past_input,7,acceleration,0.06805653093328695,validated_fallback,603,1.0
pooled,past_input,7,steering,-0.008557590158330027,validated_fallback,603,1.0
pooled,autocorrelation,8,yaw,0.24176392685010958,validated_fallback,603,1.0
pooled,autocorrelation,8,acceleration,0.061534901449618706,validated_fallback,603,1.0
pooled,autocorrelation,8,steering,0.021794764011125376,validated_fallback,603,1.0
pooled,past_input,8,yaw,-0.08318049280643698,validated_fallback,603,1.0
pooled,past_input,8,acceleration,0.06624190865109708,validated_fallback,603,1.0
pooled,past_input,8,steering,-0.006439286109108527,validated_fallback,603,1.0
pooled,autocorrelation,9,yaw,0.24712652163510276,validated_fallback,603,1.0
pooled,autocorrelation,9,acceleration,0.068711134706927,validated_fallback,603,1.0
pooled,autocorrelation,9,steering,0.02797440814362664,validated_fallback,603,1.0
pooled,past_input,9,yaw,-0.08774872130375132,validated_fallback,603,1.0
pooled,past_input,9,acceleration,0.06348949456923544,validated_fallback,603,1.0
pooled,past_input,9,steering,-0.0026108560274746323,validated_fallback,603,1.0
pooled,autocorrelation,10,yaw,0.23284151140234127,validated_fallback,603,1.0
pooled,autocorrelation,10,acceleration,0.034851473330213247,validated_fallback,603,1.0
pooled,autocorrelation,10,steering,0.014426561305326305,validated_fallback,603,1.0
pooled,past_input,10,yaw,-0.09049496966273725,validated_fallback,603,1.0
pooled,past_input,10,acceleration,0.05915218259633202,validated_fallback,603,1.0
pooled,past_input,10,steering,0.0022751339520431565,validated_fallback,603,1.0
pooled,autocorrelation,11,yaw,0.2676242875196571,validated_fallback,603,1.0
pooled,autocorrelation,11,acceleration,0.08652238217182368,validated_fallback,603,1.0
pooled,autocorrelation,11,steering,-0.008519170885740649,validated_fallback,603,1.0
pooled,past_input,11,yaw,-0.09686077178424256,validated_fallback,603,1.0
pooled,past_input,11,acceleration,0.053788783075830376,validated_fallback,603,1.0
pooled,past_input,11,steering,0.008012219848662436,validated_fallback,603,1.0
pooled,autocorrelation,12,yaw,0.2002011565391201,validated_fallback,603,1.0
pooled,autocorrelation,12,acceleration,0.04355527945307748,validated_fallback,603,1.0
pooled,autocorrelation,12,steering,0.05639123673861217,validated_fallback,603,1.0
pooled,past_input,12,yaw,-0.1018212104033827,validated_fallback,603,1.0
pooled,past_input,12,acceleration,0.050811118125869255,validated_fallback,603,1.0
pooled,past_input,12,steering,0.011651803395149395,validated_fallback,603,1.0
pooled,autocorrelation,13,yaw,0.250214724287842,validated_fallback,603,1.0
pooled,autocorrelation,13,acceleration,0.07929392136265154,validated_fallback,603,1.0
pooled,autocorrelation,13,steering,-0.031165610243331116,validated_fallback,603,1.0
pooled,past_input,13,yaw,-0.10575652685726741,validated_fallback,603,1.0
pooled,past_input,13,acceleration,0.047650113306829556,validated_fallback,603,1.0
pooled,past_input,13,steering,0.01195240625712313,validated_fallback,603,1.0
pooled,autocorrelation,14,yaw,0.2505222431669243,validated_fallback,603,1.0
pooled,autocorrelation,14,acceleration,0.01642633228750216,validated_fallback,603,1.0
pooled,autocorrelation,14,steering,0.022974942518026682,validated_fallback,603,1.0
pooled,past_input,14,yaw,-0.1110838954992971,validated_fallback,603,1.0
pooled,past_input,14,acceleration,0.047110394028883375,validated_fallback,603,1.0
pooled,past_input,14,steering,0.013338060421126664,validated_fallback,603,1.0
pooled,autocorrelation,15,yaw,0.21918586952519176,validated_fallback,603,1.0
pooled,autocorrelation,15,acceleration,0.043446462273695544,validated_fallback,603,1.0
pooled,autocorrelation,15,steering,0.04406453101044318,validated_fallback,603,1.0
pooled,past_input,15,yaw,-0.11691406260375557,validated_fallback,603,1.0
pooled,past_input,15,acceleration,0.04005517783541352,validated_fallback,603,1.0
pooled,past_input,15,steering,0.02153091498856298,validated_fallback,603,1.0
pooled,autocorrelation,16,yaw,0.23672613994897268,validated_fallback,603,1.0
pooled,autocorrelation,16,acceleration,0.07087531535912915,validated_fallback,603,1.0
pooled,autocorrelation,16,steering,-0.04351668916164581,validated_fallback,603,1.0
pooled,past_input,16,yaw,-0.12102804632636091,validated_fallback,603,1.0
pooled,past_input,16,acceleration,0.03382481332187301,validated_fallback,603,1.0
pooled,past_input,16,steering,0.023201215986219333,validated_fallback,603,1.0
pooled,autocorrelation,17,yaw,0.1801594594517093,validated_fallback,603,1.0
pooled,autocorrelation,17,acceleration,0.027155047327128676,validated_fallback,603,1.0
pooled,autocorrelation,17,steering,0.009799289139035272,validated_fallback,603,1.0
pooled,past_input,17,yaw,-0.12515870467293985,validated_fallback,603,1.0
pooled,past_input,17,acceleration,0.03190099389444111,validated_fallback,603,1.0
pooled,past_input,17,steering,0.025123003118516563,validated_fallback,603,1.0
pooled,autocorrelation,18,yaw,0.2739517292929719,validated_fallback,603,1.0
pooled,autocorrelation,18,acceleration,0.0432713066633294,validated_fallback,603,1.0
pooled,autocorrelation,18,steering,0.05715087391490122,validated_fallback,603,1.0
pooled,past_input,18,yaw,-0.1296433087748725,validated_fallback,603,1.0
pooled,past_input,18,acceleration,0.02898961081379028,validated_fallback,603,1.0
pooled,past_input,18,steering,0.030428875341879564,validated_fallback,603,1.0
pooled,autocorrelation,19,yaw,0.21684425322522416,validated_fallback,603,1.0
pooled,autocorrelation,19,acceleration,0.07426255846128973,validated_fallback,603,1.0
pooled,autocorrelation,19,steering,-0.0008475148467542591,validated_fallback,603,1.0
pooled,past_input,19,yaw,-0.13895552949585016,validated_fallback,603,1.0
pooled,past_input,19,acceleration,0.023465226624627945,validated_fallback,603,1.0
pooled,past_input,19,steering,0.03473316306224505,validated_fallback,603,1.0
pooled,autocorrelation,20,yaw,0.2174973888285938,validated_fallback,603,1.0
pooled,autocorrelation,20,acceleration,0.003155456126541065,validated_fallback,603,1.0
pooled,autocorrelation,20,steering,-0.011883450717115634,validated_fallback,603,1.0
pooled,past_input,20,yaw,-0.14179645530416773,validated_fallback,603,1.0
pooled,past_input,20,acceleration,0.02482846769997072,validated_fallback,603,1.0
pooled,past_input,20,steering,0.037330700817174885,validated_fallback,603,1.0
within_record,autocorrelation,1,yaw,-0.24091267760148335,validated_fallback,603,1.0
within_record,autocorrelation,1,acceleration,-0.2022196218830349,validated_fallback,603,1.0
within_record,autocorrelation,1,steering,-0.4065080818999839,validated_fallback,603,1.0
within_record,past_input,1,yaw,0.11084352039779123,validated_fallback,603,1.0
within_record,past_input,1,acceleration,0.10442432733888819,validated_fallback,603,1.0
within_record,past_input,1,steering,-0.04197628718620804,validated_fallback,603,1.0
within_record,autocorrelation,2,yaw,-0.009940139984935559,validated_fallback,603,1.0
within_record,autocorrelation,2,acceleration,-0.06874337993801044,validated_fallback,603,1.0
within_record,autocorrelation,2,steering,-0.07871169604453451,validated_fallback,603,1.0
within_record,past_input,2,yaw,0.10954532317234655,validated_fallback,603,1.0
within_record,past_input,2,acceleration,0.10033658275475624,validated_fallback,603,1.0
within_record,past_input,2,steering,-0.04198125788298432,validated_fallback,603,1.0
within_record,autocorrelation,3,yaw,0.0824169585426037,validated_fallback,603,1.0
within_record,autocorrelation,3,acceleration,-0.0436583240401584,validated_fallback,603,1.0
within_record,autocorrelation,3,steering,0.025905265109592554,validated_fallback,603,1.0
within_record,past_input,3,yaw,0.10781690388841171,validated_fallback,603,1.0
within_record,past_input,3,acceleration,0.1023230129755665,validated_fallback,603,1.0
within_record,past_input,3,steering,-0.03421545019844758,validated_fallback,603,1.0
within_record,autocorrelation,4,yaw,0.12611571688307555,validated_fallback,603,1.0
within_record,autocorrelation,4,acceleration,0.018676418511598025,validated_fallback,603,1.0
within_record,autocorrelation,4,steering,0.01658721192321022,validated_fallback,603,1.0
within_record,past_input,4,yaw,0.10470682443124919,validated_fallback,603,1.0
within_record,past_input,4,acceleration,0.09698809377062403,validated_fallback,603,1.0
within_record,past_input,4,steering,-0.030677851341684183,validated_fallback,603,1.0
within_record,autocorrelation,5,yaw,0.0956227980646037,validated_fallback,603,1.0
within_record,autocorrelation,5,acceleration,0.015551925382700236,validated_fallback,603,1.0
within_record,autocorrelation,5,steering,0.03376537621543635,validated_fallback,603,1.0
within_record,past_input,5,yaw,0.10291244580806469,validated_fallback,603,1.0
within_record,past_input,5,acceleration,0.09888648084225594,validated_fallback,603,1.0
within_record,past_input,5,steering,-0.02952412387785715,validated_fallback,603,1.0
within_record,autocorrelation,6,yaw,0.06737569709571303,validated_fallback,603,1.0
within_record,autocorrelation,6,acceleration,0.03856417246272245,validated_fallback,603,1.0
within_record,autocorrelation,6,steering,-0.02059851103240515,validated_fallback,603,1.0
within_record,past_input,6,yaw,0.09485771836410567,validated_fallback,603,1.0
within_record,past_input,6,acceleration,0.09360457557480743,validated_fallback,603,1.0
within_record,past_input,6,steering,-0.027876431216237042,validated_fallback,603,1.0
within_record,autocorrelation,7,yaw,0.09486062559912217,validated_fallback,603,1.0
within_record,autocorrelation,7,acceleration,0.039356857180330045,validated_fallback,603,1.0
within_record,autocorrelation,7,steering,0.0005575563147868436,validated_fallback,603,1.0
within_record,past_input,7,yaw,0.09248727845253474,validated_fallback,603,1.0
within_record,past_input,7,acceleration,0.09291901915637427,validated_fallback,603,1.0
within_record,past_input,7,steering,-0.019622092327217466,validated_fallback,603,1.0
within_record,autocorrelation,8,yaw,0.08055467506171252,validated_fallback,603,1.0
within_record,autocorrelation,8,acceleration,0.03798795692777442,validated_fallback,603,1.0
within_record,autocorrelation,8,steering,0.01732722271858066,validated_fallback,603,1.0
within_record,past_input,8,yaw,0.0908232180399679,validated_fallback,603,1.0
within_record,past_input,8,acceleration,0.0915725715822614,validated_fallback,603,1.0
within_record,past_input,8,steering,-0.017591812974912104,validated_fallback,603,1.0
within_record,autocorrelation,9,yaw,0.08772729918973393,validated_fallback,603,1.0
within_record,autocorrelation,9,acceleration,0.044934570523301,validated_fallback,603,1.0
within_record,autocorrelation,9,steering,0.023263722315616773,validated_fallback,603,1.0
within_record,past_input,9,yaw,0.08320696311967972,validated_fallback,603,1.0
within_record,past_input,9,acceleration,0.0882543547015536,validated_fallback,603,1.0
within_record,past_input,9,steering,-0.012518711080661769,validated_fallback,603,1.0
within_record,autocorrelation,10,yaw,0.06771688162092931,validated_fallback,603,1.0
within_record,autocorrelation,10,acceleration,0.010147516111726785,validated_fallback,603,1.0
within_record,autocorrelation,10,steering,0.009810702132454498,validated_fallback,603,1.0
within_record,past_input,10,yaw,0.08103748387971477,validated_fallback,603,1.0
within_record,past_input,10,acceleration,0.08608903996171731,validated_fallback,603,1.0
within_record,past_input,10,steering,-0.004863658040080848,validated_fallback,603,1.0
within_record,autocorrelation,11,yaw,0.10888303943308969,validated_fallback,603,1.0
within_record,autocorrelation,11,acceleration,0.06264531513900229,validated_fallback,603,1.0
within_record,autocorrelation,11,steering,-0.013517817866719992,validated_fallback,603,1.0
within_record,past_input,11,yaw,0.07325080112439615,validated_fallback,603,1.0
within_record,past_input,11,acceleration,0.0788683185031427,validated_fallback,603,1.0
within_record,past_input,11,steering,0.0001767952413907362,validated_fallback,603,1.0
within_record,autocorrelation,12,yaw,0.025809271982530805,validated_fallback,603,1.0
within_record,autocorrelation,12,acceleration,0.017649028521496413,validated_fallback,603,1.0
within_record,autocorrelation,12,steering,0.051473069540256926,validated_fallback,603,1.0
within_record,past_input,12,yaw,0.06828213840597303,validated_fallback,603,1.0
within_record,past_input,12,acceleration,0.07519666365567704,validated_fallback,603,1.0
within_record,past_input,12,steering,0.005531215157653512,validated_fallback,603,1.0
within_record,autocorrelation,13,yaw,0.08760730304707678,validated_fallback,603,1.0
within_record,autocorrelation,13,acceleration,0.054461913449839555,validated_fallback,603,1.0
within_record,autocorrelation,13,steering,-0.03616844114083259,validated_fallback,603,1.0
within_record,past_input,13,yaw,0.06154868851935782,validated_fallback,603,1.0
within_record,past_input,13,acceleration,0.06818766480272376,validated_fallback,603,1.0
within_record,past_input,13,steering,0.004637240597874628,validated_fallback,603,1.0
within_record,autocorrelation,14,yaw,0.08610722905101308,validated_fallback,603,1.0
within_record,autocorrelation,14,acceleration,-0.010059931499083909,validated_fallback,603,1.0
within_record,autocorrelation,14,steering,0.018003744998344392,validated_fallback,603,1.0
within_record,past_input,14,yaw,0.059273821734982995,validated_fallback,603,1.0
within_record,past_input,14,acceleration,0.06994176332263058,validated_fallback,603,1.0
within_record,past_input,14,steering,0.006348118371194663,validated_fallback,603,1.0
within_record,autocorrelation,15,yaw,0.04685906485069872,validated_fallback,603,1.0
within_record,autocorrelation,15,acceleration,0.016815271640549738,validated_fallback,603,1.0
within_record,autocorrelation,15,steering,0.03908074524671957,validated_fallback,603,1.0
within_record,past_input,15,yaw,0.0503337935959855,validated_fallback,603,1.0
within_record,past_input,15,acceleration,0.06231537564280767,validated_fallback,603,1.0
within_record,past_input,15,steering,0.013441284001553524,validated_fallback,603,1.0
within_record,autocorrelation,16,yaw,0.07039189392247804,validated_fallback,603,1.0
within_record,autocorrelation,16,acceleration,0.045544199824918544,validated_fallback,603,1.0
within_record,autocorrelation,16,steering,-0.0491818810483138,validated_fallback,603,1.0
within_record,past_input,16,yaw,0.04343101528610819,validated_fallback,603,1.0
within_record,past_input,16,acceleration,0.05870836380386686,validated_fallback,603,1.0
within_record,past_input,16,steering,0.018982730706318948,validated_fallback,603,1.0
within_record,autocorrelation,17,yaw,0.0008267554695625675,validated_fallback,603,1.0
within_record,autocorrelation,17,acceleration,0.0004812561356917352,validated_fallback,603,1.0
within_record,autocorrelation,17,steering,0.004718288325916405,validated_fallback,603,1.0
within_record,past_input,17,yaw,0.03656521950892431,validated_fallback,603,1.0
within_record,past_input,17,acceleration,0.05591594108663899,validated_fallback,603,1.0
within_record,past_input,17,steering,0.018569108056546022,validated_fallback,603,1.0
within_record,autocorrelation,18,yaw,0.11379899543651509,validated_fallback,603,1.0
within_record,autocorrelation,18,acceleration,0.017726048639039937,validated_fallback,603,1.0
within_record,autocorrelation,18,steering,0.05222885433432935,validated_fallback,603,1.0
within_record,past_input,18,yaw,0.032073424430117105,validated_fallback,603,1.0
within_record,past_input,18,acceleration,0.05613496553090267,validated_fallback,603,1.0
within_record,past_input,18,steering,0.025346214985510936,validated_fallback,603,1.0
within_record,autocorrelation,19,yaw,0.04494679957124709,validated_fallback,603,1.0
within_record,autocorrelation,19,acceleration,0.04884210413677212,validated_fallback,603,1.0
within_record,autocorrelation,19,steering,-0.006136968014968236,validated_fallback,603,1.0
within_record,past_input,19,yaw,0.021945381297813513,validated_fallback,603,1.0
within_record,past_input,19,acceleration,0.045330976407738095,validated_fallback,603,1.0
within_record,past_input,19,steering,0.033141752062830286,validated_fallback,603,1.0
within_record,autocorrelation,20,yaw,0.04420635597310071,validated_fallback,603,1.0
within_record,autocorrelation,20,acceleration,-0.02361758133815279,validated_fallback,603,1.0
within_record,autocorrelation,20,steering,-0.01754987663602375,validated_fallback,603,1.0
within_record,past_input,20,yaw,0.019764373862811824,validated_fallback,603,1.0
within_record,past_input,20,acceleration,0.044824928659427006,validated_fallback,603,1.0
within_record,past_input,20,steering,0.03447052390466554,validated_fallback,603,1.0
pooled,autocorrelation,1,yaw,-0.03513283983045645,archived_MAP,603,1.0
pooled,autocorrelation,1,acceleration,-0.16526321341867137,archived_MAP,603,1.0
pooled,autocorrelation,1,steering,-0.3971753977753386,archived_MAP,603,1.0
pooled,past_input,1,yaw,-0.01283409837241699,archived_MAP,603,1.0
pooled,past_input,1,acceleration,0.08090290197520875,archived_MAP,603,1.0
pooled,past_input,1,steering,-0.02615341364894723,archived_MAP,603,1.0
pooled,autocorrelation,2,yaw,0.15706384387261388,archived_MAP,603,1.0
pooled,autocorrelation,2,acceleration,-0.03641369696577599,archived_MAP,603,1.0
pooled,autocorrelation,2,steering,-0.07110131608049083,archived_MAP,603,1.0
pooled,past_input,2,yaw,-0.01558628758032177,archived_MAP,603,1.0
pooled,past_input,2,acceleration,0.0779079056888995,archived_MAP,603,1.0
pooled,past_input,2,steering,-0.02513449135068266,archived_MAP,603,1.0
pooled,autocorrelation,3,yaw,0.23474784603967366,archived_MAP,603,1.0
pooled,autocorrelation,3,acceleration,-0.012173733240317007,archived_MAP,603,1.0
pooled,autocorrelation,3,steering,0.03296324456365691,archived_MAP,603,1.0
pooled,past_input,3,yaw,-0.0190121024830507,archived_MAP,603,1.0
pooled,past_input,3,acceleration,0.0766288966665579,archived_MAP,603,1.0
pooled,past_input,3,steering,-0.020215918394296414,archived_MAP,603,1.0
pooled,autocorrelation,4,yaw,0.2721701400785888,archived_MAP,603,1.0
pooled,autocorrelation,4,acceleration,0.048616122876679845,archived_MAP,603,1.0
pooled,autocorrelation,4,steering,0.023423770572995,archived_MAP,603,1.0
pooled,past_input,4,yaw,-0.021252930791005334,archived_MAP,603,1.0
pooled,past_input,4,acceleration,0.07216736344400518,archived_MAP,603,1.0
pooled,past_input,4,steering,-0.01836515244725566,archived_MAP,603,1.0
pooled,autocorrelation,5,yaw,0.24920323875718278,archived_MAP,603,1.0
pooled,autocorrelation,5,acceleration,0.04506069490920479,archived_MAP,603,1.0
pooled,autocorrelation,5,steering,0.04145123814808843,archived_MAP,603,1.0
pooled,past_input,5,yaw,-0.027143072305676717,archived_MAP,603,1.0
pooled,past_input,5,acceleration,0.07058851009955969,archived_MAP,603,1.0
pooled,past_input,5,steering,-0.014835401484743717,archived_MAP,603,1.0
pooled,autocorrelation,6,yaw,0.2259170639857002,archived_MAP,603,1.0
pooled,autocorrelation,6,acceleration,0.06776827422335249,archived_MAP,603,1.0
pooled,autocorrelation,6,steering,-0.01330502850137489,archived_MAP,603,1.0
pooled,past_input,6,yaw,-0.03357395115301071,archived_MAP,603,1.0
pooled,past_input,6,acceleration,0.06754564018784787,archived_MAP,603,1.0
pooled,past_input,6,steering,-0.014251970177011235,archived_MAP,603,1.0
pooled,autocorrelation,7,yaw,0.24980930725257514,archived_MAP,603,1.0
pooled,autocorrelation,7,acceleration,0.0685885290859384,archived_MAP,603,1.0
pooled,autocorrelation,7,steering,0.007346164916572146,archived_MAP,603,1.0
pooled,past_input,7,yaw,-0.03764126410718608,archived_MAP,603,1.0
pooled,past_input,7,acceleration,0.06548066201084758,archived_MAP,603,1.0
pooled,past_input,7,steering,-0.007664486457963794,archived_MAP,603,1.0
pooled,autocorrelation,8,yaw,0.23787103782191982,archived_MAP,603,1.0
pooled,autocorrelation,8,acceleration,0.06727682338427954,archived_MAP,603,1.0
pooled,autocorrelation,8,steering,0.02438220040795046,archived_MAP,603,1.0
pooled,past_input,8,yaw,-0.042189665960757995,archived_MAP,603,1.0
pooled,past_input,8,acceleration,0.06293241989916794,archived_MAP,603,1.0
pooled,past_input,8,steering,-0.006158091195692588,archived_MAP,603,1.0
pooled,autocorrelation,9,yaw,0.243172242369524,archived_MAP,603,1.0
pooled,autocorrelation,9,acceleration,0.07412950321934754,archived_MAP,603,1.0
pooled,autocorrelation,9,steering,0.030336666732137325,archived_MAP,603,1.0
pooled,past_input,9,yaw,-0.047577145802434016,archived_MAP,603,1.0
pooled,past_input,9,acceleration,0.05943427965746651,archived_MAP,603,1.0
pooled,past_input,9,steering,-0.0029527623054235582,archived_MAP,603,1.0
pooled,autocorrelation,10,yaw,0.2292710157346608,archived_MAP,603,1.0
pooled,autocorrelation,10,acceleration,0.04043520153159601,archived_MAP,603,1.0
pooled,autocorrelation,10,steering,0.01674362533059397,archived_MAP,603,1.0
pooled,past_input,10,yaw,-0.05121479874903342,archived_MAP,603,1.0
pooled,past_input,10,acceleration,0.0543681257985187,archived_MAP,603,1.0
pooled,past_input,10,steering,0.001314376708775487,archived_MAP,603,1.0
pooled,autocorrelation,11,yaw,0.2641114772048971,archived_MAP,603,1.0
pooled,autocorrelation,11,acceleration,0.09178129547761049,archived_MAP,603,1.0
pooled,autocorrelation,11,steering,-0.006465123112052408,archived_MAP,603,1.0
pooled,past_input,11,yaw,-0.05848843637974706,archived_MAP,603,1.0
pooled,past_input,11,acceleration,0.04830090686895365,archived_MAP,603,1.0
pooled,past_input,11,steering,0.006437978498731643,archived_MAP,603,1.0
pooled,autocorrelation,12,yaw,0.19632428049452386,archived_MAP,603,1.0
pooled,autocorrelation,12,acceleration,0.04901527122369994,archived_MAP,603,1.0
pooled,autocorrelation,12,steering,0.058337257631620905,archived_MAP,603,1.0
pooled,past_input,12,yaw,-0.06431979683655667,archived_MAP,603,1.0
pooled,past_input,12,acceleration,0.044624704970264197,archived_MAP,603,1.0
pooled,past_input,12,steering,0.009474103261484663,archived_MAP,603,1.0
pooled,autocorrelation,13,yaw,0.24647409173630802,archived_MAP,603,1.0
pooled,autocorrelation,13,acceleration,0.08450846011658297,archived_MAP,603,1.0
pooled,autocorrelation,13,steering,-0.028839713785823142,archived_MAP,603,1.0
pooled,past_input,13,yaw,-0.06916942603890532,archived_MAP,603,1.0
pooled,past_input,13,acceleration,0.04073497750317448,archived_MAP,603,1.0
pooled,past_input,13,steering,0.009210714662474993,archived_MAP,603,1.0
pooled,autocorrelation,14,yaw,0.2466954570982588,archived_MAP,603,1.0
pooled,autocorrelation,14,acceleration,0.021275334644334353,archived_MAP,603,1.0
pooled,autocorrelation,14,steering,0.02486832532381792,archived_MAP,603,1.0
pooled,past_input,14,yaw,-0.07544588325606436,archived_MAP,603,1.0
pooled,past_input,14,acceleration,0.03947533632179753,archived_MAP,603,1.0
pooled,past_input,14,steering,0.010042910831168279,archived_MAP,603,1.0
pooled,autocorrelation,15,yaw,0.21463489347464362,archived_MAP,603,1.0
pooled,autocorrelation,15,acceleration,0.04800304587449133,archived_MAP,603,1.0
pooled,autocorrelation,15,steering,0.045636078077917905,archived_MAP,603,1.0
pooled,past_input,15,yaw,-0.08229990211761677,archived_MAP,603,1.0
pooled,past_input,15,acceleration,0.031689612233884806,archived_MAP,603,1.0
pooled,past_input,15,steering,0.017642934847984366,archived_MAP,603,1.0
pooled,autocorrelation,16,yaw,0.23246541186642394,archived_MAP,603,1.0
pooled,autocorrelation,16,acceleration,0.0750454945292495,archived_MAP,603,1.0
pooled,autocorrelation,16,steering,-0.04164046617822299,archived_MAP,603,1.0
pooled,past_input,16,yaw,-0.0873602497187999,archived_MAP,603,1.0
pooled,past_input,16,acceleration,0.02475711842197854,archived_MAP,603,1.0
pooled,past_input,16,steering,0.018755685131172393,archived_MAP,603,1.0
pooled,autocorrelation,17,yaw,0.17583932422412005,archived_MAP,603,1.0
pooled,autocorrelation,17,acceleration,0.0313718281791993,archived_MAP,603,1.0
pooled,autocorrelation,17,steering,0.011289624638437848,archived_MAP,603,1.0
pooled,past_input,17,yaw,-0.09248616541101648,archived_MAP,603,1.0
pooled,past_input,17,acceleration,0.022156887223546105,archived_MAP,603,1.0
pooled,past_input,17,steering,0.020147721925695663,archived_MAP,603,1.0
pooled,autocorrelation,18,yaw,0.2703699570972799,archived_MAP,603,1.0
pooled,autocorrelation,18,acceleration,0.04721515730536885,archived_MAP,603,1.0
pooled,autocorrelation,18,steering,0.058609645315872434,archived_MAP,603,1.0
pooled,past_input,18,yaw,-0.09787558593073205,archived_MAP,603,1.0
pooled,past_input,18,acceleration,0.018560470974350943,archived_MAP,603,1.0
pooled,past_input,18,steering,0.024929899494223254,archived_MAP,603,1.0
pooled,autocorrelation,19,yaw,0.2127518743000881,archived_MAP,603,1.0
pooled,autocorrelation,19,acceleration,0.07812007499669217,archived_MAP,603,1.0
pooled,autocorrelation,19,steering,0.0003329392753572201,archived_MAP,603,1.0
pooled,past_input,19,yaw,-0.10807757659895291,archived_MAP,603,1.0
pooled,past_input,19,acceleration,0.012345891277601252,archived_MAP,603,1.0
pooled,past_input,19,steering,0.028726129763421055,archived_MAP,603,1.0
pooled,autocorrelation,20,yaw,0.21338381731293127,archived_MAP,603,1.0
pooled,autocorrelation,20,acceleration,0.00707960806320566,archived_MAP,603,1.0
pooled,autocorrelation,20,steering,-0.010433286876900542,archived_MAP,603,1.0
pooled,past_input,20,yaw,-0.11198214295013342,archived_MAP,603,1.0
pooled,past_input,20,acceleration,0.013036470048443527,archived_MAP,603,1.0
pooled,past_input,20,steering,0.030819378886457395,archived_MAP,603,1.0
within_record,autocorrelation,1,yaw,-0.2395619313990258,archived_MAP,603,1.0
within_record,autocorrelation,1,acceleration,-0.19347116372905035,archived_MAP,603,1.0
within_record,autocorrelation,1,steering,-0.40333006875786265,archived_MAP,603,1.0
within_record,past_input,1,yaw,0.13933285796813652,archived_MAP,603,1.0
within_record,past_input,1,acceleration,0.11206323968634088,archived_MAP,603,1.0
within_record,past_input,1,steering,-0.03534751611918912,archived_MAP,603,1.0
within_record,autocorrelation,2,yaw,-0.009726402514062394,archived_MAP,603,1.0
within_record,autocorrelation,2,acceleration,-0.061543185342528714,archived_MAP,603,1.0
within_record,autocorrelation,2,steering,-0.07593294692916021,archived_MAP,603,1.0
within_record,past_input,2,yaw,0.13737962272105483,archived_MAP,603,1.0
within_record,past_input,2,acceleration,0.1073854812258737,archived_MAP,603,1.0
within_record,past_input,2,steering,-0.035901039512415994,archived_MAP,603,1.0
within_record,autocorrelation,3,yaw,0.08270564041483447,archived_MAP,603,1.0
within_record,autocorrelation,3,acceleration,-0.037185459861489786,archived_MAP,603,1.0
within_record,autocorrelation,3,steering,0.02824855147759499,archived_MAP,603,1.0
within_record,past_input,3,yaw,0.13492867449362198,archived_MAP,603,1.0
within_record,past_input,3,acceleration,0.1087385176188595,archived_MAP,603,1.0
within_record,past_input,3,steering,-0.028721697111480947,archived_MAP,603,1.0
within_record,autocorrelation,4,yaw,0.12628951331324054,archived_MAP,603,1.0
within_record,autocorrelation,4,acceleration,0.024831143939507368,archived_MAP,603,1.0
within_record,autocorrelation,4,steering,0.01861759369711484,archived_MAP,603,1.0
within_record,past_input,4,yaw,0.13102677030268844,archived_MAP,603,1.0
within_record,past_input,4,acceleration,0.10279435435552632,archived_MAP,603,1.0
within_record,past_input,4,steering,-0.02579973350781551,archived_MAP,603,1.0
within_record,autocorrelation,5,yaw,0.09622747163345495,archived_MAP,603,1.0
within_record,autocorrelation,5,acceleration,0.021415551157585016,archived_MAP,603,1.0
within_record,autocorrelation,5,steering,0.03666522951012747,archived_MAP,603,1.0
within_record,past_input,5,yaw,0.128422190840981,archived_MAP,603,1.0
within_record,past_input,5,acceleration,0.10401159643079465,archived_MAP,603,1.0
within_record,past_input,5,steering,-0.02523516618836202,archived_MAP,603,1.0
within_record,autocorrelation,6,yaw,0.06770778175351662,archived_MAP,603,1.0
within_record,autocorrelation,6,acceleration,0.04423103798807832,archived_MAP,603,1.0
within_record,autocorrelation,6,steering,-0.018053343261257113,archived_MAP,603,1.0
within_record,past_input,6,yaw,0.11951329268391067,archived_MAP,603,1.0
within_record,past_input,6,acceleration,0.09806052839634562,archived_MAP,603,1.0
within_record,past_input,6,steering,-0.024182500514278345,archived_MAP,603,1.0
within_record,autocorrelation,7,yaw,0.09488794559528543,archived_MAP,603,1.0
within_record,autocorrelation,7,acceleration,0.04495234260390009,archived_MAP,603,1.0
within_record,autocorrelation,7,steering,0.002412096544084796,archived_MAP,603,1.0
within_record,past_input,7,yaw,0.1161618361441405,archived_MAP,603,1.0
within_record,past_input,7,acceleration,0.09666120567350227,archived_MAP,603,1.0
within_record,past_input,7,steering,-0.016553033530910657,archived_MAP,603,1.0
within_record,autocorrelation,8,yaw,0.08039155607178773,archived_MAP,603,1.0
within_record,autocorrelation,8,acceleration,0.04339780380401455,archived_MAP,603,1.0
within_record,autocorrelation,8,steering,0.01971955519252996,archived_MAP,603,1.0
within_record,past_input,8,yaw,0.11354162873500773,archived_MAP,603,1.0
within_record,past_input,8,acceleration,0.09459537751203012,archived_MAP,603,1.0
within_record,past_input,8,steering,-0.015132711882169483,archived_MAP,603,1.0
within_record,autocorrelation,9,yaw,0.08731973800586924,archived_MAP,603,1.0
within_record,autocorrelation,9,acceleration,0.04996605729508085,archived_MAP,603,1.0
within_record,autocorrelation,9,steering,0.025376499322556523,archived_MAP,603,1.0
within_record,past_input,9,yaw,0.10485125684063511,archived_MAP,603,1.0
within_record,past_input,9,acceleration,0.09056119040460539,archived_MAP,603,1.0
within_record,past_input,9,steering,-0.010694587959539818,archived_MAP,603,1.0
within_record,autocorrelation,10,yaw,0.06802413864862239,archived_MAP,603,1.0
within_record,autocorrelation,10,acceleration,0.015419557847959623,archived_MAP,603,1.0
within_record,autocorrelation,10,steering,0.011887982461815935,archived_MAP,603,1.0
within_record,past_input,10,yaw,0.10153039067466937,archived_MAP,603,1.0
within_record,past_input,10,acceleration,0.08769077030994955,archived_MAP,603,1.0
within_record,past_input,10,steering,-0.0036864165845009525,archived_MAP,603,1.0
within_record,autocorrelation,11,yaw,0.10927533840187187,archived_MAP,603,1.0
within_record,autocorrelation,11,acceleration,0.06772819173747775,archived_MAP,603,1.0
within_record,autocorrelation,11,steering,-0.011709515783968089,archived_MAP,603,1.0
within_record,past_input,11,yaw,0.09259853853865338,archived_MAP,603,1.0
within_record,past_input,11,acceleration,0.07979776529178126,archived_MAP,603,1.0
within_record,past_input,11,steering,0.0007153451913621382,archived_MAP,603,1.0
within_record,autocorrelation,12,yaw,0.025838008147976606,archived_MAP,603,1.0
within_record,autocorrelation,12,acceleration,0.022973864752603868,archived_MAP,603,1.0
within_record,autocorrelation,12,steering,0.05320794458773597,archived_MAP,603,1.0
within_record,past_input,12,yaw,0.08642185977799909,archived_MAP,603,1.0
within_record,past_input,12,acceleration,0.07542830300521512,archived_MAP,603,1.0
within_record,past_input,12,steering,0.005428610314048812,archived_MAP,603,1.0
within_record,autocorrelation,13,yaw,0.08769530120765495,archived_MAP,603,1.0
within_record,autocorrelation,13,acceleration,0.05949033628671995,archived_MAP,603,1.0
within_record,autocorrelation,13,steering,-0.03413426811592614,archived_MAP,603,1.0
within_record,past_input,13,yaw,0.07844503103603027,archived_MAP,603,1.0
within_record,past_input,13,acceleration,0.06771163668825393,archived_MAP,603,1.0
within_record,past_input,13,steering,0.003927290943724261,archived_MAP,603,1.0
within_record,autocorrelation,14,yaw,0.08628006782748751,archived_MAP,603,1.0
within_record,autocorrelation,14,acceleration,-0.005449670150008102,archived_MAP,603,1.0
within_record,autocorrelation,14,steering,0.01963898722810723,archived_MAP,603,1.0
within_record,past_input,14,yaw,0.07490794333730352,archived_MAP,603,1.0
within_record,past_input,14,acceleration,0.06874128428341672,archived_MAP,603,1.0
within_record,past_input,14,steering,0.005065870611656064,archived_MAP,603,1.0
within_record,autocorrelation,15,yaw,0.046396291825531406,archived_MAP,603,1.0
within_record,autocorrelation,15,acceleration,0.0210428384022521,archived_MAP,603,1.0
within_record,autocorrelation,15,steering,0.04041634500978339,archived_MAP,603,1.0
within_record,past_input,15,yaw,0.06464952592073336,archived_MAP,603,1.0
within_record,past_input,15,acceleration,0.06041113637055657,archived_MAP,603,1.0
within_record,past_input,15,steering,0.011551419924711353,archived_MAP,603,1.0
within_record,autocorrelation,16,yaw,0.06991983802496393,archived_MAP,603,1.0
within_record,autocorrelation,16,acceleration,0.04935790220457033,archived_MAP,603,1.0
within_record,autocorrelation,16,steering,-0.04759496449033125,archived_MAP,603,1.0
within_record,past_input,16,yaw,0.056375612031195586,archived_MAP,603,1.0
within_record,past_input,16,acceleration,0.05609563484412825,archived_MAP,603,1.0
within_record,past_input,16,steering,0.016518855472690254,archived_MAP,603,1.0
within_record,autocorrelation,17,yaw,0.0010041926973320034,archived_MAP,603,1.0
within_record,autocorrelation,17,acceleration,0.004387921162987424,archived_MAP,603,1.0
within_record,autocorrelation,17,steering,0.005963874109633317,archived_MAP,603,1.0
within_record,past_input,17,yaw,0.04812839340793686,archived_MAP,603,1.0
within_record,past_input,17,acceleration,0.05263179692771215,archived_MAP,603,1.0
within_record,past_input,17,steering,0.015563811236363623,archived_MAP,603,1.0
within_record,autocorrelation,18,yaw,0.11347698591130631,archived_MAP,603,1.0
within_record,autocorrelation,18,acceleration,0.021317243633573044,archived_MAP,603,1.0
within_record,autocorrelation,18,steering,0.05343348394868066,archived_MAP,603,1.0
within_record,past_input,18,yaw,0.04227193539736953,archived_MAP,603,1.0
within_record,past_input,18,acceleration,0.05218792064995375,archived_MAP,603,1.0
within_record,past_input,18,steering,0.021788883007167692,archived_MAP,603,1.0
within_record,autocorrelation,19,yaw,0.044922974055383244,archived_MAP,603,1.0
within_record,autocorrelation,19,acceleration,0.05235211663283216,archived_MAP,603,1.0
within_record,autocorrelation,19,steering,-0.005206413361925932,archived_MAP,603,1.0
within_record,past_input,19,yaw,0.03077764136315869,archived_MAP,603,1.0
within_record,past_input,19,acceleration,0.04073495843003481,archived_MAP,603,1.0
within_record,past_input,19,steering,0.02902357434127674,archived_MAP,603,1.0
within_record,autocorrelation,20,yaw,0.04444590324183559,archived_MAP,603,1.0
within_record,autocorrelation,20,acceleration,-0.02001630519957454,archived_MAP,603,1.0
within_record,autocorrelation,20,steering,-0.016406072801575074,archived_MAP,603,1.0
within_record,past_input,20,yaw,0.027188986172835897,archived_MAP,603,1.0
within_record,past_input,20,acceleration,0.03957597230905729,archived_MAP,603,1.0
within_record,past_input,20,steering,0.02983643082035439,archived_MAP,603,1.0
