centering,kind,lag,output,correlation,model,seed,process_noise_scale,box
pooled,autocorrelation,1,yaw,0.9022093085161799,nominal,604,0.01,original
pooled,autocorrelation,1,acceleration,0.7592912863218212,nominal,604,0.01,original
pooled,autocorrelation,1,steering,0.6080802679851899,nominal,604,0.01,original
pooled,past_input,1,yaw,0.42477411581233504,nominal,604,0.01,original
pooled,past_input,1,acceleration,0.3116593493454147,nominal,604,0.01,original
pooled,past_input,1,steering,-0.12929617208656513,nominal,604,0.01,original
pooled,autocorrelation,2,yaw,0.899397046019968,nominal,604,0.01,original
pooled,autocorrelation,2,acceleration,0.7549185334572327,nominal,604,0.01,original
pooled,autocorrelation,2,steering,0.6097347340961842,nominal,604,0.01,original
pooled,past_input,2,yaw,0.42205108834834554,nominal,604,0.01,original
pooled,past_input,2,acceleration,0.30326576800138844,nominal,604,0.01,original
pooled,past_input,2,steering,-0.1499971818112609,nominal,604,0.01,original
pooled,autocorrelation,3,yaw,0.8916785922509501,nominal,604,0.01,original
pooled,autocorrelation,3,acceleration,0.7504033487072016,nominal,604,0.01,original
pooled,autocorrelation,3,steering,0.6137389605008366,nominal,604,0.01,original
pooled,past_input,3,yaw,0.4184495146670058,nominal,604,0.01,original
pooled,past_input,3,acceleration,0.29339472931354504,nominal,604,0.01,original
pooled,past_input,3,steering,-0.1706218539017988,nominal,604,0.01,original
pooled,autocorrelation,4,yaw,0.88429744487337,nominal,604,0.01,original
pooled,autocorrelation,4,acceleration,0.742345841159625,nominal,604,0.01,original
pooled,autocorrelation,4,steering,0.6087544181091701,nominal,604,0.01,original
pooled,past_input,4,yaw,0.4123004271823327,nominal,604,0.01,original
pooled,past_input,4,acceleration,0.2826518309738495,nominal,604,0.01,original
pooled,past_input,4,steering,-0.19182228755261088,nominal,604,0.01,original
pooled,autocorrelation,5,yaw,0.8731813991012246,nominal,604,0.01,original
pooled,autocorrelation,5,acceleration,0.7321205376068004,nominal,604,0.01,original
pooled,autocorrelation,5,steering,0.593974296918251,nominal,604,0.01,original
pooled,past_input,5,yaw,0.4052213575484272,nominal,604,0.01,original
pooled,past_input,5,acceleration,0.2703812924476518,nominal,604,0.01,original
pooled,past_input,5,steering,-0.21282326333481463,nominal,604,0.01,original
pooled,autocorrelation,6,yaw,0.8629609675086098,nominal,604,0.01,original
pooled,autocorrelation,6,acceleration,0.7270555885264849,nominal,604,0.01,original
pooled,autocorrelation,6,steering,0.5861258081218175,nominal,604,0.01,original
pooled,past_input,6,yaw,0.39706922838856296,nominal,604,0.01,original
pooled,past_input,6,acceleration,0.25684266836478625,nominal,604,0.01,original
pooled,past_input,6,steering,-0.2333264201859678,nominal,604,0.01,original
pooled,autocorrelation,7,yaw,0.8519857136345135,nominal,604,0.01,original
pooled,autocorrelation,7,acceleration,0.7104030629554353,nominal,604,0.01,original
pooled,autocorrelation,7,steering,0.5700772697062375,nominal,604,0.01,original
pooled,past_input,7,yaw,0.3883598909552065,nominal,604,0.01,original
pooled,past_input,7,acceleration,0.24341660389983974,nominal,604,0.01,original
pooled,past_input,7,steering,-0.25243081990647237,nominal,604,0.01,original
pooled,autocorrelation,8,yaw,0.8365768853764126,nominal,604,0.01,original
pooled,autocorrelation,8,acceleration,0.6975347919111018,nominal,604,0.01,original
pooled,autocorrelation,8,steering,0.5608456893273266,nominal,604,0.01,original
pooled,past_input,8,yaw,0.37852435955021335,nominal,604,0.01,original
pooled,past_input,8,acceleration,0.22975405321803222,nominal,604,0.01,original
pooled,past_input,8,steering,-0.26836640141421003,nominal,604,0.01,original
pooled,autocorrelation,9,yaw,0.8209562637972504,nominal,604,0.01,original
pooled,autocorrelation,9,acceleration,0.6920905409410127,nominal,604,0.01,original
pooled,autocorrelation,9,steering,0.547640074807592,nominal,604,0.01,original
pooled,past_input,9,yaw,0.36812208997821033,nominal,604,0.01,original
pooled,past_input,9,acceleration,0.2157030069376781,nominal,604,0.01,original
pooled,past_input,9,steering,-0.28410668818718776,nominal,604,0.01,original
pooled,autocorrelation,10,yaw,0.8109631705065692,nominal,604,0.01,original
pooled,autocorrelation,10,acceleration,0.666087545497602,nominal,604,0.01,original
pooled,autocorrelation,10,steering,0.5276886310900204,nominal,604,0.01,original
pooled,past_input,10,yaw,0.3565850553752514,nominal,604,0.01,original
pooled,past_input,10,acceleration,0.2004792913930874,nominal,604,0.01,original
pooled,past_input,10,steering,-0.2998526418408979,nominal,604,0.01,original
pooled,autocorrelation,11,yaw,0.7919489230419954,nominal,604,0.01,original
pooled,autocorrelation,11,acceleration,0.6569217979855977,nominal,604,0.01,original
pooled,autocorrelation,11,steering,0.49380465820451386,nominal,604,0.01,original
pooled,past_input,11,yaw,0.3449159185272104,nominal,604,0.01,original
pooled,past_input,11,acceleration,0.18570888333933686,nominal,604,0.01,original
pooled,past_input,11,steering,-0.31400982094082575,nominal,604,0.01,original
pooled,autocorrelation,12,yaw,0.7746543660587152,nominal,604,0.01,original
pooled,autocorrelation,12,acceleration,0.6419248446965877,nominal,604,0.01,original
pooled,autocorrelation,12,steering,0.4804815585482235,nominal,604,0.01,original
pooled,past_input,12,yaw,0.3323499194777841,nominal,604,0.01,original
pooled,past_input,12,acceleration,0.17162870548499273,nominal,604,0.01,original
pooled,past_input,12,steering,-0.32683051935659585,nominal,604,0.01,original
pooled,autocorrelation,13,yaw,0.7559830787871289,nominal,604,0.01,original
pooled,autocorrelation,13,acceleration,0.6179642922998265,nominal,604,0.01,original
pooled,autocorrelation,13,steering,0.4535803161920427,nominal,604,0.01,original
pooled,past_input,13,yaw,0.3194618758952881,nominal,604,0.01,original
pooled,past_input,13,acceleration,0.15684027744613815,nominal,604,0.01,original
pooled,past_input,13,steering,-0.34027698014400426,nominal,604,0.01,original
pooled,autocorrelation,14,yaw,0.7362487518860554,nominal,604,0.01,original
pooled,autocorrelation,14,acceleration,0.5991636068498013,nominal,604,0.01,original
pooled,autocorrelation,14,steering,0.4413449980885061,nominal,604,0.01,original
pooled,past_input,14,yaw,0.3062165445966899,nominal,604,0.01,original
pooled,past_input,14,acceleration,0.14040917844471537,nominal,604,0.01,original
pooled,past_input,14,steering,-0.3525988922566716,nominal,604,0.01,original
pooled,autocorrelation,15,yaw,0.7160819139964368,nominal,604,0.01,original
pooled,autocorrelation,15,acceleration,0.5838899977827273,nominal,604,0.01,original
pooled,autocorrelation,15,steering,0.4242192192239133,nominal,604,0.01,original
pooled,past_input,15,yaw,0.2917569722157971,nominal,604,0.01,original
pooled,past_input,15,acceleration,0.12437805036247353,nominal,604,0.01,original
pooled,past_input,15,steering,-0.36269836347987566,nominal,604,0.01,original
pooled,autocorrelation,16,yaw,0.6971911091199003,nominal,604,0.01,original
pooled,autocorrelation,16,acceleration,0.5574352672016895,nominal,604,0.01,original
pooled,autocorrelation,16,steering,0.3930290061107104,nominal,604,0.01,original
pooled,past_input,16,yaw,0.27785340652522333,nominal,604,0.01,original
pooled,past_input,16,acceleration,0.10854446132256639,nominal,604,0.01,original
pooled,past_input,16,steering,-0.37290805565216256,nominal,604,0.01,original
pooled,autocorrelation,17,yaw,0.6749160731279914,nominal,604,0.01,original
pooled,autocorrelation,17,acceleration,0.5287513775247532,nominal,604,0.01,original
pooled,autocorrelation,17,steering,0.3622696400977411,nominal,604,0.01,original
pooled,past_input,17,yaw,0.2634117035883324,nominal,604,0.01,original
pooled,past_input,17,acceleration,0.09296800791564624,nominal,604,0.01,original
pooled,past_input,17,steering,-0.38272136245629057,nominal,604,0.01,original
pooled,autocorrelation,18,yaw,0.6514372066660103,nominal,604,0.01,original
pooled,autocorrelation,18,acceleration,0.5050529147868068,nominal,604,0.01,original
pooled,autocorrelation,18,steering,0.34204133940064974,nominal,604,0.01,original
pooled,past_input,18,yaw,0.2493526613303881,nominal,604,0.01,original
pooled,past_input,18,acceleration,0.07674122984067562,nominal,604,0.01,original
pooled,past_input,18,steering,-0.390788230635651,nominal,604,0.01,original
pooled,autocorrelation,19,yaw,0.6300017601838778,nominal,604,0.01,original
pooled,autocorrelation,19,acceleration,0.4799557647946208,nominal,604,0.01,original
pooled,autocorrelation,19,steering,0.31832421835940156,nominal,604,0.01,original
pooled,past_input,19,yaw,0.2355828300890152,nominal,604,0.01,original
pooled,past_input,19,acceleration,0.06118908847141547,nominal,604,0.01,original
pooled,past_input,19,steering,-0.39783816765777386,nominal,604,0.01,original
pooled,autocorrelation,20,yaw,0.6060080590285699,nominal,604,0.01,original
pooled,autocorrelation,20,acceleration,0.4596606768958479,nominal,604,0.01,original
pooled,autocorrelation,20,steering,0.29323642215126255,nominal,604,0.01,original
pooled,past_input,20,yaw,0.22166804980691046,nominal,604,0.01,original
pooled,past_input,20,acceleration,0.04491049371381512,nominal,604,0.01,original
pooled,past_input,20,steering,-0.4037387374369818,nominal,604,0.01,original
within_record,autocorrelation,1,yaw,0.886487697572423,nominal,604,0.01,original
within_record,autocorrelation,1,acceleration,0.7461506150090086,nominal,604,0.01,original
within_record,autocorrelation,1,steering,0.5917937307941685,nominal,604,0.01,original
within_record,past_input,1,yaw,0.4550498070139137,nominal,604,0.01,original
within_record,past_input,1,acceleration,0.3448810306793984,nominal,604,0.01,original
within_record,past_input,1,steering,-0.11105097571164355,nominal,604,0.01,original
within_record,autocorrelation,2,yaw,0.8830502528088287,nominal,604,0.01,original
within_record,autocorrelation,2,acceleration,0.7414190721747282,nominal,604,0.01,original
within_record,autocorrelation,2,steering,0.5933007797619654,nominal,604,0.01,original
within_record,past_input,2,yaw,0.4513666086031027,nominal,604,0.01,original
within_record,past_input,2,acceleration,0.33592178471471035,nominal,604,0.01,original
within_record,past_input,2,steering,-0.13330723526280383,nominal,604,0.01,original
within_record,autocorrelation,3,yaw,0.8739122843983891,nominal,604,0.01,original
within_record,autocorrelation,3,acceleration,0.7365381945283739,nominal,604,0.01,original
within_record,autocorrelation,3,steering,0.5972621292344826,nominal,604,0.01,original
within_record,past_input,3,yaw,0.4467503436091971,nominal,604,0.01,original
within_record,past_input,3,acceleration,0.3248647322545545,nominal,604,0.01,original
within_record,past_input,3,steering,-0.1555905360090209,nominal,604,0.01,original
within_record,autocorrelation,4,yaw,0.8651345490260185,nominal,604,0.01,original
within_record,autocorrelation,4,acceleration,0.7279198398690516,nominal,604,0.01,original
within_record,autocorrelation,4,steering,0.5916734083203935,nominal,604,0.01,original
within_record,past_input,4,yaw,0.4388427680627116,nominal,604,0.01,original
within_record,past_input,4,acceleration,0.31297112560264023,nominal,604,0.01,original
within_record,past_input,4,steering,-0.17832732444679836,nominal,604,0.01,original
within_record,autocorrelation,5,yaw,0.8519216613079501,nominal,604,0.01,original
within_record,autocorrelation,5,acceleration,0.7170219741403462,nominal,604,0.01,original
within_record,autocorrelation,5,steering,0.575910630753868,nominal,604,0.01,original
within_record,past_input,5,yaw,0.42995263572998593,nominal,604,0.01,original
within_record,past_input,5,acceleration,0.29911802211540844,nominal,604,0.01,original
within_record,past_input,5,steering,-0.2005178048649323,nominal,604,0.01,original
within_record,autocorrelation,6,yaw,0.8397094665502902,nominal,604,0.01,original
within_record,autocorrelation,6,acceleration,0.7114881353527155,nominal,604,0.01,original
within_record,autocorrelation,6,steering,0.5673326478087247,nominal,604,0.01,original
within_record,past_input,6,yaw,0.41985570627327956,nominal,604,0.01,original
within_record,past_input,6,acceleration,0.28370986156790606,nominal,604,0.01,original
within_record,past_input,6,steering,-0.22289291282673654,nominal,604,0.01,original
within_record,autocorrelation,7,yaw,0.8265219908627958,nominal,604,0.01,original
within_record,autocorrelation,7,acceleration,0.6936792819299655,nominal,604,0.01,original
within_record,autocorrelation,7,steering,0.5504519286818089,nominal,604,0.01,original
within_record,past_input,7,yaw,0.4092796905736534,nominal,604,0.01,original
within_record,past_input,7,acceleration,0.2688800104883664,nominal,604,0.01,original
within_record,past_input,7,steering,-0.24363245917450851,nominal,604,0.01,original
within_record,autocorrelation,8,yaw,0.808082339858659,nominal,604,0.01,original
within_record,autocorrelation,8,acceleration,0.6799156331766819,nominal,604,0.01,original
within_record,autocorrelation,8,steering,0.5405668780001014,nominal,604,0.01,original
within_record,past_input,8,yaw,0.39736681269063623,nominal,604,0.01,original
within_record,past_input,8,acceleration,0.25384728541730006,nominal,604,0.01,original
within_record,past_input,8,steering,-0.2607505178238432,nominal,604,0.01,original
within_record,autocorrelation,9,yaw,0.7893892031143653,nominal,604,0.01,original
within_record,autocorrelation,9,acceleration,0.6741435364334589,nominal,604,0.01,original
within_record,autocorrelation,9,steering,0.5266054832178177,nominal,604,0.01,original
within_record,past_input,9,yaw,0.3846991497544041,nominal,604,0.01,original
within_record,past_input,9,acceleration,0.23810000868486833,nominal,604,0.01,original
within_record,past_input,9,steering,-0.2773169106409341,nominal,604,0.01,original
within_record,autocorrelation,10,yaw,0.7772604711249747,nominal,604,0.01,original
within_record,autocorrelation,10,acceleration,0.6464479732763168,nominal,604,0.01,original
within_record,autocorrelation,10,steering,0.505474172349222,nominal,604,0.01,original
within_record,past_input,10,yaw,0.3707471383318215,nominal,604,0.01,original
within_record,past_input,10,acceleration,0.22070242412735933,nominal,604,0.01,original
within_record,past_input,10,steering,-0.2939831791488211,nominal,604,0.01,original
within_record,autocorrelation,11,yaw,0.7544117752537557,nominal,604,0.01,original
within_record,autocorrelation,11,acceleration,0.6366268750464203,nominal,604,0.01,original
within_record,autocorrelation,11,steering,0.4697031159260641,nominal,604,0.01,original
within_record,past_input,11,yaw,0.3567141079902566,nominal,604,0.01,original
within_record,past_input,11,acceleration,0.20412332029260974,nominal,604,0.01,original
within_record,past_input,11,steering,-0.30855953670029745,nominal,604,0.01,original
within_record,autocorrelation,12,yaw,0.7335918064456355,nominal,604,0.01,original
within_record,autocorrelation,12,acceleration,0.6206475524243382,nominal,604,0.01,original
within_record,autocorrelation,12,steering,0.45545675454216134,nominal,604,0.01,original
within_record,past_input,12,yaw,0.3414474783296256,nominal,604,0.01,original
within_record,past_input,12,acceleration,0.1888299561902334,nominal,604,0.01,original
within_record,past_input,12,steering,-0.3222859894135612,nominal,604,0.01,original
within_record,autocorrelation,13,yaw,0.7110312335987061,nominal,604,0.01,original
within_record,autocorrelation,13,acceleration,0.5951245747399431,nominal,604,0.01,original
within_record,autocorrelation,13,steering,0.42708585260920695,nominal,604,0.01,original
within_record,past_input,13,yaw,0.3260833964638135,nominal,604,0.01,original
within_record,past_input,13,acceleration,0.17236963037665343,nominal,604,0.01,original
within_record,past_input,13,steering,-0.336639412342657,nominal,604,0.01,original
within_record,autocorrelation,14,yaw,0.6871525156994727,nominal,604,0.01,original
within_record,autocorrelation,14,acceleration,0.5753008964987344,nominal,604,0.01,original
within_record,autocorrelation,14,steering,0.41408555885922643,nominal,604,0.01,original
within_record,past_input,14,yaw,0.31000395136403736,nominal,604,0.01,original
within_record,past_input,14,acceleration,0.15418340008063772,nominal,604,0.01,original
within_record,past_input,14,steering,-0.34942939815000534,nominal,604,0.01,original
within_record,autocorrelation,15,yaw,0.662851906663856,nominal,604,0.01,original
within_record,autocorrelation,15,acceleration,0.5590532998244448,nominal,604,0.01,original
within_record,autocorrelation,15,steering,0.39594411803413304,nominal,604,0.01,original
within_record,past_input,15,yaw,0.29263143673544306,nominal,604,0.01,original
within_record,past_input,15,acceleration,0.13596718442275982,nominal,604,0.01,original
within_record,past_input,15,steering,-0.35967563980242495,nominal,604,0.01,original
within_record,autocorrelation,16,yaw,0.6399454120876477,nominal,604,0.01,original
within_record,autocorrelation,16,acceleration,0.5310089939615028,nominal,604,0.01,original
within_record,autocorrelation,16,steering,0.362982287899693,nominal,604,0.01,original
within_record,past_input,16,yaw,0.2759436645943168,nominal,604,0.01,original
within_record,past_input,16,acceleration,0.11840805701627821,nominal,604,0.01,original
within_record,past_input,16,steering,-0.37060672533765054,nominal,604,0.01,original
within_record,autocorrelation,17,yaw,0.6128955703280081,nominal,604,0.01,original
within_record,autocorrelation,17,acceleration,0.50052328572362,nominal,604,0.01,original
within_record,autocorrelation,17,steering,0.33039423453914896,nominal,604,0.01,original
within_record,past_input,17,yaw,0.25831151375430583,nominal,604,0.01,original
within_record,past_input,17,acceleration,0.10100758328117686,nominal,604,0.01,original
within_record,past_input,17,steering,-0.38098931415213483,nominal,604,0.01,original
within_record,autocorrelation,18,yaw,0.5845374691986194,nominal,604,0.01,original
within_record,autocorrelation,18,acceleration,0.4755055968035516,nominal,604,0.01,original
within_record,autocorrelation,18,steering,0.3090662672384882,nominal,604,0.01,original
within_record,past_input,18,yaw,0.24160769832037307,nominal,604,0.01,original
within_record,past_input,18,acceleration,0.08342065929907687,nominal,604,0.01,original
within_record,past_input,18,steering,-0.38951956972585117,nominal,604,0.01,original
within_record,autocorrelation,19,yaw,0.5586938213992434,nominal,604,0.01,original
within_record,autocorrelation,19,acceleration,0.448779473924785,nominal,604,0.01,original
within_record,autocorrelation,19,steering,0.283954990586737,nominal,604,0.01,original
within_record,past_input,19,yaw,0.22497635727482015,nominal,604,0.01,original
within_record,past_input,19,acceleration,0.06593223939738155,nominal,604,0.01,original
within_record,past_input,19,steering,-0.3973136836631559,nominal,604,0.01,original
within_record,autocorrelation,20,yaw,0.5296356508638864,nominal,604,0.01,original
within_record,autocorrelation,20,acceleration,0.42731588755879113,nominal,604,0.01,original
within_record,autocorrelation,20,steering,0.25743235464593806,nominal,604,0.01,original
within_record,past_input,20,yaw,0.2082792692787594,nominal,604,0.01,original
within_record,past_input,20,acceleration,0.04771463981936304,nominal,604,0.01,original
within_record,past_input,20,steering,-0.4028952853052411,nominal,604,0.01,original
pooled,autocorrelation,1,yaw,0.8790812009633447,fitted,604,0.01,original
pooled,autocorrelation,1,acceleration,0.6813294227084356,fitted,604,0.01,original
pooled,autocorrelation,1,steering,0.6584012827330975,fitted,604,0.01,original
pooled,past_input,1,yaw,0.3033028764852601,fitted,604,0.01,original
pooled,past_input,1,acceleration,0.14590357737607612,fitted,604,0.01,original
pooled,past_input,1,steering,0.0816640067556741,fitted,604,0.01,original
pooled,autocorrelation,2,yaw,0.8757932766620985,fitted,604,0.01,original
pooled,autocorrelation,2,acceleration,0.6776762470731876,fitted,604,0.01,original
pooled,autocorrelation,2,steering,0.6584052992089775,fitted,604,0.01,original
pooled,past_input,2,yaw,0.29707641009407065,fitted,604,0.01,original
pooled,past_input,2,acceleration,0.14066449624254515,fitted,604,0.01,original
pooled,past_input,2,steering,0.0550599051257204,fitted,604,0.01,original
pooled,autocorrelation,3,yaw,0.8665808172775997,fitted,604,0.01,original
pooled,autocorrelation,3,acceleration,0.6746978971119412,fitted,604,0.01,original
pooled,autocorrelation,3,steering,0.6593929619983936,fitted,604,0.01,original
pooled,past_input,3,yaw,0.2902927677068979,fitted,604,0.01,original
pooled,past_input,3,acceleration,0.1346567523432107,fitted,604,0.01,original
pooled,past_input,3,steering,0.02749256719163651,fitted,604,0.01,original
pooled,autocorrelation,4,yaw,0.8578168386762488,fitted,604,0.01,original
pooled,autocorrelation,4,acceleration,0.6669689919748957,fitted,604,0.01,original
pooled,autocorrelation,4,steering,0.6519184019713102,fitted,604,0.01,original
pooled,past_input,4,yaw,0.2810239345372106,fitted,604,0.01,original
pooled,past_input,4,acceleration,0.128364450597876,fitted,604,0.01,original
pooled,past_input,4,steering,-0.0013676213254418584,fitted,604,0.01,original
pooled,autocorrelation,5,yaw,0.8444497316972355,fitted,604,0.01,original
pooled,autocorrelation,5,acceleration,0.6564584059412425,fitted,604,0.01,original
pooled,autocorrelation,5,steering,0.6351962562487742,fitted,604,0.01,original
pooled,past_input,5,yaw,0.2709432751821352,fitted,604,0.01,original
pooled,past_input,5,acceleration,0.1210034935884513,fitted,604,0.01,original
pooled,past_input,5,steering,-0.03079515113534826,fitted,604,0.01,original
pooled,autocorrelation,6,yaw,0.8321372897386533,fitted,604,0.01,original
pooled,autocorrelation,6,acceleration,0.6529892548743741,fitted,604,0.01,original
pooled,autocorrelation,6,steering,0.623788500203824,fitted,604,0.01,original
pooled,past_input,6,yaw,0.2599442439348824,fitted,604,0.01,original
pooled,past_input,6,acceleration,0.11291756697603261,fitted,604,0.01,original
pooled,past_input,6,steering,-0.06038185675044775,fitted,604,0.01,original
pooled,autocorrelation,7,yaw,0.8191726492608082,fitted,604,0.01,original
pooled,autocorrelation,7,acceleration,0.6345881842633573,fitted,604,0.01,original
pooled,autocorrelation,7,steering,0.6045642521740973,fitted,604,0.01,original
pooled,past_input,7,yaw,0.24852888986306287,fitted,604,0.01,original
pooled,past_input,7,acceleration,0.10548741703818171,fitted,604,0.01,original
pooled,past_input,7,steering,-0.08926047965213459,fitted,604,0.01,original
pooled,autocorrelation,8,yaw,0.8009688741053752,fitted,604,0.01,original
pooled,autocorrelation,8,acceleration,0.62225574922272,fitted,604,0.01,original
pooled,autocorrelation,8,steering,0.5906304287099764,fitted,604,0.01,original
pooled,past_input,8,yaw,0.23614459822496897,fitted,604,0.01,original
pooled,past_input,8,acceleration,0.0985737459771393,fitted,604,0.01,original
pooled,past_input,8,steering,-0.11570198377174064,fitted,604,0.01,original
pooled,autocorrelation,9,yaw,0.7825084942781692,fitted,604,0.01,original
pooled,autocorrelation,9,acceleration,0.6207186965228223,fitted,604,0.01,original
pooled,autocorrelation,9,steering,0.572753223298235,fitted,604,0.01,original
pooled,past_input,9,yaw,0.22325061311060007,fitted,604,0.01,original
pooled,past_input,9,acceleration,0.09161882655620343,fitted,604,0.01,original
pooled,past_input,9,steering,-0.1420962426778932,fitted,604,0.01,original
pooled,autocorrelation,10,yaw,0.7714547131071364,fitted,604,0.01,original
pooled,autocorrelation,10,acceleration,0.5913874540471373,fitted,604,0.01,original
pooled,autocorrelation,10,steering,0.5490868239904672,fitted,604,0.01,original
pooled,past_input,10,yaw,0.20938618744397858,fitted,604,0.01,original
pooled,past_input,10,acceleration,0.08351594184946363,fitted,604,0.01,original
pooled,past_input,10,steering,-0.16877866875295014,fitted,604,0.01,original
pooled,autocorrelation,11,yaw,0.7494509640503075,fitted,604,0.01,original
pooled,autocorrelation,11,acceleration,0.5848817097093247,fitted,604,0.01,original
pooled,autocorrelation,11,steering,0.5130540069949873,fitted,604,0.01,original
pooled,past_input,11,yaw,0.1956630163538984,fitted,604,0.01,original
pooled,past_input,11,acceleration,0.07621298379603864,fitted,604,0.01,original
pooled,past_input,11,steering,-0.19389219386560616,fitted,604,0.01,original
pooled,autocorrelation,12,yaw,0.7299785085788097,fitted,604,0.01,original
pooled,autocorrelation,12,acceleration,0.5714862821632062,fitted,604,0.01,original
pooled,autocorrelation,12,steering,0.4946485154174862,fitted,604,0.01,original
pooled,past_input,12,yaw,0.18122424957863928,fitted,604,0.01,original
pooled,past_input,12,acceleration,0.06979505252682183,fitted,604,0.01,original
pooled,past_input,12,steering,-0.21762683460345553,fitted,604,0.01,original
pooled,autocorrelation,13,yaw,0.7092170045298613,fitted,604,0.01,original
pooled,autocorrelation,13,acceleration,0.5465583997145269,fitted,604,0.01,original
pooled,autocorrelation,13,steering,0.4644525292547958,fitted,604,0.01,original
pooled,past_input,13,yaw,0.16678282878686082,fitted,604,0.01,original
pooled,past_input,13,acceleration,0.06266919580687784,fitted,604,0.01,original
pooled,past_input,13,steering,-0.2422811254619253,fitted,604,0.01,original
pooled,autocorrelation,14,yaw,0.6875138398411117,fitted,604,0.01,original
pooled,autocorrelation,14,acceleration,0.5283377426573606,fitted,604,0.01,original
pooled,autocorrelation,14,steering,0.44701026487081846,fitted,604,0.01,original
pooled,past_input,14,yaw,0.1524470557019501,fitted,604,0.01,original
pooled,past_input,14,acceleration,0.05372307826066987,fitted,604,0.01,original
pooled,past_input,14,steering,-0.2656529129877331,fitted,604,0.01,original
pooled,autocorrelation,15,yaw,0.6659537557372827,fitted,604,0.01,original
pooled,autocorrelation,15,acceleration,0.5156140063833332,fitted,604,0.01,original
pooled,autocorrelation,15,steering,0.4247471049790164,fitted,604,0.01,original
pooled,past_input,15,yaw,0.13730235504051647,fitted,604,0.01,original
pooled,past_input,15,acceleration,0.04530239764341843,fitted,604,0.01,original
pooled,past_input,15,steering,-0.2868336111330871,fitted,604,0.01,original
pooled,autocorrelation,16,yaw,0.6462374769191105,fitted,604,0.01,original
pooled,autocorrelation,16,acceleration,0.4880837959406879,fitted,604,0.01,original
pooled,autocorrelation,16,steering,0.3902609853456361,fitted,604,0.01,original
pooled,past_input,16,yaw,0.12329123509464822,fitted,604,0.01,original
pooled,past_input,16,acceleration,0.037023577032846075,fitted,604,0.01,original
pooled,past_input,16,steering,-0.3080658356733715,fitted,604,0.01,original
pooled,autocorrelation,17,yaw,0.6229096663237532,fitted,604,0.01,original
pooled,autocorrelation,17,acceleration,0.45823758761233463,fitted,604,0.01,original
pooled,autocorrelation,17,steering,0.35592386496251455,fitted,604,0.01,original
pooled,past_input,17,yaw,0.10925022452300209,fitted,604,0.01,original
pooled,past_input,17,acceleration,0.02905579268748172,fitted,604,0.01,original
pooled,past_input,17,steering,-0.3288918851000928,fitted,604,0.01,original
pooled,autocorrelation,18,yaw,0.598440014780255,fitted,604,0.01,original
pooled,autocorrelation,18,acceleration,0.43530732941274747,fitted,604,0.01,original
pooled,autocorrelation,18,steering,0.3312533203655951,fitted,604,0.01,original
pooled,past_input,18,yaw,0.09621626430408765,fitted,604,0.01,original
pooled,past_input,18,acceleration,0.02014082577057163,fitted,604,0.01,original
pooled,past_input,18,steering,-0.34800453725294667,fitted,604,0.01,original
pooled,autocorrelation,19,yaw,0.5770141649015516,fitted,604,0.01,original
pooled,autocorrelation,19,acceleration,0.41058749339991985,fitted,604,0.01,original
pooled,autocorrelation,19,steering,0.30309013974166893,fitted,604,0.01,original
pooled,past_input,19,yaw,0.08415772280115708,fitted,604,0.01,original
pooled,past_input,19,acceleration,0.011907325413833691,fitted,604,0.01,original
pooled,past_input,19,steering,-0.3660111546454891,fitted,604,0.01,original
pooled,autocorrelation,20,yaw,0.5533483305947087,fitted,604,0.01,original
pooled,autocorrelation,20,acceleration,0.3927435903163988,fitted,604,0.01,original
pooled,autocorrelation,20,steering,0.2740259350948997,fitted,604,0.01,original
pooled,past_input,20,yaw,0.07264236645305223,fitted,604,0.01,original
pooled,past_input,20,acceleration,0.0026379232982079687,fitted,604,0.01,original
pooled,past_input,20,steering,-0.3828076828437173,fitted,604,0.01,original
within_record,autocorrelation,1,yaw,0.8554088374545891,fitted,604,0.01,original
within_record,autocorrelation,1,acceleration,0.6699765480297557,fitted,604,0.01,original
within_record,autocorrelation,1,steering,0.6461735436059944,fitted,604,0.01,original
within_record,past_input,1,yaw,0.31005129011459853,fitted,604,0.01,original
within_record,past_input,1,acceleration,0.1752926691788253,fitted,604,0.01,original
within_record,past_input,1,steering,0.10802849980686889,fitted,604,0.01,original
within_record,autocorrelation,2,yaw,0.8512111023641717,fitted,604,0.01,original
within_record,autocorrelation,2,acceleration,0.6660742730795036,fitted,604,0.01,original
within_record,autocorrelation,2,steering,0.6459804342866245,fitted,604,0.01,original
within_record,past_input,2,yaw,0.3019683519934192,fitted,604,0.01,original
within_record,past_input,2,acceleration,0.17017742364146007,fitted,604,0.01,original
within_record,past_input,2,steering,0.07929010988788011,fitted,604,0.01,original
within_record,autocorrelation,3,yaw,0.8399274672914882,fitted,604,0.01,original
within_record,autocorrelation,3,acceleration,0.6629110701535563,fitted,604,0.01,original
within_record,autocorrelation,3,steering,0.6468009063819349,fitted,604,0.01,original
within_record,past_input,3,yaw,0.2933453795623935,fitted,604,0.01,original
within_record,past_input,3,acceleration,0.1637027578976789,fitted,604,0.01,original
within_record,past_input,3,steering,0.04933365482685055,fitted,604,0.01,original
within_record,autocorrelation,4,yaw,0.829131078058441,fitted,604,0.01,original
within_record,autocorrelation,4,acceleration,0.654803030166026,fitted,604,0.01,original
within_record,autocorrelation,4,steering,0.6387431356324791,fitted,604,0.01,original
within_record,past_input,4,yaw,0.2814246395464157,fitted,604,0.01,original
within_record,past_input,4,acceleration,0.15708837417418905,fitted,604,0.01,original
within_record,past_input,4,steering,0.01817930732755285,fitted,604,0.01,original
within_record,autocorrelation,5,yaw,0.8126880989777745,fitted,604,0.01,original
within_record,autocorrelation,5,acceleration,0.6438674513842859,fitted,604,0.01,original
within_record,autocorrelation,5,steering,0.6210773699080219,fitted,604,0.01,original
within_record,past_input,5,yaw,0.26855102274278836,fitted,604,0.01,original
within_record,past_input,5,acceleration,0.14906537622008684,fitted,604,0.01,original
within_record,past_input,5,steering,-0.013371520879630219,fitted,604,0.01,original
within_record,autocorrelation,6,yaw,0.7974429807267649,fitted,604,0.01,original
within_record,autocorrelation,6,acceleration,0.6401799596366325,fitted,604,0.01,original
within_record,autocorrelation,6,steering,0.6088164052984989,fitted,604,0.01,original
within_record,past_input,6,yaw,0.2546401658669567,fitted,604,0.01,original
within_record,past_input,6,acceleration,0.14003628988699576,fitted,604,0.01,original
within_record,past_input,6,steering,-0.04575896300176578,fitted,604,0.01,original
within_record,autocorrelation,7,yaw,0.7812864987669337,fitted,604,0.01,original
within_record,autocorrelation,7,acceleration,0.6209293067220115,fitted,604,0.01,original
within_record,autocorrelation,7,steering,0.5887251336948073,fitted,604,0.01,original
within_record,past_input,7,yaw,0.24037481028334748,fitted,604,0.01,original
within_record,past_input,7,acceleration,0.13223211895487624,fitted,604,0.01,original
within_record,past_input,7,steering,-0.07732510600297633,fitted,604,0.01,original
within_record,autocorrelation,8,yaw,0.7587331053192652,fitted,604,0.01,original
within_record,autocorrelation,8,acceleration,0.6080573385847639,fitted,604,0.01,original
within_record,autocorrelation,8,steering,0.5739697926968566,fitted,604,0.01,original
within_record,past_input,8,yaw,0.22489547227462875,fitted,604,0.01,original
within_record,past_input,8,acceleration,0.12506067275242327,fitted,604,0.01,original
within_record,past_input,8,steering,-0.10608314325542448,fitted,604,0.01,original
within_record,autocorrelation,9,yaw,0.7358334515626819,fitted,604,0.01,original
within_record,autocorrelation,9,acceleration,0.6065226364123819,fitted,604,0.01,original
within_record,autocorrelation,9,steering,0.555231204580951,fitted,604,0.01,original
within_record,past_input,9,yaw,0.20868507145389198,fitted,604,0.01,original
within_record,past_input,9,acceleration,0.11758406567895992,fitted,604,0.01,original
within_record,past_input,9,steering,-0.13444736782896946,fitted,604,0.01,original
within_record,autocorrelation,10,yaw,0.7218639802920945,fitted,604,0.01,original
within_record,autocorrelation,10,acceleration,0.5760100651024395,fitted,604,0.01,original
within_record,autocorrelation,10,steering,0.5303136519321692,fitted,604,0.01,original
within_record,past_input,10,yaw,0.19131825885965156,fitted,604,0.01,original
within_record,past_input,10,acceleration,0.10835241832388678,fitted,604,0.01,original
within_record,past_input,10,steering,-0.1631822597903161,fitted,604,0.01,original
within_record,autocorrelation,11,yaw,0.6944384573083169,fitted,604,0.01,original
within_record,autocorrelation,11,acceleration,0.5691545230743248,fitted,604,0.01,original
within_record,autocorrelation,11,steering,0.49250865593290016,fitted,604,0.01,original
within_record,past_input,11,yaw,0.1741779721139932,fitted,604,0.01,original
within_record,past_input,11,acceleration,0.10037682360960241,fitted,604,0.01,original
within_record,past_input,11,steering,-0.18984798844144693,fitted,604,0.01,original
within_record,autocorrelation,12,yaw,0.6701203069862924,fitted,604,0.01,original
within_record,autocorrelation,12,acceleration,0.5552362830007039,fitted,604,0.01,original
within_record,autocorrelation,12,steering,0.47307570425828904,fitted,604,0.01,original
within_record,past_input,12,yaw,0.15597916724639002,fitted,604,0.01,original
within_record,past_input,12,acceleration,0.09393186306958135,fitted,604,0.01,original
within_record,past_input,12,steering,-0.2155771623909451,fitted,604,0.01,original
within_record,autocorrelation,13,yaw,0.64407556570287,fitted,604,0.01,original
within_record,autocorrelation,13,acceleration,0.5292891294087415,fitted,604,0.01,original
within_record,autocorrelation,13,steering,0.4414401161920467,fitted,604,0.01,original
within_record,past_input,13,yaw,0.13806870038557564,fitted,604,0.01,original
within_record,past_input,13,acceleration,0.08621655614387903,fitted,604,0.01,original
within_record,past_input,13,steering,-0.24221966063378864,fitted,604,0.01,original
within_record,autocorrelation,14,yaw,0.6168061229849099,fitted,604,0.01,original
within_record,autocorrelation,14,acceleration,0.5105518291458662,fitted,604,0.01,original
within_record,autocorrelation,14,steering,0.42304674513612867,fitted,604,0.01,original
within_record,past_input,14,yaw,0.11997285876410343,fitted,604,0.01,original
within_record,past_input,14,acceleration,0.07661647613410213,fitted,604,0.01,original
within_record,past_input,14,steering,-0.2671489179368038,fitted,604,0.01,original
within_record,autocorrelation,15,yaw,0.589874282099707,fitted,604,0.01,original
within_record,autocorrelation,15,acceleration,0.4973478885890086,fitted,604,0.01,original
within_record,autocorrelation,15,steering,0.3996666755108581,fitted,604,0.01,original
within_record,past_input,15,yaw,0.10107123908278254,fitted,604,0.01,original
within_record,past_input,15,acceleration,0.06700052713057561,fitted,604,0.01,original
within_record,past_input,15,steering,-0.28953355581134316,fitted,604,0.01,original
within_record,autocorrelation,16,yaw,0.5650711778338977,fitted,604,0.01,original
within_record,autocorrelation,16,acceleration,0.4688206403530244,fitted,604,0.01,original
within_record,autocorrelation,16,steering,0.3634532930741125,fitted,604,0.01,original
within_record,past_input,16,yaw,0.08364679072698697,fitted,604,0.01,original
within_record,past_input,16,acceleration,0.05802050483510526,fitted,604,0.01,original
within_record,past_input,16,steering,-0.31246073592354007,fitted,604,0.01,original
within_record,autocorrelation,17,yaw,0.5356684454274587,fitted,604,0.01,original
within_record,autocorrelation,17,acceleration,0.4378108388449688,fitted,604,0.01,original
within_record,autocorrelation,17,steering,0.32733870409677324,fitted,604,0.01,original
within_record,past_input,17,yaw,0.06579705787515205,fitted,604,0.01,original
within_record,past_input,17,acceleration,0.04918600451600616,fitted,604,0.01,original
within_record,past_input,17,steering,-0.3348093856264279,fitted,604,0.01,original
within_record,autocorrelation,18,yaw,0.5050905557518155,fitted,604,0.01,original
within_record,autocorrelation,18,acceleration,0.41422845403736824,fitted,604,0.01,original
within_record,autocorrelation,18,steering,0.3014389583110635,fitted,604,0.01,original
within_record,past_input,18,yaw,0.049770780197286396,fitted,604,0.01,original
within_record,past_input,18,acceleration,0.039917258421609515,fitted,604,0.01,original
within_record,past_input,18,steering,-0.35534933065819596,fitted,604,0.01,original
within_record,autocorrelation,19,yaw,0.4783897015665898,fitted,604,0.01,original
within_record,autocorrelation,19,acceleration,0.3885231040107237,fitted,604,0.01,original
within_record,autocorrelation,19,steering,0.2718010517394516,fitted,604,0.01,original
within_record,past_input,19,yaw,0.03466379915406618,fitted,604,0.01,original
within_record,past_input,19,acceleration,0.03060058646110209,fitted,604,0.01,original
within_record,past_input,19,steering,-0.37501599707396416,fitted,604,0.01,original
within_record,autocorrelation,20,yaw,0.44873365003261,fitted,604,0.01,original
within_record,autocorrelation,20,acceleration,0.3701986762620379,fitted,604,0.01,original
within_record,autocorrelation,20,steering,0.24122411365422125,fitted,604,0.01,original
within_record,past_input,20,yaw,0.020305516341636343,fitted,604,0.01,original
within_record,past_input,20,acceleration,0.0202444297116814,fitted,604,0.01,original
within_record,past_input,20,steering,-0.39242222846114394,fitted,604,0.01,original
pooled,autocorrelation,1,yaw,0.9022093085161799,nominal,604,0.01,wider
pooled,autocorrelation,1,acceleration,0.7592912863218212,nominal,604,0.01,wider
pooled,autocorrelation,1,steering,0.6080802679851899,nominal,604,0.01,wider
pooled,past_input,1,yaw,0.42477411581233504,nominal,604,0.01,wider
pooled,past_input,1,acceleration,0.3116593493454147,nominal,604,0.01,wider
pooled,past_input,1,steering,-0.12929617208656513,nominal,604,0.01,wider
pooled,autocorrelation,2,yaw,0.899397046019968,nominal,604,0.01,wider
pooled,autocorrelation,2,acceleration,0.7549185334572327,nominal,604,0.01,wider
pooled,autocorrelation,2,steering,0.6097347340961842,nominal,604,0.01,wider
pooled,past_input,2,yaw,0.42205108834834554,nominal,604,0.01,wider
pooled,past_input,2,acceleration,0.30326576800138844,nominal,604,0.01,wider
pooled,past_input,2,steering,-0.1499971818112609,nominal,604,0.01,wider
pooled,autocorrelation,3,yaw,0.8916785922509501,nominal,604,0.01,wider
pooled,autocorrelation,3,acceleration,0.7504033487072016,nominal,604,0.01,wider
pooled,autocorrelation,3,steering,0.6137389605008366,nominal,604,0.01,wider
pooled,past_input,3,yaw,0.4184495146670058,nominal,604,0.01,wider
pooled,past_input,3,acceleration,0.29339472931354504,nominal,604,0.01,wider
pooled,past_input,3,steering,-0.1706218539017988,nominal,604,0.01,wider
pooled,autocorrelation,4,yaw,0.88429744487337,nominal,604,0.01,wider
pooled,autocorrelation,4,acceleration,0.742345841159625,nominal,604,0.01,wider
pooled,autocorrelation,4,steering,0.6087544181091701,nominal,604,0.01,wider
pooled,past_input,4,yaw,0.4123004271823327,nominal,604,0.01,wider
pooled,past_input,4,acceleration,0.2826518309738495,nominal,604,0.01,wider
pooled,past_input,4,steering,-0.19182228755261088,nominal,604,0.01,wider
pooled,autocorrelation,5,yaw,0.8731813991012246,nominal,604,0.01,wider
pooled,autocorrelation,5,acceleration,0.7321205376068004,nominal,604,0.01,wider
pooled,autocorrelation,5,steering,0.593974296918251,nominal,604,0.01,wider
pooled,past_input,5,yaw,0.4052213575484272,nominal,604,0.01,wider
pooled,past_input,5,acceleration,0.2703812924476518,nominal,604,0.01,wider
pooled,past_input,5,steering,-0.21282326333481463,nominal,604,0.01,wider
pooled,autocorrelation,6,yaw,0.8629609675086098,nominal,604,0.01,wider
pooled,autocorrelation,6,acceleration,0.7270555885264849,nominal,604,0.01,wider
pooled,autocorrelation,6,steering,0.5861258081218175,nominal,604,0.01,wider
pooled,past_input,6,yaw,0.39706922838856296,nominal,604,0.01,wider
pooled,past_input,6,acceleration,0.25684266836478625,nominal,604,0.01,wider
pooled,past_input,6,steering,-0.2333264201859678,nominal,604,0.01,wider
pooled,autocorrelation,7,yaw,0.8519857136345135,nominal,604,0.01,wider
pooled,autocorrelation,7,acceleration,0.7104030629554353,nominal,604,0.01,wider
pooled,autocorrelation,7,steering,0.5700772697062375,nominal,604,0.01,wider
pooled,past_input,7,yaw,0.3883598909552065,nominal,604,0.01,wider
pooled,past_input,7,acceleration,0.24341660389983974,nominal,604,0.01,wider
pooled,past_input,7,steering,-0.25243081990647237,nominal,604,0.01,wider
pooled,autocorrelation,8,yaw,0.8365768853764126,nominal,604,0.01,wider
pooled,autocorrelation,8,acceleration,0.6975347919111018,nominal,604,0.01,wider
pooled,autocorrelation,8,steering,0.5608456893273266,nominal,604,0.01,wider
pooled,past_input,8,yaw,0.37852435955021335,nominal,604,0.01,wider
pooled,past_input,8,acceleration,0.22975405321803222,nominal,604,0.01,wider
pooled,past_input,8,steering,-0.26836640141421003,nominal,604,0.01,wider
pooled,autocorrelation,9,yaw,0.8209562637972504,nominal,604,0.01,wider
pooled,autocorrelation,9,acceleration,0.6920905409410127,nominal,604,0.01,wider
pooled,autocorrelation,9,steering,0.547640074807592,nominal,604,0.01,wider
pooled,past_input,9,yaw,0.36812208997821033,nominal,604,0.01,wider
pooled,past_input,9,acceleration,0.2157030069376781,nominal,604,0.01,wider
pooled,past_input,9,steering,-0.28410668818718776,nominal,604,0.01,wider
pooled,autocorrelation,10,yaw,0.8109631705065692,nominal,604,0.01,wider
pooled,autocorrelation,10,acceleration,0.666087545497602,nominal,604,0.01,wider
pooled,autocorrelation,10,steering,0.5276886310900204,nominal,604,0.01,wider
pooled,past_input,10,yaw,0.3565850553752514,nominal,604,0.01,wider
pooled,past_input,10,acceleration,0.2004792913930874,nominal,604,0.01,wider
pooled,past_input,10,steering,-0.2998526418408979,nominal,604,0.01,wider
pooled,autocorrelation,11,yaw,0.7919489230419954,nominal,604,0.01,wider
pooled,autocorrelation,11,acceleration,0.6569217979855977,nominal,604,0.01,wider
pooled,autocorrelation,11,steering,0.49380465820451386,nominal,604,0.01,wider
pooled,past_input,11,yaw,0.3449159185272104,nominal,604,0.01,wider
pooled,past_input,11,acceleration,0.18570888333933686,nominal,604,0.01,wider
pooled,past_input,11,steering,-0.31400982094082575,nominal,604,0.01,wider
pooled,autocorrelation,12,yaw,0.7746543660587152,nominal,604,0.01,wider
pooled,autocorrelation,12,acceleration,0.6419248446965877,nominal,604,0.01,wider
pooled,autocorrelation,12,steering,0.4804815585482235,nominal,604,0.01,wider
pooled,past_input,12,yaw,0.3323499194777841,nominal,604,0.01,wider
pooled,past_input,12,acceleration,0.17162870548499273,nominal,604,0.01,wider
pooled,past_input,12,steering,-0.32683051935659585,nominal,604,0.01,wider
pooled,autocorrelation,13,yaw,0.7559830787871289,nominal,604,0.01,wider
pooled,autocorrelation,13,acceleration,0.6179642922998265,nominal,604,0.01,wider
pooled,autocorrelation,13,steering,0.4535803161920427,nominal,604,0.01,wider
pooled,past_input,13,yaw,0.3194618758952881,nominal,604,0.01,wider
pooled,past_input,13,acceleration,0.15684027744613815,nominal,604,0.01,wider
pooled,past_input,13,steering,-0.34027698014400426,nominal,604,0.01,wider
pooled,autocorrelation,14,yaw,0.7362487518860554,nominal,604,0.01,wider
pooled,autocorrelation,14,acceleration,0.5991636068498013,nominal,604,0.01,wider
pooled,autocorrelation,14,steering,0.4413449980885061,nominal,604,0.01,wider
pooled,past_input,14,yaw,0.3062165445966899,nominal,604,0.01,wider
pooled,past_input,14,acceleration,0.14040917844471537,nominal,604,0.01,wider
pooled,past_input,14,steering,-0.3525988922566716,nominal,604,0.01,wider
pooled,autocorrelation,15,yaw,0.7160819139964368,nominal,604,0.01,wider
pooled,autocorrelation,15,acceleration,0.5838899977827273,nominal,604,0.01,wider
pooled,autocorrelation,15,steering,0.4242192192239133,nominal,604,0.01,wider
pooled,past_input,15,yaw,0.2917569722157971,nominal,604,0.01,wider
pooled,past_input,15,acceleration,0.12437805036247353,nominal,604,0.01,wider
pooled,past_input,15,steering,-0.36269836347987566,nominal,604,0.01,wider
pooled,autocorrelation,16,yaw,0.6971911091199003,nominal,604,0.01,wider
pooled,autocorrelation,16,acceleration,0.5574352672016895,nominal,604,0.01,wider
pooled,autocorrelation,16,steering,0.3930290061107104,nominal,604,0.01,wider
pooled,past_input,16,yaw,0.27785340652522333,nominal,604,0.01,wider
pooled,past_input,16,acceleration,0.10854446132256639,nominal,604,0.01,wider
pooled,past_input,16,steering,-0.37290805565216256,nominal,604,0.01,wider
pooled,autocorrelation,17,yaw,0.6749160731279914,nominal,604,0.01,wider
pooled,autocorrelation,17,acceleration,0.5287513775247532,nominal,604,0.01,wider
pooled,autocorrelation,17,steering,0.3622696400977411,nominal,604,0.01,wider
pooled,past_input,17,yaw,0.2634117035883324,nominal,604,0.01,wider
pooled,past_input,17,acceleration,0.09296800791564624,nominal,604,0.01,wider
pooled,past_input,17,steering,-0.38272136245629057,nominal,604,0.01,wider
pooled,autocorrelation,18,yaw,0.6514372066660103,nominal,604,0.01,wider
pooled,autocorrelation,18,acceleration,0.5050529147868068,nominal,604,0.01,wider
pooled,autocorrelation,18,steering,0.34204133940064974,nominal,604,0.01,wider
pooled,past_input,18,yaw,0.2493526613303881,nominal,604,0.01,wider
pooled,past_input,18,acceleration,0.07674122984067562,nominal,604,0.01,wider
pooled,past_input,18,steering,-0.390788230635651,nominal,604,0.01,wider
pooled,autocorrelation,19,yaw,0.6300017601838778,nominal,604,0.01,wider
pooled,autocorrelation,19,acceleration,0.4799557647946208,nominal,604,0.01,wider
pooled,autocorrelation,19,steering,0.31832421835940156,nominal,604,0.01,wider
pooled,past_input,19,yaw,0.2355828300890152,nominal,604,0.01,wider
pooled,past_input,19,acceleration,0.06118908847141547,nominal,604,0.01,wider
pooled,past_input,19,steering,-0.39783816765777386,nominal,604,0.01,wider
pooled,autocorrelation,20,yaw,0.6060080590285699,nominal,604,0.01,wider
pooled,autocorrelation,20,acceleration,0.4596606768958479,nominal,604,0.01,wider
pooled,autocorrelation,20,steering,0.29323642215126255,nominal,604,0.01,wider
pooled,past_input,20,yaw,0.22166804980691046,nominal,604,0.01,wider
pooled,past_input,20,acceleration,0.04491049371381512,nominal,604,0.01,wider
pooled,past_input,20,steering,-0.4037387374369818,nominal,604,0.01,wider
within_record,autocorrelation,1,yaw,0.886487697572423,nominal,604,0.01,wider
within_record,autocorrelation,1,acceleration,0.7461506150090086,nominal,604,0.01,wider
within_record,autocorrelation,1,steering,0.5917937307941685,nominal,604,0.01,wider
within_record,past_input,1,yaw,0.4550498070139137,nominal,604,0.01,wider
within_record,past_input,1,acceleration,0.3448810306793984,nominal,604,0.01,wider
within_record,past_input,1,steering,-0.11105097571164355,nominal,604,0.01,wider
within_record,autocorrelation,2,yaw,0.8830502528088287,nominal,604,0.01,wider
within_record,autocorrelation,2,acceleration,0.7414190721747282,nominal,604,0.01,wider
within_record,autocorrelation,2,steering,0.5933007797619654,nominal,604,0.01,wider
within_record,past_input,2,yaw,0.4513666086031027,nominal,604,0.01,wider
within_record,past_input,2,acceleration,0.33592178471471035,nominal,604,0.01,wider
within_record,past_input,2,steering,-0.13330723526280383,nominal,604,0.01,wider
within_record,autocorrelation,3,yaw,0.8739122843983891,nominal,604,0.01,wider
within_record,autocorrelation,3,acceleration,0.7365381945283739,nominal,604,0.01,wider
within_record,autocorrelation,3,steering,0.5972621292344826,nominal,604,0.01,wider
within_record,past_input,3,yaw,0.4467503436091971,nominal,604,0.01,wider
within_record,past_input,3,acceleration,0.3248647322545545,nominal,604,0.01,wider
within_record,past_input,3,steering,-0.1555905360090209,nominal,604,0.01,wider
within_record,autocorrelation,4,yaw,0.8651345490260185,nominal,604,0.01,wider
within_record,autocorrelation,4,acceleration,0.7279198398690516,nominal,604,0.01,wider
within_record,autocorrelation,4,steering,0.5916734083203935,nominal,604,0.01,wider
within_record,past_input,4,yaw,0.4388427680627116,nominal,604,0.01,wider
within_record,past_input,4,acceleration,0.31297112560264023,nominal,604,0.01,wider
within_record,past_input,4,steering,-0.17832732444679836,nominal,604,0.01,wider
within_record,autocorrelation,5,yaw,0.8519216613079501,nominal,604,0.01,wider
within_record,autocorrelation,5,acceleration,0.7170219741403462,nominal,604,0.01,wider
within_record,autocorrelation,5,steering,0.575910630753868,nominal,604,0.01,wider
within_record,past_input,5,yaw,0.42995263572998593,nominal,604,0.01,wider
within_record,past_input,5,acceleration,0.29911802211540844,nominal,604,0.01,wider
within_record,past_input,5,steering,-0.2005178048649323,nominal,604,0.01,wider
within_record,autocorrelation,6,yaw,0.8397094665502902,nominal,604,0.01,wider
within_record,autocorrelation,6,acceleration,0.7114881353527155,nominal,604,0.01,wider
within_record,autocorrelation,6,steering,0.5673326478087247,nominal,604,0.01,wider
within_record,past_input,6,yaw,0.41985570627327956,nominal,604,0.01,wider
within_record,past_input,6,acceleration,0.28370986156790606,nominal,604,0.01,wider
within_record,past_input,6,steering,-0.22289291282673654,nominal,604,0.01,wider
within_record,autocorrelation,7,yaw,0.8265219908627958,nominal,604,0.01,wider
within_record,autocorrelation,7,acceleration,0.6936792819299655,nominal,604,0.01,wider
within_record,autocorrelation,7,steering,0.5504519286818089,nominal,604,0.01,wider
within_record,past_input,7,yaw,0.4092796905736534,nominal,604,0.01,wider
within_record,past_input,7,acceleration,0.2688800104883664,nominal,604,0.01,wider
within_record,past_input,7,steering,-0.24363245917450851,nominal,604,0.01,wider
within_record,autocorrelation,8,yaw,0.808082339858659,nominal,604,0.01,wider
within_record,autocorrelation,8,acceleration,0.6799156331766819,nominal,604,0.01,wider
within_record,autocorrelation,8,steering,0.5405668780001014,nominal,604,0.01,wider
within_record,past_input,8,yaw,0.39736681269063623,nominal,604,0.01,wider
within_record,past_input,8,acceleration,0.25384728541730006,nominal,604,0.01,wider
within_record,past_input,8,steering,-0.2607505178238432,nominal,604,0.01,wider
within_record,autocorrelation,9,yaw,0.7893892031143653,nominal,604,0.01,wider
within_record,autocorrelation,9,acceleration,0.6741435364334589,nominal,604,0.01,wider
within_record,autocorrelation,9,steering,0.5266054832178177,nominal,604,0.01,wider
within_record,past_input,9,yaw,0.3846991497544041,nominal,604,0.01,wider
within_record,past_input,9,acceleration,0.23810000868486833,nominal,604,0.01,wider
within_record,past_input,9,steering,-0.2773169106409341,nominal,604,0.01,wider
within_record,autocorrelation,10,yaw,0.7772604711249747,nominal,604,0.01,wider
within_record,autocorrelation,10,acceleration,0.6464479732763168,nominal,604,0.01,wider
within_record,autocorrelation,10,steering,0.505474172349222,nominal,604,0.01,wider
within_record,past_input,10,yaw,0.3707471383318215,nominal,604,0.01,wider
within_record,past_input,10,acceleration,0.22070242412735933,nominal,604,0.01,wider
within_record,past_input,10,steering,-0.2939831791488211,nominal,604,0.01,wider
within_record,autocorrelation,11,yaw,0.7544117752537557,nominal,604,0.01,wider
within_record,autocorrelation,11,acceleration,0.6366268750464203,nominal,604,0.01,wider
within_record,autocorrelation,11,steering,0.4697031159260641,nominal,604,0.01,wider
within_record,past_input,11,yaw,0.3567141079902566,nominal,604,0.01,wider
within_record,past_input,11,acceleration,0.20412332029260974,nominal,604,0.01,wider
within_record,past_input,11,steering,-0.30855953670029745,nominal,604,0.01,wider
within_record,autocorrelation,12,yaw,0.7335918064456355,nominal,604,0.01,wider
within_record,autocorrelation,12,acceleration,0.6206475524243382,nominal,604,0.01,wider
within_record,autocorrelation,12,steering,0.45545675454216134,nominal,604,0.01,wider
within_record,past_input,12,yaw,0.3414474783296256,nominal,604,0.01,wider
within_record,past_input,12,acceleration,0.1888299561902334,nominal,604,0.01,wider
within_record,past_input,12,steering,-0.3222859894135612,nominal,604,0.01,wider
within_record,autocorrelation,13,yaw,0.7110312335987061,nominal,604,0.01,wider
within_record,autocorrelation,13,acceleration,0.5951245747399431,nominal,604,0.01,wider
within_record,autocorrelation,13,steering,0.42708585260920695,nominal,604,0.01,wider
within_record,past_input,13,yaw,0.3260833964638135,nominal,604,0.01,wider
within_record,past_input,13,acceleration,0.17236963037665343,nominal,604,0.01,wider
within_record,past_input,13,steering,-0.336639412342657,nominal,604,0.01,wider
within_record,autocorrelation,14,yaw,0.6871525156994727,nominal,604,0.01,wider
within_record,autocorrelation,14,acceleration,0.5753008964987344,nominal,604,0.01,wider
within_record,autocorrelation,14,steering,0.41408555885922643,nominal,604,0.01,wider
within_record,past_input,14,yaw,0.31000395136403736,nominal,604,0.01,wider
within_record,past_input,14,acceleration,0.15418340008063772,nominal,604,0.01,wider
within_record,past_input,14,steering,-0.34942939815000534,nominal,604,0.01,wider
within_record,autocorrelation,15,yaw,0.662851906663856,nominal,604,0.01,wider
within_record,autocorrelation,15,acceleration,0.5590532998244448,nominal,604,0.01,wider
within_record,autocorrelation,15,steering,0.39594411803413304,nominal,604,0.01,wider
within_record,past_input,15,yaw,0.29263143673544306,nominal,604,0.01,wider
within_record,past_input,15,acceleration,0.13596718442275982,nominal,604,0.01,wider
within_record,past_input,15,steering,-0.35967563980242495,nominal,604,0.01,wider
within_record,autocorrelation,16,yaw,0.6399454120876477,nominal,604,0.01,wider
within_record,autocorrelation,16,acceleration,0.5310089939615028,nominal,604,0.01,wider
within_record,autocorrelation,16,steering,0.362982287899693,nominal,604,0.01,wider
within_record,past_input,16,yaw,0.2759436645943168,nominal,604,0.01,wider
within_record,past_input,16,acceleration,0.11840805701627821,nominal,604,0.01,wider
within_record,past_input,16,steering,-0.37060672533765054,nominal,604,0.01,wider
within_record,autocorrelation,17,yaw,0.6128955703280081,nominal,604,0.01,wider
within_record,autocorrelation,17,acceleration,0.50052328572362,nominal,604,0.01,wider
within_record,autocorrelation,17,steering,0.33039423453914896,nominal,604,0.01,wider
within_record,past_input,17,yaw,0.25831151375430583,nominal,604,0.01,wider
within_record,past_input,17,acceleration,0.10100758328117686,nominal,604,0.01,wider
within_record,past_input,17,steering,-0.38098931415213483,nominal,604,0.01,wider
within_record,autocorrelation,18,yaw,0.5845374691986194,nominal,604,0.01,wider
within_record,autocorrelation,18,acceleration,0.4755055968035516,nominal,604,0.01,wider
within_record,autocorrelation,18,steering,0.3090662672384882,nominal,604,0.01,wider
within_record,past_input,18,yaw,0.24160769832037307,nominal,604,0.01,wider
within_record,past_input,18,acceleration,0.08342065929907687,nominal,604,0.01,wider
within_record,past_input,18,steering,-0.38951956972585117,nominal,604,0.01,wider
within_record,autocorrelation,19,yaw,0.5586938213992434,nominal,604,0.01,wider
within_record,autocorrelation,19,acceleration,0.448779473924785,nominal,604,0.01,wider
within_record,autocorrelation,19,steering,0.283954990586737,nominal,604,0.01,wider
within_record,past_input,19,yaw,0.22497635727482015,nominal,604,0.01,wider
within_record,past_input,19,acceleration,0.06593223939738155,nominal,604,0.01,wider
within_record,past_input,19,steering,-0.3973136836631559,nominal,604,0.01,wider
within_record,autocorrelation,20,yaw,0.5296356508638864,nominal,604,0.01,wider
within_record,autocorrelation,20,acceleration,0.42731588755879113,nominal,604,0.01,wider
within_record,autocorrelation,20,steering,0.25743235464593806,nominal,604,0.01,wider
within_record,past_input,20,yaw,0.2082792692787594,nominal,604,0.01,wider
within_record,past_input,20,acceleration,0.04771463981936304,nominal,604,0.01,wider
within_record,past_input,20,steering,-0.4028952853052411,nominal,604,0.01,wider
pooled,autocorrelation,1,yaw,0.8450218291972248,fitted,604,0.01,wider
pooled,autocorrelation,1,acceleration,0.7737730595111032,fitted,604,0.01,wider
pooled,autocorrelation,1,steering,0.6382101866176725,fitted,604,0.01,wider
pooled,past_input,1,yaw,0.29747694403647884,fitted,604,0.01,wider
pooled,past_input,1,acceleration,0.04541314084071388,fitted,604,0.01,wider
pooled,past_input,1,steering,0.1284569680439201,fitted,604,0.01,wider
pooled,autocorrelation,2,yaw,0.8415957138514197,fitted,604,0.01,wider
pooled,autocorrelation,2,acceleration,0.7666362857918944,fitted,604,0.01,wider
pooled,autocorrelation,2,steering,0.6382869436377917,fitted,604,0.01,wider
pooled,past_input,2,yaw,0.2900383031652997,fitted,604,0.01,wider
pooled,past_input,2,acceleration,0.03406678922808643,fitted,604,0.01,wider
pooled,past_input,2,steering,0.10303856250512097,fitted,604,0.01,wider
pooled,autocorrelation,3,yaw,0.8310976239671182,fitted,604,0.01,wider
pooled,autocorrelation,3,acceleration,0.7581543584434492,fitted,604,0.01,wider
pooled,autocorrelation,3,steering,0.6400460846063053,fitted,604,0.01,wider
pooled,past_input,3,yaw,0.281840531936862,fitted,604,0.01,wider
pooled,past_input,3,acceleration,0.02159633904846361,fitted,604,0.01,wider
pooled,past_input,3,steering,0.07663796244594155,fitted,604,0.01,wider
pooled,autocorrelation,4,yaw,0.8221443632715887,fitted,604,0.01,wider
pooled,autocorrelation,4,acceleration,0.7452936345109645,fitted,604,0.01,wider
pooled,autocorrelation,4,steering,0.6331347692865866,fitted,604,0.01,wider
pooled,past_input,4,yaw,0.2708081426080634,fitted,604,0.01,wider
pooled,past_input,4,acceleration,0.00854228657415668,fitted,604,0.01,wider
pooled,past_input,4,steering,0.04890459048500651,fitted,604,0.01,wider
pooled,autocorrelation,5,yaw,0.8081779401613969,fitted,604,0.01,wider
pooled,autocorrelation,5,acceleration,0.7294412492629757,fitted,604,0.01,wider
pooled,autocorrelation,5,steering,0.6169591005514533,fitted,604,0.01,wider
pooled,past_input,5,yaw,0.2588817537404396,fitted,604,0.01,wider
pooled,past_input,5,acceleration,-0.005358477059285654,fitted,604,0.01,wider
pooled,past_input,5,steering,0.02050572559777588,fitted,604,0.01,wider
pooled,autocorrelation,6,yaw,0.7965332142534874,fitted,604,0.01,wider
pooled,autocorrelation,6,acceleration,0.7180718259377381,fitted,604,0.01,wider
pooled,autocorrelation,6,steering,0.6064154004906145,fitted,604,0.01,wider
pooled,past_input,6,yaw,0.24595912637824943,fitted,604,0.01,wider
pooled,past_input,6,acceleration,-0.01942656822415833,fitted,604,0.01,wider
pooled,past_input,6,steering,-0.008208730319883704,fitted,604,0.01,wider
pooled,autocorrelation,7,yaw,0.7845434790931922,fitted,604,0.01,wider
pooled,autocorrelation,7,acceleration,0.6953133121711805,fitted,604,0.01,wider
pooled,autocorrelation,7,steering,0.5881077383763645,fitted,604,0.01,wider
pooled,past_input,7,yaw,0.23264330325531038,fitted,604,0.01,wider
pooled,past_input,7,acceleration,-0.03237766808836197,fitted,604,0.01,wider
pooled,past_input,7,steering,-0.03642262462012437,fitted,604,0.01,wider
pooled,autocorrelation,8,yaw,0.7666555540090949,fitted,604,0.01,wider
pooled,autocorrelation,8,acceleration,0.6757366818792928,fitted,604,0.01,wider
pooled,autocorrelation,8,steering,0.5752045694668405,fitted,604,0.01,wider
pooled,past_input,8,yaw,0.21843821554198517,fitted,604,0.01,wider
pooled,past_input,8,acceleration,-0.043716482765850946,fitted,604,0.01,wider
pooled,past_input,8,steering,-0.06245617360935402,fitted,604,0.01,wider
pooled,autocorrelation,9,yaw,0.749016789604832,fitted,604,0.01,wider
pooled,autocorrelation,9,acceleration,0.6629518781722205,fitted,604,0.01,wider
pooled,autocorrelation,9,steering,0.5582701806734249,fitted,604,0.01,wider
pooled,past_input,9,yaw,0.20396282974663432,fitted,604,0.01,wider
pooled,past_input,9,acceleration,-0.053886739305579225,fitted,604,0.01,wider
pooled,past_input,9,steering,-0.08868604544962568,fitted,604,0.01,wider
pooled,autocorrelation,10,yaw,0.7415167346977696,fitted,604,0.01,wider
pooled,autocorrelation,10,acceleration,0.6305739111017492,fitted,604,0.01,wider
pooled,autocorrelation,10,steering,0.534533944299119,fitted,604,0.01,wider
pooled,past_input,10,yaw,0.1888299530061143,fitted,604,0.01,wider
pooled,past_input,10,acceleration,-0.0638234703259163,fitted,604,0.01,wider
pooled,past_input,10,steering,-0.11554995672772529,fitted,604,0.01,wider
pooled,autocorrelation,11,yaw,0.7201519210481185,fitted,604,0.01,wider
pooled,autocorrelation,11,acceleration,0.6142282491664391,fitted,604,0.01,wider
pooled,autocorrelation,11,steering,0.497470294760934,fitted,604,0.01,wider
pooled,past_input,11,yaw,0.17433289064333743,fitted,604,0.01,wider
pooled,past_input,11,acceleration,-0.07183894175845963,fitted,604,0.01,wider
pooled,past_input,11,steering,-0.14115667412602156,fitted,604,0.01,wider
pooled,autocorrelation,12,yaw,0.702633214101604,fitted,604,0.01,wider
pooled,autocorrelation,12,acceleration,0.5929626342984142,fitted,604,0.01,wider
pooled,autocorrelation,12,steering,0.4787247430376223,fitted,604,0.01,wider
pooled,past_input,12,yaw,0.15960464921577858,fitted,604,0.01,wider
pooled,past_input,12,acceleration,-0.07797728525173755,fitted,604,0.01,wider
pooled,past_input,12,steering,-0.1656198691470264,fitted,604,0.01,wider
pooled,autocorrelation,13,yaw,0.6840220673388737,fitted,604,0.01,wider
pooled,autocorrelation,13,acceleration,0.5634666902271612,fitted,604,0.01,wider
pooled,autocorrelation,13,steering,0.44687634844994456,fitted,604,0.01,wider
pooled,past_input,13,yaw,0.14554439470600303,fitted,604,0.01,wider
pooled,past_input,13,acceleration,-0.08340799362625073,fitted,604,0.01,wider
pooled,past_input,13,steering,-0.19141819739410326,fitted,604,0.01,wider
pooled,autocorrelation,14,yaw,0.6648831247746327,fitted,604,0.01,wider
pooled,autocorrelation,14,acceleration,0.5381941354124957,fitted,604,0.01,wider
pooled,autocorrelation,14,steering,0.42863862153437243,fitted,604,0.01,wider
pooled,past_input,14,yaw,0.13226858805297093,fitted,604,0.01,wider
pooled,past_input,14,acceleration,-0.0892126968350095,fitted,604,0.01,wider
pooled,past_input,14,steering,-0.21624291363666842,fitted,604,0.01,wider
pooled,autocorrelation,15,yaw,0.6460672496431357,fitted,604,0.01,wider
pooled,autocorrelation,15,acceleration,0.5164639862989077,fitted,604,0.01,wider
pooled,autocorrelation,15,steering,0.4049120440951657,fitted,604,0.01,wider
pooled,past_input,15,yaw,0.11865409349359725,fitted,604,0.01,wider
pooled,past_input,15,acceleration,-0.09358327122466074,fitted,604,0.01,wider
pooled,past_input,15,steering,-0.23918440263906468,fitted,604,0.01,wider
pooled,autocorrelation,16,yaw,0.6306390872397588,fitted,604,0.01,wider
pooled,autocorrelation,16,acceleration,0.48472796762538484,fitted,604,0.01,wider
pooled,autocorrelation,16,steering,0.36761736182838,fitted,604,0.01,wider
pooled,past_input,16,yaw,0.10695304828358244,fitted,604,0.01,wider
pooled,past_input,16,acceleration,-0.09687898238892866,fitted,604,0.01,wider
pooled,past_input,16,steering,-0.26246754484774826,fitted,604,0.01,wider
pooled,autocorrelation,17,yaw,0.610602111825075,fitted,604,0.01,wider
pooled,autocorrelation,17,acceleration,0.45054288330669895,fitted,604,0.01,wider
pooled,autocorrelation,17,steering,0.3303901354563758,fitted,604,0.01,wider
pooled,past_input,17,yaw,0.09566917179112384,fitted,604,0.01,wider
pooled,past_input,17,acceleration,-0.09893929639914836,fitted,604,0.01,wider
pooled,past_input,17,steering,-0.28565378468241154,fitted,604,0.01,wider
pooled,autocorrelation,18,yaw,0.5895377759061434,fitted,604,0.01,wider
pooled,autocorrelation,18,acceleration,0.4217455422921825,fitted,604,0.01,wider
pooled,autocorrelation,18,steering,0.30272564147187436,fitted,604,0.01,wider
pooled,past_input,18,yaw,0.08589767034075411,fitted,604,0.01,wider
pooled,past_input,18,acceleration,-0.10111007424973951,fitted,604,0.01,wider
pooled,past_input,18,steering,-0.30722096179578845,fitted,604,0.01,wider
pooled,autocorrelation,19,yaw,0.5727978800627229,fitted,604,0.01,wider
pooled,autocorrelation,19,acceleration,0.3904021752025383,fitted,604,0.01,wider
pooled,autocorrelation,19,steering,0.27158332897965437,fitted,604,0.01,wider
pooled,past_input,19,yaw,0.07749238983472452,fitted,604,0.01,wider
pooled,past_input,19,acceleration,-0.10190651942955463,fitted,604,0.01,wider
pooled,past_input,19,steering,-0.32784713694177225,fitted,604,0.01,wider
pooled,autocorrelation,20,yaw,0.5530592221818155,fitted,604,0.01,wider
pooled,autocorrelation,20,acceleration,0.36444031468406096,fitted,604,0.01,wider
pooled,autocorrelation,20,steering,0.23916414094039526,fitted,604,0.01,wider
pooled,past_input,20,yaw,0.06983148798326584,fitted,604,0.01,wider
pooled,past_input,20,acceleration,-0.10288407137097845,fitted,604,0.01,wider
pooled,past_input,20,steering,-0.3474214899342602,fitted,604,0.01,wider
within_record,autocorrelation,1,yaw,0.8169250785153627,fitted,604,0.01,wider
within_record,autocorrelation,1,acceleration,0.7675874454356801,fitted,604,0.01,wider
within_record,autocorrelation,1,steering,0.6313475648455514,fitted,604,0.01,wider
within_record,past_input,1,yaw,0.30529692798030156,fitted,604,0.01,wider
within_record,past_input,1,acceleration,0.05932184745978778,fitted,604,0.01,wider
within_record,past_input,1,steering,0.1545637714599117,fitted,604,0.01,wider
within_record,autocorrelation,2,yaw,0.812571151889821,fitted,604,0.01,wider
within_record,autocorrelation,2,acceleration,0.7601991844350432,fitted,604,0.01,wider
within_record,autocorrelation,2,steering,0.6313093753606012,fitted,604,0.01,wider
within_record,past_input,2,yaw,0.2958490921538132,fitted,604,0.01,wider
within_record,past_input,2,acceleration,0.04731066143082226,fitted,604,0.01,wider
within_record,past_input,2,steering,0.12723496537753645,fitted,604,0.01,wider
within_record,autocorrelation,3,yaw,0.7998684708274499,fitted,604,0.01,wider
within_record,autocorrelation,3,acceleration,0.7514414048902672,fitted,604,0.01,wider
within_record,autocorrelation,3,steering,0.6329770386805859,fitted,604,0.01,wider
within_record,past_input,3,yaw,0.2856184715877632,fitted,604,0.01,wider
within_record,past_input,3,acceleration,0.033604623368161154,fitted,604,0.01,wider
within_record,past_input,3,steering,0.0986947376340103,fitted,604,0.01,wider
within_record,autocorrelation,4,yaw,0.7889107457174688,fitted,604,0.01,wider
within_record,autocorrelation,4,acceleration,0.7381748127165458,fitted,604,0.01,wider
within_record,autocorrelation,4,steering,0.6257202374176677,fitted,604,0.01,wider
within_record,past_input,4,yaw,0.2716360746359395,fitted,604,0.01,wider
within_record,past_input,4,acceleration,0.01935488627204803,fitted,604,0.01,wider
within_record,past_input,4,steering,0.06895858269308999,fitted,604,0.01,wider
within_record,autocorrelation,5,yaw,0.7718477433939211,fitted,604,0.01,wider
within_record,autocorrelation,5,acceleration,0.7218471001571289,fitted,604,0.01,wider
within_record,autocorrelation,5,steering,0.6090162155101454,fitted,604,0.01,wider
within_record,past_input,5,yaw,0.25657744802275934,fitted,604,0.01,wider
within_record,past_input,5,acceleration,0.004000411926833018,fitted,604,0.01,wider
within_record,past_input,5,steering,0.03873549615213209,fitted,604,0.01,wider
within_record,autocorrelation,6,yaw,0.7574495805088127,fitted,604,0.01,wider
within_record,autocorrelation,6,acceleration,0.7101183148740762,fitted,604,0.01,wider
within_record,autocorrelation,6,steering,0.5980134327158017,fitted,604,0.01,wider
within_record,past_input,6,yaw,0.24039300763738905,fitted,604,0.01,wider
within_record,past_input,6,acceleration,-0.011694250127700385,fitted,604,0.01,wider
within_record,past_input,6,steering,0.007519599719478751,fitted,604,0.01,wider
within_record,autocorrelation,7,yaw,0.7424888659317068,fitted,604,0.01,wider
within_record,autocorrelation,7,acceleration,0.686634464684085,fitted,604,0.01,wider
within_record,autocorrelation,7,steering,0.5792595890914082,fitted,604,0.01,wider
within_record,past_input,7,yaw,0.22387607381614036,fitted,604,0.01,wider
within_record,past_input,7,acceleration,-0.02576979600325469,fitted,604,0.01,wider
within_record,past_input,7,steering,-0.023095756978896667,fitted,604,0.01,wider
within_record,autocorrelation,8,yaw,0.7204185241355308,fitted,604,0.01,wider
within_record,autocorrelation,8,acceleration,0.6664776307924605,fitted,604,0.01,wider
within_record,autocorrelation,8,steering,0.5659167183469612,fitted,604,0.01,wider
within_record,past_input,8,yaw,0.20623050054449515,fitted,604,0.01,wider
within_record,past_input,8,acceleration,-0.037947645865649665,fitted,604,0.01,wider
within_record,past_input,8,steering,-0.05118204746468536,fitted,604,0.01,wider
within_record,autocorrelation,9,yaw,0.6986397846616015,fitted,604,0.01,wider
within_record,autocorrelation,9,acceleration,0.6534073592409454,fitted,604,0.01,wider
within_record,autocorrelation,9,steering,0.5485385019524328,fitted,604,0.01,wider
within_record,past_input,9,yaw,0.1881520861806566,fitted,604,0.01,wider
within_record,past_input,9,acceleration,-0.04895834715947714,fitted,604,0.01,wider
within_record,past_input,9,steering,-0.0791315130619378,fitted,604,0.01,wider
within_record,autocorrelation,10,yaw,0.6889908818198394,fitted,604,0.01,wider
within_record,autocorrelation,10,acceleration,0.6200840735785703,fitted,604,0.01,wider
within_record,autocorrelation,10,steering,0.5241318993434553,fitted,604,0.01,wider
within_record,past_input,10,yaw,0.16932010749213525,fitted,604,0.01,wider
within_record,past_input,10,acceleration,-0.06010159127810021,fitted,604,0.01,wider
within_record,past_input,10,steering,-0.10783839180741098,fitted,604,0.01,wider
within_record,autocorrelation,11,yaw,0.6625762789326494,fitted,604,0.01,wider
within_record,autocorrelation,11,acceleration,0.603242489211195,fitted,604,0.01,wider
within_record,autocorrelation,11,steering,0.48608378946431774,fitted,604,0.01,wider
within_record,past_input,11,yaw,0.15135669537574578,fitted,604,0.01,wider
within_record,past_input,11,acceleration,-0.06874914471149068,fitted,604,0.01,wider
within_record,past_input,11,steering,-0.13483307496155686,fitted,604,0.01,wider
within_record,autocorrelation,12,yaw,0.6408728751389536,fitted,604,0.01,wider
within_record,autocorrelation,12,acceleration,0.5814197508519209,fitted,604,0.01,wider
within_record,autocorrelation,12,steering,0.46675828298608546,fitted,604,0.01,wider
within_record,past_input,12,yaw,0.13295140426107005,fitted,604,0.01,wider
within_record,past_input,12,acceleration,-0.07481747809297076,fitted,604,0.01,wider
within_record,past_input,12,steering,-0.16118069112305017,fitted,604,0.01,wider
within_record,autocorrelation,13,yaw,0.6177228614503039,fitted,604,0.01,wider
within_record,autocorrelation,13,acceleration,0.5511089946600829,fitted,604,0.01,wider
within_record,autocorrelation,13,steering,0.4341048540154246,fitted,604,0.01,wider
within_record,past_input,13,yaw,0.11573404827880651,fitted,604,0.01,wider
within_record,past_input,13,acceleration,-0.0804667328640255,fitted,604,0.01,wider
within_record,past_input,13,steering,-0.1888911809459906,fitted,604,0.01,wider
within_record,autocorrelation,14,yaw,0.5939046975682901,fitted,604,0.01,wider
within_record,autocorrelation,14,acceleration,0.525306339602866,fitted,604,0.01,wider
within_record,autocorrelation,14,steering,0.41537632549386283,fitted,604,0.01,wider
within_record,past_input,14,yaw,0.0991404284446928,fitted,604,0.01,wider
within_record,past_input,14,acceleration,-0.08634677946208347,fitted,604,0.01,wider
within_record,past_input,14,steering,-0.21522893294452367,fitted,604,0.01,wider
within_record,autocorrelation,15,yaw,0.5707128782301889,fitted,604,0.01,wider
within_record,autocorrelation,15,acceleration,0.5030465962244529,fitted,604,0.01,wider
within_record,autocorrelation,15,steering,0.39104371043766517,fitted,604,0.01,wider
within_record,past_input,15,yaw,0.08239260249320166,fitted,604,0.01,wider
within_record,past_input,15,acceleration,-0.09114017729887264,fitted,604,0.01,wider
within_record,past_input,15,steering,-0.2394264208128321,fitted,604,0.01,wider
within_record,autocorrelation,16,yaw,0.5514484850930902,fitted,604,0.01,wider
within_record,autocorrelation,16,acceleration,0.4705369878249786,fitted,604,0.01,wider
within_record,autocorrelation,16,steering,0.35279711057720137,fitted,604,0.01,wider
within_record,past_input,16,yaw,0.06807375632361987,fitted,604,0.01,wider
within_record,past_input,16,acceleration,-0.09431716204383166,fitted,604,0.01,wider
within_record,past_input,16,steering,-0.2644789615423975,fitted,604,0.01,wider
within_record,autocorrelation,17,yaw,0.526439620456451,fitted,604,0.01,wider
within_record,autocorrelation,17,acceleration,0.435447220788439,fitted,604,0.01,wider
within_record,autocorrelation,17,steering,0.31454287081597454,fitted,604,0.01,wider
within_record,past_input,17,yaw,0.05382684989363683,fitted,604,0.01,wider
within_record,past_input,17,acceleration,-0.09631880720186195,fitted,604,0.01,wider
within_record,past_input,17,steering,-0.28930273760550956,fitted,604,0.01,wider
within_record,autocorrelation,18,yaw,0.5004104347703483,fitted,604,0.01,wider
within_record,autocorrelation,18,acceleration,0.4061251259097643,fitted,604,0.01,wider
within_record,autocorrelation,18,steering,0.2862163740717914,fitted,604,0.01,wider
within_record,past_input,18,yaw,0.042083831358206016,fitted,604,0.01,wider
within_record,past_input,18,acceleration,-0.09789825042920391,fitted,604,0.01,wider
within_record,past_input,18,steering,-0.3124581947844261,fitted,604,0.01,wider
within_record,autocorrelation,19,yaw,0.4797460377712331,fitted,604,0.01,wider
within_record,autocorrelation,19,acceleration,0.37396366192092184,fitted,604,0.01,wider
within_record,autocorrelation,19,steering,0.25423141311303155,fitted,604,0.01,wider
within_record,past_input,19,yaw,0.03165306788429429,fitted,604,0.01,wider
within_record,past_input,19,acceleration,-0.09866261098451719,fitted,604,0.01,wider
within_record,past_input,19,steering,-0.3349393275800746,fitted,604,0.01,wider
within_record,autocorrelation,20,yaw,0.45518633707450973,fitted,604,0.01,wider
within_record,autocorrelation,20,acceleration,0.3475518911719756,fitted,604,0.01,wider
within_record,autocorrelation,20,steering,0.22095734050256352,fitted,604,0.01,wider
within_record,past_input,20,yaw,0.022187036395820148,fitted,604,0.01,wider
within_record,past_input,20,acceleration,-0.09953848111599303,fitted,604,0.01,wider
within_record,past_input,20,steering,-0.3553405575540579,fitted,604,0.01,wider
pooled,autocorrelation,1,yaw,0.9022093085161799,nominal,604,0.01,widest
pooled,autocorrelation,1,acceleration,0.7592912863218212,nominal,604,0.01,widest
pooled,autocorrelation,1,steering,0.6080802679851899,nominal,604,0.01,widest
pooled,past_input,1,yaw,0.42477411581233504,nominal,604,0.01,widest
pooled,past_input,1,acceleration,0.3116593493454147,nominal,604,0.01,widest
pooled,past_input,1,steering,-0.12929617208656513,nominal,604,0.01,widest
pooled,autocorrelation,2,yaw,0.899397046019968,nominal,604,0.01,widest
pooled,autocorrelation,2,acceleration,0.7549185334572327,nominal,604,0.01,widest
pooled,autocorrelation,2,steering,0.6097347340961842,nominal,604,0.01,widest
pooled,past_input,2,yaw,0.42205108834834554,nominal,604,0.01,widest
pooled,past_input,2,acceleration,0.30326576800138844,nominal,604,0.01,widest
pooled,past_input,2,steering,-0.1499971818112609,nominal,604,0.01,widest
pooled,autocorrelation,3,yaw,0.8916785922509501,nominal,604,0.01,widest
pooled,autocorrelation,3,acceleration,0.7504033487072016,nominal,604,0.01,widest
pooled,autocorrelation,3,steering,0.6137389605008366,nominal,604,0.01,widest
pooled,past_input,3,yaw,0.4184495146670058,nominal,604,0.01,widest
pooled,past_input,3,acceleration,0.29339472931354504,nominal,604,0.01,widest
pooled,past_input,3,steering,-0.1706218539017988,nominal,604,0.01,widest
pooled,autocorrelation,4,yaw,0.88429744487337,nominal,604,0.01,widest
pooled,autocorrelation,4,acceleration,0.742345841159625,nominal,604,0.01,widest
pooled,autocorrelation,4,steering,0.6087544181091701,nominal,604,0.01,widest
pooled,past_input,4,yaw,0.4123004271823327,nominal,604,0.01,widest
pooled,past_input,4,acceleration,0.2826518309738495,nominal,604,0.01,widest
pooled,past_input,4,steering,-0.19182228755261088,nominal,604,0.01,widest
pooled,autocorrelation,5,yaw,0.8731813991012246,nominal,604,0.01,widest
pooled,autocorrelation,5,acceleration,0.7321205376068004,nominal,604,0.01,widest
pooled,autocorrelation,5,steering,0.593974296918251,nominal,604,0.01,widest
pooled,past_input,5,yaw,0.4052213575484272,nominal,604,0.01,widest
pooled,past_input,5,acceleration,0.2703812924476518,nominal,604,0.01,widest
pooled,past_input,5,steering,-0.21282326333481463,nominal,604,0.01,widest
pooled,autocorrelation,6,yaw,0.8629609675086098,nominal,604,0.01,widest
pooled,autocorrelation,6,acceleration,0.7270555885264849,nominal,604,0.01,widest
pooled,autocorrelation,6,steering,0.5861258081218175,nominal,604,0.01,widest
pooled,past_input,6,yaw,0.39706922838856296,nominal,604,0.01,widest
pooled,past_input,6,acceleration,0.25684266836478625,nominal,604,0.01,widest
pooled,past_input,6,steering,-0.2333264201859678,nominal,604,0.01,widest
pooled,autocorrelation,7,yaw,0.8519857136345135,nominal,604,0.01,widest
pooled,autocorrelation,7,acceleration,0.7104030629554353,nominal,604,0.01,widest
pooled,autocorrelation,7,steering,0.5700772697062375,nominal,604,0.01,widest
pooled,past_input,7,yaw,0.3883598909552065,nominal,604,0.01,widest
pooled,past_input,7,acceleration,0.24341660389983974,nominal,604,0.01,widest
pooled,past_input,7,steering,-0.25243081990647237,nominal,604,0.01,widest
pooled,autocorrelation,8,yaw,0.8365768853764126,nominal,604,0.01,widest
pooled,autocorrelation,8,acceleration,0.6975347919111018,nominal,604,0.01,widest
pooled,autocorrelation,8,steering,0.5608456893273266,nominal,604,0.01,widest
pooled,past_input,8,yaw,0.37852435955021335,nominal,604,0.01,widest
pooled,past_input,8,acceleration,0.22975405321803222,nominal,604,0.01,widest
pooled,past_input,8,steering,-0.26836640141421003,nominal,604,0.01,widest
pooled,autocorrelation,9,yaw,0.8209562637972504,nominal,604,0.01,widest
pooled,autocorrelation,9,acceleration,0.6920905409410127,nominal,604,0.01,widest
pooled,autocorrelation,9,steering,0.547640074807592,nominal,604,0.01,widest
pooled,past_input,9,yaw,0.36812208997821033,nominal,604,0.01,widest
pooled,past_input,9,acceleration,0.2157030069376781,nominal,604,0.01,widest
pooled,past_input,9,steering,-0.28410668818718776,nominal,604,0.01,widest
pooled,autocorrelation,10,yaw,0.8109631705065692,nominal,604,0.01,widest
pooled,autocorrelation,10,acceleration,0.666087545497602,nominal,604,0.01,widest
pooled,autocorrelation,10,steering,0.5276886310900204,nominal,604,0.01,widest
pooled,past_input,10,yaw,0.3565850553752514,nominal,604,0.01,widest
pooled,past_input,10,acceleration,0.2004792913930874,nominal,604,0.01,widest
pooled,past_input,10,steering,-0.2998526418408979,nominal,604,0.01,widest
pooled,autocorrelation,11,yaw,0.7919489230419954,nominal,604,0.01,widest
pooled,autocorrelation,11,acceleration,0.6569217979855977,nominal,604,0.01,widest
pooled,autocorrelation,11,steering,0.49380465820451386,nominal,604,0.01,widest
pooled,past_input,11,yaw,0.3449159185272104,nominal,604,0.01,widest
pooled,past_input,11,acceleration,0.18570888333933686,nominal,604,0.01,widest
pooled,past_input,11,steering,-0.31400982094082575,nominal,604,0.01,widest
pooled,autocorrelation,12,yaw,0.7746543660587152,nominal,604,0.01,widest
pooled,autocorrelation,12,acceleration,0.6419248446965877,nominal,604,0.01,widest
pooled,autocorrelation,12,steering,0.4804815585482235,nominal,604,0.01,widest
pooled,past_input,12,yaw,0.3323499194777841,nominal,604,0.01,widest
pooled,past_input,12,acceleration,0.17162870548499273,nominal,604,0.01,widest
pooled,past_input,12,steering,-0.32683051935659585,nominal,604,0.01,widest
pooled,autocorrelation,13,yaw,0.7559830787871289,nominal,604,0.01,widest
pooled,autocorrelation,13,acceleration,0.6179642922998265,nominal,604,0.01,widest
pooled,autocorrelation,13,steering,0.4535803161920427,nominal,604,0.01,widest
pooled,past_input,13,yaw,0.3194618758952881,nominal,604,0.01,widest
pooled,past_input,13,acceleration,0.15684027744613815,nominal,604,0.01,widest
pooled,past_input,13,steering,-0.34027698014400426,nominal,604,0.01,widest
pooled,autocorrelation,14,yaw,0.7362487518860554,nominal,604,0.01,widest
pooled,autocorrelation,14,acceleration,0.5991636068498013,nominal,604,0.01,widest
pooled,autocorrelation,14,steering,0.4413449980885061,nominal,604,0.01,widest
pooled,past_input,14,yaw,0.3062165445966899,nominal,604,0.01,widest
pooled,past_input,14,acceleration,0.14040917844471537,nominal,604,0.01,widest
pooled,past_input,14,steering,-0.3525988922566716,nominal,604,0.01,widest
pooled,autocorrelation,15,yaw,0.7160819139964368,nominal,604,0.01,widest
pooled,autocorrelation,15,acceleration,0.5838899977827273,nominal,604,0.01,widest
pooled,autocorrelation,15,steering,0.4242192192239133,nominal,604,0.01,widest
pooled,past_input,15,yaw,0.2917569722157971,nominal,604,0.01,widest
pooled,past_input,15,acceleration,0.12437805036247353,nominal,604,0.01,widest
pooled,past_input,15,steering,-0.36269836347987566,nominal,604,0.01,widest
pooled,autocorrelation,16,yaw,0.6971911091199003,nominal,604,0.01,widest
pooled,autocorrelation,16,acceleration,0.5574352672016895,nominal,604,0.01,widest
pooled,autocorrelation,16,steering,0.3930290061107104,nominal,604,0.01,widest
pooled,past_input,16,yaw,0.27785340652522333,nominal,604,0.01,widest
pooled,past_input,16,acceleration,0.10854446132256639,nominal,604,0.01,widest
pooled,past_input,16,steering,-0.37290805565216256,nominal,604,0.01,widest
pooled,autocorrelation,17,yaw,0.6749160731279914,nominal,604,0.01,widest
pooled,autocorrelation,17,acceleration,0.5287513775247532,nominal,604,0.01,widest
pooled,autocorrelation,17,steering,0.3622696400977411,nominal,604,0.01,widest
pooled,past_input,17,yaw,0.2634117035883324,nominal,604,0.01,widest
pooled,past_input,17,acceleration,0.09296800791564624,nominal,604,0.01,widest
pooled,past_input,17,steering,-0.38272136245629057,nominal,604,0.01,widest
pooled,autocorrelation,18,yaw,0.6514372066660103,nominal,604,0.01,widest
pooled,autocorrelation,18,acceleration,0.5050529147868068,nominal,604,0.01,widest
pooled,autocorrelation,18,steering,0.34204133940064974,nominal,604,0.01,widest
pooled,past_input,18,yaw,0.2493526613303881,nominal,604,0.01,widest
pooled,past_input,18,acceleration,0.07674122984067562,nominal,604,0.01,widest
pooled,past_input,18,steering,-0.390788230635651,nominal,604,0.01,widest
pooled,autocorrelation,19,yaw,0.6300017601838778,nominal,604,0.01,widest
pooled,autocorrelation,19,acceleration,0.4799557647946208,nominal,604,0.01,widest
pooled,autocorrelation,19,steering,0.31832421835940156,nominal,604,0.01,widest
pooled,past_input,19,yaw,0.2355828300890152,nominal,604,0.01,widest
pooled,past_input,19,acceleration,0.06118908847141547,nominal,604,0.01,widest
pooled,past_input,19,steering,-0.39783816765777386,nominal,604,0.01,widest
pooled,autocorrelation,20,yaw,0.6060080590285699,nominal,604,0.01,widest
pooled,autocorrelation,20,acceleration,0.4596606768958479,nominal,604,0.01,widest
pooled,autocorrelation,20,steering,0.29323642215126255,nominal,604,0.01,widest
pooled,past_input,20,yaw,0.22166804980691046,nominal,604,0.01,widest
pooled,past_input,20,acceleration,0.04491049371381512,nominal,604,0.01,widest
pooled,past_input,20,steering,-0.4037387374369818,nominal,604,0.01,widest
within_record,autocorrelation,1,yaw,0.886487697572423,nominal,604,0.01,widest
within_record,autocorrelation,1,acceleration,0.7461506150090086,nominal,604,0.01,widest
within_record,autocorrelation,1,steering,0.5917937307941685,nominal,604,0.01,widest
within_record,past_input,1,yaw,0.4550498070139137,nominal,604,0.01,widest
within_record,past_input,1,acceleration,0.3448810306793984,nominal,604,0.01,widest
within_record,past_input,1,steering,-0.11105097571164355,nominal,604,0.01,widest
within_record,autocorrelation,2,yaw,0.8830502528088287,nominal,604,0.01,widest
within_record,autocorrelation,2,acceleration,0.7414190721747282,nominal,604,0.01,widest
within_record,autocorrelation,2,steering,0.5933007797619654,nominal,604,0.01,widest
within_record,past_input,2,yaw,0.4513666086031027,nominal,604,0.01,widest
within_record,past_input,2,acceleration,0.33592178471471035,nominal,604,0.01,widest
within_record,past_input,2,steering,-0.13330723526280383,nominal,604,0.01,widest
within_record,autocorrelation,3,yaw,0.8739122843983891,nominal,604,0.01,widest
within_record,autocorrelation,3,acceleration,0.7365381945283739,nominal,604,0.01,widest
within_record,autocorrelation,3,steering,0.5972621292344826,nominal,604,0.01,widest
within_record,past_input,3,yaw,0.4467503436091971,nominal,604,0.01,widest
within_record,past_input,3,acceleration,0.3248647322545545,nominal,604,0.01,widest
within_record,past_input,3,steering,-0.1555905360090209,nominal,604,0.01,widest
within_record,autocorrelation,4,yaw,0.8651345490260185,nominal,604,0.01,widest
within_record,autocorrelation,4,acceleration,0.7279198398690516,nominal,604,0.01,widest
within_record,autocorrelation,4,steering,0.5916734083203935,nominal,604,0.01,widest
within_record,past_input,4,yaw,0.4388427680627116,nominal,604,0.01,widest
within_record,past_input,4,acceleration,0.31297112560264023,nominal,604,0.01,widest
within_record,past_input,4,steering,-0.17832732444679836,nominal,604,0.01,widest
within_record,autocorrelation,5,yaw,0.8519216613079501,nominal,604,0.01,widest
within_record,autocorrelation,5,acceleration,0.7170219741403462,nominal,604,0.01,widest
within_record,autocorrelation,5,steering,0.575910630753868,nominal,604,0.01,widest
within_record,past_input,5,yaw,0.42995263572998593,nominal,604,0.01,widest
within_record,past_input,5,acceleration,0.29911802211540844,nominal,604,0.01,widest
within_record,past_input,5,steering,-0.2005178048649323,nominal,604,0.01,widest
within_record,autocorrelation,6,yaw,0.8397094665502902,nominal,604,0.01,widest
within_record,autocorrelation,6,acceleration,0.7114881353527155,nominal,604,0.01,widest
within_record,autocorrelation,6,steering,0.5673326478087247,nominal,604,0.01,widest
within_record,past_input,6,yaw,0.41985570627327956,nominal,604,0.01,widest
within_record,past_input,6,acceleration,0.28370986156790606,nominal,604,0.01,widest
within_record,past_input,6,steering,-0.22289291282673654,nominal,604,0.01,widest
within_record,autocorrelation,7,yaw,0.8265219908627958,nominal,604,0.01,widest
within_record,autocorrelation,7,acceleration,0.6936792819299655,nominal,604,0.01,widest
within_record,autocorrelation,7,steering,0.5504519286818089,nominal,604,0.01,widest
within_record,past_input,7,yaw,0.4092796905736534,nominal,604,0.01,widest
within_record,past_input,7,acceleration,0.2688800104883664,nominal,604,0.01,widest
within_record,past_input,7,steering,-0.24363245917450851,nominal,604,0.01,widest
within_record,autocorrelation,8,yaw,0.808082339858659,nominal,604,0.01,widest
within_record,autocorrelation,8,acceleration,0.6799156331766819,nominal,604,0.01,widest
within_record,autocorrelation,8,steering,0.5405668780001014,nominal,604,0.01,widest
within_record,past_input,8,yaw,0.39736681269063623,nominal,604,0.01,widest
within_record,past_input,8,acceleration,0.25384728541730006,nominal,604,0.01,widest
within_record,past_input,8,steering,-0.2607505178238432,nominal,604,0.01,widest
within_record,autocorrelation,9,yaw,0.7893892031143653,nominal,604,0.01,widest
within_record,autocorrelation,9,acceleration,0.6741435364334589,nominal,604,0.01,widest
within_record,autocorrelation,9,steering,0.5266054832178177,nominal,604,0.01,widest
within_record,past_input,9,yaw,0.3846991497544041,nominal,604,0.01,widest
within_record,past_input,9,acceleration,0.23810000868486833,nominal,604,0.01,widest
within_record,past_input,9,steering,-0.2773169106409341,nominal,604,0.01,widest
within_record,autocorrelation,10,yaw,0.7772604711249747,nominal,604,0.01,widest
within_record,autocorrelation,10,acceleration,0.6464479732763168,nominal,604,0.01,widest
within_record,autocorrelation,10,steering,0.505474172349222,nominal,604,0.01,widest
within_record,past_input,10,yaw,0.3707471383318215,nominal,604,0.01,widest
within_record,past_input,10,acceleration,0.22070242412735933,nominal,604,0.01,widest
within_record,past_input,10,steering,-0.2939831791488211,nominal,604,0.01,widest
within_record,autocorrelation,11,yaw,0.7544117752537557,nominal,604,0.01,widest
within_record,autocorrelation,11,acceleration,0.6366268750464203,nominal,604,0.01,widest
within_record,autocorrelation,11,steering,0.4697031159260641,nominal,604,0.01,widest
within_record,past_input,11,yaw,0.3567141079902566,nominal,604,0.01,widest
within_record,past_input,11,acceleration,0.20412332029260974,nominal,604,0.01,widest
within_record,past_input,11,steering,-0.30855953670029745,nominal,604,0.01,widest
within_record,autocorrelation,12,yaw,0.7335918064456355,nominal,604,0.01,widest
within_record,autocorrelation,12,acceleration,0.6206475524243382,nominal,604,0.01,widest
within_record,autocorrelation,12,steering,0.45545675454216134,nominal,604,0.01,widest
within_record,past_input,12,yaw,0.3414474783296256,nominal,604,0.01,widest
within_record,past_input,12,acceleration,0.1888299561902334,nominal,604,0.01,widest
within_record,past_input,12,steering,-0.3222859894135612,nominal,604,0.01,widest
within_record,autocorrelation,13,yaw,0.7110312335987061,nominal,604,0.01,widest
within_record,autocorrelation,13,acceleration,0.5951245747399431,nominal,604,0.01,widest
within_record,autocorrelation,13,steering,0.42708585260920695,nominal,604,0.01,widest
within_record,past_input,13,yaw,0.3260833964638135,nominal,604,0.01,widest
within_record,past_input,13,acceleration,0.17236963037665343,nominal,604,0.01,widest
within_record,past_input,13,steering,-0.336639412342657,nominal,604,0.01,widest
within_record,autocorrelation,14,yaw,0.6871525156994727,nominal,604,0.01,widest
within_record,autocorrelation,14,acceleration,0.5753008964987344,nominal,604,0.01,widest
within_record,autocorrelation,14,steering,0.41408555885922643,nominal,604,0.01,widest
within_record,past_input,14,yaw,0.31000395136403736,nominal,604,0.01,widest
within_record,past_input,14,acceleration,0.15418340008063772,nominal,604,0.01,widest
within_record,past_input,14,steering,-0.34942939815000534,nominal,604,0.01,widest
within_record,autocorrelation,15,yaw,0.662851906663856,nominal,604,0.01,widest
within_record,autocorrelation,15,acceleration,0.5590532998244448,nominal,604,0.01,widest
within_record,autocorrelation,15,steering,0.39594411803413304,nominal,604,0.01,widest
within_record,past_input,15,yaw,0.29263143673544306,nominal,604,0.01,widest
within_record,past_input,15,acceleration,0.13596718442275982,nominal,604,0.01,widest
within_record,past_input,15,steering,-0.35967563980242495,nominal,604,0.01,widest
within_record,autocorrelation,16,yaw,0.6399454120876477,nominal,604,0.01,widest
within_record,autocorrelation,16,acceleration,0.5310089939615028,nominal,604,0.01,widest
within_record,autocorrelation,16,steering,0.362982287899693,nominal,604,0.01,widest
within_record,past_input,16,yaw,0.2759436645943168,nominal,604,0.01,widest
within_record,past_input,16,acceleration,0.11840805701627821,nominal,604,0.01,widest
within_record,past_input,16,steering,-0.37060672533765054,nominal,604,0.01,widest
within_record,autocorrelation,17,yaw,0.6128955703280081,nominal,604,0.01,widest
within_record,autocorrelation,17,acceleration,0.50052328572362,nominal,604,0.01,widest
within_record,autocorrelation,17,steering,0.33039423453914896,nominal,604,0.01,widest
within_record,past_input,17,yaw,0.25831151375430583,nominal,604,0.01,widest
within_record,past_input,17,acceleration,0.10100758328117686,nominal,604,0.01,widest
within_record,past_input,17,steering,-0.38098931415213483,nominal,604,0.01,widest
within_record,autocorrelation,18,yaw,0.5845374691986194,nominal,604,0.01,widest
within_record,autocorrelation,18,acceleration,0.4755055968035516,nominal,604,0.01,widest
within_record,autocorrelation,18,steering,0.3090662672384882,nominal,604,0.01,widest
within_record,past_input,18,yaw,0.24160769832037307,nominal,604,0.01,widest
within_record,past_input,18,acceleration,0.08342065929907687,nominal,604,0.01,widest
within_record,past_input,18,steering,-0.38951956972585117,nominal,604,0.01,widest
within_record,autocorrelation,19,yaw,0.5586938213992434,nominal,604,0.01,widest
within_record,autocorrelation,19,acceleration,0.448779473924785,nominal,604,0.01,widest
within_record,autocorrelation,19,steering,0.283954990586737,nominal,604,0.01,widest
within_record,past_input,19,yaw,0.22497635727482015,nominal,604,0.01,widest
within_record,past_input,19,acceleration,0.06593223939738155,nominal,604,0.01,widest
within_record,past_input,19,steering,-0.3973136836631559,nominal,604,0.01,widest
within_record,autocorrelation,20,yaw,0.5296356508638864,nominal,604,0.01,widest
within_record,autocorrelation,20,acceleration,0.42731588755879113,nominal,604,0.01,widest
within_record,autocorrelation,20,steering,0.25743235464593806,nominal,604,0.01,widest
within_record,past_input,20,yaw,0.2082792692787594,nominal,604,0.01,widest
within_record,past_input,20,acceleration,0.04771463981936304,nominal,604,0.01,widest
within_record,past_input,20,steering,-0.4028952853052411,nominal,604,0.01,widest
pooled,autocorrelation,1,yaw,0.7345403017108626,fitted,604,0.01,widest
pooled,autocorrelation,1,acceleration,0.8149124955713793,fitted,604,0.01,widest
pooled,autocorrelation,1,steering,0.6091868045342118,fitted,604,0.01,widest
pooled,past_input,1,yaw,0.2534597800643408,fitted,604,0.01,widest
pooled,past_input,1,acceleration,-0.02105151107390805,fitted,604,0.01,widest
pooled,past_input,1,steering,0.1451946017898859,fitted,604,0.01,widest
pooled,autocorrelation,2,yaw,0.7340432784368984,fitted,604,0.01,widest
pooled,autocorrelation,2,acceleration,0.8070804020970013,fitted,604,0.01,widest
pooled,autocorrelation,2,steering,0.609585160516046,fitted,604,0.01,widest
pooled,past_input,2,yaw,0.24613504919429433,fitted,604,0.01,widest
pooled,past_input,2,acceleration,-0.036192043871662034,fitted,604,0.01,widest
pooled,past_input,2,steering,0.12140518141874268,fitted,604,0.01,widest
pooled,autocorrelation,3,yaw,0.7238938205447729,fitted,604,0.01,widest
pooled,autocorrelation,3,acceleration,0.7969394207463507,fitted,604,0.01,widest
pooled,autocorrelation,3,steering,0.6121213592041331,fitted,604,0.01,widest
pooled,past_input,3,yaw,0.23809967544207805,fitted,604,0.01,widest
pooled,past_input,3,acceleration,-0.052394324389015805,fitted,604,0.01,widest
pooled,past_input,3,steering,0.09668617661711561,fitted,604,0.01,widest
pooled,autocorrelation,4,yaw,0.7182012958704749,fitted,604,0.01,widest
pooled,autocorrelation,4,acceleration,0.7822882061797962,fitted,604,0.01,widest
pooled,autocorrelation,4,steering,0.6055200064141398,fitted,604,0.01,widest
pooled,past_input,4,yaw,0.22677114468557236,fitted,604,0.01,widest
pooled,past_input,4,acceleration,-0.0692193501066792,fitted,604,0.01,widest
pooled,past_input,4,steering,0.07061232806076989,fitted,604,0.01,widest
pooled,autocorrelation,5,yaw,0.7047554476052805,fitted,604,0.01,widest
pooled,autocorrelation,5,acceleration,0.7642816167406808,fitted,604,0.01,widest
pooled,autocorrelation,5,steering,0.5892346389902495,fitted,604,0.01,widest
pooled,past_input,5,yaw,0.21472630854423422,fitted,604,0.01,widest
pooled,past_input,5,acceleration,-0.08683159480862025,fitted,604,0.01,widest
pooled,past_input,5,steering,0.04381027114139603,fitted,604,0.01,widest
pooled,autocorrelation,6,yaw,0.6961077561323386,fitted,604,0.01,widest
pooled,autocorrelation,6,acceleration,0.7490842604567162,fitted,604,0.01,widest
pooled,autocorrelation,6,steering,0.5792133397259007,fitted,604,0.01,widest
pooled,past_input,6,yaw,0.20179723684932696,fitted,604,0.01,widest
pooled,past_input,6,acceleration,-0.10448952849792646,fitted,604,0.01,widest
pooled,past_input,6,steering,0.01659149098148817,fitted,604,0.01,widest
pooled,autocorrelation,7,yaw,0.6870032240064696,fitted,604,0.01,widest
pooled,autocorrelation,7,acceleration,0.7238139051884128,fitted,604,0.01,widest
pooled,autocorrelation,7,steering,0.5610343166076589,fitted,604,0.01,widest
pooled,past_input,7,yaw,0.18873489973319324,fitted,604,0.01,widest
pooled,past_input,7,acceleration,-0.12098265159059224,fitted,604,0.01,widest
pooled,past_input,7,steering,-0.010247661815138741,fitted,604,0.01,widest
pooled,autocorrelation,8,yaw,0.6684053685494205,fitted,604,0.01,widest
pooled,autocorrelation,8,acceleration,0.7001932830124259,fitted,604,0.01,widest
pooled,autocorrelation,8,steering,0.5486794504953513,fitted,604,0.01,widest
pooled,past_input,8,yaw,0.1749446736588859,fitted,604,0.01,widest
pooled,past_input,8,acceleration,-0.13560050856440173,fitted,604,0.01,widest
pooled,past_input,8,steering,-0.03500398469676806,fitted,604,0.01,widest
pooled,autocorrelation,9,yaw,0.6502462560733693,fitted,604,0.01,widest
pooled,autocorrelation,9,acceleration,0.6813014374078832,fitted,604,0.01,widest
pooled,autocorrelation,9,steering,0.5321198652086863,fitted,604,0.01,widest
pooled,past_input,9,yaw,0.16123016492437017,fitted,604,0.01,widest
pooled,past_input,9,acceleration,-0.14874214412490894,fitted,604,0.01,widest
pooled,past_input,9,steering,-0.06009140224342094,fitted,604,0.01,widest
pooled,autocorrelation,10,yaw,0.6503114958340772,fitted,604,0.01,widest
pooled,autocorrelation,10,acceleration,0.645978485625765,fitted,604,0.01,widest
pooled,autocorrelation,10,steering,0.5080723395336941,fitted,604,0.01,widest
pooled,past_input,10,yaw,0.14717088081995428,fitted,604,0.01,widest
pooled,past_input,10,acceleration,-0.16127005107494194,fitted,604,0.01,widest
pooled,past_input,10,steering,-0.08600677324782702,fitted,604,0.01,widest
pooled,autocorrelation,11,yaw,0.6270507360369582,fitted,604,0.01,widest
pooled,autocorrelation,11,acceleration,0.6231223592019602,fitted,604,0.01,widest
pooled,autocorrelation,11,steering,0.4695782398247093,fitted,604,0.01,widest
pooled,past_input,11,yaw,0.13444732078988766,fitted,604,0.01,widest
pooled,past_input,11,acceleration,-0.17156909891284564,fitted,604,0.01,widest
pooled,past_input,11,steering,-0.11076573509074682,fitted,604,0.01,widest
pooled,autocorrelation,12,yaw,0.611105836897484,fitted,604,0.01,widest
pooled,autocorrelation,12,acceleration,0.5960354242809998,fitted,604,0.01,widest
pooled,autocorrelation,12,steering,0.4508270137238718,fitted,604,0.01,widest
pooled,past_input,12,yaw,0.12180339154173414,fitted,604,0.01,widest
pooled,past_input,12,acceleration,-0.17971466439896217,fitted,604,0.01,widest
pooled,past_input,12,steering,-0.13443913758040474,fitted,604,0.01,widest
pooled,autocorrelation,13,yaw,0.5940563530051612,fitted,604,0.01,widest
pooled,autocorrelation,13,acceleration,0.5620140931130829,fitted,604,0.01,widest
pooled,autocorrelation,13,steering,0.4178475115062312,fitted,604,0.01,widest
pooled,past_input,13,yaw,0.11043088792819909,fitted,604,0.01,widest
pooled,past_input,13,acceleration,-0.18666791755220935,fitted,604,0.01,widest
pooled,past_input,13,steering,-0.1596680403289589,fitted,604,0.01,widest
pooled,autocorrelation,14,yaw,0.5772676279865391,fitted,604,0.01,widest
pooled,autocorrelation,14,acceleration,0.5310750776735234,fitted,604,0.01,widest
pooled,autocorrelation,14,steering,0.39974704729391664,fitted,604,0.01,widest
pooled,past_input,14,yaw,0.10038612322127209,fitted,604,0.01,widest
pooled,past_input,14,acceleration,-0.19340002384880534,fitted,604,0.01,widest
pooled,past_input,14,steering,-0.18400099080908588,fitted,604,0.01,widest
pooled,autocorrelation,15,yaw,0.5610896429140468,fitted,604,0.01,widest
pooled,autocorrelation,15,acceleration,0.5028110369641111,fitted,604,0.01,widest
pooled,autocorrelation,15,steering,0.3756137632774784,fitted,604,0.01,widest
pooled,past_input,15,yaw,0.09002651762985324,fitted,604,0.01,widest
pooled,past_input,15,acceleration,-0.19833624806154931,fitted,604,0.01,widest
pooled,past_input,15,steering,-0.206529169092117,fitted,604,0.01,widest
pooled,autocorrelation,16,yaw,0.5515741031184622,fitted,604,0.01,widest
pooled,autocorrelation,16,acceleration,0.46639444285694953,fitted,604,0.01,widest
pooled,autocorrelation,16,steering,0.3368010798966083,fitted,604,0.01,widest
pooled,past_input,16,yaw,0.08224656480437277,fitted,604,0.01,widest
pooled,past_input,16,acceleration,-0.20181836917624182,fitted,604,0.01,widest
pooled,past_input,16,steering,-0.22952150861480286,fitted,604,0.01,widest
pooled,autocorrelation,17,yaw,0.5340110451744225,fitted,604,0.01,widest
pooled,autocorrelation,17,acceleration,0.42783970515376235,fitted,604,0.01,widest
pooled,autocorrelation,17,steering,0.2981007834090965,fitted,604,0.01,widest
pooled,past_input,17,yaw,0.07490076835164118,fitted,604,0.01,widest
pooled,past_input,17,acceleration,-0.2036555469088957,fitted,604,0.01,widest
pooled,past_input,17,steering,-0.25254893426675995,fitted,604,0.01,widest
pooled,autocorrelation,18,yaw,0.5147518628222284,fitted,604,0.01,widest
pooled,autocorrelation,18,acceleration,0.3937816125345253,fitted,604,0.01,widest
pooled,autocorrelation,18,steering,0.26958145144985685,fitted,604,0.01,widest
pooled,past_input,18,yaw,0.06935566683170705,fitted,604,0.01,widest
pooled,past_input,18,acceleration,-0.2051622198768418,fitted,604,0.01,widest
pooled,past_input,18,steering,-0.27393604958405426,fitted,604,0.01,widest
pooled,autocorrelation,19,yaw,0.503196654279365,fitted,604,0.01,widest
pooled,autocorrelation,19,acceleration,0.3573373082635617,fitted,604,0.01,widest
pooled,autocorrelation,19,steering,0.23753145071551734,fitted,604,0.01,widest
pooled,past_input,19,yaw,0.06529510238352458,fitted,604,0.01,widest
pooled,past_input,19,acceleration,-0.2049353118999829,fitted,604,0.01,widest
pooled,past_input,19,steering,-0.2944326229963669,fitted,604,0.01,widest
pooled,autocorrelation,20,yaw,0.48628287786354085,fitted,604,0.01,widest
pooled,autocorrelation,20,acceleration,0.32531492800198625,fitted,604,0.01,widest
pooled,autocorrelation,20,steering,0.20406667906484338,fitted,604,0.01,widest
pooled,past_input,20,yaw,0.06185132721346073,fitted,604,0.01,widest
pooled,past_input,20,acceleration,-0.2043698150446167,fitted,604,0.01,widest
pooled,past_input,20,steering,-0.3139219300547109,fitted,604,0.01,widest
within_record,autocorrelation,1,yaw,0.6936239712864777,fitted,604,0.01,widest
within_record,autocorrelation,1,acceleration,0.8115879411703112,fitted,604,0.01,widest
within_record,autocorrelation,1,steering,0.6055153165324789,fitted,604,0.01,widest
within_record,past_input,1,yaw,0.2519210986337646,fitted,604,0.01,widest
within_record,past_input,1,acceleration,-0.0071643269306266195,fitted,604,0.01,widest
within_record,past_input,1,steering,0.1688292123490896,fitted,604,0.01,widest
within_record,autocorrelation,2,yaw,0.6926204767510361,fitted,604,0.01,widest
within_record,autocorrelation,2,acceleration,0.8035859623776267,fitted,604,0.01,widest
within_record,autocorrelation,2,steering,0.6058640455249342,fitted,604,0.01,widest
within_record,past_input,2,yaw,0.24270703178798253,fitted,604,0.01,widest
within_record,past_input,2,acceleration,-0.02317267299722463,fitted,604,0.01,widest
within_record,past_input,2,steering,0.1432600255293274,fitted,604,0.01,widest
within_record,autocorrelation,3,yaw,0.6805217950854279,fitted,604,0.01,widest
within_record,autocorrelation,3,acceleration,0.7932429962659988,fitted,604,0.01,widest
within_record,autocorrelation,3,steering,0.6083524505810181,fitted,604,0.01,widest
within_record,past_input,3,yaw,0.23282622473152795,fitted,604,0.01,widest
within_record,past_input,3,acceleration,-0.04075677717578054,fitted,604,0.01,widest
within_record,past_input,3,steering,0.11655424461229508,fitted,604,0.01,widest
within_record,autocorrelation,4,yaw,0.6734174712571601,fitted,604,0.01,widest
within_record,autocorrelation,4,acceleration,0.7782946232706002,fitted,604,0.01,widest
within_record,autocorrelation,4,steering,0.6015479228754889,fitted,604,0.01,widest
within_record,past_input,4,yaw,0.2185815404456744,fitted,604,0.01,widest
within_record,past_input,4,acceleration,-0.058939833915952054,fitted,604,0.01,widest
within_record,past_input,4,steering,0.0886469164127156,fitted,604,0.01,widest
within_record,autocorrelation,5,yaw,0.6571004954750033,fitted,604,0.01,widest
within_record,autocorrelation,5,acceleration,0.759939331377214,fitted,604,0.01,widest
within_record,autocorrelation,5,steering,0.5849660121825937,fitted,604,0.01,widest
within_record,past_input,5,yaw,0.20340900891036276,fitted,604,0.01,widest
within_record,past_input,5,acceleration,-0.07813932937173042,fitted,604,0.01,widest
within_record,past_input,5,steering,0.06020917124038097,fitted,604,0.01,widest
within_record,autocorrelation,6,yaw,0.6462642597127539,fitted,604,0.01,widest
within_record,autocorrelation,6,acceleration,0.7444715600192431,fitted,604,0.01,widest
within_record,autocorrelation,6,steering,0.5747394320022112,fitted,604,0.01,widest
within_record,past_input,6,yaw,0.18731211173745987,fitted,604,0.01,widest
within_record,past_input,6,acceleration,-0.09752831621493147,fitted,604,0.01,widest
within_record,past_input,6,steering,0.0306538790519684,fitted,604,0.01,widest
within_record,autocorrelation,7,yaw,0.6347236520400233,fitted,604,0.01,widest
within_record,autocorrelation,7,acceleration,0.718705930947009,fitted,604,0.01,widest
within_record,autocorrelation,7,steering,0.5563211659106728,fitted,604,0.01,widest
within_record,past_input,7,yaw,0.17121273738281384,fitted,604,0.01,widest
within_record,past_input,7,acceleration,-0.11530524334114405,fitted,604,0.01,widest
within_record,past_input,7,steering,0.0015817047023786858,fitted,604,0.01,widest
within_record,autocorrelation,8,yaw,0.6121051347611807,fitted,604,0.01,widest
within_record,autocorrelation,8,acceleration,0.6946748495540422,fitted,604,0.01,widest
within_record,autocorrelation,8,steering,0.5437436845144203,fitted,604,0.01,widest
within_record,past_input,8,yaw,0.1541753920654379,fitted,604,0.01,widest
within_record,past_input,8,acceleration,-0.1309127261614038,fitted,604,0.01,widest
within_record,past_input,8,steering,-0.025065628941185383,fitted,604,0.01,widest
within_record,autocorrelation,9,yaw,0.5900902593430515,fitted,604,0.01,widest
within_record,autocorrelation,9,acceleration,0.6755181907871023,fitted,604,0.01,widest
within_record,autocorrelation,9,steering,0.5269621147643835,fitted,604,0.01,widest
within_record,past_input,9,yaw,0.1371251172716241,fitted,604,0.01,widest
within_record,past_input,9,acceleration,-0.14499677537115754,fitted,604,0.01,widest
within_record,past_input,9,steering,-0.051707312918301725,fitted,604,0.01,widest
within_record,autocorrelation,10,yaw,0.5894559689880161,fitted,604,0.01,widest
within_record,autocorrelation,10,acceleration,0.6395960896495976,fitted,604,0.01,widest
within_record,autocorrelation,10,steering,0.5025952399389599,fitted,604,0.01,widest
within_record,past_input,10,yaw,0.11973830660697159,fitted,604,0.01,widest
within_record,past_input,10,acceleration,-0.1587545197190255,fitted,604,0.01,widest
within_record,past_input,10,steering,-0.07931491386089931,fitted,604,0.01,widest
within_record,autocorrelation,11,yaw,0.5613854052390053,fitted,604,0.01,widest
within_record,autocorrelation,11,acceleration,0.6163455611490642,fitted,604,0.01,widest
within_record,autocorrelation,11,steering,0.46360379247958744,fitted,604,0.01,widest
within_record,past_input,11,yaw,0.10410759268823422,fitted,604,0.01,widest
within_record,past_input,11,acceleration,-0.16972045011055056,fitted,604,0.01,widest
within_record,past_input,11,steering,-0.10531315742028632,fitted,604,0.01,widest
within_record,autocorrelation,12,yaw,0.5421113524482438,fitted,604,0.01,widest
within_record,autocorrelation,12,acceleration,0.588892213032839,fitted,604,0.01,widest
within_record,autocorrelation,12,steering,0.4445544586090943,fitted,604,0.01,widest
within_record,past_input,12,yaw,0.08840283731917016,fitted,604,0.01,widest
within_record,past_input,12,acceleration,-0.1778460061613492,fitted,604,0.01,widest
within_record,past_input,12,steering,-0.1307592456306868,fitted,604,0.01,widest
within_record,autocorrelation,13,yaw,0.52139007183506,fitted,604,0.01,widest
within_record,autocorrelation,13,acceleration,0.554379419195564,fitted,604,0.01,widest
within_record,autocorrelation,13,steering,0.41117247574427496,fitted,604,0.01,widest
within_record,past_input,13,yaw,0.0747147550044769,fitted,604,0.01,widest
within_record,past_input,13,acceleration,-0.1849719660723926,fitted,604,0.01,widest
within_record,past_input,13,steering,-0.1577917001393449,fitted,604,0.01,widest
within_record,autocorrelation,14,yaw,0.5009309792143554,fitted,604,0.01,widest
within_record,autocorrelation,14,acceleration,0.5231072530141627,fitted,604,0.01,widest
within_record,autocorrelation,14,steering,0.39290434409849917,fitted,604,0.01,widest
within_record,past_input,14,yaw,0.062173200885414226,fitted,604,0.01,widest
within_record,past_input,14,acceleration,-0.1916807754563962,fitted,604,0.01,widest
within_record,past_input,14,steering,-0.18352547561201715,fitted,604,0.01,widest
within_record,autocorrelation,15,yaw,0.4815317604966469,fitted,604,0.01,widest
within_record,autocorrelation,15,acceleration,0.49452325133938413,fitted,604,0.01,widest
within_record,autocorrelation,15,steering,0.3685213536699471,fitted,604,0.01,widest
within_record,past_input,15,yaw,0.04959162693752155,fitted,604,0.01,widest
within_record,past_input,15,acceleration,-0.19684809950947343,fitted,604,0.01,widest
within_record,past_input,15,steering,-0.20722622663588566,fitted,604,0.01,widest
within_record,autocorrelation,16,yaw,0.4697233993167571,fitted,604,0.01,widest
within_record,autocorrelation,16,acceleration,0.45768287497592586,fitted,604,0.01,widest
within_record,autocorrelation,16,steering,0.32930139703798883,fitted,604,0.01,widest
within_record,past_input,16,yaw,0.04020309606936403,fitted,604,0.01,widest
within_record,past_input,16,acceleration,-0.20002601893602703,fitted,604,0.01,widest
within_record,past_input,16,steering,-0.23191648557541358,fitted,604,0.01,widest
within_record,autocorrelation,17,yaw,0.4481887897233689,fitted,604,0.01,widest
within_record,autocorrelation,17,acceleration,0.4186535574022778,fitted,604,0.01,widest
within_record,autocorrelation,17,steering,0.29010608095086565,fitted,604,0.01,widest
within_record,past_input,17,yaw,0.030749464603872602,fitted,604,0.01,widest
within_record,past_input,17,acceleration,-0.20156578766696703,fitted,604,0.01,widest
within_record,past_input,17,steering,-0.2565182894292094,fitted,604,0.01,widest
within_record,autocorrelation,18,yaw,0.42496686475277484,fitted,604,0.01,widest
within_record,autocorrelation,18,acceleration,0.38440347112036083,fitted,604,0.01,widest
within_record,autocorrelation,18,steering,0.26136022152126975,fitted,604,0.01,widest
within_record,past_input,18,yaw,0.02430762293279385,fitted,604,0.01,widest
within_record,past_input,18,acceleration,-0.20223460139436858,fitted,604,0.01,widest
within_record,past_input,18,steering,-0.27945729512761375,fitted,604,0.01,widest
within_record,autocorrelation,19,yaw,0.4110123571595086,fitted,604,0.01,widest
within_record,autocorrelation,19,acceleration,0.3475739868078615,fitted,604,0.01,widest
within_record,autocorrelation,19,steering,0.22894563330629936,fitted,604,0.01,widest
within_record,past_input,19,yaw,0.019153468358019853,fitted,604,0.01,widest
within_record,past_input,19,acceleration,-0.2016288519622798,fitted,604,0.01,widest
within_record,past_input,19,steering,-0.3017876463838544,fitted,604,0.01,widest
within_record,autocorrelation,20,yaw,0.39040774271109596,fitted,604,0.01,widest
within_record,autocorrelation,20,acceleration,0.31544153829584376,fitted,604,0.01,widest
within_record,autocorrelation,20,steering,0.1951211009256667,fitted,604,0.01,widest
within_record,past_input,20,yaw,0.014793336316969542,fitted,604,0.01,widest
within_record,past_input,20,acceleration,-0.20058197644285122,fitted,604,0.01,widest
within_record,past_input,20,steering,-0.322065886697727,fitted,604,0.01,widest
