centering,kind,lag,output,correlation,model,seed,process_noise_scale,box
pooled,autocorrelation,1,yaw,0.910991782326565,nominal,602,0.01,original
pooled,autocorrelation,1,acceleration,0.7287546932880319,nominal,602,0.01,original
pooled,autocorrelation,1,steering,0.5394257753422427,nominal,602,0.01,original
pooled,past_input,1,yaw,0.22553458946374402,nominal,602,0.01,original
pooled,past_input,1,acceleration,0.17682416339562682,nominal,602,0.01,original
pooled,past_input,1,steering,-0.05613309313140531,nominal,602,0.01,original
pooled,autocorrelation,2,yaw,0.9082151640005515,nominal,602,0.01,original
pooled,autocorrelation,2,acceleration,0.7319784708065845,nominal,602,0.01,original
pooled,autocorrelation,2,steering,0.5593492022221319,nominal,602,0.01,original
pooled,past_input,2,yaw,0.2201676771720538,nominal,602,0.01,original
pooled,past_input,2,acceleration,0.16318878800333605,nominal,602,0.01,original
pooled,past_input,2,steering,-0.06949718775722863,nominal,602,0.01,original
pooled,autocorrelation,3,yaw,0.9031200251607248,nominal,602,0.01,original
pooled,autocorrelation,3,acceleration,0.7275108764908507,nominal,602,0.01,original
pooled,autocorrelation,3,steering,0.5473952894494531,nominal,602,0.01,original
pooled,past_input,3,yaw,0.21448952586427872,nominal,602,0.01,original
pooled,past_input,3,acceleration,0.14925568570347425,nominal,602,0.01,original
pooled,past_input,3,steering,-0.08305224482933238,nominal,602,0.01,original
pooled,autocorrelation,4,yaw,0.8972838781144103,nominal,602,0.01,original
pooled,autocorrelation,4,acceleration,0.7247758711255631,nominal,602,0.01,original
pooled,autocorrelation,4,steering,0.5518885315597184,nominal,602,0.01,original
pooled,past_input,4,yaw,0.20806199825677055,nominal,602,0.01,original
pooled,past_input,4,acceleration,0.13331836749112974,nominal,602,0.01,original
pooled,past_input,4,steering,-0.09684043939244692,nominal,602,0.01,original
pooled,autocorrelation,5,yaw,0.8889797165013528,nominal,602,0.01,original
pooled,autocorrelation,5,acceleration,0.710801634354731,nominal,602,0.01,original
pooled,autocorrelation,5,steering,0.5402529452727107,nominal,602,0.01,original
pooled,past_input,5,yaw,0.2005921912572542,nominal,602,0.01,original
pooled,past_input,5,acceleration,0.11838326117934198,nominal,602,0.01,original
pooled,past_input,5,steering,-0.11071977659633997,nominal,602,0.01,original
pooled,autocorrelation,6,yaw,0.879951537221091,nominal,602,0.01,original
pooled,autocorrelation,6,acceleration,0.7003845666215853,nominal,602,0.01,original
pooled,autocorrelation,6,steering,0.5447840669199249,nominal,602,0.01,original
pooled,past_input,6,yaw,0.19233712310933465,nominal,602,0.01,original
pooled,past_input,6,acceleration,0.10287663597274625,nominal,602,0.01,original
pooled,past_input,6,steering,-0.12353494079175482,nominal,602,0.01,original
pooled,autocorrelation,7,yaw,0.8660615787020454,nominal,602,0.01,original
pooled,autocorrelation,7,acceleration,0.6882550536566872,nominal,602,0.01,original
pooled,autocorrelation,7,steering,0.5262804801323497,nominal,602,0.01,original
pooled,past_input,7,yaw,0.18377133132274437,nominal,602,0.01,original
pooled,past_input,7,acceleration,0.08669594740099879,nominal,602,0.01,original
pooled,past_input,7,steering,-0.13688195681794144,nominal,602,0.01,original
pooled,autocorrelation,8,yaw,0.8525038531738961,nominal,602,0.01,original
pooled,autocorrelation,8,acceleration,0.6715166208909114,nominal,602,0.01,original
pooled,autocorrelation,8,steering,0.5185385726635677,nominal,602,0.01,original
pooled,past_input,8,yaw,0.1745850822602813,nominal,602,0.01,original
pooled,past_input,8,acceleration,0.06958813235052017,nominal,602,0.01,original
pooled,past_input,8,steering,-0.1494854387245086,nominal,602,0.01,original
pooled,autocorrelation,9,yaw,0.8399796299896828,nominal,602,0.01,original
pooled,autocorrelation,9,acceleration,0.6664680767241745,nominal,602,0.01,original
pooled,autocorrelation,9,steering,0.5090812858871094,nominal,602,0.01,original
pooled,past_input,9,yaw,0.16435750897053855,nominal,602,0.01,original
pooled,past_input,9,acceleration,0.0538340492028959,nominal,602,0.01,original
pooled,past_input,9,steering,-0.1605268491978643,nominal,602,0.01,original
pooled,autocorrelation,10,yaw,0.8244783709898095,nominal,602,0.01,original
pooled,autocorrelation,10,acceleration,0.6475225351132357,nominal,602,0.01,original
pooled,autocorrelation,10,steering,0.4936644089053028,nominal,602,0.01,original
pooled,past_input,10,yaw,0.15413278005312492,nominal,602,0.01,original
pooled,past_input,10,acceleration,0.03840848861375242,nominal,602,0.01,original
pooled,past_input,10,steering,-0.1711130986128098,nominal,602,0.01,original
pooled,autocorrelation,11,yaw,0.8114812562209593,nominal,602,0.01,original
pooled,autocorrelation,11,acceleration,0.6308002462144531,nominal,602,0.01,original
pooled,autocorrelation,11,steering,0.4639956584001001,nominal,602,0.01,original
pooled,past_input,11,yaw,0.1437859596495768,nominal,602,0.01,original
pooled,past_input,11,acceleration,0.023122597884553297,nominal,602,0.01,original
pooled,past_input,11,steering,-0.18140016324599864,nominal,602,0.01,original
pooled,autocorrelation,12,yaw,0.7922911930387135,nominal,602,0.01,original
pooled,autocorrelation,12,acceleration,0.6156425139644265,nominal,602,0.01,original
pooled,autocorrelation,12,steering,0.45272956993075597,nominal,602,0.01,original
pooled,past_input,12,yaw,0.13327298853814726,nominal,602,0.01,original
pooled,past_input,12,acceleration,0.007936006339934513,nominal,602,0.01,original
pooled,past_input,12,steering,-0.1910271459252301,nominal,602,0.01,original
pooled,autocorrelation,13,yaw,0.7757963311941919,nominal,602,0.01,original
pooled,autocorrelation,13,acceleration,0.5991069797496837,nominal,602,0.01,original
pooled,autocorrelation,13,steering,0.4487412345879763,nominal,602,0.01,original
pooled,past_input,13,yaw,0.12294820165455819,nominal,602,0.01,original
pooled,past_input,13,acceleration,-0.006461698353487298,nominal,602,0.01,original
pooled,past_input,13,steering,-0.199558333570032,nominal,602,0.01,original
pooled,autocorrelation,14,yaw,0.7551254253934183,nominal,602,0.01,original
pooled,autocorrelation,14,acceleration,0.574540940300664,nominal,602,0.01,original
pooled,autocorrelation,14,steering,0.43215951418272025,nominal,602,0.01,original
pooled,past_input,14,yaw,0.11205972788009336,nominal,602,0.01,original
pooled,past_input,14,acceleration,-0.02153825856278069,nominal,602,0.01,original
pooled,past_input,14,steering,-0.20708572215962517,nominal,602,0.01,original
pooled,autocorrelation,15,yaw,0.7377037342055092,nominal,602,0.01,original
pooled,autocorrelation,15,acceleration,0.5557265077385137,nominal,602,0.01,original
pooled,autocorrelation,15,steering,0.39552895211652234,nominal,602,0.01,original
pooled,past_input,15,yaw,0.10165558401713538,nominal,602,0.01,original
pooled,past_input,15,acceleration,-0.035889793734385306,nominal,602,0.01,original
pooled,past_input,15,steering,-0.21415151689906597,nominal,602,0.01,original
pooled,autocorrelation,16,yaw,0.7141854043251729,nominal,602,0.01,original
pooled,autocorrelation,16,acceleration,0.5289771740802987,nominal,602,0.01,original
pooled,autocorrelation,16,steering,0.3817537206023149,nominal,602,0.01,original
pooled,past_input,16,yaw,0.09175366978652277,nominal,602,0.01,original
pooled,past_input,16,acceleration,-0.049783007925933806,nominal,602,0.01,original
pooled,past_input,16,steering,-0.22098014474990105,nominal,602,0.01,original
pooled,autocorrelation,17,yaw,0.6916711370644069,nominal,602,0.01,original
pooled,autocorrelation,17,acceleration,0.49666891733080937,nominal,602,0.01,original
pooled,autocorrelation,17,steering,0.36118246376181395,nominal,602,0.01,original
pooled,past_input,17,yaw,0.08145356517547206,nominal,602,0.01,original
pooled,past_input,17,acceleration,-0.06331349799180659,nominal,602,0.01,original
pooled,past_input,17,steering,-0.2266720426108188,nominal,602,0.01,original
pooled,autocorrelation,18,yaw,0.6714260981708228,nominal,602,0.01,original
pooled,autocorrelation,18,acceleration,0.4874899397226869,nominal,602,0.01,original
pooled,autocorrelation,18,steering,0.3408738848674054,nominal,602,0.01,original
pooled,past_input,18,yaw,0.07162317320206886,nominal,602,0.01,original
pooled,past_input,18,acceleration,-0.07728284205817378,nominal,602,0.01,original
pooled,past_input,18,steering,-0.23216757693054121,nominal,602,0.01,original
pooled,autocorrelation,19,yaw,0.6490479527054186,nominal,602,0.01,original
pooled,autocorrelation,19,acceleration,0.45800844549872105,nominal,602,0.01,original
pooled,autocorrelation,19,steering,0.32316857858966874,nominal,602,0.01,original
pooled,past_input,19,yaw,0.06224344189643492,nominal,602,0.01,original
pooled,past_input,19,acceleration,-0.09016315859680302,nominal,602,0.01,original
pooled,past_input,19,steering,-0.23669024826112908,nominal,602,0.01,original
pooled,autocorrelation,20,yaw,0.6292060979262392,nominal,602,0.01,original
pooled,autocorrelation,20,acceleration,0.43228449551896797,nominal,602,0.01,original
pooled,autocorrelation,20,steering,0.3028021550941455,nominal,602,0.01,original
pooled,past_input,20,yaw,0.05246216225199239,nominal,602,0.01,original
pooled,past_input,20,acceleration,-0.10220233179451452,nominal,602,0.01,original
pooled,past_input,20,steering,-0.23973473558357794,nominal,602,0.01,original
within_record,autocorrelation,1,yaw,0.8678896608154167,nominal,602,0.01,original
within_record,autocorrelation,1,acceleration,0.6864483135345654,nominal,602,0.01,original
within_record,autocorrelation,1,steering,0.4892405411696821,nominal,602,0.01,original
within_record,past_input,1,yaw,0.27452399548640993,nominal,602,0.01,original
within_record,past_input,1,acceleration,0.18485977092717298,nominal,602,0.01,original
within_record,past_input,1,steering,-0.03938410127655071,nominal,602,0.01,original
within_record,autocorrelation,2,yaw,0.863474485203142,nominal,602,0.01,original
within_record,autocorrelation,2,acceleration,0.6898043594382545,nominal,602,0.01,original
within_record,autocorrelation,2,steering,0.5111202497230504,nominal,602,0.01,original
within_record,past_input,2,yaw,0.2675425329650212,nominal,602,0.01,original
within_record,past_input,2,acceleration,0.16809560333707899,nominal,602,0.01,original
within_record,past_input,2,steering,-0.054814235565268175,nominal,602,0.01,original
within_record,autocorrelation,3,yaw,0.8555643080318678,nominal,602,0.01,original
within_record,autocorrelation,3,acceleration,0.6842477700101744,nominal,602,0.01,original
within_record,autocorrelation,3,steering,0.49778761781631065,nominal,602,0.01,original
within_record,past_input,3,yaw,0.2598553748684597,nominal,602,0.01,original
within_record,past_input,3,acceleration,0.15232765320507666,nominal,602,0.01,original
within_record,past_input,3,steering,-0.0704889969735049,nominal,602,0.01,original
within_record,autocorrelation,4,yaw,0.8463789877473094,nominal,602,0.01,original
within_record,autocorrelation,4,acceleration,0.6805833666542142,nominal,602,0.01,original
within_record,autocorrelation,4,steering,0.5023865473439011,nominal,602,0.01,original
within_record,past_input,4,yaw,0.2513760188272652,nominal,602,0.01,original
within_record,past_input,4,acceleration,0.13281157331583332,nominal,602,0.01,original
within_record,past_input,4,steering,-0.08605301155000589,nominal,602,0.01,original
within_record,autocorrelation,5,yaw,0.8334718275886802,nominal,602,0.01,original
within_record,autocorrelation,5,acceleration,0.6640649599982941,nominal,602,0.01,original
within_record,autocorrelation,5,steering,0.4889486358991615,nominal,602,0.01,original
within_record,past_input,5,yaw,0.24133058950985198,nominal,602,0.01,original
within_record,past_input,5,acceleration,0.1151166977740243,nominal,602,0.01,original
within_record,past_input,5,steering,-0.10205681564316257,nominal,602,0.01,original
within_record,autocorrelation,6,yaw,0.8193583385185347,nominal,602,0.01,original
within_record,autocorrelation,6,acceleration,0.651633370240376,nominal,602,0.01,original
within_record,autocorrelation,6,steering,0.49378224911241886,nominal,602,0.01,original
within_record,past_input,6,yaw,0.23060438262282557,nominal,602,0.01,original
within_record,past_input,6,acceleration,0.09648009656955475,nominal,602,0.01,original
within_record,past_input,6,steering,-0.11668163291335899,nominal,602,0.01,original
within_record,autocorrelation,7,yaw,0.7979235747213754,nominal,602,0.01,original
within_record,autocorrelation,7,acceleration,0.6368418086242454,nominal,602,0.01,original
within_record,autocorrelation,7,steering,0.4728007304659687,nominal,602,0.01,original
within_record,past_input,7,yaw,0.21889382405732036,nominal,602,0.01,original
within_record,past_input,7,acceleration,0.07724795079453523,nominal,602,0.01,original
within_record,past_input,7,steering,-0.13215025976126873,nominal,602,0.01,original
within_record,autocorrelation,8,yaw,0.7768964752221311,nominal,602,0.01,original
within_record,autocorrelation,8,acceleration,0.6166940623679461,nominal,602,0.01,original
within_record,autocorrelation,8,steering,0.46389077030739323,nominal,602,0.01,original
within_record,past_input,8,yaw,0.2066743302395045,nominal,602,0.01,original
within_record,past_input,8,acceleration,0.056569365625298025,nominal,602,0.01,original
within_record,past_input,8,steering,-0.14719331993952794,nominal,602,0.01,original
within_record,autocorrelation,9,yaw,0.7571916428511779,nominal,602,0.01,original
within_record,autocorrelation,9,acceleration,0.6105184509388192,nominal,602,0.01,original
within_record,autocorrelation,9,steering,0.45292687905121976,nominal,602,0.01,original
within_record,past_input,9,yaw,0.19296080706781138,nominal,602,0.01,original
within_record,past_input,9,acceleration,0.03803240082044728,nominal,602,0.01,original
within_record,past_input,9,steering,-0.15992896003669171,nominal,602,0.01,original
within_record,autocorrelation,10,yaw,0.7329096176886108,nominal,602,0.01,original
within_record,autocorrelation,10,acceleration,0.5878459629837923,nominal,602,0.01,original
within_record,autocorrelation,10,steering,0.43548757167140995,nominal,602,0.01,original
within_record,past_input,10,yaw,0.1790419049502815,nominal,602,0.01,original
within_record,past_input,10,acceleration,0.019690485551725166,nominal,602,0.01,original
within_record,past_input,10,steering,-0.17188865480936585,nominal,602,0.01,original
within_record,autocorrelation,11,yaw,0.7122500781598385,nominal,602,0.01,original
within_record,autocorrelation,11,acceleration,0.5680082053892004,nominal,602,0.01,original
within_record,autocorrelation,11,steering,0.40221949665276724,nominal,602,0.01,original
within_record,past_input,11,yaw,0.16514004677678248,nominal,602,0.01,original
within_record,past_input,11,acceleration,0.0015240882951187455,nominal,602,0.01,original
within_record,past_input,11,steering,-0.1846064741205801,nominal,602,0.01,original
within_record,autocorrelation,12,yaw,0.6822207867356479,nominal,602,0.01,original
within_record,autocorrelation,12,acceleration,0.5498573260005207,nominal,602,0.01,original
within_record,autocorrelation,12,steering,0.38944134523797536,nominal,602,0.01,original
within_record,past_input,12,yaw,0.15095579074523618,nominal,602,0.01,original
within_record,past_input,12,acceleration,-0.016442842791847934,nominal,602,0.01,original
within_record,past_input,12,steering,-0.1959790425062865,nominal,602,0.01,original
within_record,autocorrelation,13,yaw,0.6560293579685066,nominal,602,0.01,original
within_record,autocorrelation,13,acceleration,0.530262297578237,nominal,602,0.01,original
within_record,autocorrelation,13,steering,0.3847844958423224,nominal,602,0.01,original
within_record,past_input,13,yaw,0.13725806263147805,nominal,602,0.01,original
within_record,past_input,13,acceleration,-0.03412649413022828,nominal,602,0.01,original
within_record,past_input,13,steering,-0.20596562148850298,nominal,602,0.01,original
within_record,autocorrelation,14,yaw,0.6232712538678369,nominal,602,0.01,original
within_record,autocorrelation,14,acceleration,0.5012177130510972,nominal,602,0.01,original
within_record,autocorrelation,14,steering,0.3658211422267924,nominal,602,0.01,original
within_record,past_input,14,yaw,0.12263261767783887,nominal,602,0.01,original
within_record,past_input,14,acceleration,-0.0521497054257427,nominal,602,0.01,original
within_record,past_input,14,steering,-0.21437036930880757,nominal,602,0.01,original
within_record,autocorrelation,15,yaw,0.5956649225049094,nominal,602,0.01,original
within_record,autocorrelation,15,acceleration,0.4785947215893868,nominal,602,0.01,original
within_record,autocorrelation,15,steering,0.32455571145640366,nominal,602,0.01,original
within_record,past_input,15,yaw,0.10879548637509831,nominal,602,0.01,original
within_record,past_input,15,acceleration,-0.06931753320320522,nominal,602,0.01,original
within_record,past_input,15,steering,-0.22222363019952734,nominal,602,0.01,original
within_record,autocorrelation,16,yaw,0.5585339016675259,nominal,602,0.01,original
within_record,autocorrelation,16,acceleration,0.44698561176096346,nominal,602,0.01,original
within_record,autocorrelation,16,steering,0.3090197723097714,nominal,602,0.01,original
within_record,past_input,16,yaw,0.09513655264528571,nominal,602,0.01,original
within_record,past_input,16,acceleration,-0.08591930176889341,nominal,602,0.01,original
within_record,past_input,16,steering,-0.22995099419148515,nominal,602,0.01,original
within_record,autocorrelation,17,yaw,0.5230210819156478,nominal,602,0.01,original
within_record,autocorrelation,17,acceleration,0.4086527817204742,nominal,602,0.01,original
within_record,autocorrelation,17,steering,0.2856207242964322,nominal,602,0.01,original
within_record,past_input,17,yaw,0.08117875728798615,nominal,602,0.01,original
within_record,past_input,17,acceleration,-0.10242933484787796,nominal,602,0.01,original
within_record,past_input,17,steering,-0.2367137371108608,nominal,602,0.01,original
within_record,autocorrelation,18,yaw,0.4908051685363558,nominal,602,0.01,original
within_record,autocorrelation,18,acceleration,0.3977843910047428,nominal,602,0.01,original
within_record,autocorrelation,18,steering,0.2625485260006928,nominal,602,0.01,original
within_record,past_input,18,yaw,0.06754588946804081,nominal,602,0.01,original
within_record,past_input,18,acceleration,-0.11936280837396387,nominal,602,0.01,original
within_record,past_input,18,steering,-0.24283851558676678,nominal,602,0.01,original
within_record,autocorrelation,19,yaw,0.4552218601598542,nominal,602,0.01,original
within_record,autocorrelation,19,acceleration,0.3629737101798271,nominal,602,0.01,original
within_record,autocorrelation,19,steering,0.24236685284216225,nominal,602,0.01,original
within_record,past_input,19,yaw,0.05457273746844254,nominal,602,0.01,original
within_record,past_input,19,acceleration,-0.13491286767125024,nominal,602,0.01,original
within_record,past_input,19,steering,-0.2485197816995308,nominal,602,0.01,original
within_record,autocorrelation,20,yaw,0.42339485950549455,nominal,602,0.01,original
within_record,autocorrelation,20,acceleration,0.3324335910312652,nominal,602,0.01,original
within_record,autocorrelation,20,steering,0.21888992584063954,nominal,602,0.01,original
within_record,past_input,20,yaw,0.0407907893671223,nominal,602,0.01,original
within_record,past_input,20,acceleration,-0.15008597221960104,nominal,602,0.01,original
within_record,past_input,20,steering,-0.2516204315996519,nominal,602,0.01,original
pooled,autocorrelation,1,yaw,0.8708231831162594,fitted,602,0.01,original
pooled,autocorrelation,1,acceleration,0.5790347792525835,fitted,602,0.01,original
pooled,autocorrelation,1,steering,0.589589658260531,fitted,602,0.01,original
pooled,past_input,1,yaw,-0.1077547984678733,fitted,602,0.01,original
pooled,past_input,1,acceleration,0.005989417949400462,fitted,602,0.01,original
pooled,past_input,1,steering,0.2355384865536349,fitted,602,0.01,original
pooled,autocorrelation,2,yaw,0.8684647304989699,fitted,602,0.01,original
pooled,autocorrelation,2,acceleration,0.5882276459886842,fitted,602,0.01,original
pooled,autocorrelation,2,steering,0.6058833843727846,fitted,602,0.01,original
pooled,past_input,2,yaw,-0.11728660186863807,fitted,602,0.01,original
pooled,past_input,2,acceleration,-0.0001261254834025591,fitted,602,0.01,original
pooled,past_input,2,steering,0.21593472659028098,fitted,602,0.01,original
pooled,autocorrelation,3,yaw,0.8638483332460108,fitted,602,0.01,original
pooled,autocorrelation,3,acceleration,0.5861681572669672,fitted,602,0.01,original
pooled,autocorrelation,3,steering,0.5928303941693468,fitted,602,0.01,original
pooled,past_input,3,yaw,-0.12637559200264747,fitted,602,0.01,original
pooled,past_input,3,acceleration,-0.00539552224006389,fitted,602,0.01,original
pooled,past_input,3,steering,0.19535100910806413,fitted,602,0.01,original
pooled,autocorrelation,4,yaw,0.8591786289702946,fitted,602,0.01,original
pooled,autocorrelation,4,acceleration,0.5866197872995683,fitted,602,0.01,original
pooled,autocorrelation,4,steering,0.5935199758591612,fitted,602,0.01,original
pooled,past_input,4,yaw,-0.13562845893138262,fitted,602,0.01,original
pooled,past_input,4,acceleration,-0.0123679707148974,fitted,602,0.01,original
pooled,past_input,4,steering,0.17372136269924066,fitted,602,0.01,original
pooled,autocorrelation,5,yaw,0.8516913406576546,fitted,602,0.01,original
pooled,autocorrelation,5,acceleration,0.5716169241124512,fitted,602,0.01,original
pooled,autocorrelation,5,steering,0.5788001962164268,fitted,602,0.01,original
pooled,past_input,5,yaw,-0.14545207048779582,fitted,602,0.01,original
pooled,past_input,5,acceleration,-0.017371229039276268,fitted,602,0.01,original
pooled,past_input,5,steering,0.15136453538743952,fitted,602,0.01,original
pooled,autocorrelation,6,yaw,0.8439422171871739,fitted,602,0.01,original
pooled,autocorrelation,6,acceleration,0.5625654537948646,fitted,602,0.01,original
pooled,autocorrelation,6,steering,0.5783549003898129,fitted,602,0.01,original
pooled,past_input,6,yaw,-0.15557859571045884,fitted,602,0.01,original
pooled,past_input,6,acceleration,-0.022824165060052273,fitted,602,0.01,original
pooled,past_input,6,steering,0.12913720029370843,fitted,602,0.01,original
pooled,autocorrelation,7,yaw,0.8296370840080266,fitted,602,0.01,original
pooled,autocorrelation,7,acceleration,0.5504738049847611,fitted,602,0.01,original
pooled,autocorrelation,7,steering,0.5569965620046354,fitted,602,0.01,original
pooled,past_input,7,yaw,-0.16567231581089772,fitted,602,0.01,original
pooled,past_input,7,acceleration,-0.028999751920005003,fitted,602,0.01,original
pooled,past_input,7,steering,0.1055865918559057,fitted,602,0.01,original
pooled,autocorrelation,8,yaw,0.8163420242327142,fitted,602,0.01,original
pooled,autocorrelation,8,acceleration,0.531252742498723,fitted,602,0.01,original
pooled,autocorrelation,8,steering,0.5447267170784351,fitted,602,0.01,original
pooled,past_input,8,yaw,-0.17616711459198225,fitted,602,0.01,original
pooled,past_input,8,acceleration,-0.03610088043803338,fitted,602,0.01,original
pooled,past_input,8,steering,0.082385480487075,fitted,602,0.01,original
pooled,autocorrelation,9,yaw,0.8049553599686566,fitted,602,0.01,original
pooled,autocorrelation,9,acceleration,0.531282380724069,fitted,602,0.01,original
pooled,autocorrelation,9,steering,0.5308776461352616,fitted,602,0.01,original
pooled,past_input,9,yaw,-0.18739018899679488,fitted,602,0.01,original
pooled,past_input,9,acceleration,-0.04134798939521475,fitted,602,0.01,original
pooled,past_input,9,steering,0.06014592242639504,fitted,602,0.01,original
pooled,autocorrelation,10,yaw,0.7900204222557093,fitted,602,0.01,original
pooled,autocorrelation,10,acceleration,0.5106243624803305,fitted,602,0.01,original
pooled,autocorrelation,10,steering,0.5107396989651745,fitted,602,0.01,original
pooled,past_input,10,yaw,-0.19816593220589815,fitted,602,0.01,original
pooled,past_input,10,acceleration,-0.04635885018501405,fitted,602,0.01,original
pooled,past_input,10,steering,0.038017687609136354,fitted,602,0.01,original
pooled,autocorrelation,11,yaw,0.7793080009955641,fitted,602,0.01,original
pooled,autocorrelation,11,acceleration,0.49424327493624143,fitted,602,0.01,original
pooled,autocorrelation,11,steering,0.47801488623307664,fitted,602,0.01,original
pooled,past_input,11,yaw,-0.20856246152603214,fitted,602,0.01,original
pooled,past_input,11,acceleration,-0.05130452539139748,fitted,602,0.01,original
pooled,past_input,11,steering,0.015914352490739858,fitted,602,0.01,original
pooled,autocorrelation,12,yaw,0.7600324081823961,fitted,602,0.01,original
pooled,autocorrelation,12,acceleration,0.4807280559725738,fitted,602,0.01,original
pooled,autocorrelation,12,steering,0.4615232446545427,fitted,602,0.01,original
pooled,past_input,12,yaw,-0.21892490516292146,fitted,602,0.01,original
pooled,past_input,12,acceleration,-0.05632438198051711,fitted,602,0.01,original
pooled,past_input,12,steering,-0.005820111970620586,fitted,602,0.01,original
pooled,autocorrelation,13,yaw,0.7451047049778071,fitted,602,0.01,original
pooled,autocorrelation,13,acceleration,0.46655286622030084,fitted,602,0.01,original
pooled,autocorrelation,13,steering,0.4516796118032677,fitted,602,0.01,original
pooled,past_input,13,yaw,-0.22855005741848258,fitted,602,0.01,original
pooled,past_input,13,acceleration,-0.06068622957978299,fitted,602,0.01,original
pooled,past_input,13,steering,-0.026564991314318387,fitted,602,0.01,original
pooled,autocorrelation,14,yaw,0.724636343796014,fitted,602,0.01,original
pooled,autocorrelation,14,acceleration,0.4401875423914653,fitted,602,0.01,original
pooled,autocorrelation,14,steering,0.42965707812603693,fitted,602,0.01,original
pooled,past_input,14,yaw,-0.2384384739417936,fitted,602,0.01,original
pooled,past_input,14,acceleration,-0.06622304626406166,fitted,602,0.01,original
pooled,past_input,14,steering,-0.046216830075853775,fitted,602,0.01,original
pooled,autocorrelation,15,yaw,0.7096643293195987,fitted,602,0.01,original
pooled,autocorrelation,15,acceleration,0.4230091437680772,fitted,602,0.01,original
pooled,autocorrelation,15,steering,0.3898071223111198,fitted,602,0.01,original
pooled,past_input,15,yaw,-0.24708349435816362,fitted,602,0.01,original
pooled,past_input,15,acceleration,-0.07119527783313943,fitted,602,0.01,original
pooled,past_input,15,steering,-0.06549154411958966,fitted,602,0.01,original
pooled,autocorrelation,16,yaw,0.6869212783488953,fitted,602,0.01,original
pooled,autocorrelation,16,acceleration,0.3940064031326434,fitted,602,0.01,original
pooled,autocorrelation,16,steering,0.3708250786802589,fitted,602,0.01,original
pooled,past_input,16,yaw,-0.25457927206292563,fitted,602,0.01,original
pooled,past_input,16,acceleration,-0.07597846915887126,fitted,602,0.01,original
pooled,past_input,16,steering,-0.08448642234374033,fitted,602,0.01,original
pooled,autocorrelation,17,yaw,0.6656299853638716,fitted,602,0.01,original
pooled,autocorrelation,17,acceleration,0.3575484693739848,fitted,602,0.01,original
pooled,autocorrelation,17,steering,0.3450927761133545,fitted,602,0.01,original
pooled,past_input,17,yaw,-0.2622164698792498,fitted,602,0.01,original
pooled,past_input,17,acceleration,-0.08071703870599509,fitted,602,0.01,original
pooled,past_input,17,steering,-0.10223843599125816,fitted,602,0.01,original
pooled,autocorrelation,18,yaw,0.6477641751950658,fitted,602,0.01,original
pooled,autocorrelation,18,acceleration,0.35799583675356045,fitted,602,0.01,original
pooled,autocorrelation,18,steering,0.31984702458445435,fitted,602,0.01,original
pooled,past_input,18,yaw,-0.2689207753849828,fitted,602,0.01,original
pooled,past_input,18,acceleration,-0.08647295145017311,fitted,602,0.01,original
pooled,past_input,18,steering,-0.11965067668237736,fitted,602,0.01,original
pooled,autocorrelation,19,yaw,0.6276007649716768,fitted,602,0.01,original
pooled,autocorrelation,19,acceleration,0.3264607997230922,fitted,602,0.01,original
pooled,autocorrelation,19,steering,0.2965342906128983,fitted,602,0.01,original
pooled,past_input,19,yaw,-0.27459001256524823,fitted,602,0.01,original
pooled,past_input,19,acceleration,-0.09125162391735918,fitted,602,0.01,original
pooled,past_input,19,steering,-0.1360400259686032,fitted,602,0.01,original
pooled,autocorrelation,20,yaw,0.6108571762456951,fitted,602,0.01,original
pooled,autocorrelation,20,acceleration,0.302147969318325,fitted,602,0.01,original
pooled,autocorrelation,20,steering,0.271229204865923,fitted,602,0.01,original
pooled,past_input,20,yaw,-0.2801900002219388,fitted,602,0.01,original
pooled,past_input,20,acceleration,-0.09548431856569911,fitted,602,0.01,original
pooled,past_input,20,steering,-0.15080424609822407,fitted,602,0.01,original
within_record,autocorrelation,1,yaw,0.8046801327064824,fitted,602,0.01,original
within_record,autocorrelation,1,acceleration,0.5608584376387125,fitted,602,0.01,original
within_record,autocorrelation,1,steering,0.5563666061886305,fitted,602,0.01,original
within_record,past_input,1,yaw,-0.05004852233365219,fitted,602,0.01,original
within_record,past_input,1,acceleration,0.011589498882203775,fitted,602,0.01,original
within_record,past_input,1,steering,0.23800714100878803,fitted,602,0.01,original
within_record,autocorrelation,2,yaw,0.8007418315097757,fitted,602,0.01,original
within_record,autocorrelation,2,acceleration,0.570183024263171,fitted,602,0.01,original
within_record,autocorrelation,2,steering,0.5737675442839852,fitted,602,0.01,original
within_record,past_input,2,yaw,-0.06269020933772354,fitted,602,0.01,original
within_record,past_input,2,acceleration,0.004222541073253691,fitted,602,0.01,original
within_record,past_input,2,steering,0.21523934611967074,fitted,602,0.01,original
within_record,autocorrelation,3,yaw,0.7933721836026846,fitted,602,0.01,original
within_record,autocorrelation,3,acceleration,0.5677684238365939,fitted,602,0.01,original
within_record,autocorrelation,3,steering,0.5595430831252017,fitted,602,0.01,original
within_record,past_input,3,yaw,-0.07510792298550029,fitted,602,0.01,original
within_record,past_input,3,acceleration,-0.00043639470516612726,fitted,602,0.01,original
within_record,past_input,3,steering,0.19110792108541133,fitted,602,0.01,original
within_record,autocorrelation,4,yaw,0.7856627249538082,fitted,602,0.01,original
within_record,autocorrelation,4,acceleration,0.5679481969391327,fitted,602,0.01,original
within_record,autocorrelation,4,steering,0.5599631902184609,fitted,602,0.01,original
within_record,past_input,4,yaw,-0.08759705280100316,fitted,602,0.01,original
within_record,past_input,4,acceleration,-0.008653697639357503,fitted,602,0.01,original
within_record,past_input,4,steering,0.16614354638192738,fitted,602,0.01,original
within_record,autocorrelation,5,yaw,0.7736811424246519,fitted,602,0.01,original
within_record,autocorrelation,5,acceleration,0.552118290236145,fitted,602,0.01,original
within_record,autocorrelation,5,steering,0.54364084164411,fitted,602,0.01,original
within_record,past_input,5,yaw,-0.10091890158055826,fitted,602,0.01,original
within_record,past_input,5,acceleration,-0.013797891696496587,fitted,602,0.01,original
within_record,past_input,5,steering,0.140038059088426,fitted,602,0.01,original
within_record,autocorrelation,6,yaw,0.7611680032098744,fitted,602,0.01,original
within_record,autocorrelation,6,acceleration,0.5425304571471017,fitted,602,0.01,original
within_record,autocorrelation,6,steering,0.5430396025674931,fitted,602,0.01,original
within_record,past_input,6,yaw,-0.11417681242789375,fitted,602,0.01,original
within_record,past_input,6,acceleration,-0.019735877165811967,fitted,602,0.01,original
within_record,past_input,6,steering,0.11413899471444731,fitted,602,0.01,original
within_record,autocorrelation,7,yaw,0.7386554673903282,fitted,602,0.01,original
within_record,autocorrelation,7,acceleration,0.529416439908984,fitted,602,0.01,original
within_record,autocorrelation,7,steering,0.5194881493531711,fitted,602,0.01,original
within_record,past_input,7,yaw,-0.12810155940091905,fitted,602,0.01,original
within_record,past_input,7,acceleration,-0.026249047036412204,fitted,602,0.01,original
within_record,past_input,7,steering,0.08664745875468073,fitted,602,0.01,original
within_record,autocorrelation,8,yaw,0.7176136472580624,fitted,602,0.01,original
within_record,autocorrelation,8,acceleration,0.5089882780790662,fitted,602,0.01,original
within_record,autocorrelation,8,steering,0.505823093553621,fitted,602,0.01,original
within_record,past_input,8,yaw,-0.14214688234851386,fitted,602,0.01,original
within_record,past_input,8,acceleration,-0.034223368072397606,fitted,602,0.01,original
within_record,past_input,8,steering,0.05908795465336195,fitted,602,0.01,original
within_record,autocorrelation,9,yaw,0.6991341889208684,fitted,602,0.01,original
within_record,autocorrelation,9,acceleration,0.5088801969491085,fitted,602,0.01,original
within_record,autocorrelation,9,steering,0.4904034706487484,fitted,602,0.01,original
within_record,past_input,9,yaw,-0.1574229210225484,fitted,602,0.01,original
within_record,past_input,9,acceleration,-0.039419871182019645,fitted,602,0.01,original
within_record,past_input,9,steering,0.03312483403828654,fitted,602,0.01,original
within_record,autocorrelation,10,yaw,0.6753190462502551,fitted,602,0.01,original
within_record,autocorrelation,10,acceleration,0.4869299096578789,fitted,602,0.01,original
within_record,autocorrelation,10,steering,0.4683099435615027,fitted,602,0.01,original
within_record,past_input,10,yaw,-0.17226084766117508,fitted,602,0.01,original
within_record,past_input,10,acceleration,-0.044595637614501776,fitted,602,0.01,original
within_record,past_input,10,steering,0.007465902005890398,fitted,602,0.01,original
within_record,autocorrelation,11,yaw,0.657815871206688,fitted,602,0.01,original
within_record,autocorrelation,11,acceleration,0.46959805717229386,fitted,602,0.01,original
within_record,autocorrelation,11,steering,0.43253204944733653,fitted,602,0.01,original
within_record,past_input,11,yaw,-0.18632465670815773,fitted,602,0.01,original
within_record,past_input,11,acceleration,-0.04972127728558734,fitted,602,0.01,original
within_record,past_input,11,steering,-0.019163055787811408,fitted,602,0.01,original
within_record,autocorrelation,12,yaw,0.6271252735225317,fitted,602,0.01,original
within_record,autocorrelation,12,acceleration,0.45520558850830306,fitted,602,0.01,original
within_record,autocorrelation,12,steering,0.4143018933995292,fitted,602,0.01,original
within_record,past_input,12,yaw,-0.20029274489664037,fitted,602,0.01,original
within_record,past_input,12,acceleration,-0.05483562207334644,fitted,602,0.01,original
within_record,past_input,12,steering,-0.04482753357718663,fitted,602,0.01,original
within_record,autocorrelation,13,yaw,0.6028862708934677,fitted,602,0.01,original
within_record,autocorrelation,13,acceleration,0.4403193394018286,fitted,602,0.01,original
within_record,autocorrelation,13,steering,0.40336611586848997,fitted,602,0.01,original
within_record,past_input,13,yaw,-0.21316077546302428,fitted,602,0.01,original
within_record,past_input,13,acceleration,-0.05999327017038347,fitted,602,0.01,original
within_record,past_input,13,steering,-0.06923042967789983,fitted,602,0.01,original
within_record,autocorrelation,14,yaw,0.5698511662458801,fitted,602,0.01,original
within_record,autocorrelation,14,acceleration,0.4126684637562824,fitted,602,0.01,original
within_record,autocorrelation,14,steering,0.3790132687120916,fitted,602,0.01,original
within_record,past_input,14,yaw,-0.2265644835128316,fitted,602,0.01,original
within_record,past_input,14,acceleration,-0.06591661748683646,fitted,602,0.01,original
within_record,past_input,14,steering,-0.0919586265294563,fitted,602,0.01,original
within_record,autocorrelation,15,yaw,0.5455092834766285,fitted,602,0.01,original
within_record,autocorrelation,15,acceleration,0.39436729720120267,fitted,602,0.01,original
within_record,autocorrelation,15,steering,0.3352392737671508,fitted,602,0.01,original
within_record,past_input,15,yaw,-0.2380309543982939,fitted,602,0.01,original
within_record,past_input,15,acceleration,-0.07130428674972422,fitted,602,0.01,original
within_record,past_input,15,steering,-0.11424859480744211,fitted,602,0.01,original
within_record,autocorrelation,16,yaw,0.5091159478029437,fitted,602,0.01,original
within_record,autocorrelation,16,acceleration,0.36391790987901856,fitted,602,0.01,original
within_record,autocorrelation,16,steering,0.3144292335359412,fitted,602,0.01,original
within_record,past_input,16,yaw,-0.24829853593050805,fitted,602,0.01,original
within_record,past_input,16,acceleration,-0.07647689169804782,fitted,602,0.01,original
within_record,past_input,16,steering,-0.13634841513870294,fitted,602,0.01,original
within_record,autocorrelation,17,yaw,0.47500423913969786,fitted,602,0.01,original
within_record,autocorrelation,17,acceleration,0.3255405933049236,fitted,602,0.01,original
within_record,autocorrelation,17,steering,0.2859930584409389,fitted,602,0.01,original
within_record,past_input,17,yaw,-0.25846551536538265,fitted,602,0.01,original
within_record,past_input,17,acceleration,-0.08200602422986299,fitted,602,0.01,original
within_record,past_input,17,steering,-0.15729703229077618,fitted,602,0.01,original
within_record,autocorrelation,18,yaw,0.44607862700042056,fitted,602,0.01,original
within_record,autocorrelation,18,acceleration,0.32608668272121494,fitted,602,0.01,original
within_record,autocorrelation,18,steering,0.25821377446340976,fitted,602,0.01,original
within_record,past_input,18,yaw,-0.2677128019986315,fitted,602,0.01,original
within_record,past_input,18,acceleration,-0.08856578779927778,fitted,602,0.01,original
within_record,past_input,18,steering,-0.17749404618048048,fitted,602,0.01,original
within_record,autocorrelation,19,yaw,0.413563559815715,fitted,602,0.01,original
within_record,autocorrelation,19,acceleration,0.2931071753832386,fitted,602,0.01,original
within_record,autocorrelation,19,steering,0.23244940912499276,fitted,602,0.01,original
within_record,past_input,19,yaw,-0.2752622500247304,fitted,602,0.01,original
within_record,past_input,19,acceleration,-0.09400890778606816,fitted,602,0.01,original
within_record,past_input,19,steering,-0.19713914055374152,fitted,602,0.01,original
within_record,autocorrelation,20,yaw,0.3861253644067578,fitted,602,0.01,original
within_record,autocorrelation,20,acceleration,0.2674050423775884,fitted,602,0.01,original
within_record,autocorrelation,20,steering,0.20444918921103272,fitted,602,0.01,original
within_record,past_input,20,yaw,-0.2831256724842898,fitted,602,0.01,original
within_record,past_input,20,acceleration,-0.09950501483081324,fitted,602,0.01,original
within_record,past_input,20,steering,-0.21407223224001712,fitted,602,0.01,original
pooled,autocorrelation,1,yaw,0.910991782326565,nominal,602,0.01,wider
pooled,autocorrelation,1,acceleration,0.7287546932880319,nominal,602,0.01,wider
pooled,autocorrelation,1,steering,0.5394257753422427,nominal,602,0.01,wider
pooled,past_input,1,yaw,0.22553458946374402,nominal,602,0.01,wider
pooled,past_input,1,acceleration,0.17682416339562682,nominal,602,0.01,wider
pooled,past_input,1,steering,-0.05613309313140531,nominal,602,0.01,wider
pooled,autocorrelation,2,yaw,0.9082151640005515,nominal,602,0.01,wider
pooled,autocorrelation,2,acceleration,0.7319784708065845,nominal,602,0.01,wider
pooled,autocorrelation,2,steering,0.5593492022221319,nominal,602,0.01,wider
pooled,past_input,2,yaw,0.2201676771720538,nominal,602,0.01,wider
pooled,past_input,2,acceleration,0.16318878800333605,nominal,602,0.01,wider
pooled,past_input,2,steering,-0.06949718775722863,nominal,602,0.01,wider
pooled,autocorrelation,3,yaw,0.9031200251607248,nominal,602,0.01,wider
pooled,autocorrelation,3,acceleration,0.7275108764908507,nominal,602,0.01,wider
pooled,autocorrelation,3,steering,0.5473952894494531,nominal,602,0.01,wider
pooled,past_input,3,yaw,0.21448952586427872,nominal,602,0.01,wider
pooled,past_input,3,acceleration,0.14925568570347425,nominal,602,0.01,wider
pooled,past_input,3,steering,-0.08305224482933238,nominal,602,0.01,wider
pooled,autocorrelation,4,yaw,0.8972838781144103,nominal,602,0.01,wider
pooled,autocorrelation,4,acceleration,0.7247758711255631,nominal,602,0.01,wider
pooled,autocorrelation,4,steering,0.5518885315597184,nominal,602,0.01,wider
pooled,past_input,4,yaw,0.20806199825677055,nominal,602,0.01,wider
pooled,past_input,4,acceleration,0.13331836749112974,nominal,602,0.01,wider
pooled,past_input,4,steering,-0.09684043939244692,nominal,602,0.01,wider
pooled,autocorrelation,5,yaw,0.8889797165013528,nominal,602,0.01,wider
pooled,autocorrelation,5,acceleration,0.710801634354731,nominal,602,0.01,wider
pooled,autocorrelation,5,steering,0.5402529452727107,nominal,602,0.01,wider
pooled,past_input,5,yaw,0.2005921912572542,nominal,602,0.01,wider
pooled,past_input,5,acceleration,0.11838326117934198,nominal,602,0.01,wider
pooled,past_input,5,steering,-0.11071977659633997,nominal,602,0.01,wider
pooled,autocorrelation,6,yaw,0.879951537221091,nominal,602,0.01,wider
pooled,autocorrelation,6,acceleration,0.7003845666215853,nominal,602,0.01,wider
pooled,autocorrelation,6,steering,0.5447840669199249,nominal,602,0.01,wider
pooled,past_input,6,yaw,0.19233712310933465,nominal,602,0.01,wider
pooled,past_input,6,acceleration,0.10287663597274625,nominal,602,0.01,wider
pooled,past_input,6,steering,-0.12353494079175482,nominal,602,0.01,wider
pooled,autocorrelation,7,yaw,0.8660615787020454,nominal,602,0.01,wider
pooled,autocorrelation,7,acceleration,0.6882550536566872,nominal,602,0.01,wider
pooled,autocorrelation,7,steering,0.5262804801323497,nominal,602,0.01,wider
pooled,past_input,7,yaw,0.18377133132274437,nominal,602,0.01,wider
pooled,past_input,7,acceleration,0.08669594740099879,nominal,602,0.01,wider
pooled,past_input,7,steering,-0.13688195681794144,nominal,602,0.01,wider
pooled,autocorrelation,8,yaw,0.8525038531738961,nominal,602,0.01,wider
pooled,autocorrelation,8,acceleration,0.6715166208909114,nominal,602,0.01,wider
pooled,autocorrelation,8,steering,0.5185385726635677,nominal,602,0.01,wider
pooled,past_input,8,yaw,0.1745850822602813,nominal,602,0.01,wider
pooled,past_input,8,acceleration,0.06958813235052017,nominal,602,0.01,wider
pooled,past_input,8,steering,-0.1494854387245086,nominal,602,0.01,wider
pooled,autocorrelation,9,yaw,0.8399796299896828,nominal,602,0.01,wider
pooled,autocorrelation,9,acceleration,0.6664680767241745,nominal,602,0.01,wider
pooled,autocorrelation,9,steering,0.5090812858871094,nominal,602,0.01,wider
pooled,past_input,9,yaw,0.16435750897053855,nominal,602,0.01,wider
pooled,past_input,9,acceleration,0.0538340492028959,nominal,602,0.01,wider
pooled,past_input,9,steering,-0.1605268491978643,nominal,602,0.01,wider
pooled,autocorrelation,10,yaw,0.8244783709898095,nominal,602,0.01,wider
pooled,autocorrelation,10,acceleration,0.6475225351132357,nominal,602,0.01,wider
pooled,autocorrelation,10,steering,0.4936644089053028,nominal,602,0.01,wider
pooled,past_input,10,yaw,0.15413278005312492,nominal,602,0.01,wider
pooled,past_input,10,acceleration,0.03840848861375242,nominal,602,0.01,wider
pooled,past_input,10,steering,-0.1711130986128098,nominal,602,0.01,wider
pooled,autocorrelation,11,yaw,0.8114812562209593,nominal,602,0.01,wider
pooled,autocorrelation,11,acceleration,0.6308002462144531,nominal,602,0.01,wider
pooled,autocorrelation,11,steering,0.4639956584001001,nominal,602,0.01,wider
pooled,past_input,11,yaw,0.1437859596495768,nominal,602,0.01,wider
pooled,past_input,11,acceleration,0.023122597884553297,nominal,602,0.01,wider
pooled,past_input,11,steering,-0.18140016324599864,nominal,602,0.01,wider
pooled,autocorrelation,12,yaw,0.7922911930387135,nominal,602,0.01,wider
pooled,autocorrelation,12,acceleration,0.6156425139644265,nominal,602,0.01,wider
pooled,autocorrelation,12,steering,0.45272956993075597,nominal,602,0.01,wider
pooled,past_input,12,yaw,0.13327298853814726,nominal,602,0.01,wider
pooled,past_input,12,acceleration,0.007936006339934513,nominal,602,0.01,wider
pooled,past_input,12,steering,-0.1910271459252301,nominal,602,0.01,wider
pooled,autocorrelation,13,yaw,0.7757963311941919,nominal,602,0.01,wider
pooled,autocorrelation,13,acceleration,0.5991069797496837,nominal,602,0.01,wider
pooled,autocorrelation,13,steering,0.4487412345879763,nominal,602,0.01,wider
pooled,past_input,13,yaw,0.12294820165455819,nominal,602,0.01,wider
pooled,past_input,13,acceleration,-0.006461698353487298,nominal,602,0.01,wider
pooled,past_input,13,steering,-0.199558333570032,nominal,602,0.01,wider
pooled,autocorrelation,14,yaw,0.7551254253934183,nominal,602,0.01,wider
pooled,autocorrelation,14,acceleration,0.574540940300664,nominal,602,0.01,wider
pooled,autocorrelation,14,steering,0.43215951418272025,nominal,602,0.01,wider
pooled,past_input,14,yaw,0.11205972788009336,nominal,602,0.01,wider
pooled,past_input,14,acceleration,-0.02153825856278069,nominal,602,0.01,wider
pooled,past_input,14,steering,-0.20708572215962517,nominal,602,0.01,wider
pooled,autocorrelation,15,yaw,0.7377037342055092,nominal,602,0.01,wider
pooled,autocorrelation,15,acceleration,0.5557265077385137,nominal,602,0.01,wider
pooled,autocorrelation,15,steering,0.39552895211652234,nominal,602,0.01,wider
pooled,past_input,15,yaw,0.10165558401713538,nominal,602,0.01,wider
pooled,past_input,15,acceleration,-0.035889793734385306,nominal,602,0.01,wider
pooled,past_input,15,steering,-0.21415151689906597,nominal,602,0.01,wider
pooled,autocorrelation,16,yaw,0.7141854043251729,nominal,602,0.01,wider
pooled,autocorrelation,16,acceleration,0.5289771740802987,nominal,602,0.01,wider
pooled,autocorrelation,16,steering,0.3817537206023149,nominal,602,0.01,wider
pooled,past_input,16,yaw,0.09175366978652277,nominal,602,0.01,wider
pooled,past_input,16,acceleration,-0.049783007925933806,nominal,602,0.01,wider
pooled,past_input,16,steering,-0.22098014474990105,nominal,602,0.01,wider
pooled,autocorrelation,17,yaw,0.6916711370644069,nominal,602,0.01,wider
pooled,autocorrelation,17,acceleration,0.49666891733080937,nominal,602,0.01,wider
pooled,autocorrelation,17,steering,0.36118246376181395,nominal,602,0.01,wider
pooled,past_input,17,yaw,0.08145356517547206,nominal,602,0.01,wider
pooled,past_input,17,acceleration,-0.06331349799180659,nominal,602,0.01,wider
pooled,past_input,17,steering,-0.2266720426108188,nominal,602,0.01,wider
pooled,autocorrelation,18,yaw,0.6714260981708228,nominal,602,0.01,wider
pooled,autocorrelation,18,acceleration,0.4874899397226869,nominal,602,0.01,wider
pooled,autocorrelation,18,steering,0.3408738848674054,nominal,602,0.01,wider
pooled,past_input,18,yaw,0.07162317320206886,nominal,602,0.01,wider
pooled,past_input,18,acceleration,-0.07728284205817378,nominal,602,0.01,wider
pooled,past_input,18,steering,-0.23216757693054121,nominal,602,0.01,wider
pooled,autocorrelation,19,yaw,0.6490479527054186,nominal,602,0.01,wider
pooled,autocorrelation,19,acceleration,0.45800844549872105,nominal,602,0.01,wider
pooled,autocorrelation,19,steering,0.32316857858966874,nominal,602,0.01,wider
pooled,past_input,19,yaw,0.06224344189643492,nominal,602,0.01,wider
pooled,past_input,19,acceleration,-0.09016315859680302,nominal,602,0.01,wider
pooled,past_input,19,steering,-0.23669024826112908,nominal,602,0.01,wider
pooled,autocorrelation,20,yaw,0.6292060979262392,nominal,602,0.01,wider
pooled,autocorrelation,20,acceleration,0.43228449551896797,nominal,602,0.01,wider
pooled,autocorrelation,20,steering,0.3028021550941455,nominal,602,0.01,wider
pooled,past_input,20,yaw,0.05246216225199239,nominal,602,0.01,wider
pooled,past_input,20,acceleration,-0.10220233179451452,nominal,602,0.01,wider
pooled,past_input,20,steering,-0.23973473558357794,nominal,602,0.01,wider
within_record,autocorrelation,1,yaw,0.8678896608154167,nominal,602,0.01,wider
within_record,autocorrelation,1,acceleration,0.6864483135345654,nominal,602,0.01,wider
within_record,autocorrelation,1,steering,0.4892405411696821,nominal,602,0.01,wider
within_record,past_input,1,yaw,0.27452399548640993,nominal,602,0.01,wider
within_record,past_input,1,acceleration,0.18485977092717298,nominal,602,0.01,wider
within_record,past_input,1,steering,-0.03938410127655071,nominal,602,0.01,wider
within_record,autocorrelation,2,yaw,0.863474485203142,nominal,602,0.01,wider
within_record,autocorrelation,2,acceleration,0.6898043594382545,nominal,602,0.01,wider
within_record,autocorrelation,2,steering,0.5111202497230504,nominal,602,0.01,wider
within_record,past_input,2,yaw,0.2675425329650212,nominal,602,0.01,wider
within_record,past_input,2,acceleration,0.16809560333707899,nominal,602,0.01,wider
within_record,past_input,2,steering,-0.054814235565268175,nominal,602,0.01,wider
within_record,autocorrelation,3,yaw,0.8555643080318678,nominal,602,0.01,wider
within_record,autocorrelation,3,acceleration,0.6842477700101744,nominal,602,0.01,wider
within_record,autocorrelation,3,steering,0.49778761781631065,nominal,602,0.01,wider
within_record,past_input,3,yaw,0.2598553748684597,nominal,602,0.01,wider
within_record,past_input,3,acceleration,0.15232765320507666,nominal,602,0.01,wider
within_record,past_input,3,steering,-0.0704889969735049,nominal,602,0.01,wider
within_record,autocorrelation,4,yaw,0.8463789877473094,nominal,602,0.01,wider
within_record,autocorrelation,4,acceleration,0.6805833666542142,nominal,602,0.01,wider
within_record,autocorrelation,4,steering,0.5023865473439011,nominal,602,0.01,wider
within_record,past_input,4,yaw,0.2513760188272652,nominal,602,0.01,wider
within_record,past_input,4,acceleration,0.13281157331583332,nominal,602,0.01,wider
within_record,past_input,4,steering,-0.08605301155000589,nominal,602,0.01,wider
within_record,autocorrelation,5,yaw,0.8334718275886802,nominal,602,0.01,wider
within_record,autocorrelation,5,acceleration,0.6640649599982941,nominal,602,0.01,wider
within_record,autocorrelation,5,steering,0.4889486358991615,nominal,602,0.01,wider
within_record,past_input,5,yaw,0.24133058950985198,nominal,602,0.01,wider
within_record,past_input,5,acceleration,0.1151166977740243,nominal,602,0.01,wider
within_record,past_input,5,steering,-0.10205681564316257,nominal,602,0.01,wider
within_record,autocorrelation,6,yaw,0.8193583385185347,nominal,602,0.01,wider
within_record,autocorrelation,6,acceleration,0.651633370240376,nominal,602,0.01,wider
within_record,autocorrelation,6,steering,0.49378224911241886,nominal,602,0.01,wider
within_record,past_input,6,yaw,0.23060438262282557,nominal,602,0.01,wider
within_record,past_input,6,acceleration,0.09648009656955475,nominal,602,0.01,wider
within_record,past_input,6,steering,-0.11668163291335899,nominal,602,0.01,wider
within_record,autocorrelation,7,yaw,0.7979235747213754,nominal,602,0.01,wider
within_record,autocorrelation,7,acceleration,0.6368418086242454,nominal,602,0.01,wider
within_record,autocorrelation,7,steering,0.4728007304659687,nominal,602,0.01,wider
within_record,past_input,7,yaw,0.21889382405732036,nominal,602,0.01,wider
within_record,past_input,7,acceleration,0.07724795079453523,nominal,602,0.01,wider
within_record,past_input,7,steering,-0.13215025976126873,nominal,602,0.01,wider
within_record,autocorrelation,8,yaw,0.7768964752221311,nominal,602,0.01,wider
within_record,autocorrelation,8,acceleration,0.6166940623679461,nominal,602,0.01,wider
within_record,autocorrelation,8,steering,0.46389077030739323,nominal,602,0.01,wider
within_record,past_input,8,yaw,0.2066743302395045,nominal,602,0.01,wider
within_record,past_input,8,acceleration,0.056569365625298025,nominal,602,0.01,wider
within_record,past_input,8,steering,-0.14719331993952794,nominal,602,0.01,wider
within_record,autocorrelation,9,yaw,0.7571916428511779,nominal,602,0.01,wider
within_record,autocorrelation,9,acceleration,0.6105184509388192,nominal,602,0.01,wider
within_record,autocorrelation,9,steering,0.45292687905121976,nominal,602,0.01,wider
within_record,past_input,9,yaw,0.19296080706781138,nominal,602,0.01,wider
within_record,past_input,9,acceleration,0.03803240082044728,nominal,602,0.01,wider
within_record,past_input,9,steering,-0.15992896003669171,nominal,602,0.01,wider
within_record,autocorrelation,10,yaw,0.7329096176886108,nominal,602,0.01,wider
within_record,autocorrelation,10,acceleration,0.5878459629837923,nominal,602,0.01,wider
within_record,autocorrelation,10,steering,0.43548757167140995,nominal,602,0.01,wider
within_record,past_input,10,yaw,0.1790419049502815,nominal,602,0.01,wider
within_record,past_input,10,acceleration,0.019690485551725166,nominal,602,0.01,wider
within_record,past_input,10,steering,-0.17188865480936585,nominal,602,0.01,wider
within_record,autocorrelation,11,yaw,0.7122500781598385,nominal,602,0.01,wider
within_record,autocorrelation,11,acceleration,0.5680082053892004,nominal,602,0.01,wider
within_record,autocorrelation,11,steering,0.40221949665276724,nominal,602,0.01,wider
within_record,past_input,11,yaw,0.16514004677678248,nominal,602,0.01,wider
within_record,past_input,11,acceleration,0.0015240882951187455,nominal,602,0.01,wider
within_record,past_input,11,steering,-0.1846064741205801,nominal,602,0.01,wider
within_record,autocorrelation,12,yaw,0.6822207867356479,nominal,602,0.01,wider
within_record,autocorrelation,12,acceleration,0.5498573260005207,nominal,602,0.01,wider
within_record,autocorrelation,12,steering,0.38944134523797536,nominal,602,0.01,wider
within_record,past_input,12,yaw,0.15095579074523618,nominal,602,0.01,wider
within_record,past_input,12,acceleration,-0.016442842791847934,nominal,602,0.01,wider
within_record,past_input,12,steering,-0.1959790425062865,nominal,602,0.01,wider
within_record,autocorrelation,13,yaw,0.6560293579685066,nominal,602,0.01,wider
within_record,autocorrelation,13,acceleration,0.530262297578237,nominal,602,0.01,wider
within_record,autocorrelation,13,steering,0.3847844958423224,nominal,602,0.01,wider
within_record,past_input,13,yaw,0.13725806263147805,nominal,602,0.01,wider
within_record,past_input,13,acceleration,-0.03412649413022828,nominal,602,0.01,wider
within_record,past_input,13,steering,-0.20596562148850298,nominal,602,0.01,wider
within_record,autocorrelation,14,yaw,0.6232712538678369,nominal,602,0.01,wider
within_record,autocorrelation,14,acceleration,0.5012177130510972,nominal,602,0.01,wider
within_record,autocorrelation,14,steering,0.3658211422267924,nominal,602,0.01,wider
within_record,past_input,14,yaw,0.12263261767783887,nominal,602,0.01,wider
within_record,past_input,14,acceleration,-0.0521497054257427,nominal,602,0.01,wider
within_record,past_input,14,steering,-0.21437036930880757,nominal,602,0.01,wider
within_record,autocorrelation,15,yaw,0.5956649225049094,nominal,602,0.01,wider
within_record,autocorrelation,15,acceleration,0.4785947215893868,nominal,602,0.01,wider
within_record,autocorrelation,15,steering,0.32455571145640366,nominal,602,0.01,wider
within_record,past_input,15,yaw,0.10879548637509831,nominal,602,0.01,wider
within_record,past_input,15,acceleration,-0.06931753320320522,nominal,602,0.01,wider
within_record,past_input,15,steering,-0.22222363019952734,nominal,602,0.01,wider
within_record,autocorrelation,16,yaw,0.5585339016675259,nominal,602,0.01,wider
within_record,autocorrelation,16,acceleration,0.44698561176096346,nominal,602,0.01,wider
within_record,autocorrelation,16,steering,0.3090197723097714,nominal,602,0.01,wider
within_record,past_input,16,yaw,0.09513655264528571,nominal,602,0.01,wider
within_record,past_input,16,acceleration,-0.08591930176889341,nominal,602,0.01,wider
within_record,past_input,16,steering,-0.22995099419148515,nominal,602,0.01,wider
within_record,autocorrelation,17,yaw,0.5230210819156478,nominal,602,0.01,wider
within_record,autocorrelation,17,acceleration,0.4086527817204742,nominal,602,0.01,wider
within_record,autocorrelation,17,steering,0.2856207242964322,nominal,602,0.01,wider
within_record,past_input,17,yaw,0.08117875728798615,nominal,602,0.01,wider
within_record,past_input,17,acceleration,-0.10242933484787796,nominal,602,0.01,wider
within_record,past_input,17,steering,-0.2367137371108608,nominal,602,0.01,wider
within_record,autocorrelation,18,yaw,0.4908051685363558,nominal,602,0.01,wider
within_record,autocorrelation,18,acceleration,0.3977843910047428,nominal,602,0.01,wider
within_record,autocorrelation,18,steering,0.2625485260006928,nominal,602,0.01,wider
within_record,past_input,18,yaw,0.06754588946804081,nominal,602,0.01,wider
within_record,past_input,18,acceleration,-0.11936280837396387,nominal,602,0.01,wider
within_record,past_input,18,steering,-0.24283851558676678,nominal,602,0.01,wider
within_record,autocorrelation,19,yaw,0.4552218601598542,nominal,602,0.01,wider
within_record,autocorrelation,19,acceleration,0.3629737101798271,nominal,602,0.01,wider
within_record,autocorrelation,19,steering,0.24236685284216225,nominal,602,0.01,wider
within_record,past_input,19,yaw,0.05457273746844254,nominal,602,0.01,wider
within_record,past_input,19,acceleration,-0.13491286767125024,nominal,602,0.01,wider
within_record,past_input,19,steering,-0.2485197816995308,nominal,602,0.01,wider
within_record,autocorrelation,20,yaw,0.42339485950549455,nominal,602,0.01,wider
within_record,autocorrelation,20,acceleration,0.3324335910312652,nominal,602,0.01,wider
within_record,autocorrelation,20,steering,0.21888992584063954,nominal,602,0.01,wider
within_record,past_input,20,yaw,0.0407907893671223,nominal,602,0.01,wider
within_record,past_input,20,acceleration,-0.15008597221960104,nominal,602,0.01,wider
within_record,past_input,20,steering,-0.2516204315996519,nominal,602,0.01,wider
pooled,autocorrelation,1,yaw,0.839944763852944,fitted,602,0.01,wider
pooled,autocorrelation,1,acceleration,0.659179003384023,fitted,602,0.01,wider
pooled,autocorrelation,1,steering,0.5778731417421535,fitted,602,0.01,wider
pooled,past_input,1,yaw,-0.1130978963578831,fitted,602,0.01,wider
pooled,past_input,1,acceleration,-0.11435091595033857,fitted,602,0.01,wider
pooled,past_input,1,steering,0.2322276573350315,fitted,602,0.01,wider
pooled,autocorrelation,2,yaw,0.8374968102241033,fitted,602,0.01,wider
pooled,autocorrelation,2,acceleration,0.6625991348921093,fitted,602,0.01,wider
pooled,autocorrelation,2,steering,0.5948222317991554,fitted,602,0.01,wider
pooled,past_input,2,yaw,-0.12447096171224377,fitted,602,0.01,wider
pooled,past_input,2,acceleration,-0.12299989477357803,fitted,602,0.01,wider
pooled,past_input,2,steering,0.2127693677269758,fitted,602,0.01,wider
pooled,autocorrelation,3,yaw,0.8325430879310679,fitted,602,0.01,wider
pooled,autocorrelation,3,acceleration,0.656270864659088,fitted,602,0.01,wider
pooled,autocorrelation,3,steering,0.5819101576037768,fitted,602,0.01,wider
pooled,past_input,3,yaw,-0.13552044070898853,fitted,602,0.01,wider
pooled,past_input,3,acceleration,-0.13088869175834908,fitted,602,0.01,wider
pooled,past_input,3,steering,0.19234994588876564,fitted,602,0.01,wider
pooled,autocorrelation,4,yaw,0.8279566260447457,fitted,602,0.01,wider
pooled,autocorrelation,4,acceleration,0.6517687901061749,fitted,602,0.01,wider
pooled,autocorrelation,4,steering,0.5831300330436302,fitted,602,0.01,wider
pooled,past_input,4,yaw,-0.14694992139627353,fitted,602,0.01,wider
pooled,past_input,4,acceleration,-0.14003627237766392,fitted,602,0.01,wider
pooled,past_input,4,steering,0.17086638222296843,fitted,602,0.01,wider
pooled,autocorrelation,5,yaw,0.8202394091676554,fitted,602,0.01,wider
pooled,autocorrelation,5,acceleration,0.6333624462050061,fitted,602,0.01,wider
pooled,autocorrelation,5,steering,0.5689052892233114,fitted,602,0.01,wider
pooled,past_input,5,yaw,-0.15917635006851116,fitted,602,0.01,wider
pooled,past_input,5,acceleration,-0.14667026242305672,fitted,602,0.01,wider
pooled,past_input,5,steering,0.1486482195776603,fitted,602,0.01,wider
pooled,autocorrelation,6,yaw,0.8128779386113122,fitted,602,0.01,wider
pooled,autocorrelation,6,acceleration,0.6196109528921784,fitted,602,0.01,wider
pooled,autocorrelation,6,steering,0.5689483907482294,fitted,602,0.01,wider
pooled,past_input,6,yaw,-0.17177120590255693,fitted,602,0.01,wider
pooled,past_input,6,acceleration,-0.15290346844669653,fitted,602,0.01,wider
pooled,past_input,6,steering,0.12652283483050875,fitted,602,0.01,wider
pooled,autocorrelation,7,yaw,0.7974796495277756,fitted,602,0.01,wider
pooled,autocorrelation,7,acceleration,0.6033287535920866,fitted,602,0.01,wider
pooled,autocorrelation,7,steering,0.547487931377233,fitted,602,0.01,wider
pooled,past_input,7,yaw,-0.18422700731358335,fitted,602,0.01,wider
pooled,past_input,7,acceleration,-0.15877978978189988,fitted,602,0.01,wider
pooled,past_input,7,steering,0.1029263458165949,fitted,602,0.01,wider
pooled,autocorrelation,8,yaw,0.7838353737944898,fitted,602,0.01,wider
pooled,autocorrelation,8,acceleration,0.5820279154398216,fitted,602,0.01,wider
pooled,autocorrelation,8,steering,0.5352188747458079,fitted,602,0.01,wider
pooled,past_input,8,yaw,-0.19695626567311858,fitted,602,0.01,wider
pooled,past_input,8,acceleration,-0.1643129389973101,fitted,602,0.01,wider
pooled,past_input,8,steering,0.07953862437664169,fitted,602,0.01,wider
pooled,autocorrelation,9,yaw,0.7730313372490016,fitted,602,0.01,wider
pooled,autocorrelation,9,acceleration,0.5764060402886756,fitted,602,0.01,wider
pooled,autocorrelation,9,steering,0.5210112303391428,fitted,602,0.01,wider
pooled,past_input,9,yaw,-0.2102012345525645,fitted,602,0.01,wider
pooled,past_input,9,acceleration,-0.16688917375860557,fitted,602,0.01,wider
pooled,past_input,9,steering,0.056915841845223324,fitted,602,0.01,wider
pooled,autocorrelation,10,yaw,0.7581282786390684,fitted,602,0.01,wider
pooled,autocorrelation,10,acceleration,0.5535238753465808,fitted,602,0.01,wider
pooled,autocorrelation,10,steering,0.5001203060945678,fitted,602,0.01,wider
pooled,past_input,10,yaw,-0.22246045162748854,fitted,602,0.01,wider
pooled,past_input,10,acceleration,-0.16810140175391122,fitted,602,0.01,wider
pooled,past_input,10,steering,0.03417198822296208,fitted,602,0.01,wider
pooled,autocorrelation,11,yaw,0.7487517593540405,fitted,602,0.01,wider
pooled,autocorrelation,11,acceleration,0.5343935463408077,fitted,602,0.01,wider
pooled,autocorrelation,11,steering,0.46561776893207163,fitted,602,0.01,wider
pooled,past_input,11,yaw,-0.23375632899287568,fitted,602,0.01,wider
pooled,past_input,11,acceleration,-0.1679983944210507,fitted,602,0.01,wider
pooled,past_input,11,steering,0.011188818100009814,fitted,602,0.01,wider
pooled,autocorrelation,12,yaw,0.7290567995362909,fitted,602,0.01,wider
pooled,autocorrelation,12,acceleration,0.5180705082170117,fitted,602,0.01,wider
pooled,autocorrelation,12,steering,0.44742329150003524,fitted,602,0.01,wider
pooled,past_input,12,yaw,-0.24452287295612846,fitted,602,0.01,wider
pooled,past_input,12,acceleration,-0.16689248055236555,fitted,602,0.01,wider
pooled,past_input,12,steering,-0.011692545133491397,fitted,602,0.01,wider
pooled,autocorrelation,13,yaw,0.7153470737731318,fitted,602,0.01,wider
pooled,autocorrelation,13,acceleration,0.5005763013763347,fitted,602,0.01,wider
pooled,autocorrelation,13,steering,0.4355272828520653,fitted,602,0.01,wider
pooled,past_input,13,yaw,-0.25396973999841044,fitted,602,0.01,wider
pooled,past_input,13,acceleration,-0.16431679456721515,fitted,602,0.01,wider
pooled,past_input,13,steering,-0.03382342253551752,fitted,602,0.01,wider
pooled,autocorrelation,14,yaw,0.6950323631083835,fitted,602,0.01,wider
pooled,autocorrelation,14,acceleration,0.47314113915793865,fitted,602,0.01,wider
pooled,autocorrelation,14,steering,0.41073801427030965,fitted,602,0.01,wider
pooled,past_input,14,yaw,-0.2631925445807441,fitted,602,0.01,wider
pooled,past_input,14,acceleration,-0.16189603893359453,fitted,602,0.01,wider
pooled,past_input,14,steering,-0.055149907436684555,fitted,602,0.01,wider
pooled,autocorrelation,15,yaw,0.681816103902209,fitted,602,0.01,wider
pooled,autocorrelation,15,acceleration,0.4533098457508559,fitted,602,0.01,wider
pooled,autocorrelation,15,steering,0.367227092075572,fitted,602,0.01,wider
pooled,past_input,15,yaw,-0.2706377576724197,fitted,602,0.01,wider
pooled,past_input,15,acceleration,-0.15816484350276847,fitted,602,0.01,wider
pooled,past_input,15,steering,-0.07633417405483159,fitted,602,0.01,wider
pooled,autocorrelation,16,yaw,0.6592998557537059,fitted,602,0.01,wider
pooled,autocorrelation,16,acceleration,0.4238457855084827,fitted,602,0.01,wider
pooled,autocorrelation,16,steering,0.3449506713988056,fitted,602,0.01,wider
pooled,past_input,16,yaw,-0.2764710019868365,fitted,602,0.01,wider
pooled,past_input,16,acceleration,-0.15357768833888866,fitted,602,0.01,wider
pooled,past_input,16,steering,-0.09743382131926145,fitted,602,0.01,wider
pooled,autocorrelation,17,yaw,0.6388915536036827,fitted,602,0.01,wider
pooled,autocorrelation,17,acceleration,0.38762678772368636,fitted,602,0.01,wider
pooled,autocorrelation,17,steering,0.31574875812493647,fitted,602,0.01,wider
pooled,past_input,17,yaw,-0.2821710481081005,fitted,602,0.01,wider
pooled,past_input,17,acceleration,-0.14839317173972338,fitted,602,0.01,wider
pooled,past_input,17,steering,-0.11750131480507053,fitted,602,0.01,wider
pooled,autocorrelation,18,yaw,0.623074437868607,fitted,602,0.01,wider
pooled,autocorrelation,18,acceleration,0.38058922548543495,fitted,602,0.01,wider
pooled,autocorrelation,18,steering,0.2867106228268637,fitted,602,0.01,wider
pooled,past_input,18,yaw,-0.2866310184319252,fitted,602,0.01,wider
pooled,past_input,18,acceleration,-0.14358264627635448,fitted,602,0.01,wider
pooled,past_input,18,steering,-0.1374145316314493,fitted,602,0.01,wider
pooled,autocorrelation,19,yaw,0.6046631397906783,fitted,602,0.01,wider
pooled,autocorrelation,19,acceleration,0.34841446876069415,fitted,602,0.01,wider
pooled,autocorrelation,19,steering,0.2589469177895191,fitted,602,0.01,wider
pooled,past_input,19,yaw,-0.2898932190384166,fitted,602,0.01,wider
pooled,past_input,19,acceleration,-0.1374487848379782,fitted,602,0.01,wider
pooled,past_input,19,steering,-0.1563972526669655,fitted,602,0.01,wider
pooled,autocorrelation,20,yaw,0.5904757000225693,fitted,602,0.01,wider
pooled,autocorrelation,20,acceleration,0.3203993200141636,fitted,602,0.01,wider
pooled,autocorrelation,20,steering,0.22960273339900092,fitted,602,0.01,wider
pooled,past_input,20,yaw,-0.29289130892809556,fitted,602,0.01,wider
pooled,past_input,20,acceleration,-0.13053711863213885,fitted,602,0.01,wider
pooled,past_input,20,steering,-0.1738475153814996,fitted,602,0.01,wider
within_record,autocorrelation,1,yaw,0.7619707088014532,fitted,602,0.01,wider
within_record,autocorrelation,1,acceleration,0.6442101420362466,fitted,602,0.01,wider
within_record,autocorrelation,1,steering,0.5617446384023705,fitted,602,0.01,wider
within_record,past_input,1,yaw,-0.05963990862394635,fitted,602,0.01,wider
within_record,past_input,1,acceleration,-0.13642259793523914,fitted,602,0.01,wider
within_record,past_input,1,steering,0.24502833242402056,fitted,602,0.01,wider
within_record,autocorrelation,2,yaw,0.757890918319548,fitted,602,0.01,wider
within_record,autocorrelation,2,acceleration,0.6475421591329338,fitted,602,0.01,wider
within_record,autocorrelation,2,steering,0.5792575851235928,fitted,602,0.01,wider
within_record,past_input,2,yaw,-0.07471633036945867,fitted,602,0.01,wider
within_record,past_input,2,acceleration,-0.1469319494194506,fitted,602,0.01,wider
within_record,past_input,2,steering,0.2229832763960189,fitted,602,0.01,wider
within_record,autocorrelation,3,yaw,0.7500983320642539,fitted,602,0.01,wider
within_record,autocorrelation,3,acceleration,0.6407051347272693,fitted,602,0.01,wider
within_record,autocorrelation,3,steering,0.5658587277970228,fitted,602,0.01,wider
within_record,past_input,3,yaw,-0.08979512818265459,fitted,602,0.01,wider
within_record,past_input,3,acceleration,-0.155015542271447,fitted,602,0.01,wider
within_record,past_input,3,steering,0.19967434655564384,fitted,602,0.01,wider
within_record,autocorrelation,4,yaw,0.7425032259335386,fitted,602,0.01,wider
within_record,autocorrelation,4,acceleration,0.6357248100001767,fitted,602,0.01,wider
within_record,autocorrelation,4,steering,0.5669801114300729,fitted,602,0.01,wider
within_record,past_input,4,yaw,-0.10522894246203641,fitted,602,0.01,wider
within_record,past_input,4,acceleration,-0.16600216294441827,fitted,602,0.01,wider
within_record,past_input,4,steering,0.17553751311015636,fitted,602,0.01,wider
within_record,autocorrelation,5,yaw,0.730236621053371,fitted,602,0.01,wider
within_record,autocorrelation,5,acceleration,0.6163324963415974,fitted,602,0.01,wider
within_record,autocorrelation,5,steering,0.5520567706982432,fitted,602,0.01,wider
within_record,past_input,5,yaw,-0.12179931786470771,fitted,602,0.01,wider
within_record,past_input,5,acceleration,-0.1732864167628263,fitted,602,0.01,wider
within_record,past_input,5,steering,0.15027805271821892,fitted,602,0.01,wider
within_record,autocorrelation,6,yaw,0.7183175938213376,fitted,602,0.01,wider
within_record,autocorrelation,6,acceleration,0.6018179694602258,fitted,602,0.01,wider
within_record,autocorrelation,6,steering,0.5521003916674263,fitted,602,0.01,wider
within_record,past_input,6,yaw,-0.1383408727659064,fitted,602,0.01,wider
within_record,past_input,6,acceleration,-0.18031761862638157,fitted,602,0.01,wider
within_record,past_input,6,steering,0.12520630050535497,fitted,602,0.01,wider
within_record,autocorrelation,7,yaw,0.6943636294027536,fitted,602,0.01,wider
within_record,autocorrelation,7,acceleration,0.5843784190634974,fitted,602,0.01,wider
within_record,autocorrelation,7,steering,0.5295924039398296,fitted,602,0.01,wider
within_record,past_input,7,yaw,-0.15548538212018803,fitted,602,0.01,wider
within_record,past_input,7,acceleration,-0.18671670215310296,fitted,602,0.01,wider
within_record,past_input,7,steering,0.09839881122261561,fitted,602,0.01,wider
within_record,autocorrelation,8,yaw,0.6729574035047423,fitted,602,0.01,wider
within_record,autocorrelation,8,acceleration,0.5617698271277505,fitted,602,0.01,wider
within_record,autocorrelation,8,steering,0.5166971705415105,fitted,602,0.01,wider
within_record,past_input,8,yaw,-0.17252439425744395,fitted,602,0.01,wider
within_record,past_input,8,acceleration,-0.19304268460967505,fitted,602,0.01,wider
within_record,past_input,8,steering,0.0713627946114385,fitted,602,0.01,wider
within_record,autocorrelation,9,yaw,0.6553825588409202,fitted,602,0.01,wider
within_record,autocorrelation,9,acceleration,0.5557782519367462,fitted,602,0.01,wider
within_record,autocorrelation,9,steering,0.5017380678708593,fitted,602,0.01,wider
within_record,past_input,9,yaw,-0.19053309381314731,fitted,602,0.01,wider
within_record,past_input,9,acceleration,-0.19528082209626085,fitted,602,0.01,wider
within_record,past_input,9,steering,0.04567415761123779,fitted,602,0.01,wider
within_record,autocorrelation,10,yaw,0.6318435972581596,fitted,602,0.01,wider
within_record,autocorrelation,10,acceleration,0.5315314173969411,fitted,602,0.01,wider
within_record,autocorrelation,10,steering,0.4799461725530138,fitted,602,0.01,wider
within_record,past_input,10,yaw,-0.2073567448708091,fitted,602,0.01,wider
within_record,past_input,10,acceleration,-0.19616990132912188,fitted,602,0.01,wider
within_record,past_input,10,steering,0.020014613722040494,fitted,602,0.01,wider
within_record,autocorrelation,11,yaw,0.6165268490345671,fitted,602,0.01,wider
within_record,autocorrelation,11,acceleration,0.5113407788053046,fitted,602,0.01,wider
within_record,autocorrelation,11,steering,0.4440298395693097,fitted,602,0.01,wider
within_record,past_input,11,yaw,-0.2225455934443009,fitted,602,0.01,wider
within_record,past_input,11,acceleration,-0.1954871040265512,fitted,602,0.01,wider
within_record,past_input,11,steering,-0.006900289109351545,fitted,602,0.01,wider
within_record,autocorrelation,12,yaw,0.5856100946238529,fitted,602,0.01,wider
within_record,autocorrelation,12,acceleration,0.49407097918339893,fitted,602,0.01,wider
within_record,autocorrelation,12,steering,0.42498916792634395,fitted,602,0.01,wider
within_record,past_input,12,yaw,-0.23693316257249417,fitted,602,0.01,wider
within_record,past_input,12,acceleration,-0.19353990125812712,fitted,602,0.01,wider
within_record,past_input,12,steering,-0.0331767904564922,fitted,602,0.01,wider
within_record,autocorrelation,13,yaw,0.5635235022651924,fitted,602,0.01,wider
within_record,autocorrelation,13,acceleration,0.4757208831346664,fitted,602,0.01,wider
within_record,autocorrelation,13,steering,0.41253918569018727,fitted,602,0.01,wider
within_record,past_input,13,yaw,-0.2494103030898611,fitted,602,0.01,wider
within_record,past_input,13,acceleration,-0.1906058657921617,fitted,602,0.01,wider
within_record,past_input,13,steering,-0.058486377451311126,fitted,602,0.01,wider
within_record,autocorrelation,14,yaw,0.5312193840278729,fitted,602,0.01,wider
within_record,autocorrelation,14,acceleration,0.4469610374786156,fitted,602,0.01,wider
within_record,autocorrelation,14,steering,0.3865581986740669,fitted,602,0.01,wider
within_record,past_input,14,yaw,-0.26174187258859494,fitted,602,0.01,wider
within_record,past_input,14,acceleration,-0.18732459146435138,fitted,602,0.01,wider
within_record,past_input,14,steering,-0.08247323395580906,fitted,602,0.01,wider
within_record,autocorrelation,15,yaw,0.5099632048149848,fitted,602,0.01,wider
within_record,autocorrelation,15,acceleration,0.4259675742045586,fitted,602,0.01,wider
within_record,autocorrelation,15,steering,0.3410883104204911,fitted,602,0.01,wider
within_record,past_input,15,yaw,-0.27136179620519896,fitted,602,0.01,wider
within_record,past_input,15,acceleration,-0.1826256791897373,fitted,602,0.01,wider
within_record,past_input,15,steering,-0.10630171960699679,fitted,602,0.01,wider
within_record,autocorrelation,16,yaw,0.47450147403890774,fitted,602,0.01,wider
within_record,autocorrelation,16,acceleration,0.39510500897585904,fitted,602,0.01,wider
within_record,autocorrelation,16,steering,0.31791152307022125,fitted,602,0.01,wider
within_record,past_input,16,yaw,-0.2791536924269622,fitted,602,0.01,wider
within_record,past_input,16,acceleration,-0.17694175712638427,fitted,602,0.01,wider
within_record,past_input,16,steering,-0.13016152605099598,fitted,602,0.01,wider
within_record,autocorrelation,17,yaw,0.44234472218187104,fitted,602,0.01,wider
within_record,autocorrelation,17,acceleration,0.3569931789412923,fitted,602,0.01,wider
within_record,autocorrelation,17,steering,0.28730791794519994,fitted,602,0.01,wider
within_record,past_input,17,yaw,-0.2864128650902123,fitted,602,0.01,wider
within_record,past_input,17,acceleration,-0.17098825431354103,fitted,602,0.01,wider
within_record,past_input,17,steering,-0.15314776043139186,fitted,602,0.01,wider
within_record,autocorrelation,18,yaw,0.41703021369680765,fitted,602,0.01,wider
within_record,autocorrelation,18,acceleration,0.349701174387724,fitted,602,0.01,wider
within_record,autocorrelation,18,steering,0.2570058981202211,fitted,602,0.01,wider
within_record,past_input,18,yaw,-0.2923740823424714,fitted,602,0.01,wider
within_record,past_input,18,acceleration,-0.16536082565923124,fitted,602,0.01,wider
within_record,past_input,18,steering,-0.17559665786605666,fitted,602,0.01,wider
within_record,autocorrelation,19,yaw,0.3876912566723979,fitted,602,0.01,wider
within_record,autocorrelation,19,acceleration,0.3160995578998788,fitted,602,0.01,wider
within_record,autocorrelation,19,steering,0.22803400791626785,fitted,602,0.01,wider
within_record,past_input,19,yaw,-0.29639910404213243,fitted,602,0.01,wider
within_record,past_input,19,acceleration,-0.15822201793030857,fitted,602,0.01,wider
within_record,past_input,19,steering,-0.19757990999275385,fitted,602,0.01,wider
within_record,autocorrelation,20,yaw,0.3645802464575455,fitted,602,0.01,wider
within_record,autocorrelation,20,acceleration,0.28657223396278914,fitted,602,0.01,wider
within_record,autocorrelation,20,steering,0.19731600227404494,fitted,602,0.01,wider
within_record,past_input,20,yaw,-0.30050322235170934,fitted,602,0.01,wider
within_record,past_input,20,acceleration,-0.15088627211020308,fitted,602,0.01,wider
within_record,past_input,20,steering,-0.21703414991000194,fitted,602,0.01,wider
pooled,autocorrelation,1,yaw,0.910991782326565,nominal,602,0.01,widest
pooled,autocorrelation,1,acceleration,0.7287546932880319,nominal,602,0.01,widest
pooled,autocorrelation,1,steering,0.5394257753422427,nominal,602,0.01,widest
pooled,past_input,1,yaw,0.22553458946374402,nominal,602,0.01,widest
pooled,past_input,1,acceleration,0.17682416339562682,nominal,602,0.01,widest
pooled,past_input,1,steering,-0.05613309313140531,nominal,602,0.01,widest
pooled,autocorrelation,2,yaw,0.9082151640005515,nominal,602,0.01,widest
pooled,autocorrelation,2,acceleration,0.7319784708065845,nominal,602,0.01,widest
pooled,autocorrelation,2,steering,0.5593492022221319,nominal,602,0.01,widest
pooled,past_input,2,yaw,0.2201676771720538,nominal,602,0.01,widest
pooled,past_input,2,acceleration,0.16318878800333605,nominal,602,0.01,widest
pooled,past_input,2,steering,-0.06949718775722863,nominal,602,0.01,widest
pooled,autocorrelation,3,yaw,0.9031200251607248,nominal,602,0.01,widest
pooled,autocorrelation,3,acceleration,0.7275108764908507,nominal,602,0.01,widest
pooled,autocorrelation,3,steering,0.5473952894494531,nominal,602,0.01,widest
pooled,past_input,3,yaw,0.21448952586427872,nominal,602,0.01,widest
pooled,past_input,3,acceleration,0.14925568570347425,nominal,602,0.01,widest
pooled,past_input,3,steering,-0.08305224482933238,nominal,602,0.01,widest
pooled,autocorrelation,4,yaw,0.8972838781144103,nominal,602,0.01,widest
pooled,autocorrelation,4,acceleration,0.7247758711255631,nominal,602,0.01,widest
pooled,autocorrelation,4,steering,0.5518885315597184,nominal,602,0.01,widest
pooled,past_input,4,yaw,0.20806199825677055,nominal,602,0.01,widest
pooled,past_input,4,acceleration,0.13331836749112974,nominal,602,0.01,widest
pooled,past_input,4,steering,-0.09684043939244692,nominal,602,0.01,widest
pooled,autocorrelation,5,yaw,0.8889797165013528,nominal,602,0.01,widest
pooled,autocorrelation,5,acceleration,0.710801634354731,nominal,602,0.01,widest
pooled,autocorrelation,5,steering,0.5402529452727107,nominal,602,0.01,widest
pooled,past_input,5,yaw,0.2005921912572542,nominal,602,0.01,widest
pooled,past_input,5,acceleration,0.11838326117934198,nominal,602,0.01,widest
pooled,past_input,5,steering,-0.11071977659633997,nominal,602,0.01,widest
pooled,autocorrelation,6,yaw,0.879951537221091,nominal,602,0.01,widest
pooled,autocorrelation,6,acceleration,0.7003845666215853,nominal,602,0.01,widest
pooled,autocorrelation,6,steering,0.5447840669199249,nominal,602,0.01,widest
pooled,past_input,6,yaw,0.19233712310933465,nominal,602,0.01,widest
pooled,past_input,6,acceleration,0.10287663597274625,nominal,602,0.01,widest
pooled,past_input,6,steering,-0.12353494079175482,nominal,602,0.01,widest
pooled,autocorrelation,7,yaw,0.8660615787020454,nominal,602,0.01,widest
pooled,autocorrelation,7,acceleration,0.6882550536566872,nominal,602,0.01,widest
pooled,autocorrelation,7,steering,0.5262804801323497,nominal,602,0.01,widest
pooled,past_input,7,yaw,0.18377133132274437,nominal,602,0.01,widest
pooled,past_input,7,acceleration,0.08669594740099879,nominal,602,0.01,widest
pooled,past_input,7,steering,-0.13688195681794144,nominal,602,0.01,widest
pooled,autocorrelation,8,yaw,0.8525038531738961,nominal,602,0.01,widest
pooled,autocorrelation,8,acceleration,0.6715166208909114,nominal,602,0.01,widest
pooled,autocorrelation,8,steering,0.5185385726635677,nominal,602,0.01,widest
pooled,past_input,8,yaw,0.1745850822602813,nominal,602,0.01,widest
pooled,past_input,8,acceleration,0.06958813235052017,nominal,602,0.01,widest
pooled,past_input,8,steering,-0.1494854387245086,nominal,602,0.01,widest
pooled,autocorrelation,9,yaw,0.8399796299896828,nominal,602,0.01,widest
pooled,autocorrelation,9,acceleration,0.6664680767241745,nominal,602,0.01,widest
pooled,autocorrelation,9,steering,0.5090812858871094,nominal,602,0.01,widest
pooled,past_input,9,yaw,0.16435750897053855,nominal,602,0.01,widest
pooled,past_input,9,acceleration,0.0538340492028959,nominal,602,0.01,widest
pooled,past_input,9,steering,-0.1605268491978643,nominal,602,0.01,widest
pooled,autocorrelation,10,yaw,0.8244783709898095,nominal,602,0.01,widest
pooled,autocorrelation,10,acceleration,0.6475225351132357,nominal,602,0.01,widest
pooled,autocorrelation,10,steering,0.4936644089053028,nominal,602,0.01,widest
pooled,past_input,10,yaw,0.15413278005312492,nominal,602,0.01,widest
pooled,past_input,10,acceleration,0.03840848861375242,nominal,602,0.01,widest
pooled,past_input,10,steering,-0.1711130986128098,nominal,602,0.01,widest
pooled,autocorrelation,11,yaw,0.8114812562209593,nominal,602,0.01,widest
pooled,autocorrelation,11,acceleration,0.6308002462144531,nominal,602,0.01,widest
pooled,autocorrelation,11,steering,0.4639956584001001,nominal,602,0.01,widest
pooled,past_input,11,yaw,0.1437859596495768,nominal,602,0.01,widest
pooled,past_input,11,acceleration,0.023122597884553297,nominal,602,0.01,widest
pooled,past_input,11,steering,-0.18140016324599864,nominal,602,0.01,widest
pooled,autocorrelation,12,yaw,0.7922911930387135,nominal,602,0.01,widest
pooled,autocorrelation,12,acceleration,0.6156425139644265,nominal,602,0.01,widest
pooled,autocorrelation,12,steering,0.45272956993075597,nominal,602,0.01,widest
pooled,past_input,12,yaw,0.13327298853814726,nominal,602,0.01,widest
pooled,past_input,12,acceleration,0.007936006339934513,nominal,602,0.01,widest
pooled,past_input,12,steering,-0.1910271459252301,nominal,602,0.01,widest
pooled,autocorrelation,13,yaw,0.7757963311941919,nominal,602,0.01,widest
pooled,autocorrelation,13,acceleration,0.5991069797496837,nominal,602,0.01,widest
pooled,autocorrelation,13,steering,0.4487412345879763,nominal,602,0.01,widest
pooled,past_input,13,yaw,0.12294820165455819,nominal,602,0.01,widest
pooled,past_input,13,acceleration,-0.006461698353487298,nominal,602,0.01,widest
pooled,past_input,13,steering,-0.199558333570032,nominal,602,0.01,widest
pooled,autocorrelation,14,yaw,0.7551254253934183,nominal,602,0.01,widest
pooled,autocorrelation,14,acceleration,0.574540940300664,nominal,602,0.01,widest
pooled,autocorrelation,14,steering,0.43215951418272025,nominal,602,0.01,widest
pooled,past_input,14,yaw,0.11205972788009336,nominal,602,0.01,widest
pooled,past_input,14,acceleration,-0.02153825856278069,nominal,602,0.01,widest
pooled,past_input,14,steering,-0.20708572215962517,nominal,602,0.01,widest
pooled,autocorrelation,15,yaw,0.7377037342055092,nominal,602,0.01,widest
pooled,autocorrelation,15,acceleration,0.5557265077385137,nominal,602,0.01,widest
pooled,autocorrelation,15,steering,0.39552895211652234,nominal,602,0.01,widest
pooled,past_input,15,yaw,0.10165558401713538,nominal,602,0.01,widest
pooled,past_input,15,acceleration,-0.035889793734385306,nominal,602,0.01,widest
pooled,past_input,15,steering,-0.21415151689906597,nominal,602,0.01,widest
pooled,autocorrelation,16,yaw,0.7141854043251729,nominal,602,0.01,widest
pooled,autocorrelation,16,acceleration,0.5289771740802987,nominal,602,0.01,widest
pooled,autocorrelation,16,steering,0.3817537206023149,nominal,602,0.01,widest
pooled,past_input,16,yaw,0.09175366978652277,nominal,602,0.01,widest
pooled,past_input,16,acceleration,-0.049783007925933806,nominal,602,0.01,widest
pooled,past_input,16,steering,-0.22098014474990105,nominal,602,0.01,widest
pooled,autocorrelation,17,yaw,0.6916711370644069,nominal,602,0.01,widest
pooled,autocorrelation,17,acceleration,0.49666891733080937,nominal,602,0.01,widest
pooled,autocorrelation,17,steering,0.36118246376181395,nominal,602,0.01,widest
pooled,past_input,17,yaw,0.08145356517547206,nominal,602,0.01,widest
pooled,past_input,17,acceleration,-0.06331349799180659,nominal,602,0.01,widest
pooled,past_input,17,steering,-0.2266720426108188,nominal,602,0.01,widest
pooled,autocorrelation,18,yaw,0.6714260981708228,nominal,602,0.01,widest
pooled,autocorrelation,18,acceleration,0.4874899397226869,nominal,602,0.01,widest
pooled,autocorrelation,18,steering,0.3408738848674054,nominal,602,0.01,widest
pooled,past_input,18,yaw,0.07162317320206886,nominal,602,0.01,widest
pooled,past_input,18,acceleration,-0.07728284205817378,nominal,602,0.01,widest
pooled,past_input,18,steering,-0.23216757693054121,nominal,602,0.01,widest
pooled,autocorrelation,19,yaw,0.6490479527054186,nominal,602,0.01,widest
pooled,autocorrelation,19,acceleration,0.45800844549872105,nominal,602,0.01,widest
pooled,autocorrelation,19,steering,0.32316857858966874,nominal,602,0.01,widest
pooled,past_input,19,yaw,0.06224344189643492,nominal,602,0.01,widest
pooled,past_input,19,acceleration,-0.09016315859680302,nominal,602,0.01,widest
pooled,past_input,19,steering,-0.23669024826112908,nominal,602,0.01,widest
pooled,autocorrelation,20,yaw,0.6292060979262392,nominal,602,0.01,widest
pooled,autocorrelation,20,acceleration,0.43228449551896797,nominal,602,0.01,widest
pooled,autocorrelation,20,steering,0.3028021550941455,nominal,602,0.01,widest
pooled,past_input,20,yaw,0.05246216225199239,nominal,602,0.01,widest
pooled,past_input,20,acceleration,-0.10220233179451452,nominal,602,0.01,widest
pooled,past_input,20,steering,-0.23973473558357794,nominal,602,0.01,widest
within_record,autocorrelation,1,yaw,0.8678896608154167,nominal,602,0.01,widest
within_record,autocorrelation,1,acceleration,0.6864483135345654,nominal,602,0.01,widest
within_record,autocorrelation,1,steering,0.4892405411696821,nominal,602,0.01,widest
within_record,past_input,1,yaw,0.27452399548640993,nominal,602,0.01,widest
within_record,past_input,1,acceleration,0.18485977092717298,nominal,602,0.01,widest
within_record,past_input,1,steering,-0.03938410127655071,nominal,602,0.01,widest
within_record,autocorrelation,2,yaw,0.863474485203142,nominal,602,0.01,widest
within_record,autocorrelation,2,acceleration,0.6898043594382545,nominal,602,0.01,widest
within_record,autocorrelation,2,steering,0.5111202497230504,nominal,602,0.01,widest
within_record,past_input,2,yaw,0.2675425329650212,nominal,602,0.01,widest
within_record,past_input,2,acceleration,0.16809560333707899,nominal,602,0.01,widest
within_record,past_input,2,steering,-0.054814235565268175,nominal,602,0.01,widest
within_record,autocorrelation,3,yaw,0.8555643080318678,nominal,602,0.01,widest
within_record,autocorrelation,3,acceleration,0.6842477700101744,nominal,602,0.01,widest
within_record,autocorrelation,3,steering,0.49778761781631065,nominal,602,0.01,widest
within_record,past_input,3,yaw,0.2598553748684597,nominal,602,0.01,widest
within_record,past_input,3,acceleration,0.15232765320507666,nominal,602,0.01,widest
within_record,past_input,3,steering,-0.0704889969735049,nominal,602,0.01,widest
within_record,autocorrelation,4,yaw,0.8463789877473094,nominal,602,0.01,widest
within_record,autocorrelation,4,acceleration,0.6805833666542142,nominal,602,0.01,widest
within_record,autocorrelation,4,steering,0.5023865473439011,nominal,602,0.01,widest
within_record,past_input,4,yaw,0.2513760188272652,nominal,602,0.01,widest
within_record,past_input,4,acceleration,0.13281157331583332,nominal,602,0.01,widest
within_record,past_input,4,steering,-0.08605301155000589,nominal,602,0.01,widest
within_record,autocorrelation,5,yaw,0.8334718275886802,nominal,602,0.01,widest
within_record,autocorrelation,5,acceleration,0.6640649599982941,nominal,602,0.01,widest
within_record,autocorrelation,5,steering,0.4889486358991615,nominal,602,0.01,widest
within_record,past_input,5,yaw,0.24133058950985198,nominal,602,0.01,widest
within_record,past_input,5,acceleration,0.1151166977740243,nominal,602,0.01,widest
within_record,past_input,5,steering,-0.10205681564316257,nominal,602,0.01,widest
within_record,autocorrelation,6,yaw,0.8193583385185347,nominal,602,0.01,widest
within_record,autocorrelation,6,acceleration,0.651633370240376,nominal,602,0.01,widest
within_record,autocorrelation,6,steering,0.49378224911241886,nominal,602,0.01,widest
within_record,past_input,6,yaw,0.23060438262282557,nominal,602,0.01,widest
within_record,past_input,6,acceleration,0.09648009656955475,nominal,602,0.01,widest
within_record,past_input,6,steering,-0.11668163291335899,nominal,602,0.01,widest
within_record,autocorrelation,7,yaw,0.7979235747213754,nominal,602,0.01,widest
within_record,autocorrelation,7,acceleration,0.6368418086242454,nominal,602,0.01,widest
within_record,autocorrelation,7,steering,0.4728007304659687,nominal,602,0.01,widest
within_record,past_input,7,yaw,0.21889382405732036,nominal,602,0.01,widest
within_record,past_input,7,acceleration,0.07724795079453523,nominal,602,0.01,widest
within_record,past_input,7,steering,-0.13215025976126873,nominal,602,0.01,widest
within_record,autocorrelation,8,yaw,0.7768964752221311,nominal,602,0.01,widest
within_record,autocorrelation,8,acceleration,0.6166940623679461,nominal,602,0.01,widest
within_record,autocorrelation,8,steering,0.46389077030739323,nominal,602,0.01,widest
within_record,past_input,8,yaw,0.2066743302395045,nominal,602,0.01,widest
within_record,past_input,8,acceleration,0.056569365625298025,nominal,602,0.01,widest
within_record,past_input,8,steering,-0.14719331993952794,nominal,602,0.01,widest
within_record,autocorrelation,9,yaw,0.7571916428511779,nominal,602,0.01,widest
within_record,autocorrelation,9,acceleration,0.6105184509388192,nominal,602,0.01,widest
within_record,autocorrelation,9,steering,0.45292687905121976,nominal,602,0.01,widest
within_record,past_input,9,yaw,0.19296080706781138,nominal,602,0.01,widest
within_record,past_input,9,acceleration,0.03803240082044728,nominal,602,0.01,widest
within_record,past_input,9,steering,-0.15992896003669171,nominal,602,0.01,widest
within_record,autocorrelation,10,yaw,0.7329096176886108,nominal,602,0.01,widest
within_record,autocorrelation,10,acceleration,0.5878459629837923,nominal,602,0.01,widest
within_record,autocorrelation,10,steering,0.43548757167140995,nominal,602,0.01,widest
within_record,past_input,10,yaw,0.1790419049502815,nominal,602,0.01,widest
within_record,past_input,10,acceleration,0.019690485551725166,nominal,602,0.01,widest
within_record,past_input,10,steering,-0.17188865480936585,nominal,602,0.01,widest
within_record,autocorrelation,11,yaw,0.7122500781598385,nominal,602,0.01,widest
within_record,autocorrelation,11,acceleration,0.5680082053892004,nominal,602,0.01,widest
within_record,autocorrelation,11,steering,0.40221949665276724,nominal,602,0.01,widest
within_record,past_input,11,yaw,0.16514004677678248,nominal,602,0.01,widest
within_record,past_input,11,acceleration,0.0015240882951187455,nominal,602,0.01,widest
within_record,past_input,11,steering,-0.1846064741205801,nominal,602,0.01,widest
within_record,autocorrelation,12,yaw,0.6822207867356479,nominal,602,0.01,widest
within_record,autocorrelation,12,acceleration,0.5498573260005207,nominal,602,0.01,widest
within_record,autocorrelation,12,steering,0.38944134523797536,nominal,602,0.01,widest
within_record,past_input,12,yaw,0.15095579074523618,nominal,602,0.01,widest
within_record,past_input,12,acceleration,-0.016442842791847934,nominal,602,0.01,widest
within_record,past_input,12,steering,-0.1959790425062865,nominal,602,0.01,widest
within_record,autocorrelation,13,yaw,0.6560293579685066,nominal,602,0.01,widest
within_record,autocorrelation,13,acceleration,0.530262297578237,nominal,602,0.01,widest
within_record,autocorrelation,13,steering,0.3847844958423224,nominal,602,0.01,widest
within_record,past_input,13,yaw,0.13725806263147805,nominal,602,0.01,widest
within_record,past_input,13,acceleration,-0.03412649413022828,nominal,602,0.01,widest
within_record,past_input,13,steering,-0.20596562148850298,nominal,602,0.01,widest
within_record,autocorrelation,14,yaw,0.6232712538678369,nominal,602,0.01,widest
within_record,autocorrelation,14,acceleration,0.5012177130510972,nominal,602,0.01,widest
within_record,autocorrelation,14,steering,0.3658211422267924,nominal,602,0.01,widest
within_record,past_input,14,yaw,0.12263261767783887,nominal,602,0.01,widest
within_record,past_input,14,acceleration,-0.0521497054257427,nominal,602,0.01,widest
within_record,past_input,14,steering,-0.21437036930880757,nominal,602,0.01,widest
within_record,autocorrelation,15,yaw,0.5956649225049094,nominal,602,0.01,widest
within_record,autocorrelation,15,acceleration,0.4785947215893868,nominal,602,0.01,widest
within_record,autocorrelation,15,steering,0.32455571145640366,nominal,602,0.01,widest
within_record,past_input,15,yaw,0.10879548637509831,nominal,602,0.01,widest
within_record,past_input,15,acceleration,-0.06931753320320522,nominal,602,0.01,widest
within_record,past_input,15,steering,-0.22222363019952734,nominal,602,0.01,widest
within_record,autocorrelation,16,yaw,0.5585339016675259,nominal,602,0.01,widest
within_record,autocorrelation,16,acceleration,0.44698561176096346,nominal,602,0.01,widest
within_record,autocorrelation,16,steering,0.3090197723097714,nominal,602,0.01,widest
within_record,past_input,16,yaw,0.09513655264528571,nominal,602,0.01,widest
within_record,past_input,16,acceleration,-0.08591930176889341,nominal,602,0.01,widest
within_record,past_input,16,steering,-0.22995099419148515,nominal,602,0.01,widest
within_record,autocorrelation,17,yaw,0.5230210819156478,nominal,602,0.01,widest
within_record,autocorrelation,17,acceleration,0.4086527817204742,nominal,602,0.01,widest
within_record,autocorrelation,17,steering,0.2856207242964322,nominal,602,0.01,widest
within_record,past_input,17,yaw,0.08117875728798615,nominal,602,0.01,widest
within_record,past_input,17,acceleration,-0.10242933484787796,nominal,602,0.01,widest
within_record,past_input,17,steering,-0.2367137371108608,nominal,602,0.01,widest
within_record,autocorrelation,18,yaw,0.4908051685363558,nominal,602,0.01,widest
within_record,autocorrelation,18,acceleration,0.3977843910047428,nominal,602,0.01,widest
within_record,autocorrelation,18,steering,0.2625485260006928,nominal,602,0.01,widest
within_record,past_input,18,yaw,0.06754588946804081,nominal,602,0.01,widest
within_record,past_input,18,acceleration,-0.11936280837396387,nominal,602,0.01,widest
within_record,past_input,18,steering,-0.24283851558676678,nominal,602,0.01,widest
within_record,autocorrelation,19,yaw,0.4552218601598542,nominal,602,0.01,widest
within_record,autocorrelation,19,acceleration,0.3629737101798271,nominal,602,0.01,widest
within_record,autocorrelation,19,steering,0.24236685284216225,nominal,602,0.01,widest
within_record,past_input,19,yaw,0.05457273746844254,nominal,602,0.01,widest
within_record,past_input,19,acceleration,-0.13491286767125024,nominal,602,0.01,widest
within_record,past_input,19,steering,-0.2485197816995308,nominal,602,0.01,widest
within_record,autocorrelation,20,yaw,0.42339485950549455,nominal,602,0.01,widest
within_record,autocorrelation,20,acceleration,0.3324335910312652,nominal,602,0.01,widest
within_record,autocorrelation,20,steering,0.21888992584063954,nominal,602,0.01,widest
within_record,past_input,20,yaw,0.0407907893671223,nominal,602,0.01,widest
within_record,past_input,20,acceleration,-0.15008597221960104,nominal,602,0.01,widest
within_record,past_input,20,steering,-0.2516204315996519,nominal,602,0.01,widest
pooled,autocorrelation,1,yaw,0.7275108282084266,fitted,602,0.01,widest
pooled,autocorrelation,1,acceleration,0.7529227442163489,fitted,602,0.01,widest
pooled,autocorrelation,1,steering,0.5547845995742534,fitted,602,0.01,widest
pooled,past_input,1,yaw,-0.10208932457554268,fitted,602,0.01,widest
pooled,past_input,1,acceleration,-0.1621191939505322,fitted,602,0.01,widest
pooled,past_input,1,steering,0.19733208663955723,fitted,602,0.01,widest
pooled,autocorrelation,2,yaw,0.7267775663973104,fitted,602,0.01,widest
pooled,autocorrelation,2,acceleration,0.7522363300892826,fitted,602,0.01,widest
pooled,autocorrelation,2,steering,0.5728316021105427,fitted,602,0.01,widest
pooled,past_input,2,yaw,-0.11396350090894594,fitted,602,0.01,widest
pooled,past_input,2,acceleration,-0.17602126044425676,fitted,602,0.01,widest
pooled,past_input,2,steering,0.17913349236640677,fitted,602,0.01,widest
pooled,autocorrelation,3,yaw,0.7232653872140683,fitted,602,0.01,widest
pooled,autocorrelation,3,acceleration,0.7428365875900174,fitted,602,0.01,widest
pooled,autocorrelation,3,steering,0.5594990406812789,fitted,602,0.01,widest
pooled,past_input,3,yaw,-0.12541853829920316,fitted,602,0.01,widest
pooled,past_input,3,acceleration,-0.1893183981033969,fitted,602,0.01,widest
pooled,past_input,3,steering,0.16006671577340376,fitted,602,0.01,widest
pooled,autocorrelation,4,yaw,0.721675826461133,fitted,602,0.01,widest
pooled,autocorrelation,4,acceleration,0.733359256367744,fitted,602,0.01,widest
pooled,autocorrelation,4,steering,0.5611173405548405,fitted,602,0.01,widest
pooled,past_input,4,yaw,-0.137435788427653,fitted,602,0.01,widest
pooled,past_input,4,acceleration,-0.20376262920692326,fitted,602,0.01,widest
pooled,past_input,4,steering,0.14000510986098708,fitted,602,0.01,widest
pooled,autocorrelation,5,yaw,0.7154649475417579,fitted,602,0.01,widest
pooled,autocorrelation,5,acceleration,0.7121227762577518,fitted,602,0.01,widest
pooled,autocorrelation,5,steering,0.546886885998659,fitted,602,0.01,widest
pooled,past_input,5,yaw,-0.15053655173746622,fitted,602,0.01,widest
pooled,past_input,5,acceleration,-0.21589909890051057,fitted,602,0.01,widest
pooled,past_input,5,steering,0.11927249952607707,fitted,602,0.01,widest
pooled,autocorrelation,6,yaw,0.7108702236445202,fitted,602,0.01,widest
pooled,autocorrelation,6,acceleration,0.6931471876993776,fitted,602,0.01,widest
pooled,autocorrelation,6,steering,0.5476030295320679,fitted,602,0.01,widest
pooled,past_input,6,yaw,-0.16406150126160135,fitted,602,0.01,widest
pooled,past_input,6,acceleration,-0.22752524552806447,fitted,602,0.01,widest
pooled,past_input,6,steering,0.09873045750232232,fitted,602,0.01,widest
pooled,autocorrelation,7,yaw,0.6928647539140808,fitted,602,0.01,widest
pooled,autocorrelation,7,acceleration,0.671292455072137,fitted,602,0.01,widest
pooled,autocorrelation,7,steering,0.5259322005937461,fitted,602,0.01,widest
pooled,past_input,7,yaw,-0.1772893010245859,fitted,602,0.01,widest
pooled,past_input,7,acceleration,-0.23854167063883064,fitted,602,0.01,widest
pooled,past_input,7,steering,0.07672027839874071,fitted,602,0.01,widest
pooled,autocorrelation,8,yaw,0.6782828057245439,fitted,602,0.01,widest
pooled,autocorrelation,8,acceleration,0.6451844755137126,fitted,602,0.01,widest
pooled,autocorrelation,8,steering,0.5140452857806574,fitted,602,0.01,widest
pooled,past_input,8,yaw,-0.19073243530672232,fitted,602,0.01,widest
pooled,past_input,8,acceleration,-0.2488392940886582,fitted,602,0.01,widest
pooled,past_input,8,steering,0.05492919986778523,fitted,602,0.01,widest
pooled,autocorrelation,9,yaw,0.6692242147669687,fitted,602,0.01,widest
pooled,autocorrelation,9,acceleration,0.6292607349457325,fitted,602,0.01,widest
pooled,autocorrelation,9,steering,0.5001115788979753,fitted,602,0.01,widest
pooled,past_input,9,yaw,-0.20463140772083463,fitted,602,0.01,widest
pooled,past_input,9,acceleration,-0.2558946878140726,fitted,602,0.01,widest
pooled,past_input,9,steering,0.03391373553482029,fitted,602,0.01,widest
pooled,autocorrelation,10,yaw,0.6536778492224586,fitted,602,0.01,widest
pooled,autocorrelation,10,acceleration,0.5999323456884867,fitted,602,0.01,widest
pooled,autocorrelation,10,steering,0.47923699648303214,fitted,602,0.01,widest
pooled,past_input,10,yaw,-0.21687381438711076,fitted,602,0.01,widest
pooled,past_input,10,acceleration,-0.2611424373270525,fitted,602,0.01,widest
pooled,past_input,10,steering,0.012735798724861106,fitted,602,0.01,widest
pooled,autocorrelation,11,yaw,0.6484852269635769,fitted,602,0.01,widest
pooled,autocorrelation,11,acceleration,0.5726293062139449,fitted,602,0.01,widest
pooled,autocorrelation,11,steering,0.44378633700313785,fitted,602,0.01,widest
pooled,past_input,11,yaw,-0.22758315307598143,fitted,602,0.01,widest
pooled,past_input,11,acceleration,-0.2644645658464497,fitted,602,0.01,widest
pooled,past_input,11,steering,-0.008742703630239214,fitted,602,0.01,widest
pooled,autocorrelation,12,yaw,0.6261816867547579,fitted,602,0.01,widest
pooled,autocorrelation,12,acceleration,0.5470992036416885,fitted,602,0.01,widest
pooled,autocorrelation,12,steering,0.4255047836582998,fitted,602,0.01,widest
pooled,past_input,12,yaw,-0.23741053977002938,fitted,602,0.01,widest
pooled,past_input,12,acceleration,-0.26616083871838236,fitted,602,0.01,widest
pooled,past_input,12,steering,-0.030180281454202654,fitted,602,0.01,widest
pooled,autocorrelation,13,yaw,0.6152286706461546,fitted,602,0.01,widest
pooled,autocorrelation,13,acceleration,0.5198390819659727,fitted,602,0.01,widest
pooled,autocorrelation,13,steering,0.4137024040400422,fitted,602,0.01,widest
pooled,past_input,13,yaw,-0.2454010423857303,fitted,602,0.01,widest
pooled,past_input,13,acceleration,-0.2658311068747888,fitted,602,0.01,widest
pooled,past_input,13,steering,-0.050914592432757526,fitted,602,0.01,widest
pooled,autocorrelation,14,yaw,0.5937651171270543,fitted,602,0.01,widest
pooled,autocorrelation,14,acceleration,0.4853060616568049,fitted,602,0.01,widest
pooled,autocorrelation,14,steering,0.38825439265148987,fitted,602,0.01,widest
pooled,past_input,14,yaw,-0.25300123673572367,fitted,602,0.01,widest
pooled,past_input,14,acceleration,-0.26490851510987956,fitted,602,0.01,widest
pooled,past_input,14,steering,-0.07095047784198309,fitted,602,0.01,widest
pooled,autocorrelation,15,yaw,0.5850858414620748,fitted,602,0.01,widest
pooled,autocorrelation,15,acceleration,0.4558598378553232,fitted,602,0.01,widest
pooled,autocorrelation,15,steering,0.3430310182054627,fitted,602,0.01,widest
pooled,past_input,15,yaw,-0.25835529603412405,fitted,602,0.01,widest
pooled,past_input,15,acceleration,-0.2620764867713141,fitted,602,0.01,widest
pooled,past_input,15,steering,-0.09092275799022341,fitted,602,0.01,widest
pooled,autocorrelation,16,yaw,0.5611706924357435,fitted,602,0.01,widest
pooled,autocorrelation,16,acceleration,0.4191355777179178,fitted,602,0.01,widest
pooled,autocorrelation,16,steering,0.32015403535282877,fitted,602,0.01,widest
pooled,past_input,16,yaw,-0.26177200113921456,fitted,602,0.01,widest
pooled,past_input,16,acceleration,-0.25778284485071057,fitted,602,0.01,widest
pooled,past_input,16,steering,-0.11088099445366217,fitted,602,0.01,widest
pooled,autocorrelation,17,yaw,0.5412810559168401,fitted,602,0.01,widest
pooled,autocorrelation,17,acceleration,0.3773730951828222,fitted,602,0.01,widest
pooled,autocorrelation,17,steering,0.29019291601949043,fitted,602,0.01,widest
pooled,past_input,17,yaw,-0.26515925204002233,fitted,602,0.01,widest
pooled,past_input,17,acceleration,-0.252257521714049,fitted,602,0.01,widest
pooled,past_input,17,steering,-0.1299065914025207,fitted,602,0.01,widest
pooled,autocorrelation,18,yaw,0.5296207586371511,fitted,602,0.01,widest
pooled,autocorrelation,18,acceleration,0.3563163005152887,fitted,602,0.01,widest
pooled,autocorrelation,18,steering,0.2601607881037372,fitted,602,0.01,widest
pooled,past_input,18,yaw,-0.26707413306336475,fitted,602,0.01,widest
pooled,past_input,18,acceleration,-0.24634061572473723,fitted,602,0.01,widest
pooled,past_input,18,steering,-0.1488800063780278,fitted,602,0.01,widest
pooled,autocorrelation,19,yaw,0.51334760718903,fitted,602,0.01,widest
pooled,autocorrelation,19,acceleration,0.3171908373999982,fitted,602,0.01,widest
pooled,autocorrelation,19,steering,0.23131840322000574,fitted,602,0.01,widest
pooled,past_input,19,yaw,-0.2677597548584608,fitted,602,0.01,widest
pooled,past_input,19,acceleration,-0.23862077278915725,fitted,602,0.01,widest
pooled,past_input,19,steering,-0.16696296118499765,fitted,602,0.01,widest
pooled,autocorrelation,20,yaw,0.5046188645645793,fitted,602,0.01,widest
pooled,autocorrelation,20,acceleration,0.2803666045593906,fitted,602,0.01,widest
pooled,autocorrelation,20,steering,0.20102386327265628,fitted,602,0.01,widest
pooled,past_input,20,yaw,-0.2682987450757013,fitted,602,0.01,widest
pooled,past_input,20,acceleration,-0.229671332614228,fitted,602,0.01,widest
pooled,past_input,20,steering,-0.18357931919478485,fitted,602,0.01,widest
within_record,autocorrelation,1,yaw,0.6252636284572364,fitted,602,0.01,widest
within_record,autocorrelation,1,acceleration,0.7462142006980567,fitted,602,0.01,widest
within_record,autocorrelation,1,steering,0.5490182617563947,fitted,602,0.01,widest
within_record,past_input,1,yaw,-0.05756622152448832,fitted,602,0.01,widest
within_record,past_input,1,acceleration,-0.19531142402554086,fitted,602,0.01,widest
within_record,past_input,1,steering,0.21643627671673793,fitted,602,0.01,widest
within_record,autocorrelation,2,yaw,0.623683694717173,fitted,602,0.01,widest
within_record,autocorrelation,2,acceleration,0.7453803763787166,fitted,602,0.01,widest
within_record,autocorrelation,2,steering,0.5672824451949597,fitted,602,0.01,widest
within_record,past_input,2,yaw,-0.07275275494705839,fitted,602,0.01,widest
within_record,past_input,2,acceleration,-0.21171576576692444,fitted,602,0.01,widest
within_record,past_input,2,steering,0.1961558586833127,fitted,602,0.01,widest
within_record,autocorrelation,3,yaw,0.6183725214614856,fitted,602,0.01,widest
within_record,autocorrelation,3,acceleration,0.7356173503587736,fitted,602,0.01,widest
within_record,autocorrelation,3,steering,0.5538356409598617,fitted,602,0.01,widest
within_record,past_input,3,yaw,-0.08791599599272341,fitted,602,0.01,widest
within_record,past_input,3,acceleration,-0.22615211268393515,fitted,602,0.01,widest
within_record,past_input,3,steering,0.17477943852905745,fitted,602,0.01,widest
within_record,autocorrelation,4,yaw,0.6151274338475378,fitted,602,0.01,widest
within_record,autocorrelation,4,acceleration,0.7257416616171677,fitted,602,0.01,widest
within_record,autocorrelation,4,steering,0.5554284328739296,fitted,602,0.01,widest
within_record,past_input,4,yaw,-0.10354278325475001,fitted,602,0.01,widest
within_record,past_input,4,acceleration,-0.24315538213033414,fitted,602,0.01,widest
within_record,past_input,4,steering,0.1526688936255574,fitted,602,0.01,widest
within_record,autocorrelation,5,yaw,0.6055599444696772,fitted,602,0.01,widest
within_record,autocorrelation,5,acceleration,0.7038355079691743,fitted,602,0.01,widest
within_record,autocorrelation,5,steering,0.5410107417644162,fitted,602,0.01,widest
within_record,past_input,5,yaw,-0.12063343300123829,fitted,602,0.01,widest
within_record,past_input,5,acceleration,-0.25683807942497194,fitted,602,0.01,widest
within_record,past_input,5,steering,0.12951171751151627,fitted,602,0.01,widest
within_record,autocorrelation,6,yaw,0.5979681100738459,fitted,602,0.01,widest
within_record,autocorrelation,6,acceleration,0.6842592535765243,fitted,602,0.01,widest
within_record,autocorrelation,6,steering,0.5417703885173822,fitted,602,0.01,widest
within_record,past_input,6,yaw,-0.13760333477561065,fitted,602,0.01,widest
within_record,past_input,6,acceleration,-0.27011688631945374,fitted,602,0.01,widest
within_record,past_input,6,steering,0.10667997830786925,fitted,602,0.01,widest
within_record,autocorrelation,7,yaw,0.5719068829339093,fitted,602,0.01,widest
within_record,autocorrelation,7,acceleration,0.6615901391996462,fitted,602,0.01,widest
within_record,autocorrelation,7,steering,0.519716026331848,fitted,602,0.01,widest
within_record,past_input,7,yaw,-0.1551826859899236,fitted,602,0.01,widest
within_record,past_input,7,acceleration,-0.2825151252418362,fitted,602,0.01,widest
within_record,past_input,7,steering,0.08211295594062326,fitted,602,0.01,widest
within_record,autocorrelation,8,yaw,0.5505496730288293,fitted,602,0.01,widest
within_record,autocorrelation,8,acceleration,0.634577634288324,fitted,602,0.01,widest
within_record,autocorrelation,8,steering,0.5076531330711179,fitted,602,0.01,widest
within_record,past_input,8,yaw,-0.1724038135303391,fitted,602,0.01,widest
within_record,past_input,8,acceleration,-0.2943513236868319,fitted,602,0.01,widest
within_record,past_input,8,steering,0.05733637272124969,fitted,602,0.01,widest
within_record,autocorrelation,9,yaw,0.5362727686295679,fitted,602,0.01,widest
within_record,autocorrelation,9,acceleration,0.6181702803708901,fitted,602,0.01,widest
within_record,autocorrelation,9,steering,0.49346096882072066,fitted,602,0.01,widest
within_record,past_input,9,yaw,-0.1905382166618553,fitted,602,0.01,widest
within_record,past_input,9,acceleration,-0.30186191399304974,fitted,602,0.01,widest
within_record,past_input,9,steering,0.03391895641136326,fitted,602,0.01,widest
within_record,autocorrelation,10,yaw,0.5134620514484608,fitted,602,0.01,widest
within_record,autocorrelation,10,acceleration,0.5878931335895851,fitted,602,0.01,widest
within_record,autocorrelation,10,steering,0.47233575493535124,fitted,602,0.01,widest
within_record,past_input,10,yaw,-0.20665356300854865,fitted,602,0.01,widest
within_record,past_input,10,acceleration,-0.307473440240599,fitted,602,0.01,widest
within_record,past_input,10,steering,0.010494923793605683,fitted,602,0.01,widest
within_record,autocorrelation,11,yaw,0.5050289121171091,fitted,602,0.01,widest
within_record,autocorrelation,11,acceleration,0.5597595997842384,fitted,602,0.01,widest
within_record,autocorrelation,11,steering,0.4365042970884071,fitted,602,0.01,widest
within_record,past_input,11,yaw,-0.22030462128395137,fitted,602,0.01,widest
within_record,past_input,11,acceleration,-0.31080763386794175,fitted,602,0.01,widest
within_record,past_input,11,steering,-0.014260429625510822,fitted,602,0.01,widest
within_record,autocorrelation,12,yaw,0.4727914806615713,fitted,602,0.01,widest
within_record,autocorrelation,12,acceleration,0.5335040433902475,fitted,602,0.01,widest
within_record,autocorrelation,12,steering,0.4179939901574245,fitted,602,0.01,widest
within_record,past_input,12,yaw,-0.2326963637841583,fitted,602,0.01,widest
within_record,past_input,12,acceleration,-0.31214738194209596,fitted,602,0.01,widest
within_record,past_input,12,steering,-0.03844218134968256,fitted,602,0.01,widest
within_record,autocorrelation,13,yaw,0.456138441947712,fitted,602,0.01,widest
within_record,autocorrelation,13,acceleration,0.5055654944480446,fitted,602,0.01,widest
within_record,autocorrelation,13,steering,0.4060373818697972,fitted,602,0.01,widest
within_record,past_input,13,yaw,-0.24250760202014543,fitted,602,0.01,widest
within_record,past_input,13,acceleration,-0.3117439649629715,fitted,602,0.01,widest
within_record,past_input,13,steering,-0.06171976481834561,fitted,602,0.01,widest
within_record,autocorrelation,14,yaw,0.4246212914239555,fitted,602,0.01,widest
within_record,autocorrelation,14,acceleration,0.4701853996104383,fitted,602,0.01,widest
within_record,autocorrelation,14,steering,0.38018076647284804,fitted,602,0.01,widest
within_record,past_input,14,yaw,-0.2520073268037864,fitted,602,0.01,widest
within_record,past_input,14,acceleration,-0.31021383666661906,fitted,602,0.01,widest
within_record,past_input,14,steering,-0.08378553702505538,fitted,602,0.01,widest
within_record,autocorrelation,15,yaw,0.41140103500963215,fitted,602,0.01,widest
within_record,autocorrelation,15,acceleration,0.4399546449097275,fitted,602,0.01,widest
within_record,autocorrelation,15,steering,0.3343080873609577,fitted,602,0.01,widest
within_record,past_input,15,yaw,-0.25822128916558335,fitted,602,0.01,widest
within_record,past_input,15,acceleration,-0.30655972539497445,fitted,602,0.01,widest
within_record,past_input,15,steering,-0.10578621881287835,fitted,602,0.01,widest
within_record,autocorrelation,16,yaw,0.37671390482737077,fitted,602,0.01,widest
within_record,autocorrelation,16,acceleration,0.40241227556683534,fitted,602,0.01,widest
within_record,autocorrelation,16,steering,0.3112130897355012,fitted,602,0.01,widest
within_record,past_input,16,yaw,-0.26241126181031876,fitted,602,0.01,widest
within_record,past_input,16,acceleration,-0.3012251382288219,fitted,602,0.01,widest
within_record,past_input,16,steering,-0.1278985934711901,fitted,602,0.01,widest
within_record,autocorrelation,17,yaw,0.34788173291497965,fitted,602,0.01,widest
within_record,autocorrelation,17,acceleration,0.35958259759235645,fitted,602,0.01,widest
within_record,autocorrelation,17,steering,0.28079256498664396,fitted,602,0.01,widest
within_record,past_input,17,yaw,-0.2660864436469548,fitted,602,0.01,widest
within_record,past_input,17,acceleration,-0.2948425408045565,fitted,602,0.01,widest
within_record,past_input,17,steering,-0.1492634053830061,fitted,602,0.01,widest
within_record,autocorrelation,18,yaw,0.33042130086772686,fitted,602,0.01,widest
within_record,autocorrelation,18,acceleration,0.33818060698135055,fitted,602,0.01,widest
within_record,autocorrelation,18,steering,0.2504251759531342,fitted,602,0.01,widest
within_record,past_input,18,yaw,-0.2683107813008523,fitted,602,0.01,widest
within_record,past_input,18,acceleration,-0.2879325050418534,fitted,602,0.01,widest
within_record,past_input,18,steering,-0.17020158418682368,fitted,602,0.01,widest
within_record,autocorrelation,19,yaw,0.30638987177887267,fitted,602,0.01,widest
within_record,autocorrelation,19,acceleration,0.2983683165102988,fitted,602,0.01,widest
within_record,autocorrelation,19,steering,0.22130824313457906,fitted,602,0.01,widest
within_record,past_input,19,yaw,-0.2685702845879365,fitted,602,0.01,widest
within_record,past_input,19,acceleration,-0.27897182580345803,fitted,602,0.01,widest
within_record,past_input,19,steering,-0.19071893717932398,fitted,602,0.01,widest
within_record,autocorrelation,20,yaw,0.29267908203960347,fitted,602,0.01,widest
within_record,autocorrelation,20,acceleration,0.2606826619093714,fitted,602,0.01,widest
within_record,autocorrelation,20,steering,0.19060295928471932,fitted,602,0.01,widest
within_record,past_input,20,yaw,-0.269158152045399,fitted,602,0.01,widest
within_record,past_input,20,acceleration,-0.26924507082386,fitted,602,0.01,widest
within_record,past_input,20,steering,-0.20881883056297734,fitted,602,0.01,widest
