fold,restart,margin,client_position,horizon_samples,candidate,global_error,candidate_error,selection_score,seed,process_noise_scale
0,0,0.0,3,5,0,32.69406435905696,32.69406435905696,0.0,601,0.01
0,0,0.0,6,5,0,3.2790539317390683,3.2790539317390683,0.0,601,0.01
0,0,0.0,9,5,0,4.154370420964692,4.154370420964692,0.0,601,0.01
0,0,0.0,3,20,0,256.98239810496915,256.98239810496915,0.0,601,0.01
0,0,0.0,6,20,0,10.612593225891088,10.612593225891088,0.0,601,0.01
0,0,0.0,9,20,0,14.06752283923235,14.06752283923235,0.0,601,0.01
0,0,0.0,3,50,0,343.8972193614542,343.8972193614542,0.0,601,0.01
0,0,0.0,6,50,0,4.496700641353417,4.496700641353417,0.0,601,0.01
0,0,0.0,9,50,0,8.733870030987852,8.733870030987852,0.0,601,0.01
0,0,0.0,12,5,1,2.263024589246776,1.9099033242414345,-0.1696496071693367,601,0.01
0,0,0.0,15,5,1,29.37772652542228,5.267261772076301,-1.7187261463643022,601,0.01
0,0,0.0,18,5,1,12.847524472172108,14.47455470433689,0.119241115198119,601,0.01
0,0,0.0,27,5,1,3.494601261068633,25.3957385890486,1.9833621070796608,601,0.01
0,0,0.0,12,20,1,12.73746996659628,5.190708072289876,-0.8976779226876354,601,0.01
0,0,0.0,15,20,1,221.17138387235025,22.151452268411244,-2.30103483410664,601,0.01
0,0,0.0,18,20,1,153.76150903385656,73.30786443696464,-0.7407348651616007,601,0.01
0,0,0.0,27,20,1,11.50237420340112,86.76747561516656,2.0206783800220007,601,0.01
0,0,0.0,12,50,1,17.98748207389677,4.329354127880196,-1.4242577068900533,601,0.01
0,0,0.0,15,50,1,275.57175811987446,29.36272880881405,-2.2391219172158827,601,0.01
0,0,0.0,18,50,1,517.8553205820638,54.59520885533839,-2.249749770352872,601,0.01
0,0,0.0,27,50,1,25.179141529505504,138.77674790618804,1.7068505770622333,601,0.01
0,0,0.0,0,5,2,4.847336769741029,4.221556041459069,-0.1382256441997455,601,0.01
0,0,0.0,21,5,2,11.371731455860774,5.682880723917362,-0.6936723051362145,601,0.01
0,0,0.0,24,5,2,3.591589979867862,2.173764020138246,-0.5021347593679867,601,0.01
0,0,0.0,0,20,2,30.939943908862052,23.4179752229146,-0.2785441328528472,601,0.01
0,0,0.0,21,20,2,122.77769213046136,39.7493352044178,-1.1277822224921137,601,0.01
0,0,0.0,24,20,2,27.95338244888373,10.610069742431332,-0.9687346842504482,601,0.01
0,0,0.0,0,50,2,18.820191428032537,16.536868150243528,-0.1293379840060665,601,0.01
0,0,0.0,21,50,2,266.10464829610794,77.66269966146922,-1.2315145597885089,601,0.01
0,0,0.0,24,50,2,25.87185985507315,8.431511072055688,-1.121179880658289,601,0.01
0,0,0.1,3,5,0,32.69406435905696,32.69406435905696,0.0,601,0.01
0,0,0.1,6,5,0,3.2790539317390683,3.2790539317390683,0.0,601,0.01
0,0,0.1,9,5,0,4.154370420964692,4.154370420964692,0.0,601,0.01
0,0,0.1,27,5,0,3.494601261068633,3.494601261068633,0.0,601,0.01
0,0,0.1,3,20,0,256.98239810496915,256.98239810496915,0.0,601,0.01
0,0,0.1,6,20,0,10.612593225891088,10.612593225891088,0.0,601,0.01
0,0,0.1,9,20,0,14.06752283923235,14.06752283923235,0.0,601,0.01
0,0,0.1,27,20,0,11.50237420340112,11.50237420340112,0.0,601,0.01
0,0,0.1,3,50,0,343.8972193614542,343.8972193614542,0.0,601,0.01
0,0,0.1,6,50,0,4.496700641353417,4.496700641353417,0.0,601,0.01
0,0,0.1,9,50,0,8.733870030987852,8.733870030987852,0.0,601,0.01
0,0,0.1,27,50,0,25.179141529505504,25.179141529505504,0.0,601,0.01
0,0,0.1,12,5,1,2.263024589246776,1.9099033242414345,-0.1696496071693367,601,0.01
0,0,0.1,15,5,1,29.37772652542228,5.267261772076301,-1.7187261463643022,601,0.01
0,0,0.1,18,5,1,12.847524472172108,14.47455470433689,0.119241115198119,601,0.01
0,0,0.1,12,20,1,12.73746996659628,5.190708072289876,-0.8976779226876354,601,0.01
0,0,0.1,15,20,1,221.17138387235025,22.151452268411244,-2.30103483410664,601,0.01
0,0,0.1,18,20,1,153.76150903385656,73.30786443696464,-0.7407348651616007,601,0.01
0,0,0.1,12,50,1,17.98748207389677,4.329354127880196,-1.4242577068900533,601,0.01
0,0,0.1,15,50,1,275.57175811987446,29.36272880881405,-2.2391219172158827,601,0.01
0,0,0.1,18,50,1,517.8553205820638,54.59520885533839,-2.249749770352872,601,0.01
0,0,0.1,0,5,2,4.847336769741029,4.221556041459069,-0.1382256441997455,601,0.01
0,0,0.1,21,5,2,11.371731455860774,5.682880723917362,-0.6936723051362145,601,0.01
0,0,0.1,24,5,2,3.591589979867862,2.173764020138246,-0.5021347593679867,601,0.01
0,0,0.1,0,20,2,30.939943908862052,23.4179752229146,-0.2785441328528472,601,0.01
0,0,0.1,21,20,2,122.77769213046136,39.7493352044178,-1.1277822224921137,601,0.01
0,0,0.1,24,20,2,27.95338244888373,10.610069742431332,-0.9687346842504482,601,0.01
0,0,0.1,0,50,2,18.820191428032537,16.536868150243528,-0.1293379840060665,601,0.01
0,0,0.1,21,50,2,266.10464829610794,77.66269966146922,-1.2315145597885089,601,0.01
0,0,0.1,24,50,2,25.87185985507315,8.431511072055688,-1.121179880658289,601,0.01
0,0,0.25,3,5,0,32.69406435905696,32.69406435905696,0.0,601,0.01
0,0,0.25,6,5,0,3.2790539317390683,3.2790539317390683,0.0,601,0.01
0,0,0.25,9,5,0,4.154370420964692,4.154370420964692,0.0,601,0.01
0,0,0.25,27,5,0,3.494601261068633,3.494601261068633,0.0,601,0.01
0,0,0.25,3,20,0,256.98239810496915,256.98239810496915,0.0,601,0.01
0,0,0.25,6,20,0,10.612593225891088,10.612593225891088,0.0,601,0.01
0,0,0.25,9,20,0,14.06752283923235,14.06752283923235,0.0,601,0.01
0,0,0.25,27,20,0,11.50237420340112,11.50237420340112,0.0,601,0.01
0,0,0.25,3,50,0,343.8972193614542,343.8972193614542,0.0,601,0.01
0,0,0.25,6,50,0,4.496700641353417,4.496700641353417,0.0,601,0.01
0,0,0.25,9,50,0,8.733870030987852,8.733870030987852,0.0,601,0.01
0,0,0.25,27,50,0,25.179141529505504,25.179141529505504,0.0,601,0.01
0,0,0.25,12,5,1,2.263024589246776,1.9099033242414345,-0.1696496071693367,601,0.01
0,0,0.25,15,5,1,29.37772652542228,5.267261772076301,-1.7187261463643022,601,0.01
0,0,0.25,18,5,1,12.847524472172108,14.47455470433689,0.119241115198119,601,0.01
0,0,0.25,12,20,1,12.73746996659628,5.190708072289876,-0.8976779226876354,601,0.01
0,0,0.25,15,20,1,221.17138387235025,22.151452268411244,-2.30103483410664,601,0.01
0,0,0.25,18,20,1,153.76150903385656,73.30786443696464,-0.7407348651616007,601,0.01
0,0,0.25,12,50,1,17.98748207389677,4.329354127880196,-1.4242577068900533,601,0.01
0,0,0.25,15,50,1,275.57175811987446,29.36272880881405,-2.2391219172158827,601,0.01
0,0,0.25,18,50,1,517.8553205820638,54.59520885533839,-2.249749770352872,601,0.01
0,0,0.25,0,5,2,4.847336769741029,4.221556041459069,-0.1382256441997455,601,0.01
0,0,0.25,21,5,2,11.371731455860774,5.682880723917362,-0.6936723051362145,601,0.01
0,0,0.25,24,5,2,3.591589979867862,2.173764020138246,-0.5021347593679867,601,0.01
0,0,0.25,0,20,2,30.939943908862052,23.4179752229146,-0.2785441328528472,601,0.01
0,0,0.25,21,20,2,122.77769213046136,39.7493352044178,-1.1277822224921137,601,0.01
0,0,0.25,24,20,2,27.95338244888373,10.610069742431332,-0.9687346842504482,601,0.01
0,0,0.25,0,50,2,18.820191428032537,16.536868150243528,-0.1293379840060665,601,0.01
0,0,0.25,21,50,2,266.10464829610794,77.66269966146922,-1.2315145597885089,601,0.01
0,0,0.25,24,50,2,25.87185985507315,8.431511072055688,-1.121179880658289,601,0.01
0,1,0.0,3,5,0,32.69406435905696,32.69406435905696,0.0,601,0.01
0,1,0.0,6,5,0,3.2790539317390683,3.2790539317390683,0.0,601,0.01
0,1,0.0,9,5,0,4.154370420964692,4.154370420964692,0.0,601,0.01
0,1,0.0,3,20,0,256.98239810496915,256.98239810496915,0.0,601,0.01
0,1,0.0,6,20,0,10.612593225891088,10.612593225891088,0.0,601,0.01
0,1,0.0,9,20,0,14.06752283923235,14.06752283923235,0.0,601,0.01
0,1,0.0,3,50,0,343.8972193614542,343.8972193614542,0.0,601,0.01
0,1,0.0,6,50,0,4.496700641353417,4.496700641353417,0.0,601,0.01
0,1,0.0,9,50,0,8.733870030987852,8.733870030987852,0.0,601,0.01
0,1,0.0,12,5,1,2.263024589246776,1.9099026573028968,-0.1696499563695532,601,0.01
0,1,0.0,15,5,1,29.37772652542228,5.267260738011293,-1.7187263426835957,601,0.01
0,1,0.0,18,5,1,12.847524472172108,14.474552549568754,0.1192409663321716,601,0.01
0,1,0.0,27,5,1,3.494601261068633,25.39573779595924,1.9833620758504311,601,0.01
0,1,0.0,12,20,1,12.73746996659628,5.190703368094947,-0.8976788289603435,601,0.01
0,1,0.0,15,20,1,221.17138387235025,22.151442586331044,-2.3010352711923074,601,0.01
0,1,0.0,18,20,1,153.76150903385656,73.30783303183232,-0.7407352935622816,601,0.01
0,1,0.0,27,20,1,11.50237420340112,86.76746845108234,2.020678297455527,601,0.01
0,1,0.0,12,50,1,17.98748207389677,4.329350473017686,-1.4242585510954344,601,0.01
0,1,0.0,15,50,1,275.57175811987446,29.362717111366056,-2.239122315593377,601,0.01
0,1,0.0,18,50,1,517.8553205820638,54.59517596717616,-2.249750372753207,601,0.01
0,1,0.0,27,50,1,25.179141529505504,138.7767579528765,1.70685064945684,601,0.01
0,1,0.0,0,5,2,4.847336769741029,4.221553773999556,-0.13822618131452,601,0.01
0,1,0.0,21,5,2,11.371731455860774,5.682881555688599,-0.6936721587718587,601,0.01
0,1,0.0,24,5,2,3.591589979867862,2.173763301618532,-0.5021350899097685,601,0.01
0,1,0.0,0,20,2,30.939943908862052,23.41795301061451,-0.2785450813682679,601,0.01
0,1,0.0,21,20,2,122.77769213046136,39.749339845687295,-1.127782105728671,601,0.01
0,1,0.0,24,20,2,27.95338244888373,10.61006216748819,-0.9687353981897556,601,0.01
0,1,0.0,0,50,2,18.820191428032537,16.536856877128848,-0.1293386657021664,601,0.01
0,1,0.0,21,50,2,266.10464829610794,77.66270894978645,-1.2315144401903395,601,0.01
0,1,0.0,24,50,2,25.87185985507315,8.431506973805542,-1.1211803667219504,601,0.01
0,1,0.1,3,5,0,32.69406435905696,32.69406435905696,0.0,601,0.01
0,1,0.1,6,5,0,3.2790539317390683,3.2790539317390683,0.0,601,0.01
0,1,0.1,9,5,0,4.154370420964692,4.154370420964692,0.0,601,0.01
0,1,0.1,27,5,0,3.494601261068633,3.494601261068633,0.0,601,0.01
0,1,0.1,3,20,0,256.98239810496915,256.98239810496915,0.0,601,0.01
0,1,0.1,6,20,0,10.612593225891088,10.612593225891088,0.0,601,0.01
0,1,0.1,9,20,0,14.06752283923235,14.06752283923235,0.0,601,0.01
0,1,0.1,27,20,0,11.50237420340112,11.50237420340112,0.0,601,0.01
0,1,0.1,3,50,0,343.8972193614542,343.8972193614542,0.0,601,0.01
0,1,0.1,6,50,0,4.496700641353417,4.496700641353417,0.0,601,0.01
0,1,0.1,9,50,0,8.733870030987852,8.733870030987852,0.0,601,0.01
0,1,0.1,27,50,0,25.179141529505504,25.179141529505504,0.0,601,0.01
0,1,0.1,12,5,1,2.263024589246776,1.9099026573028968,-0.1696499563695532,601,0.01
0,1,0.1,15,5,1,29.37772652542228,5.267260738011293,-1.7187263426835957,601,0.01
0,1,0.1,18,5,1,12.847524472172108,14.474552549568754,0.1192409663321716,601,0.01
0,1,0.1,12,20,1,12.73746996659628,5.190703368094947,-0.8976788289603435,601,0.01
0,1,0.1,15,20,1,221.17138387235025,22.151442586331044,-2.3010352711923074,601,0.01
0,1,0.1,18,20,1,153.76150903385656,73.30783303183232,-0.7407352935622816,601,0.01
0,1,0.1,12,50,1,17.98748207389677,4.329350473017686,-1.4242585510954344,601,0.01
0,1,0.1,15,50,1,275.57175811987446,29.362717111366056,-2.239122315593377,601,0.01
0,1,0.1,18,50,1,517.8553205820638,54.59517596717616,-2.249750372753207,601,0.01
0,1,0.1,0,5,2,4.847336769741029,4.221553773999556,-0.13822618131452,601,0.01
0,1,0.1,21,5,2,11.371731455860774,5.682881555688599,-0.6936721587718587,601,0.01
0,1,0.1,24,5,2,3.591589979867862,2.173763301618532,-0.5021350899097685,601,0.01
0,1,0.1,0,20,2,30.939943908862052,23.41795301061451,-0.2785450813682679,601,0.01
0,1,0.1,21,20,2,122.77769213046136,39.749339845687295,-1.127782105728671,601,0.01
0,1,0.1,24,20,2,27.95338244888373,10.61006216748819,-0.9687353981897556,601,0.01
0,1,0.1,0,50,2,18.820191428032537,16.536856877128848,-0.1293386657021664,601,0.01
0,1,0.1,21,50,2,266.10464829610794,77.66270894978645,-1.2315144401903395,601,0.01
0,1,0.1,24,50,2,25.87185985507315,8.431506973805542,-1.1211803667219504,601,0.01
0,1,0.25,3,5,0,32.69406435905696,32.69406435905696,0.0,601,0.01
0,1,0.25,6,5,0,3.2790539317390683,3.2790539317390683,0.0,601,0.01
0,1,0.25,9,5,0,4.154370420964692,4.154370420964692,0.0,601,0.01
0,1,0.25,27,5,0,3.494601261068633,3.494601261068633,0.0,601,0.01
0,1,0.25,3,20,0,256.98239810496915,256.98239810496915,0.0,601,0.01
0,1,0.25,6,20,0,10.612593225891088,10.612593225891088,0.0,601,0.01
0,1,0.25,9,20,0,14.06752283923235,14.06752283923235,0.0,601,0.01
0,1,0.25,27,20,0,11.50237420340112,11.50237420340112,0.0,601,0.01
0,1,0.25,3,50,0,343.8972193614542,343.8972193614542,0.0,601,0.01
0,1,0.25,6,50,0,4.496700641353417,4.496700641353417,0.0,601,0.01
0,1,0.25,9,50,0,8.733870030987852,8.733870030987852,0.0,601,0.01
0,1,0.25,27,50,0,25.179141529505504,25.179141529505504,0.0,601,0.01
0,1,0.25,12,5,1,2.263024589246776,1.9099026573028968,-0.1696499563695532,601,0.01
0,1,0.25,15,5,1,29.37772652542228,5.267260738011293,-1.7187263426835957,601,0.01
0,1,0.25,18,5,1,12.847524472172108,14.474552549568754,0.1192409663321716,601,0.01
0,1,0.25,12,20,1,12.73746996659628,5.190703368094947,-0.8976788289603435,601,0.01
0,1,0.25,15,20,1,221.17138387235025,22.151442586331044,-2.3010352711923074,601,0.01
0,1,0.25,18,20,1,153.76150903385656,73.30783303183232,-0.7407352935622816,601,0.01
0,1,0.25,12,50,1,17.98748207389677,4.329350473017686,-1.4242585510954344,601,0.01
0,1,0.25,15,50,1,275.57175811987446,29.362717111366056,-2.239122315593377,601,0.01
0,1,0.25,18,50,1,517.8553205820638,54.59517596717616,-2.249750372753207,601,0.01
0,1,0.25,0,5,2,4.847336769741029,4.221553773999556,-0.13822618131452,601,0.01
0,1,0.25,21,5,2,11.371731455860774,5.682881555688599,-0.6936721587718587,601,0.01
0,1,0.25,24,5,2,3.591589979867862,2.173763301618532,-0.5021350899097685,601,0.01
0,1,0.25,0,20,2,30.939943908862052,23.41795301061451,-0.2785450813682679,601,0.01
0,1,0.25,21,20,2,122.77769213046136,39.749339845687295,-1.127782105728671,601,0.01
0,1,0.25,24,20,2,27.95338244888373,10.61006216748819,-0.9687353981897556,601,0.01
0,1,0.25,0,50,2,18.820191428032537,16.536856877128848,-0.1293386657021664,601,0.01
0,1,0.25,21,50,2,266.10464829610794,77.66270894978645,-1.2315144401903395,601,0.01
0,1,0.25,24,50,2,25.87185985507315,8.431506973805542,-1.1211803667219504,601,0.01
0,2,0.0,3,5,0,32.69406435905696,32.69406435905696,0.0,601,0.01
0,2,0.0,6,5,0,3.2790539317390683,3.2790539317390683,0.0,601,0.01
0,2,0.0,9,5,0,4.154370420964692,4.154370420964692,0.0,601,0.01
0,2,0.0,3,20,0,256.98239810496915,256.98239810496915,0.0,601,0.01
0,2,0.0,6,20,0,10.612593225891088,10.612593225891088,0.0,601,0.01
0,2,0.0,9,20,0,14.06752283923235,14.06752283923235,0.0,601,0.01
0,2,0.0,3,50,0,343.8972193614542,343.8972193614542,0.0,601,0.01
0,2,0.0,6,50,0,4.496700641353417,4.496700641353417,0.0,601,0.01
0,2,0.0,9,50,0,8.733870030987852,8.733870030987852,0.0,601,0.01
0,2,0.0,0,5,1,4.847336769741029,4.221555707882375,-0.1382257232172223,601,0.01
0,2,0.0,21,5,1,11.371731455860774,5.682880673575683,-0.6936723139946934,601,0.01
0,2,0.0,24,5,1,3.591589979867862,2.173764064917742,-0.5021347387680064,601,0.01
0,2,0.0,0,20,1,30.939943908862052,23.417969521805546,-0.2785443763030043,601,0.01
0,2,0.0,21,20,1,122.77769213046136,39.74933250681642,-1.1277822903574366,601,0.01
0,2,0.0,24,20,1,27.95338244888373,10.610068655812489,-0.9687347866643742,601,0.01
0,2,0.0,0,50,1,18.820191428032537,16.536865213264708,-0.1293381616079592,601,0.01
0,2,0.0,21,50,1,266.10464829610794,77.66269213831961,-1.2315146566580484,601,0.01
0,2,0.0,24,50,1,25.87185985507315,8.431510724003775,-1.1211799219381875,601,0.01
0,2,0.0,12,5,2,2.263024589246776,1.9099033706562176,-0.1696495828671733,601,0.01
0,2,0.0,15,5,2,29.37772652542228,5.267260582812383,-1.71872637214842,601,0.01
0,2,0.0,18,5,2,12.847524472172108,14.47455290913069,0.1192409911731421,601,0.01
0,2,0.0,27,5,2,3.494601261068633,25.39573907960964,1.9833621263963288,601,0.01
0,2,0.0,12,20,2,12.73746996659628,5.190709156466044,-0.8976777138190111,601,0.01
0,2,0.0,15,20,2,221.17138387235025,22.151447806013294,-2.3010350355561124,601,0.01
0,2,0.0,18,20,2,153.76150903385656,73.30786330504415,-0.7407348806022428,601,0.01
0,2,0.0,27,20,2,11.50237420340112,86.76748124327862,2.0206784448863044,601,0.01
0,2,0.0,12,50,2,17.98748207389677,4.329354953143372,-1.4242575162696804,601,0.01
0,2,0.0,15,50,2,275.57175811987446,29.36272428353169,-2.239122071332441,601,0.01
0,2,0.0,18,50,2,517.8553205820638,54.5952141863222,-2.249749672707242,601,0.01
0,2,0.0,27,50,2,25.179141529505504,138.77674350517458,1.7068505453493306,601,0.01
0,2,0.1,3,5,0,32.69406435905696,32.69406435905696,0.0,601,0.01
0,2,0.1,6,5,0,3.2790539317390683,3.2790539317390683,0.0,601,0.01
0,2,0.1,9,5,0,4.154370420964692,4.154370420964692,0.0,601,0.01
0,2,0.1,27,5,0,3.494601261068633,3.494601261068633,0.0,601,0.01
0,2,0.1,3,20,0,256.98239810496915,256.98239810496915,0.0,601,0.01
0,2,0.1,6,20,0,10.612593225891088,10.612593225891088,0.0,601,0.01
0,2,0.1,9,20,0,14.06752283923235,14.06752283923235,0.0,601,0.01
0,2,0.1,27,20,0,11.50237420340112,11.50237420340112,0.0,601,0.01
0,2,0.1,3,50,0,343.8972193614542,343.8972193614542,0.0,601,0.01
0,2,0.1,6,50,0,4.496700641353417,4.496700641353417,0.0,601,0.01
0,2,0.1,9,50,0,8.733870030987852,8.733870030987852,0.0,601,0.01
0,2,0.1,27,50,0,25.179141529505504,25.179141529505504,0.0,601,0.01
0,2,0.1,0,5,1,4.847336769741029,4.221555707882375,-0.1382257232172223,601,0.01
0,2,0.1,21,5,1,11.371731455860774,5.682880673575683,-0.6936723139946934,601,0.01
0,2,0.1,24,5,1,3.591589979867862,2.173764064917742,-0.5021347387680064,601,0.01
0,2,0.1,0,20,1,30.939943908862052,23.417969521805546,-0.2785443763030043,601,0.01
0,2,0.1,21,20,1,122.77769213046136,39.74933250681642,-1.1277822903574366,601,0.01
0,2,0.1,24,20,1,27.95338244888373,10.610068655812489,-0.9687347866643742,601,0.01
0,2,0.1,0,50,1,18.820191428032537,16.536865213264708,-0.1293381616079592,601,0.01
0,2,0.1,21,50,1,266.10464829610794,77.66269213831961,-1.2315146566580484,601,0.01
0,2,0.1,24,50,1,25.87185985507315,8.431510724003775,-1.1211799219381875,601,0.01
0,2,0.1,12,5,2,2.263024589246776,1.9099033706562176,-0.1696495828671733,601,0.01
0,2,0.1,15,5,2,29.37772652542228,5.267260582812383,-1.71872637214842,601,0.01
0,2,0.1,18,5,2,12.847524472172108,14.47455290913069,0.1192409911731421,601,0.01
0,2,0.1,12,20,2,12.73746996659628,5.190709156466044,-0.8976777138190111,601,0.01
0,2,0.1,15,20,2,221.17138387235025,22.151447806013294,-2.3010350355561124,601,0.01
0,2,0.1,18,20,2,153.76150903385656,73.30786330504415,-0.7407348806022428,601,0.01
0,2,0.1,12,50,2,17.98748207389677,4.329354953143372,-1.4242575162696804,601,0.01
0,2,0.1,15,50,2,275.57175811987446,29.36272428353169,-2.239122071332441,601,0.01
0,2,0.1,18,50,2,517.8553205820638,54.5952141863222,-2.249749672707242,601,0.01
0,2,0.25,3,5,0,32.69406435905696,32.69406435905696,0.0,601,0.01
0,2,0.25,6,5,0,3.2790539317390683,3.2790539317390683,0.0,601,0.01
0,2,0.25,9,5,0,4.154370420964692,4.154370420964692,0.0,601,0.01
0,2,0.25,27,5,0,3.494601261068633,3.494601261068633,0.0,601,0.01
0,2,0.25,3,20,0,256.98239810496915,256.98239810496915,0.0,601,0.01
0,2,0.25,6,20,0,10.612593225891088,10.612593225891088,0.0,601,0.01
0,2,0.25,9,20,0,14.06752283923235,14.06752283923235,0.0,601,0.01
0,2,0.25,27,20,0,11.50237420340112,11.50237420340112,0.0,601,0.01
0,2,0.25,3,50,0,343.8972193614542,343.8972193614542,0.0,601,0.01
0,2,0.25,6,50,0,4.496700641353417,4.496700641353417,0.0,601,0.01
0,2,0.25,9,50,0,8.733870030987852,8.733870030987852,0.0,601,0.01
0,2,0.25,27,50,0,25.179141529505504,25.179141529505504,0.0,601,0.01
0,2,0.25,0,5,1,4.847336769741029,4.221555707882375,-0.1382257232172223,601,0.01
0,2,0.25,21,5,1,11.371731455860774,5.682880673575683,-0.6936723139946934,601,0.01
0,2,0.25,24,5,1,3.591589979867862,2.173764064917742,-0.5021347387680064,601,0.01
0,2,0.25,0,20,1,30.939943908862052,23.417969521805546,-0.2785443763030043,601,0.01
0,2,0.25,21,20,1,122.77769213046136,39.74933250681642,-1.1277822903574366,601,0.01
0,2,0.25,24,20,1,27.95338244888373,10.610068655812489,-0.9687347866643742,601,0.01
0,2,0.25,0,50,1,18.820191428032537,16.536865213264708,-0.1293381616079592,601,0.01
0,2,0.25,21,50,1,266.10464829610794,77.66269213831961,-1.2315146566580484,601,0.01
0,2,0.25,24,50,1,25.87185985507315,8.431510724003775,-1.1211799219381875,601,0.01
0,2,0.25,12,5,2,2.263024589246776,1.9099033706562176,-0.1696495828671733,601,0.01
0,2,0.25,15,5,2,29.37772652542228,5.267260582812383,-1.71872637214842,601,0.01
0,2,0.25,18,5,2,12.847524472172108,14.47455290913069,0.1192409911731421,601,0.01
0,2,0.25,12,20,2,12.73746996659628,5.190709156466044,-0.8976777138190111,601,0.01
0,2,0.25,15,20,2,221.17138387235025,22.151447806013294,-2.3010350355561124,601,0.01
0,2,0.25,18,20,2,153.76150903385656,73.30786330504415,-0.7407348806022428,601,0.01
0,2,0.25,12,50,2,17.98748207389677,4.329354953143372,-1.4242575162696804,601,0.01
0,2,0.25,15,50,2,275.57175811987446,29.36272428353169,-2.239122071332441,601,0.01
0,2,0.25,18,50,2,517.8553205820638,54.5952141863222,-2.249749672707242,601,0.01
0,3,0.0,3,5,0,32.69406435905696,32.69406435905696,0.0,601,0.01
0,3,0.0,6,5,0,3.2790539317390683,3.2790539317390683,0.0,601,0.01
0,3,0.0,9,5,0,4.154370420964692,4.154370420964692,0.0,601,0.01
0,3,0.0,3,20,0,256.98239810496915,256.98239810496915,0.0,601,0.01
0,3,0.0,6,20,0,10.612593225891088,10.612593225891088,0.0,601,0.01
0,3,0.0,9,20,0,14.06752283923235,14.06752283923235,0.0,601,0.01
0,3,0.0,3,50,0,343.8972193614542,343.8972193614542,0.0,601,0.01
0,3,0.0,6,50,0,4.496700641353417,4.496700641353417,0.0,601,0.01
0,3,0.0,9,50,0,8.733870030987852,8.733870030987852,0.0,601,0.01
0,3,0.0,0,5,1,4.847336769741029,4.22155673945554,-0.1382254788587179,601,0.01
0,3,0.0,21,5,1,11.371731455860774,5.682880503569685,-0.6936723439101553,601,0.01
0,3,0.0,24,5,1,3.591589979867862,2.173764161734096,-0.5021346942294322,601,0.01
0,3,0.0,0,20,1,30.939943908862052,23.417985527109824,-0.2785436928407256,601,0.01
0,3,0.0,21,20,1,122.77769213046136,39.74933578113797,-1.1277822079831876,601,0.01
0,3,0.0,24,20,1,27.95338244888373,10.610072879228438,-0.9687343886070904,601,0.01
0,3,0.0,0,50,1,18.820191428032537,16.536872813592314,-0.1293377020090109,601,0.01
0,3,0.0,21,50,1,266.10464829610794,77.66270161320695,-1.2315145346575551,601,0.01
0,3,0.0,24,50,1,25.87185985507315,8.43151202558836,-1.121179767566744,601,0.01
0,3,0.0,12,5,2,2.263024589246776,1.909902764580076,-0.1696499002006298,601,0.01
0,3,0.0,15,5,2,29.37772652542228,5.267261741622845,-1.7187261521459505,601,0.01
0,3,0.0,18,5,2,12.847524472172108,14.47455497628637,0.1192411339862256,601,0.01
0,3,0.0,27,5,2,3.494601261068633,25.39573390376424,1.9833619225886776,601,0.01
0,3,0.0,12,20,2,12.73746996659628,5.1907042597874335,-0.8976786571739116,601,0.01
0,3,0.0,15,20,2,221.17138387235025,22.15144997599509,-2.3010349375949453,601,0.01
0,3,0.0,18,20,2,153.76150903385656,73.30786156327555,-0.7407349043618852,601,0.01
0,3,0.0,27,20,2,11.50237420340112,86.76745390285755,2.020678129786396,601,0.01
0,3,0.0,12,50,2,17.98748207389677,4.329350749295161,-1.4242584872804425,601,0.01
0,3,0.0,15,50,2,275.57175811987446,29.36272088647164,-2.239122187025393,601,0.01
0,3,0.0,18,50,2,517.8553205820638,54.59520369254083,-2.249749864917906,601,0.01
0,3,0.0,27,50,2,25.179141529505504,138.77674191613875,1.7068505338990272,601,0.01
0,3,0.1,3,5,0,32.69406435905696,32.69406435905696,0.0,601,0.01
0,3,0.1,6,5,0,3.2790539317390683,3.2790539317390683,0.0,601,0.01
0,3,0.1,9,5,0,4.154370420964692,4.154370420964692,0.0,601,0.01
0,3,0.1,27,5,0,3.494601261068633,3.494601261068633,0.0,601,0.01
0,3,0.1,3,20,0,256.98239810496915,256.98239810496915,0.0,601,0.01
0,3,0.1,6,20,0,10.612593225891088,10.612593225891088,0.0,601,0.01
0,3,0.1,9,20,0,14.06752283923235,14.06752283923235,0.0,601,0.01
0,3,0.1,27,20,0,11.50237420340112,11.50237420340112,0.0,601,0.01
0,3,0.1,3,50,0,343.8972193614542,343.8972193614542,0.0,601,0.01
0,3,0.1,6,50,0,4.496700641353417,4.496700641353417,0.0,601,0.01
0,3,0.1,9,50,0,8.733870030987852,8.733870030987852,0.0,601,0.01
0,3,0.1,27,50,0,25.179141529505504,25.179141529505504,0.0,601,0.01
0,3,0.1,0,5,1,4.847336769741029,4.22155673945554,-0.1382254788587179,601,0.01
0,3,0.1,21,5,1,11.371731455860774,5.682880503569685,-0.6936723439101553,601,0.01
0,3,0.1,24,5,1,3.591589979867862,2.173764161734096,-0.5021346942294322,601,0.01
0,3,0.1,0,20,1,30.939943908862052,23.417985527109824,-0.2785436928407256,601,0.01
0,3,0.1,21,20,1,122.77769213046136,39.74933578113797,-1.1277822079831876,601,0.01
0,3,0.1,24,20,1,27.95338244888373,10.610072879228438,-0.9687343886070904,601,0.01
0,3,0.1,0,50,1,18.820191428032537,16.536872813592314,-0.1293377020090109,601,0.01
0,3,0.1,21,50,1,266.10464829610794,77.66270161320695,-1.2315145346575551,601,0.01
0,3,0.1,24,50,1,25.87185985507315,8.43151202558836,-1.121179767566744,601,0.01
0,3,0.1,12,5,2,2.263024589246776,1.909902764580076,-0.1696499002006298,601,0.01
0,3,0.1,15,5,2,29.37772652542228,5.267261741622845,-1.7187261521459505,601,0.01
0,3,0.1,18,5,2,12.847524472172108,14.47455497628637,0.1192411339862256,601,0.01
0,3,0.1,12,20,2,12.73746996659628,5.1907042597874335,-0.8976786571739116,601,0.01
0,3,0.1,15,20,2,221.17138387235025,22.15144997599509,-2.3010349375949453,601,0.01
0,3,0.1,18,20,2,153.76150903385656,73.30786156327555,-0.7407349043618852,601,0.01
0,3,0.1,12,50,2,17.98748207389677,4.329350749295161,-1.4242584872804425,601,0.01
0,3,0.1,15,50,2,275.57175811987446,29.36272088647164,-2.239122187025393,601,0.01
0,3,0.1,18,50,2,517.8553205820638,54.59520369254083,-2.249749864917906,601,0.01
0,3,0.25,3,5,0,32.69406435905696,32.69406435905696,0.0,601,0.01
0,3,0.25,6,5,0,3.2790539317390683,3.2790539317390683,0.0,601,0.01
0,3,0.25,9,5,0,4.154370420964692,4.154370420964692,0.0,601,0.01
0,3,0.25,27,5,0,3.494601261068633,3.494601261068633,0.0,601,0.01
0,3,0.25,3,20,0,256.98239810496915,256.98239810496915,0.0,601,0.01
0,3,0.25,6,20,0,10.612593225891088,10.612593225891088,0.0,601,0.01
0,3,0.25,9,20,0,14.06752283923235,14.06752283923235,0.0,601,0.01
0,3,0.25,27,20,0,11.50237420340112,11.50237420340112,0.0,601,0.01
0,3,0.25,3,50,0,343.8972193614542,343.8972193614542,0.0,601,0.01
0,3,0.25,6,50,0,4.496700641353417,4.496700641353417,0.0,601,0.01
0,3,0.25,9,50,0,8.733870030987852,8.733870030987852,0.0,601,0.01
0,3,0.25,27,50,0,25.179141529505504,25.179141529505504,0.0,601,0.01
0,3,0.25,0,5,1,4.847336769741029,4.22155673945554,-0.1382254788587179,601,0.01
0,3,0.25,21,5,1,11.371731455860774,5.682880503569685,-0.6936723439101553,601,0.01
0,3,0.25,24,5,1,3.591589979867862,2.173764161734096,-0.5021346942294322,601,0.01
0,3,0.25,0,20,1,30.939943908862052,23.417985527109824,-0.2785436928407256,601,0.01
0,3,0.25,21,20,1,122.77769213046136,39.74933578113797,-1.1277822079831876,601,0.01
0,3,0.25,24,20,1,27.95338244888373,10.610072879228438,-0.9687343886070904,601,0.01
0,3,0.25,0,50,1,18.820191428032537,16.536872813592314,-0.1293377020090109,601,0.01
0,3,0.25,21,50,1,266.10464829610794,77.66270161320695,-1.2315145346575551,601,0.01
0,3,0.25,24,50,1,25.87185985507315,8.43151202558836,-1.121179767566744,601,0.01
0,3,0.25,12,5,2,2.263024589246776,1.909902764580076,-0.1696499002006298,601,0.01
0,3,0.25,15,5,2,29.37772652542228,5.267261741622845,-1.7187261521459505,601,0.01
0,3,0.25,18,5,2,12.847524472172108,14.47455497628637,0.1192411339862256,601,0.01
0,3,0.25,12,20,2,12.73746996659628,5.1907042597874335,-0.8976786571739116,601,0.01
0,3,0.25,15,20,2,221.17138387235025,22.15144997599509,-2.3010349375949453,601,0.01
0,3,0.25,18,20,2,153.76150903385656,73.30786156327555,-0.7407349043618852,601,0.01
0,3,0.25,12,50,2,17.98748207389677,4.329350749295161,-1.4242584872804425,601,0.01
0,3,0.25,15,50,2,275.57175811987446,29.36272088647164,-2.239122187025393,601,0.01
0,3,0.25,18,50,2,517.8553205820638,54.59520369254083,-2.249749864917906,601,0.01
0,4,0.0,3,5,0,32.69406435905696,32.69406435905696,0.0,601,0.01
0,4,0.0,6,5,0,3.2790539317390683,3.2790539317390683,0.0,601,0.01
0,4,0.0,9,5,0,4.154370420964692,4.154370420964692,0.0,601,0.01
0,4,0.0,3,20,0,256.98239810496915,256.98239810496915,0.0,601,0.01
0,4,0.0,6,20,0,10.612593225891088,10.612593225891088,0.0,601,0.01
0,4,0.0,9,20,0,14.06752283923235,14.06752283923235,0.0,601,0.01
0,4,0.0,3,50,0,343.8972193614542,343.8972193614542,0.0,601,0.01
0,4,0.0,6,50,0,4.496700641353417,4.496700641353417,0.0,601,0.01
0,4,0.0,9,50,0,8.733870030987852,8.733870030987852,0.0,601,0.01
0,4,0.0,0,5,1,4.847336769741029,2.342407349328178,-0.7272502521864604,601,0.01
0,4,0.0,21,5,1,11.371731455860774,6.764985236218608,-0.5193704997627255,601,0.01
0,4,0.0,24,5,1,3.591589979867862,1.506711658588532,-0.868665429155651,601,0.01
0,4,0.0,27,5,1,3.494601261068633,1.8657827287339923,-0.6275386220446535,601,0.01
0,4,0.0,0,20,1,30.939943908862052,6.520927459473613,-1.557031418035148,601,0.01
0,4,0.0,21,20,1,122.77769213046136,31.91678363733421,-1.3472433347721957,601,0.01
0,4,0.0,24,20,1,27.95338244888373,2.771298606304494,-2.311222188846206,601,0.01
0,4,0.0,27,20,1,11.50237420340112,4.401623627311005,-0.960579987465273,601,0.01
0,4,0.0,0,50,1,18.820191428032537,8.339006595482116,-0.8139862096023289,601,0.01
0,4,0.0,21,50,1,266.10464829610794,66.80021463172665,-1.3821833524742315,601,0.01
0,4,0.0,24,50,1,25.87185985507315,3.907786998881877,-1.8901846571363412,601,0.01
0,4,0.0,27,50,1,25.179141529505504,4.264808415038636,-1.7756186750249374,601,0.01
0,4,0.0,12,5,2,2.263024589246776,1.90990429744935,-0.1696490976107348,601,0.01
0,4,0.0,15,5,2,29.37772652542228,5.267252745460716,-1.7187278600864808,601,0.01
0,4,0.0,18,5,2,12.847524472172108,14.474546544050746,0.1192405514302787,601,0.01
0,4,0.0,12,20,2,12.73746996659628,5.190712419838492,-0.8976770851242944,601,0.01
0,4,0.0,15,20,2,221.17138387235025,22.151402162872778,-2.3010370960619517,601,0.01
0,4,0.0,18,20,2,153.76150903385656,73.30781881799231,-0.740735487454814,601,0.01
0,4,0.0,12,50,2,17.98748207389677,4.329358103540454,-1.4242567885871575,601,0.01
0,4,0.0,15,50,2,275.57175811987446,29.36265924018245,-2.2391242865022822,601,0.01
0,4,0.0,18,50,2,517.8553205820638,54.59518089554736,-2.249750282482027,601,0.01
0,4,0.1,3,5,0,32.69406435905696,32.69406435905696,0.0,601,0.01
0,4,0.1,6,5,0,3.2790539317390683,3.2790539317390683,0.0,601,0.01
0,4,0.1,9,5,0,4.154370420964692,4.154370420964692,0.0,601,0.01
0,4,0.1,3,20,0,256.98239810496915,256.98239810496915,0.0,601,0.01
0,4,0.1,6,20,0,10.612593225891088,10.612593225891088,0.0,601,0.01
0,4,0.1,9,20,0,14.06752283923235,14.06752283923235,0.0,601,0.01
0,4,0.1,3,50,0,343.8972193614542,343.8972193614542,0.0,601,0.01
0,4,0.1,6,50,0,4.496700641353417,4.496700641353417,0.0,601,0.01
0,4,0.1,9,50,0,8.733870030987852,8.733870030987852,0.0,601,0.01
0,4,0.1,0,5,1,4.847336769741029,2.342407349328178,-0.7272502521864604,601,0.01
0,4,0.1,21,5,1,11.371731455860774,6.764985236218608,-0.5193704997627255,601,0.01
0,4,0.1,24,5,1,3.591589979867862,1.506711658588532,-0.868665429155651,601,0.01
0,4,0.1,27,5,1,3.494601261068633,1.8657827287339923,-0.6275386220446535,601,0.01
0,4,0.1,0,20,1,30.939943908862052,6.520927459473613,-1.557031418035148,601,0.01
0,4,0.1,21,20,1,122.77769213046136,31.91678363733421,-1.3472433347721957,601,0.01
0,4,0.1,24,20,1,27.95338244888373,2.771298606304494,-2.311222188846206,601,0.01
0,4,0.1,27,20,1,11.50237420340112,4.401623627311005,-0.960579987465273,601,0.01
0,4,0.1,0,50,1,18.820191428032537,8.339006595482116,-0.8139862096023289,601,0.01
0,4,0.1,21,50,1,266.10464829610794,66.80021463172665,-1.3821833524742315,601,0.01
0,4,0.1,24,50,1,25.87185985507315,3.907786998881877,-1.8901846571363412,601,0.01
0,4,0.1,27,50,1,25.179141529505504,4.264808415038636,-1.7756186750249374,601,0.01
0,4,0.1,12,5,2,2.263024589246776,1.90990429744935,-0.1696490976107348,601,0.01
0,4,0.1,15,5,2,29.37772652542228,5.267252745460716,-1.7187278600864808,601,0.01
0,4,0.1,18,5,2,12.847524472172108,14.474546544050746,0.1192405514302787,601,0.01
0,4,0.1,12,20,2,12.73746996659628,5.190712419838492,-0.8976770851242944,601,0.01
0,4,0.1,15,20,2,221.17138387235025,22.151402162872778,-2.3010370960619517,601,0.01
0,4,0.1,18,20,2,153.76150903385656,73.30781881799231,-0.740735487454814,601,0.01
0,4,0.1,12,50,2,17.98748207389677,4.329358103540454,-1.4242567885871575,601,0.01
0,4,0.1,15,50,2,275.57175811987446,29.36265924018245,-2.2391242865022822,601,0.01
0,4,0.1,18,50,2,517.8553205820638,54.59518089554736,-2.249750282482027,601,0.01
0,4,0.25,3,5,0,32.69406435905696,32.69406435905696,0.0,601,0.01
0,4,0.25,6,5,0,3.2790539317390683,3.2790539317390683,0.0,601,0.01
0,4,0.25,9,5,0,4.154370420964692,4.154370420964692,0.0,601,0.01
0,4,0.25,27,5,0,3.494601261068633,3.494601261068633,0.0,601,0.01
0,4,0.25,3,20,0,256.98239810496915,256.98239810496915,0.0,601,0.01
0,4,0.25,6,20,0,10.612593225891088,10.612593225891088,0.0,601,0.01
0,4,0.25,9,20,0,14.06752283923235,14.06752283923235,0.0,601,0.01
0,4,0.25,27,20,0,11.50237420340112,11.50237420340112,0.0,601,0.01
0,4,0.25,3,50,0,343.8972193614542,343.8972193614542,0.0,601,0.01
0,4,0.25,6,50,0,4.496700641353417,4.496700641353417,0.0,601,0.01
0,4,0.25,9,50,0,8.733870030987852,8.733870030987852,0.0,601,0.01
0,4,0.25,27,50,0,25.179141529505504,25.179141529505504,0.0,601,0.01
0,4,0.25,0,5,1,4.847336769741029,2.342407349328178,-0.7272502521864604,601,0.01
0,4,0.25,21,5,1,11.371731455860774,6.764985236218608,-0.5193704997627255,601,0.01
0,4,0.25,24,5,1,3.591589979867862,1.506711658588532,-0.868665429155651,601,0.01
0,4,0.25,0,20,1,30.939943908862052,6.520927459473613,-1.557031418035148,601,0.01
0,4,0.25,21,20,1,122.77769213046136,31.91678363733421,-1.3472433347721957,601,0.01
0,4,0.25,24,20,1,27.95338244888373,2.771298606304494,-2.311222188846206,601,0.01
0,4,0.25,0,50,1,18.820191428032537,8.339006595482116,-0.8139862096023289,601,0.01
0,4,0.25,21,50,1,266.10464829610794,66.80021463172665,-1.3821833524742315,601,0.01
0,4,0.25,24,50,1,25.87185985507315,3.907786998881877,-1.8901846571363412,601,0.01
0,4,0.25,12,5,2,2.263024589246776,1.90990429744935,-0.1696490976107348,601,0.01
0,4,0.25,15,5,2,29.37772652542228,5.267252745460716,-1.7187278600864808,601,0.01
0,4,0.25,18,5,2,12.847524472172108,14.474546544050746,0.1192405514302787,601,0.01
0,4,0.25,12,20,2,12.73746996659628,5.190712419838492,-0.8976770851242944,601,0.01
0,4,0.25,15,20,2,221.17138387235025,22.151402162872778,-2.3010370960619517,601,0.01
0,4,0.25,18,20,2,153.76150903385656,73.30781881799231,-0.740735487454814,601,0.01
0,4,0.25,12,50,2,17.98748207389677,4.329358103540454,-1.4242567885871575,601,0.01
0,4,0.25,15,50,2,275.57175811987446,29.36265924018245,-2.2391242865022822,601,0.01
0,4,0.25,18,50,2,517.8553205820638,54.59518089554736,-2.249750282482027,601,0.01
0,5,0.0,3,5,0,32.69406435905696,32.69406435905696,0.0,601,0.01
0,5,0.0,6,5,0,3.2790539317390683,3.2790539317390683,0.0,601,0.01
0,5,0.0,9,5,0,4.154370420964692,4.154370420964692,0.0,601,0.01
0,5,0.0,3,20,0,256.98239810496915,256.98239810496915,0.0,601,0.01
0,5,0.0,6,20,0,10.612593225891088,10.612593225891088,0.0,601,0.01
0,5,0.0,9,20,0,14.06752283923235,14.06752283923235,0.0,601,0.01
0,5,0.0,3,50,0,343.8972193614542,343.8972193614542,0.0,601,0.01
0,5,0.0,6,50,0,4.496700641353417,4.496700641353417,0.0,601,0.01
0,5,0.0,9,50,0,8.733870030987852,8.733870030987852,0.0,601,0.01
0,5,0.0,0,5,1,4.847336769741029,4.221553497715998,-0.1382262467604628,601,0.01
0,5,0.0,21,5,1,11.371731455860774,5.682881815117698,-0.6936721131208821,601,0.01
0,5,0.0,24,5,1,3.591589979867862,2.173762961424391,-0.5021352464098655,601,0.01
0,5,0.0,0,20,1,30.939943908862052,23.41795559093158,-0.2785449711828505,601,0.01
0,5,0.0,21,20,1,122.77769213046136,39.74934518661957,-1.1277819713633723,601,0.01
0,5,0.0,24,20,1,27.95338244888373,10.610061580837302,-0.968735453481694,601,0.01
0,5,0.0,0,50,1,18.820191428032537,16.53685793626528,-0.1293386016551466,601,0.01
0,5,0.0,21,50,1,266.10464829610794,77.66272270559834,-1.231514263067872,601,0.01
0,5,0.0,24,50,1,25.87185985507315,8.431505893870899,-1.1211804948051882,601,0.01
0,5,0.0,12,5,2,2.263024589246776,1.9099035190075355,-0.1696495051923998,601,0.01
0,5,0.0,15,5,2,29.37772652542228,5.267262056952263,-1.7187260922800425,601,0.01
0,5,0.0,18,5,2,12.847524472172108,14.47455580143802,0.1192411909932719,601,0.01
0,5,0.0,27,5,2,3.494601261068633,25.3957405503241,1.983362184308186,601,0.01
0,5,0.0,12,20,2,12.73746996659628,5.190708744871976,-0.8976777931133948,601,0.01
0,5,0.0,15,20,2,221.17138387235025,22.15145025464141,-2.3010349250157995,601,0.01
0,5,0.0,18,20,2,153.76150903385656,73.30785898400643,-0.7407349395459584,601,0.01
0,5,0.0,27,20,2,11.50237420340112,86.76748202616879,2.0206784539091567,601,0.01
0,5,0.0,12,50,2,17.98748207389677,4.329354679696155,-1.4242575794308738,601,0.01
0,5,0.0,15,50,2,275.57175811987446,29.36272426145013,-2.239122072084468,601,0.01
0,5,0.0,18,50,2,517.8553205820638,54.59519056864629,-2.2497501053034203,601,0.01
0,5,0.0,27,50,2,25.179141529505504,138.77675703685549,1.7068506428561598,601,0.01
0,5,0.1,3,5,0,32.69406435905696,32.69406435905696,0.0,601,0.01
0,5,0.1,6,5,0,3.2790539317390683,3.2790539317390683,0.0,601,0.01
0,5,0.1,9,5,0,4.154370420964692,4.154370420964692,0.0,601,0.01
0,5,0.1,27,5,0,3.494601261068633,3.494601261068633,0.0,601,0.01
0,5,0.1,3,20,0,256.98239810496915,256.98239810496915,0.0,601,0.01
0,5,0.1,6,20,0,10.612593225891088,10.612593225891088,0.0,601,0.01
0,5,0.1,9,20,0,14.06752283923235,14.06752283923235,0.0,601,0.01
0,5,0.1,27,20,0,11.50237420340112,11.50237420340112,0.0,601,0.01
0,5,0.1,3,50,0,343.8972193614542,343.8972193614542,0.0,601,0.01
0,5,0.1,6,50,0,4.496700641353417,4.496700641353417,0.0,601,0.01
0,5,0.1,9,50,0,8.733870030987852,8.733870030987852,0.0,601,0.01
0,5,0.1,27,50,0,25.179141529505504,25.179141529505504,0.0,601,0.01
0,5,0.1,0,5,1,4.847336769741029,4.221553497715998,-0.1382262467604628,601,0.01
0,5,0.1,21,5,1,11.371731455860774,5.682881815117698,-0.6936721131208821,601,0.01
0,5,0.1,24,5,1,3.591589979867862,2.173762961424391,-0.5021352464098655,601,0.01
0,5,0.1,0,20,1,30.939943908862052,23.41795559093158,-0.2785449711828505,601,0.01
0,5,0.1,21,20,1,122.77769213046136,39.74934518661957,-1.1277819713633723,601,0.01
0,5,0.1,24,20,1,27.95338244888373,10.610061580837302,-0.968735453481694,601,0.01
0,5,0.1,0,50,1,18.820191428032537,16.53685793626528,-0.1293386016551466,601,0.01
0,5,0.1,21,50,1,266.10464829610794,77.66272270559834,-1.231514263067872,601,0.01
0,5,0.1,24,50,1,25.87185985507315,8.431505893870899,-1.1211804948051882,601,0.01
0,5,0.1,12,5,2,2.263024589246776,1.9099035190075355,-0.1696495051923998,601,0.01
0,5,0.1,15,5,2,29.37772652542228,5.267262056952263,-1.7187260922800425,601,0.01
0,5,0.1,18,5,2,12.847524472172108,14.47455580143802,0.1192411909932719,601,0.01
0,5,0.1,12,20,2,12.73746996659628,5.190708744871976,-0.8976777931133948,601,0.01
0,5,0.1,15,20,2,221.17138387235025,22.15145025464141,-2.3010349250157995,601,0.01
0,5,0.1,18,20,2,153.76150903385656,73.30785898400643,-0.7407349395459584,601,0.01
0,5,0.1,12,50,2,17.98748207389677,4.329354679696155,-1.4242575794308738,601,0.01
0,5,0.1,15,50,2,275.57175811987446,29.36272426145013,-2.239122072084468,601,0.01
0,5,0.1,18,50,2,517.8553205820638,54.59519056864629,-2.2497501053034203,601,0.01
0,5,0.25,3,5,0,32.69406435905696,32.69406435905696,0.0,601,0.01
0,5,0.25,6,5,0,3.2790539317390683,3.2790539317390683,0.0,601,0.01
0,5,0.25,9,5,0,4.154370420964692,4.154370420964692,0.0,601,0.01
0,5,0.25,27,5,0,3.494601261068633,3.494601261068633,0.0,601,0.01
0,5,0.25,3,20,0,256.98239810496915,256.98239810496915,0.0,601,0.01
0,5,0.25,6,20,0,10.612593225891088,10.612593225891088,0.0,601,0.01
0,5,0.25,9,20,0,14.06752283923235,14.06752283923235,0.0,601,0.01
0,5,0.25,27,20,0,11.50237420340112,11.50237420340112,0.0,601,0.01
0,5,0.25,3,50,0,343.8972193614542,343.8972193614542,0.0,601,0.01
0,5,0.25,6,50,0,4.496700641353417,4.496700641353417,0.0,601,0.01
0,5,0.25,9,50,0,8.733870030987852,8.733870030987852,0.0,601,0.01
0,5,0.25,27,50,0,25.179141529505504,25.179141529505504,0.0,601,0.01
0,5,0.25,0,5,1,4.847336769741029,4.221553497715998,-0.1382262467604628,601,0.01
0,5,0.25,21,5,1,11.371731455860774,5.682881815117698,-0.6936721131208821,601,0.01
0,5,0.25,24,5,1,3.591589979867862,2.173762961424391,-0.5021352464098655,601,0.01
0,5,0.25,0,20,1,30.939943908862052,23.41795559093158,-0.2785449711828505,601,0.01
0,5,0.25,21,20,1,122.77769213046136,39.74934518661957,-1.1277819713633723,601,0.01
0,5,0.25,24,20,1,27.95338244888373,10.610061580837302,-0.968735453481694,601,0.01
0,5,0.25,0,50,1,18.820191428032537,16.53685793626528,-0.1293386016551466,601,0.01
0,5,0.25,21,50,1,266.10464829610794,77.66272270559834,-1.231514263067872,601,0.01
0,5,0.25,24,50,1,25.87185985507315,8.431505893870899,-1.1211804948051882,601,0.01
0,5,0.25,12,5,2,2.263024589246776,1.9099035190075355,-0.1696495051923998,601,0.01
0,5,0.25,15,5,2,29.37772652542228,5.267262056952263,-1.7187260922800425,601,0.01
0,5,0.25,18,5,2,12.847524472172108,14.47455580143802,0.1192411909932719,601,0.01
0,5,0.25,12,20,2,12.73746996659628,5.190708744871976,-0.8976777931133948,601,0.01
0,5,0.25,15,20,2,221.17138387235025,22.15145025464141,-2.3010349250157995,601,0.01
0,5,0.25,18,20,2,153.76150903385656,73.30785898400643,-0.7407349395459584,601,0.01
0,5,0.25,12,50,2,17.98748207389677,4.329354679696155,-1.4242575794308738,601,0.01
0,5,0.25,15,50,2,275.57175811987446,29.36272426145013,-2.239122072084468,601,0.01
0,5,0.25,18,50,2,517.8553205820638,54.59519056864629,-2.2497501053034203,601,0.01
1,0,0.0,4,5,0,3.131686655789607,3.131686655789607,0.0,601,0.01
1,0,0.0,7,5,0,2.446661865013,2.446661865013,0.0,601,0.01
1,0,0.0,4,20,0,18.078723104922457,18.078723104922457,0.0,601,0.01
1,0,0.0,7,20,0,4.200155247142691,4.200155247142691,0.0,601,0.01
1,0,0.0,4,50,0,24.369823747509177,24.369823747509177,0.0,601,0.01
1,0,0.0,7,50,0,4.985115363810522,4.985115363810522,0.0,601,0.01
1,0,0.0,1,5,1,3.1175627464753632,5.578060138079638,0.5817895448982234,601,0.01
1,0,0.0,10,5,1,17.156829526327265,7.884837246842724,-0.7774547381066342,601,0.01
1,0,0.0,13,5,1,11.32236869254399,4.592378268686397,-0.9023822681339816,601,0.01
1,0,0.0,16,5,1,5.730890423927307,2.9927917259202705,-0.6496642761135485,601,0.01
1,0,0.0,19,5,1,39.34205713899772,12.027229054125884,-1.185120935735136,601,0.01
1,0,0.0,25,5,1,6.701046136057038,9.561346644816744,0.3554649256532688,601,0.01
1,0,0.0,1,20,1,16.56442588923707,39.40034180072532,0.8665171143202585,601,0.01
1,0,0.0,10,20,1,151.24972451482864,52.95175441899661,-1.0495510705179754,601,0.01
1,0,0.0,13,20,1,117.04647383130413,42.370179315095,-1.0161262714096906,601,0.01
1,0,0.0,16,20,1,47.2862625852136,14.043154992757326,-1.2140847337752323,601,0.01
1,0,0.0,19,20,1,161.3912432993416,51.31315806687016,-1.145884287893372,601,0.01
1,0,0.0,25,20,1,55.80313120602632,86.31253831779883,0.4361448924958213,601,0.01
1,0,0.0,1,50,1,22.63806476241032,55.49464373534746,0.8966537358327037,601,0.01
1,0,0.0,10,50,1,273.5309775203134,106.78968492339224,-0.9405535400292748,601,0.01
1,0,0.0,13,50,1,174.37587443342449,80.77337162800089,-0.7695658150838911,601,0.01
1,0,0.0,16,50,1,46.41138028502577,32.8542372666418,-0.3454639689808311,601,0.01
1,0,0.0,19,50,1,169.69308523507095,70.94260884082178,-0.8721202004317833,601,0.01
1,0,0.0,25,50,1,97.94494279209395,150.2481352579196,0.4278826498560641,601,0.01
1,0,0.0,22,5,2,8.995632133183395,6.131380438647506,-0.3833192224934977,601,0.01
1,0,0.0,28,5,2,5.827147268699059,9.114694003441311,0.4473602755638443,601,0.01
1,0,0.0,22,20,2,69.84123210795518,13.614055010364416,-1.6351218375044465,601,0.01
1,0,0.0,28,20,2,24.61557720875095,44.662960849693626,0.5957650793821586,601,0.01
1,0,0.0,22,50,2,170.81932475368578,7.615283952757537,-3.1104491432793897,601,0.01
1,0,0.0,28,50,2,44.93179889859162,14.287065570350531,-1.1457911377018954,601,0.01
1,0,0.1,4,5,0,3.131686655789607,3.131686655789607,0.0,601,0.01
1,0,0.1,7,5,0,2.446661865013,2.446661865013,0.0,601,0.01
1,0,0.1,4,20,0,18.078723104922457,18.078723104922457,0.0,601,0.01
1,0,0.1,7,20,0,4.200155247142691,4.200155247142691,0.0,601,0.01
1,0,0.1,4,50,0,24.369823747509177,24.369823747509177,0.0,601,0.01
1,0,0.1,7,50,0,4.985115363810522,4.985115363810522,0.0,601,0.01
1,0,0.1,1,5,1,3.1175627464753632,5.578060138079638,0.5817895448982234,601,0.01
1,0,0.1,10,5,1,17.156829526327265,7.884837246842724,-0.7774547381066342,601,0.01
1,0,0.1,13,5,1,11.32236869254399,4.592378268686397,-0.9023822681339816,601,0.01
1,0,0.1,16,5,1,5.730890423927307,2.9927917259202705,-0.6496642761135485,601,0.01
1,0,0.1,19,5,1,39.34205713899772,12.027229054125884,-1.185120935735136,601,0.01
1,0,0.1,25,5,1,6.701046136057038,9.561346644816744,0.3554649256532688,601,0.01
1,0,0.1,1,20,1,16.56442588923707,39.40034180072532,0.8665171143202585,601,0.01
1,0,0.1,10,20,1,151.24972451482864,52.95175441899661,-1.0495510705179754,601,0.01
1,0,0.1,13,20,1,117.04647383130413,42.370179315095,-1.0161262714096906,601,0.01
1,0,0.1,16,20,1,47.2862625852136,14.043154992757326,-1.2140847337752323,601,0.01
1,0,0.1,19,20,1,161.3912432993416,51.31315806687016,-1.145884287893372,601,0.01
1,0,0.1,25,20,1,55.80313120602632,86.31253831779883,0.4361448924958213,601,0.01
1,0,0.1,1,50,1,22.63806476241032,55.49464373534746,0.8966537358327037,601,0.01
1,0,0.1,10,50,1,273.5309775203134,106.78968492339224,-0.9405535400292748,601,0.01
1,0,0.1,13,50,1,174.37587443342449,80.77337162800089,-0.7695658150838911,601,0.01
1,0,0.1,16,50,1,46.41138028502577,32.8542372666418,-0.3454639689808311,601,0.01
1,0,0.1,19,50,1,169.69308523507095,70.94260884082178,-0.8721202004317833,601,0.01
1,0,0.1,25,50,1,97.94494279209395,150.2481352579196,0.4278826498560641,601,0.01
1,0,0.1,22,5,2,8.995632133183395,6.131380438647506,-0.3833192224934977,601,0.01
1,0,0.1,28,5,2,5.827147268699059,9.114694003441311,0.4473602755638443,601,0.01
1,0,0.1,22,20,2,69.84123210795518,13.614055010364416,-1.6351218375044465,601,0.01
1,0,0.1,28,20,2,24.61557720875095,44.662960849693626,0.5957650793821586,601,0.01
1,0,0.1,22,50,2,170.81932475368578,7.615283952757537,-3.1104491432793897,601,0.01
1,0,0.1,28,50,2,44.93179889859162,14.287065570350531,-1.1457911377018954,601,0.01
1,0,0.25,1,5,0,3.1175627464753632,3.1175627464753632,0.0,601,0.01
1,0,0.25,4,5,0,3.131686655789607,3.131686655789607,0.0,601,0.01
1,0,0.25,7,5,0,2.446661865013,2.446661865013,0.0,601,0.01
1,0,0.25,25,5,0,6.701046136057038,6.701046136057038,0.0,601,0.01
1,0,0.25,1,20,0,16.56442588923707,16.56442588923707,0.0,601,0.01
1,0,0.25,4,20,0,18.078723104922457,18.078723104922457,0.0,601,0.01
1,0,0.25,7,20,0,4.200155247142691,4.200155247142691,0.0,601,0.01
1,0,0.25,25,20,0,55.80313120602632,55.80313120602632,0.0,601,0.01
1,0,0.25,1,50,0,22.63806476241032,22.63806476241032,0.0,601,0.01
1,0,0.25,4,50,0,24.369823747509177,24.369823747509177,0.0,601,0.01
1,0,0.25,7,50,0,4.985115363810522,4.985115363810522,0.0,601,0.01
1,0,0.25,25,50,0,97.94494279209395,97.94494279209395,0.0,601,0.01
1,0,0.25,10,5,1,17.156829526327265,7.884837246842724,-0.7774547381066342,601,0.01
1,0,0.25,13,5,1,11.32236869254399,4.592378268686397,-0.9023822681339816,601,0.01
1,0,0.25,16,5,1,5.730890423927307,2.9927917259202705,-0.6496642761135485,601,0.01
1,0,0.25,19,5,1,39.34205713899772,12.027229054125884,-1.185120935735136,601,0.01
1,0,0.25,10,20,1,151.24972451482864,52.95175441899661,-1.0495510705179754,601,0.01
1,0,0.25,13,20,1,117.04647383130413,42.370179315095,-1.0161262714096906,601,0.01
1,0,0.25,16,20,1,47.2862625852136,14.043154992757326,-1.2140847337752323,601,0.01
1,0,0.25,19,20,1,161.3912432993416,51.31315806687016,-1.145884287893372,601,0.01
1,0,0.25,10,50,1,273.5309775203134,106.78968492339224,-0.9405535400292748,601,0.01
1,0,0.25,13,50,1,174.37587443342449,80.77337162800089,-0.7695658150838911,601,0.01
1,0,0.25,16,50,1,46.41138028502577,32.8542372666418,-0.3454639689808311,601,0.01
1,0,0.25,19,50,1,169.69308523507095,70.94260884082178,-0.8721202004317833,601,0.01
1,0,0.25,22,5,2,8.995632133183395,6.131380438647506,-0.3833192224934977,601,0.01
1,0,0.25,28,5,2,5.827147268699059,9.114694003441311,0.4473602755638443,601,0.01
1,0,0.25,22,20,2,69.84123210795518,13.614055010364416,-1.6351218375044465,601,0.01
1,0,0.25,28,20,2,24.61557720875095,44.662960849693626,0.5957650793821586,601,0.01
1,0,0.25,22,50,2,170.81932475368578,7.615283952757537,-3.1104491432793897,601,0.01
1,0,0.25,28,50,2,44.93179889859162,14.287065570350531,-1.1457911377018954,601,0.01
1,1,0.0,1,5,0,3.1175627464753632,3.1175627464753632,0.0,601,0.01
1,1,0.0,7,5,0,2.446661865013,2.446661865013,0.0,601,0.01
1,1,0.0,25,5,0,6.701046136057038,6.701046136057038,0.0,601,0.01
1,1,0.0,1,20,0,16.56442588923707,16.56442588923707,0.0,601,0.01
1,1,0.0,7,20,0,4.200155247142691,4.200155247142691,0.0,601,0.01
1,1,0.0,25,20,0,55.80313120602632,55.80313120602632,0.0,601,0.01
1,1,0.0,1,50,0,22.63806476241032,22.63806476241032,0.0,601,0.01
1,1,0.0,7,50,0,4.985115363810522,4.985115363810522,0.0,601,0.01
1,1,0.0,25,50,0,97.94494279209395,97.94494279209395,0.0,601,0.01
1,1,0.0,4,5,1,3.131686655789607,2.5340172544642745,-0.2117658360228154,601,0.01
1,1,0.0,22,5,1,8.995632133183395,9.077247691668711,0.0090318880102445,601,0.01
1,1,0.0,28,5,1,5.827147268699059,3.8873213559464976,-0.4048072383488829,601,0.01
1,1,0.0,4,20,1,18.078723104922457,10.947312189592765,-0.5016417637481454,601,0.01
1,1,0.0,22,20,1,69.84123210795518,42.01749713119168,-0.5081384233501433,601,0.01
1,1,0.0,28,20,1,24.61557720875095,18.663470121357168,-0.2768113185026603,601,0.01
1,1,0.0,4,50,1,24.369823747509177,11.237229083551831,-0.7741133439978555,601,0.01
1,1,0.0,22,50,1,170.81932475368578,82.29137973301755,-0.730340057347762,601,0.01
1,1,0.0,28,50,1,44.93179889859162,28.17208164971752,-0.4668142849491453,601,0.01
1,1,0.0,10,5,2,17.156829526327265,5.2163722233029945,-1.1905941335438526,601,0.01
1,1,0.0,13,5,2,11.32236869254399,4.497503766076322,-0.9232577751303253,601,0.01
1,1,0.0,16,5,2,5.730890423927307,1.8950058664526668,-1.1066489812167777,601,0.01
1,1,0.0,19,5,2,39.34205713899772,57.42855219011448,0.3782475016907927,601,0.01
1,1,0.0,10,20,2,151.24972451482864,29.96896946666821,-1.6187697802789087,601,0.01
1,1,0.0,13,20,2,117.04647383130413,37.92857897581872,-1.126866177550765,601,0.01
1,1,0.0,16,20,2,47.2862625852136,8.755473221543197,-1.6865408058596658,601,0.01
1,1,0.0,19,20,2,161.3912432993416,406.2820685835081,0.9232161688671232,601,0.01
1,1,0.0,10,50,2,273.5309775203134,39.11287843994253,-1.9449630941507616,601,0.01
1,1,0.0,13,50,2,174.37587443342449,77.5124036322259,-0.8107751968144262,601,0.01
1,1,0.0,16,50,2,46.41138028502577,9.931743355568276,-1.5418086667673885,601,0.01
1,1,0.0,19,50,2,169.69308523507095,226.50496787669564,0.2887754534972824,601,0.01
1,1,0.1,1,5,0,3.1175627464753632,3.1175627464753632,0.0,601,0.01
1,1,0.1,7,5,0,2.446661865013,2.446661865013,0.0,601,0.01
1,1,0.1,25,5,0,6.701046136057038,6.701046136057038,0.0,601,0.01
1,1,0.1,1,20,0,16.56442588923707,16.56442588923707,0.0,601,0.01
1,1,0.1,7,20,0,4.200155247142691,4.200155247142691,0.0,601,0.01
1,1,0.1,25,20,0,55.80313120602632,55.80313120602632,0.0,601,0.01
1,1,0.1,1,50,0,22.63806476241032,22.63806476241032,0.0,601,0.01
1,1,0.1,7,50,0,4.985115363810522,4.985115363810522,0.0,601,0.01
1,1,0.1,25,50,0,97.94494279209395,97.94494279209395,0.0,601,0.01
1,1,0.1,4,5,1,3.131686655789607,2.5340172544642745,-0.2117658360228154,601,0.01
1,1,0.1,22,5,1,8.995632133183395,9.077247691668711,0.0090318880102445,601,0.01
1,1,0.1,28,5,1,5.827147268699059,3.8873213559464976,-0.4048072383488829,601,0.01
1,1,0.1,4,20,1,18.078723104922457,10.947312189592765,-0.5016417637481454,601,0.01
1,1,0.1,22,20,1,69.84123210795518,42.01749713119168,-0.5081384233501433,601,0.01
1,1,0.1,28,20,1,24.61557720875095,18.663470121357168,-0.2768113185026603,601,0.01
1,1,0.1,4,50,1,24.369823747509177,11.237229083551831,-0.7741133439978555,601,0.01
1,1,0.1,22,50,1,170.81932475368578,82.29137973301755,-0.730340057347762,601,0.01
1,1,0.1,28,50,1,44.93179889859162,28.17208164971752,-0.4668142849491453,601,0.01
1,1,0.1,10,5,2,17.156829526327265,5.2163722233029945,-1.1905941335438526,601,0.01
1,1,0.1,13,5,2,11.32236869254399,4.497503766076322,-0.9232577751303253,601,0.01
1,1,0.1,16,5,2,5.730890423927307,1.8950058664526668,-1.1066489812167777,601,0.01
1,1,0.1,19,5,2,39.34205713899772,57.42855219011448,0.3782475016907927,601,0.01
1,1,0.1,10,20,2,151.24972451482864,29.96896946666821,-1.6187697802789087,601,0.01
1,1,0.1,13,20,2,117.04647383130413,37.92857897581872,-1.126866177550765,601,0.01
1,1,0.1,16,20,2,47.2862625852136,8.755473221543197,-1.6865408058596658,601,0.01
1,1,0.1,19,20,2,161.3912432993416,406.2820685835081,0.9232161688671232,601,0.01
1,1,0.1,10,50,2,273.5309775203134,39.11287843994253,-1.9449630941507616,601,0.01
1,1,0.1,13,50,2,174.37587443342449,77.5124036322259,-0.8107751968144262,601,0.01
1,1,0.1,16,50,2,46.41138028502577,9.931743355568276,-1.5418086667673885,601,0.01
1,1,0.1,19,50,2,169.69308523507095,226.50496787669564,0.2887754534972824,601,0.01
1,1,0.25,1,5,0,3.1175627464753632,3.1175627464753632,0.0,601,0.01
1,1,0.25,7,5,0,2.446661865013,2.446661865013,0.0,601,0.01
1,1,0.25,25,5,0,6.701046136057038,6.701046136057038,0.0,601,0.01
1,1,0.25,1,20,0,16.56442588923707,16.56442588923707,0.0,601,0.01
1,1,0.25,7,20,0,4.200155247142691,4.200155247142691,0.0,601,0.01
1,1,0.25,25,20,0,55.80313120602632,55.80313120602632,0.0,601,0.01
1,1,0.25,1,50,0,22.63806476241032,22.63806476241032,0.0,601,0.01
1,1,0.25,7,50,0,4.985115363810522,4.985115363810522,0.0,601,0.01
1,1,0.25,25,50,0,97.94494279209395,97.94494279209395,0.0,601,0.01
1,1,0.25,4,5,1,3.131686655789607,2.5340172544642745,-0.2117658360228154,601,0.01
1,1,0.25,22,5,1,8.995632133183395,9.077247691668711,0.0090318880102445,601,0.01
1,1,0.25,28,5,1,5.827147268699059,3.8873213559464976,-0.4048072383488829,601,0.01
1,1,0.25,4,20,1,18.078723104922457,10.947312189592765,-0.5016417637481454,601,0.01
1,1,0.25,22,20,1,69.84123210795518,42.01749713119168,-0.5081384233501433,601,0.01
1,1,0.25,28,20,1,24.61557720875095,18.663470121357168,-0.2768113185026603,601,0.01
1,1,0.25,4,50,1,24.369823747509177,11.237229083551831,-0.7741133439978555,601,0.01
1,1,0.25,22,50,1,170.81932475368578,82.29137973301755,-0.730340057347762,601,0.01
1,1,0.25,28,50,1,44.93179889859162,28.17208164971752,-0.4668142849491453,601,0.01
1,1,0.25,10,5,2,17.156829526327265,5.2163722233029945,-1.1905941335438526,601,0.01
1,1,0.25,13,5,2,11.32236869254399,4.497503766076322,-0.9232577751303253,601,0.01
1,1,0.25,16,5,2,5.730890423927307,1.8950058664526668,-1.1066489812167777,601,0.01
1,1,0.25,19,5,2,39.34205713899772,57.42855219011448,0.3782475016907927,601,0.01
1,1,0.25,10,20,2,151.24972451482864,29.96896946666821,-1.6187697802789087,601,0.01
1,1,0.25,13,20,2,117.04647383130413,37.92857897581872,-1.126866177550765,601,0.01
1,1,0.25,16,20,2,47.2862625852136,8.755473221543197,-1.6865408058596658,601,0.01
1,1,0.25,19,20,2,161.3912432993416,406.2820685835081,0.9232161688671232,601,0.01
1,1,0.25,10,50,2,273.5309775203134,39.11287843994253,-1.9449630941507616,601,0.01
1,1,0.25,13,50,2,174.37587443342449,77.5124036322259,-0.8107751968144262,601,0.01
1,1,0.25,16,50,2,46.41138028502577,9.931743355568276,-1.5418086667673885,601,0.01
1,1,0.25,19,50,2,169.69308523507095,226.50496787669564,0.2887754534972824,601,0.01
1,2,0.0,1,5,0,3.1175627464753632,3.1175627464753632,0.0,601,0.01
1,2,0.0,7,5,0,2.446661865013,2.446661865013,0.0,601,0.01
1,2,0.0,25,5,0,6.701046136057038,6.701046136057038,0.0,601,0.01
1,2,0.0,1,20,0,16.56442588923707,16.56442588923707,0.0,601,0.01
1,2,0.0,7,20,0,4.200155247142691,4.200155247142691,0.0,601,0.01
1,2,0.0,25,20,0,55.80313120602632,55.80313120602632,0.0,601,0.01
1,2,0.0,1,50,0,22.63806476241032,22.63806476241032,0.0,601,0.01
1,2,0.0,7,50,0,4.985115363810522,4.985115363810522,0.0,601,0.01
1,2,0.0,25,50,0,97.94494279209395,97.94494279209395,0.0,601,0.01
1,2,0.0,4,5,1,3.131686655789607,2.534018464997162,-0.2117653583099677,601,0.01
1,2,0.0,22,5,1,8.995632133183395,9.07724655519837,0.0090317628103542,601,0.01
1,2,0.0,28,5,1,5.827147268699059,3.887322494985512,-0.4048069453350713,601,0.01
1,2,0.0,4,20,1,18.078723104922457,10.947316819287837,-0.501641340841224,601,0.01
1,2,0.0,22,20,1,69.84123210795518,42.01746796269358,-0.508139117549232,601,0.01
1,2,0.0,28,20,1,24.61557720875095,18.66347961349137,-0.2768108099085067,601,0.01
1,2,0.0,4,50,1,24.369823747509177,11.237229711965618,-0.774113288075371,601,0.01
1,2,0.0,22,50,1,170.81932475368578,82.2913463328782,-0.7303404632243705,601,0.01
1,2,0.0,28,50,1,44.93179889859162,28.17209107204299,-0.4668139504930688,601,0.01
1,2,0.0,10,5,2,17.156829526327265,5.216370847529361,-1.1905943972853488,601,0.01
1,2,0.0,13,5,2,11.32236869254399,4.497496597627436,-0.923259369004388,601,0.01
1,2,0.0,16,5,2,5.730890423927307,1.895005043635452,-1.1066494154198625,601,0.01
1,2,0.0,19,5,2,39.34205713899772,57.42856658218116,0.3782477522989715,601,0.01
1,2,0.0,10,20,2,151.24972451482864,29.96894584215678,-1.6187705685783116,601,0.01
1,2,0.0,13,20,2,117.04647383130413,37.92847686849567,-1.1268688696489997,601,0.01
1,2,0.0,16,20,2,47.2862625852136,8.75545100998943,-1.686543342739327,601,0.01
1,2,0.0,19,20,2,161.3912432993416,406.2820792458938,0.9232161951109238,601,0.01
1,2,0.0,10,50,2,273.5309775203134,39.11283269098861,-1.944964263816164,601,0.01
1,2,0.0,13,50,2,174.37587443342449,77.5121774938017,-0.8107781142669045,601,0.01
1,2,0.0,16,50,2,46.41138028502577,9.931690787957054,-1.5418139596699991,601,0.01
1,2,0.0,19,50,2,169.69308523507095,226.50485699498472,0.288774963963922,601,0.01
1,2,0.1,1,5,0,3.1175627464753632,3.1175627464753632,0.0,601,0.01
1,2,0.1,7,5,0,2.446661865013,2.446661865013,0.0,601,0.01
1,2,0.1,25,5,0,6.701046136057038,6.701046136057038,0.0,601,0.01
1,2,0.1,1,20,0,16.56442588923707,16.56442588923707,0.0,601,0.01
1,2,0.1,7,20,0,4.200155247142691,4.200155247142691,0.0,601,0.01
1,2,0.1,25,20,0,55.80313120602632,55.80313120602632,0.0,601,0.01
1,2,0.1,1,50,0,22.63806476241032,22.63806476241032,0.0,601,0.01
1,2,0.1,7,50,0,4.985115363810522,4.985115363810522,0.0,601,0.01
1,2,0.1,25,50,0,97.94494279209395,97.94494279209395,0.0,601,0.01
1,2,0.1,4,5,1,3.131686655789607,2.534018464997162,-0.2117653583099677,601,0.01
1,2,0.1,22,5,1,8.995632133183395,9.07724655519837,0.0090317628103542,601,0.01
1,2,0.1,28,5,1,5.827147268699059,3.887322494985512,-0.4048069453350713,601,0.01
1,2,0.1,4,20,1,18.078723104922457,10.947316819287837,-0.501641340841224,601,0.01
1,2,0.1,22,20,1,69.84123210795518,42.01746796269358,-0.508139117549232,601,0.01
1,2,0.1,28,20,1,24.61557720875095,18.66347961349137,-0.2768108099085067,601,0.01
1,2,0.1,4,50,1,24.369823747509177,11.237229711965618,-0.774113288075371,601,0.01
1,2,0.1,22,50,1,170.81932475368578,82.2913463328782,-0.7303404632243705,601,0.01
1,2,0.1,28,50,1,44.93179889859162,28.17209107204299,-0.4668139504930688,601,0.01
1,2,0.1,10,5,2,17.156829526327265,5.216370847529361,-1.1905943972853488,601,0.01
1,2,0.1,13,5,2,11.32236869254399,4.497496597627436,-0.923259369004388,601,0.01
1,2,0.1,16,5,2,5.730890423927307,1.895005043635452,-1.1066494154198625,601,0.01
1,2,0.1,19,5,2,39.34205713899772,57.42856658218116,0.3782477522989715,601,0.01
1,2,0.1,10,20,2,151.24972451482864,29.96894584215678,-1.6187705685783116,601,0.01
1,2,0.1,13,20,2,117.04647383130413,37.92847686849567,-1.1268688696489997,601,0.01
1,2,0.1,16,20,2,47.2862625852136,8.75545100998943,-1.686543342739327,601,0.01
1,2,0.1,19,20,2,161.3912432993416,406.2820792458938,0.9232161951109238,601,0.01
1,2,0.1,10,50,2,273.5309775203134,39.11283269098861,-1.944964263816164,601,0.01
1,2,0.1,13,50,2,174.37587443342449,77.5121774938017,-0.8107781142669045,601,0.01
1,2,0.1,16,50,2,46.41138028502577,9.931690787957054,-1.5418139596699991,601,0.01
1,2,0.1,19,50,2,169.69308523507095,226.50485699498472,0.288774963963922,601,0.01
1,2,0.25,1,5,0,3.1175627464753632,3.1175627464753632,0.0,601,0.01
1,2,0.25,7,5,0,2.446661865013,2.446661865013,0.0,601,0.01
1,2,0.25,25,5,0,6.701046136057038,6.701046136057038,0.0,601,0.01
1,2,0.25,1,20,0,16.56442588923707,16.56442588923707,0.0,601,0.01
1,2,0.25,7,20,0,4.200155247142691,4.200155247142691,0.0,601,0.01
1,2,0.25,25,20,0,55.80313120602632,55.80313120602632,0.0,601,0.01
1,2,0.25,1,50,0,22.63806476241032,22.63806476241032,0.0,601,0.01
1,2,0.25,7,50,0,4.985115363810522,4.985115363810522,0.0,601,0.01
1,2,0.25,25,50,0,97.94494279209395,97.94494279209395,0.0,601,0.01
1,2,0.25,4,5,1,3.131686655789607,2.534018464997162,-0.2117653583099677,601,0.01
1,2,0.25,22,5,1,8.995632133183395,9.07724655519837,0.0090317628103542,601,0.01
1,2,0.25,28,5,1,5.827147268699059,3.887322494985512,-0.4048069453350713,601,0.01
1,2,0.25,4,20,1,18.078723104922457,10.947316819287837,-0.501641340841224,601,0.01
1,2,0.25,22,20,1,69.84123210795518,42.01746796269358,-0.508139117549232,601,0.01
1,2,0.25,28,20,1,24.61557720875095,18.66347961349137,-0.2768108099085067,601,0.01
1,2,0.25,4,50,1,24.369823747509177,11.237229711965618,-0.774113288075371,601,0.01
1,2,0.25,22,50,1,170.81932475368578,82.2913463328782,-0.7303404632243705,601,0.01
1,2,0.25,28,50,1,44.93179889859162,28.17209107204299,-0.4668139504930688,601,0.01
1,2,0.25,10,5,2,17.156829526327265,5.216370847529361,-1.1905943972853488,601,0.01
1,2,0.25,13,5,2,11.32236869254399,4.497496597627436,-0.923259369004388,601,0.01
1,2,0.25,16,5,2,5.730890423927307,1.895005043635452,-1.1066494154198625,601,0.01
1,2,0.25,19,5,2,39.34205713899772,57.42856658218116,0.3782477522989715,601,0.01
1,2,0.25,10,20,2,151.24972451482864,29.96894584215678,-1.6187705685783116,601,0.01
1,2,0.25,13,20,2,117.04647383130413,37.92847686849567,-1.1268688696489997,601,0.01
1,2,0.25,16,20,2,47.2862625852136,8.75545100998943,-1.686543342739327,601,0.01
1,2,0.25,19,20,2,161.3912432993416,406.2820792458938,0.9232161951109238,601,0.01
1,2,0.25,10,50,2,273.5309775203134,39.11283269098861,-1.944964263816164,601,0.01
1,2,0.25,13,50,2,174.37587443342449,77.5121774938017,-0.8107781142669045,601,0.01
1,2,0.25,16,50,2,46.41138028502577,9.931690787957054,-1.5418139596699991,601,0.01
1,2,0.25,19,50,2,169.69308523507095,226.50485699498472,0.288774963963922,601,0.01
1,3,0.0,4,5,0,3.131686655789607,3.131686655789607,0.0,601,0.01
1,3,0.0,7,5,0,2.446661865013,2.446661865013,0.0,601,0.01
1,3,0.0,4,20,0,18.078723104922457,18.078723104922457,0.0,601,0.01
1,3,0.0,7,20,0,4.200155247142691,4.200155247142691,0.0,601,0.01
1,3,0.0,4,50,0,24.369823747509177,24.369823747509177,0.0,601,0.01
1,3,0.0,7,50,0,4.985115363810522,4.985115363810522,0.0,601,0.01
1,3,0.0,1,5,1,3.1175627464753632,5.578062428232339,0.5817899554625011,601,0.01
1,3,0.0,10,5,1,17.156829526327265,7.884835341463893,-0.7774549797576666,601,0.01
1,3,0.0,13,5,1,11.32236869254399,4.592377611994551,-0.9023824111300186,601,0.01
1,3,0.0,16,5,1,5.730890423927307,2.9927914458383973,-0.6496643696990405,601,0.01
1,3,0.0,19,5,1,39.34205713899772,12.027227954926769,-1.1851210271276889,601,0.01
1,3,0.0,25,5,1,6.701046136057038,9.56134582197044,0.3554648395935988,601,0.01
1,3,0.0,1,20,1,16.56442588923707,39.40035942046906,0.8665175615178967,601,0.01
1,3,0.0,10,20,1,151.24972451482864,52.95173178423928,-1.049551497978074,601,0.01
1,3,0.0,13,20,1,117.04647383130413,42.37017119026922,-1.0161264631678255,601,0.01
1,3,0.0,16,20,1,47.2862625852136,14.043159495609688,-1.214084413131357,601,0.01
1,3,0.0,19,20,1,161.3912432993416,51.31315971608254,-1.1458842557532267,601,0.01
1,3,0.0,25,20,1,55.80313120602632,86.31253786158153,0.4361448872101779,601,0.01
1,3,0.0,1,50,1,22.63806476241032,55.494669424391816,0.8966541987429357,601,0.01
1,3,0.0,10,50,1,273.5309775203134,106.78963817022216,-0.9405539778354198,601,0.01
1,3,0.0,13,50,1,174.37587443342449,80.77333595833728,-0.7695662566857552,601,0.01
1,3,0.0,16,50,1,46.41138028502577,32.854227491408025,-0.3454642665143015,601,0.01
1,3,0.0,19,50,1,169.69308523507095,70.94260140460615,-0.872120305251949,601,0.01
1,3,0.0,25,50,1,97.94494279209395,150.24817146213587,0.4278828908188678,601,0.01
1,3,0.0,22,5,2,8.995632133183395,6.131380219437416,-0.3833192582456577,601,0.01
1,3,0.0,28,5,2,5.827147268699059,9.11469442096173,0.4473603213712415,601,0.01
1,3,0.0,22,20,2,69.84123210795518,13.614054222243675,-1.6351218953946751,601,0.01
1,3,0.0,28,20,2,24.61557720875095,44.66297828896785,0.5957654698459901,601,0.01
1,3,0.0,22,50,2,170.81932475368578,7.615289314740266,-3.1104484391715883,601,0.01
1,3,0.0,28,50,2,44.93179889859162,14.287070143488648,-1.1457908176125555,601,0.01
1,3,0.1,4,5,0,3.131686655789607,3.131686655789607,0.0,601,0.01
1,3,0.1,7,5,0,2.446661865013,2.446661865013,0.0,601,0.01
1,3,0.1,4,20,0,18.078723104922457,18.078723104922457,0.0,601,0.01
1,3,0.1,7,20,0,4.200155247142691,4.200155247142691,0.0,601,0.01
1,3,0.1,4,50,0,24.369823747509177,24.369823747509177,0.0,601,0.01
1,3,0.1,7,50,0,4.985115363810522,4.985115363810522,0.0,601,0.01
1,3,0.1,1,5,1,3.1175627464753632,5.578062428232339,0.5817899554625011,601,0.01
1,3,0.1,10,5,1,17.156829526327265,7.884835341463893,-0.7774549797576666,601,0.01
1,3,0.1,13,5,1,11.32236869254399,4.592377611994551,-0.9023824111300186,601,0.01
1,3,0.1,16,5,1,5.730890423927307,2.9927914458383973,-0.6496643696990405,601,0.01
1,3,0.1,19,5,1,39.34205713899772,12.027227954926769,-1.1851210271276889,601,0.01
1,3,0.1,25,5,1,6.701046136057038,9.56134582197044,0.3554648395935988,601,0.01
1,3,0.1,1,20,1,16.56442588923707,39.40035942046906,0.8665175615178967,601,0.01
1,3,0.1,10,20,1,151.24972451482864,52.95173178423928,-1.049551497978074,601,0.01
1,3,0.1,13,20,1,117.04647383130413,42.37017119026922,-1.0161264631678255,601,0.01
1,3,0.1,16,20,1,47.2862625852136,14.043159495609688,-1.214084413131357,601,0.01
1,3,0.1,19,20,1,161.3912432993416,51.31315971608254,-1.1458842557532267,601,0.01
1,3,0.1,25,20,1,55.80313120602632,86.31253786158153,0.4361448872101779,601,0.01
1,3,0.1,1,50,1,22.63806476241032,55.494669424391816,0.8966541987429357,601,0.01
1,3,0.1,10,50,1,273.5309775203134,106.78963817022216,-0.9405539778354198,601,0.01
1,3,0.1,13,50,1,174.37587443342449,80.77333595833728,-0.7695662566857552,601,0.01
1,3,0.1,16,50,1,46.41138028502577,32.854227491408025,-0.3454642665143015,601,0.01
1,3,0.1,19,50,1,169.69308523507095,70.94260140460615,-0.872120305251949,601,0.01
1,3,0.1,25,50,1,97.94494279209395,150.24817146213587,0.4278828908188678,601,0.01
1,3,0.1,22,5,2,8.995632133183395,6.131380219437416,-0.3833192582456577,601,0.01
1,3,0.1,28,5,2,5.827147268699059,9.11469442096173,0.4473603213712415,601,0.01
1,3,0.1,22,20,2,69.84123210795518,13.614054222243675,-1.6351218953946751,601,0.01
1,3,0.1,28,20,2,24.61557720875095,44.66297828896785,0.5957654698459901,601,0.01
1,3,0.1,22,50,2,170.81932475368578,7.615289314740266,-3.1104484391715883,601,0.01
1,3,0.1,28,50,2,44.93179889859162,14.287070143488648,-1.1457908176125555,601,0.01
1,3,0.25,1,5,0,3.1175627464753632,3.1175627464753632,0.0,601,0.01
1,3,0.25,4,5,0,3.131686655789607,3.131686655789607,0.0,601,0.01
1,3,0.25,7,5,0,2.446661865013,2.446661865013,0.0,601,0.01
1,3,0.25,25,5,0,6.701046136057038,6.701046136057038,0.0,601,0.01
1,3,0.25,1,20,0,16.56442588923707,16.56442588923707,0.0,601,0.01
1,3,0.25,4,20,0,18.078723104922457,18.078723104922457,0.0,601,0.01
1,3,0.25,7,20,0,4.200155247142691,4.200155247142691,0.0,601,0.01
1,3,0.25,25,20,0,55.80313120602632,55.80313120602632,0.0,601,0.01
1,3,0.25,1,50,0,22.63806476241032,22.63806476241032,0.0,601,0.01
1,3,0.25,4,50,0,24.369823747509177,24.369823747509177,0.0,601,0.01
1,3,0.25,7,50,0,4.985115363810522,4.985115363810522,0.0,601,0.01
1,3,0.25,25,50,0,97.94494279209395,97.94494279209395,0.0,601,0.01
1,3,0.25,10,5,1,17.156829526327265,7.884835341463893,-0.7774549797576666,601,0.01
1,3,0.25,13,5,1,11.32236869254399,4.592377611994551,-0.9023824111300186,601,0.01
1,3,0.25,16,5,1,5.730890423927307,2.9927914458383973,-0.6496643696990405,601,0.01
1,3,0.25,19,5,1,39.34205713899772,12.027227954926769,-1.1851210271276889,601,0.01
1,3,0.25,10,20,1,151.24972451482864,52.95173178423928,-1.049551497978074,601,0.01
1,3,0.25,13,20,1,117.04647383130413,42.37017119026922,-1.0161264631678255,601,0.01
1,3,0.25,16,20,1,47.2862625852136,14.043159495609688,-1.214084413131357,601,0.01
1,3,0.25,19,20,1,161.3912432993416,51.31315971608254,-1.1458842557532267,601,0.01
1,3,0.25,10,50,1,273.5309775203134,106.78963817022216,-0.9405539778354198,601,0.01
1,3,0.25,13,50,1,174.37587443342449,80.77333595833728,-0.7695662566857552,601,0.01
1,3,0.25,16,50,1,46.41138028502577,32.854227491408025,-0.3454642665143015,601,0.01
1,3,0.25,19,50,1,169.69308523507095,70.94260140460615,-0.872120305251949,601,0.01
1,3,0.25,22,5,2,8.995632133183395,6.131380219437416,-0.3833192582456577,601,0.01
1,3,0.25,28,5,2,5.827147268699059,9.11469442096173,0.4473603213712415,601,0.01
1,3,0.25,22,20,2,69.84123210795518,13.614054222243675,-1.6351218953946751,601,0.01
1,3,0.25,28,20,2,24.61557720875095,44.66297828896785,0.5957654698459901,601,0.01
1,3,0.25,22,50,2,170.81932475368578,7.615289314740266,-3.1104484391715883,601,0.01
1,3,0.25,28,50,2,44.93179889859162,14.287070143488648,-1.1457908176125555,601,0.01
1,4,0.0,1,5,0,3.1175627464753632,3.1175627464753632,0.0,601,0.01
1,4,0.0,4,5,0,3.131686655789607,3.131686655789607,0.0,601,0.01
1,4,0.0,10,5,0,17.156829526327265,17.156829526327265,0.0,601,0.01
1,4,0.0,13,5,0,11.32236869254399,11.32236869254399,0.0,601,0.01
1,4,0.0,16,5,0,5.730890423927307,5.730890423927307,0.0,601,0.01
1,4,0.0,19,5,0,39.34205713899772,39.34205713899772,0.0,601,0.01
1,4,0.0,1,20,0,16.56442588923707,16.56442588923707,0.0,601,0.01
1,4,0.0,4,20,0,18.078723104922457,18.078723104922457,0.0,601,0.01
1,4,0.0,10,20,0,151.24972451482864,151.24972451482864,0.0,601,0.01
1,4,0.0,13,20,0,117.04647383130413,117.04647383130413,0.0,601,0.01
1,4,0.0,16,20,0,47.2862625852136,47.2862625852136,0.0,601,0.01
1,4,0.0,19,20,0,161.3912432993416,161.3912432993416,0.0,601,0.01
1,4,0.0,1,50,0,22.63806476241032,22.63806476241032,0.0,601,0.01
1,4,0.0,4,50,0,24.369823747509177,24.369823747509177,0.0,601,0.01
1,4,0.0,10,50,0,273.5309775203134,273.5309775203134,0.0,601,0.01
1,4,0.0,13,50,0,174.37587443342449,174.37587443342449,0.0,601,0.01
1,4,0.0,16,50,0,46.41138028502577,46.41138028502577,0.0,601,0.01
1,4,0.0,19,50,0,169.69308523507095,169.69308523507095,0.0,601,0.01
1,4,0.0,25,5,1,6.701046136057038,6.401608016357366,-0.045714442555563,601,0.01
1,4,0.0,28,5,1,5.827147268699059,12.631312042814423,0.7736512526643863,601,0.01
1,4,0.0,25,20,1,55.80313120602632,25.17879003298601,-0.795828007855706,601,0.01
1,4,0.0,28,20,1,24.61557720875095,25.945211683871868,0.0526076093259742,601,0.01
1,4,0.0,25,50,1,97.94494279209395,51.50957300181018,-0.6426378386274663,601,0.01
1,4,0.0,28,50,1,44.93179889859162,14.5519893153625,-1.127418053108735,601,0.01
1,4,0.0,7,5,2,2.446661865013,2.4466583245418865,-1.4470629252075798e-06,601,0.01
1,4,0.0,22,5,2,8.995632133183395,8.99562246466868,-1.0748016113281896e-06,601,0.01
1,4,0.0,7,20,2,4.200155247142691,4.200146611888543,-2.055939011057011e-06,601,0.01
1,4,0.0,22,20,2,69.84123210795518,69.8411086262482,-1.7680360499012332e-06,601,0.01
1,4,0.0,7,50,2,4.985115363810522,4.985127995497528,2.533877369088466e-06,601,0.01
1,4,0.0,22,50,2,170.81932475368578,170.81911691798652,-1.2166997264071493e-06,601,0.01
1,4,0.1,1,5,0,3.1175627464753632,3.1175627464753632,0.0,601,0.01
1,4,0.1,4,5,0,3.131686655789607,3.131686655789607,0.0,601,0.01
1,4,0.1,7,5,0,2.446661865013,2.446661865013,0.0,601,0.01
1,4,0.1,10,5,0,17.156829526327265,17.156829526327265,0.0,601,0.01
1,4,0.1,13,5,0,11.32236869254399,11.32236869254399,0.0,601,0.01
1,4,0.1,16,5,0,5.730890423927307,5.730890423927307,0.0,601,0.01
1,4,0.1,19,5,0,39.34205713899772,39.34205713899772,0.0,601,0.01
1,4,0.1,22,5,0,8.995632133183395,8.995632133183395,0.0,601,0.01
1,4,0.1,1,20,0,16.56442588923707,16.56442588923707,0.0,601,0.01
1,4,0.1,4,20,0,18.078723104922457,18.078723104922457,0.0,601,0.01
1,4,0.1,7,20,0,4.200155247142691,4.200155247142691,0.0,601,0.01
1,4,0.1,10,20,0,151.24972451482864,151.24972451482864,0.0,601,0.01
1,4,0.1,13,20,0,117.04647383130413,117.04647383130413,0.0,601,0.01
1,4,0.1,16,20,0,47.2862625852136,47.2862625852136,0.0,601,0.01
1,4,0.1,19,20,0,161.3912432993416,161.3912432993416,0.0,601,0.01
1,4,0.1,22,20,0,69.84123210795518,69.84123210795518,0.0,601,0.01
1,4,0.1,1,50,0,22.63806476241032,22.63806476241032,0.0,601,0.01
1,4,0.1,4,50,0,24.369823747509177,24.369823747509177,0.0,601,0.01
1,4,0.1,7,50,0,4.985115363810522,4.985115363810522,0.0,601,0.01
1,4,0.1,10,50,0,273.5309775203134,273.5309775203134,0.0,601,0.01
1,4,0.1,13,50,0,174.37587443342449,174.37587443342449,0.0,601,0.01
1,4,0.1,16,50,0,46.41138028502577,46.41138028502577,0.0,601,0.01
1,4,0.1,19,50,0,169.69308523507095,169.69308523507095,0.0,601,0.01
1,4,0.1,22,50,0,170.81932475368578,170.81932475368578,0.0,601,0.01
1,4,0.1,25,5,1,6.701046136057038,6.401608016357366,-0.045714442555563,601,0.01
1,4,0.1,28,5,1,5.827147268699059,12.631312042814423,0.7736512526643863,601,0.01
1,4,0.1,25,20,1,55.80313120602632,25.17879003298601,-0.795828007855706,601,0.01
1,4,0.1,28,20,1,24.61557720875095,25.945211683871868,0.0526076093259742,601,0.01
1,4,0.1,25,50,1,97.94494279209395,51.50957300181018,-0.6426378386274663,601,0.01
1,4,0.1,28,50,1,44.93179889859162,14.5519893153625,-1.127418053108735,601,0.01
1,4,0.25,1,5,0,3.1175627464753632,3.1175627464753632,0.0,601,0.01
1,4,0.25,4,5,0,3.131686655789607,3.131686655789607,0.0,601,0.01
1,4,0.25,7,5,0,2.446661865013,2.446661865013,0.0,601,0.01
1,4,0.25,10,5,0,17.156829526327265,17.156829526327265,0.0,601,0.01
1,4,0.25,13,5,0,11.32236869254399,11.32236869254399,0.0,601,0.01
1,4,0.25,16,5,0,5.730890423927307,5.730890423927307,0.0,601,0.01
1,4,0.25,19,5,0,39.34205713899772,39.34205713899772,0.0,601,0.01
1,4,0.25,22,5,0,8.995632133183395,8.995632133183395,0.0,601,0.01
1,4,0.25,1,20,0,16.56442588923707,16.56442588923707,0.0,601,0.01
1,4,0.25,4,20,0,18.078723104922457,18.078723104922457,0.0,601,0.01
1,4,0.25,7,20,0,4.200155247142691,4.200155247142691,0.0,601,0.01
1,4,0.25,10,20,0,151.24972451482864,151.24972451482864,0.0,601,0.01
1,4,0.25,13,20,0,117.04647383130413,117.04647383130413,0.0,601,0.01
1,4,0.25,16,20,0,47.2862625852136,47.2862625852136,0.0,601,0.01
1,4,0.25,19,20,0,161.3912432993416,161.3912432993416,0.0,601,0.01
1,4,0.25,22,20,0,69.84123210795518,69.84123210795518,0.0,601,0.01
1,4,0.25,1,50,0,22.63806476241032,22.63806476241032,0.0,601,0.01
1,4,0.25,4,50,0,24.369823747509177,24.369823747509177,0.0,601,0.01
1,4,0.25,7,50,0,4.985115363810522,4.985115363810522,0.0,601,0.01
1,4,0.25,10,50,0,273.5309775203134,273.5309775203134,0.0,601,0.01
1,4,0.25,13,50,0,174.37587443342449,174.37587443342449,0.0,601,0.01
1,4,0.25,16,50,0,46.41138028502577,46.41138028502577,0.0,601,0.01
1,4,0.25,19,50,0,169.69308523507095,169.69308523507095,0.0,601,0.01
1,4,0.25,22,50,0,170.81932475368578,170.81932475368578,0.0,601,0.01
1,4,0.25,25,5,1,6.701046136057038,6.401608016357366,-0.045714442555563,601,0.01
1,4,0.25,28,5,1,5.827147268699059,12.631312042814423,0.7736512526643863,601,0.01
1,4,0.25,25,20,1,55.80313120602632,25.17879003298601,-0.795828007855706,601,0.01
1,4,0.25,28,20,1,24.61557720875095,25.945211683871868,0.0526076093259742,601,0.01
1,4,0.25,25,50,1,97.94494279209395,51.50957300181018,-0.6426378386274663,601,0.01
1,4,0.25,28,50,1,44.93179889859162,14.5519893153625,-1.127418053108735,601,0.01
1,5,0.0,4,5,0,3.131686655789607,3.131686655789607,0.0,601,0.01
1,5,0.0,7,5,0,2.446661865013,2.446661865013,0.0,601,0.01
1,5,0.0,28,5,0,5.827147268699059,5.827147268699059,0.0,601,0.01
1,5,0.0,4,20,0,18.078723104922457,18.078723104922457,0.0,601,0.01
1,5,0.0,7,20,0,4.200155247142691,4.200155247142691,0.0,601,0.01
1,5,0.0,28,20,0,24.61557720875095,24.61557720875095,0.0,601,0.01
1,5,0.0,4,50,0,24.369823747509177,24.369823747509177,0.0,601,0.01
1,5,0.0,7,50,0,4.985115363810522,4.985115363810522,0.0,601,0.01
1,5,0.0,28,50,0,44.93179889859162,44.93179889859162,0.0,601,0.01
1,5,0.0,22,5,1,8.995632133183395,6.019277133393869,-0.4017719663943596,601,0.01
1,5,0.0,22,20,1,69.84123210795518,19.114363949447675,-1.295784461591344,601,0.01
1,5,0.0,22,50,1,170.81932475368578,15.328878206812169,-2.4108679036673,601,0.01
1,5,0.0,1,5,2,3.1175627464753632,5.124466182562317,0.4969748345526113,601,0.01
1,5,0.0,10,5,2,17.156829526327265,8.532250024489574,-0.6985432129482185,601,0.01
1,5,0.0,13,5,2,11.32236869254399,5.111629222586696,-0.7952621156917328,601,0.01
1,5,0.0,16,5,2,5.730890423927307,3.187035232768761,-0.5867798249738778,601,0.01
1,5,0.0,19,5,2,39.34205713899772,12.344967348046254,-1.1590456250349337,601,0.01
1,5,0.0,25,5,2,6.701046136057038,9.279157326390225,0.3255070834107826,601,0.01
1,5,0.0,1,20,2,16.56442588923707,34.765415895801574,0.7413657194487056,601,0.01
1,5,0.0,10,20,2,151.24972451482864,57.5290395255574,-0.966642419976708,601,0.01
1,5,0.0,13,20,2,117.04647383130413,48.84055743700275,-0.8740100054518147,601,0.01
1,5,0.0,16,20,2,47.2862625852136,15.679735510518336,-1.1038506748838526,601,0.01
1,5,0.0,19,20,2,161.3912432993416,52.34841054127824,-1.1259099250107192,601,0.01
1,5,0.0,25,20,2,55.80313120602632,82.4579276781109,0.3904582131086875,601,0.01
1,5,0.0,1,50,2,22.63806476241032,48.014007894592496,0.7518600284814642,601,0.01
1,5,0.0,10,50,2,273.5309775203134,114.96465927645797,-0.8667901082824515,601,0.01
1,5,0.0,13,50,2,174.37587443342449,92.28403580506198,-0.6363420005439833,601,0.01
1,5,0.0,16,50,2,46.41138028502577,37.04342182810044,-0.2254539064440292,601,0.01
1,5,0.0,19,50,2,169.69308523507095,81.09240170876632,-0.738402158081029,601,0.01
1,5,0.0,25,50,2,97.94494279209395,141.9927454067661,0.3713704550581947,601,0.01
1,5,0.1,4,5,0,3.131686655789607,3.131686655789607,0.0,601,0.01
1,5,0.1,7,5,0,2.446661865013,2.446661865013,0.0,601,0.01
1,5,0.1,28,5,0,5.827147268699059,5.827147268699059,0.0,601,0.01
1,5,0.1,4,20,0,18.078723104922457,18.078723104922457,0.0,601,0.01
1,5,0.1,7,20,0,4.200155247142691,4.200155247142691,0.0,601,0.01
1,5,0.1,28,20,0,24.61557720875095,24.61557720875095,0.0,601,0.01
1,5,0.1,4,50,0,24.369823747509177,24.369823747509177,0.0,601,0.01
1,5,0.1,7,50,0,4.985115363810522,4.985115363810522,0.0,601,0.01
1,5,0.1,28,50,0,44.93179889859162,44.93179889859162,0.0,601,0.01
1,5,0.1,22,5,1,8.995632133183395,6.019277133393869,-0.4017719663943596,601,0.01
1,5,0.1,22,20,1,69.84123210795518,19.114363949447675,-1.295784461591344,601,0.01
1,5,0.1,22,50,1,170.81932475368578,15.328878206812169,-2.4108679036673,601,0.01
1,5,0.1,1,5,2,3.1175627464753632,5.124466182562317,0.4969748345526113,601,0.01
1,5,0.1,10,5,2,17.156829526327265,8.532250024489574,-0.6985432129482185,601,0.01
1,5,0.1,13,5,2,11.32236869254399,5.111629222586696,-0.7952621156917328,601,0.01
1,5,0.1,16,5,2,5.730890423927307,3.187035232768761,-0.5867798249738778,601,0.01
1,5,0.1,19,5,2,39.34205713899772,12.344967348046254,-1.1590456250349337,601,0.01
1,5,0.1,25,5,2,6.701046136057038,9.279157326390225,0.3255070834107826,601,0.01
1,5,0.1,1,20,2,16.56442588923707,34.765415895801574,0.7413657194487056,601,0.01
1,5,0.1,10,20,2,151.24972451482864,57.5290395255574,-0.966642419976708,601,0.01
1,5,0.1,13,20,2,117.04647383130413,48.84055743700275,-0.8740100054518147,601,0.01
1,5,0.1,16,20,2,47.2862625852136,15.679735510518336,-1.1038506748838526,601,0.01
1,5,0.1,19,20,2,161.3912432993416,52.34841054127824,-1.1259099250107192,601,0.01
1,5,0.1,25,20,2,55.80313120602632,82.4579276781109,0.3904582131086875,601,0.01
1,5,0.1,1,50,2,22.63806476241032,48.014007894592496,0.7518600284814642,601,0.01
1,5,0.1,10,50,2,273.5309775203134,114.96465927645797,-0.8667901082824515,601,0.01
1,5,0.1,13,50,2,174.37587443342449,92.28403580506198,-0.6363420005439833,601,0.01
1,5,0.1,16,50,2,46.41138028502577,37.04342182810044,-0.2254539064440292,601,0.01
1,5,0.1,19,50,2,169.69308523507095,81.09240170876632,-0.738402158081029,601,0.01
1,5,0.1,25,50,2,97.94494279209395,141.9927454067661,0.3713704550581947,601,0.01
1,5,0.25,1,5,0,3.1175627464753632,3.1175627464753632,0.0,601,0.01
1,5,0.25,4,5,0,3.131686655789607,3.131686655789607,0.0,601,0.01
1,5,0.25,7,5,0,2.446661865013,2.446661865013,0.0,601,0.01
1,5,0.25,28,5,0,5.827147268699059,5.827147268699059,0.0,601,0.01
1,5,0.25,1,20,0,16.56442588923707,16.56442588923707,0.0,601,0.01
1,5,0.25,4,20,0,18.078723104922457,18.078723104922457,0.0,601,0.01
1,5,0.25,7,20,0,4.200155247142691,4.200155247142691,0.0,601,0.01
1,5,0.25,28,20,0,24.61557720875095,24.61557720875095,0.0,601,0.01
1,5,0.25,1,50,0,22.63806476241032,22.63806476241032,0.0,601,0.01
1,5,0.25,4,50,0,24.369823747509177,24.369823747509177,0.0,601,0.01
1,5,0.25,7,50,0,4.985115363810522,4.985115363810522,0.0,601,0.01
1,5,0.25,28,50,0,44.93179889859162,44.93179889859162,0.0,601,0.01
1,5,0.25,22,5,1,8.995632133183395,6.019277133393869,-0.4017719663943596,601,0.01
1,5,0.25,22,20,1,69.84123210795518,19.114363949447675,-1.295784461591344,601,0.01
1,5,0.25,22,50,1,170.81932475368578,15.328878206812169,-2.4108679036673,601,0.01
1,5,0.25,10,5,2,17.156829526327265,8.532250024489574,-0.6985432129482185,601,0.01
1,5,0.25,13,5,2,11.32236869254399,5.111629222586696,-0.7952621156917328,601,0.01
1,5,0.25,16,5,2,5.730890423927307,3.187035232768761,-0.5867798249738778,601,0.01
1,5,0.25,19,5,2,39.34205713899772,12.344967348046254,-1.1590456250349337,601,0.01
1,5,0.25,25,5,2,6.701046136057038,9.279157326390225,0.3255070834107826,601,0.01
1,5,0.25,10,20,2,151.24972451482864,57.5290395255574,-0.966642419976708,601,0.01
1,5,0.25,13,20,2,117.04647383130413,48.84055743700275,-0.8740100054518147,601,0.01
1,5,0.25,16,20,2,47.2862625852136,15.679735510518336,-1.1038506748838526,601,0.01
1,5,0.25,19,20,2,161.3912432993416,52.34841054127824,-1.1259099250107192,601,0.01
1,5,0.25,25,20,2,55.80313120602632,82.4579276781109,0.3904582131086875,601,0.01
1,5,0.25,10,50,2,273.5309775203134,114.96465927645797,-0.8667901082824515,601,0.01
1,5,0.25,13,50,2,174.37587443342449,92.28403580506198,-0.6363420005439833,601,0.01
1,5,0.25,16,50,2,46.41138028502577,37.04342182810044,-0.2254539064440292,601,0.01
1,5,0.25,19,50,2,169.69308523507095,81.09240170876632,-0.738402158081029,601,0.01
1,5,0.25,25,50,2,97.94494279209395,141.9927454067661,0.3713704550581947,601,0.01
0,0,0.0,3,5,0,23.38724282468436,23.38724282468436,0.0,601,1.0
0,0,0.0,6,5,0,3.09076297252793,3.09076297252793,0.0,601,1.0
0,0,0.0,9,5,0,4.018550921863902,4.018550921863902,0.0,601,1.0
0,0,0.0,27,5,0,3.97687221669964,3.97687221669964,0.0,601,1.0
0,0,0.0,3,20,0,315.6625010256738,315.6625010256738,0.0,601,1.0
0,0,0.0,6,20,0,26.916832376671547,26.916832376671547,0.0,601,1.0
0,0,0.0,9,20,0,25.858601770731184,25.858601770731184,0.0,601,1.0
0,0,0.0,27,20,0,23.99694205999548,23.99694205999548,0.0,601,1.0
0,0,0.0,3,50,0,762.1535296560166,762.1535296560166,0.0,601,1.0
0,0,0.0,6,50,0,111.80272771297108,111.80272771297108,0.0,601,1.0
0,0,0.0,9,50,0,75.88170204110811,75.88170204110811,0.0,601,1.0
0,0,0.0,27,50,0,38.532955600181175,38.532955600181175,0.0,601,1.0
0,0,0.0,12,5,1,2.4594459156201767,1.7194063077654869,-0.3579570256849785,601,1.0
0,0,0.0,15,5,1,10.682647221723984,2.354767713094799,-1.512178583045637,601,1.0
0,0,0.0,18,5,1,8.681567062146376,3.220115871739009,-0.9917847055700468,601,1.0
0,0,0.0,12,20,1,19.741235068512815,4.6186444586708255,-1.4526083440148554,601,1.0
0,0,0.0,15,20,1,122.77603538894373,10.421717302109997,-2.4664700141029203,601,1.0
0,0,0.0,18,20,1,167.26019673932814,25.369478628254463,-1.886003841520368,601,1.0
0,0,0.0,12,50,1,40.04845416208547,17.078783807182173,-0.8522530949120316,601,1.0
0,0,0.0,15,50,1,281.4379820218512,51.62925969631624,-1.6958235506194277,601,1.0
0,0,0.0,18,50,1,887.9925284049966,319.6438318863892,-1.0217559784324162,601,1.0
0,0,0.0,0,5,2,4.438697827852575,4.727082439217856,0.06294714031713,601,1.0
0,0,0.0,21,5,2,9.46583134430356,4.564977427646674,-0.7292750449490369,601,1.0
0,0,0.0,24,5,2,3.120867712391768,3.228290060253717,0.0338415278450193,601,1.0
0,0,0.0,0,20,2,47.87786499882821,16.699686244755036,-1.0532633575208326,601,1.0
0,0,0.0,21,20,2,114.06571232637384,13.32411858657503,-2.1471988857264943,601,1.0
0,0,0.0,24,20,2,28.1079131607638,6.580383537813362,-1.4519581117804643,601,1.0
0,0,0.0,0,50,2,55.59004847524579,22.52075277852064,-0.9035669711558044,601,1.0
0,0,0.0,21,50,2,285.38275759934425,28.15232508550269,-2.3162013408963915,601,1.0
0,0,0.0,24,50,2,31.332254537164328,5.788762260257651,-1.688729566588019,601,1.0
0,0,0.1,3,5,0,23.38724282468436,23.38724282468436,0.0,601,1.0
0,0,0.1,6,5,0,3.09076297252793,3.09076297252793,0.0,601,1.0
0,0,0.1,9,5,0,4.018550921863902,4.018550921863902,0.0,601,1.0
0,0,0.1,12,5,0,2.4594459156201767,2.4594459156201767,0.0,601,1.0
0,0,0.1,27,5,0,3.97687221669964,3.97687221669964,0.0,601,1.0
0,0,0.1,3,20,0,315.6625010256738,315.6625010256738,0.0,601,1.0
0,0,0.1,6,20,0,26.916832376671547,26.916832376671547,0.0,601,1.0
0,0,0.1,9,20,0,25.858601770731184,25.858601770731184,0.0,601,1.0
0,0,0.1,12,20,0,19.741235068512815,19.741235068512815,0.0,601,1.0
0,0,0.1,27,20,0,23.99694205999548,23.99694205999548,0.0,601,1.0
0,0,0.1,3,50,0,762.1535296560166,762.1535296560166,0.0,601,1.0
0,0,0.1,6,50,0,111.80272771297108,111.80272771297108,0.0,601,1.0
0,0,0.1,9,50,0,75.88170204110811,75.88170204110811,0.0,601,1.0
0,0,0.1,12,50,0,40.04845416208547,40.04845416208547,0.0,601,1.0
0,0,0.1,27,50,0,38.532955600181175,38.532955600181175,0.0,601,1.0
0,0,0.1,15,5,1,10.682647221723984,2.354767713094799,-1.512178583045637,601,1.0
0,0,0.1,18,5,1,8.681567062146376,3.220115871739009,-0.9917847055700468,601,1.0
0,0,0.1,15,20,1,122.77603538894373,10.421717302109997,-2.4664700141029203,601,1.0
0,0,0.1,18,20,1,167.26019673932814,25.369478628254463,-1.886003841520368,601,1.0
0,0,0.1,15,50,1,281.4379820218512,51.62925969631624,-1.6958235506194277,601,1.0
0,0,0.1,18,50,1,887.9925284049966,319.6438318863892,-1.0217559784324162,601,1.0
0,0,0.1,0,5,2,4.438697827852575,4.727082439217856,0.06294714031713,601,1.0
0,0,0.1,21,5,2,9.46583134430356,4.564977427646674,-0.7292750449490369,601,1.0
0,0,0.1,24,5,2,3.120867712391768,3.228290060253717,0.0338415278450193,601,1.0
0,0,0.1,0,20,2,47.87786499882821,16.699686244755036,-1.0532633575208326,601,1.0
0,0,0.1,21,20,2,114.06571232637384,13.32411858657503,-2.1471988857264943,601,1.0
0,0,0.1,24,20,2,28.1079131607638,6.580383537813362,-1.4519581117804643,601,1.0
0,0,0.1,0,50,2,55.59004847524579,22.52075277852064,-0.9035669711558044,601,1.0
0,0,0.1,21,50,2,285.38275759934425,28.15232508550269,-2.3162013408963915,601,1.0
0,0,0.1,24,50,2,31.332254537164328,5.788762260257651,-1.688729566588019,601,1.0
0,0,0.25,3,5,0,23.38724282468436,23.38724282468436,0.0,601,1.0
0,0,0.25,6,5,0,3.09076297252793,3.09076297252793,0.0,601,1.0
0,0,0.25,9,5,0,4.018550921863902,4.018550921863902,0.0,601,1.0
0,0,0.25,12,5,0,2.4594459156201767,2.4594459156201767,0.0,601,1.0
0,0,0.25,27,5,0,3.97687221669964,3.97687221669964,0.0,601,1.0
0,0,0.25,3,20,0,315.6625010256738,315.6625010256738,0.0,601,1.0
0,0,0.25,6,20,0,26.916832376671547,26.916832376671547,0.0,601,1.0
0,0,0.25,9,20,0,25.858601770731184,25.858601770731184,0.0,601,1.0
0,0,0.25,12,20,0,19.741235068512815,19.741235068512815,0.0,601,1.0
0,0,0.25,27,20,0,23.99694205999548,23.99694205999548,0.0,601,1.0
0,0,0.25,3,50,0,762.1535296560166,762.1535296560166,0.0,601,1.0
0,0,0.25,6,50,0,111.80272771297108,111.80272771297108,0.0,601,1.0
0,0,0.25,9,50,0,75.88170204110811,75.88170204110811,0.0,601,1.0
0,0,0.25,12,50,0,40.04845416208547,40.04845416208547,0.0,601,1.0
0,0,0.25,27,50,0,38.532955600181175,38.532955600181175,0.0,601,1.0
0,0,0.25,15,5,1,10.682647221723984,2.354767713094799,-1.512178583045637,601,1.0
0,0,0.25,18,5,1,8.681567062146376,3.220115871739009,-0.9917847055700468,601,1.0
0,0,0.25,15,20,1,122.77603538894373,10.421717302109997,-2.4664700141029203,601,1.0
0,0,0.25,18,20,1,167.26019673932814,25.369478628254463,-1.886003841520368,601,1.0
0,0,0.25,15,50,1,281.4379820218512,51.62925969631624,-1.6958235506194277,601,1.0
0,0,0.25,18,50,1,887.9925284049966,319.6438318863892,-1.0217559784324162,601,1.0
0,0,0.25,0,5,2,4.438697827852575,4.727082439217856,0.06294714031713,601,1.0
0,0,0.25,21,5,2,9.46583134430356,4.564977427646674,-0.7292750449490369,601,1.0
0,0,0.25,24,5,2,3.120867712391768,3.228290060253717,0.0338415278450193,601,1.0
0,0,0.25,0,20,2,47.87786499882821,16.699686244755036,-1.0532633575208326,601,1.0
0,0,0.25,21,20,2,114.06571232637384,13.32411858657503,-2.1471988857264943,601,1.0
0,0,0.25,24,20,2,28.1079131607638,6.580383537813362,-1.4519581117804643,601,1.0
0,0,0.25,0,50,2,55.59004847524579,22.52075277852064,-0.9035669711558044,601,1.0
0,0,0.25,21,50,2,285.38275759934425,28.15232508550269,-2.3162013408963915,601,1.0
0,0,0.25,24,50,2,31.332254537164328,5.788762260257651,-1.688729566588019,601,1.0
0,1,0.0,3,5,0,23.38724282468436,23.38724282468436,0.0,601,1.0
0,1,0.0,6,5,0,3.09076297252793,3.09076297252793,0.0,601,1.0
0,1,0.0,9,5,0,4.018550921863902,4.018550921863902,0.0,601,1.0
0,1,0.0,3,20,0,315.6625010256738,315.6625010256738,0.0,601,1.0
0,1,0.0,6,20,0,26.916832376671547,26.916832376671547,0.0,601,1.0
0,1,0.0,9,20,0,25.858601770731184,25.858601770731184,0.0,601,1.0
0,1,0.0,3,50,0,762.1535296560166,762.1535296560166,0.0,601,1.0
0,1,0.0,6,50,0,111.80272771297108,111.80272771297108,0.0,601,1.0
0,1,0.0,9,50,0,75.88170204110811,75.88170204110811,0.0,601,1.0
0,1,0.0,12,5,1,2.4594459156201767,1.891549258634024,-0.2625398801688625,601,1.0
0,1,0.0,15,5,1,10.682647221723984,5.554794228248688,-0.6539592902346689,601,1.0
0,1,0.0,18,5,1,8.681567062146376,6.553192266539154,-0.2812497496322637,601,1.0
0,1,0.0,12,20,1,19.741235068512815,5.783781114400279,-1.227651957993481,601,1.0
0,1,0.0,15,20,1,122.77603538894373,45.67924770965684,-0.988717748603306,601,1.0
0,1,0.0,18,20,1,167.26019673932814,82.72356357615044,-0.7040461743865324,601,1.0
0,1,0.0,12,50,1,40.04845416208547,6.850296420539485,-1.7657981506593812,601,1.0
0,1,0.0,15,50,1,281.4379820218512,105.55350902704508,-0.9806940918684074,601,1.0
0,1,0.0,18,50,1,887.9925284049966,195.21076718943223,-1.5148834967587606,601,1.0
0,1,0.0,0,5,2,4.438697827852575,2.3423486653418,-0.6392069222794327,601,1.0
0,1,0.0,21,5,2,9.46583134430356,5.246771525503233,-0.5900756744054734,601,1.0
0,1,0.0,24,5,2,3.120867712391768,1.52004589720979,-0.7193705461661682,601,1.0
0,1,0.0,27,5,2,3.97687221669964,2.226371400688455,-0.5801225495269937,601,1.0
0,1,0.0,0,20,2,47.87786499882821,14.05060619103766,-1.225987748909222,601,1.0
0,1,0.0,21,20,2,114.06571232637384,23.123240756134564,-1.5959365011473934,601,1.0
0,1,0.0,24,20,2,28.1079131607638,1.597897996185622,-2.8673621307079507,601,1.0
0,1,0.0,27,20,2,23.99694205999548,4.089208684093781,-1.7695749324990488,601,1.0
0,1,0.0,0,50,2,55.59004847524579,19.282465769077977,-1.0588080273869016,601,1.0
0,1,0.0,21,50,2,285.38275759934425,53.98639583397968,-1.6650992025345888,601,1.0
0,1,0.0,24,50,2,31.332254537164328,1.383318169124492,-3.1201629799084785,601,1.0
0,1,0.0,27,50,2,38.532955600181175,9.780634559963548,-1.3711094993849129,601,1.0
0,1,0.1,3,5,0,23.38724282468436,23.38724282468436,0.0,601,1.0
0,1,0.1,6,5,0,3.09076297252793,3.09076297252793,0.0,601,1.0
0,1,0.1,9,5,0,4.018550921863902,4.018550921863902,0.0,601,1.0
0,1,0.1,3,20,0,315.6625010256738,315.6625010256738,0.0,601,1.0
0,1,0.1,6,20,0,26.916832376671547,26.916832376671547,0.0,601,1.0
0,1,0.1,9,20,0,25.858601770731184,25.858601770731184,0.0,601,1.0
0,1,0.1,3,50,0,762.1535296560166,762.1535296560166,0.0,601,1.0
0,1,0.1,6,50,0,111.80272771297108,111.80272771297108,0.0,601,1.0
0,1,0.1,9,50,0,75.88170204110811,75.88170204110811,0.0,601,1.0
0,1,0.1,12,5,1,2.4594459156201767,1.891549258634024,-0.2625398801688625,601,1.0
0,1,0.1,15,5,1,10.682647221723984,5.554794228248688,-0.6539592902346689,601,1.0
0,1,0.1,18,5,1,8.681567062146376,6.553192266539154,-0.2812497496322637,601,1.0
0,1,0.1,12,20,1,19.741235068512815,5.783781114400279,-1.227651957993481,601,1.0
0,1,0.1,15,20,1,122.77603538894373,45.67924770965684,-0.988717748603306,601,1.0
0,1,0.1,18,20,1,167.26019673932814,82.72356357615044,-0.7040461743865324,601,1.0
0,1,0.1,12,50,1,40.04845416208547,6.850296420539485,-1.7657981506593812,601,1.0
0,1,0.1,15,50,1,281.4379820218512,105.55350902704508,-0.9806940918684074,601,1.0
0,1,0.1,18,50,1,887.9925284049966,195.21076718943223,-1.5148834967587606,601,1.0
0,1,0.1,0,5,2,4.438697827852575,2.3423486653418,-0.6392069222794327,601,1.0
0,1,0.1,21,5,2,9.46583134430356,5.246771525503233,-0.5900756744054734,601,1.0
0,1,0.1,24,5,2,3.120867712391768,1.52004589720979,-0.7193705461661682,601,1.0
0,1,0.1,27,5,2,3.97687221669964,2.226371400688455,-0.5801225495269937,601,1.0
0,1,0.1,0,20,2,47.87786499882821,14.05060619103766,-1.225987748909222,601,1.0
0,1,0.1,21,20,2,114.06571232637384,23.123240756134564,-1.5959365011473934,601,1.0
0,1,0.1,24,20,2,28.1079131607638,1.597897996185622,-2.8673621307079507,601,1.0
0,1,0.1,27,20,2,23.99694205999548,4.089208684093781,-1.7695749324990488,601,1.0
0,1,0.1,0,50,2,55.59004847524579,19.282465769077977,-1.0588080273869016,601,1.0
0,1,0.1,21,50,2,285.38275759934425,53.98639583397968,-1.6650992025345888,601,1.0
0,1,0.1,24,50,2,31.332254537164328,1.383318169124492,-3.1201629799084785,601,1.0
0,1,0.1,27,50,2,38.532955600181175,9.780634559963548,-1.3711094993849129,601,1.0
0,1,0.25,3,5,0,23.38724282468436,23.38724282468436,0.0,601,1.0
0,1,0.25,6,5,0,3.09076297252793,3.09076297252793,0.0,601,1.0
0,1,0.25,9,5,0,4.018550921863902,4.018550921863902,0.0,601,1.0
0,1,0.25,3,20,0,315.6625010256738,315.6625010256738,0.0,601,1.0
0,1,0.25,6,20,0,26.916832376671547,26.916832376671547,0.0,601,1.0
0,1,0.25,9,20,0,25.858601770731184,25.858601770731184,0.0,601,1.0
0,1,0.25,3,50,0,762.1535296560166,762.1535296560166,0.0,601,1.0
0,1,0.25,6,50,0,111.80272771297108,111.80272771297108,0.0,601,1.0
0,1,0.25,9,50,0,75.88170204110811,75.88170204110811,0.0,601,1.0
0,1,0.25,12,5,1,2.4594459156201767,1.891549258634024,-0.2625398801688625,601,1.0
0,1,0.25,15,5,1,10.682647221723984,5.554794228248688,-0.6539592902346689,601,1.0
0,1,0.25,18,5,1,8.681567062146376,6.553192266539154,-0.2812497496322637,601,1.0
0,1,0.25,12,20,1,19.741235068512815,5.783781114400279,-1.227651957993481,601,1.0
0,1,0.25,15,20,1,122.77603538894373,45.67924770965684,-0.988717748603306,601,1.0
0,1,0.25,18,20,1,167.26019673932814,82.72356357615044,-0.7040461743865324,601,1.0
0,1,0.25,12,50,1,40.04845416208547,6.850296420539485,-1.7657981506593812,601,1.0
0,1,0.25,15,50,1,281.4379820218512,105.55350902704508,-0.9806940918684074,601,1.0
0,1,0.25,18,50,1,887.9925284049966,195.21076718943223,-1.5148834967587606,601,1.0
0,1,0.25,0,5,2,4.438697827852575,2.3423486653418,-0.6392069222794327,601,1.0
0,1,0.25,21,5,2,9.46583134430356,5.246771525503233,-0.5900756744054734,601,1.0
0,1,0.25,24,5,2,3.120867712391768,1.52004589720979,-0.7193705461661682,601,1.0
0,1,0.25,27,5,2,3.97687221669964,2.226371400688455,-0.5801225495269937,601,1.0
0,1,0.25,0,20,2,47.87786499882821,14.05060619103766,-1.225987748909222,601,1.0
0,1,0.25,21,20,2,114.06571232637384,23.123240756134564,-1.5959365011473934,601,1.0
0,1,0.25,24,20,2,28.1079131607638,1.597897996185622,-2.8673621307079507,601,1.0
0,1,0.25,27,20,2,23.99694205999548,4.089208684093781,-1.7695749324990488,601,1.0
0,1,0.25,0,50,2,55.59004847524579,19.282465769077977,-1.0588080273869016,601,1.0
0,1,0.25,21,50,2,285.38275759934425,53.98639583397968,-1.6650992025345888,601,1.0
0,1,0.25,24,50,2,31.332254537164328,1.383318169124492,-3.1201629799084785,601,1.0
0,1,0.25,27,50,2,38.532955600181175,9.780634559963548,-1.3711094993849129,601,1.0
0,2,0.0,3,5,0,23.38724282468436,23.38724282468436,0.0,601,1.0
0,2,0.0,6,5,0,3.09076297252793,3.09076297252793,0.0,601,1.0
0,2,0.0,9,5,0,4.018550921863902,4.018550921863902,0.0,601,1.0
0,2,0.0,27,5,0,3.97687221669964,3.97687221669964,0.0,601,1.0
0,2,0.0,3,20,0,315.6625010256738,315.6625010256738,0.0,601,1.0
0,2,0.0,6,20,0,26.916832376671547,26.916832376671547,0.0,601,1.0
0,2,0.0,9,20,0,25.858601770731184,25.858601770731184,0.0,601,1.0
0,2,0.0,27,20,0,23.99694205999548,23.99694205999548,0.0,601,1.0
0,2,0.0,3,50,0,762.1535296560166,762.1535296560166,0.0,601,1.0
0,2,0.0,6,50,0,111.80272771297108,111.80272771297108,0.0,601,1.0
0,2,0.0,9,50,0,75.88170204110811,75.88170204110811,0.0,601,1.0
0,2,0.0,27,50,0,38.532955600181175,38.532955600181175,0.0,601,1.0
0,2,0.0,12,5,1,2.4594459156201767,1.7194061042298616,-0.357957144060511,601,1.0
0,2,0.0,15,5,1,10.682647221723984,2.3547681439960093,-1.5121784000546914,601,1.0
0,2,0.0,18,5,1,8.681567062146376,3.220110680847763,-0.991786317591364,601,1.0
0,2,0.0,12,20,1,19.741235068512815,4.618645343067699,-1.4526081525307963,601,1.0
0,2,0.0,15,20,1,122.77603538894373,10.421723012240747,-2.466469466196177,601,1.0
0,2,0.0,18,20,1,167.26019673932814,25.36946198889965,-1.8860044974014176,601,1.0
0,2,0.0,12,50,1,40.04845416208547,17.078781161873263,-0.8522532498006435,601,1.0
0,2,0.0,15,50,1,281.4379820218512,51.62921071599953,-1.6958244993128666,601,1.0
0,2,0.0,18,50,1,887.9925284049966,319.6435865061217,-1.0217567461004804,601,1.0
0,2,0.0,0,5,2,4.438697827852575,4.727088531288649,0.0629484290754592,601,1.0
0,2,0.0,21,5,2,9.46583134430356,4.564978887497211,-0.7292747251554944,601,1.0
0,2,0.0,24,5,2,3.120867712391768,3.2282937758047874,0.0338426787790625,601,1.0
0,2,0.0,0,20,2,47.87786499882821,16.699700883095712,-1.053262480957402,601,1.0
0,2,0.0,21,20,2,114.06571232637384,13.324125668658873,-2.147198354203008,601,1.0
0,2,0.0,24,20,2,28.1079131607638,6.580395269100165,-1.4519563290156332,601,1.0
0,2,0.0,0,50,2,55.59004847524579,22.52076757348729,-0.9035663142078804,601,1.0
0,2,0.0,21,50,2,285.38275759934425,28.152340016851984,-2.3162008105194056,601,1.0
0,2,0.0,24,50,2,31.332254537164328,5.788772938626232,-1.6887277219175612,601,1.0
0,2,0.1,3,5,0,23.38724282468436,23.38724282468436,0.0,601,1.0
0,2,0.1,6,5,0,3.09076297252793,3.09076297252793,0.0,601,1.0
0,2,0.1,9,5,0,4.018550921863902,4.018550921863902,0.0,601,1.0
0,2,0.1,12,5,0,2.4594459156201767,2.4594459156201767,0.0,601,1.0
0,2,0.1,27,5,0,3.97687221669964,3.97687221669964,0.0,601,1.0
0,2,0.1,3,20,0,315.6625010256738,315.6625010256738,0.0,601,1.0
0,2,0.1,6,20,0,26.916832376671547,26.916832376671547,0.0,601,1.0
0,2,0.1,9,20,0,25.858601770731184,25.858601770731184,0.0,601,1.0
0,2,0.1,12,20,0,19.741235068512815,19.741235068512815,0.0,601,1.0
0,2,0.1,27,20,0,23.99694205999548,23.99694205999548,0.0,601,1.0
0,2,0.1,3,50,0,762.1535296560166,762.1535296560166,0.0,601,1.0
0,2,0.1,6,50,0,111.80272771297108,111.80272771297108,0.0,601,1.0
0,2,0.1,9,50,0,75.88170204110811,75.88170204110811,0.0,601,1.0
0,2,0.1,12,50,0,40.04845416208547,40.04845416208547,0.0,601,1.0
0,2,0.1,27,50,0,38.532955600181175,38.532955600181175,0.0,601,1.0
0,2,0.1,15,5,1,10.682647221723984,2.3547681439960093,-1.5121784000546914,601,1.0
0,2,0.1,18,5,1,8.681567062146376,3.220110680847763,-0.991786317591364,601,1.0
0,2,0.1,15,20,1,122.77603538894373,10.421723012240747,-2.466469466196177,601,1.0
0,2,0.1,18,20,1,167.26019673932814,25.36946198889965,-1.8860044974014176,601,1.0
0,2,0.1,15,50,1,281.4379820218512,51.62921071599953,-1.6958244993128666,601,1.0
0,2,0.1,18,50,1,887.9925284049966,319.6435865061217,-1.0217567461004804,601,1.0
0,2,0.1,0,5,2,4.438697827852575,4.727088531288649,0.0629484290754592,601,1.0
0,2,0.1,21,5,2,9.46583134430356,4.564978887497211,-0.7292747251554944,601,1.0
0,2,0.1,24,5,2,3.120867712391768,3.2282937758047874,0.0338426787790625,601,1.0
0,2,0.1,0,20,2,47.87786499882821,16.699700883095712,-1.053262480957402,601,1.0
0,2,0.1,21,20,2,114.06571232637384,13.324125668658873,-2.147198354203008,601,1.0
0,2,0.1,24,20,2,28.1079131607638,6.580395269100165,-1.4519563290156332,601,1.0
0,2,0.1,0,50,2,55.59004847524579,22.52076757348729,-0.9035663142078804,601,1.0
0,2,0.1,21,50,2,285.38275759934425,28.152340016851984,-2.3162008105194056,601,1.0
0,2,0.1,24,50,2,31.332254537164328,5.788772938626232,-1.6887277219175612,601,1.0
0,2,0.25,3,5,0,23.38724282468436,23.38724282468436,0.0,601,1.0
0,2,0.25,6,5,0,3.09076297252793,3.09076297252793,0.0,601,1.0
0,2,0.25,9,5,0,4.018550921863902,4.018550921863902,0.0,601,1.0
0,2,0.25,12,5,0,2.4594459156201767,2.4594459156201767,0.0,601,1.0
0,2,0.25,27,5,0,3.97687221669964,3.97687221669964,0.0,601,1.0
0,2,0.25,3,20,0,315.6625010256738,315.6625010256738,0.0,601,1.0
0,2,0.25,6,20,0,26.916832376671547,26.916832376671547,0.0,601,1.0
0,2,0.25,9,20,0,25.858601770731184,25.858601770731184,0.0,601,1.0
0,2,0.25,12,20,0,19.741235068512815,19.741235068512815,0.0,601,1.0
0,2,0.25,27,20,0,23.99694205999548,23.99694205999548,0.0,601,1.0
0,2,0.25,3,50,0,762.1535296560166,762.1535296560166,0.0,601,1.0
0,2,0.25,6,50,0,111.80272771297108,111.80272771297108,0.0,601,1.0
0,2,0.25,9,50,0,75.88170204110811,75.88170204110811,0.0,601,1.0
0,2,0.25,12,50,0,40.04845416208547,40.04845416208547,0.0,601,1.0
0,2,0.25,27,50,0,38.532955600181175,38.532955600181175,0.0,601,1.0
0,2,0.25,15,5,1,10.682647221723984,2.3547681439960093,-1.5121784000546914,601,1.0
0,2,0.25,18,5,1,8.681567062146376,3.220110680847763,-0.991786317591364,601,1.0
0,2,0.25,15,20,1,122.77603538894373,10.421723012240747,-2.466469466196177,601,1.0
0,2,0.25,18,20,1,167.26019673932814,25.36946198889965,-1.8860044974014176,601,1.0
0,2,0.25,15,50,1,281.4379820218512,51.62921071599953,-1.6958244993128666,601,1.0
0,2,0.25,18,50,1,887.9925284049966,319.6435865061217,-1.0217567461004804,601,1.0
0,2,0.25,0,5,2,4.438697827852575,4.727088531288649,0.0629484290754592,601,1.0
0,2,0.25,21,5,2,9.46583134430356,4.564978887497211,-0.7292747251554944,601,1.0
0,2,0.25,24,5,2,3.120867712391768,3.2282937758047874,0.0338426787790625,601,1.0
0,2,0.25,0,20,2,47.87786499882821,16.699700883095712,-1.053262480957402,601,1.0
0,2,0.25,21,20,2,114.06571232637384,13.324125668658873,-2.147198354203008,601,1.0
0,2,0.25,24,20,2,28.1079131607638,6.580395269100165,-1.4519563290156332,601,1.0
0,2,0.25,0,50,2,55.59004847524579,22.52076757348729,-0.9035663142078804,601,1.0
0,2,0.25,21,50,2,285.38275759934425,28.152340016851984,-2.3162008105194056,601,1.0
0,2,0.25,24,50,2,31.332254537164328,5.788772938626232,-1.6887277219175612,601,1.0
0,3,0.0,3,5,0,23.38724282468436,23.38724282468436,0.0,601,1.0
0,3,0.0,6,5,0,3.09076297252793,3.09076297252793,0.0,601,1.0
0,3,0.0,9,5,0,4.018550921863902,4.018550921863902,0.0,601,1.0
0,3,0.0,3,20,0,315.6625010256738,315.6625010256738,0.0,601,1.0
0,3,0.0,6,20,0,26.916832376671547,26.916832376671547,0.0,601,1.0
0,3,0.0,9,20,0,25.858601770731184,25.858601770731184,0.0,601,1.0
0,3,0.0,3,50,0,762.1535296560166,762.1535296560166,0.0,601,1.0
0,3,0.0,6,50,0,111.80272771297108,111.80272771297108,0.0,601,1.0
0,3,0.0,9,50,0,75.88170204110811,75.88170204110811,0.0,601,1.0
0,3,0.0,0,5,1,4.438697827852575,2.342348725604572,-0.6392068965519345,601,1.0
0,3,0.0,21,5,1,9.46583134430356,5.246771328331197,-0.5900757119851618,601,1.0
0,3,0.0,24,5,1,3.120867712391768,1.520045872480514,-0.7193705624349376,601,1.0
0,3,0.0,27,5,1,3.97687221669964,2.2263711438399154,-0.580122664893439,601,1.0
0,3,0.0,0,20,1,47.87786499882821,14.0506063057283,-1.2259877407465392,601,1.0
0,3,0.0,21,20,1,114.06571232637384,23.123240365173675,-1.5959365180550966,601,1.0
0,3,0.0,24,20,1,28.1079131607638,1.5978978960227823,-2.8673621933920788,601,1.0
0,3,0.0,27,20,1,23.99694205999548,4.089207632631716,-1.76957518963002,601,1.0
0,3,0.0,0,50,1,55.59004847524579,19.282466123629543,-1.0588080089996492,601,1.0
0,3,0.0,21,50,1,285.38275759934425,53.98639649798403,-1.665099190235113,601,1.0
0,3,0.0,24,50,1,31.332254537164328,1.3833180813561845,-3.1201630433561456,601,1.0
0,3,0.0,27,50,1,38.532955600181175,9.780634835568767,-1.3711094712062488,601,1.0
0,3,0.0,12,5,2,2.4594459156201767,1.8915534452756348,-0.2625376668313254,601,1.0
0,3,0.0,15,5,2,10.682647221723984,5.554777680392537,-0.6539622692614552,601,1.0
0,3,0.0,18,5,2,8.681567062146376,6.553196942769719,-0.2812490360519648,601,1.0
0,3,0.0,12,20,2,19.741235068512815,5.783828549966339,-1.227643756546953,601,1.0
0,3,0.0,15,20,2,122.77603538894373,45.67898803257662,-0.9887234334127404,601,1.0
0,3,0.0,18,20,2,167.26019673932814,82.7234459366571,-0.7040475964671574,601,1.0
0,3,0.0,12,50,2,40.04845416208547,6.850329678722802,-1.7657932956720142,601,1.0
0,3,0.0,15,50,2,281.4379820218512,105.55279727534948,-0.9807008349326776,601,1.0
0,3,0.0,18,50,2,887.9925284049966,195.2096729845697,-1.514889102022983,601,1.0
0,3,0.1,3,5,0,23.38724282468436,23.38724282468436,0.0,601,1.0
0,3,0.1,6,5,0,3.09076297252793,3.09076297252793,0.0,601,1.0
0,3,0.1,9,5,0,4.018550921863902,4.018550921863902,0.0,601,1.0
0,3,0.1,3,20,0,315.6625010256738,315.6625010256738,0.0,601,1.0
0,3,0.1,6,20,0,26.916832376671547,26.916832376671547,0.0,601,1.0
0,3,0.1,9,20,0,25.858601770731184,25.858601770731184,0.0,601,1.0
0,3,0.1,3,50,0,762.1535296560166,762.1535296560166,0.0,601,1.0
0,3,0.1,6,50,0,111.80272771297108,111.80272771297108,0.0,601,1.0
0,3,0.1,9,50,0,75.88170204110811,75.88170204110811,0.0,601,1.0
0,3,0.1,0,5,1,4.438697827852575,2.342348725604572,-0.6392068965519345,601,1.0
0,3,0.1,21,5,1,9.46583134430356,5.246771328331197,-0.5900757119851618,601,1.0
0,3,0.1,24,5,1,3.120867712391768,1.520045872480514,-0.7193705624349376,601,1.0
0,3,0.1,27,5,1,3.97687221669964,2.2263711438399154,-0.580122664893439,601,1.0
0,3,0.1,0,20,1,47.87786499882821,14.0506063057283,-1.2259877407465392,601,1.0
0,3,0.1,21,20,1,114.06571232637384,23.123240365173675,-1.5959365180550966,601,1.0
0,3,0.1,24,20,1,28.1079131607638,1.5978978960227823,-2.8673621933920788,601,1.0
0,3,0.1,27,20,1,23.99694205999548,4.089207632631716,-1.76957518963002,601,1.0
0,3,0.1,0,50,1,55.59004847524579,19.282466123629543,-1.0588080089996492,601,1.0
0,3,0.1,21,50,1,285.38275759934425,53.98639649798403,-1.665099190235113,601,1.0
0,3,0.1,24,50,1,31.332254537164328,1.3833180813561845,-3.1201630433561456,601,1.0
0,3,0.1,27,50,1,38.532955600181175,9.780634835568767,-1.3711094712062488,601,1.0
0,3,0.1,12,5,2,2.4594459156201767,1.8915534452756348,-0.2625376668313254,601,1.0
0,3,0.1,15,5,2,10.682647221723984,5.554777680392537,-0.6539622692614552,601,1.0
0,3,0.1,18,5,2,8.681567062146376,6.553196942769719,-0.2812490360519648,601,1.0
0,3,0.1,12,20,2,19.741235068512815,5.783828549966339,-1.227643756546953,601,1.0
0,3,0.1,15,20,2,122.77603538894373,45.67898803257662,-0.9887234334127404,601,1.0
0,3,0.1,18,20,2,167.26019673932814,82.7234459366571,-0.7040475964671574,601,1.0
0,3,0.1,12,50,2,40.04845416208547,6.850329678722802,-1.7657932956720142,601,1.0
0,3,0.1,15,50,2,281.4379820218512,105.55279727534948,-0.9807008349326776,601,1.0
0,3,0.1,18,50,2,887.9925284049966,195.2096729845697,-1.514889102022983,601,1.0
0,3,0.25,3,5,0,23.38724282468436,23.38724282468436,0.0,601,1.0
0,3,0.25,6,5,0,3.09076297252793,3.09076297252793,0.0,601,1.0
0,3,0.25,9,5,0,4.018550921863902,4.018550921863902,0.0,601,1.0
0,3,0.25,3,20,0,315.6625010256738,315.6625010256738,0.0,601,1.0
0,3,0.25,6,20,0,26.916832376671547,26.916832376671547,0.0,601,1.0
0,3,0.25,9,20,0,25.858601770731184,25.858601770731184,0.0,601,1.0
0,3,0.25,3,50,0,762.1535296560166,762.1535296560166,0.0,601,1.0
0,3,0.25,6,50,0,111.80272771297108,111.80272771297108,0.0,601,1.0
0,3,0.25,9,50,0,75.88170204110811,75.88170204110811,0.0,601,1.0
0,3,0.25,0,5,1,4.438697827852575,2.342348725604572,-0.6392068965519345,601,1.0
0,3,0.25,21,5,1,9.46583134430356,5.246771328331197,-0.5900757119851618,601,1.0
0,3,0.25,24,5,1,3.120867712391768,1.520045872480514,-0.7193705624349376,601,1.0
0,3,0.25,27,5,1,3.97687221669964,2.2263711438399154,-0.580122664893439,601,1.0
0,3,0.25,0,20,1,47.87786499882821,14.0506063057283,-1.2259877407465392,601,1.0
0,3,0.25,21,20,1,114.06571232637384,23.123240365173675,-1.5959365180550966,601,1.0
0,3,0.25,24,20,1,28.1079131607638,1.5978978960227823,-2.8673621933920788,601,1.0
0,3,0.25,27,20,1,23.99694205999548,4.089207632631716,-1.76957518963002,601,1.0
0,3,0.25,0,50,1,55.59004847524579,19.282466123629543,-1.0588080089996492,601,1.0
0,3,0.25,21,50,1,285.38275759934425,53.98639649798403,-1.665099190235113,601,1.0
0,3,0.25,24,50,1,31.332254537164328,1.3833180813561845,-3.1201630433561456,601,1.0
0,3,0.25,27,50,1,38.532955600181175,9.780634835568767,-1.3711094712062488,601,1.0
0,3,0.25,12,5,2,2.4594459156201767,1.8915534452756348,-0.2625376668313254,601,1.0
0,3,0.25,15,5,2,10.682647221723984,5.554777680392537,-0.6539622692614552,601,1.0
0,3,0.25,18,5,2,8.681567062146376,6.553196942769719,-0.2812490360519648,601,1.0
0,3,0.25,12,20,2,19.741235068512815,5.783828549966339,-1.227643756546953,601,1.0
0,3,0.25,15,20,2,122.77603538894373,45.67898803257662,-0.9887234334127404,601,1.0
0,3,0.25,18,20,2,167.26019673932814,82.7234459366571,-0.7040475964671574,601,1.0
0,3,0.25,12,50,2,40.04845416208547,6.850329678722802,-1.7657932956720142,601,1.0
0,3,0.25,15,50,2,281.4379820218512,105.55279727534948,-0.9807008349326776,601,1.0
0,3,0.25,18,50,2,887.9925284049966,195.2096729845697,-1.514889102022983,601,1.0
0,4,0.0,3,5,0,23.38724282468436,23.38724282468436,0.0,601,1.0
0,4,0.0,6,5,0,3.09076297252793,3.09076297252793,0.0,601,1.0
0,4,0.0,9,5,0,4.018550921863902,4.018550921863902,0.0,601,1.0
0,4,0.0,27,5,0,3.97687221669964,3.97687221669964,0.0,601,1.0
0,4,0.0,3,20,0,315.6625010256738,315.6625010256738,0.0,601,1.0
0,4,0.0,6,20,0,26.916832376671547,26.916832376671547,0.0,601,1.0
0,4,0.0,9,20,0,25.858601770731184,25.858601770731184,0.0,601,1.0
0,4,0.0,27,20,0,23.99694205999548,23.99694205999548,0.0,601,1.0
0,4,0.0,3,50,0,762.1535296560166,762.1535296560166,0.0,601,1.0
0,4,0.0,6,50,0,111.80272771297108,111.80272771297108,0.0,601,1.0
0,4,0.0,9,50,0,75.88170204110811,75.88170204110811,0.0,601,1.0
0,4,0.0,27,50,0,38.532955600181175,38.532955600181175,0.0,601,1.0
0,4,0.0,0,5,1,4.438697827852575,4.727078098889342,0.062946222133332,601,1.0
0,4,0.0,21,5,1,9.46583134430356,4.564976856824134,-0.7292751699929358,601,1.0
0,4,0.0,24,5,1,3.120867712391768,3.228287843004992,0.0338408410264728,601,1.0
0,4,0.0,0,20,1,47.87786499882821,16.699677364082895,-1.05326388930774,601,1.0
0,4,0.0,21,20,1,114.06571232637384,13.32411315181318,-2.1471992936156106,601,1.0
0,4,0.0,24,20,1,28.1079131607638,6.580375365881366,-1.4519593536438031,601,1.0
0,4,0.0,0,50,1,55.59004847524579,22.520743380638795,-0.9035673884546356,601,1.0
0,4,0.0,21,50,1,285.38275759934425,28.152308489337027,-2.316201930409709,601,1.0
0,4,0.0,24,50,1,31.332254537164328,5.788753659675522,-1.6887310523267889,601,1.0
0,4,0.0,12,5,2,2.4594459156201767,1.719406129579505,-0.3579571293172558,601,1.0
0,4,0.0,15,5,2,10.682647221723984,2.3547667870262017,-1.5121789763195783,601,1.0
0,4,0.0,18,5,2,8.681567062146376,3.220103738967036,-0.9917884733831668,601,1.0
0,4,0.0,12,20,2,19.741235068512815,4.61864703169782,-1.4526077869193048,601,1.0
0,4,0.0,15,20,2,122.77603538894373,10.421705140218451,-2.4664711810793687,601,1.0
0,4,0.0,18,20,2,167.26019673932814,25.36945837554689,-1.8860046398306507,601,1.0
0,4,0.0,12,50,2,40.04845416208547,17.07875766679939,-0.8522546254895647,601,1.0
0,4,0.0,15,50,2,281.4379820218512,51.6290645377647,-1.6958273306256009,601,1.0
0,4,0.0,18,50,2,887.9925284049966,319.64310291387017,-1.0217582590124792,601,1.0
0,4,0.1,3,5,0,23.38724282468436,23.38724282468436,0.0,601,1.0
0,4,0.1,6,5,0,3.09076297252793,3.09076297252793,0.0,601,1.0
0,4,0.1,9,5,0,4.018550921863902,4.018550921863902,0.0,601,1.0
0,4,0.1,12,5,0,2.4594459156201767,2.4594459156201767,0.0,601,1.0
0,4,0.1,27,5,0,3.97687221669964,3.97687221669964,0.0,601,1.0
0,4,0.1,3,20,0,315.6625010256738,315.6625010256738,0.0,601,1.0
0,4,0.1,6,20,0,26.916832376671547,26.916832376671547,0.0,601,1.0
0,4,0.1,9,20,0,25.858601770731184,25.858601770731184,0.0,601,1.0
0,4,0.1,12,20,0,19.741235068512815,19.741235068512815,0.0,601,1.0
0,4,0.1,27,20,0,23.99694205999548,23.99694205999548,0.0,601,1.0
0,4,0.1,3,50,0,762.1535296560166,762.1535296560166,0.0,601,1.0
0,4,0.1,6,50,0,111.80272771297108,111.80272771297108,0.0,601,1.0
0,4,0.1,9,50,0,75.88170204110811,75.88170204110811,0.0,601,1.0
0,4,0.1,12,50,0,40.04845416208547,40.04845416208547,0.0,601,1.0
0,4,0.1,27,50,0,38.532955600181175,38.532955600181175,0.0,601,1.0
0,4,0.1,0,5,1,4.438697827852575,4.727078098889342,0.062946222133332,601,1.0
0,4,0.1,21,5,1,9.46583134430356,4.564976856824134,-0.7292751699929358,601,1.0
0,4,0.1,24,5,1,3.120867712391768,3.228287843004992,0.0338408410264728,601,1.0
0,4,0.1,0,20,1,47.87786499882821,16.699677364082895,-1.05326388930774,601,1.0
0,4,0.1,21,20,1,114.06571232637384,13.32411315181318,-2.1471992936156106,601,1.0
0,4,0.1,24,20,1,28.1079131607638,6.580375365881366,-1.4519593536438031,601,1.0
0,4,0.1,0,50,1,55.59004847524579,22.520743380638795,-0.9035673884546356,601,1.0
0,4,0.1,21,50,1,285.38275759934425,28.152308489337027,-2.316201930409709,601,1.0
0,4,0.1,24,50,1,31.332254537164328,5.788753659675522,-1.6887310523267889,601,1.0
0,4,0.1,15,5,2,10.682647221723984,2.3547667870262017,-1.5121789763195783,601,1.0
0,4,0.1,18,5,2,8.681567062146376,3.220103738967036,-0.9917884733831668,601,1.0
0,4,0.1,15,20,2,122.77603538894373,10.421705140218451,-2.4664711810793687,601,1.0
0,4,0.1,18,20,2,167.26019673932814,25.36945837554689,-1.8860046398306507,601,1.0
0,4,0.1,15,50,2,281.4379820218512,51.6290645377647,-1.6958273306256009,601,1.0
0,4,0.1,18,50,2,887.9925284049966,319.64310291387017,-1.0217582590124792,601,1.0
0,4,0.25,3,5,0,23.38724282468436,23.38724282468436,0.0,601,1.0
0,4,0.25,6,5,0,3.09076297252793,3.09076297252793,0.0,601,1.0
0,4,0.25,9,5,0,4.018550921863902,4.018550921863902,0.0,601,1.0
0,4,0.25,12,5,0,2.4594459156201767,2.4594459156201767,0.0,601,1.0
0,4,0.25,27,5,0,3.97687221669964,3.97687221669964,0.0,601,1.0
0,4,0.25,3,20,0,315.6625010256738,315.6625010256738,0.0,601,1.0
0,4,0.25,6,20,0,26.916832376671547,26.916832376671547,0.0,601,1.0
0,4,0.25,9,20,0,25.858601770731184,25.858601770731184,0.0,601,1.0
0,4,0.25,12,20,0,19.741235068512815,19.741235068512815,0.0,601,1.0
0,4,0.25,27,20,0,23.99694205999548,23.99694205999548,0.0,601,1.0
0,4,0.25,3,50,0,762.1535296560166,762.1535296560166,0.0,601,1.0
0,4,0.25,6,50,0,111.80272771297108,111.80272771297108,0.0,601,1.0
0,4,0.25,9,50,0,75.88170204110811,75.88170204110811,0.0,601,1.0
0,4,0.25,12,50,0,40.04845416208547,40.04845416208547,0.0,601,1.0
0,4,0.25,27,50,0,38.532955600181175,38.532955600181175,0.0,601,1.0
0,4,0.25,0,5,1,4.438697827852575,4.727078098889342,0.062946222133332,601,1.0
0,4,0.25,21,5,1,9.46583134430356,4.564976856824134,-0.7292751699929358,601,1.0
0,4,0.25,24,5,1,3.120867712391768,3.228287843004992,0.0338408410264728,601,1.0
0,4,0.25,0,20,1,47.87786499882821,16.699677364082895,-1.05326388930774,601,1.0
0,4,0.25,21,20,1,114.06571232637384,13.32411315181318,-2.1471992936156106,601,1.0
0,4,0.25,24,20,1,28.1079131607638,6.580375365881366,-1.4519593536438031,601,1.0
0,4,0.25,0,50,1,55.59004847524579,22.520743380638795,-0.9035673884546356,601,1.0
0,4,0.25,21,50,1,285.38275759934425,28.152308489337027,-2.316201930409709,601,1.0
0,4,0.25,24,50,1,31.332254537164328,5.788753659675522,-1.6887310523267889,601,1.0
0,4,0.25,15,5,2,10.682647221723984,2.3547667870262017,-1.5121789763195783,601,1.0
0,4,0.25,18,5,2,8.681567062146376,3.220103738967036,-0.9917884733831668,601,1.0
0,4,0.25,15,20,2,122.77603538894373,10.421705140218451,-2.4664711810793687,601,1.0
0,4,0.25,18,20,2,167.26019673932814,25.36945837554689,-1.8860046398306507,601,1.0
0,4,0.25,15,50,2,281.4379820218512,51.6290645377647,-1.6958273306256009,601,1.0
0,4,0.25,18,50,2,887.9925284049966,319.64310291387017,-1.0217582590124792,601,1.0
0,5,0.0,3,5,0,23.38724282468436,23.38724282468436,0.0,601,1.0
0,5,0.0,6,5,0,3.09076297252793,3.09076297252793,0.0,601,1.0
0,5,0.0,9,5,0,4.018550921863902,4.018550921863902,0.0,601,1.0
0,5,0.0,3,20,0,315.6625010256738,315.6625010256738,0.0,601,1.0
0,5,0.0,6,20,0,26.916832376671547,26.916832376671547,0.0,601,1.0
0,5,0.0,9,20,0,25.858601770731184,25.858601770731184,0.0,601,1.0
0,5,0.0,3,50,0,762.1535296560166,762.1535296560166,0.0,601,1.0
0,5,0.0,6,50,0,111.80272771297108,111.80272771297108,0.0,601,1.0
0,5,0.0,9,50,0,75.88170204110811,75.88170204110811,0.0,601,1.0
0,5,0.0,0,5,1,4.438697827852575,2.3423486710466768,-0.6392069198438959,601,1.0
0,5,0.0,21,5,1,9.46583134430356,5.246771503401741,-0.5900756786178718,601,1.0
0,5,0.0,24,5,1,3.120867712391768,1.520045895243494,-0.7193705474597452,601,1.0
0,5,0.0,27,5,1,3.97687221669964,2.2263713822025872,-0.5801225578301311,601,1.0
0,5,0.0,0,20,1,47.87786499882821,14.050606267120562,-1.2259877434943025,601,1.0
0,5,0.0,21,20,1,114.06571232637384,23.1232405830134,-1.5959365086342836,601,1.0
0,5,0.0,24,20,1,28.1079131607638,1.5978979847116122,-2.8673621378886405,601,1.0
0,5,0.0,27,20,1,23.99694205999548,4.089208615742147,-1.7695749492141737,601,1.0
0,5,0.0,0,50,1,55.59004847524579,19.282465882588006,-1.058808021500205,601,1.0
0,5,0.0,21,50,1,285.38275759934425,53.986395610911,-1.665099206666531,601,1.0
0,5,0.0,24,50,1,31.332254537164328,1.3833181618417392,-3.120162985173177,601,1.0
0,5,0.0,27,50,1,38.532955600181175,9.780634695341789,-1.3711094855434554,601,1.0
0,5,0.0,12,5,2,2.4594459156201767,1.891547439035256,-0.2625408421314625,601,1.0
0,5,0.0,15,5,2,10.682647221723984,5.5547999635766905,-0.6539582577346686,601,1.0
0,5,0.0,18,5,2,8.681567062146376,6.55319193911648,-0.2812497995961087,601,1.0
0,5,0.0,12,20,2,19.741235068512815,5.783761472706424,-1.227655353994612,601,1.0
0,5,0.0,15,20,2,122.77603538894373,45.67933217423115,-0.9887158995252135,601,1.0
0,5,0.0,18,20,2,167.26019673932814,82.72360245352957,-0.7040457044192304,601,1.0
0,5,0.0,12,50,2,40.04845416208547,6.850281590133467,-1.7658003155908175,601,1.0
0,5,0.0,15,50,2,281.4379820218512,105.55378855706408,-0.9806914436414425,601,1.0
0,5,0.0,18,50,2,887.9925284049966,195.21115840102092,-1.5148814927135823,601,1.0
0,5,0.1,3,5,0,23.38724282468436,23.38724282468436,0.0,601,1.0
0,5,0.1,6,5,0,3.09076297252793,3.09076297252793,0.0,601,1.0
0,5,0.1,9,5,0,4.018550921863902,4.018550921863902,0.0,601,1.0
0,5,0.1,3,20,0,315.6625010256738,315.6625010256738,0.0,601,1.0
0,5,0.1,6,20,0,26.916832376671547,26.916832376671547,0.0,601,1.0
0,5,0.1,9,20,0,25.858601770731184,25.858601770731184,0.0,601,1.0
0,5,0.1,3,50,0,762.1535296560166,762.1535296560166,0.0,601,1.0
0,5,0.1,6,50,0,111.80272771297108,111.80272771297108,0.0,601,1.0
0,5,0.1,9,50,0,75.88170204110811,75.88170204110811,0.0,601,1.0
0,5,0.1,0,5,1,4.438697827852575,2.3423486710466768,-0.6392069198438959,601,1.0
0,5,0.1,21,5,1,9.46583134430356,5.246771503401741,-0.5900756786178718,601,1.0
0,5,0.1,24,5,1,3.120867712391768,1.520045895243494,-0.7193705474597452,601,1.0
0,5,0.1,27,5,1,3.97687221669964,2.2263713822025872,-0.5801225578301311,601,1.0
0,5,0.1,0,20,1,47.87786499882821,14.050606267120562,-1.2259877434943025,601,1.0
0,5,0.1,21,20,1,114.06571232637384,23.1232405830134,-1.5959365086342836,601,1.0
0,5,0.1,24,20,1,28.1079131607638,1.5978979847116122,-2.8673621378886405,601,1.0
0,5,0.1,27,20,1,23.99694205999548,4.089208615742147,-1.7695749492141737,601,1.0
0,5,0.1,0,50,1,55.59004847524579,19.282465882588006,-1.058808021500205,601,1.0
0,5,0.1,21,50,1,285.38275759934425,53.986395610911,-1.665099206666531,601,1.0
0,5,0.1,24,50,1,31.332254537164328,1.3833181618417392,-3.120162985173177,601,1.0
0,5,0.1,27,50,1,38.532955600181175,9.780634695341789,-1.3711094855434554,601,1.0
0,5,0.1,12,5,2,2.4594459156201767,1.891547439035256,-0.2625408421314625,601,1.0
0,5,0.1,15,5,2,10.682647221723984,5.5547999635766905,-0.6539582577346686,601,1.0
0,5,0.1,18,5,2,8.681567062146376,6.55319193911648,-0.2812497995961087,601,1.0
0,5,0.1,12,20,2,19.741235068512815,5.783761472706424,-1.227655353994612,601,1.0
0,5,0.1,15,20,2,122.77603538894373,45.67933217423115,-0.9887158995252135,601,1.0
0,5,0.1,18,20,2,167.26019673932814,82.72360245352957,-0.7040457044192304,601,1.0
0,5,0.1,12,50,2,40.04845416208547,6.850281590133467,-1.7658003155908175,601,1.0
0,5,0.1,15,50,2,281.4379820218512,105.55378855706408,-0.9806914436414425,601,1.0
0,5,0.1,18,50,2,887.9925284049966,195.21115840102092,-1.5148814927135823,601,1.0
0,5,0.25,3,5,0,23.38724282468436,23.38724282468436,0.0,601,1.0
0,5,0.25,6,5,0,3.09076297252793,3.09076297252793,0.0,601,1.0
0,5,0.25,9,5,0,4.018550921863902,4.018550921863902,0.0,601,1.0
0,5,0.25,3,20,0,315.6625010256738,315.6625010256738,0.0,601,1.0
0,5,0.25,6,20,0,26.916832376671547,26.916832376671547,0.0,601,1.0
0,5,0.25,9,20,0,25.858601770731184,25.858601770731184,0.0,601,1.0
0,5,0.25,3,50,0,762.1535296560166,762.1535296560166,0.0,601,1.0
0,5,0.25,6,50,0,111.80272771297108,111.80272771297108,0.0,601,1.0
0,5,0.25,9,50,0,75.88170204110811,75.88170204110811,0.0,601,1.0
0,5,0.25,0,5,1,4.438697827852575,2.3423486710466768,-0.6392069198438959,601,1.0
0,5,0.25,21,5,1,9.46583134430356,5.246771503401741,-0.5900756786178718,601,1.0
0,5,0.25,24,5,1,3.120867712391768,1.520045895243494,-0.7193705474597452,601,1.0
0,5,0.25,27,5,1,3.97687221669964,2.2263713822025872,-0.5801225578301311,601,1.0
0,5,0.25,0,20,1,47.87786499882821,14.050606267120562,-1.2259877434943025,601,1.0
0,5,0.25,21,20,1,114.06571232637384,23.1232405830134,-1.5959365086342836,601,1.0
0,5,0.25,24,20,1,28.1079131607638,1.5978979847116122,-2.8673621378886405,601,1.0
0,5,0.25,27,20,1,23.99694205999548,4.089208615742147,-1.7695749492141737,601,1.0
0,5,0.25,0,50,1,55.59004847524579,19.282465882588006,-1.058808021500205,601,1.0
0,5,0.25,21,50,1,285.38275759934425,53.986395610911,-1.665099206666531,601,1.0
0,5,0.25,24,50,1,31.332254537164328,1.3833181618417392,-3.120162985173177,601,1.0
0,5,0.25,27,50,1,38.532955600181175,9.780634695341789,-1.3711094855434554,601,1.0
0,5,0.25,12,5,2,2.4594459156201767,1.891547439035256,-0.2625408421314625,601,1.0
0,5,0.25,15,5,2,10.682647221723984,5.5547999635766905,-0.6539582577346686,601,1.0
0,5,0.25,18,5,2,8.681567062146376,6.55319193911648,-0.2812497995961087,601,1.0
0,5,0.25,12,20,2,19.741235068512815,5.783761472706424,-1.227655353994612,601,1.0
0,5,0.25,15,20,2,122.77603538894373,45.67933217423115,-0.9887158995252135,601,1.0
0,5,0.25,18,20,2,167.26019673932814,82.72360245352957,-0.7040457044192304,601,1.0
0,5,0.25,12,50,2,40.04845416208547,6.850281590133467,-1.7658003155908175,601,1.0
0,5,0.25,15,50,2,281.4379820218512,105.55378855706408,-0.9806914436414425,601,1.0
0,5,0.25,18,50,2,887.9925284049966,195.21115840102092,-1.5148814927135823,601,1.0
1,0,0.0,4,5,0,2.187845352960246,2.187845352960246,0.0,601,1.0
1,0,0.0,7,5,0,2.9504355666378976,2.9504355666378976,0.0,601,1.0
1,0,0.0,16,5,0,4.842900155854543,4.842900155854543,0.0,601,1.0
1,0,0.0,28,5,0,4.588076613712121,4.588076613712121,0.0,601,1.0
1,0,0.0,4,20,0,11.282794033987097,11.282794033987097,0.0,601,1.0
1,0,0.0,7,20,0,9.273199221468948,9.273199221468948,0.0,601,1.0
1,0,0.0,16,20,0,60.61312043805564,60.61312043805564,0.0,601,1.0
1,0,0.0,28,20,0,35.91512617518893,35.91512617518893,0.0,601,1.0
1,0,0.0,4,50,0,22.940929570312708,22.940929570312708,0.0,601,1.0
1,0,0.0,7,50,0,33.44798337396294,33.44798337396294,0.0,601,1.0
1,0,0.0,16,50,0,78.97059797611028,78.97059797611028,0.0,601,1.0
1,0,0.0,28,50,0,27.817420318201734,27.817420318201734,0.0,601,1.0
1,0,0.0,1,5,1,3.712093277751956,3.380906429956899,-0.0934520952269396,601,1.0
1,0,0.0,10,5,1,5.767546537626812,5.225537865323374,-0.0986890466912941,601,1.0
1,0,0.0,13,5,1,5.637735858889765,2.762429621121458,-0.713371951448489,601,1.0
1,0,0.0,19,5,1,19.48578318850473,5.860820841555944,-1.2013954632846258,601,1.0
1,0,0.0,25,5,1,4.359276590682405,5.300057689285327,0.195411581243141,601,1.0
1,0,0.0,1,20,1,31.20013449258326,23.824088740044047,-0.2697252047139885,601,1.0
1,0,0.0,10,20,1,56.69124050683845,25.95729747985632,-0.7811669272081054,601,1.0
1,0,0.0,13,20,1,94.15257539823384,28.762516276156543,-1.1858435876897964,601,1.0
1,0,0.0,19,20,1,126.53445978684404,34.39187790755684,-1.3026942512898796,601,1.0
1,0,0.0,25,20,1,48.90129415531344,61.9100586468757,0.2358788033486855,601,1.0
1,0,0.0,1,50,1,53.46698705398845,46.59510426311185,-0.1375689221468904,601,1.0
1,0,0.0,10,50,1,156.20346655842943,74.19542318547192,-0.744456964100639,601,1.0
1,0,0.0,13,50,1,213.49269187371877,163.98269027378336,-0.2638417268405049,601,1.0
1,0,0.0,19,50,1,185.28375286321796,110.14924545250204,-0.5200522262269317,601,1.0
1,0,0.0,25,50,1,120.04314762727029,166.38376239896863,0.3264457001735873,601,1.0
1,0,0.0,22,5,2,10.571961118700882,4.5666928613548095,-0.839416038760735,601,1.0
1,0,0.0,22,20,2,144.12557629930788,38.690678145145405,-1.315086280970445,601,1.0
1,0,0.0,22,50,2,267.2995386715112,77.15287209094635,-1.242581091782688,601,1.0
1,0,0.1,4,5,0,2.187845352960246,2.187845352960246,0.0,601,1.0
1,0,0.1,7,5,0,2.9504355666378976,2.9504355666378976,0.0,601,1.0
1,0,0.1,16,5,0,4.842900155854543,4.842900155854543,0.0,601,1.0
1,0,0.1,28,5,0,4.588076613712121,4.588076613712121,0.0,601,1.0
1,0,0.1,4,20,0,11.282794033987097,11.282794033987097,0.0,601,1.0
1,0,0.1,7,20,0,9.273199221468948,9.273199221468948,0.0,601,1.0
1,0,0.1,16,20,0,60.61312043805564,60.61312043805564,0.0,601,1.0
1,0,0.1,28,20,0,35.91512617518893,35.91512617518893,0.0,601,1.0
1,0,0.1,4,50,0,22.940929570312708,22.940929570312708,0.0,601,1.0
1,0,0.1,7,50,0,33.44798337396294,33.44798337396294,0.0,601,1.0
1,0,0.1,16,50,0,78.97059797611028,78.97059797611028,0.0,601,1.0
1,0,0.1,28,50,0,27.817420318201734,27.817420318201734,0.0,601,1.0
1,0,0.1,1,5,1,3.712093277751956,3.380906429956899,-0.0934520952269396,601,1.0
1,0,0.1,10,5,1,5.767546537626812,5.225537865323374,-0.0986890466912941,601,1.0
1,0,0.1,13,5,1,5.637735858889765,2.762429621121458,-0.713371951448489,601,1.0
1,0,0.1,19,5,1,19.48578318850473,5.860820841555944,-1.2013954632846258,601,1.0
1,0,0.1,25,5,1,4.359276590682405,5.300057689285327,0.195411581243141,601,1.0
1,0,0.1,1,20,1,31.20013449258326,23.824088740044047,-0.2697252047139885,601,1.0
1,0,0.1,10,20,1,56.69124050683845,25.95729747985632,-0.7811669272081054,601,1.0
1,0,0.1,13,20,1,94.15257539823384,28.762516276156543,-1.1858435876897964,601,1.0
1,0,0.1,19,20,1,126.53445978684404,34.39187790755684,-1.3026942512898796,601,1.0
1,0,0.1,25,20,1,48.90129415531344,61.9100586468757,0.2358788033486855,601,1.0
1,0,0.1,1,50,1,53.46698705398845,46.59510426311185,-0.1375689221468904,601,1.0
1,0,0.1,10,50,1,156.20346655842943,74.19542318547192,-0.744456964100639,601,1.0
1,0,0.1,13,50,1,213.49269187371877,163.98269027378336,-0.2638417268405049,601,1.0
1,0,0.1,19,50,1,185.28375286321796,110.14924545250204,-0.5200522262269317,601,1.0
1,0,0.1,25,50,1,120.04314762727029,166.38376239896863,0.3264457001735873,601,1.0
1,0,0.1,22,5,2,10.571961118700882,4.5666928613548095,-0.839416038760735,601,1.0
1,0,0.1,22,20,2,144.12557629930788,38.690678145145405,-1.315086280970445,601,1.0
1,0,0.1,22,50,2,267.2995386715112,77.15287209094635,-1.242581091782688,601,1.0
1,0,0.25,1,5,0,3.712093277751956,3.712093277751956,0.0,601,1.0
1,0,0.25,4,5,0,2.187845352960246,2.187845352960246,0.0,601,1.0
1,0,0.25,7,5,0,2.9504355666378976,2.9504355666378976,0.0,601,1.0
1,0,0.25,16,5,0,4.842900155854543,4.842900155854543,0.0,601,1.0
1,0,0.25,28,5,0,4.588076613712121,4.588076613712121,0.0,601,1.0
1,0,0.25,1,20,0,31.20013449258326,31.20013449258326,0.0,601,1.0
1,0,0.25,4,20,0,11.282794033987097,11.282794033987097,0.0,601,1.0
1,0,0.25,7,20,0,9.273199221468948,9.273199221468948,0.0,601,1.0
1,0,0.25,16,20,0,60.61312043805564,60.61312043805564,0.0,601,1.0
1,0,0.25,28,20,0,35.91512617518893,35.91512617518893,0.0,601,1.0
1,0,0.25,1,50,0,53.46698705398845,53.46698705398845,0.0,601,1.0
1,0,0.25,4,50,0,22.940929570312708,22.940929570312708,0.0,601,1.0
1,0,0.25,7,50,0,33.44798337396294,33.44798337396294,0.0,601,1.0
1,0,0.25,16,50,0,78.97059797611028,78.97059797611028,0.0,601,1.0
1,0,0.25,28,50,0,27.817420318201734,27.817420318201734,0.0,601,1.0
1,0,0.25,10,5,1,5.767546537626812,5.225537865323374,-0.0986890466912941,601,1.0
1,0,0.25,13,5,1,5.637735858889765,2.762429621121458,-0.713371951448489,601,1.0
1,0,0.25,19,5,1,19.48578318850473,5.860820841555944,-1.2013954632846258,601,1.0
1,0,0.25,25,5,1,4.359276590682405,5.300057689285327,0.195411581243141,601,1.0
1,0,0.25,10,20,1,56.69124050683845,25.95729747985632,-0.7811669272081054,601,1.0
1,0,0.25,13,20,1,94.15257539823384,28.762516276156543,-1.1858435876897964,601,1.0
1,0,0.25,19,20,1,126.53445978684404,34.39187790755684,-1.3026942512898796,601,1.0
1,0,0.25,25,20,1,48.90129415531344,61.9100586468757,0.2358788033486855,601,1.0
1,0,0.25,10,50,1,156.20346655842943,74.19542318547192,-0.744456964100639,601,1.0
1,0,0.25,13,50,1,213.49269187371877,163.98269027378336,-0.2638417268405049,601,1.0
1,0,0.25,19,50,1,185.28375286321796,110.14924545250204,-0.5200522262269317,601,1.0
1,0,0.25,25,50,1,120.04314762727029,166.38376239896863,0.3264457001735873,601,1.0
1,0,0.25,22,5,2,10.571961118700882,4.5666928613548095,-0.839416038760735,601,1.0
1,0,0.25,22,20,2,144.12557629930788,38.690678145145405,-1.315086280970445,601,1.0
1,0,0.25,22,50,2,267.2995386715112,77.15287209094635,-1.242581091782688,601,1.0
1,1,0.0,4,5,0,2.187845352960246,2.187845352960246,0.0,601,1.0
1,1,0.0,7,5,0,2.9504355666378976,2.9504355666378976,0.0,601,1.0
1,1,0.0,16,5,0,4.842900155854543,4.842900155854543,0.0,601,1.0
1,1,0.0,28,5,0,4.588076613712121,4.588076613712121,0.0,601,1.0
1,1,0.0,4,20,0,11.282794033987097,11.282794033987097,0.0,601,1.0
1,1,0.0,7,20,0,9.273199221468948,9.273199221468948,0.0,601,1.0
1,1,0.0,16,20,0,60.61312043805564,60.61312043805564,0.0,601,1.0
1,1,0.0,28,20,0,35.91512617518893,35.91512617518893,0.0,601,1.0
1,1,0.0,4,50,0,22.940929570312708,22.940929570312708,0.0,601,1.0
1,1,0.0,7,50,0,33.44798337396294,33.44798337396294,0.0,601,1.0
1,1,0.0,16,50,0,78.97059797611028,78.97059797611028,0.0,601,1.0
1,1,0.0,28,50,0,27.817420318201734,27.817420318201734,0.0,601,1.0
1,1,0.0,22,5,1,10.571961118700882,4.566694713004224,-0.8394156332924684,601,1.0
1,1,0.0,22,20,1,144.12557629930788,38.690723735611336,-1.3150851026390935,601,1.0
1,1,0.0,22,50,1,267.2995386715112,77.15294829394551,-1.2425801040947448,601,1.0
1,1,0.0,1,5,2,3.712093277751956,3.3809035207965725,-0.0934529556948757,601,1.0
1,1,0.0,10,5,2,5.767546537626812,5.225562146191479,-0.0986844001243147,601,1.0
1,1,0.0,13,5,2,5.637735858889765,2.7624268784972914,-0.7133729442794038,601,1.0
1,1,0.0,19,5,2,19.48578318850473,5.860822303392992,-1.2013952138593482,601,1.0
1,1,0.0,25,5,2,4.359276590682405,5.300046478771742,0.1954094660726847,601,1.0
1,1,0.0,1,20,2,31.20013449258326,23.82408297430204,-0.2697254467271361,601,1.0
1,1,0.0,10,20,2,56.69124050683845,25.95756570322748,-0.7811565940066014,601,1.0
1,1,0.0,13,20,2,94.15257539823384,28.762451608050267,-1.1858458360389448,601,1.0
1,1,0.0,19,20,2,126.53445978684404,34.39194530788249,-1.3026922915172907,601,1.0
1,1,0.0,25,20,2,48.90129415531344,61.9099778067339,0.2358774975803444,601,1.0
1,1,0.0,1,50,2,53.46698705398845,46.59531885308184,-0.1375643167386775,601,1.0
1,1,0.0,10,50,2,156.20346655842943,74.1959766557864,-0.7444495044996774,601,1.0
1,1,0.0,13,50,2,213.49269187371877,163.98264095684357,-0.2638420275853404,601,1.0
1,1,0.0,19,50,2,185.28375286321796,110.14932046347596,-0.5200515452331756,601,1.0
1,1,0.0,25,50,2,120.04314762727029,166.38412432194423,0.3264478754013665,601,1.0
1,1,0.1,4,5,0,2.187845352960246,2.187845352960246,0.0,601,1.0
1,1,0.1,7,5,0,2.9504355666378976,2.9504355666378976,0.0,601,1.0
1,1,0.1,16,5,0,4.842900155854543,4.842900155854543,0.0,601,1.0
1,1,0.1,28,5,0,4.588076613712121,4.588076613712121,0.0,601,1.0
1,1,0.1,4,20,0,11.282794033987097,11.282794033987097,0.0,601,1.0
1,1,0.1,7,20,0,9.273199221468948,9.273199221468948,0.0,601,1.0
1,1,0.1,16,20,0,60.61312043805564,60.61312043805564,0.0,601,1.0
1,1,0.1,28,20,0,35.91512617518893,35.91512617518893,0.0,601,1.0
1,1,0.1,4,50,0,22.940929570312708,22.940929570312708,0.0,601,1.0
1,1,0.1,7,50,0,33.44798337396294,33.44798337396294,0.0,601,1.0
1,1,0.1,16,50,0,78.97059797611028,78.97059797611028,0.0,601,1.0
1,1,0.1,28,50,0,27.817420318201734,27.817420318201734,0.0,601,1.0
1,1,0.1,22,5,1,10.571961118700882,4.566694713004224,-0.8394156332924684,601,1.0
1,1,0.1,22,20,1,144.12557629930788,38.690723735611336,-1.3150851026390935,601,1.0
1,1,0.1,22,50,1,267.2995386715112,77.15294829394551,-1.2425801040947448,601,1.0
1,1,0.1,1,5,2,3.712093277751956,3.3809035207965725,-0.0934529556948757,601,1.0
1,1,0.1,10,5,2,5.767546537626812,5.225562146191479,-0.0986844001243147,601,1.0
1,1,0.1,13,5,2,5.637735858889765,2.7624268784972914,-0.7133729442794038,601,1.0
1,1,0.1,19,5,2,19.48578318850473,5.860822303392992,-1.2013952138593482,601,1.0
1,1,0.1,25,5,2,4.359276590682405,5.300046478771742,0.1954094660726847,601,1.0
1,1,0.1,1,20,2,31.20013449258326,23.82408297430204,-0.2697254467271361,601,1.0
1,1,0.1,10,20,2,56.69124050683845,25.95756570322748,-0.7811565940066014,601,1.0
1,1,0.1,13,20,2,94.15257539823384,28.762451608050267,-1.1858458360389448,601,1.0
1,1,0.1,19,20,2,126.53445978684404,34.39194530788249,-1.3026922915172907,601,1.0
1,1,0.1,25,20,2,48.90129415531344,61.9099778067339,0.2358774975803444,601,1.0
1,1,0.1,1,50,2,53.46698705398845,46.59531885308184,-0.1375643167386775,601,1.0
1,1,0.1,10,50,2,156.20346655842943,74.1959766557864,-0.7444495044996774,601,1.0
1,1,0.1,13,50,2,213.49269187371877,163.98264095684357,-0.2638420275853404,601,1.0
1,1,0.1,19,50,2,185.28375286321796,110.14932046347596,-0.5200515452331756,601,1.0
1,1,0.1,25,50,2,120.04314762727029,166.38412432194423,0.3264478754013665,601,1.0
1,1,0.25,1,5,0,3.712093277751956,3.712093277751956,0.0,601,1.0
1,1,0.25,4,5,0,2.187845352960246,2.187845352960246,0.0,601,1.0
1,1,0.25,7,5,0,2.9504355666378976,2.9504355666378976,0.0,601,1.0
1,1,0.25,16,5,0,4.842900155854543,4.842900155854543,0.0,601,1.0
1,1,0.25,28,5,0,4.588076613712121,4.588076613712121,0.0,601,1.0
1,1,0.25,1,20,0,31.20013449258326,31.20013449258326,0.0,601,1.0
1,1,0.25,4,20,0,11.282794033987097,11.282794033987097,0.0,601,1.0
1,1,0.25,7,20,0,9.273199221468948,9.273199221468948,0.0,601,1.0
1,1,0.25,16,20,0,60.61312043805564,60.61312043805564,0.0,601,1.0
1,1,0.25,28,20,0,35.91512617518893,35.91512617518893,0.0,601,1.0
1,1,0.25,1,50,0,53.46698705398845,53.46698705398845,0.0,601,1.0
1,1,0.25,4,50,0,22.940929570312708,22.940929570312708,0.0,601,1.0
1,1,0.25,7,50,0,33.44798337396294,33.44798337396294,0.0,601,1.0
1,1,0.25,16,50,0,78.97059797611028,78.97059797611028,0.0,601,1.0
1,1,0.25,28,50,0,27.817420318201734,27.817420318201734,0.0,601,1.0
1,1,0.25,22,5,1,10.571961118700882,4.566694713004224,-0.8394156332924684,601,1.0
1,1,0.25,22,20,1,144.12557629930788,38.690723735611336,-1.3150851026390935,601,1.0
1,1,0.25,22,50,1,267.2995386715112,77.15294829394551,-1.2425801040947448,601,1.0
1,1,0.25,10,5,2,5.767546537626812,5.225562146191479,-0.0986844001243147,601,1.0
1,1,0.25,13,5,2,5.637735858889765,2.7624268784972914,-0.7133729442794038,601,1.0
1,1,0.25,19,5,2,19.48578318850473,5.860822303392992,-1.2013952138593482,601,1.0
1,1,0.25,25,5,2,4.359276590682405,5.300046478771742,0.1954094660726847,601,1.0
1,1,0.25,10,20,2,56.69124050683845,25.95756570322748,-0.7811565940066014,601,1.0
1,1,0.25,13,20,2,94.15257539823384,28.762451608050267,-1.1858458360389448,601,1.0
1,1,0.25,19,20,2,126.53445978684404,34.39194530788249,-1.3026922915172907,601,1.0
1,1,0.25,25,20,2,48.90129415531344,61.9099778067339,0.2358774975803444,601,1.0
1,1,0.25,10,50,2,156.20346655842943,74.1959766557864,-0.7444495044996774,601,1.0
1,1,0.25,13,50,2,213.49269187371877,163.98264095684357,-0.2638420275853404,601,1.0
1,1,0.25,19,50,2,185.28375286321796,110.14932046347596,-0.5200515452331756,601,1.0
1,1,0.25,25,50,2,120.04314762727029,166.38412432194423,0.3264478754013665,601,1.0
1,2,0.0,4,5,0,2.187845352960246,2.187845352960246,0.0,601,1.0
1,2,0.0,7,5,0,2.9504355666378976,2.9504355666378976,0.0,601,1.0
1,2,0.0,16,5,0,4.842900155854543,4.842900155854543,0.0,601,1.0
1,2,0.0,28,5,0,4.588076613712121,4.588076613712121,0.0,601,1.0
1,2,0.0,4,20,0,11.282794033987097,11.282794033987097,0.0,601,1.0
1,2,0.0,7,20,0,9.273199221468948,9.273199221468948,0.0,601,1.0
1,2,0.0,16,20,0,60.61312043805564,60.61312043805564,0.0,601,1.0
1,2,0.0,28,20,0,35.91512617518893,35.91512617518893,0.0,601,1.0
1,2,0.0,4,50,0,22.940929570312708,22.940929570312708,0.0,601,1.0
1,2,0.0,7,50,0,33.44798337396294,33.44798337396294,0.0,601,1.0
1,2,0.0,16,50,0,78.97059797611028,78.97059797611028,0.0,601,1.0
1,2,0.0,28,50,0,27.817420318201734,27.817420318201734,0.0,601,1.0
1,2,0.0,1,5,1,3.712093277751956,3.3809096330534647,-0.0934511478197531,601,1.0
1,2,0.0,10,5,1,5.767546537626812,5.22551733945486,-0.0986929746905461,601,1.0
1,2,0.0,13,5,1,5.637735858889765,2.762430697211037,-0.7133715619039512,601,1.0
1,2,0.0,19,5,1,19.48578318850473,5.860817914797089,-1.2013959626617037,601,1.0
1,2,0.0,25,5,1,4.359276590682405,5.30006716416309,0.1954133689348698,601,1.0
1,2,0.0,1,20,1,31.20013449258326,23.82410361336007,-0.26972458041681,601,1.0
1,2,0.0,10,20,1,56.69124050683845,25.957099631303,-0.7811745493154332,601,1.0
1,2,0.0,13,20,1,94.15257539823384,28.762545112694745,-1.1858425851167438,601,1.0
1,2,0.0,19,20,1,126.53445978684404,34.39182836625315,-1.3026956917852055,601,1.0
1,2,0.0,25,20,1,48.90129415531344,61.91013597382403,0.2358800523686627,601,1.0
1,2,0.0,1,50,1,53.46698705398845,46.59495723032164,-0.1375720776934767,601,1.0
1,2,0.0,10,50,1,156.20346655842943,74.19500482603867,-0.7444626027316323,601,1.0
1,2,0.0,13,50,1,213.49269187371877,163.9826308176858,-0.2638420894160198,601,1.0
1,2,0.0,19,50,1,185.28375286321796,110.14911629284678,-0.5200533988153634,601,1.0
1,2,0.0,25,50,1,120.04314762727029,166.38353667208818,0.3264443435085481,601,1.0
1,2,0.0,22,5,2,10.571961118700882,4.566673270707732,-0.8394203286680472,601,1.0
1,2,0.0,22,20,2,144.12557629930788,38.690231722892776,-1.3150978192750062,601,1.0
1,2,0.0,22,50,2,267.2995386715112,77.15218877254361,-1.2425899485032508,601,1.0
1,2,0.1,4,5,0,2.187845352960246,2.187845352960246,0.0,601,1.0
1,2,0.1,7,5,0,2.9504355666378976,2.9504355666378976,0.0,601,1.0
1,2,0.1,16,5,0,4.842900155854543,4.842900155854543,0.0,601,1.0
1,2,0.1,28,5,0,4.588076613712121,4.588076613712121,0.0,601,1.0
1,2,0.1,4,20,0,11.282794033987097,11.282794033987097,0.0,601,1.0
1,2,0.1,7,20,0,9.273199221468948,9.273199221468948,0.0,601,1.0
1,2,0.1,16,20,0,60.61312043805564,60.61312043805564,0.0,601,1.0
1,2,0.1,28,20,0,35.91512617518893,35.91512617518893,0.0,601,1.0
1,2,0.1,4,50,0,22.940929570312708,22.940929570312708,0.0,601,1.0
1,2,0.1,7,50,0,33.44798337396294,33.44798337396294,0.0,601,1.0
1,2,0.1,16,50,0,78.97059797611028,78.97059797611028,0.0,601,1.0
1,2,0.1,28,50,0,27.817420318201734,27.817420318201734,0.0,601,1.0
1,2,0.1,1,5,1,3.712093277751956,3.3809096330534647,-0.0934511478197531,601,1.0
1,2,0.1,10,5,1,5.767546537626812,5.22551733945486,-0.0986929746905461,601,1.0
1,2,0.1,13,5,1,5.637735858889765,2.762430697211037,-0.7133715619039512,601,1.0
1,2,0.1,19,5,1,19.48578318850473,5.860817914797089,-1.2013959626617037,601,1.0
1,2,0.1,25,5,1,4.359276590682405,5.30006716416309,0.1954133689348698,601,1.0
1,2,0.1,1,20,1,31.20013449258326,23.82410361336007,-0.26972458041681,601,1.0
1,2,0.1,10,20,1,56.69124050683845,25.957099631303,-0.7811745493154332,601,1.0
1,2,0.1,13,20,1,94.15257539823384,28.762545112694745,-1.1858425851167438,601,1.0
1,2,0.1,19,20,1,126.53445978684404,34.39182836625315,-1.3026956917852055,601,1.0
1,2,0.1,25,20,1,48.90129415531344,61.91013597382403,0.2358800523686627,601,1.0
1,2,0.1,1,50,1,53.46698705398845,46.59495723032164,-0.1375720776934767,601,1.0
1,2,0.1,10,50,1,156.20346655842943,74.19500482603867,-0.7444626027316323,601,1.0
1,2,0.1,13,50,1,213.49269187371877,163.9826308176858,-0.2638420894160198,601,1.0
1,2,0.1,19,50,1,185.28375286321796,110.14911629284678,-0.5200533988153634,601,1.0
1,2,0.1,25,50,1,120.04314762727029,166.38353667208818,0.3264443435085481,601,1.0
1,2,0.1,22,5,2,10.571961118700882,4.566673270707732,-0.8394203286680472,601,1.0
1,2,0.1,22,20,2,144.12557629930788,38.690231722892776,-1.3150978192750062,601,1.0
1,2,0.1,22,50,2,267.2995386715112,77.15218877254361,-1.2425899485032508,601,1.0
1,2,0.25,1,5,0,3.712093277751956,3.712093277751956,0.0,601,1.0
1,2,0.25,4,5,0,2.187845352960246,2.187845352960246,0.0,601,1.0
1,2,0.25,7,5,0,2.9504355666378976,2.9504355666378976,0.0,601,1.0
1,2,0.25,16,5,0,4.842900155854543,4.842900155854543,0.0,601,1.0
1,2,0.25,28,5,0,4.588076613712121,4.588076613712121,0.0,601,1.0
1,2,0.25,1,20,0,31.20013449258326,31.20013449258326,0.0,601,1.0
1,2,0.25,4,20,0,11.282794033987097,11.282794033987097,0.0,601,1.0
1,2,0.25,7,20,0,9.273199221468948,9.273199221468948,0.0,601,1.0
1,2,0.25,16,20,0,60.61312043805564,60.61312043805564,0.0,601,1.0
1,2,0.25,28,20,0,35.91512617518893,35.91512617518893,0.0,601,1.0
1,2,0.25,1,50,0,53.46698705398845,53.46698705398845,0.0,601,1.0
1,2,0.25,4,50,0,22.940929570312708,22.940929570312708,0.0,601,1.0
1,2,0.25,7,50,0,33.44798337396294,33.44798337396294,0.0,601,1.0
1,2,0.25,16,50,0,78.97059797611028,78.97059797611028,0.0,601,1.0
1,2,0.25,28,50,0,27.817420318201734,27.817420318201734,0.0,601,1.0
1,2,0.25,10,5,1,5.767546537626812,5.22551733945486,-0.0986929746905461,601,1.0
1,2,0.25,13,5,1,5.637735858889765,2.762430697211037,-0.7133715619039512,601,1.0
1,2,0.25,19,5,1,19.48578318850473,5.860817914797089,-1.2013959626617037,601,1.0
1,2,0.25,25,5,1,4.359276590682405,5.30006716416309,0.1954133689348698,601,1.0
1,2,0.25,10,20,1,56.69124050683845,25.957099631303,-0.7811745493154332,601,1.0
1,2,0.25,13,20,1,94.15257539823384,28.762545112694745,-1.1858425851167438,601,1.0
1,2,0.25,19,20,1,126.53445978684404,34.39182836625315,-1.3026956917852055,601,1.0
1,2,0.25,25,20,1,48.90129415531344,61.91013597382403,0.2358800523686627,601,1.0
1,2,0.25,10,50,1,156.20346655842943,74.19500482603867,-0.7444626027316323,601,1.0
1,2,0.25,13,50,1,213.49269187371877,163.9826308176858,-0.2638420894160198,601,1.0
1,2,0.25,19,50,1,185.28375286321796,110.14911629284678,-0.5200533988153634,601,1.0
1,2,0.25,25,50,1,120.04314762727029,166.38353667208818,0.3264443435085481,601,1.0
1,2,0.25,22,5,2,10.571961118700882,4.566673270707732,-0.8394203286680472,601,1.0
1,2,0.25,22,20,2,144.12557629930788,38.690231722892776,-1.3150978192750062,601,1.0
1,2,0.25,22,50,2,267.2995386715112,77.15218877254361,-1.2425899485032508,601,1.0
1,3,0.0,4,5,0,2.187845352960246,2.187845352960246,0.0,601,1.0
1,3,0.0,7,5,0,2.9504355666378976,2.9504355666378976,0.0,601,1.0
1,3,0.0,4,20,0,11.282794033987097,11.282794033987097,0.0,601,1.0
1,3,0.0,7,20,0,9.273199221468948,9.273199221468948,0.0,601,1.0
1,3,0.0,4,50,0,22.940929570312708,22.940929570312708,0.0,601,1.0
1,3,0.0,7,50,0,33.44798337396294,33.44798337396294,0.0,601,1.0
1,3,0.0,22,5,1,10.571961118700882,2.5361663221583437,-1.4275517001016405,601,1.0
1,3,0.0,25,5,1,4.359276590682405,3.11656804208358,-0.3355737141459745,601,1.0
1,3,0.0,28,5,1,4.588076613712121,2.533491995592332,-0.5938623113422932,601,1.0
1,3,0.0,22,20,1,144.12557629930788,6.387894992849206,-3.1162801851600004,601,1.0
1,3,0.0,25,20,1,48.90129415531344,14.165100375525483,-1.2390226420522084,601,1.0
1,3,0.0,28,20,1,35.91512617518893,6.814013866811895,-1.6621771943979728,601,1.0
1,3,0.0,22,50,1,267.2995386715112,12.96841840832176,-3.0258528486713794,601,1.0
1,3,0.0,25,50,1,120.04314762727029,19.24948595065613,-1.8303668851999264,601,1.0
1,3,0.0,28,50,1,27.817420318201734,2.8661857350180986,-2.272680320934272,601,1.0
1,3,0.0,1,5,2,3.712093277751956,6.877866398918989,0.61671254410005,601,1.0
1,3,0.0,10,5,2,5.767546537626812,2.9389115175135982,-0.674207499316362,601,1.0
1,3,0.0,13,5,2,5.637735858889765,3.290057080633352,-0.5385776270873521,601,1.0
1,3,0.0,16,5,2,4.842900155854543,2.8667417321247437,-0.5243376471580997,601,1.0
1,3,0.0,19,5,2,19.48578318850473,8.398165059307647,-0.8416718957486593,601,1.0
1,3,0.0,1,20,2,31.20013449258326,55.88816185765048,0.5829301787018187,601,1.0
1,3,0.0,10,20,2,56.69124050683845,24.888581450607774,-0.8232105883720033,601,1.0
1,3,0.0,13,20,2,94.15257539823384,36.187137295654566,-0.9562128765672936,601,1.0
1,3,0.0,16,20,2,60.61312043805564,23.568166053515736,-0.9446144731045176,601,1.0
1,3,0.0,19,20,2,126.53445978684404,40.64429608568895,-1.1356561719999003,601,1.0
1,3,0.0,1,50,2,53.46698705398845,73.62842339762867,0.3199667396234941,601,1.0
1,3,0.0,10,50,2,156.20346655842943,76.28465166673556,-0.7166876698894578,601,1.0
1,3,0.0,13,50,2,213.49269187371877,76.10786802687448,-1.0314509518308408,601,1.0
1,3,0.0,16,50,2,78.97059797611028,38.22903170434496,-0.7254803864492007,601,1.0
1,3,0.0,19,50,2,185.28375286321796,78.30793720813926,-0.8612394822138407,601,1.0
1,3,0.1,4,5,0,2.187845352960246,2.187845352960246,0.0,601,1.0
1,3,0.1,7,5,0,2.9504355666378976,2.9504355666378976,0.0,601,1.0
1,3,0.1,4,20,0,11.282794033987097,11.282794033987097,0.0,601,1.0
1,3,0.1,7,20,0,9.273199221468948,9.273199221468948,0.0,601,1.0
1,3,0.1,4,50,0,22.940929570312708,22.940929570312708,0.0,601,1.0
1,3,0.1,7,50,0,33.44798337396294,33.44798337396294,0.0,601,1.0
1,3,0.1,22,5,1,10.571961118700882,2.5361663221583437,-1.4275517001016405,601,1.0
1,3,0.1,25,5,1,4.359276590682405,3.11656804208358,-0.3355737141459745,601,1.0
1,3,0.1,28,5,1,4.588076613712121,2.533491995592332,-0.5938623113422932,601,1.0
1,3,0.1,22,20,1,144.12557629930788,6.387894992849206,-3.1162801851600004,601,1.0
1,3,0.1,25,20,1,48.90129415531344,14.165100375525483,-1.2390226420522084,601,1.0
1,3,0.1,28,20,1,35.91512617518893,6.814013866811895,-1.6621771943979728,601,1.0
1,3,0.1,22,50,1,267.2995386715112,12.96841840832176,-3.0258528486713794,601,1.0
1,3,0.1,25,50,1,120.04314762727029,19.24948595065613,-1.8303668851999264,601,1.0
1,3,0.1,28,50,1,27.817420318201734,2.8661857350180986,-2.272680320934272,601,1.0
1,3,0.1,1,5,2,3.712093277751956,6.877866398918989,0.61671254410005,601,1.0
1,3,0.1,10,5,2,5.767546537626812,2.9389115175135982,-0.674207499316362,601,1.0
1,3,0.1,13,5,2,5.637735858889765,3.290057080633352,-0.5385776270873521,601,1.0
1,3,0.1,16,5,2,4.842900155854543,2.8667417321247437,-0.5243376471580997,601,1.0
1,3,0.1,19,5,2,19.48578318850473,8.398165059307647,-0.8416718957486593,601,1.0
1,3,0.1,1,20,2,31.20013449258326,55.88816185765048,0.5829301787018187,601,1.0
1,3,0.1,10,20,2,56.69124050683845,24.888581450607774,-0.8232105883720033,601,1.0
1,3,0.1,13,20,2,94.15257539823384,36.187137295654566,-0.9562128765672936,601,1.0
1,3,0.1,16,20,2,60.61312043805564,23.568166053515736,-0.9446144731045176,601,1.0
1,3,0.1,19,20,2,126.53445978684404,40.64429608568895,-1.1356561719999003,601,1.0
1,3,0.1,1,50,2,53.46698705398845,73.62842339762867,0.3199667396234941,601,1.0
1,3,0.1,10,50,2,156.20346655842943,76.28465166673556,-0.7166876698894578,601,1.0
1,3,0.1,13,50,2,213.49269187371877,76.10786802687448,-1.0314509518308408,601,1.0
1,3,0.1,16,50,2,78.97059797611028,38.22903170434496,-0.7254803864492007,601,1.0
1,3,0.1,19,50,2,185.28375286321796,78.30793720813926,-0.8612394822138407,601,1.0
1,3,0.25,4,5,0,2.187845352960246,2.187845352960246,0.0,601,1.0
1,3,0.25,7,5,0,2.9504355666378976,2.9504355666378976,0.0,601,1.0
1,3,0.25,4,20,0,11.282794033987097,11.282794033987097,0.0,601,1.0
1,3,0.25,7,20,0,9.273199221468948,9.273199221468948,0.0,601,1.0
1,3,0.25,4,50,0,22.940929570312708,22.940929570312708,0.0,601,1.0
1,3,0.25,7,50,0,33.44798337396294,33.44798337396294,0.0,601,1.0
1,3,0.25,22,5,1,10.571961118700882,2.5361663221583437,-1.4275517001016405,601,1.0
1,3,0.25,25,5,1,4.359276590682405,3.11656804208358,-0.3355737141459745,601,1.0
1,3,0.25,28,5,1,4.588076613712121,2.533491995592332,-0.5938623113422932,601,1.0
1,3,0.25,22,20,1,144.12557629930788,6.387894992849206,-3.1162801851600004,601,1.0
1,3,0.25,25,20,1,48.90129415531344,14.165100375525483,-1.2390226420522084,601,1.0
1,3,0.25,28,20,1,35.91512617518893,6.814013866811895,-1.6621771943979728,601,1.0
1,3,0.25,22,50,1,267.2995386715112,12.96841840832176,-3.0258528486713794,601,1.0
1,3,0.25,25,50,1,120.04314762727029,19.24948595065613,-1.8303668851999264,601,1.0
1,3,0.25,28,50,1,27.817420318201734,2.8661857350180986,-2.272680320934272,601,1.0
1,3,0.25,1,5,2,3.712093277751956,6.877866398918989,0.61671254410005,601,1.0
1,3,0.25,10,5,2,5.767546537626812,2.9389115175135982,-0.674207499316362,601,1.0
1,3,0.25,13,5,2,5.637735858889765,3.290057080633352,-0.5385776270873521,601,1.0
1,3,0.25,16,5,2,4.842900155854543,2.8667417321247437,-0.5243376471580997,601,1.0
1,3,0.25,19,5,2,19.48578318850473,8.398165059307647,-0.8416718957486593,601,1.0
1,3,0.25,1,20,2,31.20013449258326,55.88816185765048,0.5829301787018187,601,1.0
1,3,0.25,10,20,2,56.69124050683845,24.888581450607774,-0.8232105883720033,601,1.0
1,3,0.25,13,20,2,94.15257539823384,36.187137295654566,-0.9562128765672936,601,1.0
1,3,0.25,16,20,2,60.61312043805564,23.568166053515736,-0.9446144731045176,601,1.0
1,3,0.25,19,20,2,126.53445978684404,40.64429608568895,-1.1356561719999003,601,1.0
1,3,0.25,1,50,2,53.46698705398845,73.62842339762867,0.3199667396234941,601,1.0
1,3,0.25,10,50,2,156.20346655842943,76.28465166673556,-0.7166876698894578,601,1.0
1,3,0.25,13,50,2,213.49269187371877,76.10786802687448,-1.0314509518308408,601,1.0
1,3,0.25,16,50,2,78.97059797611028,38.22903170434496,-0.7254803864492007,601,1.0
1,3,0.25,19,50,2,185.28375286321796,78.30793720813926,-0.8612394822138407,601,1.0
1,4,0.0,4,5,0,2.187845352960246,2.187845352960246,0.0,601,1.0
1,4,0.0,7,5,0,2.9504355666378976,2.9504355666378976,0.0,601,1.0
1,4,0.0,16,5,0,4.842900155854543,4.842900155854543,0.0,601,1.0
1,4,0.0,28,5,0,4.588076613712121,4.588076613712121,0.0,601,1.0
1,4,0.0,4,20,0,11.282794033987097,11.282794033987097,0.0,601,1.0
1,4,0.0,7,20,0,9.273199221468948,9.273199221468948,0.0,601,1.0
1,4,0.0,16,20,0,60.61312043805564,60.61312043805564,0.0,601,1.0
1,4,0.0,28,20,0,35.91512617518893,35.91512617518893,0.0,601,1.0
1,4,0.0,4,50,0,22.940929570312708,22.940929570312708,0.0,601,1.0
1,4,0.0,7,50,0,33.44798337396294,33.44798337396294,0.0,601,1.0
1,4,0.0,16,50,0,78.97059797611028,78.97059797611028,0.0,601,1.0
1,4,0.0,28,50,0,27.817420318201734,27.817420318201734,0.0,601,1.0
1,4,0.0,22,5,1,10.571961118700882,4.56669235747795,-0.8394161490981066,601,1.0
1,4,0.0,22,20,1,144.12557629930788,38.69067247630807,-1.3150864274873328,601,1.0
1,4,0.0,22,50,1,267.2995386715112,77.15286937011653,-1.2425811270481262,601,1.0
1,4,0.0,1,5,2,3.712093277751956,3.380908241511741,-0.093451559407805,601,1.0
1,4,0.0,10,5,2,5.767546537626812,5.225524717236707,-0.0986915628156714,601,1.0
1,4,0.0,13,5,2,5.637735858889765,2.7624309419901527,-0.7133714732939076,601,1.0
1,4,0.0,19,5,2,19.48578318850473,5.860823547872204,-1.201395001520701,601,1.0
1,4,0.0,25,5,2,4.359276590682405,5.300063714675995,0.195412718096284,601,1.0
1,4,0.0,1,20,2,31.20013449258326,23.824092998375757,-0.2697250259734132,601,1.0
1,4,0.0,10,20,2,56.69124050683845,25.957157156480967,-0.7811723331543429,601,1.0
1,4,0.0,13,20,2,94.15257539823384,28.76254515339189,-1.1858425837018085,601,1.0
1,4,0.0,19,20,2,126.53445978684404,34.39187465367633,-1.3026943459017724,601,1.0
1,4,0.0,25,20,2,48.90129415531344,61.91010506547667,0.2358795531231903,601,1.0
1,4,0.0,1,50,2,53.46698705398845,46.594996089372366,-0.1375712437183679,601,1.0
1,4,0.0,10,50,2,156.20346655842943,74.1951462833815,-0.7444606961719075,601,1.0
1,4,0.0,13,50,2,213.49269187371877,163.98266858000036,-0.2638418591336414,601,1.0
1,4,0.0,19,50,2,185.28375286321796,110.14917460365496,-0.5200528694348773,601,1.0
1,4,0.0,25,50,2,120.04314762727029,166.3835973419749,0.3264447081472428,601,1.0
1,4,0.1,4,5,0,2.187845352960246,2.187845352960246,0.0,601,1.0
1,4,0.1,7,5,0,2.9504355666378976,2.9504355666378976,0.0,601,1.0
1,4,0.1,16,5,0,4.842900155854543,4.842900155854543,0.0,601,1.0
1,4,0.1,28,5,0,4.588076613712121,4.588076613712121,0.0,601,1.0
1,4,0.1,4,20,0,11.282794033987097,11.282794033987097,0.0,601,1.0
1,4,0.1,7,20,0,9.273199221468948,9.273199221468948,0.0,601,1.0
1,4,0.1,16,20,0,60.61312043805564,60.61312043805564,0.0,601,1.0
1,4,0.1,28,20,0,35.91512617518893,35.91512617518893,0.0,601,1.0
1,4,0.1,4,50,0,22.940929570312708,22.940929570312708,0.0,601,1.0
1,4,0.1,7,50,0,33.44798337396294,33.44798337396294,0.0,601,1.0
1,4,0.1,16,50,0,78.97059797611028,78.97059797611028,0.0,601,1.0
1,4,0.1,28,50,0,27.817420318201734,27.817420318201734,0.0,601,1.0
1,4,0.1,22,5,1,10.571961118700882,4.56669235747795,-0.8394161490981066,601,1.0
1,4,0.1,22,20,1,144.12557629930788,38.69067247630807,-1.3150864274873328,601,1.0
1,4,0.1,22,50,1,267.2995386715112,77.15286937011653,-1.2425811270481262,601,1.0
1,4,0.1,1,5,2,3.712093277751956,3.380908241511741,-0.093451559407805,601,1.0
1,4,0.1,10,5,2,5.767546537626812,5.225524717236707,-0.0986915628156714,601,1.0
1,4,0.1,13,5,2,5.637735858889765,2.7624309419901527,-0.7133714732939076,601,1.0
1,4,0.1,19,5,2,19.48578318850473,5.860823547872204,-1.201395001520701,601,1.0
1,4,0.1,25,5,2,4.359276590682405,5.300063714675995,0.195412718096284,601,1.0
1,4,0.1,1,20,2,31.20013449258326,23.824092998375757,-0.2697250259734132,601,1.0
1,4,0.1,10,20,2,56.69124050683845,25.957157156480967,-0.7811723331543429,601,1.0
1,4,0.1,13,20,2,94.15257539823384,28.76254515339189,-1.1858425837018085,601,1.0
1,4,0.1,19,20,2,126.53445978684404,34.39187465367633,-1.3026943459017724,601,1.0
1,4,0.1,25,20,2,48.90129415531344,61.91010506547667,0.2358795531231903,601,1.0
1,4,0.1,1,50,2,53.46698705398845,46.594996089372366,-0.1375712437183679,601,1.0
1,4,0.1,10,50,2,156.20346655842943,74.1951462833815,-0.7444606961719075,601,1.0
1,4,0.1,13,50,2,213.49269187371877,163.98266858000036,-0.2638418591336414,601,1.0
1,4,0.1,19,50,2,185.28375286321796,110.14917460365496,-0.5200528694348773,601,1.0
1,4,0.1,25,50,2,120.04314762727029,166.3835973419749,0.3264447081472428,601,1.0
1,4,0.25,1,5,0,3.712093277751956,3.712093277751956,0.0,601,1.0
1,4,0.25,4,5,0,2.187845352960246,2.187845352960246,0.0,601,1.0
1,4,0.25,7,5,0,2.9504355666378976,2.9504355666378976,0.0,601,1.0
1,4,0.25,16,5,0,4.842900155854543,4.842900155854543,0.0,601,1.0
1,4,0.25,28,5,0,4.588076613712121,4.588076613712121,0.0,601,1.0
1,4,0.25,1,20,0,31.20013449258326,31.20013449258326,0.0,601,1.0
1,4,0.25,4,20,0,11.282794033987097,11.282794033987097,0.0,601,1.0
1,4,0.25,7,20,0,9.273199221468948,9.273199221468948,0.0,601,1.0
1,4,0.25,16,20,0,60.61312043805564,60.61312043805564,0.0,601,1.0
1,4,0.25,28,20,0,35.91512617518893,35.91512617518893,0.0,601,1.0
1,4,0.25,1,50,0,53.46698705398845,53.46698705398845,0.0,601,1.0
1,4,0.25,4,50,0,22.940929570312708,22.940929570312708,0.0,601,1.0
1,4,0.25,7,50,0,33.44798337396294,33.44798337396294,0.0,601,1.0
1,4,0.25,16,50,0,78.97059797611028,78.97059797611028,0.0,601,1.0
1,4,0.25,28,50,0,27.817420318201734,27.817420318201734,0.0,601,1.0
1,4,0.25,22,5,1,10.571961118700882,4.56669235747795,-0.8394161490981066,601,1.0
1,4,0.25,22,20,1,144.12557629930788,38.69067247630807,-1.3150864274873328,601,1.0
1,4,0.25,22,50,1,267.2995386715112,77.15286937011653,-1.2425811270481262,601,1.0
1,4,0.25,10,5,2,5.767546537626812,5.225524717236707,-0.0986915628156714,601,1.0
1,4,0.25,13,5,2,5.637735858889765,2.7624309419901527,-0.7133714732939076,601,1.0
1,4,0.25,19,5,2,19.48578318850473,5.860823547872204,-1.201395001520701,601,1.0
1,4,0.25,25,5,2,4.359276590682405,5.300063714675995,0.195412718096284,601,1.0
1,4,0.25,10,20,2,56.69124050683845,25.957157156480967,-0.7811723331543429,601,1.0
1,4,0.25,13,20,2,94.15257539823384,28.76254515339189,-1.1858425837018085,601,1.0
1,4,0.25,19,20,2,126.53445978684404,34.39187465367633,-1.3026943459017724,601,1.0
1,4,0.25,25,20,2,48.90129415531344,61.91010506547667,0.2358795531231903,601,1.0
1,4,0.25,10,50,2,156.20346655842943,74.1951462833815,-0.7444606961719075,601,1.0
1,4,0.25,13,50,2,213.49269187371877,163.98266858000036,-0.2638418591336414,601,1.0
1,4,0.25,19,50,2,185.28375286321796,110.14917460365496,-0.5200528694348773,601,1.0
1,4,0.25,25,50,2,120.04314762727029,166.3835973419749,0.3264447081472428,601,1.0
1,5,0.0,4,5,0,2.187845352960246,2.187845352960246,0.0,601,1.0
1,5,0.0,7,5,0,2.9504355666378976,2.9504355666378976,0.0,601,1.0
1,5,0.0,16,5,0,4.842900155854543,4.842900155854543,0.0,601,1.0
1,5,0.0,28,5,0,4.588076613712121,4.588076613712121,0.0,601,1.0
1,5,0.0,4,20,0,11.282794033987097,11.282794033987097,0.0,601,1.0
1,5,0.0,7,20,0,9.273199221468948,9.273199221468948,0.0,601,1.0
1,5,0.0,16,20,0,60.61312043805564,60.61312043805564,0.0,601,1.0
1,5,0.0,28,20,0,35.91512617518893,35.91512617518893,0.0,601,1.0
1,5,0.0,4,50,0,22.940929570312708,22.940929570312708,0.0,601,1.0
1,5,0.0,7,50,0,33.44798337396294,33.44798337396294,0.0,601,1.0
1,5,0.0,16,50,0,78.97059797611028,78.97059797611028,0.0,601,1.0
1,5,0.0,28,50,0,27.817420318201734,27.817420318201734,0.0,601,1.0
1,5,0.0,1,5,1,3.712093277751956,3.3809083062721683,-0.0934515402530627,601,1.0
1,5,0.0,10,5,1,5.767546537626812,5.225527536205284,-0.0986910233544748,601,1.0
1,5,0.0,13,5,1,5.637735858889765,2.7624295687679,-0.7133719704004862,601,1.0
1,5,0.0,19,5,1,19.48578318850473,5.86082270596164,-1.2013951451712677,601,1.0
1,5,0.0,25,5,1,4.359276590682405,5.30006284848347,0.1954125546656836,601,1.0
1,5,0.0,1,20,1,31.20013449258326,23.824100716056464,-0.2697247020290993,601,1.0
1,5,0.0,10,20,1,56.69124050683845,25.95719117007065,-0.7811710227809766,601,1.0
1,5,0.0,13,20,1,94.15257539823384,28.762514522250733,-1.1858436486686703,601,1.0
1,5,0.0,19,20,1,126.53445978684404,34.39187898002675,-1.3026942201060665,601,1.0
1,5,0.0,25,20,1,48.90129415531344,61.91010448393665,0.235879543729893,601,1.0
1,5,0.0,1,50,1,53.46698705398845,46.595039190864526,-0.1375703186947422,601,1.0
1,5,0.0,10,50,1,156.20346655842943,74.19515626878,-0.7444605615890093,601,1.0
1,5,0.0,13,50,1,213.49269187371877,163.98253838408507,-0.2638426530953942,601,1.0
1,5,0.0,19,50,1,185.28375286321796,110.14906222636014,-0.5200538896636038,601,1.0
1,5,0.0,25,50,1,120.04314762727029,166.38367683970165,0.3264451859449887,601,1.0
1,5,0.0,22,5,2,10.571961118700882,4.566692060603986,-0.8394162141066402,601,1.0
1,5,0.0,22,20,2,144.12557629930788,38.690664469964375,-1.3150866344194954,601,1.0
1,5,0.0,22,50,2,267.2995386715112,77.1528581406429,-1.242581272596497,601,1.0
1,5,0.1,4,5,0,2.187845352960246,2.187845352960246,0.0,601,1.0
1,5,0.1,7,5,0,2.9504355666378976,2.9504355666378976,0.0,601,1.0
1,5,0.1,16,5,0,4.842900155854543,4.842900155854543,0.0,601,1.0
1,5,0.1,28,5,0,4.588076613712121,4.588076613712121,0.0,601,1.0
1,5,0.1,4,20,0,11.282794033987097,11.282794033987097,0.0,601,1.0
1,5,0.1,7,20,0,9.273199221468948,9.273199221468948,0.0,601,1.0
1,5,0.1,16,20,0,60.61312043805564,60.61312043805564,0.0,601,1.0
1,5,0.1,28,20,0,35.91512617518893,35.91512617518893,0.0,601,1.0
1,5,0.1,4,50,0,22.940929570312708,22.940929570312708,0.0,601,1.0
1,5,0.1,7,50,0,33.44798337396294,33.44798337396294,0.0,601,1.0
1,5,0.1,16,50,0,78.97059797611028,78.97059797611028,0.0,601,1.0
1,5,0.1,28,50,0,27.817420318201734,27.817420318201734,0.0,601,1.0
1,5,0.1,1,5,1,3.712093277751956,3.3809083062721683,-0.0934515402530627,601,1.0
1,5,0.1,10,5,1,5.767546537626812,5.225527536205284,-0.0986910233544748,601,1.0
1,5,0.1,13,5,1,5.637735858889765,2.7624295687679,-0.7133719704004862,601,1.0
1,5,0.1,19,5,1,19.48578318850473,5.86082270596164,-1.2013951451712677,601,1.0
1,5,0.1,25,5,1,4.359276590682405,5.30006284848347,0.1954125546656836,601,1.0
1,5,0.1,1,20,1,31.20013449258326,23.824100716056464,-0.2697247020290993,601,1.0
1,5,0.1,10,20,1,56.69124050683845,25.95719117007065,-0.7811710227809766,601,1.0
1,5,0.1,13,20,1,94.15257539823384,28.762514522250733,-1.1858436486686703,601,1.0
1,5,0.1,19,20,1,126.53445978684404,34.39187898002675,-1.3026942201060665,601,1.0
1,5,0.1,25,20,1,48.90129415531344,61.91010448393665,0.235879543729893,601,1.0
1,5,0.1,1,50,1,53.46698705398845,46.595039190864526,-0.1375703186947422,601,1.0
1,5,0.1,10,50,1,156.20346655842943,74.19515626878,-0.7444605615890093,601,1.0
1,5,0.1,13,50,1,213.49269187371877,163.98253838408507,-0.2638426530953942,601,1.0
1,5,0.1,19,50,1,185.28375286321796,110.14906222636014,-0.5200538896636038,601,1.0
1,5,0.1,25,50,1,120.04314762727029,166.38367683970165,0.3264451859449887,601,1.0
1,5,0.1,22,5,2,10.571961118700882,4.566692060603986,-0.8394162141066402,601,1.0
1,5,0.1,22,20,2,144.12557629930788,38.690664469964375,-1.3150866344194954,601,1.0
1,5,0.1,22,50,2,267.2995386715112,77.1528581406429,-1.242581272596497,601,1.0
1,5,0.25,1,5,0,3.712093277751956,3.712093277751956,0.0,601,1.0
1,5,0.25,4,5,0,2.187845352960246,2.187845352960246,0.0,601,1.0
1,5,0.25,7,5,0,2.9504355666378976,2.9504355666378976,0.0,601,1.0
1,5,0.25,16,5,0,4.842900155854543,4.842900155854543,0.0,601,1.0
1,5,0.25,28,5,0,4.588076613712121,4.588076613712121,0.0,601,1.0
1,5,0.25,1,20,0,31.20013449258326,31.20013449258326,0.0,601,1.0
1,5,0.25,4,20,0,11.282794033987097,11.282794033987097,0.0,601,1.0
1,5,0.25,7,20,0,9.273199221468948,9.273199221468948,0.0,601,1.0
1,5,0.25,16,20,0,60.61312043805564,60.61312043805564,0.0,601,1.0
1,5,0.25,28,20,0,35.91512617518893,35.91512617518893,0.0,601,1.0
1,5,0.25,1,50,0,53.46698705398845,53.46698705398845,0.0,601,1.0
1,5,0.25,4,50,0,22.940929570312708,22.940929570312708,0.0,601,1.0
1,5,0.25,7,50,0,33.44798337396294,33.44798337396294,0.0,601,1.0
1,5,0.25,16,50,0,78.97059797611028,78.97059797611028,0.0,601,1.0
1,5,0.25,28,50,0,27.817420318201734,27.817420318201734,0.0,601,1.0
1,5,0.25,10,5,1,5.767546537626812,5.225527536205284,-0.0986910233544748,601,1.0
1,5,0.25,13,5,1,5.637735858889765,2.7624295687679,-0.7133719704004862,601,1.0
1,5,0.25,19,5,1,19.48578318850473,5.86082270596164,-1.2013951451712677,601,1.0
1,5,0.25,25,5,1,4.359276590682405,5.30006284848347,0.1954125546656836,601,1.0
1,5,0.25,10,20,1,56.69124050683845,25.95719117007065,-0.7811710227809766,601,1.0
1,5,0.25,13,20,1,94.15257539823384,28.762514522250733,-1.1858436486686703,601,1.0
1,5,0.25,19,20,1,126.53445978684404,34.39187898002675,-1.3026942201060665,601,1.0
1,5,0.25,25,20,1,48.90129415531344,61.91010448393665,0.235879543729893,601,1.0
1,5,0.25,10,50,1,156.20346655842943,74.19515626878,-0.7444605615890093,601,1.0
1,5,0.25,13,50,1,213.49269187371877,163.98253838408507,-0.2638426530953942,601,1.0
1,5,0.25,19,50,1,185.28375286321796,110.14906222636014,-0.5200538896636038,601,1.0
1,5,0.25,25,50,1,120.04314762727029,166.38367683970165,0.3264451859449887,601,1.0
1,5,0.25,22,5,2,10.571961118700882,4.566692060603986,-0.8394162141066402,601,1.0
1,5,0.25,22,20,2,144.12557629930788,38.690664469964375,-1.3150866344194954,601,1.0
1,5,0.25,22,50,2,267.2995386715112,77.1528581406429,-1.242581272596497,601,1.0
0,0,0.0,6,5,0,3.205379134250399,3.205379134250399,0.0,602,0.01
0,0,0.0,6,20,0,22.880779411513117,22.880779411513117,0.0,602,0.01
0,0,0.0,6,50,0,56.91092940596857,56.91092940596857,0.0,602,0.01
0,0,0.0,12,5,1,2.662168572156374,4.153375715309722,0.4447803856213123,602,0.01
0,0,0.0,15,5,1,3.4316688971473326,18.853434749398986,1.7036484103356284,602,0.01
0,0,0.0,18,5,1,5.344746280213139,3.4041053587786028,-0.4511319130331976,602,0.01
0,0,0.0,12,20,1,19.318935624127302,16.97193992523748,-0.1295243476536207,602,0.01
0,0,0.0,15,20,1,37.85891339828092,92.32858631278783,0.8914873595742704,602,0.01
0,0,0.0,18,20,1,39.17371327962289,9.467618495188892,-1.4201285455447472,602,0.01
0,0,0.0,12,50,1,44.83568779398445,13.163473375289186,-1.2255585994806948,602,0.01
0,0,0.0,15,50,1,160.6439503797087,86.95035245372257,-0.6138531333942489,602,0.01
0,0,0.0,18,50,1,104.8094549102684,5.449230005223456,-2.956669671178449,602,0.01
0,0,0.0,0,5,2,2.001579085380303,1.9419388863420155,-0.0302495117941055,602,0.01
0,0,0.0,3,5,2,10.664689974428724,32.13362560329111,1.1029647263837483,602,0.01
0,0,0.0,9,5,2,14.682431469701871,14.97321832563205,0.0196115194156554,602,0.01
0,0,0.0,21,5,2,22.719152644841564,9.613768227212155,-0.8600120362561978,602,0.01
0,0,0.0,24,5,2,15.129469925552216,1.916781742009684,-2.065996888875499,602,0.01
0,0,0.0,27,5,2,106.23526934984618,138.30023665975378,0.2637707930952833,602,0.01
0,0,0.0,0,20,2,5.468807034950587,5.520534233118765,0.0094141366505745,602,0.01
0,0,0.0,3,20,2,84.00959022335115,158.46160269847235,0.6345813480486157,602,0.01
0,0,0.0,9,20,2,131.7932528672375,54.31965693517324,-0.8863482609478686,602,0.01
0,0,0.0,21,20,2,267.74652459391024,49.29447735198666,-1.6922286756862803,602,0.01
0,0,0.0,24,20,2,164.64428186817975,3.163949946376096,-3.9519660491564927,602,0.01
0,0,0.0,27,20,2,818.4096401968992,712.4574625742848,-0.1386427851793009,602,0.01
0,0,0.0,0,50,2,4.965078965991009,22.763711781574692,1.5227384776098585,602,0.01
0,0,0.0,3,50,2,180.1498362210352,165.46886397637857,-0.085005884023526,602,0.01
0,0,0.0,9,50,2,142.17411338181577,67.37150428471568,-0.7468303136425232,602,0.01
0,0,0.0,21,50,2,494.7353939952447,74.87534231315036,-1.888198433836324,602,0.01
0,0,0.0,24,50,2,61.21202734576251,1.8507857729367267,-3.498733404426489,602,0.01
0,0,0.0,27,50,2,888.802693596808,850.6617815281545,-0.0438606558579023,602,0.01
0,0,0.1,6,5,0,3.205379134250399,3.205379134250399,0.0,602,0.01
0,0,0.1,6,20,0,22.880779411513117,22.880779411513117,0.0,602,0.01
0,0,0.1,6,50,0,56.91092940596857,56.91092940596857,0.0,602,0.01
0,0,0.1,12,5,1,2.662168572156374,4.153375715309722,0.4447803856213123,602,0.01
0,0,0.1,15,5,1,3.4316688971473326,18.853434749398986,1.7036484103356284,602,0.01
0,0,0.1,18,5,1,5.344746280213139,3.4041053587786028,-0.4511319130331976,602,0.01
0,0,0.1,12,20,1,19.318935624127302,16.97193992523748,-0.1295243476536207,602,0.01
0,0,0.1,15,20,1,37.85891339828092,92.32858631278783,0.8914873595742704,602,0.01
0,0,0.1,18,20,1,39.17371327962289,9.467618495188892,-1.4201285455447472,602,0.01
0,0,0.1,12,50,1,44.83568779398445,13.163473375289186,-1.2255585994806948,602,0.01
0,0,0.1,15,50,1,160.6439503797087,86.95035245372257,-0.6138531333942489,602,0.01
0,0,0.1,18,50,1,104.8094549102684,5.449230005223456,-2.956669671178449,602,0.01
0,0,0.1,0,5,2,2.001579085380303,1.9419388863420155,-0.0302495117941055,602,0.01
0,0,0.1,3,5,2,10.664689974428724,32.13362560329111,1.1029647263837483,602,0.01
0,0,0.1,9,5,2,14.682431469701871,14.97321832563205,0.0196115194156554,602,0.01
0,0,0.1,21,5,2,22.719152644841564,9.613768227212155,-0.8600120362561978,602,0.01
0,0,0.1,24,5,2,15.129469925552216,1.916781742009684,-2.065996888875499,602,0.01
0,0,0.1,27,5,2,106.23526934984618,138.30023665975378,0.2637707930952833,602,0.01
0,0,0.1,0,20,2,5.468807034950587,5.520534233118765,0.0094141366505745,602,0.01
0,0,0.1,3,20,2,84.00959022335115,158.46160269847235,0.6345813480486157,602,0.01
0,0,0.1,9,20,2,131.7932528672375,54.31965693517324,-0.8863482609478686,602,0.01
0,0,0.1,21,20,2,267.74652459391024,49.29447735198666,-1.6922286756862803,602,0.01
0,0,0.1,24,20,2,164.64428186817975,3.163949946376096,-3.9519660491564927,602,0.01
0,0,0.1,27,20,2,818.4096401968992,712.4574625742848,-0.1386427851793009,602,0.01
0,0,0.1,0,50,2,4.965078965991009,22.763711781574692,1.5227384776098585,602,0.01
0,0,0.1,3,50,2,180.1498362210352,165.46886397637857,-0.085005884023526,602,0.01
0,0,0.1,9,50,2,142.17411338181577,67.37150428471568,-0.7468303136425232,602,0.01
0,0,0.1,21,50,2,494.7353939952447,74.87534231315036,-1.888198433836324,602,0.01
0,0,0.1,24,50,2,61.21202734576251,1.8507857729367267,-3.498733404426489,602,0.01
0,0,0.1,27,50,2,888.802693596808,850.6617815281545,-0.0438606558579023,602,0.01
0,0,0.25,6,5,0,3.205379134250399,3.205379134250399,0.0,602,0.01
0,0,0.25,6,20,0,22.880779411513117,22.880779411513117,0.0,602,0.01
0,0,0.25,6,50,0,56.91092940596857,56.91092940596857,0.0,602,0.01
0,0,0.25,12,5,1,2.662168572156374,4.153375715309722,0.4447803856213123,602,0.01
0,0,0.25,15,5,1,3.4316688971473326,18.853434749398986,1.7036484103356284,602,0.01
0,0,0.25,18,5,1,5.344746280213139,3.4041053587786028,-0.4511319130331976,602,0.01
0,0,0.25,12,20,1,19.318935624127302,16.97193992523748,-0.1295243476536207,602,0.01
0,0,0.25,15,20,1,37.85891339828092,92.32858631278783,0.8914873595742704,602,0.01
0,0,0.25,18,20,1,39.17371327962289,9.467618495188892,-1.4201285455447472,602,0.01
0,0,0.25,12,50,1,44.83568779398445,13.163473375289186,-1.2255585994806948,602,0.01
0,0,0.25,15,50,1,160.6439503797087,86.95035245372257,-0.6138531333942489,602,0.01
0,0,0.25,18,50,1,104.8094549102684,5.449230005223456,-2.956669671178449,602,0.01
0,0,0.25,0,5,2,2.001579085380303,1.9419388863420155,-0.0302495117941055,602,0.01
0,0,0.25,3,5,2,10.664689974428724,32.13362560329111,1.1029647263837483,602,0.01
0,0,0.25,9,5,2,14.682431469701871,14.97321832563205,0.0196115194156554,602,0.01
0,0,0.25,21,5,2,22.719152644841564,9.613768227212155,-0.8600120362561978,602,0.01
0,0,0.25,24,5,2,15.129469925552216,1.916781742009684,-2.065996888875499,602,0.01
0,0,0.25,27,5,2,106.23526934984618,138.30023665975378,0.2637707930952833,602,0.01
0,0,0.25,0,20,2,5.468807034950587,5.520534233118765,0.0094141366505745,602,0.01
0,0,0.25,3,20,2,84.00959022335115,158.46160269847235,0.6345813480486157,602,0.01
0,0,0.25,9,20,2,131.7932528672375,54.31965693517324,-0.8863482609478686,602,0.01
0,0,0.25,21,20,2,267.74652459391024,49.29447735198666,-1.6922286756862803,602,0.01
0,0,0.25,24,20,2,164.64428186817975,3.163949946376096,-3.9519660491564927,602,0.01
0,0,0.25,27,20,2,818.4096401968992,712.4574625742848,-0.1386427851793009,602,0.01
0,0,0.25,0,50,2,4.965078965991009,22.763711781574692,1.5227384776098585,602,0.01
0,0,0.25,3,50,2,180.1498362210352,165.46886397637857,-0.085005884023526,602,0.01
0,0,0.25,9,50,2,142.17411338181577,67.37150428471568,-0.7468303136425232,602,0.01
0,0,0.25,21,50,2,494.7353939952447,74.87534231315036,-1.888198433836324,602,0.01
0,0,0.25,24,50,2,61.21202734576251,1.8507857729367267,-3.498733404426489,602,0.01
0,0,0.25,27,50,2,888.802693596808,850.6617815281545,-0.0438606558579023,602,0.01
0,1,0.0,6,5,0,3.205379134250399,3.205379134250399,0.0,602,0.01
0,1,0.0,6,20,0,22.880779411513117,22.880779411513117,0.0,602,0.01
0,1,0.0,6,50,0,56.91092940596857,56.91092940596857,0.0,602,0.01
0,1,0.0,0,5,1,2.001579085380303,1.941938655291361,-0.030249630773477,602,0.01
0,1,0.0,3,5,1,10.664689974428724,32.133641336122416,1.1029652159901082,602,0.01
0,1,0.0,9,5,1,14.682431469701871,14.973218658056924,0.0196115416169527,602,0.01
0,1,0.0,21,5,1,22.719152644841564,9.61377013899712,-0.860011837397152,602,0.01
0,1,0.0,24,5,1,15.129469925552216,1.91678307967285,-2.065996191006425,602,0.01
0,1,0.0,27,5,1,106.23526934984618,138.3001941438543,0.2637704856778338,602,0.01
0,1,0.0,0,20,1,5.468807034950587,5.520533626791118,0.0094140268192331,602,0.01
0,1,0.0,3,20,1,84.00959022335115,158.46169775743428,0.6345819479348456,602,0.01
0,1,0.0,9,20,1,131.7932528672375,54.319662077754415,-0.8863481662753093,602,0.01
0,1,0.0,21,20,1,267.74652459391024,49.29448218491418,-1.6922285776443189,602,0.01
0,1,0.0,24,20,1,164.64428186817975,3.1639525712588963,-3.951965219534737,602,0.01
0,1,0.0,27,20,1,818.4096401968992,712.4572018652855,-0.1386431511085819,602,0.01
0,1,0.0,0,50,1,4.965078965991009,22.76370851712065,1.522738334203796,602,0.01
0,1,0.0,3,50,1,180.1498362210352,165.46900311985354,-0.0850050431196053,602,0.01
0,1,0.0,9,50,1,142.17411338181577,67.37151043638679,-0.7468302223328384,602,0.01
0,1,0.0,21,50,1,494.7353939952447,74.87534488308702,-1.8881983995134537,602,0.01
0,1,0.0,24,50,1,61.21202734576251,1.850784931216698,-3.498733859217223,602,0.01
0,1,0.0,27,50,1,888.802693596808,850.6614274606757,-0.0438610720839045,602,0.01
0,1,0.0,12,5,2,2.662168572156374,4.153371181602349,0.4447792940490208,602,0.01
0,1,0.0,15,5,2,3.4316688971473326,18.853439418886545,1.7036486580086412,602,0.01
0,1,0.0,18,5,2,5.344746280213139,3.4041051970972744,-0.4511319605291811,602,0.01
0,1,0.0,12,20,2,19.318935624127302,16.97191550014877,-0.129525786800023,602,0.01
0,1,0.0,15,20,2,37.85891339828092,92.32860624282472,0.8914875754341198,602,0.01
0,1,0.0,18,20,2,39.17371327962289,9.46761737035329,-1.4201286643534707,602,0.01
0,1,0.0,12,50,2,44.83568779398445,13.163459884079275,-1.2255596243786406,602,0.01
0,1,0.0,15,50,2,160.6439503797087,86.95037769400484,-0.6138528431104501,602,0.01
0,1,0.0,18,50,2,104.8094549102684,5.449229416320013,-2.9566697792494017,602,0.01
0,1,0.1,6,5,0,3.205379134250399,3.205379134250399,0.0,602,0.01
0,1,0.1,6,20,0,22.880779411513117,22.880779411513117,0.0,602,0.01
0,1,0.1,6,50,0,56.91092940596857,56.91092940596857,0.0,602,0.01
0,1,0.1,0,5,1,2.001579085380303,1.941938655291361,-0.030249630773477,602,0.01
0,1,0.1,3,5,1,10.664689974428724,32.133641336122416,1.1029652159901082,602,0.01
0,1,0.1,9,5,1,14.682431469701871,14.973218658056924,0.0196115416169527,602,0.01
0,1,0.1,21,5,1,22.719152644841564,9.61377013899712,-0.860011837397152,602,0.01
0,1,0.1,24,5,1,15.129469925552216,1.91678307967285,-2.065996191006425,602,0.01
0,1,0.1,27,5,1,106.23526934984618,138.3001941438543,0.2637704856778338,602,0.01
0,1,0.1,0,20,1,5.468807034950587,5.520533626791118,0.0094140268192331,602,0.01
0,1,0.1,3,20,1,84.00959022335115,158.46169775743428,0.6345819479348456,602,0.01
0,1,0.1,9,20,1,131.7932528672375,54.319662077754415,-0.8863481662753093,602,0.01
0,1,0.1,21,20,1,267.74652459391024,49.29448218491418,-1.6922285776443189,602,0.01
0,1,0.1,24,20,1,164.64428186817975,3.1639525712588963,-3.951965219534737,602,0.01
0,1,0.1,27,20,1,818.4096401968992,712.4572018652855,-0.1386431511085819,602,0.01
0,1,0.1,0,50,1,4.965078965991009,22.76370851712065,1.522738334203796,602,0.01
0,1,0.1,3,50,1,180.1498362210352,165.46900311985354,-0.0850050431196053,602,0.01
0,1,0.1,9,50,1,142.17411338181577,67.37151043638679,-0.7468302223328384,602,0.01
0,1,0.1,21,50,1,494.7353939952447,74.87534488308702,-1.8881983995134537,602,0.01
0,1,0.1,24,50,1,61.21202734576251,1.850784931216698,-3.498733859217223,602,0.01
0,1,0.1,27,50,1,888.802693596808,850.6614274606757,-0.0438610720839045,602,0.01
0,1,0.1,12,5,2,2.662168572156374,4.153371181602349,0.4447792940490208,602,0.01
0,1,0.1,15,5,2,3.4316688971473326,18.853439418886545,1.7036486580086412,602,0.01
0,1,0.1,18,5,2,5.344746280213139,3.4041051970972744,-0.4511319605291811,602,0.01
0,1,0.1,12,20,2,19.318935624127302,16.97191550014877,-0.129525786800023,602,0.01
0,1,0.1,15,20,2,37.85891339828092,92.32860624282472,0.8914875754341198,602,0.01
0,1,0.1,18,20,2,39.17371327962289,9.46761737035329,-1.4201286643534707,602,0.01
0,1,0.1,12,50,2,44.83568779398445,13.163459884079275,-1.2255596243786406,602,0.01
0,1,0.1,15,50,2,160.6439503797087,86.95037769400484,-0.6138528431104501,602,0.01
0,1,0.1,18,50,2,104.8094549102684,5.449229416320013,-2.9566697792494017,602,0.01
0,1,0.25,6,5,0,3.205379134250399,3.205379134250399,0.0,602,0.01
0,1,0.25,6,20,0,22.880779411513117,22.880779411513117,0.0,602,0.01
0,1,0.25,6,50,0,56.91092940596857,56.91092940596857,0.0,602,0.01
0,1,0.25,0,5,1,2.001579085380303,1.941938655291361,-0.030249630773477,602,0.01
0,1,0.25,3,5,1,10.664689974428724,32.133641336122416,1.1029652159901082,602,0.01
0,1,0.25,9,5,1,14.682431469701871,14.973218658056924,0.0196115416169527,602,0.01
0,1,0.25,21,5,1,22.719152644841564,9.61377013899712,-0.860011837397152,602,0.01
0,1,0.25,24,5,1,15.129469925552216,1.91678307967285,-2.065996191006425,602,0.01
0,1,0.25,27,5,1,106.23526934984618,138.3001941438543,0.2637704856778338,602,0.01
0,1,0.25,0,20,1,5.468807034950587,5.520533626791118,0.0094140268192331,602,0.01
0,1,0.25,3,20,1,84.00959022335115,158.46169775743428,0.6345819479348456,602,0.01
0,1,0.25,9,20,1,131.7932528672375,54.319662077754415,-0.8863481662753093,602,0.01
0,1,0.25,21,20,1,267.74652459391024,49.29448218491418,-1.6922285776443189,602,0.01
0,1,0.25,24,20,1,164.64428186817975,3.1639525712588963,-3.951965219534737,602,0.01
0,1,0.25,27,20,1,818.4096401968992,712.4572018652855,-0.1386431511085819,602,0.01
0,1,0.25,0,50,1,4.965078965991009,22.76370851712065,1.522738334203796,602,0.01
0,1,0.25,3,50,1,180.1498362210352,165.46900311985354,-0.0850050431196053,602,0.01
0,1,0.25,9,50,1,142.17411338181577,67.37151043638679,-0.7468302223328384,602,0.01
0,1,0.25,21,50,1,494.7353939952447,74.87534488308702,-1.8881983995134537,602,0.01
0,1,0.25,24,50,1,61.21202734576251,1.850784931216698,-3.498733859217223,602,0.01
0,1,0.25,27,50,1,888.802693596808,850.6614274606757,-0.0438610720839045,602,0.01
0,1,0.25,12,5,2,2.662168572156374,4.153371181602349,0.4447792940490208,602,0.01
0,1,0.25,15,5,2,3.4316688971473326,18.853439418886545,1.7036486580086412,602,0.01
0,1,0.25,18,5,2,5.344746280213139,3.4041051970972744,-0.4511319605291811,602,0.01
0,1,0.25,12,20,2,19.318935624127302,16.97191550014877,-0.129525786800023,602,0.01
0,1,0.25,15,20,2,37.85891339828092,92.32860624282472,0.8914875754341198,602,0.01
0,1,0.25,18,20,2,39.17371327962289,9.46761737035329,-1.4201286643534707,602,0.01
0,1,0.25,12,50,2,44.83568779398445,13.163459884079275,-1.2255596243786406,602,0.01
0,1,0.25,15,50,2,160.6439503797087,86.95037769400484,-0.6138528431104501,602,0.01
0,1,0.25,18,50,2,104.8094549102684,5.449229416320013,-2.9566697792494017,602,0.01
0,2,0.0,6,5,0,3.205379134250399,3.205379134250399,0.0,602,0.01
0,2,0.0,6,20,0,22.880779411513117,22.880779411513117,0.0,602,0.01
0,2,0.0,6,50,0,56.91092940596857,56.91092940596857,0.0,602,0.01
0,2,0.0,12,5,1,2.662168572156374,4.153368503903272,0.4447786493438349,602,0.01
0,2,0.0,15,5,1,3.4316688971473326,18.85344209636048,1.7036488000237762,602,0.01
0,2,0.0,18,5,1,5.344746280213139,3.404105063348067,-0.4511319998197442,602,0.01
0,2,0.0,12,20,1,19.318935624127302,16.971899605355688,-0.1295267233354733,602,0.01
0,2,0.0,15,20,1,37.85891339828092,92.3286117202146,0.8914876347590671,602,0.01
0,2,0.0,18,20,1,39.17371327962289,9.467615038564224,-1.4201289106445134,602,0.01
0,2,0.0,12,50,1,44.83568779398445,13.16344909344038,-1.225560444120822,602,0.01
0,2,0.0,15,50,1,160.6439503797087,86.95038047890775,-0.6138528110818042,602,0.01
0,2,0.0,18,50,1,104.8094549102684,5.449228270850889,-2.9566699894569664,602,0.01
0,2,0.0,0,5,2,2.001579085380303,1.9419384947618412,-0.0302497134380482,602,0.01
0,2,0.0,3,5,2,10.664689974428724,32.13363304115185,1.1029649578503118,602,0.01
0,2,0.0,9,5,2,14.682431469701871,14.973218094510482,0.0196115039799914,602,0.01
0,2,0.0,21,5,2,22.719152644841564,9.613770293634053,-0.8600118213122105,602,0.01
0,2,0.0,24,5,2,15.129469925552216,1.916783592222716,-2.0659959236053806,602,0.01
0,2,0.0,27,5,2,106.23526934984618,138.30021973546442,0.2637706707217371,602,0.01
0,2,0.0,0,20,2,5.468807034950587,5.520533235251904,0.0094139558950697,602,0.01
0,2,0.0,3,20,2,84.00959022335115,158.46164943988785,0.6345816430185505,602,0.01
0,2,0.0,9,20,2,131.7932528672375,54.31965980704846,-0.8863482080779627,602,0.01
0,2,0.0,21,20,2,267.74652459391024,49.29448261419231,-1.6922285689358767,602,0.01
0,2,0.0,24,20,2,164.64428186817975,3.163953647029122,-3.9519648795264657,602,0.01
0,2,0.0,27,20,2,818.4096401968992,712.4573197866561,-0.1386429855949755,602,0.01
0,2,0.0,0,50,2,4.965078965991009,22.763706357126413,1.522738239316166,602,0.01
0,2,0.0,3,50,2,180.1498362210352,165.46893956312925,-0.0850054272201638,602,0.01
0,2,0.0,9,50,2,142.17411338181577,67.37150764827744,-0.7468302637169394,602,0.01
0,2,0.0,21,50,2,494.7353939952447,74.87534391635444,-1.888198412424681,602,0.01
0,2,0.0,24,50,2,61.21202734576251,1.8507848479172453,-3.498733904224859,602,0.01
0,2,0.0,27,50,2,888.802693596808,850.661526061788,-0.0438609561727988,602,0.01
0,2,0.1,6,5,0,3.205379134250399,3.205379134250399,0.0,602,0.01
0,2,0.1,6,20,0,22.880779411513117,22.880779411513117,0.0,602,0.01
0,2,0.1,6,50,0,56.91092940596857,56.91092940596857,0.0,602,0.01
0,2,0.1,12,5,1,2.662168572156374,4.153368503903272,0.4447786493438349,602,0.01
0,2,0.1,15,5,1,3.4316688971473326,18.85344209636048,1.7036488000237762,602,0.01
0,2,0.1,18,5,1,5.344746280213139,3.404105063348067,-0.4511319998197442,602,0.01
0,2,0.1,12,20,1,19.318935624127302,16.971899605355688,-0.1295267233354733,602,0.01
0,2,0.1,15,20,1,37.85891339828092,92.3286117202146,0.8914876347590671,602,0.01
0,2,0.1,18,20,1,39.17371327962289,9.467615038564224,-1.4201289106445134,602,0.01
0,2,0.1,12,50,1,44.83568779398445,13.16344909344038,-1.225560444120822,602,0.01
0,2,0.1,15,50,1,160.6439503797087,86.95038047890775,-0.6138528110818042,602,0.01
0,2,0.1,18,50,1,104.8094549102684,5.449228270850889,-2.9566699894569664,602,0.01
0,2,0.1,0,5,2,2.001579085380303,1.9419384947618412,-0.0302497134380482,602,0.01
0,2,0.1,3,5,2,10.664689974428724,32.13363304115185,1.1029649578503118,602,0.01
0,2,0.1,9,5,2,14.682431469701871,14.973218094510482,0.0196115039799914,602,0.01
0,2,0.1,21,5,2,22.719152644841564,9.613770293634053,-0.8600118213122105,602,0.01
0,2,0.1,24,5,2,15.129469925552216,1.916783592222716,-2.0659959236053806,602,0.01
0,2,0.1,27,5,2,106.23526934984618,138.30021973546442,0.2637706707217371,602,0.01
0,2,0.1,0,20,2,5.468807034950587,5.520533235251904,0.0094139558950697,602,0.01
0,2,0.1,3,20,2,84.00959022335115,158.46164943988785,0.6345816430185505,602,0.01
0,2,0.1,9,20,2,131.7932528672375,54.31965980704846,-0.8863482080779627,602,0.01
0,2,0.1,21,20,2,267.74652459391024,49.29448261419231,-1.6922285689358767,602,0.01
0,2,0.1,24,20,2,164.64428186817975,3.163953647029122,-3.9519648795264657,602,0.01
0,2,0.1,27,20,2,818.4096401968992,712.4573197866561,-0.1386429855949755,602,0.01
0,2,0.1,0,50,2,4.965078965991009,22.763706357126413,1.522738239316166,602,0.01
0,2,0.1,3,50,2,180.1498362210352,165.46893956312925,-0.0850054272201638,602,0.01
0,2,0.1,9,50,2,142.17411338181577,67.37150764827744,-0.7468302637169394,602,0.01
0,2,0.1,21,50,2,494.7353939952447,74.87534391635444,-1.888198412424681,602,0.01
0,2,0.1,24,50,2,61.21202734576251,1.8507848479172453,-3.498733904224859,602,0.01
0,2,0.1,27,50,2,888.802693596808,850.661526061788,-0.0438609561727988,602,0.01
0,2,0.25,6,5,0,3.205379134250399,3.205379134250399,0.0,602,0.01
0,2,0.25,6,20,0,22.880779411513117,22.880779411513117,0.0,602,0.01
0,2,0.25,6,50,0,56.91092940596857,56.91092940596857,0.0,602,0.01
0,2,0.25,12,5,1,2.662168572156374,4.153368503903272,0.4447786493438349,602,0.01
0,2,0.25,15,5,1,3.4316688971473326,18.85344209636048,1.7036488000237762,602,0.01
0,2,0.25,18,5,1,5.344746280213139,3.404105063348067,-0.4511319998197442,602,0.01
0,2,0.25,12,20,1,19.318935624127302,16.971899605355688,-0.1295267233354733,602,0.01
0,2,0.25,15,20,1,37.85891339828092,92.3286117202146,0.8914876347590671,602,0.01
0,2,0.25,18,20,1,39.17371327962289,9.467615038564224,-1.4201289106445134,602,0.01
0,2,0.25,12,50,1,44.83568779398445,13.16344909344038,-1.225560444120822,602,0.01
0,2,0.25,15,50,1,160.6439503797087,86.95038047890775,-0.6138528110818042,602,0.01
0,2,0.25,18,50,1,104.8094549102684,5.449228270850889,-2.9566699894569664,602,0.01
0,2,0.25,0,5,2,2.001579085380303,1.9419384947618412,-0.0302497134380482,602,0.01
0,2,0.25,3,5,2,10.664689974428724,32.13363304115185,1.1029649578503118,602,0.01
0,2,0.25,9,5,2,14.682431469701871,14.973218094510482,0.0196115039799914,602,0.01
0,2,0.25,21,5,2,22.719152644841564,9.613770293634053,-0.8600118213122105,602,0.01
0,2,0.25,24,5,2,15.129469925552216,1.916783592222716,-2.0659959236053806,602,0.01
0,2,0.25,27,5,2,106.23526934984618,138.30021973546442,0.2637706707217371,602,0.01
0,2,0.25,0,20,2,5.468807034950587,5.520533235251904,0.0094139558950697,602,0.01
0,2,0.25,3,20,2,84.00959022335115,158.46164943988785,0.6345816430185505,602,0.01
0,2,0.25,9,20,2,131.7932528672375,54.31965980704846,-0.8863482080779627,602,0.01
0,2,0.25,21,20,2,267.74652459391024,49.29448261419231,-1.6922285689358767,602,0.01
0,2,0.25,24,20,2,164.64428186817975,3.163953647029122,-3.9519648795264657,602,0.01
0,2,0.25,27,20,2,818.4096401968992,712.4573197866561,-0.1386429855949755,602,0.01
0,2,0.25,0,50,2,4.965078965991009,22.763706357126413,1.522738239316166,602,0.01
0,2,0.25,3,50,2,180.1498362210352,165.46893956312925,-0.0850054272201638,602,0.01
0,2,0.25,9,50,2,142.17411338181577,67.37150764827744,-0.7468302637169394,602,0.01
0,2,0.25,21,50,2,494.7353939952447,74.87534391635444,-1.888198412424681,602,0.01
0,2,0.25,24,50,2,61.21202734576251,1.8507848479172453,-3.498733904224859,602,0.01
0,2,0.25,27,50,2,888.802693596808,850.661526061788,-0.0438609561727988,602,0.01
0,3,0.0,6,5,0,3.205379134250399,3.205379134250399,0.0,602,0.01
0,3,0.0,6,20,0,22.880779411513117,22.880779411513117,0.0,602,0.01
0,3,0.0,6,50,0,56.91092940596857,56.91092940596857,0.0,602,0.01
0,3,0.0,12,5,1,2.662168572156374,4.15337089303087,0.4447792245701623,602,0.01
0,3,0.0,15,5,1,3.4316688971473326,18.85344295756678,1.703648845702771,602,0.01
0,3,0.0,18,5,1,5.344746280213139,3.404105546987043,-0.4511318577445343,602,0.01
0,3,0.0,12,20,1,19.318935624127302,16.97191321066514,-0.1295259216983959,602,0.01
0,3,0.0,15,20,1,37.85891339828092,92.328619144399,0.8914877151695053,602,0.01
0,3,0.0,18,20,1,39.17371327962289,9.467618085933609,-1.4201285887715938,602,0.01
0,3,0.0,12,50,1,44.83568779398445,13.16345751881884,-1.2255598040624525,602,0.01
0,3,0.0,15,50,1,160.6439503797087,86.9503821351221,-0.6138527920339941,602,0.01
0,3,0.0,18,50,1,104.8094549102684,5.449230119660768,-2.956669650177811,602,0.01
0,3,0.0,0,5,2,2.001579085380303,1.941938770810812,-0.0302495712868154,602,0.01
0,3,0.0,3,5,2,10.664689974428724,32.133641571678226,1.1029652233206129,602,0.01
0,3,0.0,9,5,2,14.682431469701871,14.973218174895864,0.0196115093486021,602,0.01
0,3,0.0,21,5,2,22.719152644841564,9.613770461406066,-0.8600118038609914,602,0.01
0,3,0.0,24,5,2,15.129469925552216,1.916782603070372,-2.0659964396535164,602,0.01
0,3,0.0,27,5,2,106.23526934984618,138.3001928979377,0.2637704766690496,602,0.01
0,3,0.0,0,20,2,5.468807034950587,5.520533398178499,0.009413985407906,602,0.01
0,3,0.0,3,20,2,84.00959022335115,158.4616981558975,0.6345819504494167,602,0.01
0,3,0.0,9,20,2,131.7932528672375,54.319658680399776,-0.886348228819048,602,0.01
0,3,0.0,21,20,2,267.74652459391024,49.29448433600894,-1.6922285340066816,602,0.01
0,3,0.0,24,20,2,164.64428186817975,3.163951450111904,-3.951965573884925,602,0.01
0,3,0.0,27,20,2,818.4096401968992,712.4571888492671,-0.1386431693777753,602,0.01
0,3,0.0,0,50,2,4.965078965991009,22.7637082701357,1.5227383233538525,602,0.01
0,3,0.0,3,50,2,180.1498362210352,165.4690069156361,-0.0850050201800671,602,0.01
0,3,0.0,9,50,2,142.17411338181577,67.37150462466775,-0.7468303085965906,602,0.01
0,3,0.0,21,50,2,494.7353939952447,74.87534859902809,-1.8881983498850885,602,0.01
0,3,0.0,24,50,2,61.21202734576251,1.8507853000552168,-3.4987336599296253,602,0.01
0,3,0.0,27,50,2,888.802693596808,850.6614083598289,-0.0438610945380164,602,0.01
0,3,0.1,6,5,0,3.205379134250399,3.205379134250399,0.0,602,0.01
0,3,0.1,6,20,0,22.880779411513117,22.880779411513117,0.0,602,0.01
0,3,0.1,6,50,0,56.91092940596857,56.91092940596857,0.0,602,0.01
0,3,0.1,12,5,1,2.662168572156374,4.15337089303087,0.4447792245701623,602,0.01
0,3,0.1,15,5,1,3.4316688971473326,18.85344295756678,1.703648845702771,602,0.01
0,3,0.1,18,5,1,5.344746280213139,3.404105546987043,-0.4511318577445343,602,0.01
0,3,0.1,12,20,1,19.318935624127302,16.97191321066514,-0.1295259216983959,602,0.01
0,3,0.1,15,20,1,37.85891339828092,92.328619144399,0.8914877151695053,602,0.01
0,3,0.1,18,20,1,39.17371327962289,9.467618085933609,-1.4201285887715938,602,0.01
0,3,0.1,12,50,1,44.83568779398445,13.16345751881884,-1.2255598040624525,602,0.01
0,3,0.1,15,50,1,160.6439503797087,86.9503821351221,-0.6138527920339941,602,0.01
0,3,0.1,18,50,1,104.8094549102684,5.449230119660768,-2.956669650177811,602,0.01
0,3,0.1,0,5,2,2.001579085380303,1.941938770810812,-0.0302495712868154,602,0.01
0,3,0.1,3,5,2,10.664689974428724,32.133641571678226,1.1029652233206129,602,0.01
0,3,0.1,9,5,2,14.682431469701871,14.973218174895864,0.0196115093486021,602,0.01
0,3,0.1,21,5,2,22.719152644841564,9.613770461406066,-0.8600118038609914,602,0.01
0,3,0.1,24,5,2,15.129469925552216,1.916782603070372,-2.0659964396535164,602,0.01
0,3,0.1,27,5,2,106.23526934984618,138.3001928979377,0.2637704766690496,602,0.01
0,3,0.1,0,20,2,5.468807034950587,5.520533398178499,0.009413985407906,602,0.01
0,3,0.1,3,20,2,84.00959022335115,158.4616981558975,0.6345819504494167,602,0.01
0,3,0.1,9,20,2,131.7932528672375,54.319658680399776,-0.886348228819048,602,0.01
0,3,0.1,21,20,2,267.74652459391024,49.29448433600894,-1.6922285340066816,602,0.01
0,3,0.1,24,20,2,164.64428186817975,3.163951450111904,-3.951965573884925,602,0.01
0,3,0.1,27,20,2,818.4096401968992,712.4571888492671,-0.1386431693777753,602,0.01
0,3,0.1,0,50,2,4.965078965991009,22.7637082701357,1.5227383233538525,602,0.01
0,3,0.1,3,50,2,180.1498362210352,165.4690069156361,-0.0850050201800671,602,0.01
0,3,0.1,9,50,2,142.17411338181577,67.37150462466775,-0.7468303085965906,602,0.01
0,3,0.1,21,50,2,494.7353939952447,74.87534859902809,-1.8881983498850885,602,0.01
0,3,0.1,24,50,2,61.21202734576251,1.8507853000552168,-3.4987336599296253,602,0.01
0,3,0.1,27,50,2,888.802693596808,850.6614083598289,-0.0438610945380164,602,0.01
0,3,0.25,6,5,0,3.205379134250399,3.205379134250399,0.0,602,0.01
0,3,0.25,6,20,0,22.880779411513117,22.880779411513117,0.0,602,0.01
0,3,0.25,6,50,0,56.91092940596857,56.91092940596857,0.0,602,0.01
0,3,0.25,12,5,1,2.662168572156374,4.15337089303087,0.4447792245701623,602,0.01
0,3,0.25,15,5,1,3.4316688971473326,18.85344295756678,1.703648845702771,602,0.01
0,3,0.25,18,5,1,5.344746280213139,3.404105546987043,-0.4511318577445343,602,0.01
0,3,0.25,12,20,1,19.318935624127302,16.97191321066514,-0.1295259216983959,602,0.01
0,3,0.25,15,20,1,37.85891339828092,92.328619144399,0.8914877151695053,602,0.01
0,3,0.25,18,20,1,39.17371327962289,9.467618085933609,-1.4201285887715938,602,0.01
0,3,0.25,12,50,1,44.83568779398445,13.16345751881884,-1.2255598040624525,602,0.01
0,3,0.25,15,50,1,160.6439503797087,86.9503821351221,-0.6138527920339941,602,0.01
0,3,0.25,18,50,1,104.8094549102684,5.449230119660768,-2.956669650177811,602,0.01
0,3,0.25,0,5,2,2.001579085380303,1.941938770810812,-0.0302495712868154,602,0.01
0,3,0.25,3,5,2,10.664689974428724,32.133641571678226,1.1029652233206129,602,0.01
0,3,0.25,9,5,2,14.682431469701871,14.973218174895864,0.0196115093486021,602,0.01
0,3,0.25,21,5,2,22.719152644841564,9.613770461406066,-0.8600118038609914,602,0.01
0,3,0.25,24,5,2,15.129469925552216,1.916782603070372,-2.0659964396535164,602,0.01
0,3,0.25,27,5,2,106.23526934984618,138.3001928979377,0.2637704766690496,602,0.01
0,3,0.25,0,20,2,5.468807034950587,5.520533398178499,0.009413985407906,602,0.01
0,3,0.25,3,20,2,84.00959022335115,158.4616981558975,0.6345819504494167,602,0.01
0,3,0.25,9,20,2,131.7932528672375,54.319658680399776,-0.886348228819048,602,0.01
0,3,0.25,21,20,2,267.74652459391024,49.29448433600894,-1.6922285340066816,602,0.01
0,3,0.25,24,20,2,164.64428186817975,3.163951450111904,-3.951965573884925,602,0.01
0,3,0.25,27,20,2,818.4096401968992,712.4571888492671,-0.1386431693777753,602,0.01
0,3,0.25,0,50,2,4.965078965991009,22.7637082701357,1.5227383233538525,602,0.01
0,3,0.25,3,50,2,180.1498362210352,165.4690069156361,-0.0850050201800671,602,0.01
0,3,0.25,9,50,2,142.17411338181577,67.37150462466775,-0.7468303085965906,602,0.01
0,3,0.25,21,50,2,494.7353939952447,74.87534859902809,-1.8881983498850885,602,0.01
0,3,0.25,24,50,2,61.21202734576251,1.8507853000552168,-3.4987336599296253,602,0.01
0,3,0.25,27,50,2,888.802693596808,850.6614083598289,-0.0438610945380164,602,0.01
0,4,0.0,6,5,0,3.205379134250399,3.205379134250399,0.0,602,0.01
0,4,0.0,6,20,0,22.880779411513117,22.880779411513117,0.0,602,0.01
0,4,0.0,6,50,0,56.91092940596857,56.91092940596857,0.0,602,0.01
0,4,0.0,0,5,1,2.001579085380303,1.941938794896357,-0.0302495588839811,602,0.01
0,4,0.0,3,5,1,10.664689974428724,32.13363695304947,1.1029650795887214,602,0.01
0,4,0.0,9,5,1,14.682431469701871,14.973217744869867,0.0196114806289244,602,0.01
0,4,0.0,21,5,1,22.719152644841564,9.61377088058842,-0.8600117602587078,602,0.01
0,4,0.0,24,5,1,15.129469925552216,1.9167824666708144,-2.0659965108142013,602,0.01
0,4,0.0,27,5,1,106.23526934984618,138.30020600727477,0.2637705714580456,602,0.01
0,4,0.0,0,20,1,5.468807034950587,5.520532876315555,0.0094138908766475,602,0.01
0,4,0.0,3,20,1,84.00959022335115,158.4616711806431,0.6345817802173859,602,0.01
0,4,0.0,9,20,1,131.7932528672375,54.31965245805313,-0.8863483433696021,602,0.01
0,4,0.0,21,20,1,267.74652459391024,49.29448963411726,-1.6922284265279626,602,0.01
0,4,0.0,24,20,1,164.64428186817975,3.1639511634614705,-3.9519656644838017,602,0.01
0,4,0.0,27,20,1,818.4096401968992,712.4572518136329,-0.1386430810014294,602,0.01
0,4,0.0,0,50,1,4.965078965991009,22.76370630420704,1.5227382369914406,602,0.01
0,4,0.0,3,50,1,180.1498362210352,165.46897366471697,-0.0850052211296171,602,0.01
0,4,0.0,9,50,1,142.17411338181577,67.37149445486702,-0.7468304595476724,602,0.01
0,4,0.0,21,50,1,494.7353939952447,74.8753569769079,-1.8881982379940652,602,0.01
0,4,0.0,24,50,1,61.21202734576251,1.8507856525758457,-3.498733469458805,602,0.01
0,4,0.0,27,50,1,888.802693596808,850.6614655032671,-0.0438610273627153,602,0.01
0,4,0.0,12,5,2,2.662168572156374,4.153371434569213,0.4447793549554135,602,0.01
0,4,0.0,15,5,2,3.4316688971473326,18.853438355774195,1.703648601620395,602,0.01
0,4,0.0,18,5,2,5.344746280213139,3.4041054157248407,-0.4511318963045034,602,0.01
0,4,0.0,12,20,2,19.318935624127302,16.97191567858824,-0.1295257762862146,602,0.01
0,4,0.0,15,20,2,37.85891339828092,92.32859492062184,0.8914874528046983,602,0.01
0,4,0.0,18,20,2,39.17371327962289,9.46761744551296,-1.4201286564148663,602,0.01
0,4,0.0,12,50,2,44.83568779398445,13.163457827089513,-1.2255597806437823,602,0.01
0,4,0.0,15,50,2,160.6439503797087,86.9503521031059,-0.6138531374266267,602,0.01
0,4,0.0,18,50,2,104.8094549102684,5.449230548025985,-2.9566695715675877,602,0.01
0,4,0.1,6,5,0,3.205379134250399,3.205379134250399,0.0,602,0.01
0,4,0.1,6,20,0,22.880779411513117,22.880779411513117,0.0,602,0.01
0,4,0.1,6,50,0,56.91092940596857,56.91092940596857,0.0,602,0.01
0,4,0.1,0,5,1,2.001579085380303,1.941938794896357,-0.0302495588839811,602,0.01
0,4,0.1,3,5,1,10.664689974428724,32.13363695304947,1.1029650795887214,602,0.01
0,4,0.1,9,5,1,14.682431469701871,14.973217744869867,0.0196114806289244,602,0.01
0,4,0.1,21,5,1,22.719152644841564,9.61377088058842,-0.8600117602587078,602,0.01
0,4,0.1,24,5,1,15.129469925552216,1.9167824666708144,-2.0659965108142013,602,0.01
0,4,0.1,27,5,1,106.23526934984618,138.30020600727477,0.2637705714580456,602,0.01
0,4,0.1,0,20,1,5.468807034950587,5.520532876315555,0.0094138908766475,602,0.01
0,4,0.1,3,20,1,84.00959022335115,158.4616711806431,0.6345817802173859,602,0.01
0,4,0.1,9,20,1,131.7932528672375,54.31965245805313,-0.8863483433696021,602,0.01
0,4,0.1,21,20,1,267.74652459391024,49.29448963411726,-1.6922284265279626,602,0.01
0,4,0.1,24,20,1,164.64428186817975,3.1639511634614705,-3.9519656644838017,602,0.01
0,4,0.1,27,20,1,818.4096401968992,712.4572518136329,-0.1386430810014294,602,0.01
0,4,0.1,0,50,1,4.965078965991009,22.76370630420704,1.5227382369914406,602,0.01
0,4,0.1,3,50,1,180.1498362210352,165.46897366471697,-0.0850052211296171,602,0.01
0,4,0.1,9,50,1,142.17411338181577,67.37149445486702,-0.7468304595476724,602,0.01
0,4,0.1,21,50,1,494.7353939952447,74.8753569769079,-1.8881982379940652,602,0.01
0,4,0.1,24,50,1,61.21202734576251,1.8507856525758457,-3.498733469458805,602,0.01
0,4,0.1,27,50,1,888.802693596808,850.6614655032671,-0.0438610273627153,602,0.01
0,4,0.1,12,5,2,2.662168572156374,4.153371434569213,0.4447793549554135,602,0.01
0,4,0.1,15,5,2,3.4316688971473326,18.853438355774195,1.703648601620395,602,0.01
0,4,0.1,18,5,2,5.344746280213139,3.4041054157248407,-0.4511318963045034,602,0.01
0,4,0.1,12,20,2,19.318935624127302,16.97191567858824,-0.1295257762862146,602,0.01
0,4,0.1,15,20,2,37.85891339828092,92.32859492062184,0.8914874528046983,602,0.01
0,4,0.1,18,20,2,39.17371327962289,9.46761744551296,-1.4201286564148663,602,0.01
0,4,0.1,12,50,2,44.83568779398445,13.163457827089513,-1.2255597806437823,602,0.01
0,4,0.1,15,50,2,160.6439503797087,86.9503521031059,-0.6138531374266267,602,0.01
0,4,0.1,18,50,2,104.8094549102684,5.449230548025985,-2.9566695715675877,602,0.01
0,4,0.25,6,5,0,3.205379134250399,3.205379134250399,0.0,602,0.01
0,4,0.25,6,20,0,22.880779411513117,22.880779411513117,0.0,602,0.01
0,4,0.25,6,50,0,56.91092940596857,56.91092940596857,0.0,602,0.01
0,4,0.25,0,5,1,2.001579085380303,1.941938794896357,-0.0302495588839811,602,0.01
0,4,0.25,3,5,1,10.664689974428724,32.13363695304947,1.1029650795887214,602,0.01
0,4,0.25,9,5,1,14.682431469701871,14.973217744869867,0.0196114806289244,602,0.01
0,4,0.25,21,5,1,22.719152644841564,9.61377088058842,-0.8600117602587078,602,0.01
0,4,0.25,24,5,1,15.129469925552216,1.9167824666708144,-2.0659965108142013,602,0.01
0,4,0.25,27,5,1,106.23526934984618,138.30020600727477,0.2637705714580456,602,0.01
0,4,0.25,0,20,1,5.468807034950587,5.520532876315555,0.0094138908766475,602,0.01
0,4,0.25,3,20,1,84.00959022335115,158.4616711806431,0.6345817802173859,602,0.01
0,4,0.25,9,20,1,131.7932528672375,54.31965245805313,-0.8863483433696021,602,0.01
0,4,0.25,21,20,1,267.74652459391024,49.29448963411726,-1.6922284265279626,602,0.01
0,4,0.25,24,20,1,164.64428186817975,3.1639511634614705,-3.9519656644838017,602,0.01
0,4,0.25,27,20,1,818.4096401968992,712.4572518136329,-0.1386430810014294,602,0.01
0,4,0.25,0,50,1,4.965078965991009,22.76370630420704,1.5227382369914406,602,0.01
0,4,0.25,3,50,1,180.1498362210352,165.46897366471697,-0.0850052211296171,602,0.01
0,4,0.25,9,50,1,142.17411338181577,67.37149445486702,-0.7468304595476724,602,0.01
0,4,0.25,21,50,1,494.7353939952447,74.8753569769079,-1.8881982379940652,602,0.01
0,4,0.25,24,50,1,61.21202734576251,1.8507856525758457,-3.498733469458805,602,0.01
0,4,0.25,27,50,1,888.802693596808,850.6614655032671,-0.0438610273627153,602,0.01
0,4,0.25,12,5,2,2.662168572156374,4.153371434569213,0.4447793549554135,602,0.01
0,4,0.25,15,5,2,3.4316688971473326,18.853438355774195,1.703648601620395,602,0.01
0,4,0.25,18,5,2,5.344746280213139,3.4041054157248407,-0.4511318963045034,602,0.01
0,4,0.25,12,20,2,19.318935624127302,16.97191567858824,-0.1295257762862146,602,0.01
0,4,0.25,15,20,2,37.85891339828092,92.32859492062184,0.8914874528046983,602,0.01
0,4,0.25,18,20,2,39.17371327962289,9.46761744551296,-1.4201286564148663,602,0.01
0,4,0.25,12,50,2,44.83568779398445,13.163457827089513,-1.2255597806437823,602,0.01
0,4,0.25,15,50,2,160.6439503797087,86.9503521031059,-0.6138531374266267,602,0.01
0,4,0.25,18,50,2,104.8094549102684,5.449230548025985,-2.9566695715675877,602,0.01
0,5,0.0,6,5,0,3.205379134250399,3.205379134250399,0.0,602,0.01
0,5,0.0,6,20,0,22.880779411513117,22.880779411513117,0.0,602,0.01
0,5,0.0,6,50,0,56.91092940596857,56.91092940596857,0.0,602,0.01
0,5,0.0,12,5,1,2.662168572156374,4.153371411937414,0.4447793495063946,602,0.01
0,5,0.0,15,5,1,3.4316688971473326,18.853440421136646,1.7036487111687066,602,0.01
0,5,0.0,18,5,1,5.344746280213139,3.404105457951852,-0.4511318838997726,602,0.01
0,5,0.0,12,20,1,19.318935624127302,16.97191622021779,-0.129525744372932,602,0.01
0,5,0.0,15,20,1,37.85891339828092,92.3286070682438,0.8914875843741344,602,0.01
0,5,0.0,18,20,1,39.17371327962289,9.46761778774407,-1.420128620267324,602,0.01
0,5,0.0,12,50,1,44.83568779398445,13.163458657484366,-1.225559717560447,602,0.01
0,5,0.0,15,50,1,160.6439503797087,86.95036693025708,-0.6138529669023037,602,0.01
0,5,0.0,18,50,1,104.8094549102684,5.449230156374331,-2.9566696434404256,602,0.01
0,5,0.0,0,5,2,2.001579085380303,1.941938752500605,-0.0302495807156435,602,0.01
0,5,0.0,3,5,2,10.664689974428724,32.13364067092133,1.1029651952890278,602,0.01
0,5,0.0,9,5,2,14.682431469701871,14.973218405386788,0.0196115247421482,602,0.01
0,5,0.0,21,5,2,22.719152644841564,9.613770538521974,-0.8600117958395903,602,0.01
0,5,0.0,24,5,2,15.129469925552216,1.9167827100529424,-2.0659963838399005,602,0.01
0,5,0.0,27,5,2,106.23526934984618,138.30019627387176,0.2637705010792399,602,0.01
0,5,0.0,0,20,2,5.468807034950587,5.520533415161929,0.0094139884843171,602,0.01
0,5,0.0,3,20,2,84.00959022335115,158.46169333920722,0.6345819200528577,602,0.01
0,5,0.0,9,20,2,131.7932528672375,54.3196598770097,-0.8863482067900084,602,0.01
0,5,0.0,21,20,2,267.74652459391024,49.29448471450031,-1.6922285263285128,602,0.01
0,5,0.0,24,20,2,164.64428186817975,3.1639517113976963,-3.951965491302817,602,0.01
0,5,0.0,27,20,2,818.4096401968992,712.4572078286833,-0.1386431427383979,602,0.01
0,5,0.0,0,50,2,4.965078965991009,22.76370815261897,1.5227383181913925,602,0.01
0,5,0.0,3,50,2,180.1498362210352,165.46899917029046,-0.0850050669885055,602,0.01
0,5,0.0,9,50,2,142.17411338181577,67.37150665804974,-0.7468302784149586,602,0.01
0,5,0.0,21,50,2,494.7353939952447,74.8753488027848,-1.8881983471638093,602,0.01
0,5,0.0,24,50,2,61.21202734576251,1.850785243524628,-3.498733690473736,602,0.01
0,5,0.0,27,50,2,888.802693596808,850.6614262794313,-0.0438610734725231,602,0.01
0,5,0.1,6,5,0,3.205379134250399,3.205379134250399,0.0,602,0.01
0,5,0.1,6,20,0,22.880779411513117,22.880779411513117,0.0,602,0.01
0,5,0.1,6,50,0,56.91092940596857,56.91092940596857,0.0,602,0.01
0,5,0.1,12,5,1,2.662168572156374,4.153371411937414,0.4447793495063946,602,0.01
0,5,0.1,15,5,1,3.4316688971473326,18.853440421136646,1.7036487111687066,602,0.01
0,5,0.1,18,5,1,5.344746280213139,3.404105457951852,-0.4511318838997726,602,0.01
0,5,0.1,12,20,1,19.318935624127302,16.97191622021779,-0.129525744372932,602,0.01
0,5,0.1,15,20,1,37.85891339828092,92.3286070682438,0.8914875843741344,602,0.01
0,5,0.1,18,20,1,39.17371327962289,9.46761778774407,-1.420128620267324,602,0.01
0,5,0.1,12,50,1,44.83568779398445,13.163458657484366,-1.225559717560447,602,0.01
0,5,0.1,15,50,1,160.6439503797087,86.95036693025708,-0.6138529669023037,602,0.01
0,5,0.1,18,50,1,104.8094549102684,5.449230156374331,-2.9566696434404256,602,0.01
0,5,0.1,0,5,2,2.001579085380303,1.941938752500605,-0.0302495807156435,602,0.01
0,5,0.1,3,5,2,10.664689974428724,32.13364067092133,1.1029651952890278,602,0.01
0,5,0.1,9,5,2,14.682431469701871,14.973218405386788,0.0196115247421482,602,0.01
0,5,0.1,21,5,2,22.719152644841564,9.613770538521974,-0.8600117958395903,602,0.01
0,5,0.1,24,5,2,15.129469925552216,1.9167827100529424,-2.0659963838399005,602,0.01
0,5,0.1,27,5,2,106.23526934984618,138.30019627387176,0.2637705010792399,602,0.01
0,5,0.1,0,20,2,5.468807034950587,5.520533415161929,0.0094139884843171,602,0.01
0,5,0.1,3,20,2,84.00959022335115,158.46169333920722,0.6345819200528577,602,0.01
0,5,0.1,9,20,2,131.7932528672375,54.3196598770097,-0.8863482067900084,602,0.01
0,5,0.1,21,20,2,267.74652459391024,49.29448471450031,-1.6922285263285128,602,0.01
0,5,0.1,24,20,2,164.64428186817975,3.1639517113976963,-3.951965491302817,602,0.01
0,5,0.1,27,20,2,818.4096401968992,712.4572078286833,-0.1386431427383979,602,0.01
0,5,0.1,0,50,2,4.965078965991009,22.76370815261897,1.5227383181913925,602,0.01
0,5,0.1,3,50,2,180.1498362210352,165.46899917029046,-0.0850050669885055,602,0.01
0,5,0.1,9,50,2,142.17411338181577,67.37150665804974,-0.7468302784149586,602,0.01
0,5,0.1,21,50,2,494.7353939952447,74.8753488027848,-1.8881983471638093,602,0.01
0,5,0.1,24,50,2,61.21202734576251,1.850785243524628,-3.498733690473736,602,0.01
0,5,0.1,27,50,2,888.802693596808,850.6614262794313,-0.0438610734725231,602,0.01
0,5,0.25,6,5,0,3.205379134250399,3.205379134250399,0.0,602,0.01
0,5,0.25,6,20,0,22.880779411513117,22.880779411513117,0.0,602,0.01
0,5,0.25,6,50,0,56.91092940596857,56.91092940596857,0.0,602,0.01
0,5,0.25,12,5,1,2.662168572156374,4.153371411937414,0.4447793495063946,602,0.01
0,5,0.25,15,5,1,3.4316688971473326,18.853440421136646,1.7036487111687066,602,0.01
0,5,0.25,18,5,1,5.344746280213139,3.404105457951852,-0.4511318838997726,602,0.01
0,5,0.25,12,20,1,19.318935624127302,16.97191622021779,-0.129525744372932,602,0.01
0,5,0.25,15,20,1,37.85891339828092,92.3286070682438,0.8914875843741344,602,0.01
0,5,0.25,18,20,1,39.17371327962289,9.46761778774407,-1.420128620267324,602,0.01
0,5,0.25,12,50,1,44.83568779398445,13.163458657484366,-1.225559717560447,602,0.01
0,5,0.25,15,50,1,160.6439503797087,86.95036693025708,-0.6138529669023037,602,0.01
0,5,0.25,18,50,1,104.8094549102684,5.449230156374331,-2.9566696434404256,602,0.01
0,5,0.25,0,5,2,2.001579085380303,1.941938752500605,-0.0302495807156435,602,0.01
0,5,0.25,3,5,2,10.664689974428724,32.13364067092133,1.1029651952890278,602,0.01
0,5,0.25,9,5,2,14.682431469701871,14.973218405386788,0.0196115247421482,602,0.01
0,5,0.25,21,5,2,22.719152644841564,9.613770538521974,-0.8600117958395903,602,0.01
0,5,0.25,24,5,2,15.129469925552216,1.9167827100529424,-2.0659963838399005,602,0.01
0,5,0.25,27,5,2,106.23526934984618,138.30019627387176,0.2637705010792399,602,0.01
0,5,0.25,0,20,2,5.468807034950587,5.520533415161929,0.0094139884843171,602,0.01
0,5,0.25,3,20,2,84.00959022335115,158.46169333920722,0.6345819200528577,602,0.01
0,5,0.25,9,20,2,131.7932528672375,54.3196598770097,-0.8863482067900084,602,0.01
0,5,0.25,21,20,2,267.74652459391024,49.29448471450031,-1.6922285263285128,602,0.01
0,5,0.25,24,20,2,164.64428186817975,3.1639517113976963,-3.951965491302817,602,0.01
0,5,0.25,27,20,2,818.4096401968992,712.4572078286833,-0.1386431427383979,602,0.01
0,5,0.25,0,50,2,4.965078965991009,22.76370815261897,1.5227383181913925,602,0.01
0,5,0.25,3,50,2,180.1498362210352,165.46899917029046,-0.0850050669885055,602,0.01
0,5,0.25,9,50,2,142.17411338181577,67.37150665804974,-0.7468302784149586,602,0.01
0,5,0.25,21,50,2,494.7353939952447,74.8753488027848,-1.8881983471638093,602,0.01
0,5,0.25,24,50,2,61.21202734576251,1.850785243524628,-3.498733690473736,602,0.01
0,5,0.25,27,50,2,888.802693596808,850.6614262794313,-0.0438610734725231,602,0.01
1,0,0.0,1,5,0,2.043214651396809,2.043214651396809,0.0,602,0.01
1,0,0.0,4,5,0,3.535915511342573,3.535915511342573,0.0,602,0.01
1,0,0.0,1,20,0,5.757796900785471,5.757796900785471,0.0,602,0.01
1,0,0.0,4,20,0,15.984018285337262,15.984018285337262,0.0,602,0.01
1,0,0.0,1,50,0,4.2195431226091324,4.2195431226091324,0.0,602,0.01
1,0,0.0,4,50,0,32.649732797784104,32.649732797784104,0.0,602,0.01
1,0,0.0,7,5,1,2.820314227679729,1.9064671449814763,-0.3915964399900565,602,0.01
1,0,0.0,10,5,1,39.26201740332279,23.89522200122283,-0.4965790505622657,602,0.01
1,0,0.0,13,5,1,9.256763078607364,2.8554688240332005,-1.17611838680524,602,0.01
1,0,0.0,16,5,1,5.669444874915649,2.993114150249502,-0.6387768400703465,602,0.01
1,0,0.0,19,5,1,7.942990468279785,4.697593069246258,-0.5252395730200662,602,0.01
1,0,0.0,7,20,1,12.50360019972272,6.61090422525872,-0.6372961777500703,602,0.01
1,0,0.0,10,20,1,294.59634237614074,164.94118020426666,-0.5800171616571639,602,0.01
1,0,0.0,13,20,1,66.19281431366255,16.673595102734915,-1.3787455753984157,602,0.01
1,0,0.0,16,20,1,38.192146676149775,14.485128446789371,-0.9695074113285612,602,0.01
1,0,0.0,19,20,1,57.927431622151765,33.96401616688137,-0.5338894321026321,602,0.01
1,0,0.0,7,50,1,21.859308904143536,21.87386629955944,0.0006657369781984,602,0.01
1,0,0.0,10,50,1,364.4411778849342,218.0878188667837,-0.513467340371428,602,0.01
1,0,0.0,13,50,1,82.50454133245452,30.33138814530811,-1.0006702495648725,602,0.01
1,0,0.0,16,50,1,64.40697743691248,28.271895434271357,-0.8233537555259781,602,0.01
1,0,0.0,19,50,1,189.5960600486748,124.35511831871824,-0.4217544792838866,602,0.01
1,0,0.0,22,5,2,22.759109879973373,3.8803886271213903,-1.7690301892805262,602,0.01
1,0,0.0,25,5,2,9.394162505044514,8.11934280296343,-0.1458392709651809,602,0.01
1,0,0.0,28,5,2,9.156584089414713,1.4425102987170657,-1.8480883342662824,602,0.01
1,0,0.0,22,20,2,256.56892514435674,11.199437422953997,-3.131533795580685,602,0.01
1,0,0.0,25,20,2,62.86872952630976,23.993789883906143,-0.963253852214902,602,0.01
1,0,0.0,28,20,2,52.23817557027925,2.2482225553362283,-3.1456736317438616,602,0.01
1,0,0.0,22,50,2,514.846204762947,12.648461470766344,-3.706332639623655,602,0.01
1,0,0.0,25,50,2,55.95181071226453,22.79795956470127,-0.8978197580979999,602,0.01
1,0,0.0,28,50,2,50.06833523582168,2.722519512534561,-2.911831034115972,602,0.01
1,0,0.1,1,5,0,2.043214651396809,2.043214651396809,0.0,602,0.01
1,0,0.1,4,5,0,3.535915511342573,3.535915511342573,0.0,602,0.01
1,0,0.1,16,5,0,5.669444874915649,5.669444874915649,0.0,602,0.01
1,0,0.1,1,20,0,5.757796900785471,5.757796900785471,0.0,602,0.01
1,0,0.1,4,20,0,15.984018285337262,15.984018285337262,0.0,602,0.01
1,0,0.1,16,20,0,38.192146676149775,38.192146676149775,0.0,602,0.01
1,0,0.1,1,50,0,4.2195431226091324,4.2195431226091324,0.0,602,0.01
1,0,0.1,4,50,0,32.649732797784104,32.649732797784104,0.0,602,0.01
1,0,0.1,16,50,0,64.40697743691248,64.40697743691248,0.0,602,0.01
1,0,0.1,7,5,1,2.820314227679729,1.9064671449814763,-0.3915964399900565,602,0.01
1,0,0.1,10,5,1,39.26201740332279,23.89522200122283,-0.4965790505622657,602,0.01
1,0,0.1,13,5,1,9.256763078607364,2.8554688240332005,-1.17611838680524,602,0.01
1,0,0.1,19,5,1,7.942990468279785,4.697593069246258,-0.5252395730200662,602,0.01
1,0,0.1,7,20,1,12.50360019972272,6.61090422525872,-0.6372961777500703,602,0.01
1,0,0.1,10,20,1,294.59634237614074,164.94118020426666,-0.5800171616571639,602,0.01
1,0,0.1,13,20,1,66.19281431366255,16.673595102734915,-1.3787455753984157,602,0.01
1,0,0.1,19,20,1,57.927431622151765,33.96401616688137,-0.5338894321026321,602,0.01
1,0,0.1,7,50,1,21.859308904143536,21.87386629955944,0.0006657369781984,602,0.01
1,0,0.1,10,50,1,364.4411778849342,218.0878188667837,-0.513467340371428,602,0.01
1,0,0.1,13,50,1,82.50454133245452,30.33138814530811,-1.0006702495648725,602,0.01
1,0,0.1,19,50,1,189.5960600486748,124.35511831871824,-0.4217544792838866,602,0.01
1,0,0.1,22,5,2,22.759109879973373,3.8803886271213903,-1.7690301892805262,602,0.01
1,0,0.1,25,5,2,9.394162505044514,8.11934280296343,-0.1458392709651809,602,0.01
1,0,0.1,28,5,2,9.156584089414713,1.4425102987170657,-1.8480883342662824,602,0.01
1,0,0.1,22,20,2,256.56892514435674,11.199437422953997,-3.131533795580685,602,0.01
1,0,0.1,25,20,2,62.86872952630976,23.993789883906143,-0.963253852214902,602,0.01
1,0,0.1,28,20,2,52.23817557027925,2.2482225553362283,-3.1456736317438616,602,0.01
1,0,0.1,22,50,2,514.846204762947,12.648461470766344,-3.706332639623655,602,0.01
1,0,0.1,25,50,2,55.95181071226453,22.79795956470127,-0.8978197580979999,602,0.01
1,0,0.1,28,50,2,50.06833523582168,2.722519512534561,-2.911831034115972,602,0.01
1,0,0.25,1,5,0,2.043214651396809,2.043214651396809,0.0,602,0.01
1,0,0.25,4,5,0,3.535915511342573,3.535915511342573,0.0,602,0.01
1,0,0.25,7,5,0,2.820314227679729,2.820314227679729,0.0,602,0.01
1,0,0.25,16,5,0,5.669444874915649,5.669444874915649,0.0,602,0.01
1,0,0.25,1,20,0,5.757796900785471,5.757796900785471,0.0,602,0.01
1,0,0.25,4,20,0,15.984018285337262,15.984018285337262,0.0,602,0.01
1,0,0.25,7,20,0,12.50360019972272,12.50360019972272,0.0,602,0.01
1,0,0.25,16,20,0,38.192146676149775,38.192146676149775,0.0,602,0.01
1,0,0.25,1,50,0,4.2195431226091324,4.2195431226091324,0.0,602,0.01
1,0,0.25,4,50,0,32.649732797784104,32.649732797784104,0.0,602,0.01
1,0,0.25,7,50,0,21.859308904143536,21.859308904143536,0.0,602,0.01
1,0,0.25,16,50,0,64.40697743691248,64.40697743691248,0.0,602,0.01
1,0,0.25,10,5,1,39.26201740332279,23.89522200122283,-0.4965790505622657,602,0.01
1,0,0.25,13,5,1,9.256763078607364,2.8554688240332005,-1.17611838680524,602,0.01
1,0,0.25,19,5,1,7.942990468279785,4.697593069246258,-0.5252395730200662,602,0.01
1,0,0.25,10,20,1,294.59634237614074,164.94118020426666,-0.5800171616571639,602,0.01
1,0,0.25,13,20,1,66.19281431366255,16.673595102734915,-1.3787455753984157,602,0.01
1,0,0.25,19,20,1,57.927431622151765,33.96401616688137,-0.5338894321026321,602,0.01
1,0,0.25,10,50,1,364.4411778849342,218.0878188667837,-0.513467340371428,602,0.01
1,0,0.25,13,50,1,82.50454133245452,30.33138814530811,-1.0006702495648725,602,0.01
1,0,0.25,19,50,1,189.5960600486748,124.35511831871824,-0.4217544792838866,602,0.01
1,0,0.25,22,5,2,22.759109879973373,3.8803886271213903,-1.7690301892805262,602,0.01
1,0,0.25,25,5,2,9.394162505044514,8.11934280296343,-0.1458392709651809,602,0.01
1,0,0.25,28,5,2,9.156584089414713,1.4425102987170657,-1.8480883342662824,602,0.01
1,0,0.25,22,20,2,256.56892514435674,11.199437422953997,-3.131533795580685,602,0.01
1,0,0.25,25,20,2,62.86872952630976,23.993789883906143,-0.963253852214902,602,0.01
1,0,0.25,28,20,2,52.23817557027925,2.2482225553362283,-3.1456736317438616,602,0.01
1,0,0.25,22,50,2,514.846204762947,12.648461470766344,-3.706332639623655,602,0.01
1,0,0.25,25,50,2,55.95181071226453,22.79795956470127,-0.8978197580979999,602,0.01
1,0,0.25,28,50,2,50.06833523582168,2.722519512534561,-2.911831034115972,602,0.01
1,1,0.0,1,5,0,2.043214651396809,2.043214651396809,0.0,602,0.01
1,1,0.0,4,5,0,3.535915511342573,3.535915511342573,0.0,602,0.01
1,1,0.0,1,20,0,5.757796900785471,5.757796900785471,0.0,602,0.01
1,1,0.0,4,20,0,15.984018285337262,15.984018285337262,0.0,602,0.01
1,1,0.0,1,50,0,4.2195431226091324,4.2195431226091324,0.0,602,0.01
1,1,0.0,4,50,0,32.649732797784104,32.649732797784104,0.0,602,0.01
1,1,0.0,7,5,1,2.820314227679729,1.906466589453068,-0.3915967313816448,602,0.01
1,1,0.0,10,5,1,39.26201740332279,23.895231080170632,-0.496578670614087,602,0.01
1,1,0.0,13,5,1,9.256763078607364,2.855468555487862,-1.1761184808512155,602,0.01
1,1,0.0,16,5,1,5.669444874915649,2.9931140312902125,-0.6387768798146682,602,0.01
1,1,0.0,19,5,1,7.942990468279785,4.6975933681485085,-0.5252395093912594,602,0.01
1,1,0.0,7,20,1,12.50360019972272,6.610900868476578,-0.6372966855146485,602,0.01
1,1,0.0,10,20,1,294.59634237614074,164.94125775335095,-0.5800166914952192,602,0.01
1,1,0.0,13,20,1,66.19281431366255,16.673593053099864,-1.3787456983254245,602,0.01
1,1,0.0,16,20,1,38.192146676149775,14.485127718501673,-0.9695074616068672,602,0.01
1,1,0.0,19,20,1,57.927431622151765,33.96402495054249,-0.533889173485985,602,0.01
1,1,0.0,7,50,1,21.859308904143536,21.873858000943684,0.0006653575931724,602,0.01
1,1,0.0,10,50,1,364.4411778849342,218.0879053911327,-0.5134669436306458,602,0.01
1,1,0.0,13,50,1,82.50454133245452,30.331382196027,-1.000670445707616,602,0.01
1,1,0.0,16,50,1,64.40697743691248,28.271889747193622,-0.8233539566825758,602,0.01
1,1,0.0,19,50,1,189.5960600486748,124.35514553433612,-0.4217542604298878,602,0.01
1,1,0.0,22,5,2,22.759109879973373,3.880393215965489,-1.7690290067078962,602,0.01
1,1,0.0,25,5,2,9.394162505044514,8.119344545213075,-0.1458390563850727,602,0.01
1,1,0.0,28,5,2,9.156584089414713,1.4425105573605912,-1.8480881549653083,602,0.01
1,1,0.0,22,20,2,256.56892514435674,11.199454941348456,-3.1315322313609744,602,0.01
1,1,0.0,25,20,2,62.86872952630976,23.99379450974337,-0.9632536594218164,602,0.01
1,1,0.0,28,20,2,52.23817557027925,2.2482234950503357,-3.14567321376304,602,0.01
1,1,0.0,22,50,2,514.846204762947,12.64848058415649,-3.706331128501077,602,0.01
1,1,0.0,25,50,2,55.95181071226453,22.797962506548764,-0.8978196290580611,602,0.01
1,1,0.0,28,50,2,50.06833523582168,2.7225205969989887,-2.911830635784865,602,0.01
1,1,0.1,1,5,0,2.043214651396809,2.043214651396809,0.0,602,0.01
1,1,0.1,4,5,0,3.535915511342573,3.535915511342573,0.0,602,0.01
1,1,0.1,16,5,0,5.669444874915649,5.669444874915649,0.0,602,0.01
1,1,0.1,1,20,0,5.757796900785471,5.757796900785471,0.0,602,0.01
1,1,0.1,4,20,0,15.984018285337262,15.984018285337262,0.0,602,0.01
1,1,0.1,16,20,0,38.192146676149775,38.192146676149775,0.0,602,0.01
1,1,0.1,1,50,0,4.2195431226091324,4.2195431226091324,0.0,602,0.01
1,1,0.1,4,50,0,32.649732797784104,32.649732797784104,0.0,602,0.01
1,1,0.1,16,50,0,64.40697743691248,64.40697743691248,0.0,602,0.01
1,1,0.1,7,5,1,2.820314227679729,1.906466589453068,-0.3915967313816448,602,0.01
1,1,0.1,10,5,1,39.26201740332279,23.895231080170632,-0.496578670614087,602,0.01
1,1,0.1,13,5,1,9.256763078607364,2.855468555487862,-1.1761184808512155,602,0.01
1,1,0.1,19,5,1,7.942990468279785,4.6975933681485085,-0.5252395093912594,602,0.01
1,1,0.1,7,20,1,12.50360019972272,6.610900868476578,-0.6372966855146485,602,0.01
1,1,0.1,10,20,1,294.59634237614074,164.94125775335095,-0.5800166914952192,602,0.01
1,1,0.1,13,20,1,66.19281431366255,16.673593053099864,-1.3787456983254245,602,0.01
1,1,0.1,19,20,1,57.927431622151765,33.96402495054249,-0.533889173485985,602,0.01
1,1,0.1,7,50,1,21.859308904143536,21.873858000943684,0.0006653575931724,602,0.01
1,1,0.1,10,50,1,364.4411778849342,218.0879053911327,-0.5134669436306458,602,0.01
1,1,0.1,13,50,1,82.50454133245452,30.331382196027,-1.000670445707616,602,0.01
1,1,0.1,19,50,1,189.5960600486748,124.35514553433612,-0.4217542604298878,602,0.01
1,1,0.1,22,5,2,22.759109879973373,3.880393215965489,-1.7690290067078962,602,0.01
1,1,0.1,25,5,2,9.394162505044514,8.119344545213075,-0.1458390563850727,602,0.01
1,1,0.1,28,5,2,9.156584089414713,1.4425105573605912,-1.8480881549653083,602,0.01
1,1,0.1,22,20,2,256.56892514435674,11.199454941348456,-3.1315322313609744,602,0.01
1,1,0.1,25,20,2,62.86872952630976,23.99379450974337,-0.9632536594218164,602,0.01
1,1,0.1,28,20,2,52.23817557027925,2.2482234950503357,-3.14567321376304,602,0.01
1,1,0.1,22,50,2,514.846204762947,12.64848058415649,-3.706331128501077,602,0.01
1,1,0.1,25,50,2,55.95181071226453,22.797962506548764,-0.8978196290580611,602,0.01
1,1,0.1,28,50,2,50.06833523582168,2.7225205969989887,-2.911830635784865,602,0.01
1,1,0.25,1,5,0,2.043214651396809,2.043214651396809,0.0,602,0.01
1,1,0.25,4,5,0,3.535915511342573,3.535915511342573,0.0,602,0.01
1,1,0.25,7,5,0,2.820314227679729,2.820314227679729,0.0,602,0.01
1,1,0.25,16,5,0,5.669444874915649,5.669444874915649,0.0,602,0.01
1,1,0.25,1,20,0,5.757796900785471,5.757796900785471,0.0,602,0.01
1,1,0.25,4,20,0,15.984018285337262,15.984018285337262,0.0,602,0.01
1,1,0.25,7,20,0,12.50360019972272,12.50360019972272,0.0,602,0.01
1,1,0.25,16,20,0,38.192146676149775,38.192146676149775,0.0,602,0.01
1,1,0.25,1,50,0,4.2195431226091324,4.2195431226091324,0.0,602,0.01
1,1,0.25,4,50,0,32.649732797784104,32.649732797784104,0.0,602,0.01
1,1,0.25,7,50,0,21.859308904143536,21.859308904143536,0.0,602,0.01
1,1,0.25,16,50,0,64.40697743691248,64.40697743691248,0.0,602,0.01
1,1,0.25,10,5,1,39.26201740332279,23.895231080170632,-0.496578670614087,602,0.01
1,1,0.25,13,5,1,9.256763078607364,2.855468555487862,-1.1761184808512155,602,0.01
1,1,0.25,19,5,1,7.942990468279785,4.6975933681485085,-0.5252395093912594,602,0.01
1,1,0.25,10,20,1,294.59634237614074,164.94125775335095,-0.5800166914952192,602,0.01
1,1,0.25,13,20,1,66.19281431366255,16.673593053099864,-1.3787456983254245,602,0.01
1,1,0.25,19,20,1,57.927431622151765,33.96402495054249,-0.533889173485985,602,0.01
1,1,0.25,10,50,1,364.4411778849342,218.0879053911327,-0.5134669436306458,602,0.01
1,1,0.25,13,50,1,82.50454133245452,30.331382196027,-1.000670445707616,602,0.01
1,1,0.25,19,50,1,189.5960600486748,124.35514553433612,-0.4217542604298878,602,0.01
1,1,0.25,22,5,2,22.759109879973373,3.880393215965489,-1.7690290067078962,602,0.01
1,1,0.25,25,5,2,9.394162505044514,8.119344545213075,-0.1458390563850727,602,0.01
1,1,0.25,28,5,2,9.156584089414713,1.4425105573605912,-1.8480881549653083,602,0.01
1,1,0.25,22,20,2,256.56892514435674,11.199454941348456,-3.1315322313609744,602,0.01
1,1,0.25,25,20,2,62.86872952630976,23.99379450974337,-0.9632536594218164,602,0.01
1,1,0.25,28,20,2,52.23817557027925,2.2482234950503357,-3.14567321376304,602,0.01
1,1,0.25,22,50,2,514.846204762947,12.64848058415649,-3.706331128501077,602,0.01
1,1,0.25,25,50,2,55.95181071226453,22.797962506548764,-0.8978196290580611,602,0.01
1,1,0.25,28,50,2,50.06833523582168,2.7225205969989887,-2.911830635784865,602,0.01
1,2,0.0,1,5,0,2.043214651396809,2.043214651396809,0.0,602,0.01
1,2,0.0,4,5,0,3.535915511342573,3.535915511342573,0.0,602,0.01
1,2,0.0,1,20,0,5.757796900785471,5.757796900785471,0.0,602,0.01
1,2,0.0,4,20,0,15.984018285337262,15.984018285337262,0.0,602,0.01
1,2,0.0,1,50,0,4.2195431226091324,4.2195431226091324,0.0,602,0.01
1,2,0.0,4,50,0,32.649732797784104,32.649732797784104,0.0,602,0.01
1,2,0.0,22,5,1,22.759109879973373,3.880390121598244,-1.7690298041447294,602,0.01
1,2,0.0,25,5,1,9.394162505044514,8.119342953228665,-0.1458392524581125,602,0.01
1,2,0.0,28,5,1,9.156584089414713,1.4425102433750587,-1.8480883726313524,602,0.01
1,2,0.0,22,20,1,256.56892514435674,11.199442711418584,-3.131533323372739,602,0.01
1,2,0.0,25,20,1,62.86872952630976,23.993789391147587,-0.9632538727518228,602,0.01
1,2,0.0,28,20,1,52.23817557027925,2.248222555726996,-3.145673631570049,602,0.01
1,2,0.0,22,50,1,514.846204762947,12.648467838918888,-3.70633213615128,602,0.01
1,2,0.0,25,50,1,55.95181071226453,22.797958366485044,-0.8978198106560481,602,0.01
1,2,0.0,28,50,1,50.06833523582168,2.722519273474296,-2.911831121924443,602,0.01
1,2,0.0,7,5,2,2.820314227679729,1.9064669395416831,-0.3915965477494822,602,0.01
1,2,0.0,10,5,2,39.26201740332279,23.895227539053717,-0.4965788188075558,602,0.01
1,2,0.0,13,5,2,9.256763078607364,2.855469586815243,-1.1761181196750463,602,0.01
1,2,0.0,16,5,2,5.669444874915649,2.9931141833566386,-0.6387768290092459,602,0.01
1,2,0.0,19,5,2,7.942990468279785,4.697593709393016,-0.5252394367488514,602,0.01
1,2,0.0,7,20,2,12.50360019972272,6.610902421352798,-0.6372964506183659,602,0.01
1,2,0.0,10,20,2,294.59634237614074,164.9412230933189,-0.5800169016308526,602,0.01
1,2,0.0,13,20,2,66.19281431366255,16.673600171429744,-1.3787452714031443,602,0.01
1,2,0.0,16,20,2,38.192146676149775,14.485127881225942,-0.9695074503729812,602,0.01
1,2,0.0,19,20,2,57.927431622151765,33.96402406446253,-0.533889199574765,602,0.01
1,2,0.0,7,50,2,21.859308904143536,21.873859450837248,0.0006654238774793,602,0.01
1,2,0.0,10,50,2,364.4411778849342,218.08786969544892,-0.5134671073063279,602,0.01
1,2,0.0,13,50,2,82.50454133245452,30.331390037593057,-1.0006701871778534,602,0.01
1,2,0.0,16,50,2,64.40697743691248,28.27189221371138,-0.8233538694398176,602,0.01
1,2,0.0,19,50,2,189.5960600486748,124.35514244696384,-0.4217542852569451,602,0.01
1,2,0.1,1,5,0,2.043214651396809,2.043214651396809,0.0,602,0.01
1,2,0.1,4,5,0,3.535915511342573,3.535915511342573,0.0,602,0.01
1,2,0.1,16,5,0,5.669444874915649,5.669444874915649,0.0,602,0.01
1,2,0.1,1,20,0,5.757796900785471,5.757796900785471,0.0,602,0.01
1,2,0.1,4,20,0,15.984018285337262,15.984018285337262,0.0,602,0.01
1,2,0.1,16,20,0,38.192146676149775,38.192146676149775,0.0,602,0.01
1,2,0.1,1,50,0,4.2195431226091324,4.2195431226091324,0.0,602,0.01
1,2,0.1,4,50,0,32.649732797784104,32.649732797784104,0.0,602,0.01
1,2,0.1,16,50,0,64.40697743691248,64.40697743691248,0.0,602,0.01
1,2,0.1,22,5,1,22.759109879973373,3.880390121598244,-1.7690298041447294,602,0.01
1,2,0.1,25,5,1,9.394162505044514,8.119342953228665,-0.1458392524581125,602,0.01
1,2,0.1,28,5,1,9.156584089414713,1.4425102433750587,-1.8480883726313524,602,0.01
1,2,0.1,22,20,1,256.56892514435674,11.199442711418584,-3.131533323372739,602,0.01
1,2,0.1,25,20,1,62.86872952630976,23.993789391147587,-0.9632538727518228,602,0.01
1,2,0.1,28,20,1,52.23817557027925,2.248222555726996,-3.145673631570049,602,0.01
1,2,0.1,22,50,1,514.846204762947,12.648467838918888,-3.70633213615128,602,0.01
1,2,0.1,25,50,1,55.95181071226453,22.797958366485044,-0.8978198106560481,602,0.01
1,2,0.1,28,50,1,50.06833523582168,2.722519273474296,-2.911831121924443,602,0.01
1,2,0.1,7,5,2,2.820314227679729,1.9064669395416831,-0.3915965477494822,602,0.01
1,2,0.1,10,5,2,39.26201740332279,23.895227539053717,-0.4965788188075558,602,0.01
1,2,0.1,13,5,2,9.256763078607364,2.855469586815243,-1.1761181196750463,602,0.01
1,2,0.1,19,5,2,7.942990468279785,4.697593709393016,-0.5252394367488514,602,0.01
1,2,0.1,7,20,2,12.50360019972272,6.610902421352798,-0.6372964506183659,602,0.01
1,2,0.1,10,20,2,294.59634237614074,164.9412230933189,-0.5800169016308526,602,0.01
1,2,0.1,13,20,2,66.19281431366255,16.673600171429744,-1.3787452714031443,602,0.01
1,2,0.1,19,20,2,57.927431622151765,33.96402406446253,-0.533889199574765,602,0.01
1,2,0.1,7,50,2,21.859308904143536,21.873859450837248,0.0006654238774793,602,0.01
1,2,0.1,10,50,2,364.4411778849342,218.08786969544892,-0.5134671073063279,602,0.01
1,2,0.1,13,50,2,82.50454133245452,30.331390037593057,-1.0006701871778534,602,0.01
1,2,0.1,19,50,2,189.5960600486748,124.35514244696384,-0.4217542852569451,602,0.01
1,2,0.25,1,5,0,2.043214651396809,2.043214651396809,0.0,602,0.01
1,2,0.25,4,5,0,3.535915511342573,3.535915511342573,0.0,602,0.01
1,2,0.25,7,5,0,2.820314227679729,2.820314227679729,0.0,602,0.01
1,2,0.25,16,5,0,5.669444874915649,5.669444874915649,0.0,602,0.01
1,2,0.25,1,20,0,5.757796900785471,5.757796900785471,0.0,602,0.01
1,2,0.25,4,20,0,15.984018285337262,15.984018285337262,0.0,602,0.01
1,2,0.25,7,20,0,12.50360019972272,12.50360019972272,0.0,602,0.01
1,2,0.25,16,20,0,38.192146676149775,38.192146676149775,0.0,602,0.01
1,2,0.25,1,50,0,4.2195431226091324,4.2195431226091324,0.0,602,0.01
1,2,0.25,4,50,0,32.649732797784104,32.649732797784104,0.0,602,0.01
1,2,0.25,7,50,0,21.859308904143536,21.859308904143536,0.0,602,0.01
1,2,0.25,16,50,0,64.40697743691248,64.40697743691248,0.0,602,0.01
1,2,0.25,22,5,1,22.759109879973373,3.880390121598244,-1.7690298041447294,602,0.01
1,2,0.25,25,5,1,9.394162505044514,8.119342953228665,-0.1458392524581125,602,0.01
1,2,0.25,28,5,1,9.156584089414713,1.4425102433750587,-1.8480883726313524,602,0.01
1,2,0.25,22,20,1,256.56892514435674,11.199442711418584,-3.131533323372739,602,0.01
1,2,0.25,25,20,1,62.86872952630976,23.993789391147587,-0.9632538727518228,602,0.01
1,2,0.25,28,20,1,52.23817557027925,2.248222555726996,-3.145673631570049,602,0.01
1,2,0.25,22,50,1,514.846204762947,12.648467838918888,-3.70633213615128,602,0.01
1,2,0.25,25,50,1,55.95181071226453,22.797958366485044,-0.8978198106560481,602,0.01
1,2,0.25,28,50,1,50.06833523582168,2.722519273474296,-2.911831121924443,602,0.01
1,2,0.25,10,5,2,39.26201740332279,23.895227539053717,-0.4965788188075558,602,0.01
1,2,0.25,13,5,2,9.256763078607364,2.855469586815243,-1.1761181196750463,602,0.01
1,2,0.25,19,5,2,7.942990468279785,4.697593709393016,-0.5252394367488514,602,0.01
1,2,0.25,10,20,2,294.59634237614074,164.9412230933189,-0.5800169016308526,602,0.01
1,2,0.25,13,20,2,66.19281431366255,16.673600171429744,-1.3787452714031443,602,0.01
1,2,0.25,19,20,2,57.927431622151765,33.96402406446253,-0.533889199574765,602,0.01
1,2,0.25,10,50,2,364.4411778849342,218.08786969544892,-0.5134671073063279,602,0.01
1,2,0.25,13,50,2,82.50454133245452,30.331390037593057,-1.0006701871778534,602,0.01
1,2,0.25,19,50,2,189.5960600486748,124.35514244696384,-0.4217542852569451,602,0.01
1,3,0.0,7,5,0,2.820314227679729,2.820314227679729,0.0,602,0.01
1,3,0.0,10,5,0,39.26201740332279,39.26201740332279,0.0,602,0.01
1,3,0.0,16,5,0,5.669444874915649,5.669444874915649,0.0,602,0.01
1,3,0.0,19,5,0,7.942990468279785,7.942990468279785,0.0,602,0.01
1,3,0.0,22,5,0,22.759109879973373,22.759109879973373,0.0,602,0.01
1,3,0.0,25,5,0,9.394162505044514,9.394162505044514,0.0,602,0.01
1,3,0.0,7,20,0,12.50360019972272,12.50360019972272,0.0,602,0.01
1,3,0.0,10,20,0,294.59634237614074,294.59634237614074,0.0,602,0.01
1,3,0.0,16,20,0,38.192146676149775,38.192146676149775,0.0,602,0.01
1,3,0.0,19,20,0,57.927431622151765,57.927431622151765,0.0,602,0.01
1,3,0.0,22,20,0,256.56892514435674,256.56892514435674,0.0,602,0.01
1,3,0.0,25,20,0,62.86872952630976,62.86872952630976,0.0,602,0.01
1,3,0.0,7,50,0,21.859308904143536,21.859308904143536,0.0,602,0.01
1,3,0.0,10,50,0,364.4411778849342,364.4411778849342,0.0,602,0.01
1,3,0.0,16,50,0,64.40697743691248,64.40697743691248,0.0,602,0.01
1,3,0.0,19,50,0,189.5960600486748,189.5960600486748,0.0,602,0.01
1,3,0.0,22,50,0,514.846204762947,514.846204762947,0.0,602,0.01
1,3,0.0,25,50,0,55.95181071226453,55.95181071226453,0.0,602,0.01
1,3,0.0,1,5,1,2.043214651396809,2.0432146300513385,-1.0447003428062632e-08,602,0.01
1,3,0.0,4,5,1,3.535915511342573,3.5359150407227173,-1.3309703958746666e-07,602,0.01
1,3,0.0,28,5,1,9.156584089414713,9.15658263863204,-1.584414857155356e-07,602,0.01
1,3,0.0,1,20,1,5.757796900785471,5.757798309963468,2.447425375961288e-07,602,0.01
1,3,0.0,4,20,1,15.984018285337262,15.984014136358198,-2.595704990325024e-07,602,0.01
1,3,0.0,28,20,1,52.23817557027925,52.2381693190578,-1.196676904783476e-07,602,0.01
1,3,0.0,1,50,1,4.2195431226091324,4.219542426523921,-1.649669760307913e-07,602,0.01
1,3,0.0,4,50,1,32.649732797784104,32.64973175420764,-3.1962787705560215e-08,602,0.01
1,3,0.0,28,50,1,50.06833523582168,50.068327488185645,-1.5474124702019897e-07,602,0.01
1,3,0.0,13,5,2,9.256763078607364,13.274177910221228,0.3604662095411872,602,0.01
1,3,0.0,13,20,2,66.19281431366255,53.44946709772255,-0.2138352446274164,602,0.01
1,3,0.0,13,50,2,82.50454133245452,43.88001353918814,-0.6313943943223248,602,0.01
1,3,0.1,1,5,0,2.043214651396809,2.043214651396809,0.0,602,0.01
1,3,0.1,4,5,0,3.535915511342573,3.535915511342573,0.0,602,0.01
1,3,0.1,7,5,0,2.820314227679729,2.820314227679729,0.0,602,0.01
1,3,0.1,10,5,0,39.26201740332279,39.26201740332279,0.0,602,0.01
1,3,0.1,16,5,0,5.669444874915649,5.669444874915649,0.0,602,0.01
1,3,0.1,19,5,0,7.942990468279785,7.942990468279785,0.0,602,0.01
1,3,0.1,22,5,0,22.759109879973373,22.759109879973373,0.0,602,0.01
1,3,0.1,25,5,0,9.394162505044514,9.394162505044514,0.0,602,0.01
1,3,0.1,28,5,0,9.156584089414713,9.156584089414713,0.0,602,0.01
1,3,0.1,1,20,0,5.757796900785471,5.757796900785471,0.0,602,0.01
1,3,0.1,4,20,0,15.984018285337262,15.984018285337262,0.0,602,0.01
1,3,0.1,7,20,0,12.50360019972272,12.50360019972272,0.0,602,0.01
1,3,0.1,10,20,0,294.59634237614074,294.59634237614074,0.0,602,0.01
1,3,0.1,16,20,0,38.192146676149775,38.192146676149775,0.0,602,0.01
1,3,0.1,19,20,0,57.927431622151765,57.927431622151765,0.0,602,0.01
1,3,0.1,22,20,0,256.56892514435674,256.56892514435674,0.0,602,0.01
1,3,0.1,25,20,0,62.86872952630976,62.86872952630976,0.0,602,0.01
1,3,0.1,28,20,0,52.23817557027925,52.23817557027925,0.0,602,0.01
1,3,0.1,1,50,0,4.2195431226091324,4.2195431226091324,0.0,602,0.01
1,3,0.1,4,50,0,32.649732797784104,32.649732797784104,0.0,602,0.01
1,3,0.1,7,50,0,21.859308904143536,21.859308904143536,0.0,602,0.01
1,3,0.1,10,50,0,364.4411778849342,364.4411778849342,0.0,602,0.01
1,3,0.1,16,50,0,64.40697743691248,64.40697743691248,0.0,602,0.01
1,3,0.1,19,50,0,189.5960600486748,189.5960600486748,0.0,602,0.01
1,3,0.1,22,50,0,514.846204762947,514.846204762947,0.0,602,0.01
1,3,0.1,25,50,0,55.95181071226453,55.95181071226453,0.0,602,0.01
1,3,0.1,28,50,0,50.06833523582168,50.06833523582168,0.0,602,0.01
1,3,0.1,13,5,2,9.256763078607364,13.274177910221228,0.3604662095411872,602,0.01
1,3,0.1,13,20,2,66.19281431366255,53.44946709772255,-0.2138352446274164,602,0.01
1,3,0.1,13,50,2,82.50454133245452,43.88001353918814,-0.6313943943223248,602,0.01
1,3,0.25,1,5,0,2.043214651396809,2.043214651396809,0.0,602,0.01
1,3,0.25,4,5,0,3.535915511342573,3.535915511342573,0.0,602,0.01
1,3,0.25,7,5,0,2.820314227679729,2.820314227679729,0.0,602,0.01
1,3,0.25,10,5,0,39.26201740332279,39.26201740332279,0.0,602,0.01
1,3,0.25,16,5,0,5.669444874915649,5.669444874915649,0.0,602,0.01
1,3,0.25,19,5,0,7.942990468279785,7.942990468279785,0.0,602,0.01
1,3,0.25,22,5,0,22.759109879973373,22.759109879973373,0.0,602,0.01
1,3,0.25,25,5,0,9.394162505044514,9.394162505044514,0.0,602,0.01
1,3,0.25,28,5,0,9.156584089414713,9.156584089414713,0.0,602,0.01
1,3,0.25,1,20,0,5.757796900785471,5.757796900785471,0.0,602,0.01
1,3,0.25,4,20,0,15.984018285337262,15.984018285337262,0.0,602,0.01
1,3,0.25,7,20,0,12.50360019972272,12.50360019972272,0.0,602,0.01
1,3,0.25,10,20,0,294.59634237614074,294.59634237614074,0.0,602,0.01
1,3,0.25,16,20,0,38.192146676149775,38.192146676149775,0.0,602,0.01
1,3,0.25,19,20,0,57.927431622151765,57.927431622151765,0.0,602,0.01
1,3,0.25,22,20,0,256.56892514435674,256.56892514435674,0.0,602,0.01
1,3,0.25,25,20,0,62.86872952630976,62.86872952630976,0.0,602,0.01
1,3,0.25,28,20,0,52.23817557027925,52.23817557027925,0.0,602,0.01
1,3,0.25,1,50,0,4.2195431226091324,4.2195431226091324,0.0,602,0.01
1,3,0.25,4,50,0,32.649732797784104,32.649732797784104,0.0,602,0.01
1,3,0.25,7,50,0,21.859308904143536,21.859308904143536,0.0,602,0.01
1,3,0.25,10,50,0,364.4411778849342,364.4411778849342,0.0,602,0.01
1,3,0.25,16,50,0,64.40697743691248,64.40697743691248,0.0,602,0.01
1,3,0.25,19,50,0,189.5960600486748,189.5960600486748,0.0,602,0.01
1,3,0.25,22,50,0,514.846204762947,514.846204762947,0.0,602,0.01
1,3,0.25,25,50,0,55.95181071226453,55.95181071226453,0.0,602,0.01
1,3,0.25,28,50,0,50.06833523582168,50.06833523582168,0.0,602,0.01
1,3,0.25,13,5,2,9.256763078607364,13.274177910221228,0.3604662095411872,602,0.01
1,3,0.25,13,20,2,66.19281431366255,53.44946709772255,-0.2138352446274164,602,0.01
1,3,0.25,13,50,2,82.50454133245452,43.88001353918814,-0.6313943943223248,602,0.01
1,4,0.0,1,5,0,2.043214651396809,2.043214651396809,0.0,602,0.01
1,4,0.0,4,5,0,3.535915511342573,3.535915511342573,0.0,602,0.01
1,4,0.0,1,20,0,5.757796900785471,5.757796900785471,0.0,602,0.01
1,4,0.0,4,20,0,15.984018285337262,15.984018285337262,0.0,602,0.01
1,4,0.0,1,50,0,4.2195431226091324,4.2195431226091324,0.0,602,0.01
1,4,0.0,4,50,0,32.649732797784104,32.649732797784104,0.0,602,0.01
1,4,0.0,7,5,1,2.820314227679729,1.90646727481182,-0.3915963718900951,602,0.01
1,4,0.0,10,5,1,39.26201740332279,23.895220614319356,-0.496579108603305,602,0.01
1,4,0.0,13,5,1,9.256763078607364,2.855469167788934,-1.1761182664202057,602,0.01
1,4,0.0,16,5,1,5.669444874915649,2.993114171949642,-0.6387768328203257,602,0.01
1,4,0.0,19,5,1,7.942990468279785,4.697593002616863,-0.525239587203797,602,0.01
1,4,0.0,7,20,1,12.50360019972272,6.610905137566484,-0.637296039749629,602,0.01
1,4,0.0,10,20,1,294.59634237614074,164.94116622673286,-0.580017246399703,602,0.01
1,4,0.0,13,20,1,66.19281431366255,16.673597389485497,-1.378745438250403,602,0.01
1,4,0.0,16,20,1,38.192146676149775,14.485128175905778,-0.9695074300293685,602,0.01
1,4,0.0,19,20,1,57.927431622151765,33.96401396314731,-0.5338894969870123,602,0.01
1,4,0.0,7,50,1,21.859308904143536,21.87386832573496,0.0006658296081612,602,0.01
1,4,0.0,10,50,1,364.4411778849342,218.08780205878207,-0.5134674174413091,602,0.01
1,4,0.0,13,50,1,82.50454133245452,30.33138997513064,-1.000670189237186,602,0.01
1,4,0.0,16,50,1,64.40697743691248,28.271895124002103,-0.8233537665004546,602,0.01
1,4,0.0,19,50,1,189.5960600486748,124.35511082936016,-0.4217545395094599,602,0.01
1,4,0.0,22,5,2,22.759109879973373,3.880388534228368,-1.7690302132196294,602,0.01
1,4,0.0,25,5,2,9.394162505044514,8.119342337986726,-0.1458393282329584,602,0.01
1,4,0.0,28,5,2,9.156584089414713,1.4425102140496195,-1.848088392960802,602,0.01
1,4,0.0,22,20,2,256.56892514435674,11.199436514584706,-3.131533876689163,602,0.01
1,4,0.0,25,20,2,62.86872952630976,23.993787989714104,-0.9632539311600008,602,0.01
1,4,0.0,28,20,2,52.23817557027925,2.2482222687177447,-3.145673759230573,602,0.01
1,4,0.0,22,50,2,514.846204762947,12.648459749034275,-3.706332775745522,602,0.01
1,4,0.0,25,50,2,55.95181071226453,22.797957553643563,-0.8978198463101835,602,0.01
1,4,0.0,28,50,2,50.06833523582168,2.722519114149188,-2.91183118044565,602,0.01
1,4,0.1,1,5,0,2.043214651396809,2.043214651396809,0.0,602,0.01
1,4,0.1,4,5,0,3.535915511342573,3.535915511342573,0.0,602,0.01
1,4,0.1,16,5,0,5.669444874915649,5.669444874915649,0.0,602,0.01
1,4,0.1,1,20,0,5.757796900785471,5.757796900785471,0.0,602,0.01
1,4,0.1,4,20,0,15.984018285337262,15.984018285337262,0.0,602,0.01
1,4,0.1,16,20,0,38.192146676149775,38.192146676149775,0.0,602,0.01
1,4,0.1,1,50,0,4.2195431226091324,4.2195431226091324,0.0,602,0.01
1,4,0.1,4,50,0,32.649732797784104,32.649732797784104,0.0,602,0.01
1,4,0.1,16,50,0,64.40697743691248,64.40697743691248,0.0,602,0.01
1,4,0.1,7,5,1,2.820314227679729,1.90646727481182,-0.3915963718900951,602,0.01
1,4,0.1,10,5,1,39.26201740332279,23.895220614319356,-0.496579108603305,602,0.01
1,4,0.1,13,5,1,9.256763078607364,2.855469167788934,-1.1761182664202057,602,0.01
1,4,0.1,19,5,1,7.942990468279785,4.697593002616863,-0.525239587203797,602,0.01
1,4,0.1,7,20,1,12.50360019972272,6.610905137566484,-0.637296039749629,602,0.01
1,4,0.1,10,20,1,294.59634237614074,164.94116622673286,-0.580017246399703,602,0.01
1,4,0.1,13,20,1,66.19281431366255,16.673597389485497,-1.378745438250403,602,0.01
1,4,0.1,19,20,1,57.927431622151765,33.96401396314731,-0.5338894969870123,602,0.01
1,4,0.1,7,50,1,21.859308904143536,21.87386832573496,0.0006658296081612,602,0.01
1,4,0.1,10,50,1,364.4411778849342,218.08780205878207,-0.5134674174413091,602,0.01
1,4,0.1,13,50,1,82.50454133245452,30.33138997513064,-1.000670189237186,602,0.01
1,4,0.1,19,50,1,189.5960600486748,124.35511082936016,-0.4217545395094599,602,0.01
1,4,0.1,22,5,2,22.759109879973373,3.880388534228368,-1.7690302132196294,602,0.01
1,4,0.1,25,5,2,9.394162505044514,8.119342337986726,-0.1458393282329584,602,0.01
1,4,0.1,28,5,2,9.156584089414713,1.4425102140496195,-1.848088392960802,602,0.01
1,4,0.1,22,20,2,256.56892514435674,11.199436514584706,-3.131533876689163,602,0.01
1,4,0.1,25,20,2,62.86872952630976,23.993787989714104,-0.9632539311600008,602,0.01
1,4,0.1,28,20,2,52.23817557027925,2.2482222687177447,-3.145673759230573,602,0.01
1,4,0.1,22,50,2,514.846204762947,12.648459749034275,-3.706332775745522,602,0.01
1,4,0.1,25,50,2,55.95181071226453,22.797957553643563,-0.8978198463101835,602,0.01
1,4,0.1,28,50,2,50.06833523582168,2.722519114149188,-2.91183118044565,602,0.01
1,4,0.25,1,5,0,2.043214651396809,2.043214651396809,0.0,602,0.01
1,4,0.25,4,5,0,3.535915511342573,3.535915511342573,0.0,602,0.01
1,4,0.25,7,5,0,2.820314227679729,2.820314227679729,0.0,602,0.01
1,4,0.25,16,5,0,5.669444874915649,5.669444874915649,0.0,602,0.01
1,4,0.25,1,20,0,5.757796900785471,5.757796900785471,0.0,602,0.01
1,4,0.25,4,20,0,15.984018285337262,15.984018285337262,0.0,602,0.01
1,4,0.25,7,20,0,12.50360019972272,12.50360019972272,0.0,602,0.01
1,4,0.25,16,20,0,38.192146676149775,38.192146676149775,0.0,602,0.01
1,4,0.25,1,50,0,4.2195431226091324,4.2195431226091324,0.0,602,0.01
1,4,0.25,4,50,0,32.649732797784104,32.649732797784104,0.0,602,0.01
1,4,0.25,7,50,0,21.859308904143536,21.859308904143536,0.0,602,0.01
1,4,0.25,16,50,0,64.40697743691248,64.40697743691248,0.0,602,0.01
1,4,0.25,10,5,1,39.26201740332279,23.895220614319356,-0.496579108603305,602,0.01
1,4,0.25,13,5,1,9.256763078607364,2.855469167788934,-1.1761182664202057,602,0.01
1,4,0.25,19,5,1,7.942990468279785,4.697593002616863,-0.525239587203797,602,0.01
1,4,0.25,10,20,1,294.59634237614074,164.94116622673286,-0.580017246399703,602,0.01
1,4,0.25,13,20,1,66.19281431366255,16.673597389485497,-1.378745438250403,602,0.01
1,4,0.25,19,20,1,57.927431622151765,33.96401396314731,-0.5338894969870123,602,0.01
1,4,0.25,10,50,1,364.4411778849342,218.08780205878207,-0.5134674174413091,602,0.01
1,4,0.25,13,50,1,82.50454133245452,30.33138997513064,-1.000670189237186,602,0.01
1,4,0.25,19,50,1,189.5960600486748,124.35511082936016,-0.4217545395094599,602,0.01
1,4,0.25,22,5,2,22.759109879973373,3.880388534228368,-1.7690302132196294,602,0.01
1,4,0.25,25,5,2,9.394162505044514,8.119342337986726,-0.1458393282329584,602,0.01
1,4,0.25,28,5,2,9.156584089414713,1.4425102140496195,-1.848088392960802,602,0.01
1,4,0.25,22,20,2,256.56892514435674,11.199436514584706,-3.131533876689163,602,0.01
1,4,0.25,25,20,2,62.86872952630976,23.993787989714104,-0.9632539311600008,602,0.01
1,4,0.25,28,20,2,52.23817557027925,2.2482222687177447,-3.145673759230573,602,0.01
1,4,0.25,22,50,2,514.846204762947,12.648459749034275,-3.706332775745522,602,0.01
1,4,0.25,25,50,2,55.95181071226453,22.797957553643563,-0.8978198463101835,602,0.01
1,4,0.25,28,50,2,50.06833523582168,2.722519114149188,-2.91183118044565,602,0.01
1,5,0.0,1,5,0,2.043214651396809,2.043214651396809,0.0,602,0.01
1,5,0.0,4,5,0,3.535915511342573,3.535915511342573,0.0,602,0.01
1,5,0.0,1,20,0,5.757796900785471,5.757796900785471,0.0,602,0.01
1,5,0.0,4,20,0,15.984018285337262,15.984018285337262,0.0,602,0.01
1,5,0.0,1,50,0,4.2195431226091324,4.2195431226091324,0.0,602,0.01
1,5,0.0,4,50,0,32.649732797784104,32.649732797784104,0.0,602,0.01
1,5,0.0,7,5,1,2.820314227679729,1.9064668187216127,-0.3915966111232924,602,0.01
1,5,0.0,10,5,1,39.26201740332279,23.895229042736364,-0.4965787558794,602,0.01
1,5,0.0,13,5,1,9.256763078607364,2.8554696899855623,-1.1761180835442753,602,0.01
1,5,0.0,16,5,1,5.669444874915649,2.993113957312972,-0.6387769045304795,602,0.01
1,5,0.0,19,5,1,7.942990468279785,4.69759345084817,-0.5252394917865725,602,0.01
1,5,0.0,7,20,1,12.50360019972272,6.610901350344452,-0.6372966126247555,602,0.01
1,5,0.0,10,20,1,294.59634237614074,164.9412434030316,-0.5800167784978295,602,0.01
1,5,0.0,13,20,1,66.19281431366255,16.673600100056678,-1.3787452756837475,602,0.01
1,5,0.0,16,20,1,38.192146676149775,14.485125667787583,-0.9695076031806436,602,0.01
1,5,0.0,19,20,1,57.927431622151765,33.964025992467654,-0.5338891428086684,602,0.01
1,5,0.0,7,50,1,21.859308904143536,21.873856544695744,0.0006652910183603,602,0.01
1,5,0.0,10,50,1,364.4411778849342,218.0879011674146,-0.5134669629976901,602,0.01
1,5,0.0,13,50,1,82.50454133245452,30.33138878907477,-1.0006702283404347,602,0.01
1,5,0.0,16,50,1,64.40697743691248,28.271888380030138,-0.8233540050402746,602,0.01
1,5,0.0,19,50,1,189.5960600486748,124.35515467404744,-0.4217541869330419,602,0.01
1,5,0.0,22,5,2,22.759109879973373,3.8803902180153793,-1.769029779297451,602,0.01
1,5,0.0,25,5,2,9.394162505044514,8.119343860559654,-0.1458391407088066,602,0.01
1,5,0.0,28,5,2,9.156584089414713,1.4425103149573175,-1.8480883230079563,602,0.01
1,5,0.0,22,20,2,256.56892514435674,11.19944109189822,-3.131533467979977,602,0.01
1,5,0.0,25,20,2,62.86872952630976,23.99379322779161,-0.9632537128502896,602,0.01
1,5,0.0,28,20,2,52.23817557027925,2.248222293796515,-3.14567374807564,602,0.01
1,5,0.0,22,50,2,514.846204762947,12.648464983143596,-3.70633236193164,602,0.01
1,5,0.0,25,50,2,55.95181071226453,22.797962790861156,-0.8978196165871053,602,0.01
1,5,0.0,28,50,2,50.06833523582168,2.7225190191666857,-2.9118312153333767,602,0.01
1,5,0.1,1,5,0,2.043214651396809,2.043214651396809,0.0,602,0.01
1,5,0.1,4,5,0,3.535915511342573,3.535915511342573,0.0,602,0.01
1,5,0.1,16,5,0,5.669444874915649,5.669444874915649,0.0,602,0.01
1,5,0.1,1,20,0,5.757796900785471,5.757796900785471,0.0,602,0.01
1,5,0.1,4,20,0,15.984018285337262,15.984018285337262,0.0,602,0.01
1,5,0.1,16,20,0,38.192146676149775,38.192146676149775,0.0,602,0.01
1,5,0.1,1,50,0,4.2195431226091324,4.2195431226091324,0.0,602,0.01
1,5,0.1,4,50,0,32.649732797784104,32.649732797784104,0.0,602,0.01
1,5,0.1,16,50,0,64.40697743691248,64.40697743691248,0.0,602,0.01
1,5,0.1,7,5,1,2.820314227679729,1.9064668187216127,-0.3915966111232924,602,0.01
1,5,0.1,10,5,1,39.26201740332279,23.895229042736364,-0.4965787558794,602,0.01
1,5,0.1,13,5,1,9.256763078607364,2.8554696899855623,-1.1761180835442753,602,0.01
1,5,0.1,19,5,1,7.942990468279785,4.69759345084817,-0.5252394917865725,602,0.01
1,5,0.1,7,20,1,12.50360019972272,6.610901350344452,-0.6372966126247555,602,0.01
1,5,0.1,10,20,1,294.59634237614074,164.9412434030316,-0.5800167784978295,602,0.01
1,5,0.1,13,20,1,66.19281431366255,16.673600100056678,-1.3787452756837475,602,0.01
1,5,0.1,19,20,1,57.927431622151765,33.964025992467654,-0.5338891428086684,602,0.01
1,5,0.1,7,50,1,21.859308904143536,21.873856544695744,0.0006652910183603,602,0.01
1,5,0.1,10,50,1,364.4411778849342,218.0879011674146,-0.5134669629976901,602,0.01
1,5,0.1,13,50,1,82.50454133245452,30.33138878907477,-1.0006702283404347,602,0.01
1,5,0.1,19,50,1,189.5960600486748,124.35515467404744,-0.4217541869330419,602,0.01
1,5,0.1,22,5,2,22.759109879973373,3.8803902180153793,-1.769029779297451,602,0.01
1,5,0.1,25,5,2,9.394162505044514,8.119343860559654,-0.1458391407088066,602,0.01
1,5,0.1,28,5,2,9.156584089414713,1.4425103149573175,-1.8480883230079563,602,0.01
1,5,0.1,22,20,2,256.56892514435674,11.19944109189822,-3.131533467979977,602,0.01
1,5,0.1,25,20,2,62.86872952630976,23.99379322779161,-0.9632537128502896,602,0.01
1,5,0.1,28,20,2,52.23817557027925,2.248222293796515,-3.14567374807564,602,0.01
1,5,0.1,22,50,2,514.846204762947,12.648464983143596,-3.70633236193164,602,0.01
1,5,0.1,25,50,2,55.95181071226453,22.797962790861156,-0.8978196165871053,602,0.01
1,5,0.1,28,50,2,50.06833523582168,2.7225190191666857,-2.9118312153333767,602,0.01
1,5,0.25,1,5,0,2.043214651396809,2.043214651396809,0.0,602,0.01
1,5,0.25,4,5,0,3.535915511342573,3.535915511342573,0.0,602,0.01
1,5,0.25,7,5,0,2.820314227679729,2.820314227679729,0.0,602,0.01
1,5,0.25,16,5,0,5.669444874915649,5.669444874915649,0.0,602,0.01
1,5,0.25,1,20,0,5.757796900785471,5.757796900785471,0.0,602,0.01
1,5,0.25,4,20,0,15.984018285337262,15.984018285337262,0.0,602,0.01
1,5,0.25,7,20,0,12.50360019972272,12.50360019972272,0.0,602,0.01
1,5,0.25,16,20,0,38.192146676149775,38.192146676149775,0.0,602,0.01
1,5,0.25,1,50,0,4.2195431226091324,4.2195431226091324,0.0,602,0.01
1,5,0.25,4,50,0,32.649732797784104,32.649732797784104,0.0,602,0.01
1,5,0.25,7,50,0,21.859308904143536,21.859308904143536,0.0,602,0.01
1,5,0.25,16,50,0,64.40697743691248,64.40697743691248,0.0,602,0.01
1,5,0.25,10,5,1,39.26201740332279,23.895229042736364,-0.4965787558794,602,0.01
1,5,0.25,13,5,1,9.256763078607364,2.8554696899855623,-1.1761180835442753,602,0.01
1,5,0.25,19,5,1,7.942990468279785,4.69759345084817,-0.5252394917865725,602,0.01
1,5,0.25,10,20,1,294.59634237614074,164.9412434030316,-0.5800167784978295,602,0.01
1,5,0.25,13,20,1,66.19281431366255,16.673600100056678,-1.3787452756837475,602,0.01
1,5,0.25,19,20,1,57.927431622151765,33.964025992467654,-0.5338891428086684,602,0.01
1,5,0.25,10,50,1,364.4411778849342,218.0879011674146,-0.5134669629976901,602,0.01
1,5,0.25,13,50,1,82.50454133245452,30.33138878907477,-1.0006702283404347,602,0.01
1,5,0.25,19,50,1,189.5960600486748,124.35515467404744,-0.4217541869330419,602,0.01
1,5,0.25,22,5,2,22.759109879973373,3.8803902180153793,-1.769029779297451,602,0.01
1,5,0.25,25,5,2,9.394162505044514,8.119343860559654,-0.1458391407088066,602,0.01
1,5,0.25,28,5,2,9.156584089414713,1.4425103149573175,-1.8480883230079563,602,0.01
1,5,0.25,22,20,2,256.56892514435674,11.19944109189822,-3.131533467979977,602,0.01
1,5,0.25,25,20,2,62.86872952630976,23.99379322779161,-0.9632537128502896,602,0.01
1,5,0.25,28,20,2,52.23817557027925,2.248222293796515,-3.14567374807564,602,0.01
1,5,0.25,22,50,2,514.846204762947,12.648464983143596,-3.70633236193164,602,0.01
1,5,0.25,25,50,2,55.95181071226453,22.797962790861156,-0.8978196165871053,602,0.01
1,5,0.25,28,50,2,50.06833523582168,2.7225190191666857,-2.9118312153333767,602,0.01
0,0,0.0,3,5,0,2.5781167523721016,2.5781167523721016,0.0,602,1.0
0,0,0.0,6,5,0,2.5399035325540877,2.5399035325540877,0.0,602,1.0
0,0,0.0,9,5,0,10.453861642750852,10.453861642750852,0.0,602,1.0
0,0,0.0,15,5,0,6.622814646801427,6.622814646801427,0.0,602,1.0
0,0,0.0,3,20,0,12.341043003527034,12.341043003527034,0.0,602,1.0
0,0,0.0,6,20,0,16.18528324662632,16.18528324662632,0.0,602,1.0
0,0,0.0,9,20,0,133.43780715098902,133.43780715098902,0.0,602,1.0
0,0,0.0,15,20,0,136.53674704814802,136.53674704814802,0.0,602,1.0
0,0,0.0,3,50,0,26.35174646191976,26.35174646191976,0.0,602,1.0
0,0,0.0,6,50,0,62.86957601958962,62.86957601958962,0.0,602,1.0
0,0,0.0,9,50,0,238.9532875325544,238.9532875325544,0.0,602,1.0
0,0,0.0,15,50,0,494.93083788070174,494.93083788070174,0.0,602,1.0
0,0,0.0,0,5,1,1.7911665946242137,2.0449793225498265,0.1325205418110727,602,1.0
0,0,0.0,12,5,1,2.6346506487393544,1.9968430098869725,-0.2771831537125485,602,1.0
0,0,0.0,18,5,1,3.925089644633849,3.2619757580368858,-0.185056117825233,602,1.0
0,0,0.0,0,20,1,6.598859544125656,5.889568616965658,-0.1137140826794143,602,1.0
0,0,0.0,12,20,1,26.579033104652584,8.030143661121802,-1.1969202574740223,602,1.0
0,0,0.0,18,20,1,52.57861203552935,18.07997756385436,-1.067504307733129,602,1.0
0,0,0.0,0,50,1,5.843969936354874,18.937221551249365,1.1757190300827831,602,1.0
0,0,0.0,12,50,1,100.01746094740064,14.630640885635426,-1.9222267598835423,602,1.0
0,0,0.0,18,50,1,222.5737163533281,15.879363493268576,-2.640237983460797,602,1.0
0,0,0.0,21,5,2,16.47016652508534,7.746900986531534,-0.7542577642619079,602,1.0
0,0,0.0,24,5,2,7.8874846668268495,2.8063520826799877,-1.033391835133166,602,1.0
0,0,0.0,27,5,2,100.61995011645102,115.0056997597755,0.1336311409622385,602,1.0
0,0,0.0,21,20,2,245.49988945957227,32.411723258700675,-2.024776310641756,602,1.0
0,0,0.0,24,20,2,104.51318126248955,10.2325586829928,-2.323738535604079,602,1.0
0,0,0.0,27,20,2,1245.7020674300072,974.0747408180453,-0.2459665228925816,602,1.0
0,0,0.0,21,50,2,471.6038295369941,55.483576124208014,-2.140052237669902,602,1.0
0,0,0.0,24,50,2,91.09513332707972,3.6770854230159937,-3.209783947857116,602,1.0
0,0,0.0,27,50,2,2069.5579830791394,1132.9153329565847,-0.6025407986711909,602,1.0
0,0,0.1,3,5,0,2.5781167523721016,2.5781167523721016,0.0,602,1.0
0,0,0.1,6,5,0,2.5399035325540877,2.5399035325540877,0.0,602,1.0
0,0,0.1,9,5,0,10.453861642750852,10.453861642750852,0.0,602,1.0
0,0,0.1,15,5,0,6.622814646801427,6.622814646801427,0.0,602,1.0
0,0,0.1,3,20,0,12.341043003527034,12.341043003527034,0.0,602,1.0
0,0,0.1,6,20,0,16.18528324662632,16.18528324662632,0.0,602,1.0
0,0,0.1,9,20,0,133.43780715098902,133.43780715098902,0.0,602,1.0
0,0,0.1,15,20,0,136.53674704814802,136.53674704814802,0.0,602,1.0
0,0,0.1,3,50,0,26.35174646191976,26.35174646191976,0.0,602,1.0
0,0,0.1,6,50,0,62.86957601958962,62.86957601958962,0.0,602,1.0
0,0,0.1,9,50,0,238.9532875325544,238.9532875325544,0.0,602,1.0
0,0,0.1,15,50,0,494.93083788070174,494.93083788070174,0.0,602,1.0
0,0,0.1,0,5,1,1.7911665946242137,2.0449793225498265,0.1325205418110727,602,1.0
0,0,0.1,12,5,1,2.6346506487393544,1.9968430098869725,-0.2771831537125485,602,1.0
0,0,0.1,18,5,1,3.925089644633849,3.2619757580368858,-0.185056117825233,602,1.0
0,0,0.1,0,20,1,6.598859544125656,5.889568616965658,-0.1137140826794143,602,1.0
0,0,0.1,12,20,1,26.579033104652584,8.030143661121802,-1.1969202574740223,602,1.0
0,0,0.1,18,20,1,52.57861203552935,18.07997756385436,-1.067504307733129,602,1.0
0,0,0.1,0,50,1,5.843969936354874,18.937221551249365,1.1757190300827831,602,1.0
0,0,0.1,12,50,1,100.01746094740064,14.630640885635426,-1.9222267598835423,602,1.0
0,0,0.1,18,50,1,222.5737163533281,15.879363493268576,-2.640237983460797,602,1.0
0,0,0.1,21,5,2,16.47016652508534,7.746900986531534,-0.7542577642619079,602,1.0
0,0,0.1,24,5,2,7.8874846668268495,2.8063520826799877,-1.033391835133166,602,1.0
0,0,0.1,27,5,2,100.61995011645102,115.0056997597755,0.1336311409622385,602,1.0
0,0,0.1,21,20,2,245.49988945957227,32.411723258700675,-2.024776310641756,602,1.0
0,0,0.1,24,20,2,104.51318126248955,10.2325586829928,-2.323738535604079,602,1.0
0,0,0.1,27,20,2,1245.7020674300072,974.0747408180453,-0.2459665228925816,602,1.0
0,0,0.1,21,50,2,471.6038295369941,55.483576124208014,-2.140052237669902,602,1.0
0,0,0.1,24,50,2,91.09513332707972,3.6770854230159937,-3.209783947857116,602,1.0
0,0,0.1,27,50,2,2069.5579830791394,1132.9153329565847,-0.6025407986711909,602,1.0
0,0,0.25,3,5,0,2.5781167523721016,2.5781167523721016,0.0,602,1.0
0,0,0.25,6,5,0,2.5399035325540877,2.5399035325540877,0.0,602,1.0
0,0,0.25,9,5,0,10.453861642750852,10.453861642750852,0.0,602,1.0
0,0,0.25,15,5,0,6.622814646801427,6.622814646801427,0.0,602,1.0
0,0,0.25,3,20,0,12.341043003527034,12.341043003527034,0.0,602,1.0
0,0,0.25,6,20,0,16.18528324662632,16.18528324662632,0.0,602,1.0
0,0,0.25,9,20,0,133.43780715098902,133.43780715098902,0.0,602,1.0
0,0,0.25,15,20,0,136.53674704814802,136.53674704814802,0.0,602,1.0
0,0,0.25,3,50,0,26.35174646191976,26.35174646191976,0.0,602,1.0
0,0,0.25,6,50,0,62.86957601958962,62.86957601958962,0.0,602,1.0
0,0,0.25,9,50,0,238.9532875325544,238.9532875325544,0.0,602,1.0
0,0,0.25,15,50,0,494.93083788070174,494.93083788070174,0.0,602,1.0
0,0,0.25,0,5,1,1.7911665946242137,2.0449793225498265,0.1325205418110727,602,1.0
0,0,0.25,12,5,1,2.6346506487393544,1.9968430098869725,-0.2771831537125485,602,1.0
0,0,0.25,18,5,1,3.925089644633849,3.2619757580368858,-0.185056117825233,602,1.0
0,0,0.25,0,20,1,6.598859544125656,5.889568616965658,-0.1137140826794143,602,1.0
0,0,0.25,12,20,1,26.579033104652584,8.030143661121802,-1.1969202574740223,602,1.0
0,0,0.25,18,20,1,52.57861203552935,18.07997756385436,-1.067504307733129,602,1.0
0,0,0.25,0,50,1,5.843969936354874,18.937221551249365,1.1757190300827831,602,1.0
0,0,0.25,12,50,1,100.01746094740064,14.630640885635426,-1.9222267598835423,602,1.0
0,0,0.25,18,50,1,222.5737163533281,15.879363493268576,-2.640237983460797,602,1.0
0,0,0.25,21,5,2,16.47016652508534,7.746900986531534,-0.7542577642619079,602,1.0
0,0,0.25,24,5,2,7.8874846668268495,2.8063520826799877,-1.033391835133166,602,1.0
0,0,0.25,27,5,2,100.61995011645102,115.0056997597755,0.1336311409622385,602,1.0
0,0,0.25,21,20,2,245.49988945957227,32.411723258700675,-2.024776310641756,602,1.0
0,0,0.25,24,20,2,104.51318126248955,10.2325586829928,-2.323738535604079,602,1.0
0,0,0.25,27,20,2,1245.7020674300072,974.0747408180453,-0.2459665228925816,602,1.0
0,0,0.25,21,50,2,471.6038295369941,55.483576124208014,-2.140052237669902,602,1.0
0,0,0.25,24,50,2,91.09513332707972,3.6770854230159937,-3.209783947857116,602,1.0
0,0,0.25,27,50,2,2069.5579830791394,1132.9153329565847,-0.6025407986711909,602,1.0
0,1,0.0,3,5,0,2.5781167523721016,2.5781167523721016,0.0,602,1.0
0,1,0.0,6,5,0,2.5399035325540877,2.5399035325540877,0.0,602,1.0
0,1,0.0,3,20,0,12.341043003527034,12.341043003527034,0.0,602,1.0
0,1,0.0,6,20,0,16.18528324662632,16.18528324662632,0.0,602,1.0
0,1,0.0,3,50,0,26.35174646191976,26.35174646191976,0.0,602,1.0
0,1,0.0,6,50,0,62.86957601958962,62.86957601958962,0.0,602,1.0
0,1,0.0,9,5,1,10.453861642750852,5.828086774224253,-0.5842826679245828,602,1.0
0,1,0.0,12,5,1,2.6346506487393544,11.216055833926832,1.4485957162602805,602,1.0
0,1,0.0,15,5,1,6.622814646801427,7.719206641519988,0.1531911392921096,602,1.0
0,1,0.0,18,5,1,3.925089644633849,4.111458713764813,0.0463886933598172,602,1.0
0,1,0.0,9,20,1,133.43780715098902,73.69691634227551,-0.5936745476091465,602,1.0
0,1,0.0,12,20,1,26.579033104652584,176.94397868883527,1.895710502069512,602,1.0
0,1,0.0,15,20,1,136.53674704814802,125.27115970007485,-0.0861131221212535,602,1.0
0,1,0.0,18,20,1,52.57861203552935,51.28843564919188,-0.0248441209363319,602,1.0
0,1,0.0,9,50,1,238.9532875325544,119.0345893593054,-0.6968539654131399,602,1.0
0,1,0.0,12,50,1,100.01746094740064,223.37208378400248,0.8034941379268431,602,1.0
0,1,0.0,15,50,1,494.93083788070174,280.19967099461104,-0.5689155716319396,602,1.0
0,1,0.0,18,50,1,222.5737163533281,118.3084445964246,-0.6319632048573494,602,1.0
0,1,0.0,0,5,2,1.7911665946242137,1.6761898253541216,-0.0663438798124942,602,1.0
0,1,0.0,21,5,2,16.47016652508534,14.179365683846466,-0.1497628680038238,602,1.0
0,1,0.0,24,5,2,7.8874846668268495,2.9057579310121278,-0.9985830219235818,602,1.0
0,1,0.0,27,5,2,100.61995011645102,27.24321541342958,-1.3065460348455735,602,1.0
0,1,0.0,0,20,2,6.598859544125656,7.17587767903054,0.0838282410114262,602,1.0
0,1,0.0,21,20,2,245.49988945957227,106.08607393167402,-0.8390457141409906,602,1.0
0,1,0.0,24,20,2,104.51318126248955,16.381820296055963,-1.8531409984976035,602,1.0
0,1,0.0,27,20,2,1245.7020674300072,274.0388372432637,-1.514184721436491,602,1.0
0,1,0.0,0,50,2,5.843969936354874,37.36136382979084,1.855226768260086,602,1.0
0,1,0.0,21,50,2,471.6038295369941,215.64542370572264,-0.7825037870023649,602,1.0
0,1,0.0,24,50,2,91.09513332707972,10.14836972358084,-2.194591307400517,602,1.0
0,1,0.0,27,50,2,2069.5579830791394,471.9566053884144,-1.4782032850906357,602,1.0
0,1,0.1,3,5,0,2.5781167523721016,2.5781167523721016,0.0,602,1.0
0,1,0.1,6,5,0,2.5399035325540877,2.5399035325540877,0.0,602,1.0
0,1,0.1,3,20,0,12.341043003527034,12.341043003527034,0.0,602,1.0
0,1,0.1,6,20,0,16.18528324662632,16.18528324662632,0.0,602,1.0
0,1,0.1,3,50,0,26.35174646191976,26.35174646191976,0.0,602,1.0
0,1,0.1,6,50,0,62.86957601958962,62.86957601958962,0.0,602,1.0
0,1,0.1,9,5,1,10.453861642750852,5.828086774224253,-0.5842826679245828,602,1.0
0,1,0.1,12,5,1,2.6346506487393544,11.216055833926832,1.4485957162602805,602,1.0
0,1,0.1,15,5,1,6.622814646801427,7.719206641519988,0.1531911392921096,602,1.0
0,1,0.1,18,5,1,3.925089644633849,4.111458713764813,0.0463886933598172,602,1.0
0,1,0.1,9,20,1,133.43780715098902,73.69691634227551,-0.5936745476091465,602,1.0
0,1,0.1,12,20,1,26.579033104652584,176.94397868883527,1.895710502069512,602,1.0
0,1,0.1,15,20,1,136.53674704814802,125.27115970007485,-0.0861131221212535,602,1.0
0,1,0.1,18,20,1,52.57861203552935,51.28843564919188,-0.0248441209363319,602,1.0
0,1,0.1,9,50,1,238.9532875325544,119.0345893593054,-0.6968539654131399,602,1.0
0,1,0.1,12,50,1,100.01746094740064,223.37208378400248,0.8034941379268431,602,1.0
0,1,0.1,15,50,1,494.93083788070174,280.19967099461104,-0.5689155716319396,602,1.0
0,1,0.1,18,50,1,222.5737163533281,118.3084445964246,-0.6319632048573494,602,1.0
0,1,0.1,0,5,2,1.7911665946242137,1.6761898253541216,-0.0663438798124942,602,1.0
0,1,0.1,21,5,2,16.47016652508534,14.179365683846466,-0.1497628680038238,602,1.0
0,1,0.1,24,5,2,7.8874846668268495,2.9057579310121278,-0.9985830219235818,602,1.0
0,1,0.1,27,5,2,100.61995011645102,27.24321541342958,-1.3065460348455735,602,1.0
0,1,0.1,0,20,2,6.598859544125656,7.17587767903054,0.0838282410114262,602,1.0
0,1,0.1,21,20,2,245.49988945957227,106.08607393167402,-0.8390457141409906,602,1.0
0,1,0.1,24,20,2,104.51318126248955,16.381820296055963,-1.8531409984976035,602,1.0
0,1,0.1,27,20,2,1245.7020674300072,274.0388372432637,-1.514184721436491,602,1.0
0,1,0.1,0,50,2,5.843969936354874,37.36136382979084,1.855226768260086,602,1.0
0,1,0.1,21,50,2,471.6038295369941,215.64542370572264,-0.7825037870023649,602,1.0
0,1,0.1,24,50,2,91.09513332707972,10.14836972358084,-2.194591307400517,602,1.0
0,1,0.1,27,50,2,2069.5579830791394,471.9566053884144,-1.4782032850906357,602,1.0
0,1,0.25,3,5,0,2.5781167523721016,2.5781167523721016,0.0,602,1.0
0,1,0.25,6,5,0,2.5399035325540877,2.5399035325540877,0.0,602,1.0
0,1,0.25,9,5,0,10.453861642750852,10.453861642750852,0.0,602,1.0
0,1,0.25,3,20,0,12.341043003527034,12.341043003527034,0.0,602,1.0
0,1,0.25,6,20,0,16.18528324662632,16.18528324662632,0.0,602,1.0
0,1,0.25,9,20,0,133.43780715098902,133.43780715098902,0.0,602,1.0
0,1,0.25,3,50,0,26.35174646191976,26.35174646191976,0.0,602,1.0
0,1,0.25,6,50,0,62.86957601958962,62.86957601958962,0.0,602,1.0
0,1,0.25,9,50,0,238.9532875325544,238.9532875325544,0.0,602,1.0
0,1,0.25,12,5,1,2.6346506487393544,11.216055833926832,1.4485957162602805,602,1.0
0,1,0.25,15,5,1,6.622814646801427,7.719206641519988,0.1531911392921096,602,1.0
0,1,0.25,18,5,1,3.925089644633849,4.111458713764813,0.0463886933598172,602,1.0
0,1,0.25,12,20,1,26.579033104652584,176.94397868883527,1.895710502069512,602,1.0
0,1,0.25,15,20,1,136.53674704814802,125.27115970007485,-0.0861131221212535,602,1.0
0,1,0.25,18,20,1,52.57861203552935,51.28843564919188,-0.0248441209363319,602,1.0
0,1,0.25,12,50,1,100.01746094740064,223.37208378400248,0.8034941379268431,602,1.0
0,1,0.25,15,50,1,494.93083788070174,280.19967099461104,-0.5689155716319396,602,1.0
0,1,0.25,18,50,1,222.5737163533281,118.3084445964246,-0.6319632048573494,602,1.0
0,1,0.25,0,5,2,1.7911665946242137,1.6761898253541216,-0.0663438798124942,602,1.0
0,1,0.25,21,5,2,16.47016652508534,14.179365683846466,-0.1497628680038238,602,1.0
0,1,0.25,24,5,2,7.8874846668268495,2.9057579310121278,-0.9985830219235818,602,1.0
0,1,0.25,27,5,2,100.61995011645102,27.24321541342958,-1.3065460348455735,602,1.0
0,1,0.25,0,20,2,6.598859544125656,7.17587767903054,0.0838282410114262,602,1.0
0,1,0.25,21,20,2,245.49988945957227,106.08607393167402,-0.8390457141409906,602,1.0
0,1,0.25,24,20,2,104.51318126248955,16.381820296055963,-1.8531409984976035,602,1.0
0,1,0.25,27,20,2,1245.7020674300072,274.0388372432637,-1.514184721436491,602,1.0
0,1,0.25,0,50,2,5.843969936354874,37.36136382979084,1.855226768260086,602,1.0
0,1,0.25,21,50,2,471.6038295369941,215.64542370572264,-0.7825037870023649,602,1.0
0,1,0.25,24,50,2,91.09513332707972,10.14836972358084,-2.194591307400517,602,1.0
0,1,0.25,27,50,2,2069.5579830791394,471.9566053884144,-1.4782032850906357,602,1.0
0,2,0.0,3,5,0,2.5781167523721016,2.5781167523721016,0.0,602,1.0
0,2,0.0,6,5,0,2.5399035325540877,2.5399035325540877,0.0,602,1.0
0,2,0.0,9,5,0,10.453861642750852,10.453861642750852,0.0,602,1.0
0,2,0.0,15,5,0,6.622814646801427,6.622814646801427,0.0,602,1.0
0,2,0.0,3,20,0,12.341043003527034,12.341043003527034,0.0,602,1.0
0,2,0.0,6,20,0,16.18528324662632,16.18528324662632,0.0,602,1.0
0,2,0.0,9,20,0,133.43780715098902,133.43780715098902,0.0,602,1.0
0,2,0.0,15,20,0,136.53674704814802,136.53674704814802,0.0,602,1.0
0,2,0.0,3,50,0,26.35174646191976,26.35174646191976,0.0,602,1.0
0,2,0.0,6,50,0,62.86957601958962,62.86957601958962,0.0,602,1.0
0,2,0.0,9,50,0,238.9532875325544,238.9532875325544,0.0,602,1.0
0,2,0.0,15,50,0,494.93083788070174,494.93083788070174,0.0,602,1.0
0,2,0.0,0,5,1,1.7911665946242137,2.0449784940507567,0.1325201366728748,602,1.0
0,2,0.0,12,5,1,2.6346506487393544,1.996841169494092,-0.2771840753642355,602,1.0
0,2,0.0,18,5,1,3.925089644633849,3.261977718367832,-0.1850555168611235,602,1.0
0,2,0.0,0,20,1,6.598859544125656,5.889567049396538,-0.1137143488397105,602,1.0
0,2,0.0,12,20,1,26.579033104652584,8.030116007116446,-1.1969237012546248,602,1.0
0,2,0.0,18,20,1,52.57861203552935,18.0799815301556,-1.067504088357812,602,1.0
0,2,0.0,0,50,1,5.843969936354874,18.93725838519181,1.1757209751361548,602,1.0
0,2,0.0,12,50,1,100.01746094740064,14.63058772707286,-1.9222303932622549,602,1.0
0,2,0.0,18,50,1,222.5737163533281,15.879329248800788,-2.640240140002193,602,1.0
0,2,0.0,21,5,2,16.47016652508534,7.746901999084561,-0.754257633557648,602,1.0
0,2,0.0,24,5,2,7.8874846668268495,2.8063484452364857,-1.0333931312805316,602,1.0
0,2,0.0,27,5,2,100.61995011645102,115.00575213664226,0.1336315963905777,602,1.0
0,2,0.0,21,20,2,245.49988945957227,32.411795668874035,-2.02477407657071,602,1.0
0,2,0.0,24,20,2,104.51318126248955,10.23255680691264,-2.323738718948284,602,1.0
0,2,0.0,27,20,2,1245.7020674300072,974.076068462819,-0.2459651599131167,602,1.0
0,2,0.0,21,50,2,471.6038295369941,55.48377229874824,-2.140048701953441,602,1.0
0,2,0.0,24,50,2,91.09513332707972,3.677084954084276,-3.2097840753852243,602,1.0
0,2,0.0,27,50,2,2069.5579830791394,1132.9174541776088,-0.6025389263167648,602,1.0
0,2,0.1,3,5,0,2.5781167523721016,2.5781167523721016,0.0,602,1.0
0,2,0.1,6,5,0,2.5399035325540877,2.5399035325540877,0.0,602,1.0
0,2,0.1,9,5,0,10.453861642750852,10.453861642750852,0.0,602,1.0
0,2,0.1,15,5,0,6.622814646801427,6.622814646801427,0.0,602,1.0
0,2,0.1,3,20,0,12.341043003527034,12.341043003527034,0.0,602,1.0
0,2,0.1,6,20,0,16.18528324662632,16.18528324662632,0.0,602,1.0
0,2,0.1,9,20,0,133.43780715098902,133.43780715098902,0.0,602,1.0
0,2,0.1,15,20,0,136.53674704814802,136.53674704814802,0.0,602,1.0
0,2,0.1,3,50,0,26.35174646191976,26.35174646191976,0.0,602,1.0
0,2,0.1,6,50,0,62.86957601958962,62.86957601958962,0.0,602,1.0
0,2,0.1,9,50,0,238.9532875325544,238.9532875325544,0.0,602,1.0
0,2,0.1,15,50,0,494.93083788070174,494.93083788070174,0.0,602,1.0
0,2,0.1,0,5,1,1.7911665946242137,2.0449784940507567,0.1325201366728748,602,1.0
0,2,0.1,12,5,1,2.6346506487393544,1.996841169494092,-0.2771840753642355,602,1.0
0,2,0.1,18,5,1,3.925089644633849,3.261977718367832,-0.1850555168611235,602,1.0
0,2,0.1,0,20,1,6.598859544125656,5.889567049396538,-0.1137143488397105,602,1.0
0,2,0.1,12,20,1,26.579033104652584,8.030116007116446,-1.1969237012546248,602,1.0
0,2,0.1,18,20,1,52.57861203552935,18.0799815301556,-1.067504088357812,602,1.0
0,2,0.1,0,50,1,5.843969936354874,18.93725838519181,1.1757209751361548,602,1.0
0,2,0.1,12,50,1,100.01746094740064,14.63058772707286,-1.9222303932622549,602,1.0
0,2,0.1,18,50,1,222.5737163533281,15.879329248800788,-2.640240140002193,602,1.0
0,2,0.1,21,5,2,16.47016652508534,7.746901999084561,-0.754257633557648,602,1.0
0,2,0.1,24,5,2,7.8874846668268495,2.8063484452364857,-1.0333931312805316,602,1.0
0,2,0.1,27,5,2,100.61995011645102,115.00575213664226,0.1336315963905777,602,1.0
0,2,0.1,21,20,2,245.49988945957227,32.411795668874035,-2.02477407657071,602,1.0
0,2,0.1,24,20,2,104.51318126248955,10.23255680691264,-2.323738718948284,602,1.0
0,2,0.1,27,20,2,1245.7020674300072,974.076068462819,-0.2459651599131167,602,1.0
0,2,0.1,21,50,2,471.6038295369941,55.48377229874824,-2.140048701953441,602,1.0
0,2,0.1,24,50,2,91.09513332707972,3.677084954084276,-3.2097840753852243,602,1.0
0,2,0.1,27,50,2,2069.5579830791394,1132.9174541776088,-0.6025389263167648,602,1.0
0,2,0.25,3,5,0,2.5781167523721016,2.5781167523721016,0.0,602,1.0
0,2,0.25,6,5,0,2.5399035325540877,2.5399035325540877,0.0,602,1.0
0,2,0.25,9,5,0,10.453861642750852,10.453861642750852,0.0,602,1.0
0,2,0.25,15,5,0,6.622814646801427,6.622814646801427,0.0,602,1.0
0,2,0.25,3,20,0,12.341043003527034,12.341043003527034,0.0,602,1.0
0,2,0.25,6,20,0,16.18528324662632,16.18528324662632,0.0,602,1.0
0,2,0.25,9,20,0,133.43780715098902,133.43780715098902,0.0,602,1.0
0,2,0.25,15,20,0,136.53674704814802,136.53674704814802,0.0,602,1.0
0,2,0.25,3,50,0,26.35174646191976,26.35174646191976,0.0,602,1.0
0,2,0.25,6,50,0,62.86957601958962,62.86957601958962,0.0,602,1.0
0,2,0.25,9,50,0,238.9532875325544,238.9532875325544,0.0,602,1.0
0,2,0.25,15,50,0,494.93083788070174,494.93083788070174,0.0,602,1.0
0,2,0.25,0,5,1,1.7911665946242137,2.0449784940507567,0.1325201366728748,602,1.0
0,2,0.25,12,5,1,2.6346506487393544,1.996841169494092,-0.2771840753642355,602,1.0
0,2,0.25,18,5,1,3.925089644633849,3.261977718367832,-0.1850555168611235,602,1.0
0,2,0.25,0,20,1,6.598859544125656,5.889567049396538,-0.1137143488397105,602,1.0
0,2,0.25,12,20,1,26.579033104652584,8.030116007116446,-1.1969237012546248,602,1.0
0,2,0.25,18,20,1,52.57861203552935,18.0799815301556,-1.067504088357812,602,1.0
0,2,0.25,0,50,1,5.843969936354874,18.93725838519181,1.1757209751361548,602,1.0
0,2,0.25,12,50,1,100.01746094740064,14.63058772707286,-1.9222303932622549,602,1.0
0,2,0.25,18,50,1,222.5737163533281,15.879329248800788,-2.640240140002193,602,1.0
0,2,0.25,21,5,2,16.47016652508534,7.746901999084561,-0.754257633557648,602,1.0
0,2,0.25,24,5,2,7.8874846668268495,2.8063484452364857,-1.0333931312805316,602,1.0
0,2,0.25,27,5,2,100.61995011645102,115.00575213664226,0.1336315963905777,602,1.0
0,2,0.25,21,20,2,245.49988945957227,32.411795668874035,-2.02477407657071,602,1.0
0,2,0.25,24,20,2,104.51318126248955,10.23255680691264,-2.323738718948284,602,1.0
0,2,0.25,27,20,2,1245.7020674300072,974.076068462819,-0.2459651599131167,602,1.0
0,2,0.25,21,50,2,471.6038295369941,55.48377229874824,-2.140048701953441,602,1.0
0,2,0.25,24,50,2,91.09513332707972,3.677084954084276,-3.2097840753852243,602,1.0
0,2,0.25,27,50,2,2069.5579830791394,1132.9174541776088,-0.6025389263167648,602,1.0
0,3,0.0,3,5,0,2.5781167523721016,2.5781167523721016,0.0,602,1.0
0,3,0.0,6,5,0,2.5399035325540877,2.5399035325540877,0.0,602,1.0
0,3,0.0,9,5,0,10.453861642750852,10.453861642750852,0.0,602,1.0
0,3,0.0,15,5,0,6.622814646801427,6.622814646801427,0.0,602,1.0
0,3,0.0,3,20,0,12.341043003527034,12.341043003527034,0.0,602,1.0
0,3,0.0,6,20,0,16.18528324662632,16.18528324662632,0.0,602,1.0
0,3,0.0,9,20,0,133.43780715098902,133.43780715098902,0.0,602,1.0
0,3,0.0,15,20,0,136.53674704814802,136.53674704814802,0.0,602,1.0
0,3,0.0,3,50,0,26.35174646191976,26.35174646191976,0.0,602,1.0
0,3,0.0,6,50,0,62.86957601958962,62.86957601958962,0.0,602,1.0
0,3,0.0,9,50,0,238.9532875325544,238.9532875325544,0.0,602,1.0
0,3,0.0,15,50,0,494.93083788070174,494.93083788070174,0.0,602,1.0
0,3,0.0,0,5,1,1.7911665946242137,2.044981253541155,0.132521486070213,602,1.0
0,3,0.0,12,5,1,2.6346506487393544,1.9968456553571572,-0.2771818288871017,602,1.0
0,3,0.0,18,5,1,3.925089644633849,3.2619773209386174,-0.185055638698019,602,1.0
0,3,0.0,0,20,1,6.598859544125656,5.889577750350643,-0.1137125319074481,602,1.0
0,3,0.0,12,20,1,26.579033104652584,8.030174422428585,-1.1969164267520376,602,1.0
0,3,0.0,18,20,1,52.57861203552935,18.07998508070662,-1.0675038919775963,602,1.0
0,3,0.0,0,50,1,5.843969936354874,18.93724009168607,1.175720009129661,602,1.0
0,3,0.0,12,50,1,100.01746094740064,14.630649783924271,-1.922226151688303,602,1.0
0,3,0.0,18,50,1,222.5737163533281,15.879342889295645,-2.640239280993051,602,1.0
0,3,0.0,21,5,2,16.47016652508534,7.746900852526218,-0.7542577815598337,602,1.0
0,3,0.0,24,5,2,7.8874846668268495,2.8063450924063407,-1.033394326011768,602,1.0
0,3,0.0,27,5,2,100.61995011645102,115.00579459280848,0.1336319655560986,602,1.0
0,3,0.0,21,20,2,245.49988945957227,32.41178448095494,-2.0247744217512467,602,1.0
0,3,0.0,24,20,2,104.51318126248955,10.232529624741746,-2.323741375391586,602,1.0
0,3,0.0,27,20,2,1245.7020674300072,974.0762965853634,-0.2459649257193766,602,1.0
0,3,0.0,21,50,2,471.6038295369941,55.48375406157063,-2.140049030647397,602,1.0
0,3,0.0,24,50,2,91.09513332707972,3.677075168859575,-3.209786736525188,602,1.0
0,3,0.0,27,50,2,2069.5579830791394,1132.9176997629806,-0.6025387095442679,602,1.0
0,3,0.1,3,5,0,2.5781167523721016,2.5781167523721016,0.0,602,1.0
0,3,0.1,6,5,0,2.5399035325540877,2.5399035325540877,0.0,602,1.0
0,3,0.1,9,5,0,10.453861642750852,10.453861642750852,0.0,602,1.0
0,3,0.1,15,5,0,6.622814646801427,6.622814646801427,0.0,602,1.0
0,3,0.1,3,20,0,12.341043003527034,12.341043003527034,0.0,602,1.0
0,3,0.1,6,20,0,16.18528324662632,16.18528324662632,0.0,602,1.0
0,3,0.1,9,20,0,133.43780715098902,133.43780715098902,0.0,602,1.0
0,3,0.1,15,20,0,136.53674704814802,136.53674704814802,0.0,602,1.0
0,3,0.1,3,50,0,26.35174646191976,26.35174646191976,0.0,602,1.0
0,3,0.1,6,50,0,62.86957601958962,62.86957601958962,0.0,602,1.0
0,3,0.1,9,50,0,238.9532875325544,238.9532875325544,0.0,602,1.0
0,3,0.1,15,50,0,494.93083788070174,494.93083788070174,0.0,602,1.0
0,3,0.1,0,5,1,1.7911665946242137,2.044981253541155,0.132521486070213,602,1.0
0,3,0.1,12,5,1,2.6346506487393544,1.9968456553571572,-0.2771818288871017,602,1.0
0,3,0.1,18,5,1,3.925089644633849,3.2619773209386174,-0.185055638698019,602,1.0
0,3,0.1,0,20,1,6.598859544125656,5.889577750350643,-0.1137125319074481,602,1.0
0,3,0.1,12,20,1,26.579033104652584,8.030174422428585,-1.1969164267520376,602,1.0
0,3,0.1,18,20,1,52.57861203552935,18.07998508070662,-1.0675038919775963,602,1.0
0,3,0.1,0,50,1,5.843969936354874,18.93724009168607,1.175720009129661,602,1.0
0,3,0.1,12,50,1,100.01746094740064,14.630649783924271,-1.922226151688303,602,1.0
0,3,0.1,18,50,1,222.5737163533281,15.879342889295645,-2.640239280993051,602,1.0
0,3,0.1,21,5,2,16.47016652508534,7.746900852526218,-0.7542577815598337,602,1.0
0,3,0.1,24,5,2,7.8874846668268495,2.8063450924063407,-1.033394326011768,602,1.0
0,3,0.1,27,5,2,100.61995011645102,115.00579459280848,0.1336319655560986,602,1.0
0,3,0.1,21,20,2,245.49988945957227,32.41178448095494,-2.0247744217512467,602,1.0
0,3,0.1,24,20,2,104.51318126248955,10.232529624741746,-2.323741375391586,602,1.0
0,3,0.1,27,20,2,1245.7020674300072,974.0762965853634,-0.2459649257193766,602,1.0
0,3,0.1,21,50,2,471.6038295369941,55.48375406157063,-2.140049030647397,602,1.0
0,3,0.1,24,50,2,91.09513332707972,3.677075168859575,-3.209786736525188,602,1.0
0,3,0.1,27,50,2,2069.5579830791394,1132.9176997629806,-0.6025387095442679,602,1.0
0,3,0.25,3,5,0,2.5781167523721016,2.5781167523721016,0.0,602,1.0
0,3,0.25,6,5,0,2.5399035325540877,2.5399035325540877,0.0,602,1.0
0,3,0.25,9,5,0,10.453861642750852,10.453861642750852,0.0,602,1.0
0,3,0.25,15,5,0,6.622814646801427,6.622814646801427,0.0,602,1.0
0,3,0.25,3,20,0,12.341043003527034,12.341043003527034,0.0,602,1.0
0,3,0.25,6,20,0,16.18528324662632,16.18528324662632,0.0,602,1.0
0,3,0.25,9,20,0,133.43780715098902,133.43780715098902,0.0,602,1.0
0,3,0.25,15,20,0,136.53674704814802,136.53674704814802,0.0,602,1.0
0,3,0.25,3,50,0,26.35174646191976,26.35174646191976,0.0,602,1.0
0,3,0.25,6,50,0,62.86957601958962,62.86957601958962,0.0,602,1.0
0,3,0.25,9,50,0,238.9532875325544,238.9532875325544,0.0,602,1.0
0,3,0.25,15,50,0,494.93083788070174,494.93083788070174,0.0,602,1.0
0,3,0.25,0,5,1,1.7911665946242137,2.044981253541155,0.132521486070213,602,1.0
0,3,0.25,12,5,1,2.6346506487393544,1.9968456553571572,-0.2771818288871017,602,1.0
0,3,0.25,18,5,1,3.925089644633849,3.2619773209386174,-0.185055638698019,602,1.0
0,3,0.25,0,20,1,6.598859544125656,5.889577750350643,-0.1137125319074481,602,1.0
0,3,0.25,12,20,1,26.579033104652584,8.030174422428585,-1.1969164267520376,602,1.0
0,3,0.25,18,20,1,52.57861203552935,18.07998508070662,-1.0675038919775963,602,1.0
0,3,0.25,0,50,1,5.843969936354874,18.93724009168607,1.175720009129661,602,1.0
0,3,0.25,12,50,1,100.01746094740064,14.630649783924271,-1.922226151688303,602,1.0
0,3,0.25,18,50,1,222.5737163533281,15.879342889295645,-2.640239280993051,602,1.0
0,3,0.25,21,5,2,16.47016652508534,7.746900852526218,-0.7542577815598337,602,1.0
0,3,0.25,24,5,2,7.8874846668268495,2.8063450924063407,-1.033394326011768,602,1.0
0,3,0.25,27,5,2,100.61995011645102,115.00579459280848,0.1336319655560986,602,1.0
0,3,0.25,21,20,2,245.49988945957227,32.41178448095494,-2.0247744217512467,602,1.0
0,3,0.25,24,20,2,104.51318126248955,10.232529624741746,-2.323741375391586,602,1.0
0,3,0.25,27,20,2,1245.7020674300072,974.0762965853634,-0.2459649257193766,602,1.0
0,3,0.25,21,50,2,471.6038295369941,55.48375406157063,-2.140049030647397,602,1.0
0,3,0.25,24,50,2,91.09513332707972,3.677075168859575,-3.209786736525188,602,1.0
0,3,0.25,27,50,2,2069.5579830791394,1132.9176997629806,-0.6025387095442679,602,1.0
0,4,0.0,3,5,0,2.5781167523721016,2.5781167523721016,0.0,602,1.0
0,4,0.0,6,5,0,2.5399035325540877,2.5399035325540877,0.0,602,1.0
0,4,0.0,9,5,0,10.453861642750852,10.453861642750852,0.0,602,1.0
0,4,0.0,15,5,0,6.622814646801427,6.622814646801427,0.0,602,1.0
0,4,0.0,3,20,0,12.341043003527034,12.341043003527034,0.0,602,1.0
0,4,0.0,6,20,0,16.18528324662632,16.18528324662632,0.0,602,1.0
0,4,0.0,9,20,0,133.43780715098902,133.43780715098902,0.0,602,1.0
0,4,0.0,15,20,0,136.53674704814802,136.53674704814802,0.0,602,1.0
0,4,0.0,3,50,0,26.35174646191976,26.35174646191976,0.0,602,1.0
0,4,0.0,6,50,0,62.86957601958962,62.86957601958962,0.0,602,1.0
0,4,0.0,9,50,0,238.9532875325544,238.9532875325544,0.0,602,1.0
0,4,0.0,15,50,0,494.93083788070174,494.93083788070174,0.0,602,1.0
0,4,0.0,21,5,1,16.47016652508534,7.746902209811091,-0.7542576063562548,602,1.0
0,4,0.0,24,5,1,7.8874846668268495,2.806348965372077,-1.0333929459380649,602,1.0
0,4,0.0,27,5,1,100.61995011645102,115.00575532886806,0.1336316241476742,602,1.0
0,4,0.0,21,20,1,245.49988945957227,32.4118037887171,-2.0247738260495067,602,1.0
0,4,0.0,24,20,1,104.51318126248955,10.232565003464536,-2.3237379179218376,602,1.0
0,4,0.0,27,20,1,1245.7020674300072,974.0762548391,-0.2459649685766604,602,1.0
0,4,0.0,21,50,1,471.6038295369941,55.48379740989014,-2.140048249368204,602,1.0
0,4,0.0,24,50,1,91.09513332707972,3.677088256893252,-3.2097831771716847,602,1.0
0,4,0.0,27,50,1,2069.5579830791394,1132.917722823471,-0.6025386891893117,602,1.0
0,4,0.0,0,5,2,1.7911665946242137,2.04497781932054,0.1325198067279244,602,1.0
0,4,0.0,12,5,2,2.6346506487393544,1.99684003487918,-0.2771846435692843,602,1.0
0,4,0.0,18,5,2,3.925089644633849,3.261977364163241,-0.1850556254469694,602,1.0
0,4,0.0,0,20,2,6.598859544125656,5.889564642269695,-0.1137147575501157,602,1.0
0,4,0.0,12,20,2,26.579033104652584,8.030099140275235,-1.1969258017048434,602,1.0
0,4,0.0,18,20,2,52.57861203552935,18.0799724858239,-1.0675045885980332,602,1.0
0,4,0.0,0,50,2,5.843969936354874,18.93727079825939,1.1757216306198186,602,1.0
0,4,0.0,12,50,2,100.01746094740064,14.630563522097,-1.922232047672613,602,1.0
0,4,0.0,18,50,2,222.5737163533281,15.879308945815806,-2.6402414185825185,602,1.0
0,4,0.1,3,5,0,2.5781167523721016,2.5781167523721016,0.0,602,1.0
0,4,0.1,6,5,0,2.5399035325540877,2.5399035325540877,0.0,602,1.0
0,4,0.1,9,5,0,10.453861642750852,10.453861642750852,0.0,602,1.0
0,4,0.1,15,5,0,6.622814646801427,6.622814646801427,0.0,602,1.0
0,4,0.1,3,20,0,12.341043003527034,12.341043003527034,0.0,602,1.0
0,4,0.1,6,20,0,16.18528324662632,16.18528324662632,0.0,602,1.0
0,4,0.1,9,20,0,133.43780715098902,133.43780715098902,0.0,602,1.0
0,4,0.1,15,20,0,136.53674704814802,136.53674704814802,0.0,602,1.0
0,4,0.1,3,50,0,26.35174646191976,26.35174646191976,0.0,602,1.0
0,4,0.1,6,50,0,62.86957601958962,62.86957601958962,0.0,602,1.0
0,4,0.1,9,50,0,238.9532875325544,238.9532875325544,0.0,602,1.0
0,4,0.1,15,50,0,494.93083788070174,494.93083788070174,0.0,602,1.0
0,4,0.1,21,5,1,16.47016652508534,7.746902209811091,-0.7542576063562548,602,1.0
0,4,0.1,24,5,1,7.8874846668268495,2.806348965372077,-1.0333929459380649,602,1.0
0,4,0.1,27,5,1,100.61995011645102,115.00575532886806,0.1336316241476742,602,1.0
0,4,0.1,21,20,1,245.49988945957227,32.4118037887171,-2.0247738260495067,602,1.0
0,4,0.1,24,20,1,104.51318126248955,10.232565003464536,-2.3237379179218376,602,1.0
0,4,0.1,27,20,1,1245.7020674300072,974.0762548391,-0.2459649685766604,602,1.0
0,4,0.1,21,50,1,471.6038295369941,55.48379740989014,-2.140048249368204,602,1.0
0,4,0.1,24,50,1,91.09513332707972,3.677088256893252,-3.2097831771716847,602,1.0
0,4,0.1,27,50,1,2069.5579830791394,1132.917722823471,-0.6025386891893117,602,1.0
0,4,0.1,0,5,2,1.7911665946242137,2.04497781932054,0.1325198067279244,602,1.0
0,4,0.1,12,5,2,2.6346506487393544,1.99684003487918,-0.2771846435692843,602,1.0
0,4,0.1,18,5,2,3.925089644633849,3.261977364163241,-0.1850556254469694,602,1.0
0,4,0.1,0,20,2,6.598859544125656,5.889564642269695,-0.1137147575501157,602,1.0
0,4,0.1,12,20,2,26.579033104652584,8.030099140275235,-1.1969258017048434,602,1.0
0,4,0.1,18,20,2,52.57861203552935,18.0799724858239,-1.0675045885980332,602,1.0
0,4,0.1,0,50,2,5.843969936354874,18.93727079825939,1.1757216306198186,602,1.0
0,4,0.1,12,50,2,100.01746094740064,14.630563522097,-1.922232047672613,602,1.0
0,4,0.1,18,50,2,222.5737163533281,15.879308945815806,-2.6402414185825185,602,1.0
0,4,0.25,3,5,0,2.5781167523721016,2.5781167523721016,0.0,602,1.0
0,4,0.25,6,5,0,2.5399035325540877,2.5399035325540877,0.0,602,1.0
0,4,0.25,9,5,0,10.453861642750852,10.453861642750852,0.0,602,1.0
0,4,0.25,15,5,0,6.622814646801427,6.622814646801427,0.0,602,1.0
0,4,0.25,3,20,0,12.341043003527034,12.341043003527034,0.0,602,1.0
0,4,0.25,6,20,0,16.18528324662632,16.18528324662632,0.0,602,1.0
0,4,0.25,9,20,0,133.43780715098902,133.43780715098902,0.0,602,1.0
0,4,0.25,15,20,0,136.53674704814802,136.53674704814802,0.0,602,1.0
0,4,0.25,3,50,0,26.35174646191976,26.35174646191976,0.0,602,1.0
0,4,0.25,6,50,0,62.86957601958962,62.86957601958962,0.0,602,1.0
0,4,0.25,9,50,0,238.9532875325544,238.9532875325544,0.0,602,1.0
0,4,0.25,15,50,0,494.93083788070174,494.93083788070174,0.0,602,1.0
0,4,0.25,21,5,1,16.47016652508534,7.746902209811091,-0.7542576063562548,602,1.0
0,4,0.25,24,5,1,7.8874846668268495,2.806348965372077,-1.0333929459380649,602,1.0
0,4,0.25,27,5,1,100.61995011645102,115.00575532886806,0.1336316241476742,602,1.0
0,4,0.25,21,20,1,245.49988945957227,32.4118037887171,-2.0247738260495067,602,1.0
0,4,0.25,24,20,1,104.51318126248955,10.232565003464536,-2.3237379179218376,602,1.0
0,4,0.25,27,20,1,1245.7020674300072,974.0762548391,-0.2459649685766604,602,1.0
0,4,0.25,21,50,1,471.6038295369941,55.48379740989014,-2.140048249368204,602,1.0
0,4,0.25,24,50,1,91.09513332707972,3.677088256893252,-3.2097831771716847,602,1.0
0,4,0.25,27,50,1,2069.5579830791394,1132.917722823471,-0.6025386891893117,602,1.0
0,4,0.25,0,5,2,1.7911665946242137,2.04497781932054,0.1325198067279244,602,1.0
0,4,0.25,12,5,2,2.6346506487393544,1.99684003487918,-0.2771846435692843,602,1.0
0,4,0.25,18,5,2,3.925089644633849,3.261977364163241,-0.1850556254469694,602,1.0
0,4,0.25,0,20,2,6.598859544125656,5.889564642269695,-0.1137147575501157,602,1.0
0,4,0.25,12,20,2,26.579033104652584,8.030099140275235,-1.1969258017048434,602,1.0
0,4,0.25,18,20,2,52.57861203552935,18.0799724858239,-1.0675045885980332,602,1.0
0,4,0.25,0,50,2,5.843969936354874,18.93727079825939,1.1757216306198186,602,1.0
0,4,0.25,12,50,2,100.01746094740064,14.630563522097,-1.922232047672613,602,1.0
0,4,0.25,18,50,2,222.5737163533281,15.879308945815806,-2.6402414185825185,602,1.0
0,5,0.0,3,5,0,2.5781167523721016,2.5781167523721016,0.0,602,1.0
0,5,0.0,6,5,0,2.5399035325540877,2.5399035325540877,0.0,602,1.0
0,5,0.0,9,5,0,10.453861642750852,10.453861642750852,0.0,602,1.0
0,5,0.0,15,5,0,6.622814646801427,6.622814646801427,0.0,602,1.0
0,5,0.0,3,20,0,12.341043003527034,12.341043003527034,0.0,602,1.0
0,5,0.0,6,20,0,16.18528324662632,16.18528324662632,0.0,602,1.0
0,5,0.0,9,20,0,133.43780715098902,133.43780715098902,0.0,602,1.0
0,5,0.0,15,20,0,136.53674704814802,136.53674704814802,0.0,602,1.0
0,5,0.0,3,50,0,26.35174646191976,26.35174646191976,0.0,602,1.0
0,5,0.0,6,50,0,62.86957601958962,62.86957601958962,0.0,602,1.0
0,5,0.0,9,50,0,238.9532875325544,238.9532875325544,0.0,602,1.0
0,5,0.0,15,50,0,494.93083788070174,494.93083788070174,0.0,602,1.0
0,5,0.0,0,5,1,1.7911665946242137,2.044980471724444,0.1325211037601753,602,1.0
0,5,0.0,12,5,1,2.6346506487393544,1.996844744345447,-0.2771822851126071,602,1.0
0,5,0.0,18,5,1,3.925089644633849,3.261975984652757,-0.1850560483532687,602,1.0
0,5,0.0,0,20,1,6.598859544125656,5.889576163926715,-0.113712801268718,602,1.0
0,5,0.0,12,20,1,26.579033104652584,8.03016113063263,-1.1969180819846958,602,1.0
0,5,0.0,18,20,1,52.57861203552935,18.079971118018488,-1.0675046642511057,602,1.0
0,5,0.0,0,50,1,5.843969936354874,18.937254883809494,1.1757207902423032,602,1.0
0,5,0.0,12,50,1,100.01746094740064,14.63063018235665,-1.9222274914497652,602,1.0
0,5,0.0,18,50,1,222.5737163533281,15.879320114142727,-2.640240715257013,602,1.0
0,5,0.0,21,5,2,16.47016652508534,7.746902819086438,-0.7542575277086474,602,1.0
0,5,0.0,24,5,2,7.8874846668268495,2.8063503939921275,-1.0333924368710512,602,1.0
0,5,0.0,27,5,2,100.61995011645102,115.00572169142018,0.1336313316627223,602,1.0
0,5,0.0,21,20,2,245.49988945957227,32.41178846879304,-2.0247742987145823,602,1.0
0,5,0.0,24,20,2,104.51318126248955,10.232567040532574,-2.323737718844887,602,1.0
0,5,0.0,27,20,2,1245.7020674300072,974.0756215918352,-0.2459656186771709,602,1.0
0,5,0.0,21,50,2,471.6038295369941,55.48373698227546,-2.1400493384725987,602,1.0
0,5,0.0,24,50,2,91.09513332707972,3.6770879498861566,-3.209783260663591,602,1.0
0,5,0.0,27,50,2,2069.5579830791394,1132.9166860889084,-0.6025396042911025,602,1.0
0,5,0.1,3,5,0,2.5781167523721016,2.5781167523721016,0.0,602,1.0
0,5,0.1,6,5,0,2.5399035325540877,2.5399035325540877,0.0,602,1.0
0,5,0.1,9,5,0,10.453861642750852,10.453861642750852,0.0,602,1.0
0,5,0.1,15,5,0,6.622814646801427,6.622814646801427,0.0,602,1.0
0,5,0.1,3,20,0,12.341043003527034,12.341043003527034,0.0,602,1.0
0,5,0.1,6,20,0,16.18528324662632,16.18528324662632,0.0,602,1.0
0,5,0.1,9,20,0,133.43780715098902,133.43780715098902,0.0,602,1.0
0,5,0.1,15,20,0,136.53674704814802,136.53674704814802,0.0,602,1.0
0,5,0.1,3,50,0,26.35174646191976,26.35174646191976,0.0,602,1.0
0,5,0.1,6,50,0,62.86957601958962,62.86957601958962,0.0,602,1.0
0,5,0.1,9,50,0,238.9532875325544,238.9532875325544,0.0,602,1.0
0,5,0.1,15,50,0,494.93083788070174,494.93083788070174,0.0,602,1.0
0,5,0.1,0,5,1,1.7911665946242137,2.044980471724444,0.1325211037601753,602,1.0
0,5,0.1,12,5,1,2.6346506487393544,1.996844744345447,-0.2771822851126071,602,1.0
0,5,0.1,18,5,1,3.925089644633849,3.261975984652757,-0.1850560483532687,602,1.0
0,5,0.1,0,20,1,6.598859544125656,5.889576163926715,-0.113712801268718,602,1.0
0,5,0.1,12,20,1,26.579033104652584,8.03016113063263,-1.1969180819846958,602,1.0
0,5,0.1,18,20,1,52.57861203552935,18.079971118018488,-1.0675046642511057,602,1.0
0,5,0.1,0,50,1,5.843969936354874,18.937254883809494,1.1757207902423032,602,1.0
0,5,0.1,12,50,1,100.01746094740064,14.63063018235665,-1.9222274914497652,602,1.0
0,5,0.1,18,50,1,222.5737163533281,15.879320114142727,-2.640240715257013,602,1.0
0,5,0.1,21,5,2,16.47016652508534,7.746902819086438,-0.7542575277086474,602,1.0
0,5,0.1,24,5,2,7.8874846668268495,2.8063503939921275,-1.0333924368710512,602,1.0
0,5,0.1,27,5,2,100.61995011645102,115.00572169142018,0.1336313316627223,602,1.0
0,5,0.1,21,20,2,245.49988945957227,32.41178846879304,-2.0247742987145823,602,1.0
0,5,0.1,24,20,2,104.51318126248955,10.232567040532574,-2.323737718844887,602,1.0
0,5,0.1,27,20,2,1245.7020674300072,974.0756215918352,-0.2459656186771709,602,1.0
0,5,0.1,21,50,2,471.6038295369941,55.48373698227546,-2.1400493384725987,602,1.0
0,5,0.1,24,50,2,91.09513332707972,3.6770879498861566,-3.209783260663591,602,1.0
0,5,0.1,27,50,2,2069.5579830791394,1132.9166860889084,-0.6025396042911025,602,1.0
0,5,0.25,3,5,0,2.5781167523721016,2.5781167523721016,0.0,602,1.0
0,5,0.25,6,5,0,2.5399035325540877,2.5399035325540877,0.0,602,1.0
0,5,0.25,9,5,0,10.453861642750852,10.453861642750852,0.0,602,1.0
0,5,0.25,15,5,0,6.622814646801427,6.622814646801427,0.0,602,1.0
0,5,0.25,3,20,0,12.341043003527034,12.341043003527034,0.0,602,1.0
0,5,0.25,6,20,0,16.18528324662632,16.18528324662632,0.0,602,1.0
0,5,0.25,9,20,0,133.43780715098902,133.43780715098902,0.0,602,1.0
0,5,0.25,15,20,0,136.53674704814802,136.53674704814802,0.0,602,1.0
0,5,0.25,3,50,0,26.35174646191976,26.35174646191976,0.0,602,1.0
0,5,0.25,6,50,0,62.86957601958962,62.86957601958962,0.0,602,1.0
0,5,0.25,9,50,0,238.9532875325544,238.9532875325544,0.0,602,1.0
0,5,0.25,15,50,0,494.93083788070174,494.93083788070174,0.0,602,1.0
0,5,0.25,0,5,1,1.7911665946242137,2.044980471724444,0.1325211037601753,602,1.0
0,5,0.25,12,5,1,2.6346506487393544,1.996844744345447,-0.2771822851126071,602,1.0
0,5,0.25,18,5,1,3.925089644633849,3.261975984652757,-0.1850560483532687,602,1.0
0,5,0.25,0,20,1,6.598859544125656,5.889576163926715,-0.113712801268718,602,1.0
0,5,0.25,12,20,1,26.579033104652584,8.03016113063263,-1.1969180819846958,602,1.0
0,5,0.25,18,20,1,52.57861203552935,18.079971118018488,-1.0675046642511057,602,1.0
0,5,0.25,0,50,1,5.843969936354874,18.937254883809494,1.1757207902423032,602,1.0
0,5,0.25,12,50,1,100.01746094740064,14.63063018235665,-1.9222274914497652,602,1.0
0,5,0.25,18,50,1,222.5737163533281,15.879320114142727,-2.640240715257013,602,1.0
0,5,0.25,21,5,2,16.47016652508534,7.746902819086438,-0.7542575277086474,602,1.0
0,5,0.25,24,5,2,7.8874846668268495,2.8063503939921275,-1.0333924368710512,602,1.0
0,5,0.25,27,5,2,100.61995011645102,115.00572169142018,0.1336313316627223,602,1.0
0,5,0.25,21,20,2,245.49988945957227,32.41178846879304,-2.0247742987145823,602,1.0
0,5,0.25,24,20,2,104.51318126248955,10.232567040532574,-2.323737718844887,602,1.0
0,5,0.25,27,20,2,1245.7020674300072,974.0756215918352,-0.2459656186771709,602,1.0
0,5,0.25,21,50,2,471.6038295369941,55.48373698227546,-2.1400493384725987,602,1.0
0,5,0.25,24,50,2,91.09513332707972,3.6770879498861566,-3.209783260663591,602,1.0
0,5,0.25,27,50,2,2069.5579830791394,1132.9166860889084,-0.6025396042911025,602,1.0
1,0,0.0,10,5,0,11.054443497756775,11.054443497756775,0.0,602,1.0
1,0,0.0,19,5,0,6.211714404255745,6.211714404255745,0.0,602,1.0
1,0,0.0,28,5,0,4.042455768047763,4.042455768047763,0.0,602,1.0
1,0,0.0,10,20,0,35.5876429988027,35.5876429988027,0.0,602,1.0
1,0,0.0,19,20,0,42.11292125956408,42.11292125956408,0.0,602,1.0
1,0,0.0,28,20,0,43.58130281610632,43.58130281610632,0.0,602,1.0
1,0,0.0,10,50,0,43.82789845421727,43.82789845421727,0.0,602,1.0
1,0,0.0,19,50,0,72.86946015274127,72.86946015274127,0.0,602,1.0
1,0,0.0,28,50,0,68.28425722138344,68.28425722138344,0.0,602,1.0
1,0,0.0,1,5,1,3.020968549413726,2.0674891138426057,-0.379242609166697,602,1.0
1,0,0.0,4,5,1,2.629113579651264,3.9371142370318433,0.4038012803841848,602,1.0
1,0,0.0,16,5,1,3.456504572395183,4.871442197941398,0.3431321932196793,602,1.0
1,0,0.0,25,5,1,7.197906900128432,2.7323018629021547,-0.9686458482924136,602,1.0
1,0,0.0,1,20,1,25.973334869662835,7.628293388147255,-1.225206280816427,602,1.0
1,0,0.0,4,20,1,13.329890941696856,30.795594282062662,0.837362684218701,602,1.0
1,0,0.0,16,20,1,32.46331655814259,41.19392171177075,0.2381799836418148,602,1.0
1,0,0.0,25,20,1,111.29286118314069,18.819734706192385,-1.7772590782299411,602,1.0
1,0,0.0,1,50,1,66.76326112169146,20.68995702365848,-1.171504531438074,602,1.0
1,0,0.0,4,50,1,39.836097346339415,103.60058745428076,0.9557695304734508,602,1.0
1,0,0.0,16,50,1,105.5757190457207,166.3730704016757,0.4548042672074811,602,1.0
1,0,0.0,25,50,1,336.0251924658949,80.99585077555038,-1.4227882063624055,602,1.0
1,0,0.0,7,5,2,3.983469655473214,2.251521477317284,-0.570547012426232,602,1.0
1,0,0.0,13,5,2,2.602890023166822,3.3731412552196223,0.2592220583298559,602,1.0
1,0,0.0,22,5,2,29.34377047389665,18.76981870851601,-0.4468300821591618,602,1.0
1,0,0.0,7,20,2,30.80737594980832,5.811334452621868,-1.6679439136732328,602,1.0
1,0,0.0,13,20,2,27.37218015673458,43.88192115487232,0.4719752416070452,602,1.0
1,0,0.0,22,20,2,530.7643435732816,237.21180319466484,-0.8053646989182448,602,1.0
1,0,0.0,7,50,2,109.8477543642708,14.110689288904307,-2.0521627401116485,602,1.0
1,0,0.0,13,50,2,122.75831938671948,103.12109395644508,-0.174313572271049,602,1.0
1,0,0.0,22,50,2,1533.6410596360638,439.4735631358317,-1.2498224015611987,602,1.0
1,0,0.1,10,5,0,11.054443497756775,11.054443497756775,0.0,602,1.0
1,0,0.1,19,5,0,6.211714404255745,6.211714404255745,0.0,602,1.0
1,0,0.1,28,5,0,4.042455768047763,4.042455768047763,0.0,602,1.0
1,0,0.1,10,20,0,35.5876429988027,35.5876429988027,0.0,602,1.0
1,0,0.1,19,20,0,42.11292125956408,42.11292125956408,0.0,602,1.0
1,0,0.1,28,20,0,43.58130281610632,43.58130281610632,0.0,602,1.0
1,0,0.1,10,50,0,43.82789845421727,43.82789845421727,0.0,602,1.0
1,0,0.1,19,50,0,72.86946015274127,72.86946015274127,0.0,602,1.0
1,0,0.1,28,50,0,68.28425722138344,68.28425722138344,0.0,602,1.0
1,0,0.1,1,5,1,3.020968549413726,2.0674891138426057,-0.379242609166697,602,1.0
1,0,0.1,4,5,1,2.629113579651264,3.9371142370318433,0.4038012803841848,602,1.0
1,0,0.1,16,5,1,3.456504572395183,4.871442197941398,0.3431321932196793,602,1.0
1,0,0.1,25,5,1,7.197906900128432,2.7323018629021547,-0.9686458482924136,602,1.0
1,0,0.1,1,20,1,25.973334869662835,7.628293388147255,-1.225206280816427,602,1.0
1,0,0.1,4,20,1,13.329890941696856,30.795594282062662,0.837362684218701,602,1.0
1,0,0.1,16,20,1,32.46331655814259,41.19392171177075,0.2381799836418148,602,1.0
1,0,0.1,25,20,1,111.29286118314069,18.819734706192385,-1.7772590782299411,602,1.0
1,0,0.1,1,50,1,66.76326112169146,20.68995702365848,-1.171504531438074,602,1.0
1,0,0.1,4,50,1,39.836097346339415,103.60058745428076,0.9557695304734508,602,1.0
1,0,0.1,16,50,1,105.5757190457207,166.3730704016757,0.4548042672074811,602,1.0
1,0,0.1,25,50,1,336.0251924658949,80.99585077555038,-1.4227882063624055,602,1.0
1,0,0.1,7,5,2,3.983469655473214,2.251521477317284,-0.570547012426232,602,1.0
1,0,0.1,13,5,2,2.602890023166822,3.3731412552196223,0.2592220583298559,602,1.0
1,0,0.1,22,5,2,29.34377047389665,18.76981870851601,-0.4468300821591618,602,1.0
1,0,0.1,7,20,2,30.80737594980832,5.811334452621868,-1.6679439136732328,602,1.0
1,0,0.1,13,20,2,27.37218015673458,43.88192115487232,0.4719752416070452,602,1.0
1,0,0.1,22,20,2,530.7643435732816,237.21180319466484,-0.8053646989182448,602,1.0
1,0,0.1,7,50,2,109.8477543642708,14.110689288904307,-2.0521627401116485,602,1.0
1,0,0.1,13,50,2,122.75831938671948,103.12109395644508,-0.174313572271049,602,1.0
1,0,0.1,22,50,2,1533.6410596360638,439.4735631358317,-1.2498224015611987,602,1.0
1,0,0.25,10,5,0,11.054443497756775,11.054443497756775,0.0,602,1.0
1,0,0.25,19,5,0,6.211714404255745,6.211714404255745,0.0,602,1.0
1,0,0.25,28,5,0,4.042455768047763,4.042455768047763,0.0,602,1.0
1,0,0.25,10,20,0,35.5876429988027,35.5876429988027,0.0,602,1.0
1,0,0.25,19,20,0,42.11292125956408,42.11292125956408,0.0,602,1.0
1,0,0.25,28,20,0,43.58130281610632,43.58130281610632,0.0,602,1.0
1,0,0.25,10,50,0,43.82789845421727,43.82789845421727,0.0,602,1.0
1,0,0.25,19,50,0,72.86946015274127,72.86946015274127,0.0,602,1.0
1,0,0.25,28,50,0,68.28425722138344,68.28425722138344,0.0,602,1.0
1,0,0.25,1,5,1,3.020968549413726,2.0674891138426057,-0.379242609166697,602,1.0
1,0,0.25,4,5,1,2.629113579651264,3.9371142370318433,0.4038012803841848,602,1.0
1,0,0.25,16,5,1,3.456504572395183,4.871442197941398,0.3431321932196793,602,1.0
1,0,0.25,25,5,1,7.197906900128432,2.7323018629021547,-0.9686458482924136,602,1.0
1,0,0.25,1,20,1,25.973334869662835,7.628293388147255,-1.225206280816427,602,1.0
1,0,0.25,4,20,1,13.329890941696856,30.795594282062662,0.837362684218701,602,1.0
1,0,0.25,16,20,1,32.46331655814259,41.19392171177075,0.2381799836418148,602,1.0
1,0,0.25,25,20,1,111.29286118314069,18.819734706192385,-1.7772590782299411,602,1.0
1,0,0.25,1,50,1,66.76326112169146,20.68995702365848,-1.171504531438074,602,1.0
1,0,0.25,4,50,1,39.836097346339415,103.60058745428076,0.9557695304734508,602,1.0
1,0,0.25,16,50,1,105.5757190457207,166.3730704016757,0.4548042672074811,602,1.0
1,0,0.25,25,50,1,336.0251924658949,80.99585077555038,-1.4227882063624055,602,1.0
1,0,0.25,7,5,2,3.983469655473214,2.251521477317284,-0.570547012426232,602,1.0
1,0,0.25,13,5,2,2.602890023166822,3.3731412552196223,0.2592220583298559,602,1.0
1,0,0.25,22,5,2,29.34377047389665,18.76981870851601,-0.4468300821591618,602,1.0
1,0,0.25,7,20,2,30.80737594980832,5.811334452621868,-1.6679439136732328,602,1.0
1,0,0.25,13,20,2,27.37218015673458,43.88192115487232,0.4719752416070452,602,1.0
1,0,0.25,22,20,2,530.7643435732816,237.21180319466484,-0.8053646989182448,602,1.0
1,0,0.25,7,50,2,109.8477543642708,14.110689288904307,-2.0521627401116485,602,1.0
1,0,0.25,13,50,2,122.75831938671948,103.12109395644508,-0.174313572271049,602,1.0
1,0,0.25,22,50,2,1533.6410596360638,439.4735631358317,-1.2498224015611987,602,1.0
1,1,0.0,28,5,0,4.042455768047763,4.042455768047763,0.0,602,1.0
1,1,0.0,28,20,0,43.58130281610632,43.58130281610632,0.0,602,1.0
1,1,0.0,28,50,0,68.28425722138344,68.28425722138344,0.0,602,1.0
1,1,0.0,7,5,1,3.983469655473214,3.7482829657615295,-0.0608553529269003,602,1.0
1,1,0.0,13,5,1,2.602890023166822,4.692692422138795,0.5893841198660805,602,1.0
1,1,0.0,22,5,1,29.34377047389665,13.013653169598706,-0.8130812239776445,602,1.0
1,1,0.0,7,20,1,30.80737594980832,17.996279195807304,-0.5375891150145258,602,1.0
1,1,0.0,13,20,1,27.37218015673458,71.45995412165064,0.9596100357228398,602,1.0
1,1,0.0,22,20,1,530.7643435732816,161.91607965234684,-1.1872399511481777,602,1.0
1,1,0.0,7,50,1,109.8477543642708,41.80368181097078,-0.9661109386209992,602,1.0
1,1,0.0,13,50,1,122.75831938671948,176.39809506525663,0.3625258051420262,602,1.0
1,1,0.0,22,50,1,1533.6410596360638,305.14760580037034,-1.614604351756767,602,1.0
1,1,0.0,1,5,2,3.020968549413726,2.3787904802037123,-0.2389853347860587,602,1.0
1,1,0.0,4,5,2,2.629113579651264,3.343907909585747,0.2404934084231996,602,1.0
1,1,0.0,10,5,2,11.054443497756775,16.06308386886947,0.3736912381812872,602,1.0
1,1,0.0,16,5,2,3.456504572395183,2.963338790900627,-0.1539412366871813,602,1.0
1,1,0.0,19,5,2,6.211714404255745,6.436133905108293,0.0354911051717204,602,1.0
1,1,0.0,25,5,2,7.197906900128432,4.801267986662698,-0.4049102285258896,602,1.0
1,1,0.0,1,20,2,25.973334869662835,11.701239318256151,-0.7973756689850612,602,1.0
1,1,0.0,4,20,2,13.329890941696856,22.853970826719213,0.5391159274780943,602,1.0
1,1,0.0,10,20,2,35.5876429988027,76.74813966326035,0.7685306764310853,602,1.0
1,1,0.0,16,20,2,32.46331655814259,20.280948652137877,-0.4704287752143885,602,1.0
1,1,0.0,19,20,2,42.11292125956408,51.21171202633485,0.1956136445224176,602,1.0
1,1,0.0,25,20,2,111.29286118314069,42.65686013563279,-0.9589770076482108,602,1.0
1,1,0.0,1,50,2,66.76326112169146,24.971595271121647,-0.983413956277308,602,1.0
1,1,0.0,4,50,2,39.836097346339415,27.937306536540014,-0.3548105222607367,602,1.0
1,1,0.0,10,50,2,43.82789845421727,85.51028692526626,0.6683661179961203,602,1.0
1,1,0.0,16,50,2,105.5757190457207,68.4440735554899,-0.4334114442038015,602,1.0
1,1,0.0,19,50,2,72.86946015274127,96.32292446935332,0.2790367198214561,602,1.0
1,1,0.0,25,50,2,336.0251924658949,92.7444517922896,-1.28733825398233,602,1.0
1,1,0.1,28,5,0,4.042455768047763,4.042455768047763,0.0,602,1.0
1,1,0.1,28,20,0,43.58130281610632,43.58130281610632,0.0,602,1.0
1,1,0.1,28,50,0,68.28425722138344,68.28425722138344,0.0,602,1.0
1,1,0.1,7,5,1,3.983469655473214,3.7482829657615295,-0.0608553529269003,602,1.0
1,1,0.1,13,5,1,2.602890023166822,4.692692422138795,0.5893841198660805,602,1.0
1,1,0.1,22,5,1,29.34377047389665,13.013653169598706,-0.8130812239776445,602,1.0
1,1,0.1,7,20,1,30.80737594980832,17.996279195807304,-0.5375891150145258,602,1.0
1,1,0.1,13,20,1,27.37218015673458,71.45995412165064,0.9596100357228398,602,1.0
1,1,0.1,22,20,1,530.7643435732816,161.91607965234684,-1.1872399511481777,602,1.0
1,1,0.1,7,50,1,109.8477543642708,41.80368181097078,-0.9661109386209992,602,1.0
1,1,0.1,13,50,1,122.75831938671948,176.39809506525663,0.3625258051420262,602,1.0
1,1,0.1,22,50,1,1533.6410596360638,305.14760580037034,-1.614604351756767,602,1.0
1,1,0.1,1,5,2,3.020968549413726,2.3787904802037123,-0.2389853347860587,602,1.0
1,1,0.1,4,5,2,2.629113579651264,3.343907909585747,0.2404934084231996,602,1.0
1,1,0.1,10,5,2,11.054443497756775,16.06308386886947,0.3736912381812872,602,1.0
1,1,0.1,16,5,2,3.456504572395183,2.963338790900627,-0.1539412366871813,602,1.0
1,1,0.1,19,5,2,6.211714404255745,6.436133905108293,0.0354911051717204,602,1.0
1,1,0.1,25,5,2,7.197906900128432,4.801267986662698,-0.4049102285258896,602,1.0
1,1,0.1,1,20,2,25.973334869662835,11.701239318256151,-0.7973756689850612,602,1.0
1,1,0.1,4,20,2,13.329890941696856,22.853970826719213,0.5391159274780943,602,1.0
1,1,0.1,10,20,2,35.5876429988027,76.74813966326035,0.7685306764310853,602,1.0
1,1,0.1,16,20,2,32.46331655814259,20.280948652137877,-0.4704287752143885,602,1.0
1,1,0.1,19,20,2,42.11292125956408,51.21171202633485,0.1956136445224176,602,1.0
1,1,0.1,25,20,2,111.29286118314069,42.65686013563279,-0.9589770076482108,602,1.0
1,1,0.1,1,50,2,66.76326112169146,24.971595271121647,-0.983413956277308,602,1.0
1,1,0.1,4,50,2,39.836097346339415,27.937306536540014,-0.3548105222607367,602,1.0
1,1,0.1,10,50,2,43.82789845421727,85.51028692526626,0.6683661179961203,602,1.0
1,1,0.1,16,50,2,105.5757190457207,68.4440735554899,-0.4334114442038015,602,1.0
1,1,0.1,19,50,2,72.86946015274127,96.32292446935332,0.2790367198214561,602,1.0
1,1,0.1,25,50,2,336.0251924658949,92.7444517922896,-1.28733825398233,602,1.0
1,1,0.25,1,5,0,3.020968549413726,3.020968549413726,0.0,602,1.0
1,1,0.25,13,5,0,2.602890023166822,2.602890023166822,0.0,602,1.0
1,1,0.25,28,5,0,4.042455768047763,4.042455768047763,0.0,602,1.0
1,1,0.25,1,20,0,25.973334869662835,25.973334869662835,0.0,602,1.0
1,1,0.25,13,20,0,27.37218015673458,27.37218015673458,0.0,602,1.0
1,1,0.25,28,20,0,43.58130281610632,43.58130281610632,0.0,602,1.0
1,1,0.25,1,50,0,66.76326112169146,66.76326112169146,0.0,602,1.0
1,1,0.25,13,50,0,122.75831938671948,122.75831938671948,0.0,602,1.0
1,1,0.25,28,50,0,68.28425722138344,68.28425722138344,0.0,602,1.0
1,1,0.25,7,5,1,3.983469655473214,3.7482829657615295,-0.0608553529269003,602,1.0
1,1,0.25,22,5,1,29.34377047389665,13.013653169598706,-0.8130812239776445,602,1.0
1,1,0.25,7,20,1,30.80737594980832,17.996279195807304,-0.5375891150145258,602,1.0
1,1,0.25,22,20,1,530.7643435732816,161.91607965234684,-1.1872399511481777,602,1.0
1,1,0.25,7,50,1,109.8477543642708,41.80368181097078,-0.9661109386209992,602,1.0
1,1,0.25,22,50,1,1533.6410596360638,305.14760580037034,-1.614604351756767,602,1.0
1,1,0.25,4,5,2,2.629113579651264,3.343907909585747,0.2404934084231996,602,1.0
1,1,0.25,10,5,2,11.054443497756775,16.06308386886947,0.3736912381812872,602,1.0
1,1,0.25,16,5,2,3.456504572395183,2.963338790900627,-0.1539412366871813,602,1.0
1,1,0.25,19,5,2,6.211714404255745,6.436133905108293,0.0354911051717204,602,1.0
1,1,0.25,25,5,2,7.197906900128432,4.801267986662698,-0.4049102285258896,602,1.0
1,1,0.25,4,20,2,13.329890941696856,22.853970826719213,0.5391159274780943,602,1.0
1,1,0.25,10,20,2,35.5876429988027,76.74813966326035,0.7685306764310853,602,1.0
1,1,0.25,16,20,2,32.46331655814259,20.280948652137877,-0.4704287752143885,602,1.0
1,1,0.25,19,20,2,42.11292125956408,51.21171202633485,0.1956136445224176,602,1.0
1,1,0.25,25,20,2,111.29286118314069,42.65686013563279,-0.9589770076482108,602,1.0
1,1,0.25,4,50,2,39.836097346339415,27.937306536540014,-0.3548105222607367,602,1.0
1,1,0.25,10,50,2,43.82789845421727,85.51028692526626,0.6683661179961203,602,1.0
1,1,0.25,16,50,2,105.5757190457207,68.4440735554899,-0.4334114442038015,602,1.0
1,1,0.25,19,50,2,72.86946015274127,96.32292446935332,0.2790367198214561,602,1.0
1,1,0.25,25,50,2,336.0251924658949,92.7444517922896,-1.28733825398233,602,1.0
1,2,0.0,10,5,0,11.054443497756775,11.054443497756775,0.0,602,1.0
1,2,0.0,19,5,0,6.211714404255745,6.211714404255745,0.0,602,1.0
1,2,0.0,28,5,0,4.042455768047763,4.042455768047763,0.0,602,1.0
1,2,0.0,10,20,0,35.5876429988027,35.5876429988027,0.0,602,1.0
1,2,0.0,19,20,0,42.11292125956408,42.11292125956408,0.0,602,1.0
1,2,0.0,28,20,0,43.58130281610632,43.58130281610632,0.0,602,1.0
1,2,0.0,10,50,0,43.82789845421727,43.82789845421727,0.0,602,1.0
1,2,0.0,19,50,0,72.86946015274127,72.86946015274127,0.0,602,1.0
1,2,0.0,28,50,0,68.28425722138344,68.28425722138344,0.0,602,1.0
1,2,0.0,1,5,1,3.020968549413726,2.0674864644846456,-0.3792438906049595,602,1.0
1,2,0.0,4,5,1,2.629113579651264,3.9371146358412976,0.4038013816790444,602,1.0
1,2,0.0,16,5,1,3.456504572395183,4.8714464027948345,0.3431330563832869,602,1.0
1,2,0.0,25,5,1,7.197906900128432,2.73229947165768,-0.9686467234685988,602,1.0
1,2,0.0,1,20,1,25.973334869662835,7.62824882141708,-1.225212123127163,602,1.0
1,2,0.0,4,20,1,13.329890941696856,30.79564952909009,0.8373644782083661,602,1.0
1,2,0.0,16,20,1,32.46331655814259,41.19403936561751,0.238182839734992,602,1.0
1,2,0.0,25,20,1,111.29286118314069,18.8196834658013,-1.7772618009283023,602,1.0
1,2,0.0,1,50,1,66.76326112169146,20.68979072451701,-1.1715125691449486,602,1.0
1,2,0.0,4,50,1,39.836097346339415,103.60086482227756,0.955772207751952,602,1.0
1,2,0.0,16,50,1,105.5757190457207,166.373129947857,0.4548046251149868,602,1.0
1,2,0.0,25,50,1,336.0251924658949,80.99569670759061,-1.4227901085352308,602,1.0
1,2,0.0,7,5,2,3.983469655473214,2.25152003101631,-0.5705476547924955,602,1.0
1,2,0.0,13,5,2,2.602890023166822,3.3731190652132548,0.2592154798685118,602,1.0
1,2,0.0,22,5,2,29.34377047389665,18.769846137592204,-0.4468286208207985,602,1.0
1,2,0.0,7,20,2,30.80737594980832,5.811311130802737,-1.6679479268420012,602,1.0
1,2,0.0,13,20,2,27.37218015673458,43.881540201171966,0.4719665602333966,602,1.0
1,2,0.0,22,20,2,530.7643435732816,237.21158295282527,-0.8053656273793872,602,1.0
1,2,0.0,7,50,2,109.8477543642708,14.110612645460527,-2.0521681717139155,602,1.0
1,2,0.0,13,50,2,122.75831938671948,103.12041265004096,-0.1743201791506759,602,1.0
1,2,0.0,22,50,2,1533.6410596360638,439.4730243875008,-1.2498236274566938,602,1.0
1,2,0.1,10,5,0,11.054443497756775,11.054443497756775,0.0,602,1.0
1,2,0.1,19,5,0,6.211714404255745,6.211714404255745,0.0,602,1.0
1,2,0.1,28,5,0,4.042455768047763,4.042455768047763,0.0,602,1.0
1,2,0.1,10,20,0,35.5876429988027,35.5876429988027,0.0,602,1.0
1,2,0.1,19,20,0,42.11292125956408,42.11292125956408,0.0,602,1.0
1,2,0.1,28,20,0,43.58130281610632,43.58130281610632,0.0,602,1.0
1,2,0.1,10,50,0,43.82789845421727,43.82789845421727,0.0,602,1.0
1,2,0.1,19,50,0,72.86946015274127,72.86946015274127,0.0,602,1.0
1,2,0.1,28,50,0,68.28425722138344,68.28425722138344,0.0,602,1.0
1,2,0.1,1,5,1,3.020968549413726,2.0674864644846456,-0.3792438906049595,602,1.0
1,2,0.1,4,5,1,2.629113579651264,3.9371146358412976,0.4038013816790444,602,1.0
1,2,0.1,16,5,1,3.456504572395183,4.8714464027948345,0.3431330563832869,602,1.0
1,2,0.1,25,5,1,7.197906900128432,2.73229947165768,-0.9686467234685988,602,1.0
1,2,0.1,1,20,1,25.973334869662835,7.62824882141708,-1.225212123127163,602,1.0
1,2,0.1,4,20,1,13.329890941696856,30.79564952909009,0.8373644782083661,602,1.0
1,2,0.1,16,20,1,32.46331655814259,41.19403936561751,0.238182839734992,602,1.0
1,2,0.1,25,20,1,111.29286118314069,18.8196834658013,-1.7772618009283023,602,1.0
1,2,0.1,1,50,1,66.76326112169146,20.68979072451701,-1.1715125691449486,602,1.0
1,2,0.1,4,50,1,39.836097346339415,103.60086482227756,0.955772207751952,602,1.0
1,2,0.1,16,50,1,105.5757190457207,166.373129947857,0.4548046251149868,602,1.0
1,2,0.1,25,50,1,336.0251924658949,80.99569670759061,-1.4227901085352308,602,1.0
1,2,0.1,7,5,2,3.983469655473214,2.25152003101631,-0.5705476547924955,602,1.0
1,2,0.1,13,5,2,2.602890023166822,3.3731190652132548,0.2592154798685118,602,1.0
1,2,0.1,22,5,2,29.34377047389665,18.769846137592204,-0.4468286208207985,602,1.0
1,2,0.1,7,20,2,30.80737594980832,5.811311130802737,-1.6679479268420012,602,1.0
1,2,0.1,13,20,2,27.37218015673458,43.881540201171966,0.4719665602333966,602,1.0
1,2,0.1,22,20,2,530.7643435732816,237.21158295282527,-0.8053656273793872,602,1.0
1,2,0.1,7,50,2,109.8477543642708,14.110612645460527,-2.0521681717139155,602,1.0
1,2,0.1,13,50,2,122.75831938671948,103.12041265004096,-0.1743201791506759,602,1.0
1,2,0.1,22,50,2,1533.6410596360638,439.4730243875008,-1.2498236274566938,602,1.0
1,2,0.25,10,5,0,11.054443497756775,11.054443497756775,0.0,602,1.0
1,2,0.25,19,5,0,6.211714404255745,6.211714404255745,0.0,602,1.0
1,2,0.25,28,5,0,4.042455768047763,4.042455768047763,0.0,602,1.0
1,2,0.25,10,20,0,35.5876429988027,35.5876429988027,0.0,602,1.0
1,2,0.25,19,20,0,42.11292125956408,42.11292125956408,0.0,602,1.0
1,2,0.25,28,20,0,43.58130281610632,43.58130281610632,0.0,602,1.0
1,2,0.25,10,50,0,43.82789845421727,43.82789845421727,0.0,602,1.0
1,2,0.25,19,50,0,72.86946015274127,72.86946015274127,0.0,602,1.0
1,2,0.25,28,50,0,68.28425722138344,68.28425722138344,0.0,602,1.0
1,2,0.25,1,5,1,3.020968549413726,2.0674864644846456,-0.3792438906049595,602,1.0
1,2,0.25,4,5,1,2.629113579651264,3.9371146358412976,0.4038013816790444,602,1.0
1,2,0.25,16,5,1,3.456504572395183,4.8714464027948345,0.3431330563832869,602,1.0
1,2,0.25,25,5,1,7.197906900128432,2.73229947165768,-0.9686467234685988,602,1.0
1,2,0.25,1,20,1,25.973334869662835,7.62824882141708,-1.225212123127163,602,1.0
1,2,0.25,4,20,1,13.329890941696856,30.79564952909009,0.8373644782083661,602,1.0
1,2,0.25,16,20,1,32.46331655814259,41.19403936561751,0.238182839734992,602,1.0
1,2,0.25,25,20,1,111.29286118314069,18.8196834658013,-1.7772618009283023,602,1.0
1,2,0.25,1,50,1,66.76326112169146,20.68979072451701,-1.1715125691449486,602,1.0
1,2,0.25,4,50,1,39.836097346339415,103.60086482227756,0.955772207751952,602,1.0
1,2,0.25,16,50,1,105.5757190457207,166.373129947857,0.4548046251149868,602,1.0
1,2,0.25,25,50,1,336.0251924658949,80.99569670759061,-1.4227901085352308,602,1.0
1,2,0.25,7,5,2,3.983469655473214,2.25152003101631,-0.5705476547924955,602,1.0
1,2,0.25,13,5,2,2.602890023166822,3.3731190652132548,0.2592154798685118,602,1.0
1,2,0.25,22,5,2,29.34377047389665,18.769846137592204,-0.4468286208207985,602,1.0
1,2,0.25,7,20,2,30.80737594980832,5.811311130802737,-1.6679479268420012,602,1.0
1,2,0.25,13,20,2,27.37218015673458,43.881540201171966,0.4719665602333966,602,1.0
1,2,0.25,22,20,2,530.7643435732816,237.21158295282527,-0.8053656273793872,602,1.0
1,2,0.25,7,50,2,109.8477543642708,14.110612645460527,-2.0521681717139155,602,1.0
1,2,0.25,13,50,2,122.75831938671948,103.12041265004096,-0.1743201791506759,602,1.0
1,2,0.25,22,50,2,1533.6410596360638,439.4730243875008,-1.2498236274566938,602,1.0
1,3,0.0,10,5,0,11.054443497756775,11.054443497756775,0.0,602,1.0
1,3,0.0,19,5,0,6.211714404255745,6.211714404255745,0.0,602,1.0
1,3,0.0,28,5,0,4.042455768047763,4.042455768047763,0.0,602,1.0
1,3,0.0,10,20,0,35.5876429988027,35.5876429988027,0.0,602,1.0
1,3,0.0,19,20,0,42.11292125956408,42.11292125956408,0.0,602,1.0
1,3,0.0,28,20,0,43.58130281610632,43.58130281610632,0.0,602,1.0
1,3,0.0,10,50,0,43.82789845421727,43.82789845421727,0.0,602,1.0
1,3,0.0,19,50,0,72.86946015274127,72.86946015274127,0.0,602,1.0
1,3,0.0,28,50,0,68.28425722138344,68.28425722138344,0.0,602,1.0
1,3,0.0,1,5,1,3.020968549413726,2.0674888952151185,-0.3792427149121141,602,1.0
1,3,0.0,4,5,1,2.629113579651264,3.9371442180435072,0.403808895326426,602,1.0
1,3,0.0,16,5,1,3.456504572395183,4.871452227286672,0.3431342520216813,602,1.0
1,3,0.0,25,5,1,7.197906900128432,2.732317142581438,-0.968640256071156,602,1.0
1,3,0.0,1,20,1,25.973334869662835,7.628302196932699,-1.225205126065304,602,1.0
1,3,0.0,4,20,1,13.329890941696856,30.79620641600337,0.8373825613430516,602,1.0
1,3,0.0,16,20,1,32.46331655814259,41.1941170128901,0.2381847246484555,602,1.0
1,3,0.0,25,20,1,111.29286118314069,18.819982436858677,-1.777245914971283,602,1.0
1,3,0.0,1,50,1,66.76326112169146,20.690031820520424,-1.1715009163156906,602,1.0
1,3,0.0,4,50,1,39.836097346339415,103.6036674251433,0.9557992593114474,602,1.0
1,3,0.0,16,50,1,105.5757190457207,166.37429989871555,0.4548116571804733,602,1.0
1,3,0.0,25,50,1,336.0251924658949,80.99757543240491,-1.4227669134384275,602,1.0
1,3,0.0,7,5,2,3.983469655473214,2.251526918987625,-0.5705445955433288,602,1.0
1,3,0.0,13,5,2,2.602890023166822,3.373269031398217,0.2592599380831414,602,1.0
1,3,0.0,22,5,2,29.34377047389665,18.769615645783347,-0.4468409007948795,602,1.0
1,3,0.0,7,20,2,30.80737594980832,5.811433545676733,-1.6679268621318302,602,1.0
1,3,0.0,13,20,2,27.37218015673458,43.88417250082257,0.4720265449260599,602,1.0
1,3,0.0,22,20,2,530.7643435732816,237.2122133318775,-0.8053629699281499,602,1.0
1,3,0.0,7,50,2,109.8477543642708,14.111058327122391,-2.052136587357175,602,1.0
1,3,0.0,13,50,2,122.75831938671948,103.12522551539163,-0.1742735079541904,602,1.0
1,3,0.0,22,50,2,1533.6410596360638,439.47495731573866,-1.24981922917994,602,1.0
1,3,0.1,10,5,0,11.054443497756775,11.054443497756775,0.0,602,1.0
1,3,0.1,19,5,0,6.211714404255745,6.211714404255745,0.0,602,1.0
1,3,0.1,28,5,0,4.042455768047763,4.042455768047763,0.0,602,1.0
1,3,0.1,10,20,0,35.5876429988027,35.5876429988027,0.0,602,1.0
1,3,0.1,19,20,0,42.11292125956408,42.11292125956408,0.0,602,1.0
1,3,0.1,28,20,0,43.58130281610632,43.58130281610632,0.0,602,1.0
1,3,0.1,10,50,0,43.82789845421727,43.82789845421727,0.0,602,1.0
1,3,0.1,19,50,0,72.86946015274127,72.86946015274127,0.0,602,1.0
1,3,0.1,28,50,0,68.28425722138344,68.28425722138344,0.0,602,1.0
1,3,0.1,1,5,1,3.020968549413726,2.0674888952151185,-0.3792427149121141,602,1.0
1,3,0.1,4,5,1,2.629113579651264,3.9371442180435072,0.403808895326426,602,1.0
1,3,0.1,16,5,1,3.456504572395183,4.871452227286672,0.3431342520216813,602,1.0
1,3,0.1,25,5,1,7.197906900128432,2.732317142581438,-0.968640256071156,602,1.0
1,3,0.1,1,20,1,25.973334869662835,7.628302196932699,-1.225205126065304,602,1.0
1,3,0.1,4,20,1,13.329890941696856,30.79620641600337,0.8373825613430516,602,1.0
1,3,0.1,16,20,1,32.46331655814259,41.1941170128901,0.2381847246484555,602,1.0
1,3,0.1,25,20,1,111.29286118314069,18.819982436858677,-1.777245914971283,602,1.0
1,3,0.1,1,50,1,66.76326112169146,20.690031820520424,-1.1715009163156906,602,1.0
1,3,0.1,4,50,1,39.836097346339415,103.6036674251433,0.9557992593114474,602,1.0
1,3,0.1,16,50,1,105.5757190457207,166.37429989871555,0.4548116571804733,602,1.0
1,3,0.1,25,50,1,336.0251924658949,80.99757543240491,-1.4227669134384275,602,1.0
1,3,0.1,7,5,2,3.983469655473214,2.251526918987625,-0.5705445955433288,602,1.0
1,3,0.1,13,5,2,2.602890023166822,3.373269031398217,0.2592599380831414,602,1.0
1,3,0.1,22,5,2,29.34377047389665,18.769615645783347,-0.4468409007948795,602,1.0
1,3,0.1,7,20,2,30.80737594980832,5.811433545676733,-1.6679268621318302,602,1.0
1,3,0.1,13,20,2,27.37218015673458,43.88417250082257,0.4720265449260599,602,1.0
1,3,0.1,22,20,2,530.7643435732816,237.2122133318775,-0.8053629699281499,602,1.0
1,3,0.1,7,50,2,109.8477543642708,14.111058327122391,-2.052136587357175,602,1.0
1,3,0.1,13,50,2,122.75831938671948,103.12522551539163,-0.1742735079541904,602,1.0
1,3,0.1,22,50,2,1533.6410596360638,439.47495731573866,-1.24981922917994,602,1.0
1,3,0.25,10,5,0,11.054443497756775,11.054443497756775,0.0,602,1.0
1,3,0.25,19,5,0,6.211714404255745,6.211714404255745,0.0,602,1.0
1,3,0.25,28,5,0,4.042455768047763,4.042455768047763,0.0,602,1.0
1,3,0.25,10,20,0,35.5876429988027,35.5876429988027,0.0,602,1.0
1,3,0.25,19,20,0,42.11292125956408,42.11292125956408,0.0,602,1.0
1,3,0.25,28,20,0,43.58130281610632,43.58130281610632,0.0,602,1.0
1,3,0.25,10,50,0,43.82789845421727,43.82789845421727,0.0,602,1.0
1,3,0.25,19,50,0,72.86946015274127,72.86946015274127,0.0,602,1.0
1,3,0.25,28,50,0,68.28425722138344,68.28425722138344,0.0,602,1.0
1,3,0.25,1,5,1,3.020968549413726,2.0674888952151185,-0.3792427149121141,602,1.0
1,3,0.25,4,5,1,2.629113579651264,3.9371442180435072,0.403808895326426,602,1.0
1,3,0.25,16,5,1,3.456504572395183,4.871452227286672,0.3431342520216813,602,1.0
1,3,0.25,25,5,1,7.197906900128432,2.732317142581438,-0.968640256071156,602,1.0
1,3,0.25,1,20,1,25.973334869662835,7.628302196932699,-1.225205126065304,602,1.0
1,3,0.25,4,20,1,13.329890941696856,30.79620641600337,0.8373825613430516,602,1.0
1,3,0.25,16,20,1,32.46331655814259,41.1941170128901,0.2381847246484555,602,1.0
1,3,0.25,25,20,1,111.29286118314069,18.819982436858677,-1.777245914971283,602,1.0
1,3,0.25,1,50,1,66.76326112169146,20.690031820520424,-1.1715009163156906,602,1.0
1,3,0.25,4,50,1,39.836097346339415,103.6036674251433,0.9557992593114474,602,1.0
1,3,0.25,16,50,1,105.5757190457207,166.37429989871555,0.4548116571804733,602,1.0
1,3,0.25,25,50,1,336.0251924658949,80.99757543240491,-1.4227669134384275,602,1.0
1,3,0.25,7,5,2,3.983469655473214,2.251526918987625,-0.5705445955433288,602,1.0
1,3,0.25,13,5,2,2.602890023166822,3.373269031398217,0.2592599380831414,602,1.0
1,3,0.25,22,5,2,29.34377047389665,18.769615645783347,-0.4468409007948795,602,1.0
1,3,0.25,7,20,2,30.80737594980832,5.811433545676733,-1.6679268621318302,602,1.0
1,3,0.25,13,20,2,27.37218015673458,43.88417250082257,0.4720265449260599,602,1.0
1,3,0.25,22,20,2,530.7643435732816,237.2122133318775,-0.8053629699281499,602,1.0
1,3,0.25,7,50,2,109.8477543642708,14.111058327122391,-2.052136587357175,602,1.0
1,3,0.25,13,50,2,122.75831938671948,103.12522551539163,-0.1742735079541904,602,1.0
1,3,0.25,22,50,2,1533.6410596360638,439.47495731573866,-1.24981922917994,602,1.0
1,4,0.0,10,5,0,11.054443497756775,11.054443497756775,0.0,602,1.0
1,4,0.0,19,5,0,6.211714404255745,6.211714404255745,0.0,602,1.0
1,4,0.0,28,5,0,4.042455768047763,4.042455768047763,0.0,602,1.0
1,4,0.0,10,20,0,35.5876429988027,35.5876429988027,0.0,602,1.0
1,4,0.0,19,20,0,42.11292125956408,42.11292125956408,0.0,602,1.0
1,4,0.0,28,20,0,43.58130281610632,43.58130281610632,0.0,602,1.0
1,4,0.0,10,50,0,43.82789845421727,43.82789845421727,0.0,602,1.0
1,4,0.0,19,50,0,72.86946015274127,72.86946015274127,0.0,602,1.0
1,4,0.0,28,50,0,68.28425722138344,68.28425722138344,0.0,602,1.0
1,4,0.0,7,5,1,3.983469655473214,2.2515209634550875,-0.5705472406551254,602,1.0
1,4,0.0,13,5,1,2.602890023166822,3.373147590605469,0.2592239365138445,602,1.0
1,4,0.0,22,5,1,29.34377047389665,18.769798931595787,-0.4468311358150841,602,1.0
1,4,0.0,7,20,1,30.80737594980832,5.811330367116521,-1.6679446166970937,602,1.0
1,4,0.0,13,20,1,27.37218015673458,43.88203997488559,0.4719779493246946,602,1.0
1,4,0.0,22,20,1,530.7643435732816,237.2116258023794,-0.8053654467408631,602,1.0
1,4,0.0,7,50,1,109.8477543642708,14.110684643551409,-2.0521630693197803,602,1.0
1,4,0.0,13,50,1,122.75831938671948,103.12131743796132,-0.174311405097821,602,1.0
1,4,0.0,22,50,1,1533.6410596360638,439.4731673932769,-1.2498233020538934,602,1.0
1,4,0.0,1,5,2,3.020968549413726,2.067491037529914,-0.3792416787209692,602,1.0
1,4,0.0,4,5,2,2.629113579651264,3.937124082583024,0.4038037810834985,602,1.0
1,4,0.0,16,5,2,3.456504572395183,4.871446004737654,0.343132974670965,602,1.0
1,4,0.0,25,5,2,7.197906900128432,2.732308129996213,-0.9686435545901854,602,1.0
1,4,0.0,1,20,2,25.973334869662835,7.628326588019427,-1.2252019286241036,602,1.0
1,4,0.0,4,20,2,13.329890941696856,30.795768070092176,0.8373683274784984,602,1.0
1,4,0.0,16,20,2,32.46331655814259,41.19397225687611,0.2381812106450291,602,1.0
1,4,0.0,25,20,2,111.29286118314069,18.819844094138723,-1.7772532658404394,602,1.0
1,4,0.0,1,50,2,66.76326112169146,20.690102923386156,-1.1714974797456472,602,1.0
1,4,0.0,4,50,2,39.836097346339415,103.60147083081584,0.9557780571892796,602,1.0
1,4,0.0,16,50,2,105.5757190457207,166.3735482559524,0.4548071393885939,602,1.0
1,4,0.0,25,50,2,336.0251924658949,80.99648308894186,-1.4227803996548114,602,1.0
1,4,0.1,10,5,0,11.054443497756775,11.054443497756775,0.0,602,1.0
1,4,0.1,19,5,0,6.211714404255745,6.211714404255745,0.0,602,1.0
1,4,0.1,28,5,0,4.042455768047763,4.042455768047763,0.0,602,1.0
1,4,0.1,10,20,0,35.5876429988027,35.5876429988027,0.0,602,1.0
1,4,0.1,19,20,0,42.11292125956408,42.11292125956408,0.0,602,1.0
1,4,0.1,28,20,0,43.58130281610632,43.58130281610632,0.0,602,1.0
1,4,0.1,10,50,0,43.82789845421727,43.82789845421727,0.0,602,1.0
1,4,0.1,19,50,0,72.86946015274127,72.86946015274127,0.0,602,1.0
1,4,0.1,28,50,0,68.28425722138344,68.28425722138344,0.0,602,1.0
1,4,0.1,7,5,1,3.983469655473214,2.2515209634550875,-0.5705472406551254,602,1.0
1,4,0.1,13,5,1,2.602890023166822,3.373147590605469,0.2592239365138445,602,1.0
1,4,0.1,22,5,1,29.34377047389665,18.769798931595787,-0.4468311358150841,602,1.0
1,4,0.1,7,20,1,30.80737594980832,5.811330367116521,-1.6679446166970937,602,1.0
1,4,0.1,13,20,1,27.37218015673458,43.88203997488559,0.4719779493246946,602,1.0
1,4,0.1,22,20,1,530.7643435732816,237.2116258023794,-0.8053654467408631,602,1.0
1,4,0.1,7,50,1,109.8477543642708,14.110684643551409,-2.0521630693197803,602,1.0
1,4,0.1,13,50,1,122.75831938671948,103.12131743796132,-0.174311405097821,602,1.0
1,4,0.1,22,50,1,1533.6410596360638,439.4731673932769,-1.2498233020538934,602,1.0
1,4,0.1,1,5,2,3.020968549413726,2.067491037529914,-0.3792416787209692,602,1.0
1,4,0.1,4,5,2,2.629113579651264,3.937124082583024,0.4038037810834985,602,1.0
1,4,0.1,16,5,2,3.456504572395183,4.871446004737654,0.343132974670965,602,1.0
1,4,0.1,25,5,2,7.197906900128432,2.732308129996213,-0.9686435545901854,602,1.0
1,4,0.1,1,20,2,25.973334869662835,7.628326588019427,-1.2252019286241036,602,1.0
1,4,0.1,4,20,2,13.329890941696856,30.795768070092176,0.8373683274784984,602,1.0
1,4,0.1,16,20,2,32.46331655814259,41.19397225687611,0.2381812106450291,602,1.0
1,4,0.1,25,20,2,111.29286118314069,18.819844094138723,-1.7772532658404394,602,1.0
1,4,0.1,1,50,2,66.76326112169146,20.690102923386156,-1.1714974797456472,602,1.0
1,4,0.1,4,50,2,39.836097346339415,103.60147083081584,0.9557780571892796,602,1.0
1,4,0.1,16,50,2,105.5757190457207,166.3735482559524,0.4548071393885939,602,1.0
1,4,0.1,25,50,2,336.0251924658949,80.99648308894186,-1.4227803996548114,602,1.0
1,4,0.25,10,5,0,11.054443497756775,11.054443497756775,0.0,602,1.0
1,4,0.25,19,5,0,6.211714404255745,6.211714404255745,0.0,602,1.0
1,4,0.25,28,5,0,4.042455768047763,4.042455768047763,0.0,602,1.0
1,4,0.25,10,20,0,35.5876429988027,35.5876429988027,0.0,602,1.0
1,4,0.25,19,20,0,42.11292125956408,42.11292125956408,0.0,602,1.0
1,4,0.25,28,20,0,43.58130281610632,43.58130281610632,0.0,602,1.0
1,4,0.25,10,50,0,43.82789845421727,43.82789845421727,0.0,602,1.0
1,4,0.25,19,50,0,72.86946015274127,72.86946015274127,0.0,602,1.0
1,4,0.25,28,50,0,68.28425722138344,68.28425722138344,0.0,602,1.0
1,4,0.25,7,5,1,3.983469655473214,2.2515209634550875,-0.5705472406551254,602,1.0
1,4,0.25,13,5,1,2.602890023166822,3.373147590605469,0.2592239365138445,602,1.0
1,4,0.25,22,5,1,29.34377047389665,18.769798931595787,-0.4468311358150841,602,1.0
1,4,0.25,7,20,1,30.80737594980832,5.811330367116521,-1.6679446166970937,602,1.0
1,4,0.25,13,20,1,27.37218015673458,43.88203997488559,0.4719779493246946,602,1.0
1,4,0.25,22,20,1,530.7643435732816,237.2116258023794,-0.8053654467408631,602,1.0
1,4,0.25,7,50,1,109.8477543642708,14.110684643551409,-2.0521630693197803,602,1.0
1,4,0.25,13,50,1,122.75831938671948,103.12131743796132,-0.174311405097821,602,1.0
1,4,0.25,22,50,1,1533.6410596360638,439.4731673932769,-1.2498233020538934,602,1.0
1,4,0.25,1,5,2,3.020968549413726,2.067491037529914,-0.3792416787209692,602,1.0
1,4,0.25,4,5,2,2.629113579651264,3.937124082583024,0.4038037810834985,602,1.0
1,4,0.25,16,5,2,3.456504572395183,4.871446004737654,0.343132974670965,602,1.0
1,4,0.25,25,5,2,7.197906900128432,2.732308129996213,-0.9686435545901854,602,1.0
1,4,0.25,1,20,2,25.973334869662835,7.628326588019427,-1.2252019286241036,602,1.0
1,4,0.25,4,20,2,13.329890941696856,30.795768070092176,0.8373683274784984,602,1.0
1,4,0.25,16,20,2,32.46331655814259,41.19397225687611,0.2381812106450291,602,1.0
1,4,0.25,25,20,2,111.29286118314069,18.819844094138723,-1.7772532658404394,602,1.0
1,4,0.25,1,50,2,66.76326112169146,20.690102923386156,-1.1714974797456472,602,1.0
1,4,0.25,4,50,2,39.836097346339415,103.60147083081584,0.9557780571892796,602,1.0
1,4,0.25,16,50,2,105.5757190457207,166.3735482559524,0.4548071393885939,602,1.0
1,4,0.25,25,50,2,336.0251924658949,80.99648308894186,-1.4227803996548114,602,1.0
1,5,0.0,10,5,0,11.054443497756775,11.054443497756775,0.0,602,1.0
1,5,0.0,19,5,0,6.211714404255745,6.211714404255745,0.0,602,1.0
1,5,0.0,28,5,0,4.042455768047763,4.042455768047763,0.0,602,1.0
1,5,0.0,10,20,0,35.5876429988027,35.5876429988027,0.0,602,1.0
1,5,0.0,19,20,0,42.11292125956408,42.11292125956408,0.0,602,1.0
1,5,0.0,28,20,0,43.58130281610632,43.58130281610632,0.0,602,1.0
1,5,0.0,10,50,0,43.82789845421727,43.82789845421727,0.0,602,1.0
1,5,0.0,19,50,0,72.86946015274127,72.86946015274127,0.0,602,1.0
1,5,0.0,28,50,0,68.28425722138344,68.28425722138344,0.0,602,1.0
1,5,0.0,1,5,1,3.020968549413726,2.0674893608427283,-0.3792424896980594,602,1.0
1,5,0.0,4,5,1,2.629113579651264,3.9371203032880566,0.4038028211704498,602,1.0
1,5,0.0,16,5,1,3.456504572395183,4.871444779749641,0.3431327232080183,602,1.0
1,5,0.0,25,5,1,7.197906900128432,2.7323039932622764,-0.968645068598442,602,1.0
1,5,0.0,1,20,1,25.973334869662835,7.628298239062751,-1.225205644905653,602,1.0
1,5,0.0,4,20,1,13.329890941696856,30.79572102031982,0.8373667996773996,602,1.0
1,5,0.0,16,20,1,32.46331655814259,41.193983509034005,0.2381814837955836,602,1.0
1,5,0.0,25,20,1,111.29286118314069,18.81977156658461,-1.7772571196286806,602,1.0
1,5,0.0,1,50,1,66.76326112169146,20.689977750271616,-1.1715035296668896,602,1.0
1,5,0.0,4,50,1,39.836097346339415,103.6011961115808,0.9557754054933424,602,1.0
1,5,0.0,16,50,1,105.5757190457207,166.3732656536127,0.4548054407857649,602,1.0
1,5,0.0,25,50,1,336.0251924658949,80.99616204240593,-1.4227843633722466,602,1.0
1,5,0.0,7,5,2,3.983469655473214,2.251519855719645,-0.5705477326495296,602,1.0
1,5,0.0,13,5,2,2.602890023166822,3.3731143217554944,0.2592140736148328,602,1.0
1,5,0.0,22,5,2,29.34377047389665,18.769852760138807,-0.4468282679918308,602,1.0
1,5,0.0,7,20,2,30.80737594980832,5.811308541490842,-1.667948372406249,602,1.0
1,5,0.0,13,20,2,27.37218015673458,43.88145910461301,0.4719647121525516,602,1.0
1,5,0.0,22,20,2,530.7643435732816,237.211565978008,-0.8053656989392062,602,1.0
1,5,0.0,7,50,2,109.8477543642708,14.110604498213274,-2.052168749098456,602,1.0
1,5,0.0,13,50,2,122.75831938671948,103.1202739560266,-0.1743215241230638,602,1.0
1,5,0.0,22,50,2,1533.6410596360638,439.4729940199069,-1.2498236965567142,602,1.0
1,5,0.1,10,5,0,11.054443497756775,11.054443497756775,0.0,602,1.0
1,5,0.1,19,5,0,6.211714404255745,6.211714404255745,0.0,602,1.0
1,5,0.1,28,5,0,4.042455768047763,4.042455768047763,0.0,602,1.0
1,5,0.1,10,20,0,35.5876429988027,35.5876429988027,0.0,602,1.0
1,5,0.1,19,20,0,42.11292125956408,42.11292125956408,0.0,602,1.0
1,5,0.1,28,20,0,43.58130281610632,43.58130281610632,0.0,602,1.0
1,5,0.1,10,50,0,43.82789845421727,43.82789845421727,0.0,602,1.0
1,5,0.1,19,50,0,72.86946015274127,72.86946015274127,0.0,602,1.0
1,5,0.1,28,50,0,68.28425722138344,68.28425722138344,0.0,602,1.0
1,5,0.1,1,5,1,3.020968549413726,2.0674893608427283,-0.3792424896980594,602,1.0
1,5,0.1,4,5,1,2.629113579651264,3.9371203032880566,0.4038028211704498,602,1.0
1,5,0.1,16,5,1,3.456504572395183,4.871444779749641,0.3431327232080183,602,1.0
1,5,0.1,25,5,1,7.197906900128432,2.7323039932622764,-0.968645068598442,602,1.0
1,5,0.1,1,20,1,25.973334869662835,7.628298239062751,-1.225205644905653,602,1.0
1,5,0.1,4,20,1,13.329890941696856,30.79572102031982,0.8373667996773996,602,1.0
1,5,0.1,16,20,1,32.46331655814259,41.193983509034005,0.2381814837955836,602,1.0
1,5,0.1,25,20,1,111.29286118314069,18.81977156658461,-1.7772571196286806,602,1.0
1,5,0.1,1,50,1,66.76326112169146,20.689977750271616,-1.1715035296668896,602,1.0
1,5,0.1,4,50,1,39.836097346339415,103.6011961115808,0.9557754054933424,602,1.0
1,5,0.1,16,50,1,105.5757190457207,166.3732656536127,0.4548054407857649,602,1.0
1,5,0.1,25,50,1,336.0251924658949,80.99616204240593,-1.4227843633722466,602,1.0
1,5,0.1,7,5,2,3.983469655473214,2.251519855719645,-0.5705477326495296,602,1.0
1,5,0.1,13,5,2,2.602890023166822,3.3731143217554944,0.2592140736148328,602,1.0
1,5,0.1,22,5,2,29.34377047389665,18.769852760138807,-0.4468282679918308,602,1.0
1,5,0.1,7,20,2,30.80737594980832,5.811308541490842,-1.667948372406249,602,1.0
1,5,0.1,13,20,2,27.37218015673458,43.88145910461301,0.4719647121525516,602,1.0
1,5,0.1,22,20,2,530.7643435732816,237.211565978008,-0.8053656989392062,602,1.0
1,5,0.1,7,50,2,109.8477543642708,14.110604498213274,-2.052168749098456,602,1.0
1,5,0.1,13,50,2,122.75831938671948,103.1202739560266,-0.1743215241230638,602,1.0
1,5,0.1,22,50,2,1533.6410596360638,439.4729940199069,-1.2498236965567142,602,1.0
1,5,0.25,10,5,0,11.054443497756775,11.054443497756775,0.0,602,1.0
1,5,0.25,19,5,0,6.211714404255745,6.211714404255745,0.0,602,1.0
1,5,0.25,28,5,0,4.042455768047763,4.042455768047763,0.0,602,1.0
1,5,0.25,10,20,0,35.5876429988027,35.5876429988027,0.0,602,1.0
1,5,0.25,19,20,0,42.11292125956408,42.11292125956408,0.0,602,1.0
1,5,0.25,28,20,0,43.58130281610632,43.58130281610632,0.0,602,1.0
1,5,0.25,10,50,0,43.82789845421727,43.82789845421727,0.0,602,1.0
1,5,0.25,19,50,0,72.86946015274127,72.86946015274127,0.0,602,1.0
1,5,0.25,28,50,0,68.28425722138344,68.28425722138344,0.0,602,1.0
1,5,0.25,1,5,1,3.020968549413726,2.0674893608427283,-0.3792424896980594,602,1.0
1,5,0.25,4,5,1,2.629113579651264,3.9371203032880566,0.4038028211704498,602,1.0
1,5,0.25,16,5,1,3.456504572395183,4.871444779749641,0.3431327232080183,602,1.0
1,5,0.25,25,5,1,7.197906900128432,2.7323039932622764,-0.968645068598442,602,1.0
1,5,0.25,1,20,1,25.973334869662835,7.628298239062751,-1.225205644905653,602,1.0
1,5,0.25,4,20,1,13.329890941696856,30.79572102031982,0.8373667996773996,602,1.0
1,5,0.25,16,20,1,32.46331655814259,41.193983509034005,0.2381814837955836,602,1.0
1,5,0.25,25,20,1,111.29286118314069,18.81977156658461,-1.7772571196286806,602,1.0
1,5,0.25,1,50,1,66.76326112169146,20.689977750271616,-1.1715035296668896,602,1.0
1,5,0.25,4,50,1,39.836097346339415,103.6011961115808,0.9557754054933424,602,1.0
1,5,0.25,16,50,1,105.5757190457207,166.3732656536127,0.4548054407857649,602,1.0
1,5,0.25,25,50,1,336.0251924658949,80.99616204240593,-1.4227843633722466,602,1.0
1,5,0.25,7,5,2,3.983469655473214,2.251519855719645,-0.5705477326495296,602,1.0
1,5,0.25,13,5,2,2.602890023166822,3.3731143217554944,0.2592140736148328,602,1.0
1,5,0.25,22,5,2,29.34377047389665,18.769852760138807,-0.4468282679918308,602,1.0
1,5,0.25,7,20,2,30.80737594980832,5.811308541490842,-1.667948372406249,602,1.0
1,5,0.25,13,20,2,27.37218015673458,43.88145910461301,0.4719647121525516,602,1.0
1,5,0.25,22,20,2,530.7643435732816,237.211565978008,-0.8053656989392062,602,1.0
1,5,0.25,7,50,2,109.8477543642708,14.110604498213274,-2.052168749098456,602,1.0
1,5,0.25,13,50,2,122.75831938671948,103.1202739560266,-0.1743215241230638,602,1.0
1,5,0.25,22,50,2,1533.6410596360638,439.4729940199069,-1.2498236965567142,602,1.0
0,0,0.0,3,5,0,1.5119845348455836,1.5119845348455836,0.0,603,0.01
0,0,0.0,6,5,0,3.61026944369194,3.61026944369194,0.0,603,0.01
0,0,0.0,9,5,0,9.769430621518875,9.769430621518875,0.0,603,0.01
0,0,0.0,3,20,0,5.583562388550176,5.583562388550176,0.0,603,0.01
0,0,0.0,6,20,0,30.831064203241333,30.831064203241333,0.0,603,0.01
0,0,0.0,9,20,0,77.85599332280759,77.85599332280759,0.0,603,0.01
0,0,0.0,3,50,0,14.509726962573266,14.509726962573266,0.0,603,0.01
0,0,0.0,6,50,0,43.68723523723973,43.68723523723973,0.0,603,0.01
0,0,0.0,9,50,0,85.20293865852952,85.20293865852952,0.0,603,0.01
0,0,0.0,12,5,1,1.5860265198406032,1.111179057461124,-0.3558101787806833,603,0.01
0,0,0.0,15,5,1,7.00391792561492,9.21859181207265,0.2747525978855634,603,0.01
0,0,0.0,18,5,1,17.997050272362507,1.193159873579081,-2.7136027268666227,603,0.01
0,0,0.0,12,20,1,4.985877369921568,1.16032575992517,-1.457908596702249,603,0.01
0,0,0.0,15,20,1,56.87051270311794,71.8923621825416,0.2343930541160366,603,0.01
0,0,0.0,18,20,1,90.09752296073124,1.6379474683381618,-4.0074487578196445,603,0.01
0,0,0.0,12,50,1,14.646910913782934,1.1384354414509128,-2.5545745541057987,603,0.01
0,0,0.0,15,50,1,71.6283808338896,320.5969359553502,1.4986933071197943,603,0.01
0,0,0.0,18,50,1,280.9716979575665,4.609408458201137,-4.110154413566841,603,0.01
0,0,0.0,0,5,2,1.7814888073750346,2.9838682387127107,0.5157711020923654,603,0.01
0,0,0.0,21,5,2,11.95567310816766,1.7699460333520405,-1.9102568463213772,603,0.01
0,0,0.0,24,5,2,5.478927711954907,1.588122069144242,-1.238357179203731,603,0.01
0,0,0.0,27,5,2,34.63271927438449,16.67332924398154,-0.7309884874742957,603,0.01
0,0,0.0,0,20,2,4.494506177114253,9.604874035477254,0.7594148802583103,603,0.01
0,0,0.0,21,20,2,150.11767020003515,4.023801350766747,-3.619192389095044,603,0.01
0,0,0.0,24,20,2,52.60585657894857,2.44136369999468,-3.070270678727949,603,0.01
0,0,0.0,27,20,2,271.8583233329381,86.98319805993833,-1.1395660862409815,603,0.01
0,0,0.0,0,50,2,6.5916837298857205,9.896259984475575,0.4063480928311307,603,0.01
0,0,0.0,21,50,2,358.9368548424418,5.16111219276535,-4.241994383712326,603,0.01
0,0,0.0,24,50,2,74.92773469558355,2.4871683305869907,-3.4053792649201444,603,0.01
0,0,0.0,27,50,2,396.65829400021687,122.84635829838012,-1.172140734605237,603,0.01
0,0,0.1,3,5,0,1.5119845348455836,1.5119845348455836,0.0,603,0.01
0,0,0.1,6,5,0,3.61026944369194,3.61026944369194,0.0,603,0.01
0,0,0.1,9,5,0,9.769430621518875,9.769430621518875,0.0,603,0.01
0,0,0.1,3,20,0,5.583562388550176,5.583562388550176,0.0,603,0.01
0,0,0.1,6,20,0,30.831064203241333,30.831064203241333,0.0,603,0.01
0,0,0.1,9,20,0,77.85599332280759,77.85599332280759,0.0,603,0.01
0,0,0.1,3,50,0,14.509726962573266,14.509726962573266,0.0,603,0.01
0,0,0.1,6,50,0,43.68723523723973,43.68723523723973,0.0,603,0.01
0,0,0.1,9,50,0,85.20293865852952,85.20293865852952,0.0,603,0.01
0,0,0.1,12,5,1,1.5860265198406032,1.111179057461124,-0.3558101787806833,603,0.01
0,0,0.1,15,5,1,7.00391792561492,9.21859181207265,0.2747525978855634,603,0.01
0,0,0.1,18,5,1,17.997050272362507,1.193159873579081,-2.7136027268666227,603,0.01
0,0,0.1,12,20,1,4.985877369921568,1.16032575992517,-1.457908596702249,603,0.01
0,0,0.1,15,20,1,56.87051270311794,71.8923621825416,0.2343930541160366,603,0.01
0,0,0.1,18,20,1,90.09752296073124,1.6379474683381618,-4.0074487578196445,603,0.01
0,0,0.1,12,50,1,14.646910913782934,1.1384354414509128,-2.5545745541057987,603,0.01
0,0,0.1,15,50,1,71.6283808338896,320.5969359553502,1.4986933071197943,603,0.01
0,0,0.1,18,50,1,280.9716979575665,4.609408458201137,-4.110154413566841,603,0.01
0,0,0.1,0,5,2,1.7814888073750346,2.9838682387127107,0.5157711020923654,603,0.01
0,0,0.1,21,5,2,11.95567310816766,1.7699460333520405,-1.9102568463213772,603,0.01
0,0,0.1,24,5,2,5.478927711954907,1.588122069144242,-1.238357179203731,603,0.01
0,0,0.1,27,5,2,34.63271927438449,16.67332924398154,-0.7309884874742957,603,0.01
0,0,0.1,0,20,2,4.494506177114253,9.604874035477254,0.7594148802583103,603,0.01
0,0,0.1,21,20,2,150.11767020003515,4.023801350766747,-3.619192389095044,603,0.01
0,0,0.1,24,20,2,52.60585657894857,2.44136369999468,-3.070270678727949,603,0.01
0,0,0.1,27,20,2,271.8583233329381,86.98319805993833,-1.1395660862409815,603,0.01
0,0,0.1,0,50,2,6.5916837298857205,9.896259984475575,0.4063480928311307,603,0.01
0,0,0.1,21,50,2,358.9368548424418,5.16111219276535,-4.241994383712326,603,0.01
0,0,0.1,24,50,2,74.92773469558355,2.4871683305869907,-3.4053792649201444,603,0.01
0,0,0.1,27,50,2,396.65829400021687,122.84635829838012,-1.172140734605237,603,0.01
0,0,0.25,3,5,0,1.5119845348455836,1.5119845348455836,0.0,603,0.01
0,0,0.25,6,5,0,3.61026944369194,3.61026944369194,0.0,603,0.01
0,0,0.25,9,5,0,9.769430621518875,9.769430621518875,0.0,603,0.01
0,0,0.25,3,20,0,5.583562388550176,5.583562388550176,0.0,603,0.01
0,0,0.25,6,20,0,30.831064203241333,30.831064203241333,0.0,603,0.01
0,0,0.25,9,20,0,77.85599332280759,77.85599332280759,0.0,603,0.01
0,0,0.25,3,50,0,14.509726962573266,14.509726962573266,0.0,603,0.01
0,0,0.25,6,50,0,43.68723523723973,43.68723523723973,0.0,603,0.01
0,0,0.25,9,50,0,85.20293865852952,85.20293865852952,0.0,603,0.01
0,0,0.25,12,5,1,1.5860265198406032,1.111179057461124,-0.3558101787806833,603,0.01
0,0,0.25,15,5,1,7.00391792561492,9.21859181207265,0.2747525978855634,603,0.01
0,0,0.25,18,5,1,17.997050272362507,1.193159873579081,-2.7136027268666227,603,0.01
0,0,0.25,12,20,1,4.985877369921568,1.16032575992517,-1.457908596702249,603,0.01
0,0,0.25,15,20,1,56.87051270311794,71.8923621825416,0.2343930541160366,603,0.01
0,0,0.25,18,20,1,90.09752296073124,1.6379474683381618,-4.0074487578196445,603,0.01
0,0,0.25,12,50,1,14.646910913782934,1.1384354414509128,-2.5545745541057987,603,0.01
0,0,0.25,15,50,1,71.6283808338896,320.5969359553502,1.4986933071197943,603,0.01
0,0,0.25,18,50,1,280.9716979575665,4.609408458201137,-4.110154413566841,603,0.01
0,0,0.25,0,5,2,1.7814888073750346,2.9838682387127107,0.5157711020923654,603,0.01
0,0,0.25,21,5,2,11.95567310816766,1.7699460333520405,-1.9102568463213772,603,0.01
0,0,0.25,24,5,2,5.478927711954907,1.588122069144242,-1.238357179203731,603,0.01
0,0,0.25,27,5,2,34.63271927438449,16.67332924398154,-0.7309884874742957,603,0.01
0,0,0.25,0,20,2,4.494506177114253,9.604874035477254,0.7594148802583103,603,0.01
0,0,0.25,21,20,2,150.11767020003515,4.023801350766747,-3.619192389095044,603,0.01
0,0,0.25,24,20,2,52.60585657894857,2.44136369999468,-3.070270678727949,603,0.01
0,0,0.25,27,20,2,271.8583233329381,86.98319805993833,-1.1395660862409815,603,0.01
0,0,0.25,0,50,2,6.5916837298857205,9.896259984475575,0.4063480928311307,603,0.01
0,0,0.25,21,50,2,358.9368548424418,5.16111219276535,-4.241994383712326,603,0.01
0,0,0.25,24,50,2,74.92773469558355,2.4871683305869907,-3.4053792649201444,603,0.01
0,0,0.25,27,50,2,396.65829400021687,122.84635829838012,-1.172140734605237,603,0.01
0,1,0.0,3,5,0,1.5119845348455836,1.5119845348455836,0.0,603,0.01
0,1,0.0,6,5,0,3.61026944369194,3.61026944369194,0.0,603,0.01
0,1,0.0,9,5,0,9.769430621518875,9.769430621518875,0.0,603,0.01
0,1,0.0,3,20,0,5.583562388550176,5.583562388550176,0.0,603,0.01
0,1,0.0,6,20,0,30.831064203241333,30.831064203241333,0.0,603,0.01
0,1,0.0,9,20,0,77.85599332280759,77.85599332280759,0.0,603,0.01
0,1,0.0,3,50,0,14.509726962573266,14.509726962573266,0.0,603,0.01
0,1,0.0,6,50,0,43.68723523723973,43.68723523723973,0.0,603,0.01
0,1,0.0,9,50,0,85.20293865852952,85.20293865852952,0.0,603,0.01
0,1,0.0,0,5,1,1.7814888073750346,2.983867956108896,0.5157710073818067,603,0.01
0,1,0.0,21,5,1,11.95567310816766,1.7699459458689242,-1.9102568957483752,603,0.01
0,1,0.0,24,5,1,5.478927711954907,1.588122354110446,-1.2383569997677892,603,0.01
0,1,0.0,27,5,1,34.63271927438449,16.67333142244355,-0.7309883568188138,603,0.01
0,1,0.0,0,20,1,4.494506177114253,9.60487299141939,0.7594147715574656,603,0.01
0,1,0.0,21,20,1,150.11767020003515,4.02380155737318,-3.619192337748963,603,0.01
0,1,0.0,24,20,1,52.60585657894857,2.441364635439998,-3.0702702955629424,603,0.01
0,1,0.0,27,20,1,271.8583233329381,86.98320746350855,-1.139565978133095,603,0.01
0,1,0.0,0,50,1,6.5916837298857205,9.896258493175608,0.4063479421378303,603,0.01
0,1,0.0,21,50,1,358.9368548424418,5.161112552524304,-4.241994314006625,603,0.01
0,1,0.0,24,50,1,74.92773469558355,2.487169408978784,-3.405378831338088,603,0.01
0,1,0.0,27,50,1,396.65829400021687,122.8463658233784,-1.1721406733498758,603,0.01
0,1,0.0,12,5,2,1.5860265198406032,1.111179016603499,-0.3558102155502981,603,0.01
0,1,0.0,15,5,2,7.00391792561492,9.218591306741612,0.2747525430690511,603,0.01
0,1,0.0,18,5,2,17.997050272362507,1.193159923401067,-2.7136026851102866,603,0.01
0,1,0.0,12,20,2,4.985877369921568,1.1603256555702717,-1.457908686638116,603,0.01
0,1,0.0,15,20,2,56.87051270311794,71.89235419830898,0.234392943057882,603,0.01
0,1,0.0,18,20,2,90.09752296073124,1.6379479142854847,-4.007448485559837,603,0.01
0,1,0.0,12,50,2,14.646910913782934,1.1384353864606669,-2.5545746024091502,603,0.01
0,1,0.0,15,50,2,71.6283808338896,320.5968760164194,1.4986931201593787,603,0.01
0,1,0.0,18,50,2,280.9716979575665,4.6094103879206205,-4.110153994918961,603,0.01
0,1,0.1,3,5,0,1.5119845348455836,1.5119845348455836,0.0,603,0.01
0,1,0.1,6,5,0,3.61026944369194,3.61026944369194,0.0,603,0.01
0,1,0.1,9,5,0,9.769430621518875,9.769430621518875,0.0,603,0.01
0,1,0.1,3,20,0,5.583562388550176,5.583562388550176,0.0,603,0.01
0,1,0.1,6,20,0,30.831064203241333,30.831064203241333,0.0,603,0.01
0,1,0.1,9,20,0,77.85599332280759,77.85599332280759,0.0,603,0.01
0,1,0.1,3,50,0,14.509726962573266,14.509726962573266,0.0,603,0.01
0,1,0.1,6,50,0,43.68723523723973,43.68723523723973,0.0,603,0.01
0,1,0.1,9,50,0,85.20293865852952,85.20293865852952,0.0,603,0.01
0,1,0.1,0,5,1,1.7814888073750346,2.983867956108896,0.5157710073818067,603,0.01
0,1,0.1,21,5,1,11.95567310816766,1.7699459458689242,-1.9102568957483752,603,0.01
0,1,0.1,24,5,1,5.478927711954907,1.588122354110446,-1.2383569997677892,603,0.01
0,1,0.1,27,5,1,34.63271927438449,16.67333142244355,-0.7309883568188138,603,0.01
0,1,0.1,0,20,1,4.494506177114253,9.60487299141939,0.7594147715574656,603,0.01
0,1,0.1,21,20,1,150.11767020003515,4.02380155737318,-3.619192337748963,603,0.01
0,1,0.1,24,20,1,52.60585657894857,2.441364635439998,-3.0702702955629424,603,0.01
0,1,0.1,27,20,1,271.8583233329381,86.98320746350855,-1.139565978133095,603,0.01
0,1,0.1,0,50,1,6.5916837298857205,9.896258493175608,0.4063479421378303,603,0.01
0,1,0.1,21,50,1,358.9368548424418,5.161112552524304,-4.241994314006625,603,0.01
0,1,0.1,24,50,1,74.92773469558355,2.487169408978784,-3.405378831338088,603,0.01
0,1,0.1,27,50,1,396.65829400021687,122.8463658233784,-1.1721406733498758,603,0.01
0,1,0.1,12,5,2,1.5860265198406032,1.111179016603499,-0.3558102155502981,603,0.01
0,1,0.1,15,5,2,7.00391792561492,9.218591306741612,0.2747525430690511,603,0.01
0,1,0.1,18,5,2,17.997050272362507,1.193159923401067,-2.7136026851102866,603,0.01
0,1,0.1,12,20,2,4.985877369921568,1.1603256555702717,-1.457908686638116,603,0.01
0,1,0.1,15,20,2,56.87051270311794,71.89235419830898,0.234392943057882,603,0.01
0,1,0.1,18,20,2,90.09752296073124,1.6379479142854847,-4.007448485559837,603,0.01
0,1,0.1,12,50,2,14.646910913782934,1.1384353864606669,-2.5545746024091502,603,0.01
0,1,0.1,15,50,2,71.6283808338896,320.5968760164194,1.4986931201593787,603,0.01
0,1,0.1,18,50,2,280.9716979575665,4.6094103879206205,-4.110153994918961,603,0.01
0,1,0.25,3,5,0,1.5119845348455836,1.5119845348455836,0.0,603,0.01
0,1,0.25,6,5,0,3.61026944369194,3.61026944369194,0.0,603,0.01
0,1,0.25,9,5,0,9.769430621518875,9.769430621518875,0.0,603,0.01
0,1,0.25,3,20,0,5.583562388550176,5.583562388550176,0.0,603,0.01
0,1,0.25,6,20,0,30.831064203241333,30.831064203241333,0.0,603,0.01
0,1,0.25,9,20,0,77.85599332280759,77.85599332280759,0.0,603,0.01
0,1,0.25,3,50,0,14.509726962573266,14.509726962573266,0.0,603,0.01
0,1,0.25,6,50,0,43.68723523723973,43.68723523723973,0.0,603,0.01
0,1,0.25,9,50,0,85.20293865852952,85.20293865852952,0.0,603,0.01
0,1,0.25,0,5,1,1.7814888073750346,2.983867956108896,0.5157710073818067,603,0.01
0,1,0.25,21,5,1,11.95567310816766,1.7699459458689242,-1.9102568957483752,603,0.01
0,1,0.25,24,5,1,5.478927711954907,1.588122354110446,-1.2383569997677892,603,0.01
0,1,0.25,27,5,1,34.63271927438449,16.67333142244355,-0.7309883568188138,603,0.01
0,1,0.25,0,20,1,4.494506177114253,9.60487299141939,0.7594147715574656,603,0.01
0,1,0.25,21,20,1,150.11767020003515,4.02380155737318,-3.619192337748963,603,0.01
0,1,0.25,24,20,1,52.60585657894857,2.441364635439998,-3.0702702955629424,603,0.01
0,1,0.25,27,20,1,271.8583233329381,86.98320746350855,-1.139565978133095,603,0.01
0,1,0.25,0,50,1,6.5916837298857205,9.896258493175608,0.4063479421378303,603,0.01
0,1,0.25,21,50,1,358.9368548424418,5.161112552524304,-4.241994314006625,603,0.01
0,1,0.25,24,50,1,74.92773469558355,2.487169408978784,-3.405378831338088,603,0.01
0,1,0.25,27,50,1,396.65829400021687,122.8463658233784,-1.1721406733498758,603,0.01
0,1,0.25,12,5,2,1.5860265198406032,1.111179016603499,-0.3558102155502981,603,0.01
0,1,0.25,15,5,2,7.00391792561492,9.218591306741612,0.2747525430690511,603,0.01
0,1,0.25,18,5,2,17.997050272362507,1.193159923401067,-2.7136026851102866,603,0.01
0,1,0.25,12,20,2,4.985877369921568,1.1603256555702717,-1.457908686638116,603,0.01
0,1,0.25,15,20,2,56.87051270311794,71.89235419830898,0.234392943057882,603,0.01
0,1,0.25,18,20,2,90.09752296073124,1.6379479142854847,-4.007448485559837,603,0.01
0,1,0.25,12,50,2,14.646910913782934,1.1384353864606669,-2.5545746024091502,603,0.01
0,1,0.25,15,50,2,71.6283808338896,320.5968760164194,1.4986931201593787,603,0.01
0,1,0.25,18,50,2,280.9716979575665,4.6094103879206205,-4.110153994918961,603,0.01
0,2,0.0,3,5,0,1.5119845348455836,1.5119845348455836,0.0,603,0.01
0,2,0.0,6,5,0,3.61026944369194,3.61026944369194,0.0,603,0.01
0,2,0.0,9,5,0,9.769430621518875,9.769430621518875,0.0,603,0.01
0,2,0.0,3,20,0,5.583562388550176,5.583562388550176,0.0,603,0.01
0,2,0.0,6,20,0,30.831064203241333,30.831064203241333,0.0,603,0.01
0,2,0.0,9,20,0,77.85599332280759,77.85599332280759,0.0,603,0.01
0,2,0.0,3,50,0,14.509726962573266,14.509726962573266,0.0,603,0.01
0,2,0.0,6,50,0,43.68723523723973,43.68723523723973,0.0,603,0.01
0,2,0.0,9,50,0,85.20293865852952,85.20293865852952,0.0,603,0.01
0,2,0.0,0,5,1,1.7814888073750346,2.983868500733211,0.5157711899047177,603,0.01
0,2,0.0,21,5,1,11.95567310816766,1.7699460658333157,-1.9102568279698156,603,0.01
0,2,0.0,24,5,1,5.478927711954907,1.5881223118057697,-1.238357026405962,603,0.01
0,2,0.0,27,5,1,34.63271927438449,16.67332728007768,-0.7309886052614484,603,0.01
0,2,0.0,0,20,1,4.494506177114253,9.604874768419922,0.7594149565677589,603,0.01
0,2,0.0,21,20,1,150.11767020003515,4.02379836425119,-3.619193131307793,603,0.01
0,2,0.0,24,20,1,52.60585657894857,2.441363888417348,-3.0702706015486823,603,0.01
0,2,0.0,27,20,1,271.8583233329381,86.9831855144181,-1.1395662304702283,603,0.01
0,2,0.0,0,50,1,6.5916837298857205,9.896259767217073,0.4063480708775333,603,0.01
0,2,0.0,21,50,1,358.9368548424418,5.16110614786352,-4.2419955549531645,603,0.01
0,2,0.0,24,50,1,74.92773469558355,2.4871687218373086,-3.4053791076126223,603,0.01
0,2,0.0,27,50,1,396.65829400021687,122.84632827566814,-1.1721409789976314,603,0.01
0,2,0.0,12,5,2,1.5860265198406032,1.1111791225125471,-0.3558101202379842,603,0.01
0,2,0.0,15,5,2,7.00391792561492,9.218593957224735,0.2747528305839927,603,0.01
0,2,0.0,18,5,2,17.997050272362507,1.193159699149591,-2.713602873057847,603,0.01
0,2,0.0,12,20,2,4.985877369921568,1.1603259376447157,-1.457908443538768,603,0.01
0,2,0.0,15,20,2,56.87051270311794,71.89237514546011,0.2343932344261132,603,0.01
0,2,0.0,18,20,2,90.09752296073124,1.6379464868998723,-4.007449357007715,603,0.01
0,2,0.0,12,50,2,14.646910913782934,1.1384354539913333,-2.554574543090312,603,0.01
0,2,0.0,15,50,2,71.6283808338896,320.5969648233151,1.4986933971642094,603,0.01
0,2,0.0,18,50,2,280.9716979575665,4.609403501347797,-4.110155488944744,603,0.01
0,2,0.1,3,5,0,1.5119845348455836,1.5119845348455836,0.0,603,0.01
0,2,0.1,6,5,0,3.61026944369194,3.61026944369194,0.0,603,0.01
0,2,0.1,9,5,0,9.769430621518875,9.769430621518875,0.0,603,0.01
0,2,0.1,3,20,0,5.583562388550176,5.583562388550176,0.0,603,0.01
0,2,0.1,6,20,0,30.831064203241333,30.831064203241333,0.0,603,0.01
0,2,0.1,9,20,0,77.85599332280759,77.85599332280759,0.0,603,0.01
0,2,0.1,3,50,0,14.509726962573266,14.509726962573266,0.0,603,0.01
0,2,0.1,6,50,0,43.68723523723973,43.68723523723973,0.0,603,0.01
0,2,0.1,9,50,0,85.20293865852952,85.20293865852952,0.0,603,0.01
0,2,0.1,0,5,1,1.7814888073750346,2.983868500733211,0.5157711899047177,603,0.01
0,2,0.1,21,5,1,11.95567310816766,1.7699460658333157,-1.9102568279698156,603,0.01
0,2,0.1,24,5,1,5.478927711954907,1.5881223118057697,-1.238357026405962,603,0.01
0,2,0.1,27,5,1,34.63271927438449,16.67332728007768,-0.7309886052614484,603,0.01
0,2,0.1,0,20,1,4.494506177114253,9.604874768419922,0.7594149565677589,603,0.01
0,2,0.1,21,20,1,150.11767020003515,4.02379836425119,-3.619193131307793,603,0.01
0,2,0.1,24,20,1,52.60585657894857,2.441363888417348,-3.0702706015486823,603,0.01
0,2,0.1,27,20,1,271.8583233329381,86.9831855144181,-1.1395662304702283,603,0.01
0,2,0.1,0,50,1,6.5916837298857205,9.896259767217073,0.4063480708775333,603,0.01
0,2,0.1,21,50,1,358.9368548424418,5.16110614786352,-4.2419955549531645,603,0.01
0,2,0.1,24,50,1,74.92773469558355,2.4871687218373086,-3.4053791076126223,603,0.01
0,2,0.1,27,50,1,396.65829400021687,122.84632827566814,-1.1721409789976314,603,0.01
0,2,0.1,12,5,2,1.5860265198406032,1.1111791225125471,-0.3558101202379842,603,0.01
0,2,0.1,15,5,2,7.00391792561492,9.218593957224735,0.2747528305839927,603,0.01
0,2,0.1,18,5,2,17.997050272362507,1.193159699149591,-2.713602873057847,603,0.01
0,2,0.1,12,20,2,4.985877369921568,1.1603259376447157,-1.457908443538768,603,0.01
0,2,0.1,15,20,2,56.87051270311794,71.89237514546011,0.2343932344261132,603,0.01
0,2,0.1,18,20,2,90.09752296073124,1.6379464868998723,-4.007449357007715,603,0.01
0,2,0.1,12,50,2,14.646910913782934,1.1384354539913333,-2.554574543090312,603,0.01
0,2,0.1,15,50,2,71.6283808338896,320.5969648233151,1.4986933971642094,603,0.01
0,2,0.1,18,50,2,280.9716979575665,4.609403501347797,-4.110155488944744,603,0.01
0,2,0.25,3,5,0,1.5119845348455836,1.5119845348455836,0.0,603,0.01
0,2,0.25,6,5,0,3.61026944369194,3.61026944369194,0.0,603,0.01
0,2,0.25,9,5,0,9.769430621518875,9.769430621518875,0.0,603,0.01
0,2,0.25,3,20,0,5.583562388550176,5.583562388550176,0.0,603,0.01
0,2,0.25,6,20,0,30.831064203241333,30.831064203241333,0.0,603,0.01
0,2,0.25,9,20,0,77.85599332280759,77.85599332280759,0.0,603,0.01
0,2,0.25,3,50,0,14.509726962573266,14.509726962573266,0.0,603,0.01
0,2,0.25,6,50,0,43.68723523723973,43.68723523723973,0.0,603,0.01
0,2,0.25,9,50,0,85.20293865852952,85.20293865852952,0.0,603,0.01
0,2,0.25,0,5,1,1.7814888073750346,2.983868500733211,0.5157711899047177,603,0.01
0,2,0.25,21,5,1,11.95567310816766,1.7699460658333157,-1.9102568279698156,603,0.01
0,2,0.25,24,5,1,5.478927711954907,1.5881223118057697,-1.238357026405962,603,0.01
0,2,0.25,27,5,1,34.63271927438449,16.67332728007768,-0.7309886052614484,603,0.01
0,2,0.25,0,20,1,4.494506177114253,9.604874768419922,0.7594149565677589,603,0.01
0,2,0.25,21,20,1,150.11767020003515,4.02379836425119,-3.619193131307793,603,0.01
0,2,0.25,24,20,1,52.60585657894857,2.441363888417348,-3.0702706015486823,603,0.01
0,2,0.25,27,20,1,271.8583233329381,86.9831855144181,-1.1395662304702283,603,0.01
0,2,0.25,0,50,1,6.5916837298857205,9.896259767217073,0.4063480708775333,603,0.01
0,2,0.25,21,50,1,358.9368548424418,5.16110614786352,-4.2419955549531645,603,0.01
0,2,0.25,24,50,1,74.92773469558355,2.4871687218373086,-3.4053791076126223,603,0.01
0,2,0.25,27,50,1,396.65829400021687,122.84632827566814,-1.1721409789976314,603,0.01
0,2,0.25,12,5,2,1.5860265198406032,1.1111791225125471,-0.3558101202379842,603,0.01
0,2,0.25,15,5,2,7.00391792561492,9.218593957224735,0.2747528305839927,603,0.01
0,2,0.25,18,5,2,17.997050272362507,1.193159699149591,-2.713602873057847,603,0.01
0,2,0.25,12,20,2,4.985877369921568,1.1603259376447157,-1.457908443538768,603,0.01
0,2,0.25,15,20,2,56.87051270311794,71.89237514546011,0.2343932344261132,603,0.01
0,2,0.25,18,20,2,90.09752296073124,1.6379464868998723,-4.007449357007715,603,0.01
0,2,0.25,12,50,2,14.646910913782934,1.1384354539913333,-2.554574543090312,603,0.01
0,2,0.25,15,50,2,71.6283808338896,320.5969648233151,1.4986933971642094,603,0.01
0,2,0.25,18,50,2,280.9716979575665,4.609403501347797,-4.110155488944744,603,0.01
0,3,0.0,3,5,0,1.5119845348455836,1.5119845348455836,0.0,603,0.01
0,3,0.0,6,5,0,3.61026944369194,3.61026944369194,0.0,603,0.01
0,3,0.0,9,5,0,9.769430621518875,9.769430621518875,0.0,603,0.01
0,3,0.0,3,20,0,5.583562388550176,5.583562388550176,0.0,603,0.01
0,3,0.0,6,20,0,30.831064203241333,30.831064203241333,0.0,603,0.01
0,3,0.0,9,20,0,77.85599332280759,77.85599332280759,0.0,603,0.01
0,3,0.0,3,50,0,14.509726962573266,14.509726962573266,0.0,603,0.01
0,3,0.0,6,50,0,43.68723523723973,43.68723523723973,0.0,603,0.01
0,3,0.0,9,50,0,85.20293865852952,85.20293865852952,0.0,603,0.01
0,3,0.0,0,5,1,1.7814888073750346,2.983868759260701,0.5157712765464308,603,0.01
0,3,0.0,21,5,1,11.95567310816766,1.7699461450598792,-1.9102567832076816,603,0.01
0,3,0.0,24,5,1,5.478927711954907,1.5881217469262756,-1.2383573820961944,603,0.01
0,3,0.0,27,5,1,34.63271927438449,16.673325600723658,-0.7309887059824429,603,0.01
0,3,0.0,0,20,1,4.494506177114253,9.604875878835438,0.7594150721773298,603,0.01
0,3,0.0,21,20,1,150.11767020003515,4.02380028723693,-3.619192653404801,603,0.01
0,3,0.0,24,20,1,52.60585657894857,2.441362469985867,-3.070271182548467,603,0.01
0,3,0.0,27,20,1,271.8583233329381,86.98318282679462,-1.1395662613684243,603,0.01
0,3,0.0,0,50,1,6.5916837298857205,9.896261957531928,0.4063482922050518,603,0.01
0,3,0.0,21,50,1,358.9368548424418,5.161110020668599,-4.241994804570685,603,0.01
0,3,0.0,24,50,1,74.92773469558355,2.487167035980032,-3.405379785434691,603,0.01
0,3,0.0,27,50,1,396.65829400021687,122.84634860773195,-1.1721408134895333,603,0.01
0,3,0.0,12,5,2,1.5860265198406032,1.111179146185428,-0.3558100989336956,603,0.01
0,3,0.0,15,5,2,7.00391792561492,9.218591681290434,0.2747525836987743,603,0.01
0,3,0.0,18,5,2,17.997050272362507,1.1931599161460764,-2.713602691190771,603,0.01
0,3,0.0,12,20,2,4.985877369921568,1.1603259893227391,-1.4579083990012631,603,0.01
0,3,0.0,15,20,2,56.87051270311794,71.89235886902291,0.2343930080260394,603,0.01
0,3,0.0,18,20,2,90.09752296073124,1.6379466833397862,-4.007449237077117,603,0.01
0,3,0.0,12,50,2,14.646910913782934,1.138435514283868,-2.554574490129441,603,0.01
0,3,0.0,15,50,2,71.6283808338896,320.5969346571418,1.4986933030704466,603,0.01
0,3,0.0,18,50,2,280.9716979575665,4.609401512953937,-4.110155920322533,603,0.01
0,3,0.1,3,5,0,1.5119845348455836,1.5119845348455836,0.0,603,0.01
0,3,0.1,6,5,0,3.61026944369194,3.61026944369194,0.0,603,0.01
0,3,0.1,9,5,0,9.769430621518875,9.769430621518875,0.0,603,0.01
0,3,0.1,3,20,0,5.583562388550176,5.583562388550176,0.0,603,0.01
0,3,0.1,6,20,0,30.831064203241333,30.831064203241333,0.0,603,0.01
0,3,0.1,9,20,0,77.85599332280759,77.85599332280759,0.0,603,0.01
0,3,0.1,3,50,0,14.509726962573266,14.509726962573266,0.0,603,0.01
0,3,0.1,6,50,0,43.68723523723973,43.68723523723973,0.0,603,0.01
0,3,0.1,9,50,0,85.20293865852952,85.20293865852952,0.0,603,0.01
0,3,0.1,0,5,1,1.7814888073750346,2.983868759260701,0.5157712765464308,603,0.01
0,3,0.1,21,5,1,11.95567310816766,1.7699461450598792,-1.9102567832076816,603,0.01
0,3,0.1,24,5,1,5.478927711954907,1.5881217469262756,-1.2383573820961944,603,0.01
0,3,0.1,27,5,1,34.63271927438449,16.673325600723658,-0.7309887059824429,603,0.01
0,3,0.1,0,20,1,4.494506177114253,9.604875878835438,0.7594150721773298,603,0.01
0,3,0.1,21,20,1,150.11767020003515,4.02380028723693,-3.619192653404801,603,0.01
0,3,0.1,24,20,1,52.60585657894857,2.441362469985867,-3.070271182548467,603,0.01
0,3,0.1,27,20,1,271.8583233329381,86.98318282679462,-1.1395662613684243,603,0.01
0,3,0.1,0,50,1,6.5916837298857205,9.896261957531928,0.4063482922050518,603,0.01
0,3,0.1,21,50,1,358.9368548424418,5.161110020668599,-4.241994804570685,603,0.01
0,3,0.1,24,50,1,74.92773469558355,2.487167035980032,-3.405379785434691,603,0.01
0,3,0.1,27,50,1,396.65829400021687,122.84634860773195,-1.1721408134895333,603,0.01
0,3,0.1,12,5,2,1.5860265198406032,1.111179146185428,-0.3558100989336956,603,0.01
0,3,0.1,15,5,2,7.00391792561492,9.218591681290434,0.2747525836987743,603,0.01
0,3,0.1,18,5,2,17.997050272362507,1.1931599161460764,-2.713602691190771,603,0.01
0,3,0.1,12,20,2,4.985877369921568,1.1603259893227391,-1.4579083990012631,603,0.01
0,3,0.1,15,20,2,56.87051270311794,71.89235886902291,0.2343930080260394,603,0.01
0,3,0.1,18,20,2,90.09752296073124,1.6379466833397862,-4.007449237077117,603,0.01
0,3,0.1,12,50,2,14.646910913782934,1.138435514283868,-2.554574490129441,603,0.01
0,3,0.1,15,50,2,71.6283808338896,320.5969346571418,1.4986933030704466,603,0.01
0,3,0.1,18,50,2,280.9716979575665,4.609401512953937,-4.110155920322533,603,0.01
0,3,0.25,3,5,0,1.5119845348455836,1.5119845348455836,0.0,603,0.01
0,3,0.25,6,5,0,3.61026944369194,3.61026944369194,0.0,603,0.01
0,3,0.25,9,5,0,9.769430621518875,9.769430621518875,0.0,603,0.01
0,3,0.25,3,20,0,5.583562388550176,5.583562388550176,0.0,603,0.01
0,3,0.25,6,20,0,30.831064203241333,30.831064203241333,0.0,603,0.01
0,3,0.25,9,20,0,77.85599332280759,77.85599332280759,0.0,603,0.01
0,3,0.25,3,50,0,14.509726962573266,14.509726962573266,0.0,603,0.01
0,3,0.25,6,50,0,43.68723523723973,43.68723523723973,0.0,603,0.01
0,3,0.25,9,50,0,85.20293865852952,85.20293865852952,0.0,603,0.01
0,3,0.25,0,5,1,1.7814888073750346,2.983868759260701,0.5157712765464308,603,0.01
0,3,0.25,21,5,1,11.95567310816766,1.7699461450598792,-1.9102567832076816,603,0.01
0,3,0.25,24,5,1,5.478927711954907,1.5881217469262756,-1.2383573820961944,603,0.01
0,3,0.25,27,5,1,34.63271927438449,16.673325600723658,-0.7309887059824429,603,0.01
0,3,0.25,0,20,1,4.494506177114253,9.604875878835438,0.7594150721773298,603,0.01
0,3,0.25,21,20,1,150.11767020003515,4.02380028723693,-3.619192653404801,603,0.01
0,3,0.25,24,20,1,52.60585657894857,2.441362469985867,-3.070271182548467,603,0.01
0,3,0.25,27,20,1,271.8583233329381,86.98318282679462,-1.1395662613684243,603,0.01
0,3,0.25,0,50,1,6.5916837298857205,9.896261957531928,0.4063482922050518,603,0.01
0,3,0.25,21,50,1,358.9368548424418,5.161110020668599,-4.241994804570685,603,0.01
0,3,0.25,24,50,1,74.92773469558355,2.487167035980032,-3.405379785434691,603,0.01
0,3,0.25,27,50,1,396.65829400021687,122.84634860773195,-1.1721408134895333,603,0.01
0,3,0.25,12,5,2,1.5860265198406032,1.111179146185428,-0.3558100989336956,603,0.01
0,3,0.25,15,5,2,7.00391792561492,9.218591681290434,0.2747525836987743,603,0.01
0,3,0.25,18,5,2,17.997050272362507,1.1931599161460764,-2.713602691190771,603,0.01
0,3,0.25,12,20,2,4.985877369921568,1.1603259893227391,-1.4579083990012631,603,0.01
0,3,0.25,15,20,2,56.87051270311794,71.89235886902291,0.2343930080260394,603,0.01
0,3,0.25,18,20,2,90.09752296073124,1.6379466833397862,-4.007449237077117,603,0.01
0,3,0.25,12,50,2,14.646910913782934,1.138435514283868,-2.554574490129441,603,0.01
0,3,0.25,15,50,2,71.6283808338896,320.5969346571418,1.4986933030704466,603,0.01
0,3,0.25,18,50,2,280.9716979575665,4.609401512953937,-4.110155920322533,603,0.01
0,4,0.0,3,5,0,1.5119845348455836,1.5119845348455836,0.0,603,0.01
0,4,0.0,6,5,0,3.61026944369194,3.61026944369194,0.0,603,0.01
0,4,0.0,9,5,0,9.769430621518875,9.769430621518875,0.0,603,0.01
0,4,0.0,3,20,0,5.583562388550176,5.583562388550176,0.0,603,0.01
0,4,0.0,6,20,0,30.831064203241333,30.831064203241333,0.0,603,0.01
0,4,0.0,9,20,0,77.85599332280759,77.85599332280759,0.0,603,0.01
0,4,0.0,3,50,0,14.509726962573266,14.509726962573266,0.0,603,0.01
0,4,0.0,6,50,0,43.68723523723973,43.68723523723973,0.0,603,0.01
0,4,0.0,9,50,0,85.20293865852952,85.20293865852952,0.0,603,0.01
0,4,0.0,0,5,1,1.7814888073750346,2.9838686484438264,0.5157712394077745,603,0.01
0,4,0.0,21,5,1,11.95567310816766,1.7699459978435963,-1.910256866383257,603,0.01
0,4,0.0,24,5,1,5.478927711954907,1.5881222692282455,-1.23835705321594,603,0.01
0,4,0.0,27,5,1,34.63271927438449,16.673322019519354,-0.7309889207689093,603,0.01
0,4,0.0,0,20,1,4.494506177114253,9.604875536036689,0.7594150364872533,603,0.01
0,4,0.0,21,20,1,150.11767020003515,4.023800601551642,-3.619192575290909,603,0.01
0,4,0.0,24,20,1,52.60585657894857,2.4413637448265533,-3.070270660364494,603,0.01
0,4,0.0,27,20,1,271.8583233329381,86.98316444012194,-1.1395664727503725,603,0.01
0,4,0.0,0,50,1,6.5916837298857205,9.8962599439758,0.4063480887386982,603,0.01
0,4,0.0,21,50,1,358.9368548424418,5.1611101057029325,-4.241994788094708,603,0.01
0,4,0.0,24,50,1,74.92773469558355,2.487168675222521,-3.4053791263547315,603,0.01
0,4,0.0,27,50,1,396.65829400021687,122.84632692070008,-1.172140990027412,603,0.01
0,4,0.0,12,5,2,1.5860265198406032,1.1111789462116295,-0.3558102788991108,603,0.01
0,4,0.0,15,5,2,7.00391792561492,9.218596341334296,0.2747530892036112,603,0.01
0,4,0.0,18,5,2,17.997050272362507,1.1931595821052523,-2.713602971153973,603,0.01
0,4,0.0,12,20,2,4.985877369921568,1.1603254577326116,-1.4579088571399708,603,0.01
0,4,0.0,15,20,2,56.87051270311794,71.89238939530733,0.2343934326369219,603,0.01
0,4,0.0,18,20,2,90.09752296073124,1.6379449725054842,-4.007450281577047,603,0.01
0,4,0.0,12,50,2,14.646910913782934,1.1384346988888956,-2.554575206371384,603,0.01
0,4,0.0,15,50,2,71.6283808338896,320.5969529494557,1.4986933601274908,603,0.01
0,4,0.0,18,50,2,280.9716979575665,4.60939334820577,-4.110157691649109,603,0.01
0,4,0.1,3,5,0,1.5119845348455836,1.5119845348455836,0.0,603,0.01
0,4,0.1,6,5,0,3.61026944369194,3.61026944369194,0.0,603,0.01
0,4,0.1,9,5,0,9.769430621518875,9.769430621518875,0.0,603,0.01
0,4,0.1,3,20,0,5.583562388550176,5.583562388550176,0.0,603,0.01
0,4,0.1,6,20,0,30.831064203241333,30.831064203241333,0.0,603,0.01
0,4,0.1,9,20,0,77.85599332280759,77.85599332280759,0.0,603,0.01
0,4,0.1,3,50,0,14.509726962573266,14.509726962573266,0.0,603,0.01
0,4,0.1,6,50,0,43.68723523723973,43.68723523723973,0.0,603,0.01
0,4,0.1,9,50,0,85.20293865852952,85.20293865852952,0.0,603,0.01
0,4,0.1,0,5,1,1.7814888073750346,2.9838686484438264,0.5157712394077745,603,0.01
0,4,0.1,21,5,1,11.95567310816766,1.7699459978435963,-1.910256866383257,603,0.01
0,4,0.1,24,5,1,5.478927711954907,1.5881222692282455,-1.23835705321594,603,0.01
0,4,0.1,27,5,1,34.63271927438449,16.673322019519354,-0.7309889207689093,603,0.01
0,4,0.1,0,20,1,4.494506177114253,9.604875536036689,0.7594150364872533,603,0.01
0,4,0.1,21,20,1,150.11767020003515,4.023800601551642,-3.619192575290909,603,0.01
0,4,0.1,24,20,1,52.60585657894857,2.4413637448265533,-3.070270660364494,603,0.01
0,4,0.1,27,20,1,271.8583233329381,86.98316444012194,-1.1395664727503725,603,0.01
0,4,0.1,0,50,1,6.5916837298857205,9.8962599439758,0.4063480887386982,603,0.01
0,4,0.1,21,50,1,358.9368548424418,5.1611101057029325,-4.241994788094708,603,0.01
0,4,0.1,24,50,1,74.92773469558355,2.487168675222521,-3.4053791263547315,603,0.01
0,4,0.1,27,50,1,396.65829400021687,122.84632692070008,-1.172140990027412,603,0.01
0,4,0.1,12,5,2,1.5860265198406032,1.1111789462116295,-0.3558102788991108,603,0.01
0,4,0.1,15,5,2,7.00391792561492,9.218596341334296,0.2747530892036112,603,0.01
0,4,0.1,18,5,2,17.997050272362507,1.1931595821052523,-2.713602971153973,603,0.01
0,4,0.1,12,20,2,4.985877369921568,1.1603254577326116,-1.4579088571399708,603,0.01
0,4,0.1,15,20,2,56.87051270311794,71.89238939530733,0.2343934326369219,603,0.01
0,4,0.1,18,20,2,90.09752296073124,1.6379449725054842,-4.007450281577047,603,0.01
0,4,0.1,12,50,2,14.646910913782934,1.1384346988888956,-2.554575206371384,603,0.01
0,4,0.1,15,50,2,71.6283808338896,320.5969529494557,1.4986933601274908,603,0.01
0,4,0.1,18,50,2,280.9716979575665,4.60939334820577,-4.110157691649109,603,0.01
0,4,0.25,3,5,0,1.5119845348455836,1.5119845348455836,0.0,603,0.01
0,4,0.25,6,5,0,3.61026944369194,3.61026944369194,0.0,603,0.01
0,4,0.25,9,5,0,9.769430621518875,9.769430621518875,0.0,603,0.01
0,4,0.25,3,20,0,5.583562388550176,5.583562388550176,0.0,603,0.01
0,4,0.25,6,20,0,30.831064203241333,30.831064203241333,0.0,603,0.01
0,4,0.25,9,20,0,77.85599332280759,77.85599332280759,0.0,603,0.01
0,4,0.25,3,50,0,14.509726962573266,14.509726962573266,0.0,603,0.01
0,4,0.25,6,50,0,43.68723523723973,43.68723523723973,0.0,603,0.01
0,4,0.25,9,50,0,85.20293865852952,85.20293865852952,0.0,603,0.01
0,4,0.25,0,5,1,1.7814888073750346,2.9838686484438264,0.5157712394077745,603,0.01
0,4,0.25,21,5,1,11.95567310816766,1.7699459978435963,-1.910256866383257,603,0.01
0,4,0.25,24,5,1,5.478927711954907,1.5881222692282455,-1.23835705321594,603,0.01
0,4,0.25,27,5,1,34.63271927438449,16.673322019519354,-0.7309889207689093,603,0.01
0,4,0.25,0,20,1,4.494506177114253,9.604875536036689,0.7594150364872533,603,0.01
0,4,0.25,21,20,1,150.11767020003515,4.023800601551642,-3.619192575290909,603,0.01
0,4,0.25,24,20,1,52.60585657894857,2.4413637448265533,-3.070270660364494,603,0.01
0,4,0.25,27,20,1,271.8583233329381,86.98316444012194,-1.1395664727503725,603,0.01
0,4,0.25,0,50,1,6.5916837298857205,9.8962599439758,0.4063480887386982,603,0.01
0,4,0.25,21,50,1,358.9368548424418,5.1611101057029325,-4.241994788094708,603,0.01
0,4,0.25,24,50,1,74.92773469558355,2.487168675222521,-3.4053791263547315,603,0.01
0,4,0.25,27,50,1,396.65829400021687,122.84632692070008,-1.172140990027412,603,0.01
0,4,0.25,12,5,2,1.5860265198406032,1.1111789462116295,-0.3558102788991108,603,0.01
0,4,0.25,15,5,2,7.00391792561492,9.218596341334296,0.2747530892036112,603,0.01
0,4,0.25,18,5,2,17.997050272362507,1.1931595821052523,-2.713602971153973,603,0.01
0,4,0.25,12,20,2,4.985877369921568,1.1603254577326116,-1.4579088571399708,603,0.01
0,4,0.25,15,20,2,56.87051270311794,71.89238939530733,0.2343934326369219,603,0.01
0,4,0.25,18,20,2,90.09752296073124,1.6379449725054842,-4.007450281577047,603,0.01
0,4,0.25,12,50,2,14.646910913782934,1.1384346988888956,-2.554575206371384,603,0.01
0,4,0.25,15,50,2,71.6283808338896,320.5969529494557,1.4986933601274908,603,0.01
0,4,0.25,18,50,2,280.9716979575665,4.60939334820577,-4.110157691649109,603,0.01
0,5,0.0,3,5,0,1.5119845348455836,1.5119845348455836,0.0,603,0.01
0,5,0.0,6,5,0,3.61026944369194,3.61026944369194,0.0,603,0.01
0,5,0.0,9,5,0,9.769430621518875,9.769430621518875,0.0,603,0.01
0,5,0.0,3,20,0,5.583562388550176,5.583562388550176,0.0,603,0.01
0,5,0.0,6,20,0,30.831064203241333,30.831064203241333,0.0,603,0.01
0,5,0.0,9,20,0,77.85599332280759,77.85599332280759,0.0,603,0.01
0,5,0.0,3,50,0,14.509726962573266,14.509726962573266,0.0,603,0.01
0,5,0.0,6,50,0,43.68723523723973,43.68723523723973,0.0,603,0.01
0,5,0.0,9,50,0,85.20293865852952,85.20293865852952,0.0,603,0.01
0,5,0.0,12,5,1,1.5860265198406032,1.1111789985013931,-0.3558102318411975,603,0.01
0,5,0.0,15,5,1,7.00391792561492,9.218592631217104,0.2747526867434316,603,0.01
0,5,0.0,18,5,1,17.997050272362507,1.1931597594016223,-2.7136028225599715,603,0.01
0,5,0.0,12,20,1,4.985877369921568,1.1603255932184606,-1.4579087403745925,603,0.01
0,5,0.0,15,20,1,56.87051270311794,71.89236498634685,0.2343930931160793,603,0.01
0,5,0.0,18,20,1,90.09752296073124,1.6379468588413122,-4.007449129929847,603,0.01
0,5,0.0,12,50,1,14.646910913782934,1.138435059539723,-2.5545748895760765,603,0.01
0,5,0.0,15,50,1,71.6283808338896,320.5969042968732,1.4986932083712567,603,0.01
0,5,0.0,18,50,1,280.9716979575665,4.609402252817859,-4.110155759810619,603,0.01
0,5,0.0,0,5,2,1.7814888073750346,2.9838684807417746,0.5157711832048792,603,0.01
0,5,0.0,21,5,2,11.95567310816766,1.769946138589381,-1.9102567868634417,603,0.01
0,5,0.0,24,5,2,5.478927711954907,1.588122163179919,-1.2383571199918628,603,0.01
0,5,0.0,27,5,2,34.63271927438449,16.673328743721402,-0.7309885174779104,603,0.01
0,5,0.0,0,20,2,4.494506177114253,9.604875546316547,0.7594150375575284,603,0.01
0,5,0.0,21,20,2,150.11767020003515,4.023801472305898,-3.6191923588899866,603,0.01
0,5,0.0,24,20,2,52.60585657894857,2.4413637283137244,-3.0702706671282662,603,0.01
0,5,0.0,27,20,2,271.8583233329381,86.98320098141303,-1.1395660526543268,603,0.01
0,5,0.0,0,50,2,6.5916837298857205,9.896260203950192,0.4063481150086619,603,0.01
0,5,0.0,21,50,2,358.9368548424418,5.161110651240778,-4.241994682393065,603,0.01
0,5,0.0,24,50,2,74.92773469558355,2.487168512009743,-3.4053791919766514,603,0.01
0,5,0.0,27,50,2,396.65829400021687,122.84637273370532,-1.172140617098096,603,0.01
0,5,0.1,3,5,0,1.5119845348455836,1.5119845348455836,0.0,603,0.01
0,5,0.1,6,5,0,3.61026944369194,3.61026944369194,0.0,603,0.01
0,5,0.1,9,5,0,9.769430621518875,9.769430621518875,0.0,603,0.01
0,5,0.1,3,20,0,5.583562388550176,5.583562388550176,0.0,603,0.01
0,5,0.1,6,20,0,30.831064203241333,30.831064203241333,0.0,603,0.01
0,5,0.1,9,20,0,77.85599332280759,77.85599332280759,0.0,603,0.01
0,5,0.1,3,50,0,14.509726962573266,14.509726962573266,0.0,603,0.01
0,5,0.1,6,50,0,43.68723523723973,43.68723523723973,0.0,603,0.01
0,5,0.1,9,50,0,85.20293865852952,85.20293865852952,0.0,603,0.01
0,5,0.1,12,5,1,1.5860265198406032,1.1111789985013931,-0.3558102318411975,603,0.01
0,5,0.1,15,5,1,7.00391792561492,9.218592631217104,0.2747526867434316,603,0.01
0,5,0.1,18,5,1,17.997050272362507,1.1931597594016223,-2.7136028225599715,603,0.01
0,5,0.1,12,20,1,4.985877369921568,1.1603255932184606,-1.4579087403745925,603,0.01
0,5,0.1,15,20,1,56.87051270311794,71.89236498634685,0.2343930931160793,603,0.01
0,5,0.1,18,20,1,90.09752296073124,1.6379468588413122,-4.007449129929847,603,0.01
0,5,0.1,12,50,1,14.646910913782934,1.138435059539723,-2.5545748895760765,603,0.01
0,5,0.1,15,50,1,71.6283808338896,320.5969042968732,1.4986932083712567,603,0.01
0,5,0.1,18,50,1,280.9716979575665,4.609402252817859,-4.110155759810619,603,0.01
0,5,0.1,0,5,2,1.7814888073750346,2.9838684807417746,0.5157711832048792,603,0.01
0,5,0.1,21,5,2,11.95567310816766,1.769946138589381,-1.9102567868634417,603,0.01
0,5,0.1,24,5,2,5.478927711954907,1.588122163179919,-1.2383571199918628,603,0.01
0,5,0.1,27,5,2,34.63271927438449,16.673328743721402,-0.7309885174779104,603,0.01
0,5,0.1,0,20,2,4.494506177114253,9.604875546316547,0.7594150375575284,603,0.01
0,5,0.1,21,20,2,150.11767020003515,4.023801472305898,-3.6191923588899866,603,0.01
0,5,0.1,24,20,2,52.60585657894857,2.4413637283137244,-3.0702706671282662,603,0.01
0,5,0.1,27,20,2,271.8583233329381,86.98320098141303,-1.1395660526543268,603,0.01
0,5,0.1,0,50,2,6.5916837298857205,9.896260203950192,0.4063481150086619,603,0.01
0,5,0.1,21,50,2,358.9368548424418,5.161110651240778,-4.241994682393065,603,0.01
0,5,0.1,24,50,2,74.92773469558355,2.487168512009743,-3.4053791919766514,603,0.01
0,5,0.1,27,50,2,396.65829400021687,122.84637273370532,-1.172140617098096,603,0.01
0,5,0.25,3,5,0,1.5119845348455836,1.5119845348455836,0.0,603,0.01
0,5,0.25,6,5,0,3.61026944369194,3.61026944369194,0.0,603,0.01
0,5,0.25,9,5,0,9.769430621518875,9.769430621518875,0.0,603,0.01
0,5,0.25,3,20,0,5.583562388550176,5.583562388550176,0.0,603,0.01
0,5,0.25,6,20,0,30.831064203241333,30.831064203241333,0.0,603,0.01
0,5,0.25,9,20,0,77.85599332280759,77.85599332280759,0.0,603,0.01
0,5,0.25,3,50,0,14.509726962573266,14.509726962573266,0.0,603,0.01
0,5,0.25,6,50,0,43.68723523723973,43.68723523723973,0.0,603,0.01
0,5,0.25,9,50,0,85.20293865852952,85.20293865852952,0.0,603,0.01
0,5,0.25,12,5,1,1.5860265198406032,1.1111789985013931,-0.3558102318411975,603,0.01
0,5,0.25,15,5,1,7.00391792561492,9.218592631217104,0.2747526867434316,603,0.01
0,5,0.25,18,5,1,17.997050272362507,1.1931597594016223,-2.7136028225599715,603,0.01
0,5,0.25,12,20,1,4.985877369921568,1.1603255932184606,-1.4579087403745925,603,0.01
0,5,0.25,15,20,1,56.87051270311794,71.89236498634685,0.2343930931160793,603,0.01
0,5,0.25,18,20,1,90.09752296073124,1.6379468588413122,-4.007449129929847,603,0.01
0,5,0.25,12,50,1,14.646910913782934,1.138435059539723,-2.5545748895760765,603,0.01
0,5,0.25,15,50,1,71.6283808338896,320.5969042968732,1.4986932083712567,603,0.01
0,5,0.25,18,50,1,280.9716979575665,4.609402252817859,-4.110155759810619,603,0.01
0,5,0.25,0,5,2,1.7814888073750346,2.9838684807417746,0.5157711832048792,603,0.01
0,5,0.25,21,5,2,11.95567310816766,1.769946138589381,-1.9102567868634417,603,0.01
0,5,0.25,24,5,2,5.478927711954907,1.588122163179919,-1.2383571199918628,603,0.01
0,5,0.25,27,5,2,34.63271927438449,16.673328743721402,-0.7309885174779104,603,0.01
0,5,0.25,0,20,2,4.494506177114253,9.604875546316547,0.7594150375575284,603,0.01
0,5,0.25,21,20,2,150.11767020003515,4.023801472305898,-3.6191923588899866,603,0.01
0,5,0.25,24,20,2,52.60585657894857,2.4413637283137244,-3.0702706671282662,603,0.01
0,5,0.25,27,20,2,271.8583233329381,86.98320098141303,-1.1395660526543268,603,0.01
0,5,0.25,0,50,2,6.5916837298857205,9.896260203950192,0.4063481150086619,603,0.01
0,5,0.25,21,50,2,358.9368548424418,5.161110651240778,-4.241994682393065,603,0.01
0,5,0.25,24,50,2,74.92773469558355,2.487168512009743,-3.4053791919766514,603,0.01
0,5,0.25,27,50,2,396.65829400021687,122.84637273370532,-1.172140617098096,603,0.01
1,0,0.0,1,5,0,3.1572371556081427,3.1572371556081427,0.0,603,0.01
1,0,0.0,4,5,0,3.0976930671758063,3.0976930671758063,0.0,603,0.01
1,0,0.0,7,5,0,9.114980626979996,9.114980626979996,0.0,603,0.01
1,0,0.0,28,5,0,7.012273796673852,7.012273796673852,0.0,603,0.01
1,0,0.0,1,20,0,16.995197811155748,16.995197811155748,0.0,603,0.01
1,0,0.0,4,20,0,7.281780249734087,7.281780249734087,0.0,603,0.01
1,0,0.0,7,20,0,86.39154662866885,86.39154662866885,0.0,603,0.01
1,0,0.0,28,20,0,39.51106220990738,39.51106220990738,0.0,603,0.01
1,0,0.0,1,50,0,31.31977487211334,31.31977487211334,0.0,603,0.01
1,0,0.0,4,50,0,6.181291864315692,6.181291864315692,0.0,603,0.01
1,0,0.0,7,50,0,98.74596367689496,98.74596367689496,0.0,603,0.01
1,0,0.0,28,50,0,43.98451161008136,43.98451161008136,0.0,603,0.01
1,0,0.0,10,5,1,50.63861603958533,32.86344696711693,-0.4323534423894918,603,0.01
1,0,0.0,13,5,1,6.062835243753746,3.381640194443264,-0.5838166962531804,603,0.01
1,0,0.0,16,5,1,6.948266303002059,3.2764915087548085,-0.7517189877183085,603,0.01
1,0,0.0,19,5,1,45.92423014355775,28.264857574068945,-0.485373616455305,603,0.01
1,0,0.0,25,5,1,12.626021525644692,18.44250569988517,0.3788982080282721,603,0.01
1,0,0.0,10,20,1,491.44416382659824,278.8572726331339,-0.5666482462228708,603,0.01
1,0,0.0,13,20,1,52.322008197877786,21.307029306900947,-0.8983800567181988,603,0.01
1,0,0.0,16,20,1,54.519303491601846,15.600192145911352,-1.2512716002390591,603,0.01
1,0,0.0,19,20,1,303.89711108025347,181.3998385712456,-0.515985545949348,603,0.01
1,0,0.0,25,20,1,92.11991372876712,128.6420358536217,0.3339424928391762,603,0.01
1,0,0.0,10,50,1,763.3172068964923,434.03314447003527,-0.5645527803895293,603,0.01
1,0,0.0,13,50,1,93.32838458175422,45.9853921771044,-0.7078005060685475,603,0.01
1,0,0.0,16,50,1,124.6835750593353,52.07119251418909,-0.8731672593199281,603,0.01
1,0,0.0,19,50,1,210.8792200967665,111.5714636997104,-0.6366202373456538,603,0.01
1,0,0.0,25,50,1,67.22689007727848,89.88189710672688,0.2904232367508562,603,0.01
1,0,0.0,22,5,2,22.094190026850608,5.273621821912752,-1.43259730001007,603,0.01
1,0,0.0,22,20,2,292.58490143120974,37.44576512482534,-2.0558612630674444,603,0.01
1,0,0.0,22,50,2,495.7252717696927,43.27905887166589,-2.4383529965190283,603,0.01
1,0,0.1,1,5,0,3.1572371556081427,3.1572371556081427,0.0,603,0.01
1,0,0.1,4,5,0,3.0976930671758063,3.0976930671758063,0.0,603,0.01
1,0,0.1,7,5,0,9.114980626979996,9.114980626979996,0.0,603,0.01
1,0,0.1,25,5,0,12.626021525644692,12.626021525644692,0.0,603,0.01
1,0,0.1,28,5,0,7.012273796673852,7.012273796673852,0.0,603,0.01
1,0,0.1,1,20,0,16.995197811155748,16.995197811155748,0.0,603,0.01
1,0,0.1,4,20,0,7.281780249734087,7.281780249734087,0.0,603,0.01
1,0,0.1,7,20,0,86.39154662866885,86.39154662866885,0.0,603,0.01
1,0,0.1,25,20,0,92.11991372876712,92.11991372876712,0.0,603,0.01
1,0,0.1,28,20,0,39.51106220990738,39.51106220990738,0.0,603,0.01
1,0,0.1,1,50,0,31.31977487211334,31.31977487211334,0.0,603,0.01
1,0,0.1,4,50,0,6.181291864315692,6.181291864315692,0.0,603,0.01
1,0,0.1,7,50,0,98.74596367689496,98.74596367689496,0.0,603,0.01
1,0,0.1,25,50,0,67.22689007727848,67.22689007727848,0.0,603,0.01
1,0,0.1,28,50,0,43.98451161008136,43.98451161008136,0.0,603,0.01
1,0,0.1,10,5,1,50.63861603958533,32.86344696711693,-0.4323534423894918,603,0.01
1,0,0.1,13,5,1,6.062835243753746,3.381640194443264,-0.5838166962531804,603,0.01
1,0,0.1,16,5,1,6.948266303002059,3.2764915087548085,-0.7517189877183085,603,0.01
1,0,0.1,19,5,1,45.92423014355775,28.264857574068945,-0.485373616455305,603,0.01
1,0,0.1,10,20,1,491.44416382659824,278.8572726331339,-0.5666482462228708,603,0.01
1,0,0.1,13,20,1,52.322008197877786,21.307029306900947,-0.8983800567181988,603,0.01
1,0,0.1,16,20,1,54.519303491601846,15.600192145911352,-1.2512716002390591,603,0.01
1,0,0.1,19,20,1,303.89711108025347,181.3998385712456,-0.515985545949348,603,0.01
1,0,0.1,10,50,1,763.3172068964923,434.03314447003527,-0.5645527803895293,603,0.01
1,0,0.1,13,50,1,93.32838458175422,45.9853921771044,-0.7078005060685475,603,0.01
1,0,0.1,16,50,1,124.6835750593353,52.07119251418909,-0.8731672593199281,603,0.01
1,0,0.1,19,50,1,210.8792200967665,111.5714636997104,-0.6366202373456538,603,0.01
1,0,0.1,22,5,2,22.094190026850608,5.273621821912752,-1.43259730001007,603,0.01
1,0,0.1,22,20,2,292.58490143120974,37.44576512482534,-2.0558612630674444,603,0.01
1,0,0.1,22,50,2,495.7252717696927,43.27905887166589,-2.4383529965190283,603,0.01
1,0,0.25,1,5,0,3.1572371556081427,3.1572371556081427,0.0,603,0.01
1,0,0.25,4,5,0,3.0976930671758063,3.0976930671758063,0.0,603,0.01
1,0,0.25,7,5,0,9.114980626979996,9.114980626979996,0.0,603,0.01
1,0,0.25,25,5,0,12.626021525644692,12.626021525644692,0.0,603,0.01
1,0,0.25,28,5,0,7.012273796673852,7.012273796673852,0.0,603,0.01
1,0,0.25,1,20,0,16.995197811155748,16.995197811155748,0.0,603,0.01
1,0,0.25,4,20,0,7.281780249734087,7.281780249734087,0.0,603,0.01
1,0,0.25,7,20,0,86.39154662866885,86.39154662866885,0.0,603,0.01
1,0,0.25,25,20,0,92.11991372876712,92.11991372876712,0.0,603,0.01
1,0,0.25,28,20,0,39.51106220990738,39.51106220990738,0.0,603,0.01
1,0,0.25,1,50,0,31.31977487211334,31.31977487211334,0.0,603,0.01
1,0,0.25,4,50,0,6.181291864315692,6.181291864315692,0.0,603,0.01
1,0,0.25,7,50,0,98.74596367689496,98.74596367689496,0.0,603,0.01
1,0,0.25,25,50,0,67.22689007727848,67.22689007727848,0.0,603,0.01
1,0,0.25,28,50,0,43.98451161008136,43.98451161008136,0.0,603,0.01
1,0,0.25,10,5,1,50.63861603958533,32.86344696711693,-0.4323534423894918,603,0.01
1,0,0.25,13,5,1,6.062835243753746,3.381640194443264,-0.5838166962531804,603,0.01
1,0,0.25,16,5,1,6.948266303002059,3.2764915087548085,-0.7517189877183085,603,0.01
1,0,0.25,19,5,1,45.92423014355775,28.264857574068945,-0.485373616455305,603,0.01
1,0,0.25,10,20,1,491.44416382659824,278.8572726331339,-0.5666482462228708,603,0.01
1,0,0.25,13,20,1,52.322008197877786,21.307029306900947,-0.8983800567181988,603,0.01
1,0,0.25,16,20,1,54.519303491601846,15.600192145911352,-1.2512716002390591,603,0.01
1,0,0.25,19,20,1,303.89711108025347,181.3998385712456,-0.515985545949348,603,0.01
1,0,0.25,10,50,1,763.3172068964923,434.03314447003527,-0.5645527803895293,603,0.01
1,0,0.25,13,50,1,93.32838458175422,45.9853921771044,-0.7078005060685475,603,0.01
1,0,0.25,16,50,1,124.6835750593353,52.07119251418909,-0.8731672593199281,603,0.01
1,0,0.25,19,50,1,210.8792200967665,111.5714636997104,-0.6366202373456538,603,0.01
1,0,0.25,22,5,2,22.094190026850608,5.273621821912752,-1.43259730001007,603,0.01
1,0,0.25,22,20,2,292.58490143120974,37.44576512482534,-2.0558612630674444,603,0.01
1,0,0.25,22,50,2,495.7252717696927,43.27905887166589,-2.4383529965190283,603,0.01
1,1,0.0,7,5,0,9.114980626979996,9.114980626979996,0.0,603,0.01
1,1,0.0,13,5,0,6.062835243753746,6.062835243753746,0.0,603,0.01
1,1,0.0,16,5,0,6.948266303002059,6.948266303002059,0.0,603,0.01
1,1,0.0,7,20,0,86.39154662866885,86.39154662866885,0.0,603,0.01
1,1,0.0,13,20,0,52.322008197877786,52.322008197877786,0.0,603,0.01
1,1,0.0,16,20,0,54.519303491601846,54.519303491601846,0.0,603,0.01
1,1,0.0,7,50,0,98.74596367689496,98.74596367689496,0.0,603,0.01
1,1,0.0,13,50,0,93.32838458175422,93.32838458175422,0.0,603,0.01
1,1,0.0,16,50,0,124.6835750593353,124.6835750593353,0.0,603,0.01
1,1,0.0,19,5,1,45.92423014355775,12.05192819850648,-1.3377682040105738,603,0.01
1,1,0.0,22,5,1,22.094190026850608,69.2129652946903,1.1418735255756456,603,0.01
1,1,0.0,19,20,1,303.89711108025347,85.64835348091663,-1.26643919294687,603,0.01
1,1,0.0,22,20,1,292.58490143120974,267.2708808186779,-0.0904922068485825,603,0.01
1,1,0.0,19,50,1,210.8792200967665,239.3567793371036,0.1266696864058942,603,0.01
1,1,0.0,22,50,1,495.7252717696927,559.1350050769033,0.1203690700498649,603,0.01
1,1,0.0,1,5,2,3.1572371556081427,3.15723468260319,-7.83281647664212e-07,603,0.01
1,1,0.0,4,5,2,3.0976930671758063,3.097690853492541,-7.146234336427768e-07,603,0.01
1,1,0.0,10,5,2,50.63861603958533,50.63855871208892,-1.1320911460441615e-06,603,0.01
1,1,0.0,25,5,2,12.626021525644692,12.62601041572178,-8.799230839492292e-07,603,0.01
1,1,0.0,28,5,2,7.012273796673852,7.012264514465644,-1.3237096297120818e-06,603,0.01
1,1,0.0,1,20,2,16.995197811155748,16.995182981289553,-8.725919421598236e-07,603,0.01
1,1,0.0,4,20,2,7.281780249734087,7.281776428578059,-5.247558837629203e-07,603,0.01
1,1,0.0,10,20,2,491.44416382659824,491.4437614132802,-8.188386646122013e-07,603,0.01
1,1,0.0,25,20,2,92.11991372876712,92.11988171741088,-3.474966539881737e-07,603,0.01
1,1,0.0,28,20,2,39.51106220990738,39.51100455580757,-1.4591898737334667e-06,603,0.01
1,1,0.0,1,50,2,31.31977487211334,31.31975528100615,-6.255189699700948e-07,603,0.01
1,1,0.0,4,50,2,6.181291864315692,6.181285805287333,-9.802208763793423e-07,603,0.01
1,1,0.0,10,50,2,763.3172068964923,763.316937690115,-3.526796230802532e-07,603,0.01
1,1,0.0,25,50,2,67.22689007727848,67.22689876026739,1.2915945300731122e-07,603,0.01
1,1,0.0,28,50,2,43.98451161008136,43.984486906966815,-5.616322785255524e-07,603,0.01
1,1,0.1,1,5,0,3.1572371556081427,3.1572371556081427,0.0,603,0.01
1,1,0.1,4,5,0,3.0976930671758063,3.0976930671758063,0.0,603,0.01
1,1,0.1,7,5,0,9.114980626979996,9.114980626979996,0.0,603,0.01
1,1,0.1,10,5,0,50.63861603958533,50.63861603958533,0.0,603,0.01
1,1,0.1,13,5,0,6.062835243753746,6.062835243753746,0.0,603,0.01
1,1,0.1,16,5,0,6.948266303002059,6.948266303002059,0.0,603,0.01
1,1,0.1,25,5,0,12.626021525644692,12.626021525644692,0.0,603,0.01
1,1,0.1,28,5,0,7.012273796673852,7.012273796673852,0.0,603,0.01
1,1,0.1,1,20,0,16.995197811155748,16.995197811155748,0.0,603,0.01
1,1,0.1,4,20,0,7.281780249734087,7.281780249734087,0.0,603,0.01
1,1,0.1,7,20,0,86.39154662866885,86.39154662866885,0.0,603,0.01
1,1,0.1,10,20,0,491.44416382659824,491.44416382659824,0.0,603,0.01
1,1,0.1,13,20,0,52.322008197877786,52.322008197877786,0.0,603,0.01
1,1,0.1,16,20,0,54.519303491601846,54.519303491601846,0.0,603,0.01
1,1,0.1,25,20,0,92.11991372876712,92.11991372876712,0.0,603,0.01
1,1,0.1,28,20,0,39.51106220990738,39.51106220990738,0.0,603,0.01
1,1,0.1,1,50,0,31.31977487211334,31.31977487211334,0.0,603,0.01
1,1,0.1,4,50,0,6.181291864315692,6.181291864315692,0.0,603,0.01
1,1,0.1,7,50,0,98.74596367689496,98.74596367689496,0.0,603,0.01
1,1,0.1,10,50,0,763.3172068964923,763.3172068964923,0.0,603,0.01
1,1,0.1,13,50,0,93.32838458175422,93.32838458175422,0.0,603,0.01
1,1,0.1,16,50,0,124.6835750593353,124.6835750593353,0.0,603,0.01
1,1,0.1,25,50,0,67.22689007727848,67.22689007727848,0.0,603,0.01
1,1,0.1,28,50,0,43.98451161008136,43.98451161008136,0.0,603,0.01
1,1,0.1,19,5,1,45.92423014355775,12.05192819850648,-1.3377682040105738,603,0.01
1,1,0.1,22,5,1,22.094190026850608,69.2129652946903,1.1418735255756456,603,0.01
1,1,0.1,19,20,1,303.89711108025347,85.64835348091663,-1.26643919294687,603,0.01
1,1,0.1,22,20,1,292.58490143120974,267.2708808186779,-0.0904922068485825,603,0.01
1,1,0.1,19,50,1,210.8792200967665,239.3567793371036,0.1266696864058942,603,0.01
1,1,0.1,22,50,1,495.7252717696927,559.1350050769033,0.1203690700498649,603,0.01
1,1,0.25,1,5,0,3.1572371556081427,3.1572371556081427,0.0,603,0.01
1,1,0.25,4,5,0,3.0976930671758063,3.0976930671758063,0.0,603,0.01
1,1,0.25,7,5,0,9.114980626979996,9.114980626979996,0.0,603,0.01
1,1,0.25,10,5,0,50.63861603958533,50.63861603958533,0.0,603,0.01
1,1,0.25,13,5,0,6.062835243753746,6.062835243753746,0.0,603,0.01
1,1,0.25,16,5,0,6.948266303002059,6.948266303002059,0.0,603,0.01
1,1,0.25,22,5,0,22.094190026850608,22.094190026850608,0.0,603,0.01
1,1,0.25,25,5,0,12.626021525644692,12.626021525644692,0.0,603,0.01
1,1,0.25,28,5,0,7.012273796673852,7.012273796673852,0.0,603,0.01
1,1,0.25,1,20,0,16.995197811155748,16.995197811155748,0.0,603,0.01
1,1,0.25,4,20,0,7.281780249734087,7.281780249734087,0.0,603,0.01
1,1,0.25,7,20,0,86.39154662866885,86.39154662866885,0.0,603,0.01
1,1,0.25,10,20,0,491.44416382659824,491.44416382659824,0.0,603,0.01
1,1,0.25,13,20,0,52.322008197877786,52.322008197877786,0.0,603,0.01
1,1,0.25,16,20,0,54.519303491601846,54.519303491601846,0.0,603,0.01
1,1,0.25,22,20,0,292.58490143120974,292.58490143120974,0.0,603,0.01
1,1,0.25,25,20,0,92.11991372876712,92.11991372876712,0.0,603,0.01
1,1,0.25,28,20,0,39.51106220990738,39.51106220990738,0.0,603,0.01
1,1,0.25,1,50,0,31.31977487211334,31.31977487211334,0.0,603,0.01
1,1,0.25,4,50,0,6.181291864315692,6.181291864315692,0.0,603,0.01
1,1,0.25,7,50,0,98.74596367689496,98.74596367689496,0.0,603,0.01
1,1,0.25,10,50,0,763.3172068964923,763.3172068964923,0.0,603,0.01
1,1,0.25,13,50,0,93.32838458175422,93.32838458175422,0.0,603,0.01
1,1,0.25,16,50,0,124.6835750593353,124.6835750593353,0.0,603,0.01
1,1,0.25,22,50,0,495.7252717696927,495.7252717696927,0.0,603,0.01
1,1,0.25,25,50,0,67.22689007727848,67.22689007727848,0.0,603,0.01
1,1,0.25,28,50,0,43.98451161008136,43.98451161008136,0.0,603,0.01
1,1,0.25,19,5,1,45.92423014355775,12.05192819850648,-1.3377682040105738,603,0.01
1,1,0.25,19,20,1,303.89711108025347,85.64835348091663,-1.26643919294687,603,0.01
1,1,0.25,19,50,1,210.8792200967665,239.3567793371036,0.1266696864058942,603,0.01
1,2,0.0,13,5,0,6.062835243753746,6.062835243753746,0.0,603,0.01
1,2,0.0,16,5,0,6.948266303002059,6.948266303002059,0.0,603,0.01
1,2,0.0,13,20,0,52.322008197877786,52.322008197877786,0.0,603,0.01
1,2,0.0,16,20,0,54.519303491601846,54.519303491601846,0.0,603,0.01
1,2,0.0,13,50,0,93.32838458175422,93.32838458175422,0.0,603,0.01
1,2,0.0,16,50,0,124.6835750593353,124.6835750593353,0.0,603,0.01
1,2,0.0,1,5,1,3.1572371556081427,2.221307995137317,-0.3516011179340504,603,0.01
1,2,0.0,4,5,1,3.0976930671758063,2.233308372956466,-0.3271736012007811,603,0.01
1,2,0.0,7,5,1,9.114980626979996,2.272210308779687,-1.389166220669475,603,0.01
1,2,0.0,22,5,1,22.094190026850608,13.119156675769212,-0.5212411755596462,603,0.01
1,2,0.0,25,5,1,12.626021525644692,15.328130286514355,0.1939298362849559,603,0.01
1,2,0.0,28,5,1,7.012273796673852,4.269519906273135,-0.4961606263784611,603,0.01
1,2,0.0,1,20,1,16.995197811155748,8.78352881757897,-0.6600525801115806,603,0.01
1,2,0.0,4,20,1,7.281780249734087,5.898874226263462,-0.2106138485148378,603,0.01
1,2,0.0,7,20,1,86.39154662866885,6.092620399078875,-2.6518115629041743,603,0.01
1,2,0.0,22,20,1,292.58490143120974,115.55500199823638,-0.9290082614696826,603,0.01
1,2,0.0,25,20,1,92.11991372876712,100.32544939997508,0.0853282571417257,603,0.01
1,2,0.0,28,20,1,39.51106220990738,20.85832624223012,-0.6388274799610779,603,0.01
1,2,0.0,1,50,1,31.31977487211334,10.86928504859688,-1.058308757033681,603,0.01
1,2,0.0,4,50,1,6.181291864315692,3.816840007165103,-0.482104432131852,603,0.01
1,2,0.0,7,50,1,98.74596367689496,12.799696226088082,-2.043129090480748,603,0.01
1,2,0.0,22,50,1,495.7252717696927,175.10604944222018,-1.0406300985171637,603,0.01
1,2,0.0,25,50,1,67.22689007727848,66.76732681045807,-0.0068594761692951,603,0.01
1,2,0.0,28,50,1,43.98451161008136,17.36849562268894,-0.9291795943743976,603,0.01
1,2,0.0,10,5,2,50.63861603958533,17.525233395137555,-1.061072697398901,603,0.01
1,2,0.0,19,5,2,45.92423014355775,26.32314233947601,-0.556544378491092,603,0.01
1,2,0.0,10,20,2,491.44416382659824,87.57405156382764,-1.7248635904884897,603,0.01
1,2,0.0,19,20,2,303.89711108025347,211.7957991986501,-0.3610665945662948,603,0.01
1,2,0.0,10,50,2,763.3172068964923,114.95918788435424,-1.893096503907061,603,0.01
1,2,0.0,19,50,2,210.8792200967665,489.56892828019465,0.8422397127240958,603,0.01
1,2,0.1,13,5,0,6.062835243753746,6.062835243753746,0.0,603,0.01
1,2,0.1,16,5,0,6.948266303002059,6.948266303002059,0.0,603,0.01
1,2,0.1,13,20,0,52.322008197877786,52.322008197877786,0.0,603,0.01
1,2,0.1,16,20,0,54.519303491601846,54.519303491601846,0.0,603,0.01
1,2,0.1,13,50,0,93.32838458175422,93.32838458175422,0.0,603,0.01
1,2,0.1,16,50,0,124.6835750593353,124.6835750593353,0.0,603,0.01
1,2,0.1,1,5,1,3.1572371556081427,2.221307995137317,-0.3516011179340504,603,0.01
1,2,0.1,4,5,1,3.0976930671758063,2.233308372956466,-0.3271736012007811,603,0.01
1,2,0.1,7,5,1,9.114980626979996,2.272210308779687,-1.389166220669475,603,0.01
1,2,0.1,22,5,1,22.094190026850608,13.119156675769212,-0.5212411755596462,603,0.01
1,2,0.1,25,5,1,12.626021525644692,15.328130286514355,0.1939298362849559,603,0.01
1,2,0.1,28,5,1,7.012273796673852,4.269519906273135,-0.4961606263784611,603,0.01
1,2,0.1,1,20,1,16.995197811155748,8.78352881757897,-0.6600525801115806,603,0.01
1,2,0.1,4,20,1,7.281780249734087,5.898874226263462,-0.2106138485148378,603,0.01
1,2,0.1,7,20,1,86.39154662866885,6.092620399078875,-2.6518115629041743,603,0.01
1,2,0.1,22,20,1,292.58490143120974,115.55500199823638,-0.9290082614696826,603,0.01
1,2,0.1,25,20,1,92.11991372876712,100.32544939997508,0.0853282571417257,603,0.01
1,2,0.1,28,20,1,39.51106220990738,20.85832624223012,-0.6388274799610779,603,0.01
1,2,0.1,1,50,1,31.31977487211334,10.86928504859688,-1.058308757033681,603,0.01
1,2,0.1,4,50,1,6.181291864315692,3.816840007165103,-0.482104432131852,603,0.01
1,2,0.1,7,50,1,98.74596367689496,12.799696226088082,-2.043129090480748,603,0.01
1,2,0.1,22,50,1,495.7252717696927,175.10604944222018,-1.0406300985171637,603,0.01
1,2,0.1,25,50,1,67.22689007727848,66.76732681045807,-0.0068594761692951,603,0.01
1,2,0.1,28,50,1,43.98451161008136,17.36849562268894,-0.9291795943743976,603,0.01
1,2,0.1,10,5,2,50.63861603958533,17.525233395137555,-1.061072697398901,603,0.01
1,2,0.1,19,5,2,45.92423014355775,26.32314233947601,-0.556544378491092,603,0.01
1,2,0.1,10,20,2,491.44416382659824,87.57405156382764,-1.7248635904884897,603,0.01
1,2,0.1,19,20,2,303.89711108025347,211.7957991986501,-0.3610665945662948,603,0.01
1,2,0.1,10,50,2,763.3172068964923,114.95918788435424,-1.893096503907061,603,0.01
1,2,0.1,19,50,2,210.8792200967665,489.56892828019465,0.8422397127240958,603,0.01
1,2,0.25,13,5,0,6.062835243753746,6.062835243753746,0.0,603,0.01
1,2,0.25,16,5,0,6.948266303002059,6.948266303002059,0.0,603,0.01
1,2,0.25,25,5,0,12.626021525644692,12.626021525644692,0.0,603,0.01
1,2,0.25,13,20,0,52.322008197877786,52.322008197877786,0.0,603,0.01
1,2,0.25,16,20,0,54.519303491601846,54.519303491601846,0.0,603,0.01
1,2,0.25,25,20,0,92.11991372876712,92.11991372876712,0.0,603,0.01
1,2,0.25,13,50,0,93.32838458175422,93.32838458175422,0.0,603,0.01
1,2,0.25,16,50,0,124.6835750593353,124.6835750593353,0.0,603,0.01
1,2,0.25,25,50,0,67.22689007727848,67.22689007727848,0.0,603,0.01
1,2,0.25,1,5,1,3.1572371556081427,2.221307995137317,-0.3516011179340504,603,0.01
1,2,0.25,4,5,1,3.0976930671758063,2.233308372956466,-0.3271736012007811,603,0.01
1,2,0.25,7,5,1,9.114980626979996,2.272210308779687,-1.389166220669475,603,0.01
1,2,0.25,22,5,1,22.094190026850608,13.119156675769212,-0.5212411755596462,603,0.01
1,2,0.25,28,5,1,7.012273796673852,4.269519906273135,-0.4961606263784611,603,0.01
1,2,0.25,1,20,1,16.995197811155748,8.78352881757897,-0.6600525801115806,603,0.01
1,2,0.25,4,20,1,7.281780249734087,5.898874226263462,-0.2106138485148378,603,0.01
1,2,0.25,7,20,1,86.39154662866885,6.092620399078875,-2.6518115629041743,603,0.01
1,2,0.25,22,20,1,292.58490143120974,115.55500199823638,-0.9290082614696826,603,0.01
1,2,0.25,28,20,1,39.51106220990738,20.85832624223012,-0.6388274799610779,603,0.01
1,2,0.25,1,50,1,31.31977487211334,10.86928504859688,-1.058308757033681,603,0.01
1,2,0.25,4,50,1,6.181291864315692,3.816840007165103,-0.482104432131852,603,0.01
1,2,0.25,7,50,1,98.74596367689496,12.799696226088082,-2.043129090480748,603,0.01
1,2,0.25,22,50,1,495.7252717696927,175.10604944222018,-1.0406300985171637,603,0.01
1,2,0.25,28,50,1,43.98451161008136,17.36849562268894,-0.9291795943743976,603,0.01
1,2,0.25,10,5,2,50.63861603958533,17.525233395137555,-1.061072697398901,603,0.01
1,2,0.25,19,5,2,45.92423014355775,26.32314233947601,-0.556544378491092,603,0.01
1,2,0.25,10,20,2,491.44416382659824,87.57405156382764,-1.7248635904884897,603,0.01
1,2,0.25,19,20,2,303.89711108025347,211.7957991986501,-0.3610665945662948,603,0.01
1,2,0.25,10,50,2,763.3172068964923,114.95918788435424,-1.893096503907061,603,0.01
1,2,0.25,19,50,2,210.8792200967665,489.56892828019465,0.8422397127240958,603,0.01
1,3,0.0,4,5,0,3.0976930671758063,3.0976930671758063,0.0,603,0.01
1,3,0.0,7,5,0,9.114980626979996,9.114980626979996,0.0,603,0.01
1,3,0.0,16,5,0,6.948266303002059,6.948266303002059,0.0,603,0.01
1,3,0.0,4,20,0,7.281780249734087,7.281780249734087,0.0,603,0.01
1,3,0.0,7,20,0,86.39154662866885,86.39154662866885,0.0,603,0.01
1,3,0.0,16,20,0,54.519303491601846,54.519303491601846,0.0,603,0.01
1,3,0.0,4,50,0,6.181291864315692,6.181291864315692,0.0,603,0.01
1,3,0.0,7,50,0,98.74596367689496,98.74596367689496,0.0,603,0.01
1,3,0.0,16,50,0,124.6835750593353,124.6835750593353,0.0,603,0.01
1,3,0.0,1,5,1,3.1572371556081427,5.580112075728119,0.5695115341329317,603,0.01
1,3,0.0,22,5,1,22.094190026850608,5.705287637559581,-1.3539212787021293,603,0.01
1,3,0.0,25,5,1,12.626021525644692,1.2133612516432042,-2.3423654824986317,603,0.01
1,3,0.0,28,5,1,7.012273796673852,1.1317288736027846,-1.8239155730276737,603,0.01
1,3,0.0,1,20,1,16.995197811155748,24.071386408829248,0.3480930267195537,603,0.01
1,3,0.0,22,20,1,292.58490143120974,36.7214190314847,-2.0753946762036493,603,0.01
1,3,0.0,25,20,1,92.11991372876712,1.614293711800802,-4.044193607579191,603,0.01
1,3,0.0,28,20,1,39.51106220990738,1.7889905215339446,-3.0949291823255223,603,0.01
1,3,0.0,1,50,1,31.31977487211334,38.6067721832886,0.2091780231395035,603,0.01
1,3,0.0,22,50,1,495.7252717696927,54.869559006938346,-2.2010631717251914,603,0.01
1,3,0.0,25,50,1,67.22689007727848,1.9357577821816132,-3.547574448932296,603,0.01
1,3,0.0,28,50,1,43.98451161008136,2.251878268599361,-2.972072909066401,603,0.01
1,3,0.0,10,5,2,50.63861603958533,20.13568033930256,-0.9222210654476858,603,0.01
1,3,0.0,13,5,2,6.062835243753746,6.1894313915924055,0.020665670610229,603,0.01
1,3,0.0,19,5,2,45.92423014355775,19.30018450789641,-0.8668782117597581,603,0.01
1,3,0.0,10,20,2,491.44416382659824,186.9880162188745,-0.966303799115652,603,0.01
1,3,0.0,13,20,2,52.322008197877786,46.23150457134789,-0.1237556065827003,603,0.01
1,3,0.0,19,20,2,303.89711108025347,138.01238335871483,-0.7893457781103103,603,0.01
1,3,0.0,10,50,2,763.3172068964923,309.3213781367244,-0.9032928862142106,603,0.01
1,3,0.0,13,50,2,93.32838458175422,28.366175008788044,-1.190926876236184,603,0.01
1,3,0.0,19,50,2,210.8792200967665,126.93436056714664,-0.5076154460604182,603,0.01
1,3,0.1,4,5,0,3.0976930671758063,3.0976930671758063,0.0,603,0.01
1,3,0.1,7,5,0,9.114980626979996,9.114980626979996,0.0,603,0.01
1,3,0.1,13,5,0,6.062835243753746,6.062835243753746,0.0,603,0.01
1,3,0.1,16,5,0,6.948266303002059,6.948266303002059,0.0,603,0.01
1,3,0.1,4,20,0,7.281780249734087,7.281780249734087,0.0,603,0.01
1,3,0.1,7,20,0,86.39154662866885,86.39154662866885,0.0,603,0.01
1,3,0.1,13,20,0,52.322008197877786,52.322008197877786,0.0,603,0.01
1,3,0.1,16,20,0,54.519303491601846,54.519303491601846,0.0,603,0.01
1,3,0.1,4,50,0,6.181291864315692,6.181291864315692,0.0,603,0.01
1,3,0.1,7,50,0,98.74596367689496,98.74596367689496,0.0,603,0.01
1,3,0.1,13,50,0,93.32838458175422,93.32838458175422,0.0,603,0.01
1,3,0.1,16,50,0,124.6835750593353,124.6835750593353,0.0,603,0.01
1,3,0.1,1,5,1,3.1572371556081427,5.580112075728119,0.5695115341329317,603,0.01
1,3,0.1,22,5,1,22.094190026850608,5.705287637559581,-1.3539212787021293,603,0.01
1,3,0.1,25,5,1,12.626021525644692,1.2133612516432042,-2.3423654824986317,603,0.01
1,3,0.1,28,5,1,7.012273796673852,1.1317288736027846,-1.8239155730276737,603,0.01
1,3,0.1,1,20,1,16.995197811155748,24.071386408829248,0.3480930267195537,603,0.01
1,3,0.1,22,20,1,292.58490143120974,36.7214190314847,-2.0753946762036493,603,0.01
1,3,0.1,25,20,1,92.11991372876712,1.614293711800802,-4.044193607579191,603,0.01
1,3,0.1,28,20,1,39.51106220990738,1.7889905215339446,-3.0949291823255223,603,0.01
1,3,0.1,1,50,1,31.31977487211334,38.6067721832886,0.2091780231395035,603,0.01
1,3,0.1,22,50,1,495.7252717696927,54.869559006938346,-2.2010631717251914,603,0.01
1,3,0.1,25,50,1,67.22689007727848,1.9357577821816132,-3.547574448932296,603,0.01
1,3,0.1,28,50,1,43.98451161008136,2.251878268599361,-2.972072909066401,603,0.01
1,3,0.1,10,5,2,50.63861603958533,20.13568033930256,-0.9222210654476858,603,0.01
1,3,0.1,19,5,2,45.92423014355775,19.30018450789641,-0.8668782117597581,603,0.01
1,3,0.1,10,20,2,491.44416382659824,186.9880162188745,-0.966303799115652,603,0.01
1,3,0.1,19,20,2,303.89711108025347,138.01238335871483,-0.7893457781103103,603,0.01
1,3,0.1,10,50,2,763.3172068964923,309.3213781367244,-0.9032928862142106,603,0.01
1,3,0.1,19,50,2,210.8792200967665,126.93436056714664,-0.5076154460604182,603,0.01
1,3,0.25,4,5,0,3.0976930671758063,3.0976930671758063,0.0,603,0.01
1,3,0.25,7,5,0,9.114980626979996,9.114980626979996,0.0,603,0.01
1,3,0.25,13,5,0,6.062835243753746,6.062835243753746,0.0,603,0.01
1,3,0.25,16,5,0,6.948266303002059,6.948266303002059,0.0,603,0.01
1,3,0.25,4,20,0,7.281780249734087,7.281780249734087,0.0,603,0.01
1,3,0.25,7,20,0,86.39154662866885,86.39154662866885,0.0,603,0.01
1,3,0.25,13,20,0,52.322008197877786,52.322008197877786,0.0,603,0.01
1,3,0.25,16,20,0,54.519303491601846,54.519303491601846,0.0,603,0.01
1,3,0.25,4,50,0,6.181291864315692,6.181291864315692,0.0,603,0.01
1,3,0.25,7,50,0,98.74596367689496,98.74596367689496,0.0,603,0.01
1,3,0.25,13,50,0,93.32838458175422,93.32838458175422,0.0,603,0.01
1,3,0.25,16,50,0,124.6835750593353,124.6835750593353,0.0,603,0.01
1,3,0.25,1,5,1,3.1572371556081427,5.580112075728119,0.5695115341329317,603,0.01
1,3,0.25,22,5,1,22.094190026850608,5.705287637559581,-1.3539212787021293,603,0.01
1,3,0.25,25,5,1,12.626021525644692,1.2133612516432042,-2.3423654824986317,603,0.01
1,3,0.25,28,5,1,7.012273796673852,1.1317288736027846,-1.8239155730276737,603,0.01
1,3,0.25,1,20,1,16.995197811155748,24.071386408829248,0.3480930267195537,603,0.01
1,3,0.25,22,20,1,292.58490143120974,36.7214190314847,-2.0753946762036493,603,0.01
1,3,0.25,25,20,1,92.11991372876712,1.614293711800802,-4.044193607579191,603,0.01
1,3,0.25,28,20,1,39.51106220990738,1.7889905215339446,-3.0949291823255223,603,0.01
1,3,0.25,1,50,1,31.31977487211334,38.6067721832886,0.2091780231395035,603,0.01
1,3,0.25,22,50,1,495.7252717696927,54.869559006938346,-2.2010631717251914,603,0.01
1,3,0.25,25,50,1,67.22689007727848,1.9357577821816132,-3.547574448932296,603,0.01
1,3,0.25,28,50,1,43.98451161008136,2.251878268599361,-2.972072909066401,603,0.01
1,3,0.25,10,5,2,50.63861603958533,20.13568033930256,-0.9222210654476858,603,0.01
1,3,0.25,19,5,2,45.92423014355775,19.30018450789641,-0.8668782117597581,603,0.01
1,3,0.25,10,20,2,491.44416382659824,186.9880162188745,-0.966303799115652,603,0.01
1,3,0.25,19,20,2,303.89711108025347,138.01238335871483,-0.7893457781103103,603,0.01
1,3,0.25,10,50,2,763.3172068964923,309.3213781367244,-0.9032928862142106,603,0.01
1,3,0.25,19,50,2,210.8792200967665,126.93436056714664,-0.5076154460604182,603,0.01
1,4,0.0,4,5,0,3.0976930671758063,3.0976930671758063,0.0,603,0.01
1,4,0.0,7,5,0,9.114980626979996,9.114980626979996,0.0,603,0.01
1,4,0.0,16,5,0,6.948266303002059,6.948266303002059,0.0,603,0.01
1,4,0.0,4,20,0,7.281780249734087,7.281780249734087,0.0,603,0.01
1,4,0.0,7,20,0,86.39154662866885,86.39154662866885,0.0,603,0.01
1,4,0.0,16,20,0,54.519303491601846,54.519303491601846,0.0,603,0.01
1,4,0.0,4,50,0,6.181291864315692,6.181291864315692,0.0,603,0.01
1,4,0.0,7,50,0,98.74596367689496,98.74596367689496,0.0,603,0.01
1,4,0.0,16,50,0,124.6835750593353,124.6835750593353,0.0,603,0.01
1,4,0.0,1,5,1,3.1572371556081427,5.580113243861218,0.5695117434715544,603,0.01
1,4,0.0,22,5,1,22.094190026850608,5.705286514305591,-1.3539214755816158,603,0.01
1,4,0.0,25,5,1,12.626021525644692,1.2133606881636607,-2.3423659468942706,603,0.01
1,4,0.0,28,5,1,7.012273796673852,1.1317289390994916,-1.823915515154532,603,0.01
1,4,0.0,1,20,1,16.995197811155748,24.07139289404244,0.3480932961353741,603,0.01
1,4,0.0,22,20,1,292.58490143120974,36.72141261146884,-2.0753948510339417,603,0.01
1,4,0.0,25,20,1,92.11991372876712,1.6142922601821104,-4.044194506807959,603,0.01
1,4,0.0,28,20,1,39.51106220990738,1.7889915648470869,-3.0949285991402986,603,0.01
1,4,0.0,1,50,1,31.31977487211334,38.60679124749627,0.2091785169441365,603,0.01
1,4,0.0,22,50,1,495.7252717696927,54.869553261186624,-2.201063276441761,603,0.01
1,4,0.0,25,50,1,67.22689007727848,1.9357581148360092,-3.547574277085193,603,0.01
1,4,0.0,28,50,1,43.98451161008136,2.2518797585915533,-2.9720722474002184,603,0.01
1,4,0.0,10,5,2,50.63861603958533,20.135677331056566,-0.9222212148464728,603,0.01
1,4,0.0,13,5,2,6.062835243753746,6.189432815774117,0.0206659007091602,603,0.01
1,4,0.0,19,5,2,45.92423014355775,19.30018741325711,-0.8668780612243849,603,0.01
1,4,0.0,10,20,2,491.44416382659824,186.98800594593487,-0.96630385405468,603,0.01
1,4,0.0,13,20,2,52.322008197877786,46.23151739681603,-0.1237553291643795,603,0.01
1,4,0.0,19,20,2,303.89711108025347,138.0124130102347,-0.7893455632635265,603,0.01
1,4,0.0,10,50,2,763.3172068964923,309.3213809552315,-0.9032928771023052,603,0.01
1,4,0.0,13,50,2,93.32838458175422,28.366184562459704,-1.190926539438218,603,0.01
1,4,0.0,19,50,2,210.8792200967665,126.93441185568724,-0.5076150420048888,603,0.01
1,4,0.1,4,5,0,3.0976930671758063,3.0976930671758063,0.0,603,0.01
1,4,0.1,7,5,0,9.114980626979996,9.114980626979996,0.0,603,0.01
1,4,0.1,13,5,0,6.062835243753746,6.062835243753746,0.0,603,0.01
1,4,0.1,16,5,0,6.948266303002059,6.948266303002059,0.0,603,0.01
1,4,0.1,4,20,0,7.281780249734087,7.281780249734087,0.0,603,0.01
1,4,0.1,7,20,0,86.39154662866885,86.39154662866885,0.0,603,0.01
1,4,0.1,13,20,0,52.322008197877786,52.322008197877786,0.0,603,0.01
1,4,0.1,16,20,0,54.519303491601846,54.519303491601846,0.0,603,0.01
1,4,0.1,4,50,0,6.181291864315692,6.181291864315692,0.0,603,0.01
1,4,0.1,7,50,0,98.74596367689496,98.74596367689496,0.0,603,0.01
1,4,0.1,13,50,0,93.32838458175422,93.32838458175422,0.0,603,0.01
1,4,0.1,16,50,0,124.6835750593353,124.6835750593353,0.0,603,0.01
1,4,0.1,1,5,1,3.1572371556081427,5.580113243861218,0.5695117434715544,603,0.01
1,4,0.1,22,5,1,22.094190026850608,5.705286514305591,-1.3539214755816158,603,0.01
1,4,0.1,25,5,1,12.626021525644692,1.2133606881636607,-2.3423659468942706,603,0.01
1,4,0.1,28,5,1,7.012273796673852,1.1317289390994916,-1.823915515154532,603,0.01
1,4,0.1,1,20,1,16.995197811155748,24.07139289404244,0.3480932961353741,603,0.01
1,4,0.1,22,20,1,292.58490143120974,36.72141261146884,-2.0753948510339417,603,0.01
1,4,0.1,25,20,1,92.11991372876712,1.6142922601821104,-4.044194506807959,603,0.01
1,4,0.1,28,20,1,39.51106220990738,1.7889915648470869,-3.0949285991402986,603,0.01
1,4,0.1,1,50,1,31.31977487211334,38.60679124749627,0.2091785169441365,603,0.01
1,4,0.1,22,50,1,495.7252717696927,54.869553261186624,-2.201063276441761,603,0.01
1,4,0.1,25,50,1,67.22689007727848,1.9357581148360092,-3.547574277085193,603,0.01
1,4,0.1,28,50,1,43.98451161008136,2.2518797585915533,-2.9720722474002184,603,0.01
1,4,0.1,10,5,2,50.63861603958533,20.135677331056566,-0.9222212148464728,603,0.01
1,4,0.1,19,5,2,45.92423014355775,19.30018741325711,-0.8668780612243849,603,0.01
1,4,0.1,10,20,2,491.44416382659824,186.98800594593487,-0.96630385405468,603,0.01
1,4,0.1,19,20,2,303.89711108025347,138.0124130102347,-0.7893455632635265,603,0.01
1,4,0.1,10,50,2,763.3172068964923,309.3213809552315,-0.9032928771023052,603,0.01
1,4,0.1,19,50,2,210.8792200967665,126.93441185568724,-0.5076150420048888,603,0.01
1,4,0.25,4,5,0,3.0976930671758063,3.0976930671758063,0.0,603,0.01
1,4,0.25,7,5,0,9.114980626979996,9.114980626979996,0.0,603,0.01
1,4,0.25,13,5,0,6.062835243753746,6.062835243753746,0.0,603,0.01
1,4,0.25,16,5,0,6.948266303002059,6.948266303002059,0.0,603,0.01
1,4,0.25,4,20,0,7.281780249734087,7.281780249734087,0.0,603,0.01
1,4,0.25,7,20,0,86.39154662866885,86.39154662866885,0.0,603,0.01
1,4,0.25,13,20,0,52.322008197877786,52.322008197877786,0.0,603,0.01
1,4,0.25,16,20,0,54.519303491601846,54.519303491601846,0.0,603,0.01
1,4,0.25,4,50,0,6.181291864315692,6.181291864315692,0.0,603,0.01
1,4,0.25,7,50,0,98.74596367689496,98.74596367689496,0.0,603,0.01
1,4,0.25,13,50,0,93.32838458175422,93.32838458175422,0.0,603,0.01
1,4,0.25,16,50,0,124.6835750593353,124.6835750593353,0.0,603,0.01
1,4,0.25,1,5,1,3.1572371556081427,5.580113243861218,0.5695117434715544,603,0.01
1,4,0.25,22,5,1,22.094190026850608,5.705286514305591,-1.3539214755816158,603,0.01
1,4,0.25,25,5,1,12.626021525644692,1.2133606881636607,-2.3423659468942706,603,0.01
1,4,0.25,28,5,1,7.012273796673852,1.1317289390994916,-1.823915515154532,603,0.01
1,4,0.25,1,20,1,16.995197811155748,24.07139289404244,0.3480932961353741,603,0.01
1,4,0.25,22,20,1,292.58490143120974,36.72141261146884,-2.0753948510339417,603,0.01
1,4,0.25,25,20,1,92.11991372876712,1.6142922601821104,-4.044194506807959,603,0.01
1,4,0.25,28,20,1,39.51106220990738,1.7889915648470869,-3.0949285991402986,603,0.01
1,4,0.25,1,50,1,31.31977487211334,38.60679124749627,0.2091785169441365,603,0.01
1,4,0.25,22,50,1,495.7252717696927,54.869553261186624,-2.201063276441761,603,0.01
1,4,0.25,25,50,1,67.22689007727848,1.9357581148360092,-3.547574277085193,603,0.01
1,4,0.25,28,50,1,43.98451161008136,2.2518797585915533,-2.9720722474002184,603,0.01
1,4,0.25,10,5,2,50.63861603958533,20.135677331056566,-0.9222212148464728,603,0.01
1,4,0.25,19,5,2,45.92423014355775,19.30018741325711,-0.8668780612243849,603,0.01
1,4,0.25,10,20,2,491.44416382659824,186.98800594593487,-0.96630385405468,603,0.01
1,4,0.25,19,20,2,303.89711108025347,138.0124130102347,-0.7893455632635265,603,0.01
1,4,0.25,10,50,2,763.3172068964923,309.3213809552315,-0.9032928771023052,603,0.01
1,4,0.25,19,50,2,210.8792200967665,126.93441185568724,-0.5076150420048888,603,0.01
1,5,0.0,7,5,0,9.114980626979996,9.114980626979996,0.0,603,0.01
1,5,0.0,13,5,0,6.062835243753746,6.062835243753746,0.0,603,0.01
1,5,0.0,16,5,0,6.948266303002059,6.948266303002059,0.0,603,0.01
1,5,0.0,22,5,0,22.094190026850608,22.094190026850608,0.0,603,0.01
1,5,0.0,7,20,0,86.39154662866885,86.39154662866885,0.0,603,0.01
1,5,0.0,13,20,0,52.322008197877786,52.322008197877786,0.0,603,0.01
1,5,0.0,16,20,0,54.519303491601846,54.519303491601846,0.0,603,0.01
1,5,0.0,22,20,0,292.58490143120974,292.58490143120974,0.0,603,0.01
1,5,0.0,7,50,0,98.74596367689496,98.74596367689496,0.0,603,0.01
1,5,0.0,13,50,0,93.32838458175422,93.32838458175422,0.0,603,0.01
1,5,0.0,16,50,0,124.6835750593353,124.6835750593353,0.0,603,0.01
1,5,0.0,22,50,0,495.7252717696927,495.7252717696927,0.0,603,0.01
1,5,0.0,1,5,1,3.1572371556081427,3.1572272684851352,-3.131579289528618e-06,603,0.01
1,5,0.0,4,5,1,3.0976930671758063,3.0976820210593,-3.5659234022098257e-06,603,0.01
1,5,0.0,10,5,1,50.63861603958533,50.63859450988475,-4.251637750851277e-07,603,0.01
1,5,0.0,25,5,1,12.626021525644692,12.62600008072935,-1.6984711700414362e-06,603,0.01
1,5,0.0,28,5,1,7.012273796673852,7.012262875940476,-1.5573752817471406e-06,603,0.01
1,5,0.0,1,20,1,16.995197811155748,16.995137543857595,-3.546143191789448e-06,603,0.01
1,5,0.0,4,20,1,7.281780249734087,7.281723040511042,-7.856519397219687e-06,603,0.01
1,5,0.0,10,20,1,491.44416382659824,491.4438929570738,-5.511706498033852e-07,603,0.01
1,5,0.0,25,20,1,92.11991372876712,92.11972539775002,-2.044413655961048e-06,603,0.01
1,5,0.0,28,20,1,39.51106220990738,39.51101348390897,-1.2332249687295584e-06,603,0.01
1,5,0.0,1,50,1,31.31977487211334,31.31969202707901,-2.645138550035753e-06,603,0.01
1,5,0.0,4,50,1,6.181291864315692,6.181266472443166,-4.107866969605721e-06,603,0.01
1,5,0.0,10,50,1,763.3172068964923,763.3168534042239,-4.631001987276292e-07,603,0.01
1,5,0.0,25,50,1,67.22689007727848,67.22673808671584,-2.2608621979139475e-06,603,0.01
1,5,0.0,28,50,1,43.98451161008136,43.98454396012984,7.3548700216998e-07,603,0.01
1,5,0.0,19,5,2,45.92423014355775,86.2318932337032,0.6300472327305267,603,0.01
1,5,0.0,19,20,2,303.89711108025347,425.7205138053753,0.3370938663562355,603,0.01
1,5,0.0,19,50,2,210.8792200967665,316.0267011101103,0.4045411542209856,603,0.01
1,5,0.1,1,5,0,3.1572371556081427,3.1572371556081427,0.0,603,0.01
1,5,0.1,4,5,0,3.0976930671758063,3.0976930671758063,0.0,603,0.01
1,5,0.1,7,5,0,9.114980626979996,9.114980626979996,0.0,603,0.01
1,5,0.1,10,5,0,50.63861603958533,50.63861603958533,0.0,603,0.01
1,5,0.1,13,5,0,6.062835243753746,6.062835243753746,0.0,603,0.01
1,5,0.1,16,5,0,6.948266303002059,6.948266303002059,0.0,603,0.01
1,5,0.1,22,5,0,22.094190026850608,22.094190026850608,0.0,603,0.01
1,5,0.1,25,5,0,12.626021525644692,12.626021525644692,0.0,603,0.01
1,5,0.1,28,5,0,7.012273796673852,7.012273796673852,0.0,603,0.01
1,5,0.1,1,20,0,16.995197811155748,16.995197811155748,0.0,603,0.01
1,5,0.1,4,20,0,7.281780249734087,7.281780249734087,0.0,603,0.01
1,5,0.1,7,20,0,86.39154662866885,86.39154662866885,0.0,603,0.01
1,5,0.1,10,20,0,491.44416382659824,491.44416382659824,0.0,603,0.01
1,5,0.1,13,20,0,52.322008197877786,52.322008197877786,0.0,603,0.01
1,5,0.1,16,20,0,54.519303491601846,54.519303491601846,0.0,603,0.01
1,5,0.1,22,20,0,292.58490143120974,292.58490143120974,0.0,603,0.01
1,5,0.1,25,20,0,92.11991372876712,92.11991372876712,0.0,603,0.01
1,5,0.1,28,20,0,39.51106220990738,39.51106220990738,0.0,603,0.01
1,5,0.1,1,50,0,31.31977487211334,31.31977487211334,0.0,603,0.01
1,5,0.1,4,50,0,6.181291864315692,6.181291864315692,0.0,603,0.01
1,5,0.1,7,50,0,98.74596367689496,98.74596367689496,0.0,603,0.01
1,5,0.1,10,50,0,763.3172068964923,763.3172068964923,0.0,603,0.01
1,5,0.1,13,50,0,93.32838458175422,93.32838458175422,0.0,603,0.01
1,5,0.1,16,50,0,124.6835750593353,124.6835750593353,0.0,603,0.01
1,5,0.1,22,50,0,495.7252717696927,495.7252717696927,0.0,603,0.01
1,5,0.1,25,50,0,67.22689007727848,67.22689007727848,0.0,603,0.01
1,5,0.1,28,50,0,43.98451161008136,43.98451161008136,0.0,603,0.01
1,5,0.1,19,5,2,45.92423014355775,86.2318932337032,0.6300472327305267,603,0.01
1,5,0.1,19,20,2,303.89711108025347,425.7205138053753,0.3370938663562355,603,0.01
1,5,0.1,19,50,2,210.8792200967665,316.0267011101103,0.4045411542209856,603,0.01
1,5,0.25,1,5,0,3.1572371556081427,3.1572371556081427,0.0,603,0.01
1,5,0.25,4,5,0,3.0976930671758063,3.0976930671758063,0.0,603,0.01
1,5,0.25,7,5,0,9.114980626979996,9.114980626979996,0.0,603,0.01
1,5,0.25,10,5,0,50.63861603958533,50.63861603958533,0.0,603,0.01
1,5,0.25,13,5,0,6.062835243753746,6.062835243753746,0.0,603,0.01
1,5,0.25,16,5,0,6.948266303002059,6.948266303002059,0.0,603,0.01
1,5,0.25,22,5,0,22.094190026850608,22.094190026850608,0.0,603,0.01
1,5,0.25,25,5,0,12.626021525644692,12.626021525644692,0.0,603,0.01
1,5,0.25,28,5,0,7.012273796673852,7.012273796673852,0.0,603,0.01
1,5,0.25,1,20,0,16.995197811155748,16.995197811155748,0.0,603,0.01
1,5,0.25,4,20,0,7.281780249734087,7.281780249734087,0.0,603,0.01
1,5,0.25,7,20,0,86.39154662866885,86.39154662866885,0.0,603,0.01
1,5,0.25,10,20,0,491.44416382659824,491.44416382659824,0.0,603,0.01
1,5,0.25,13,20,0,52.322008197877786,52.322008197877786,0.0,603,0.01
1,5,0.25,16,20,0,54.519303491601846,54.519303491601846,0.0,603,0.01
1,5,0.25,22,20,0,292.58490143120974,292.58490143120974,0.0,603,0.01
1,5,0.25,25,20,0,92.11991372876712,92.11991372876712,0.0,603,0.01
1,5,0.25,28,20,0,39.51106220990738,39.51106220990738,0.0,603,0.01
1,5,0.25,1,50,0,31.31977487211334,31.31977487211334,0.0,603,0.01
1,5,0.25,4,50,0,6.181291864315692,6.181291864315692,0.0,603,0.01
1,5,0.25,7,50,0,98.74596367689496,98.74596367689496,0.0,603,0.01
1,5,0.25,10,50,0,763.3172068964923,763.3172068964923,0.0,603,0.01
1,5,0.25,13,50,0,93.32838458175422,93.32838458175422,0.0,603,0.01
1,5,0.25,16,50,0,124.6835750593353,124.6835750593353,0.0,603,0.01
1,5,0.25,22,50,0,495.7252717696927,495.7252717696927,0.0,603,0.01
1,5,0.25,25,50,0,67.22689007727848,67.22689007727848,0.0,603,0.01
1,5,0.25,28,50,0,43.98451161008136,43.98451161008136,0.0,603,0.01
1,5,0.25,19,5,2,45.92423014355775,86.2318932337032,0.6300472327305267,603,0.01
1,5,0.25,19,20,2,303.89711108025347,425.7205138053753,0.3370938663562355,603,0.01
1,5,0.25,19,50,2,210.8792200967665,316.0267011101103,0.4045411542209856,603,0.01
0,0,0.0,3,5,0,2.341894080799926,2.341894080799926,0.0,603,1.0
0,0,0.0,6,5,0,3.181764605866686,3.181764605866686,0.0,603,1.0
0,0,0.0,27,5,0,22.02383645493709,22.02383645493709,0.0,603,1.0
0,0,0.0,3,20,0,6.003236209986313,6.003236209986313,0.0,603,1.0
0,0,0.0,6,20,0,23.29431362583931,23.29431362583931,0.0,603,1.0
0,0,0.0,27,20,0,300.52194088167687,300.52194088167687,0.0,603,1.0
0,0,0.0,3,50,0,6.409216483122147,6.409216483122147,0.0,603,1.0
0,0,0.0,6,50,0,30.824473183233767,30.824473183233767,0.0,603,1.0
0,0,0.0,27,50,0,652.46042066267,652.46042066267,0.0,603,1.0
0,0,0.0,12,5,1,1.9961796885581995,1.7014792002749182,-0.1597372076271886,603,1.0
0,0,0.0,15,5,1,3.888231575822824,6.086775044687959,0.4481639456414368,603,1.0
0,0,0.0,18,5,1,12.712743636664444,2.1257602234118886,-1.7884754357248906,603,1.0
0,0,0.0,12,20,1,7.406550908682363,2.0494840728647823,-1.284776776828087,603,1.0
0,0,0.0,15,20,1,40.29148582597112,60.24812283073484,0.4023312387440404,603,1.0
0,0,0.0,18,20,1,102.01370700273388,8.969014936753258,-2.4313313341254883,603,1.0
0,0,0.0,12,50,1,28.7269973442841,4.715019168350871,-1.807084373150893,603,1.0
0,0,0.0,15,50,1,76.60992106842197,255.5422136039288,1.2046610293570077,603,1.0
0,0,0.0,18,50,1,421.0880555434976,72.26849299297605,-1.762453717251373,603,1.0
0,0,0.0,0,5,2,1.989614767385306,2.9179414941382023,0.3829373641446159,603,1.0
0,0,0.0,9,5,2,7.409127016372954,18.24133578167686,0.9009775947972352,603,1.0
0,0,0.0,21,5,2,9.177884276307203,2.529369653020102,-1.2888265843866311,603,1.0
0,0,0.0,24,5,2,4.142132303139282,2.1243746725940222,-0.6677332169629359,603,1.0
0,0,0.0,0,20,2,8.591267986793932,21.86070557392642,0.9339444220990404,603,1.0
0,0,0.0,9,20,2,94.78455782301862,222.33409373936215,0.8525746735283806,603,1.0
0,0,0.0,21,20,2,143.89454596036126,13.151369093370812,-2.392554844810564,603,1.0
0,0,0.0,24,20,2,42.37944181600268,4.097662208428833,-2.3362467638015576,603,1.0
0,0,0.0,0,50,2,8.35694813710532,16.810838833914076,0.6989305419852302,603,1.0
0,0,0.0,9,50,2,194.5426201590222,326.7316550020035,0.5184879412581423,603,1.0
0,0,0.0,21,50,2,373.2882526831867,40.76727595798981,-2.2144712168536587,603,1.0
0,0,0.0,24,50,2,81.58894957756277,2.827676712641441,-3.3622384060612824,603,1.0
0,0,0.1,3,5,0,2.341894080799926,2.341894080799926,0.0,603,1.0
0,0,0.1,6,5,0,3.181764605866686,3.181764605866686,0.0,603,1.0
0,0,0.1,27,5,0,22.02383645493709,22.02383645493709,0.0,603,1.0
0,0,0.1,3,20,0,6.003236209986313,6.003236209986313,0.0,603,1.0
0,0,0.1,6,20,0,23.29431362583931,23.29431362583931,0.0,603,1.0
0,0,0.1,27,20,0,300.52194088167687,300.52194088167687,0.0,603,1.0
0,0,0.1,3,50,0,6.409216483122147,6.409216483122147,0.0,603,1.0
0,0,0.1,6,50,0,30.824473183233767,30.824473183233767,0.0,603,1.0
0,0,0.1,27,50,0,652.46042066267,652.46042066267,0.0,603,1.0
0,0,0.1,12,5,1,1.9961796885581995,1.7014792002749182,-0.1597372076271886,603,1.0
0,0,0.1,15,5,1,3.888231575822824,6.086775044687959,0.4481639456414368,603,1.0
0,0,0.1,18,5,1,12.712743636664444,2.1257602234118886,-1.7884754357248906,603,1.0
0,0,0.1,12,20,1,7.406550908682363,2.0494840728647823,-1.284776776828087,603,1.0
0,0,0.1,15,20,1,40.29148582597112,60.24812283073484,0.4023312387440404,603,1.0
0,0,0.1,18,20,1,102.01370700273388,8.969014936753258,-2.4313313341254883,603,1.0
0,0,0.1,12,50,1,28.7269973442841,4.715019168350871,-1.807084373150893,603,1.0
0,0,0.1,15,50,1,76.60992106842197,255.5422136039288,1.2046610293570077,603,1.0
0,0,0.1,18,50,1,421.0880555434976,72.26849299297605,-1.762453717251373,603,1.0
0,0,0.1,0,5,2,1.989614767385306,2.9179414941382023,0.3829373641446159,603,1.0
0,0,0.1,9,5,2,7.409127016372954,18.24133578167686,0.9009775947972352,603,1.0
0,0,0.1,21,5,2,9.177884276307203,2.529369653020102,-1.2888265843866311,603,1.0
0,0,0.1,24,5,2,4.142132303139282,2.1243746725940222,-0.6677332169629359,603,1.0
0,0,0.1,0,20,2,8.591267986793932,21.86070557392642,0.9339444220990404,603,1.0
0,0,0.1,9,20,2,94.78455782301862,222.33409373936215,0.8525746735283806,603,1.0
0,0,0.1,21,20,2,143.89454596036126,13.151369093370812,-2.392554844810564,603,1.0
0,0,0.1,24,20,2,42.37944181600268,4.097662208428833,-2.3362467638015576,603,1.0
0,0,0.1,0,50,2,8.35694813710532,16.810838833914076,0.6989305419852302,603,1.0
0,0,0.1,9,50,2,194.5426201590222,326.7316550020035,0.5184879412581423,603,1.0
0,0,0.1,21,50,2,373.2882526831867,40.76727595798981,-2.2144712168536587,603,1.0
0,0,0.1,24,50,2,81.58894957756277,2.827676712641441,-3.3622384060612824,603,1.0
0,0,0.25,3,5,0,2.341894080799926,2.341894080799926,0.0,603,1.0
0,0,0.25,6,5,0,3.181764605866686,3.181764605866686,0.0,603,1.0
0,0,0.25,9,5,0,7.409127016372954,7.409127016372954,0.0,603,1.0
0,0,0.25,27,5,0,22.02383645493709,22.02383645493709,0.0,603,1.0
0,0,0.25,3,20,0,6.003236209986313,6.003236209986313,0.0,603,1.0
0,0,0.25,6,20,0,23.29431362583931,23.29431362583931,0.0,603,1.0
0,0,0.25,9,20,0,94.78455782301862,94.78455782301862,0.0,603,1.0
0,0,0.25,27,20,0,300.52194088167687,300.52194088167687,0.0,603,1.0
0,0,0.25,3,50,0,6.409216483122147,6.409216483122147,0.0,603,1.0
0,0,0.25,6,50,0,30.824473183233767,30.824473183233767,0.0,603,1.0
0,0,0.25,9,50,0,194.5426201590222,194.5426201590222,0.0,603,1.0
0,0,0.25,27,50,0,652.46042066267,652.46042066267,0.0,603,1.0
0,0,0.25,12,5,1,1.9961796885581995,1.7014792002749182,-0.1597372076271886,603,1.0
0,0,0.25,15,5,1,3.888231575822824,6.086775044687959,0.4481639456414368,603,1.0
0,0,0.25,18,5,1,12.712743636664444,2.1257602234118886,-1.7884754357248906,603,1.0
0,0,0.25,12,20,1,7.406550908682363,2.0494840728647823,-1.284776776828087,603,1.0
0,0,0.25,15,20,1,40.29148582597112,60.24812283073484,0.4023312387440404,603,1.0
0,0,0.25,18,20,1,102.01370700273388,8.969014936753258,-2.4313313341254883,603,1.0
0,0,0.25,12,50,1,28.7269973442841,4.715019168350871,-1.807084373150893,603,1.0
0,0,0.25,15,50,1,76.60992106842197,255.5422136039288,1.2046610293570077,603,1.0
0,0,0.25,18,50,1,421.0880555434976,72.26849299297605,-1.762453717251373,603,1.0
0,0,0.25,0,5,2,1.989614767385306,2.9179414941382023,0.3829373641446159,603,1.0
0,0,0.25,21,5,2,9.177884276307203,2.529369653020102,-1.2888265843866311,603,1.0
0,0,0.25,24,5,2,4.142132303139282,2.1243746725940222,-0.6677332169629359,603,1.0
0,0,0.25,0,20,2,8.591267986793932,21.86070557392642,0.9339444220990404,603,1.0
0,0,0.25,21,20,2,143.89454596036126,13.151369093370812,-2.392554844810564,603,1.0
0,0,0.25,24,20,2,42.37944181600268,4.097662208428833,-2.3362467638015576,603,1.0
0,0,0.25,0,50,2,8.35694813710532,16.810838833914076,0.6989305419852302,603,1.0
0,0,0.25,21,50,2,373.2882526831867,40.76727595798981,-2.2144712168536587,603,1.0
0,0,0.25,24,50,2,81.58894957756277,2.827676712641441,-3.3622384060612824,603,1.0
0,1,0.0,3,5,0,2.341894080799926,2.341894080799926,0.0,603,1.0
0,1,0.0,6,5,0,3.181764605866686,3.181764605866686,0.0,603,1.0
0,1,0.0,9,5,0,7.409127016372954,7.409127016372954,0.0,603,1.0
0,1,0.0,3,20,0,6.003236209986313,6.003236209986313,0.0,603,1.0
0,1,0.0,6,20,0,23.29431362583931,23.29431362583931,0.0,603,1.0
0,1,0.0,9,20,0,94.78455782301862,94.78455782301862,0.0,603,1.0
0,1,0.0,3,50,0,6.409216483122147,6.409216483122147,0.0,603,1.0
0,1,0.0,6,50,0,30.824473183233767,30.824473183233767,0.0,603,1.0
0,1,0.0,9,50,0,194.5426201590222,194.5426201590222,0.0,603,1.0
0,1,0.0,0,5,1,1.989614767385306,3.82071886883252,0.652497554703988,603,1.0
0,1,0.0,21,5,1,9.177884276307203,3.418151953575668,-0.9876966665059096,603,1.0
0,1,0.0,24,5,1,4.142132303139282,2.437346209891276,-0.530300875790981,603,1.0
0,1,0.0,27,5,1,22.02383645493709,3.081904429437903,-1.9665776148973375,603,1.0
0,1,0.0,0,20,1,8.591267986793932,23.329996297443525,0.998993590260375,603,1.0
0,1,0.0,21,20,1,143.89454596036126,23.225999654125008,-1.8238083856473668,603,1.0
0,1,0.0,24,20,1,42.37944181600268,5.336914038229922,-2.0720157913601955,603,1.0
0,1,0.0,27,20,1,300.52194088167687,13.228025432571728,-3.123183048141747,603,1.0
0,1,0.0,0,50,1,8.35694813710532,19.694328311747167,0.857237386257433,603,1.0
0,1,0.0,21,50,1,373.2882526831867,50.22060311019868,-2.0059255535683835,603,1.0
0,1,0.0,24,50,1,81.58894957756277,3.048320188027115,-3.28710315008359,603,1.0
0,1,0.0,27,50,1,652.46042066267,24.4214395961908,-3.2852890609008827,603,1.0
0,1,0.0,12,5,2,1.9961796885581995,1.7606901419125756,-0.1255293398896715,603,1.0
0,1,0.0,15,5,2,3.888231575822824,2.441541397862917,-0.4653248862179193,603,1.0
0,1,0.0,18,5,2,12.712743636664444,7.474728393935204,-0.5310771429599389,603,1.0
0,1,0.0,12,20,2,7.406550908682363,2.8390233114791217,-0.9589047779147996,603,1.0
0,1,0.0,15,20,2,40.29148582597112,7.935038168733956,-1.6248520126637889,603,1.0
0,1,0.0,18,20,2,102.01370700273388,48.30180352306129,-0.7476382866521333,603,1.0
0,1,0.0,12,50,2,28.7269973442841,10.968655339168764,-0.9627956640442936,603,1.0
0,1,0.0,15,50,2,76.60992106842197,34.88228572900021,-0.7867474581093092,603,1.0
0,1,0.0,18,50,2,421.0880555434976,129.9783268244805,-1.1754742500504107,603,1.0
0,1,0.1,3,5,0,2.341894080799926,2.341894080799926,0.0,603,1.0
0,1,0.1,6,5,0,3.181764605866686,3.181764605866686,0.0,603,1.0
0,1,0.1,9,5,0,7.409127016372954,7.409127016372954,0.0,603,1.0
0,1,0.1,3,20,0,6.003236209986313,6.003236209986313,0.0,603,1.0
0,1,0.1,6,20,0,23.29431362583931,23.29431362583931,0.0,603,1.0
0,1,0.1,9,20,0,94.78455782301862,94.78455782301862,0.0,603,1.0
0,1,0.1,3,50,0,6.409216483122147,6.409216483122147,0.0,603,1.0
0,1,0.1,6,50,0,30.824473183233767,30.824473183233767,0.0,603,1.0
0,1,0.1,9,50,0,194.5426201590222,194.5426201590222,0.0,603,1.0
0,1,0.1,0,5,1,1.989614767385306,3.82071886883252,0.652497554703988,603,1.0
0,1,0.1,21,5,1,9.177884276307203,3.418151953575668,-0.9876966665059096,603,1.0
0,1,0.1,24,5,1,4.142132303139282,2.437346209891276,-0.530300875790981,603,1.0
0,1,0.1,27,5,1,22.02383645493709,3.081904429437903,-1.9665776148973375,603,1.0
0,1,0.1,0,20,1,8.591267986793932,23.329996297443525,0.998993590260375,603,1.0
0,1,0.1,21,20,1,143.89454596036126,23.225999654125008,-1.8238083856473668,603,1.0
0,1,0.1,24,20,1,42.37944181600268,5.336914038229922,-2.0720157913601955,603,1.0
0,1,0.1,27,20,1,300.52194088167687,13.228025432571728,-3.123183048141747,603,1.0
0,1,0.1,0,50,1,8.35694813710532,19.694328311747167,0.857237386257433,603,1.0
0,1,0.1,21,50,1,373.2882526831867,50.22060311019868,-2.0059255535683835,603,1.0
0,1,0.1,24,50,1,81.58894957756277,3.048320188027115,-3.28710315008359,603,1.0
0,1,0.1,27,50,1,652.46042066267,24.4214395961908,-3.2852890609008827,603,1.0
0,1,0.1,12,5,2,1.9961796885581995,1.7606901419125756,-0.1255293398896715,603,1.0
0,1,0.1,15,5,2,3.888231575822824,2.441541397862917,-0.4653248862179193,603,1.0
0,1,0.1,18,5,2,12.712743636664444,7.474728393935204,-0.5310771429599389,603,1.0
0,1,0.1,12,20,2,7.406550908682363,2.8390233114791217,-0.9589047779147996,603,1.0
0,1,0.1,15,20,2,40.29148582597112,7.935038168733956,-1.6248520126637889,603,1.0
0,1,0.1,18,20,2,102.01370700273388,48.30180352306129,-0.7476382866521333,603,1.0
0,1,0.1,12,50,2,28.7269973442841,10.968655339168764,-0.9627956640442936,603,1.0
0,1,0.1,15,50,2,76.60992106842197,34.88228572900021,-0.7867474581093092,603,1.0
0,1,0.1,18,50,2,421.0880555434976,129.9783268244805,-1.1754742500504107,603,1.0
0,1,0.25,3,5,0,2.341894080799926,2.341894080799926,0.0,603,1.0
0,1,0.25,6,5,0,3.181764605866686,3.181764605866686,0.0,603,1.0
0,1,0.25,9,5,0,7.409127016372954,7.409127016372954,0.0,603,1.0
0,1,0.25,3,20,0,6.003236209986313,6.003236209986313,0.0,603,1.0
0,1,0.25,6,20,0,23.29431362583931,23.29431362583931,0.0,603,1.0
0,1,0.25,9,20,0,94.78455782301862,94.78455782301862,0.0,603,1.0
0,1,0.25,3,50,0,6.409216483122147,6.409216483122147,0.0,603,1.0
0,1,0.25,6,50,0,30.824473183233767,30.824473183233767,0.0,603,1.0
0,1,0.25,9,50,0,194.5426201590222,194.5426201590222,0.0,603,1.0
0,1,0.25,0,5,1,1.989614767385306,3.82071886883252,0.652497554703988,603,1.0
0,1,0.25,21,5,1,9.177884276307203,3.418151953575668,-0.9876966665059096,603,1.0
0,1,0.25,24,5,1,4.142132303139282,2.437346209891276,-0.530300875790981,603,1.0
0,1,0.25,27,5,1,22.02383645493709,3.081904429437903,-1.9665776148973375,603,1.0
0,1,0.25,0,20,1,8.591267986793932,23.329996297443525,0.998993590260375,603,1.0
0,1,0.25,21,20,1,143.89454596036126,23.225999654125008,-1.8238083856473668,603,1.0
0,1,0.25,24,20,1,42.37944181600268,5.336914038229922,-2.0720157913601955,603,1.0
0,1,0.25,27,20,1,300.52194088167687,13.228025432571728,-3.123183048141747,603,1.0
0,1,0.25,0,50,1,8.35694813710532,19.694328311747167,0.857237386257433,603,1.0
0,1,0.25,21,50,1,373.2882526831867,50.22060311019868,-2.0059255535683835,603,1.0
0,1,0.25,24,50,1,81.58894957756277,3.048320188027115,-3.28710315008359,603,1.0
0,1,0.25,27,50,1,652.46042066267,24.4214395961908,-3.2852890609008827,603,1.0
0,1,0.25,12,5,2,1.9961796885581995,1.7606901419125756,-0.1255293398896715,603,1.0
0,1,0.25,15,5,2,3.888231575822824,2.441541397862917,-0.4653248862179193,603,1.0
0,1,0.25,18,5,2,12.712743636664444,7.474728393935204,-0.5310771429599389,603,1.0
0,1,0.25,12,20,2,7.406550908682363,2.8390233114791217,-0.9589047779147996,603,1.0
0,1,0.25,15,20,2,40.29148582597112,7.935038168733956,-1.6248520126637889,603,1.0
0,1,0.25,18,20,2,102.01370700273388,48.30180352306129,-0.7476382866521333,603,1.0
0,1,0.25,12,50,2,28.7269973442841,10.968655339168764,-0.9627956640442936,603,1.0
0,1,0.25,15,50,2,76.60992106842197,34.88228572900021,-0.7867474581093092,603,1.0
0,1,0.25,18,50,2,421.0880555434976,129.9783268244805,-1.1754742500504107,603,1.0
0,2,0.0,3,5,0,2.341894080799926,2.341894080799926,0.0,603,1.0
0,2,0.0,6,5,0,3.181764605866686,3.181764605866686,0.0,603,1.0
0,2,0.0,27,5,0,22.02383645493709,22.02383645493709,0.0,603,1.0
0,2,0.0,3,20,0,6.003236209986313,6.003236209986313,0.0,603,1.0
0,2,0.0,6,20,0,23.29431362583931,23.29431362583931,0.0,603,1.0
0,2,0.0,27,20,0,300.52194088167687,300.52194088167687,0.0,603,1.0
0,2,0.0,3,50,0,6.409216483122147,6.409216483122147,0.0,603,1.0
0,2,0.0,6,50,0,30.824473183233767,30.824473183233767,0.0,603,1.0
0,2,0.0,27,50,0,652.46042066267,652.46042066267,0.0,603,1.0
0,2,0.0,0,5,1,1.989614767385306,2.917941378168354,0.3829373244008955,603,1.0
0,2,0.0,9,5,1,7.409127016372954,18.24133468055998,0.900977534433404,603,1.0
0,2,0.0,21,5,1,9.177884276307203,2.5293695285111584,-1.288826633611918,603,1.0
0,2,0.0,24,5,1,4.142132303139282,2.1243746956724,-0.6677332060993261,603,1.0
0,2,0.0,0,20,1,8.591267986793932,21.860703512883436,0.9339443278183192,603,1.0
0,2,0.0,9,20,1,94.78455782301862,222.33407410372465,0.852574585212468,603,1.0
0,2,0.0,21,20,1,143.89454596036126,13.151366074060489,-2.392555074392036,603,1.0
0,2,0.0,24,20,1,42.37944181600268,4.097661856800693,-2.336246849613452,603,1.0
0,2,0.0,0,50,1,8.35694813710532,16.810837511233437,0.6989304633049986,603,1.0
0,2,0.0,9,50,1,194.5426201590222,326.7316221720845,0.5184878407783752,603,1.0
0,2,0.0,21,50,1,373.2882526831867,40.76726524914486,-2.21447147953607,603,1.0
0,2,0.0,24,50,1,81.58894957756277,2.827676523700093,-3.3622384728798664,603,1.0
0,2,0.0,12,5,2,1.9961796885581995,1.7014791963442053,-0.1597372099373626,603,1.0
0,2,0.0,15,5,2,3.888231575822824,6.086775893024322,0.4481640850151276,603,1.0
0,2,0.0,18,5,2,12.712743636664444,2.125760445332416,-1.788475331329055,603,1.0
0,2,0.0,12,20,2,7.406550908682363,2.049483589321987,-1.2847770127620273,603,1.0
0,2,0.0,15,20,2,40.29148582597112,60.2481770679298,0.402332138974089,603,1.0
0,2,0.0,18,20,2,102.01370700273388,8.96902278019429,-2.4313304596216927,603,1.0
0,2,0.0,12,50,2,28.7269973442841,4.715018682558245,-1.8070844761817888,603,1.0
0,2,0.0,15,50,2,76.60992106842197,255.5425754196353,1.2046624452305157,603,1.0
0,2,0.0,18,50,2,421.0880555434976,72.26860077644216,-1.7624522258215496,603,1.0
0,2,0.1,3,5,0,2.341894080799926,2.341894080799926,0.0,603,1.0
0,2,0.1,6,5,0,3.181764605866686,3.181764605866686,0.0,603,1.0
0,2,0.1,27,5,0,22.02383645493709,22.02383645493709,0.0,603,1.0
0,2,0.1,3,20,0,6.003236209986313,6.003236209986313,0.0,603,1.0
0,2,0.1,6,20,0,23.29431362583931,23.29431362583931,0.0,603,1.0
0,2,0.1,27,20,0,300.52194088167687,300.52194088167687,0.0,603,1.0
0,2,0.1,3,50,0,6.409216483122147,6.409216483122147,0.0,603,1.0
0,2,0.1,6,50,0,30.824473183233767,30.824473183233767,0.0,603,1.0
0,2,0.1,27,50,0,652.46042066267,652.46042066267,0.0,603,1.0
0,2,0.1,0,5,1,1.989614767385306,2.917941378168354,0.3829373244008955,603,1.0
0,2,0.1,9,5,1,7.409127016372954,18.24133468055998,0.900977534433404,603,1.0
0,2,0.1,21,5,1,9.177884276307203,2.5293695285111584,-1.288826633611918,603,1.0
0,2,0.1,24,5,1,4.142132303139282,2.1243746956724,-0.6677332060993261,603,1.0
0,2,0.1,0,20,1,8.591267986793932,21.860703512883436,0.9339443278183192,603,1.0
0,2,0.1,9,20,1,94.78455782301862,222.33407410372465,0.852574585212468,603,1.0
0,2,0.1,21,20,1,143.89454596036126,13.151366074060489,-2.392555074392036,603,1.0
0,2,0.1,24,20,1,42.37944181600268,4.097661856800693,-2.336246849613452,603,1.0
0,2,0.1,0,50,1,8.35694813710532,16.810837511233437,0.6989304633049986,603,1.0
0,2,0.1,9,50,1,194.5426201590222,326.7316221720845,0.5184878407783752,603,1.0
0,2,0.1,21,50,1,373.2882526831867,40.76726524914486,-2.21447147953607,603,1.0
0,2,0.1,24,50,1,81.58894957756277,2.827676523700093,-3.3622384728798664,603,1.0
0,2,0.1,12,5,2,1.9961796885581995,1.7014791963442053,-0.1597372099373626,603,1.0
0,2,0.1,15,5,2,3.888231575822824,6.086775893024322,0.4481640850151276,603,1.0
0,2,0.1,18,5,2,12.712743636664444,2.125760445332416,-1.788475331329055,603,1.0
0,2,0.1,12,20,2,7.406550908682363,2.049483589321987,-1.2847770127620273,603,1.0
0,2,0.1,15,20,2,40.29148582597112,60.2481770679298,0.402332138974089,603,1.0
0,2,0.1,18,20,2,102.01370700273388,8.96902278019429,-2.4313304596216927,603,1.0
0,2,0.1,12,50,2,28.7269973442841,4.715018682558245,-1.8070844761817888,603,1.0
0,2,0.1,15,50,2,76.60992106842197,255.5425754196353,1.2046624452305157,603,1.0
0,2,0.1,18,50,2,421.0880555434976,72.26860077644216,-1.7624522258215496,603,1.0
0,2,0.25,3,5,0,2.341894080799926,2.341894080799926,0.0,603,1.0
0,2,0.25,6,5,0,3.181764605866686,3.181764605866686,0.0,603,1.0
0,2,0.25,9,5,0,7.409127016372954,7.409127016372954,0.0,603,1.0
0,2,0.25,27,5,0,22.02383645493709,22.02383645493709,0.0,603,1.0
0,2,0.25,3,20,0,6.003236209986313,6.003236209986313,0.0,603,1.0
0,2,0.25,6,20,0,23.29431362583931,23.29431362583931,0.0,603,1.0
0,2,0.25,9,20,0,94.78455782301862,94.78455782301862,0.0,603,1.0
0,2,0.25,27,20,0,300.52194088167687,300.52194088167687,0.0,603,1.0
0,2,0.25,3,50,0,6.409216483122147,6.409216483122147,0.0,603,1.0
0,2,0.25,6,50,0,30.824473183233767,30.824473183233767,0.0,603,1.0
0,2,0.25,9,50,0,194.5426201590222,194.5426201590222,0.0,603,1.0
0,2,0.25,27,50,0,652.46042066267,652.46042066267,0.0,603,1.0
0,2,0.25,0,5,1,1.989614767385306,2.917941378168354,0.3829373244008955,603,1.0
0,2,0.25,21,5,1,9.177884276307203,2.5293695285111584,-1.288826633611918,603,1.0
0,2,0.25,24,5,1,4.142132303139282,2.1243746956724,-0.6677332060993261,603,1.0
0,2,0.25,0,20,1,8.591267986793932,21.860703512883436,0.9339443278183192,603,1.0
0,2,0.25,21,20,1,143.89454596036126,13.151366074060489,-2.392555074392036,603,1.0
0,2,0.25,24,20,1,42.37944181600268,4.097661856800693,-2.336246849613452,603,1.0
0,2,0.25,0,50,1,8.35694813710532,16.810837511233437,0.6989304633049986,603,1.0
0,2,0.25,21,50,1,373.2882526831867,40.76726524914486,-2.21447147953607,603,1.0
0,2,0.25,24,50,1,81.58894957756277,2.827676523700093,-3.3622384728798664,603,1.0
0,2,0.25,12,5,2,1.9961796885581995,1.7014791963442053,-0.1597372099373626,603,1.0
0,2,0.25,15,5,2,3.888231575822824,6.086775893024322,0.4481640850151276,603,1.0
0,2,0.25,18,5,2,12.712743636664444,2.125760445332416,-1.788475331329055,603,1.0
0,2,0.25,12,20,2,7.406550908682363,2.049483589321987,-1.2847770127620273,603,1.0
0,2,0.25,15,20,2,40.29148582597112,60.2481770679298,0.402332138974089,603,1.0
0,2,0.25,18,20,2,102.01370700273388,8.96902278019429,-2.4313304596216927,603,1.0
0,2,0.25,12,50,2,28.7269973442841,4.715018682558245,-1.8070844761817888,603,1.0
0,2,0.25,15,50,2,76.60992106842197,255.5425754196353,1.2046624452305157,603,1.0
0,2,0.25,18,50,2,421.0880555434976,72.26860077644216,-1.7624522258215496,603,1.0
0,3,0.0,3,5,0,2.341894080799926,2.341894080799926,0.0,603,1.0
0,3,0.0,6,5,0,3.181764605866686,3.181764605866686,0.0,603,1.0
0,3,0.0,27,5,0,22.02383645493709,22.02383645493709,0.0,603,1.0
0,3,0.0,3,20,0,6.003236209986313,6.003236209986313,0.0,603,1.0
0,3,0.0,6,20,0,23.29431362583931,23.29431362583931,0.0,603,1.0
0,3,0.0,27,20,0,300.52194088167687,300.52194088167687,0.0,603,1.0
0,3,0.0,3,50,0,6.409216483122147,6.409216483122147,0.0,603,1.0
0,3,0.0,6,50,0,30.824473183233767,30.824473183233767,0.0,603,1.0
0,3,0.0,27,50,0,652.46042066267,652.46042066267,0.0,603,1.0
0,3,0.0,0,5,1,1.989614767385306,2.9179415612608026,0.3829373871480242,603,1.0
0,3,0.0,9,5,1,7.409127016372954,18.241336177157383,0.9009776164776934,603,1.0
0,3,0.0,21,5,1,9.177884276307203,2.5293696889715966,-1.288826570173013,603,1.0
0,3,0.0,24,5,1,4.142132303139282,2.1243744942612253,-0.6677333009089588,603,1.0
0,3,0.0,0,20,1,8.591267986793932,21.860707052312502,0.9339444897265936,603,1.0
0,3,0.0,9,20,1,94.78455782301862,222.3340979784268,0.8525746925945726,603,1.0
0,3,0.0,21,20,1,143.89454596036126,13.151370402867451,-2.3925547452394422,603,1.0
0,3,0.0,24,20,1,42.37944181600268,4.097661529702277,-2.336246929439079,603,1.0
0,3,0.0,0,50,1,8.35694813710532,16.810840458666856,0.6989306386343456,603,1.0
0,3,0.0,9,50,1,194.5426201590222,326.7316663028795,0.5184879758457791,603,1.0
0,3,0.0,21,50,1,373.2882526831867,40.76728155638932,-2.2144710795278506,603,1.0
0,3,0.0,24,50,1,81.58894957756277,2.82767621213603,-3.362238583063644,603,1.0
0,3,0.0,12,5,2,1.9961796885581995,1.7014791645778378,-0.1597372286072163,603,1.0
0,3,0.0,15,5,2,3.888231575822824,6.086774856261705,0.4481639146847716,603,1.0
0,3,0.0,18,5,2,12.712743636664444,2.125760491528814,-1.7884753095973502,603,1.0
0,3,0.0,12,20,2,7.406550908682363,2.049483349435734,-1.2847771298092037,603,1.0
0,3,0.0,15,20,2,40.29148582597112,60.24815710940036,0.4023318077021117,603,1.0
0,3,0.0,18,20,2,102.01370700273388,8.969018691971254,-2.4313309154376794,603,1.0
0,3,0.0,12,50,2,28.7269973442841,4.71501773954502,-1.8070846761838213,603,1.0
0,3,0.0,15,50,2,76.60992106842197,255.5424673198417,1.2046620222097475,603,1.0
0,3,0.0,18,50,2,421.0880555434976,72.26857006539228,-1.762452650778669,603,1.0
0,3,0.1,3,5,0,2.341894080799926,2.341894080799926,0.0,603,1.0
0,3,0.1,6,5,0,3.181764605866686,3.181764605866686,0.0,603,1.0
0,3,0.1,27,5,0,22.02383645493709,22.02383645493709,0.0,603,1.0
0,3,0.1,3,20,0,6.003236209986313,6.003236209986313,0.0,603,1.0
0,3,0.1,6,20,0,23.29431362583931,23.29431362583931,0.0,603,1.0
0,3,0.1,27,20,0,300.52194088167687,300.52194088167687,0.0,603,1.0
0,3,0.1,3,50,0,6.409216483122147,6.409216483122147,0.0,603,1.0
0,3,0.1,6,50,0,30.824473183233767,30.824473183233767,0.0,603,1.0
0,3,0.1,27,50,0,652.46042066267,652.46042066267,0.0,603,1.0
0,3,0.1,0,5,1,1.989614767385306,2.9179415612608026,0.3829373871480242,603,1.0
0,3,0.1,9,5,1,7.409127016372954,18.241336177157383,0.9009776164776934,603,1.0
0,3,0.1,21,5,1,9.177884276307203,2.5293696889715966,-1.288826570173013,603,1.0
0,3,0.1,24,5,1,4.142132303139282,2.1243744942612253,-0.6677333009089588,603,1.0
0,3,0.1,0,20,1,8.591267986793932,21.860707052312502,0.9339444897265936,603,1.0
0,3,0.1,9,20,1,94.78455782301862,222.3340979784268,0.8525746925945726,603,1.0
0,3,0.1,21,20,1,143.89454596036126,13.151370402867451,-2.3925547452394422,603,1.0
0,3,0.1,24,20,1,42.37944181600268,4.097661529702277,-2.336246929439079,603,1.0
0,3,0.1,0,50,1,8.35694813710532,16.810840458666856,0.6989306386343456,603,1.0
0,3,0.1,9,50,1,194.5426201590222,326.7316663028795,0.5184879758457791,603,1.0
0,3,0.1,21,50,1,373.2882526831867,40.76728155638932,-2.2144710795278506,603,1.0
0,3,0.1,24,50,1,81.58894957756277,2.82767621213603,-3.362238583063644,603,1.0
0,3,0.1,12,5,2,1.9961796885581995,1.7014791645778378,-0.1597372286072163,603,1.0
0,3,0.1,15,5,2,3.888231575822824,6.086774856261705,0.4481639146847716,603,1.0
0,3,0.1,18,5,2,12.712743636664444,2.125760491528814,-1.7884753095973502,603,1.0
0,3,0.1,12,20,2,7.406550908682363,2.049483349435734,-1.2847771298092037,603,1.0
0,3,0.1,15,20,2,40.29148582597112,60.24815710940036,0.4023318077021117,603,1.0
0,3,0.1,18,20,2,102.01370700273388,8.969018691971254,-2.4313309154376794,603,1.0
0,3,0.1,12,50,2,28.7269973442841,4.71501773954502,-1.8070846761838213,603,1.0
0,3,0.1,15,50,2,76.60992106842197,255.5424673198417,1.2046620222097475,603,1.0
0,3,0.1,18,50,2,421.0880555434976,72.26857006539228,-1.762452650778669,603,1.0
0,3,0.25,3,5,0,2.341894080799926,2.341894080799926,0.0,603,1.0
0,3,0.25,6,5,0,3.181764605866686,3.181764605866686,0.0,603,1.0
0,3,0.25,9,5,0,7.409127016372954,7.409127016372954,0.0,603,1.0
0,3,0.25,27,5,0,22.02383645493709,22.02383645493709,0.0,603,1.0
0,3,0.25,3,20,0,6.003236209986313,6.003236209986313,0.0,603,1.0
0,3,0.25,6,20,0,23.29431362583931,23.29431362583931,0.0,603,1.0
0,3,0.25,9,20,0,94.78455782301862,94.78455782301862,0.0,603,1.0
0,3,0.25,27,20,0,300.52194088167687,300.52194088167687,0.0,603,1.0
0,3,0.25,3,50,0,6.409216483122147,6.409216483122147,0.0,603,1.0
0,3,0.25,6,50,0,30.824473183233767,30.824473183233767,0.0,603,1.0
0,3,0.25,9,50,0,194.5426201590222,194.5426201590222,0.0,603,1.0
0,3,0.25,27,50,0,652.46042066267,652.46042066267,0.0,603,1.0
0,3,0.25,0,5,1,1.989614767385306,2.9179415612608026,0.3829373871480242,603,1.0
0,3,0.25,21,5,1,9.177884276307203,2.5293696889715966,-1.288826570173013,603,1.0
0,3,0.25,24,5,1,4.142132303139282,2.1243744942612253,-0.6677333009089588,603,1.0
0,3,0.25,0,20,1,8.591267986793932,21.860707052312502,0.9339444897265936,603,1.0
0,3,0.25,21,20,1,143.89454596036126,13.151370402867451,-2.3925547452394422,603,1.0
0,3,0.25,24,20,1,42.37944181600268,4.097661529702277,-2.336246929439079,603,1.0
0,3,0.25,0,50,1,8.35694813710532,16.810840458666856,0.6989306386343456,603,1.0
0,3,0.25,21,50,1,373.2882526831867,40.76728155638932,-2.2144710795278506,603,1.0
0,3,0.25,24,50,1,81.58894957756277,2.82767621213603,-3.362238583063644,603,1.0
0,3,0.25,12,5,2,1.9961796885581995,1.7014791645778378,-0.1597372286072163,603,1.0
0,3,0.25,15,5,2,3.888231575822824,6.086774856261705,0.4481639146847716,603,1.0
0,3,0.25,18,5,2,12.712743636664444,2.125760491528814,-1.7884753095973502,603,1.0
0,3,0.25,12,20,2,7.406550908682363,2.049483349435734,-1.2847771298092037,603,1.0
0,3,0.25,15,20,2,40.29148582597112,60.24815710940036,0.4023318077021117,603,1.0
0,3,0.25,18,20,2,102.01370700273388,8.969018691971254,-2.4313309154376794,603,1.0
0,3,0.25,12,50,2,28.7269973442841,4.71501773954502,-1.8070846761838213,603,1.0
0,3,0.25,15,50,2,76.60992106842197,255.5424673198417,1.2046620222097475,603,1.0
0,3,0.25,18,50,2,421.0880555434976,72.26857006539228,-1.762452650778669,603,1.0
0,4,0.0,3,5,0,2.341894080799926,2.341894080799926,0.0,603,1.0
0,4,0.0,6,5,0,3.181764605866686,3.181764605866686,0.0,603,1.0
0,4,0.0,27,5,0,22.02383645493709,22.02383645493709,0.0,603,1.0
0,4,0.0,3,20,0,6.003236209986313,6.003236209986313,0.0,603,1.0
0,4,0.0,6,20,0,23.29431362583931,23.29431362583931,0.0,603,1.0
0,4,0.0,27,20,0,300.52194088167687,300.52194088167687,0.0,603,1.0
0,4,0.0,3,50,0,6.409216483122147,6.409216483122147,0.0,603,1.0
0,4,0.0,6,50,0,30.824473183233767,30.824473183233767,0.0,603,1.0
0,4,0.0,27,50,0,652.46042066267,652.46042066267,0.0,603,1.0
0,4,0.0,0,5,1,1.989614767385306,2.917941561850069,0.3829373873499703,603,1.0
0,4,0.0,9,5,1,7.409127016372954,18.24133384992926,0.90097748889777,603,1.0
0,4,0.0,21,5,1,9.177884276307203,2.529368558937436,-1.288827016938236,603,1.0
0,4,0.0,24,5,1,4.142132303139282,2.124374466964573,-0.6677333137582243,603,1.0
0,4,0.0,0,20,1,8.591267986793932,21.86070291378078,0.9339443004128584,603,1.0
0,4,0.0,9,20,1,94.78455782301862,222.3340590288918,0.8525745174098451,603,1.0
0,4,0.0,21,20,1,143.89454596036126,13.151362896510255,-2.3925553160057658,603,1.0
0,4,0.0,24,20,1,42.37944181600268,4.097660173045435,-2.3362472605198814,603,1.0
0,4,0.0,0,50,1,8.35694813710532,16.81083902009042,0.6989305530600102,603,1.0
0,4,0.0,9,50,1,194.5426201590222,326.73156099801537,0.5184876535480286,603,1.0
0,4,0.0,21,50,1,373.2882526831867,40.76724926818633,-2.2144718715408214,603,1.0
0,4,0.0,24,50,1,81.58894957756277,2.8276759354286005,-3.362238680920478,603,1.0
0,4,0.0,12,5,2,1.9961796885581995,1.701479143593854,-0.1597372409400055,603,1.0
0,4,0.0,15,5,2,3.888231575822824,6.086768312509318,0.4481628396070729,603,1.0
0,4,0.0,18,5,2,12.712743636664444,2.125761381962999,-1.7884748907194936,603,1.0
0,4,0.0,12,20,2,7.406550908682363,2.049483339880332,-1.2847771344715504,603,1.0
0,4,0.0,15,20,2,40.29148582597112,60.24804808724041,0.4023299981486943,603,1.0
0,4,0.0,18,20,2,102.01370700273388,8.969004074797482,-2.431332545179593,603,1.0
0,4,0.0,12,50,2,28.7269973442841,4.715016710544603,-1.807084894422773,603,1.0
0,4,0.0,15,50,2,76.60992106842197,255.54198141763865,1.2046601207541103,603,1.0
0,4,0.0,18,50,2,421.0880555434976,72.26841949892774,-1.7624547342102526,603,1.0
0,4,0.1,3,5,0,2.341894080799926,2.341894080799926,0.0,603,1.0
0,4,0.1,6,5,0,3.181764605866686,3.181764605866686,0.0,603,1.0
0,4,0.1,27,5,0,22.02383645493709,22.02383645493709,0.0,603,1.0
0,4,0.1,3,20,0,6.003236209986313,6.003236209986313,0.0,603,1.0
0,4,0.1,6,20,0,23.29431362583931,23.29431362583931,0.0,603,1.0
0,4,0.1,27,20,0,300.52194088167687,300.52194088167687,0.0,603,1.0
0,4,0.1,3,50,0,6.409216483122147,6.409216483122147,0.0,603,1.0
0,4,0.1,6,50,0,30.824473183233767,30.824473183233767,0.0,603,1.0
0,4,0.1,27,50,0,652.46042066267,652.46042066267,0.0,603,1.0
0,4,0.1,0,5,1,1.989614767385306,2.917941561850069,0.3829373873499703,603,1.0
0,4,0.1,9,5,1,7.409127016372954,18.24133384992926,0.90097748889777,603,1.0
0,4,0.1,21,5,1,9.177884276307203,2.529368558937436,-1.288827016938236,603,1.0
0,4,0.1,24,5,1,4.142132303139282,2.124374466964573,-0.6677333137582243,603,1.0
0,4,0.1,0,20,1,8.591267986793932,21.86070291378078,0.9339443004128584,603,1.0
0,4,0.1,9,20,1,94.78455782301862,222.3340590288918,0.8525745174098451,603,1.0
0,4,0.1,21,20,1,143.89454596036126,13.151362896510255,-2.3925553160057658,603,1.0
0,4,0.1,24,20,1,42.37944181600268,4.097660173045435,-2.3362472605198814,603,1.0
0,4,0.1,0,50,1,8.35694813710532,16.81083902009042,0.6989305530600102,603,1.0
0,4,0.1,9,50,1,194.5426201590222,326.73156099801537,0.5184876535480286,603,1.0
0,4,0.1,21,50,1,373.2882526831867,40.76724926818633,-2.2144718715408214,603,1.0
0,4,0.1,24,50,1,81.58894957756277,2.8276759354286005,-3.362238680920478,603,1.0
0,4,0.1,12,5,2,1.9961796885581995,1.701479143593854,-0.1597372409400055,603,1.0
0,4,0.1,15,5,2,3.888231575822824,6.086768312509318,0.4481628396070729,603,1.0
0,4,0.1,18,5,2,12.712743636664444,2.125761381962999,-1.7884748907194936,603,1.0
0,4,0.1,12,20,2,7.406550908682363,2.049483339880332,-1.2847771344715504,603,1.0
0,4,0.1,15,20,2,40.29148582597112,60.24804808724041,0.4023299981486943,603,1.0
0,4,0.1,18,20,2,102.01370700273388,8.969004074797482,-2.431332545179593,603,1.0
0,4,0.1,12,50,2,28.7269973442841,4.715016710544603,-1.807084894422773,603,1.0
0,4,0.1,15,50,2,76.60992106842197,255.54198141763865,1.2046601207541103,603,1.0
0,4,0.1,18,50,2,421.0880555434976,72.26841949892774,-1.7624547342102526,603,1.0
0,4,0.25,3,5,0,2.341894080799926,2.341894080799926,0.0,603,1.0
0,4,0.25,6,5,0,3.181764605866686,3.181764605866686,0.0,603,1.0
0,4,0.25,9,5,0,7.409127016372954,7.409127016372954,0.0,603,1.0
0,4,0.25,27,5,0,22.02383645493709,22.02383645493709,0.0,603,1.0
0,4,0.25,3,20,0,6.003236209986313,6.003236209986313,0.0,603,1.0
0,4,0.25,6,20,0,23.29431362583931,23.29431362583931,0.0,603,1.0
0,4,0.25,9,20,0,94.78455782301862,94.78455782301862,0.0,603,1.0
0,4,0.25,27,20,0,300.52194088167687,300.52194088167687,0.0,603,1.0
0,4,0.25,3,50,0,6.409216483122147,6.409216483122147,0.0,603,1.0
0,4,0.25,6,50,0,30.824473183233767,30.824473183233767,0.0,603,1.0
0,4,0.25,9,50,0,194.5426201590222,194.5426201590222,0.0,603,1.0
0,4,0.25,27,50,0,652.46042066267,652.46042066267,0.0,603,1.0
0,4,0.25,0,5,1,1.989614767385306,2.917941561850069,0.3829373873499703,603,1.0
0,4,0.25,21,5,1,9.177884276307203,2.529368558937436,-1.288827016938236,603,1.0
0,4,0.25,24,5,1,4.142132303139282,2.124374466964573,-0.6677333137582243,603,1.0
0,4,0.25,0,20,1,8.591267986793932,21.86070291378078,0.9339443004128584,603,1.0
0,4,0.25,21,20,1,143.89454596036126,13.151362896510255,-2.3925553160057658,603,1.0
0,4,0.25,24,20,1,42.37944181600268,4.097660173045435,-2.3362472605198814,603,1.0
0,4,0.25,0,50,1,8.35694813710532,16.81083902009042,0.6989305530600102,603,1.0
0,4,0.25,21,50,1,373.2882526831867,40.76724926818633,-2.2144718715408214,603,1.0
0,4,0.25,24,50,1,81.58894957756277,2.8276759354286005,-3.362238680920478,603,1.0
0,4,0.25,12,5,2,1.9961796885581995,1.701479143593854,-0.1597372409400055,603,1.0
0,4,0.25,15,5,2,3.888231575822824,6.086768312509318,0.4481628396070729,603,1.0
0,4,0.25,18,5,2,12.712743636664444,2.125761381962999,-1.7884748907194936,603,1.0
0,4,0.25,12,20,2,7.406550908682363,2.049483339880332,-1.2847771344715504,603,1.0
0,4,0.25,15,20,2,40.29148582597112,60.24804808724041,0.4023299981486943,603,1.0
0,4,0.25,18,20,2,102.01370700273388,8.969004074797482,-2.431332545179593,603,1.0
0,4,0.25,12,50,2,28.7269973442841,4.715016710544603,-1.807084894422773,603,1.0
0,4,0.25,15,50,2,76.60992106842197,255.54198141763865,1.2046601207541103,603,1.0
0,4,0.25,18,50,2,421.0880555434976,72.26841949892774,-1.7624547342102526,603,1.0
0,5,0.0,3,5,0,2.341894080799926,2.341894080799926,0.0,603,1.0
0,5,0.0,6,5,0,3.181764605866686,3.181764605866686,0.0,603,1.0
0,5,0.0,9,5,0,7.409127016372954,7.409127016372954,0.0,603,1.0
0,5,0.0,3,20,0,6.003236209986313,6.003236209986313,0.0,603,1.0
0,5,0.0,6,20,0,23.29431362583931,23.29431362583931,0.0,603,1.0
0,5,0.0,9,20,0,94.78455782301862,94.78455782301862,0.0,603,1.0
0,5,0.0,3,50,0,6.409216483122147,6.409216483122147,0.0,603,1.0
0,5,0.0,6,50,0,30.824473183233767,30.824473183233767,0.0,603,1.0
0,5,0.0,9,50,0,194.5426201590222,194.5426201590222,0.0,603,1.0
0,5,0.0,12,5,1,1.9961796885581995,1.760690281611173,-0.125529260546584,603,1.0
0,5,0.0,15,5,1,3.888231575822824,2.4415411236972044,-0.4653249985099852,603,1.0
0,5,0.0,18,5,1,12.712743636664444,7.4747294166314,-0.5310770061394323,603,1.0
0,5,0.0,12,20,1,7.406550908682363,2.8390250171034443,-0.9589041771364252,603,1.0
0,5,0.0,15,20,1,40.29148582597112,7.935033901229066,-1.6248525504691462,603,1.0
0,5,0.0,18,20,1,102.01370700273388,48.30177930086256,-0.7476387881283315,603,1.0
0,5,0.0,12,50,1,28.7269973442841,10.968659431959548,-0.9627952909092198,603,1.0
0,5,0.0,15,50,1,76.60992106842197,34.88223598574021,-0.7867488841424498,603,1.0
0,5,0.0,18,50,1,421.0880555434976,129.9783445980553,-1.1754741133078168,603,1.0
0,5,0.0,0,5,2,1.989614767385306,3.8207183933892814,0.6524974302658167,603,1.0
0,5,0.0,21,5,2,9.177884276307203,3.418151226930509,-0.98769687909015,603,1.0
0,5,0.0,24,5,2,4.142132303139282,2.437346038719848,-0.5303009460195901,603,1.0
0,5,0.0,27,5,2,22.02383645493709,3.081905806664657,-1.9665771680222064,603,1.0
0,5,0.0,0,20,2,8.591267986793932,23.329985306757127,0.9989931191634728,603,1.0
0,5,0.0,21,20,2,143.89454596036126,23.225999244772083,-1.8238084032721376,603,1.0
0,5,0.0,24,20,2,42.37944181600268,5.336910449581583,-2.0720164637805345,603,1.0
0,5,0.0,27,20,2,300.52194088167687,13.228031135334328,-3.123182617029681,603,1.0
0,5,0.0,0,50,2,8.35694813710532,19.694324273785742,0.8572371812257215,603,1.0
0,5,0.0,21,50,2,373.2882526831867,50.22058885739077,-2.0059258373724207,603,1.0
0,5,0.0,24,50,2,81.58894957756277,3.04831926107864,-3.2871034541686464,603,1.0
0,5,0.0,27,50,2,652.46042066267,24.421462159800303,-3.285288136975043,603,1.0
0,5,0.1,3,5,0,2.341894080799926,2.341894080799926,0.0,603,1.0
0,5,0.1,6,5,0,3.181764605866686,3.181764605866686,0.0,603,1.0
0,5,0.1,9,5,0,7.409127016372954,7.409127016372954,0.0,603,1.0
0,5,0.1,3,20,0,6.003236209986313,6.003236209986313,0.0,603,1.0
0,5,0.1,6,20,0,23.29431362583931,23.29431362583931,0.0,603,1.0
0,5,0.1,9,20,0,94.78455782301862,94.78455782301862,0.0,603,1.0
0,5,0.1,3,50,0,6.409216483122147,6.409216483122147,0.0,603,1.0
0,5,0.1,6,50,0,30.824473183233767,30.824473183233767,0.0,603,1.0
0,5,0.1,9,50,0,194.5426201590222,194.5426201590222,0.0,603,1.0
0,5,0.1,12,5,1,1.9961796885581995,1.760690281611173,-0.125529260546584,603,1.0
0,5,0.1,15,5,1,3.888231575822824,2.4415411236972044,-0.4653249985099852,603,1.0
0,5,0.1,18,5,1,12.712743636664444,7.4747294166314,-0.5310770061394323,603,1.0
0,5,0.1,12,20,1,7.406550908682363,2.8390250171034443,-0.9589041771364252,603,1.0
0,5,0.1,15,20,1,40.29148582597112,7.935033901229066,-1.6248525504691462,603,1.0
0,5,0.1,18,20,1,102.01370700273388,48.30177930086256,-0.7476387881283315,603,1.0
0,5,0.1,12,50,1,28.7269973442841,10.968659431959548,-0.9627952909092198,603,1.0
0,5,0.1,15,50,1,76.60992106842197,34.88223598574021,-0.7867488841424498,603,1.0
0,5,0.1,18,50,1,421.0880555434976,129.9783445980553,-1.1754741133078168,603,1.0
0,5,0.1,0,5,2,1.989614767385306,3.8207183933892814,0.6524974302658167,603,1.0
0,5,0.1,21,5,2,9.177884276307203,3.418151226930509,-0.98769687909015,603,1.0
0,5,0.1,24,5,2,4.142132303139282,2.437346038719848,-0.5303009460195901,603,1.0
0,5,0.1,27,5,2,22.02383645493709,3.081905806664657,-1.9665771680222064,603,1.0
0,5,0.1,0,20,2,8.591267986793932,23.329985306757127,0.9989931191634728,603,1.0
0,5,0.1,21,20,2,143.89454596036126,23.225999244772083,-1.8238084032721376,603,1.0
0,5,0.1,24,20,2,42.37944181600268,5.336910449581583,-2.0720164637805345,603,1.0
0,5,0.1,27,20,2,300.52194088167687,13.228031135334328,-3.123182617029681,603,1.0
0,5,0.1,0,50,2,8.35694813710532,19.694324273785742,0.8572371812257215,603,1.0
0,5,0.1,21,50,2,373.2882526831867,50.22058885739077,-2.0059258373724207,603,1.0
0,5,0.1,24,50,2,81.58894957756277,3.04831926107864,-3.2871034541686464,603,1.0
0,5,0.1,27,50,2,652.46042066267,24.421462159800303,-3.285288136975043,603,1.0
0,5,0.25,3,5,0,2.341894080799926,2.341894080799926,0.0,603,1.0
0,5,0.25,6,5,0,3.181764605866686,3.181764605866686,0.0,603,1.0
0,5,0.25,9,5,0,7.409127016372954,7.409127016372954,0.0,603,1.0
0,5,0.25,3,20,0,6.003236209986313,6.003236209986313,0.0,603,1.0
0,5,0.25,6,20,0,23.29431362583931,23.29431362583931,0.0,603,1.0
0,5,0.25,9,20,0,94.78455782301862,94.78455782301862,0.0,603,1.0
0,5,0.25,3,50,0,6.409216483122147,6.409216483122147,0.0,603,1.0
0,5,0.25,6,50,0,30.824473183233767,30.824473183233767,0.0,603,1.0
0,5,0.25,9,50,0,194.5426201590222,194.5426201590222,0.0,603,1.0
0,5,0.25,12,5,1,1.9961796885581995,1.760690281611173,-0.125529260546584,603,1.0
0,5,0.25,15,5,1,3.888231575822824,2.4415411236972044,-0.4653249985099852,603,1.0
0,5,0.25,18,5,1,12.712743636664444,7.4747294166314,-0.5310770061394323,603,1.0
0,5,0.25,12,20,1,7.406550908682363,2.8390250171034443,-0.9589041771364252,603,1.0
0,5,0.25,15,20,1,40.29148582597112,7.935033901229066,-1.6248525504691462,603,1.0
0,5,0.25,18,20,1,102.01370700273388,48.30177930086256,-0.7476387881283315,603,1.0
0,5,0.25,12,50,1,28.7269973442841,10.968659431959548,-0.9627952909092198,603,1.0
0,5,0.25,15,50,1,76.60992106842197,34.88223598574021,-0.7867488841424498,603,1.0
0,5,0.25,18,50,1,421.0880555434976,129.9783445980553,-1.1754741133078168,603,1.0
0,5,0.25,0,5,2,1.989614767385306,3.8207183933892814,0.6524974302658167,603,1.0
0,5,0.25,21,5,2,9.177884276307203,3.418151226930509,-0.98769687909015,603,1.0
0,5,0.25,24,5,2,4.142132303139282,2.437346038719848,-0.5303009460195901,603,1.0
0,5,0.25,27,5,2,22.02383645493709,3.081905806664657,-1.9665771680222064,603,1.0
0,5,0.25,0,20,2,8.591267986793932,23.329985306757127,0.9989931191634728,603,1.0
0,5,0.25,21,20,2,143.89454596036126,23.225999244772083,-1.8238084032721376,603,1.0
0,5,0.25,24,20,2,42.37944181600268,5.336910449581583,-2.0720164637805345,603,1.0
0,5,0.25,27,20,2,300.52194088167687,13.228031135334328,-3.123182617029681,603,1.0
0,5,0.25,0,50,2,8.35694813710532,19.694324273785742,0.8572371812257215,603,1.0
0,5,0.25,21,50,2,373.2882526831867,50.22058885739077,-2.0059258373724207,603,1.0
0,5,0.25,24,50,2,81.58894957756277,3.04831926107864,-3.2871034541686464,603,1.0
0,5,0.25,27,50,2,652.46042066267,24.421462159800303,-3.285288136975043,603,1.0
1,0,0.0,4,5,0,3.0217313181717,3.0217313181717,0.0,603,1.0
1,0,0.0,7,5,0,6.860759971378213,6.860759971378213,0.0,603,1.0
1,0,0.0,13,5,0,4.009085257360808,4.009085257360808,0.0,603,1.0
1,0,0.0,16,5,0,5.68516636007441,5.68516636007441,0.0,603,1.0
1,0,0.0,28,5,0,3.880960439331512,3.880960439331512,0.0,603,1.0
1,0,0.0,4,20,0,27.10076710338017,27.10076710338017,0.0,603,1.0
1,0,0.0,7,20,0,67.98678538942536,67.98678538942536,0.0,603,1.0
1,0,0.0,13,20,0,61.37308465794421,61.37308465794421,0.0,603,1.0
1,0,0.0,16,20,0,82.11875396730217,82.11875396730217,0.0,603,1.0
1,0,0.0,28,20,0,28.623970737196,28.623970737196,0.0,603,1.0
1,0,0.0,4,50,0,20.882808169382574,20.882808169382574,0.0,603,1.0
1,0,0.0,7,50,0,84.30345891837337,84.30345891837337,0.0,603,1.0
1,0,0.0,13,50,0,148.86952202096842,148.86952202096842,0.0,603,1.0
1,0,0.0,16,50,0,247.3361893092853,247.3361893092853,0.0,603,1.0
1,0,0.0,28,50,0,17.906876393697132,17.906876393697132,0.0,603,1.0
1,0,0.0,1,5,1,3.700016541401499,2.927500192543272,-0.2341884080289605,603,1.0
1,0,0.0,10,5,1,11.516454092957488,7.181405022417604,-0.4722817539657739,603,1.0
1,0,0.0,19,5,1,20.37655231305322,11.496212553463318,-0.5723672054218228,603,1.0
1,0,0.0,25,5,1,9.277301818600844,7.25533194326858,-0.2458341132019052,603,1.0
1,0,0.0,1,20,1,32.57079405513286,23.625816900929795,-0.3210759483467684,603,1.0
1,0,0.0,10,20,1,177.66507112921005,27.92915409188084,-1.8502290621690216,603,1.0
1,0,0.0,19,20,1,228.4116414875119,134.56762430082358,-0.5290825906234379,603,1.0
1,0,0.0,25,20,1,113.19951299309484,75.61143003690938,-0.403544400856992,603,1.0
1,0,0.0,1,50,1,56.209099902814025,40.39481511845689,-0.3303772256919801,603,1.0
1,0,0.0,10,50,1,465.5484197059391,97.49800638742714,-1.563384177375574,603,1.0
1,0,0.0,19,50,1,287.4263483704557,296.282792095073,0.0303477291030795,603,1.0
1,0,0.0,25,50,1,189.3189798099675,152.61050613175937,-0.2155443523145715,603,1.0
1,0,0.0,22,5,2,27.00688431166298,11.07041188398616,-0.891815854756028,603,1.0
1,0,0.0,22,20,2,450.4031750199088,140.53011389161307,-1.1647213265786174,603,1.0
1,0,0.0,22,50,2,768.0324925312574,197.9174967839889,-1.3559817792871809,603,1.0
1,0,0.1,4,5,0,3.0217313181717,3.0217313181717,0.0,603,1.0
1,0,0.1,7,5,0,6.860759971378213,6.860759971378213,0.0,603,1.0
1,0,0.1,13,5,0,4.009085257360808,4.009085257360808,0.0,603,1.0
1,0,0.1,16,5,0,5.68516636007441,5.68516636007441,0.0,603,1.0
1,0,0.1,28,5,0,3.880960439331512,3.880960439331512,0.0,603,1.0
1,0,0.1,4,20,0,27.10076710338017,27.10076710338017,0.0,603,1.0
1,0,0.1,7,20,0,67.98678538942536,67.98678538942536,0.0,603,1.0
1,0,0.1,13,20,0,61.37308465794421,61.37308465794421,0.0,603,1.0
1,0,0.1,16,20,0,82.11875396730217,82.11875396730217,0.0,603,1.0
1,0,0.1,28,20,0,28.623970737196,28.623970737196,0.0,603,1.0
1,0,0.1,4,50,0,20.882808169382574,20.882808169382574,0.0,603,1.0
1,0,0.1,7,50,0,84.30345891837337,84.30345891837337,0.0,603,1.0
1,0,0.1,13,50,0,148.86952202096842,148.86952202096842,0.0,603,1.0
1,0,0.1,16,50,0,247.3361893092853,247.3361893092853,0.0,603,1.0
1,0,0.1,28,50,0,17.906876393697132,17.906876393697132,0.0,603,1.0
1,0,0.1,1,5,1,3.700016541401499,2.927500192543272,-0.2341884080289605,603,1.0
1,0,0.1,10,5,1,11.516454092957488,7.181405022417604,-0.4722817539657739,603,1.0
1,0,0.1,19,5,1,20.37655231305322,11.496212553463318,-0.5723672054218228,603,1.0
1,0,0.1,25,5,1,9.277301818600844,7.25533194326858,-0.2458341132019052,603,1.0
1,0,0.1,1,20,1,32.57079405513286,23.625816900929795,-0.3210759483467684,603,1.0
1,0,0.1,10,20,1,177.66507112921005,27.92915409188084,-1.8502290621690216,603,1.0
1,0,0.1,19,20,1,228.4116414875119,134.56762430082358,-0.5290825906234379,603,1.0
1,0,0.1,25,20,1,113.19951299309484,75.61143003690938,-0.403544400856992,603,1.0
1,0,0.1,1,50,1,56.209099902814025,40.39481511845689,-0.3303772256919801,603,1.0
1,0,0.1,10,50,1,465.5484197059391,97.49800638742714,-1.563384177375574,603,1.0
1,0,0.1,19,50,1,287.4263483704557,296.282792095073,0.0303477291030795,603,1.0
1,0,0.1,25,50,1,189.3189798099675,152.61050613175937,-0.2155443523145715,603,1.0
1,0,0.1,22,5,2,27.00688431166298,11.07041188398616,-0.891815854756028,603,1.0
1,0,0.1,22,20,2,450.4031750199088,140.53011389161307,-1.1647213265786174,603,1.0
1,0,0.1,22,50,2,768.0324925312574,197.9174967839889,-1.3559817792871809,603,1.0
1,0,0.25,4,5,0,3.0217313181717,3.0217313181717,0.0,603,1.0
1,0,0.25,7,5,0,6.860759971378213,6.860759971378213,0.0,603,1.0
1,0,0.25,13,5,0,4.009085257360808,4.009085257360808,0.0,603,1.0
1,0,0.25,16,5,0,5.68516636007441,5.68516636007441,0.0,603,1.0
1,0,0.25,28,5,0,3.880960439331512,3.880960439331512,0.0,603,1.0
1,0,0.25,4,20,0,27.10076710338017,27.10076710338017,0.0,603,1.0
1,0,0.25,7,20,0,67.98678538942536,67.98678538942536,0.0,603,1.0
1,0,0.25,13,20,0,61.37308465794421,61.37308465794421,0.0,603,1.0
1,0,0.25,16,20,0,82.11875396730217,82.11875396730217,0.0,603,1.0
1,0,0.25,28,20,0,28.623970737196,28.623970737196,0.0,603,1.0
1,0,0.25,4,50,0,20.882808169382574,20.882808169382574,0.0,603,1.0
1,0,0.25,7,50,0,84.30345891837337,84.30345891837337,0.0,603,1.0
1,0,0.25,13,50,0,148.86952202096842,148.86952202096842,0.0,603,1.0
1,0,0.25,16,50,0,247.3361893092853,247.3361893092853,0.0,603,1.0
1,0,0.25,28,50,0,17.906876393697132,17.906876393697132,0.0,603,1.0
1,0,0.25,1,5,1,3.700016541401499,2.927500192543272,-0.2341884080289605,603,1.0
1,0,0.25,10,5,1,11.516454092957488,7.181405022417604,-0.4722817539657739,603,1.0
1,0,0.25,19,5,1,20.37655231305322,11.496212553463318,-0.5723672054218228,603,1.0
1,0,0.25,25,5,1,9.277301818600844,7.25533194326858,-0.2458341132019052,603,1.0
1,0,0.25,1,20,1,32.57079405513286,23.625816900929795,-0.3210759483467684,603,1.0
1,0,0.25,10,20,1,177.66507112921005,27.92915409188084,-1.8502290621690216,603,1.0
1,0,0.25,19,20,1,228.4116414875119,134.56762430082358,-0.5290825906234379,603,1.0
1,0,0.25,25,20,1,113.19951299309484,75.61143003690938,-0.403544400856992,603,1.0
1,0,0.25,1,50,1,56.209099902814025,40.39481511845689,-0.3303772256919801,603,1.0
1,0,0.25,10,50,1,465.5484197059391,97.49800638742714,-1.563384177375574,603,1.0
1,0,0.25,19,50,1,287.4263483704557,296.282792095073,0.0303477291030795,603,1.0
1,0,0.25,25,50,1,189.3189798099675,152.61050613175937,-0.2155443523145715,603,1.0
1,0,0.25,22,5,2,27.00688431166298,11.07041188398616,-0.891815854756028,603,1.0
1,0,0.25,22,20,2,450.4031750199088,140.53011389161307,-1.1647213265786174,603,1.0
1,0,0.25,22,50,2,768.0324925312574,197.9174967839889,-1.3559817792871809,603,1.0
1,1,0.0,4,5,0,3.0217313181717,3.0217313181717,0.0,603,1.0
1,1,0.0,7,5,0,6.860759971378213,6.860759971378213,0.0,603,1.0
1,1,0.0,13,5,0,4.009085257360808,4.009085257360808,0.0,603,1.0
1,1,0.0,16,5,0,5.68516636007441,5.68516636007441,0.0,603,1.0
1,1,0.0,28,5,0,3.880960439331512,3.880960439331512,0.0,603,1.0
1,1,0.0,4,20,0,27.10076710338017,27.10076710338017,0.0,603,1.0
1,1,0.0,7,20,0,67.98678538942536,67.98678538942536,0.0,603,1.0
1,1,0.0,13,20,0,61.37308465794421,61.37308465794421,0.0,603,1.0
1,1,0.0,16,20,0,82.11875396730217,82.11875396730217,0.0,603,1.0
1,1,0.0,28,20,0,28.623970737196,28.623970737196,0.0,603,1.0
1,1,0.0,4,50,0,20.882808169382574,20.882808169382574,0.0,603,1.0
1,1,0.0,7,50,0,84.30345891837337,84.30345891837337,0.0,603,1.0
1,1,0.0,13,50,0,148.86952202096842,148.86952202096842,0.0,603,1.0
1,1,0.0,16,50,0,247.3361893092853,247.3361893092853,0.0,603,1.0
1,1,0.0,28,50,0,17.906876393697132,17.906876393697132,0.0,603,1.0
1,1,0.0,22,5,1,27.00688431166298,17.426522793453124,-0.438098463878795,603,1.0
1,1,0.0,22,20,1,450.4031750199088,338.05915245809985,-0.2869222386908399,603,1.0
1,1,0.0,22,50,1,768.0324925312574,575.8699052453289,-0.2879502639992868,603,1.0
1,1,0.0,1,5,2,3.700016541401499,1.8842746242268589,-0.674794358183217,603,1.0
1,1,0.0,10,5,2,11.516454092957488,22.079930724584024,0.6508922804749583,603,1.0
1,1,0.0,19,5,2,20.37655231305322,16.40006592414588,-0.2170994887814834,603,1.0
1,1,0.0,25,5,2,9.277301818600844,3.046742929821756,-1.1134976240606966,603,1.0
1,1,0.0,1,20,2,32.57079405513286,6.428788278452251,-1.622629926596138,603,1.0
1,1,0.0,10,20,2,177.66507112921005,101.17857739033764,-0.5630131063678759,603,1.0
1,1,0.0,19,20,2,228.4116414875119,190.2610222706245,-0.1827525154350767,603,1.0
1,1,0.0,25,20,2,113.19951299309484,23.606537648577397,-1.5676281709022868,603,1.0
1,1,0.0,1,50,2,56.209099902814025,14.348804637432126,-1.3654120255623472,603,1.0
1,1,0.0,10,50,2,465.5484197059391,291.0778662247013,-0.4696252949557633,603,1.0
1,1,0.0,19,50,2,287.4263483704557,491.4886665979937,0.5364722326809005,603,1.0
1,1,0.0,25,50,2,189.3189798099675,76.74768353943323,-0.9029101122012168,603,1.0
1,1,0.1,4,5,0,3.0217313181717,3.0217313181717,0.0,603,1.0
1,1,0.1,7,5,0,6.860759971378213,6.860759971378213,0.0,603,1.0
1,1,0.1,13,5,0,4.009085257360808,4.009085257360808,0.0,603,1.0
1,1,0.1,16,5,0,5.68516636007441,5.68516636007441,0.0,603,1.0
1,1,0.1,28,5,0,3.880960439331512,3.880960439331512,0.0,603,1.0
1,1,0.1,4,20,0,27.10076710338017,27.10076710338017,0.0,603,1.0
1,1,0.1,7,20,0,67.98678538942536,67.98678538942536,0.0,603,1.0
1,1,0.1,13,20,0,61.37308465794421,61.37308465794421,0.0,603,1.0
1,1,0.1,16,20,0,82.11875396730217,82.11875396730217,0.0,603,1.0
1,1,0.1,28,20,0,28.623970737196,28.623970737196,0.0,603,1.0
1,1,0.1,4,50,0,20.882808169382574,20.882808169382574,0.0,603,1.0
1,1,0.1,7,50,0,84.30345891837337,84.30345891837337,0.0,603,1.0
1,1,0.1,13,50,0,148.86952202096842,148.86952202096842,0.0,603,1.0
1,1,0.1,16,50,0,247.3361893092853,247.3361893092853,0.0,603,1.0
1,1,0.1,28,50,0,17.906876393697132,17.906876393697132,0.0,603,1.0
1,1,0.1,22,5,1,27.00688431166298,17.426522793453124,-0.438098463878795,603,1.0
1,1,0.1,22,20,1,450.4031750199088,338.05915245809985,-0.2869222386908399,603,1.0
1,1,0.1,22,50,1,768.0324925312574,575.8699052453289,-0.2879502639992868,603,1.0
1,1,0.1,1,5,2,3.700016541401499,1.8842746242268589,-0.674794358183217,603,1.0
1,1,0.1,10,5,2,11.516454092957488,22.079930724584024,0.6508922804749583,603,1.0
1,1,0.1,19,5,2,20.37655231305322,16.40006592414588,-0.2170994887814834,603,1.0
1,1,0.1,25,5,2,9.277301818600844,3.046742929821756,-1.1134976240606966,603,1.0
1,1,0.1,1,20,2,32.57079405513286,6.428788278452251,-1.622629926596138,603,1.0
1,1,0.1,10,20,2,177.66507112921005,101.17857739033764,-0.5630131063678759,603,1.0
1,1,0.1,19,20,2,228.4116414875119,190.2610222706245,-0.1827525154350767,603,1.0
1,1,0.1,25,20,2,113.19951299309484,23.606537648577397,-1.5676281709022868,603,1.0
1,1,0.1,1,50,2,56.209099902814025,14.348804637432126,-1.3654120255623472,603,1.0
1,1,0.1,10,50,2,465.5484197059391,291.0778662247013,-0.4696252949557633,603,1.0
1,1,0.1,19,50,2,287.4263483704557,491.4886665979937,0.5364722326809005,603,1.0
1,1,0.1,25,50,2,189.3189798099675,76.74768353943323,-0.9029101122012168,603,1.0
1,1,0.25,4,5,0,3.0217313181717,3.0217313181717,0.0,603,1.0
1,1,0.25,7,5,0,6.860759971378213,6.860759971378213,0.0,603,1.0
1,1,0.25,13,5,0,4.009085257360808,4.009085257360808,0.0,603,1.0
1,1,0.25,16,5,0,5.68516636007441,5.68516636007441,0.0,603,1.0
1,1,0.25,19,5,0,20.37655231305322,20.37655231305322,0.0,603,1.0
1,1,0.25,28,5,0,3.880960439331512,3.880960439331512,0.0,603,1.0
1,1,0.25,4,20,0,27.10076710338017,27.10076710338017,0.0,603,1.0
1,1,0.25,7,20,0,67.98678538942536,67.98678538942536,0.0,603,1.0
1,1,0.25,13,20,0,61.37308465794421,61.37308465794421,0.0,603,1.0
1,1,0.25,16,20,0,82.11875396730217,82.11875396730217,0.0,603,1.0
1,1,0.25,19,20,0,228.4116414875119,228.4116414875119,0.0,603,1.0
1,1,0.25,28,20,0,28.623970737196,28.623970737196,0.0,603,1.0
1,1,0.25,4,50,0,20.882808169382574,20.882808169382574,0.0,603,1.0
1,1,0.25,7,50,0,84.30345891837337,84.30345891837337,0.0,603,1.0
1,1,0.25,13,50,0,148.86952202096842,148.86952202096842,0.0,603,1.0
1,1,0.25,16,50,0,247.3361893092853,247.3361893092853,0.0,603,1.0
1,1,0.25,19,50,0,287.4263483704557,287.4263483704557,0.0,603,1.0
1,1,0.25,28,50,0,17.906876393697132,17.906876393697132,0.0,603,1.0
1,1,0.25,22,5,1,27.00688431166298,17.426522793453124,-0.438098463878795,603,1.0
1,1,0.25,22,20,1,450.4031750199088,338.05915245809985,-0.2869222386908399,603,1.0
1,1,0.25,22,50,1,768.0324925312574,575.8699052453289,-0.2879502639992868,603,1.0
1,1,0.25,1,5,2,3.700016541401499,1.8842746242268589,-0.674794358183217,603,1.0
1,1,0.25,10,5,2,11.516454092957488,22.079930724584024,0.6508922804749583,603,1.0
1,1,0.25,25,5,2,9.277301818600844,3.046742929821756,-1.1134976240606966,603,1.0
1,1,0.25,1,20,2,32.57079405513286,6.428788278452251,-1.622629926596138,603,1.0
1,1,0.25,10,20,2,177.66507112921005,101.17857739033764,-0.5630131063678759,603,1.0
1,1,0.25,25,20,2,113.19951299309484,23.606537648577397,-1.5676281709022868,603,1.0
1,1,0.25,1,50,2,56.209099902814025,14.348804637432126,-1.3654120255623472,603,1.0
1,1,0.25,10,50,2,465.5484197059391,291.0778662247013,-0.4696252949557633,603,1.0
1,1,0.25,25,50,2,189.3189798099675,76.74768353943323,-0.9029101122012168,603,1.0
1,2,0.0,7,5,0,6.860759971378213,6.860759971378213,0.0,603,1.0
1,2,0.0,7,20,0,67.98678538942536,67.98678538942536,0.0,603,1.0
1,2,0.0,7,50,0,84.30345891837337,84.30345891837337,0.0,603,1.0
1,2,0.0,4,5,1,3.0217313181717,3.193709107839908,0.0553530197954387,603,1.0
1,2,0.0,10,5,1,11.516454092957488,8.554191696871493,-0.2973553836994335,603,1.0
1,2,0.0,13,5,1,4.009085257360808,2.84291646558739,-0.3437326501753779,603,1.0
1,2,0.0,16,5,1,5.68516636007441,4.163638915758069,-0.3114709584835951,603,1.0
1,2,0.0,19,5,1,20.37655231305322,14.388154859957744,-0.3479795544600846,603,1.0
1,2,0.0,4,20,1,27.10076710338017,14.957819702314785,-0.5943278137817477,603,1.0
1,2,0.0,10,20,1,177.66507112921005,149.0008905761844,-0.1759478719974284,603,1.0
1,2,0.0,13,20,1,61.37308465794421,31.37426493902932,-0.6709834094857984,603,1.0
1,2,0.0,16,20,1,82.11875396730217,49.13409275009727,-0.5136132715085848,603,1.0
1,2,0.0,19,20,1,228.4116414875119,129.84695062010996,-0.5647929922502534,603,1.0
1,2,0.0,4,50,1,20.882808169382574,6.548889293602528,-1.1596307830700123,603,1.0
1,2,0.0,10,50,1,465.5484197059391,357.963405169748,-0.2627853468822616,603,1.0
1,2,0.0,13,50,1,148.86952202096842,66.1403746076553,-0.8112908597726282,603,1.0
1,2,0.0,16,50,1,247.3361893092853,140.6924560123865,-0.5641721563604343,603,1.0
1,2,0.0,19,50,1,287.4263483704557,144.46199051642714,-0.6879502162945683,603,1.0
1,2,0.0,1,5,2,3.700016541401499,6.721403078095821,0.5969596338352383,603,1.0
1,2,0.0,22,5,2,27.00688431166298,4.897750049261509,-1.7073158819658982,603,1.0
1,2,0.0,25,5,2,9.277301818600844,1.5052079296318903,-1.818639704333939,603,1.0
1,2,0.0,28,5,2,3.880960439331512,2.024957956638661,-0.6505337207241887,603,1.0
1,2,0.0,1,20,2,32.57079405513286,43.21789287486208,0.2828385974705341,603,1.0
1,2,0.0,22,20,2,450.4031750199088,18.61092144892287,-3.1863945430615264,603,1.0
1,2,0.0,25,20,2,113.19951299309484,1.681700177942827,-4.209346571220848,603,1.0
1,2,0.0,28,20,2,28.623970737196,2.1776124792475744,-2.576015420815562,603,1.0
1,2,0.0,1,50,2,56.209099902814025,66.38218704011196,0.166350089253123,603,1.0
1,2,0.0,22,50,2,768.0324925312574,23.927808198137395,-3.4687907347322526,603,1.0
1,2,0.0,25,50,2,189.3189798099675,2.281415200721123,-4.418637363835242,603,1.0
1,2,0.0,28,50,2,17.906876393697132,2.287241347454714,-2.0578383555266657,603,1.0
1,2,0.1,7,5,0,6.860759971378213,6.860759971378213,0.0,603,1.0
1,2,0.1,7,20,0,67.98678538942536,67.98678538942536,0.0,603,1.0
1,2,0.1,7,50,0,84.30345891837337,84.30345891837337,0.0,603,1.0
1,2,0.1,4,5,1,3.0217313181717,3.193709107839908,0.0553530197954387,603,1.0
1,2,0.1,10,5,1,11.516454092957488,8.554191696871493,-0.2973553836994335,603,1.0
1,2,0.1,13,5,1,4.009085257360808,2.84291646558739,-0.3437326501753779,603,1.0
1,2,0.1,16,5,1,5.68516636007441,4.163638915758069,-0.3114709584835951,603,1.0
1,2,0.1,19,5,1,20.37655231305322,14.388154859957744,-0.3479795544600846,603,1.0
1,2,0.1,4,20,1,27.10076710338017,14.957819702314785,-0.5943278137817477,603,1.0
1,2,0.1,10,20,1,177.66507112921005,149.0008905761844,-0.1759478719974284,603,1.0
1,2,0.1,13,20,1,61.37308465794421,31.37426493902932,-0.6709834094857984,603,1.0
1,2,0.1,16,20,1,82.11875396730217,49.13409275009727,-0.5136132715085848,603,1.0
1,2,0.1,19,20,1,228.4116414875119,129.84695062010996,-0.5647929922502534,603,1.0
1,2,0.1,4,50,1,20.882808169382574,6.548889293602528,-1.1596307830700123,603,1.0
1,2,0.1,10,50,1,465.5484197059391,357.963405169748,-0.2627853468822616,603,1.0
1,2,0.1,13,50,1,148.86952202096842,66.1403746076553,-0.8112908597726282,603,1.0
1,2,0.1,16,50,1,247.3361893092853,140.6924560123865,-0.5641721563604343,603,1.0
1,2,0.1,19,50,1,287.4263483704557,144.46199051642714,-0.6879502162945683,603,1.0
1,2,0.1,1,5,2,3.700016541401499,6.721403078095821,0.5969596338352383,603,1.0
1,2,0.1,22,5,2,27.00688431166298,4.897750049261509,-1.7073158819658982,603,1.0
1,2,0.1,25,5,2,9.277301818600844,1.5052079296318903,-1.818639704333939,603,1.0
1,2,0.1,28,5,2,3.880960439331512,2.024957956638661,-0.6505337207241887,603,1.0
1,2,0.1,1,20,2,32.57079405513286,43.21789287486208,0.2828385974705341,603,1.0
1,2,0.1,22,20,2,450.4031750199088,18.61092144892287,-3.1863945430615264,603,1.0
1,2,0.1,25,20,2,113.19951299309484,1.681700177942827,-4.209346571220848,603,1.0
1,2,0.1,28,20,2,28.623970737196,2.1776124792475744,-2.576015420815562,603,1.0
1,2,0.1,1,50,2,56.209099902814025,66.38218704011196,0.166350089253123,603,1.0
1,2,0.1,22,50,2,768.0324925312574,23.927808198137395,-3.4687907347322526,603,1.0
1,2,0.1,25,50,2,189.3189798099675,2.281415200721123,-4.418637363835242,603,1.0
1,2,0.1,28,50,2,17.906876393697132,2.287241347454714,-2.0578383555266657,603,1.0
1,2,0.25,7,5,0,6.860759971378213,6.860759971378213,0.0,603,1.0
1,2,0.25,10,5,0,11.516454092957488,11.516454092957488,0.0,603,1.0
1,2,0.25,7,20,0,67.98678538942536,67.98678538942536,0.0,603,1.0
1,2,0.25,10,20,0,177.66507112921005,177.66507112921005,0.0,603,1.0
1,2,0.25,7,50,0,84.30345891837337,84.30345891837337,0.0,603,1.0
1,2,0.25,10,50,0,465.5484197059391,465.5484197059391,0.0,603,1.0
1,2,0.25,4,5,1,3.0217313181717,3.193709107839908,0.0553530197954387,603,1.0
1,2,0.25,13,5,1,4.009085257360808,2.84291646558739,-0.3437326501753779,603,1.0
1,2,0.25,16,5,1,5.68516636007441,4.163638915758069,-0.3114709584835951,603,1.0
1,2,0.25,19,5,1,20.37655231305322,14.388154859957744,-0.3479795544600846,603,1.0
1,2,0.25,4,20,1,27.10076710338017,14.957819702314785,-0.5943278137817477,603,1.0
1,2,0.25,13,20,1,61.37308465794421,31.37426493902932,-0.6709834094857984,603,1.0
1,2,0.25,16,20,1,82.11875396730217,49.13409275009727,-0.5136132715085848,603,1.0
1,2,0.25,19,20,1,228.4116414875119,129.84695062010996,-0.5647929922502534,603,1.0
1,2,0.25,4,50,1,20.882808169382574,6.548889293602528,-1.1596307830700123,603,1.0
1,2,0.25,13,50,1,148.86952202096842,66.1403746076553,-0.8112908597726282,603,1.0
1,2,0.25,16,50,1,247.3361893092853,140.6924560123865,-0.5641721563604343,603,1.0
1,2,0.25,19,50,1,287.4263483704557,144.46199051642714,-0.6879502162945683,603,1.0
1,2,0.25,1,5,2,3.700016541401499,6.721403078095821,0.5969596338352383,603,1.0
1,2,0.25,22,5,2,27.00688431166298,4.897750049261509,-1.7073158819658982,603,1.0
1,2,0.25,25,5,2,9.277301818600844,1.5052079296318903,-1.818639704333939,603,1.0
1,2,0.25,28,5,2,3.880960439331512,2.024957956638661,-0.6505337207241887,603,1.0
1,2,0.25,1,20,2,32.57079405513286,43.21789287486208,0.2828385974705341,603,1.0
1,2,0.25,22,20,2,450.4031750199088,18.61092144892287,-3.1863945430615264,603,1.0
1,2,0.25,25,20,2,113.19951299309484,1.681700177942827,-4.209346571220848,603,1.0
1,2,0.25,28,20,2,28.623970737196,2.1776124792475744,-2.576015420815562,603,1.0
1,2,0.25,1,50,2,56.209099902814025,66.38218704011196,0.166350089253123,603,1.0
1,2,0.25,22,50,2,768.0324925312574,23.927808198137395,-3.4687907347322526,603,1.0
1,2,0.25,25,50,2,189.3189798099675,2.281415200721123,-4.418637363835242,603,1.0
1,2,0.25,28,50,2,17.906876393697132,2.287241347454714,-2.0578383555266657,603,1.0
1,3,0.0,4,5,0,3.0217313181717,3.0217313181717,0.0,603,1.0
1,3,0.0,7,5,0,6.860759971378213,6.860759971378213,0.0,603,1.0
1,3,0.0,13,5,0,4.009085257360808,4.009085257360808,0.0,603,1.0
1,3,0.0,16,5,0,5.68516636007441,5.68516636007441,0.0,603,1.0
1,3,0.0,28,5,0,3.880960439331512,3.880960439331512,0.0,603,1.0
1,3,0.0,4,20,0,27.10076710338017,27.10076710338017,0.0,603,1.0
1,3,0.0,7,20,0,67.98678538942536,67.98678538942536,0.0,603,1.0
1,3,0.0,13,20,0,61.37308465794421,61.37308465794421,0.0,603,1.0
1,3,0.0,16,20,0,82.11875396730217,82.11875396730217,0.0,603,1.0
1,3,0.0,28,20,0,28.623970737196,28.623970737196,0.0,603,1.0
1,3,0.0,4,50,0,20.882808169382574,20.882808169382574,0.0,603,1.0
1,3,0.0,7,50,0,84.30345891837337,84.30345891837337,0.0,603,1.0
1,3,0.0,13,50,0,148.86952202096842,148.86952202096842,0.0,603,1.0
1,3,0.0,16,50,0,247.3361893092853,247.3361893092853,0.0,603,1.0
1,3,0.0,28,50,0,17.906876393697132,17.906876393697132,0.0,603,1.0
1,3,0.0,22,5,1,27.00688431166298,11.07045341484777,-0.8918121032439664,603,1.0
1,3,0.0,22,20,1,450.4031750199088,140.53105679712908,-1.1647146169679392,603,1.0
1,3,0.0,22,50,1,768.0324925312574,197.91899115208088,-1.3559742288559422,603,1.0
1,3,0.0,1,5,2,3.700016541401499,2.927504550219207,-0.234186919498677,603,1.0
1,3,0.0,10,5,2,11.516454092957488,7.181296321788287,-0.4722968904817695,603,1.0
1,3,0.0,19,5,2,20.37655231305322,11.496238437708168,-0.5723649538789265,603,1.0
1,3,0.0,25,5,2,9.277301818600844,7.255365832365758,-0.2458294422897683,603,1.0
1,3,0.0,1,20,2,32.57079405513286,23.625824204341903,-0.3210756392183682,603,1.0
1,3,0.0,10,20,2,177.66507112921005,27.928736266202147,-1.8502440224790524,603,1.0
1,3,0.0,19,20,2,228.4116414875119,134.5674906005919,-0.5290835841781565,603,1.0
1,3,0.0,25,20,2,113.19951299309484,75.61151297032359,-0.4035433040205921,603,1.0
1,3,0.0,1,50,2,56.209099902814025,40.39452647593229,-0.3303843712515033,603,1.0
1,3,0.0,10,50,2,465.5484197059391,97.4986994351765,-1.5633770690734472,603,1.0
1,3,0.0,19,50,2,287.4263483704557,296.28033458685456,0.0303394346004087,603,1.0
1,3,0.0,25,50,2,189.3189798099675,152.60893506648432,-0.2155546469751533,603,1.0
1,3,0.1,4,5,0,3.0217313181717,3.0217313181717,0.0,603,1.0
1,3,0.1,7,5,0,6.860759971378213,6.860759971378213,0.0,603,1.0
1,3,0.1,13,5,0,4.009085257360808,4.009085257360808,0.0,603,1.0
1,3,0.1,16,5,0,5.68516636007441,5.68516636007441,0.0,603,1.0
1,3,0.1,28,5,0,3.880960439331512,3.880960439331512,0.0,603,1.0
1,3,0.1,4,20,0,27.10076710338017,27.10076710338017,0.0,603,1.0
1,3,0.1,7,20,0,67.98678538942536,67.98678538942536,0.0,603,1.0
1,3,0.1,13,20,0,61.37308465794421,61.37308465794421,0.0,603,1.0
1,3,0.1,16,20,0,82.11875396730217,82.11875396730217,0.0,603,1.0
1,3,0.1,28,20,0,28.623970737196,28.623970737196,0.0,603,1.0
1,3,0.1,4,50,0,20.882808169382574,20.882808169382574,0.0,603,1.0
1,3,0.1,7,50,0,84.30345891837337,84.30345891837337,0.0,603,1.0
1,3,0.1,13,50,0,148.86952202096842,148.86952202096842,0.0,603,1.0
1,3,0.1,16,50,0,247.3361893092853,247.3361893092853,0.0,603,1.0
1,3,0.1,28,50,0,17.906876393697132,17.906876393697132,0.0,603,1.0
1,3,0.1,22,5,1,27.00688431166298,11.07045341484777,-0.8918121032439664,603,1.0
1,3,0.1,22,20,1,450.4031750199088,140.53105679712908,-1.1647146169679392,603,1.0
1,3,0.1,22,50,1,768.0324925312574,197.91899115208088,-1.3559742288559422,603,1.0
1,3,0.1,1,5,2,3.700016541401499,2.927504550219207,-0.234186919498677,603,1.0
1,3,0.1,10,5,2,11.516454092957488,7.181296321788287,-0.4722968904817695,603,1.0
1,3,0.1,19,5,2,20.37655231305322,11.496238437708168,-0.5723649538789265,603,1.0
1,3,0.1,25,5,2,9.277301818600844,7.255365832365758,-0.2458294422897683,603,1.0
1,3,0.1,1,20,2,32.57079405513286,23.625824204341903,-0.3210756392183682,603,1.0
1,3,0.1,10,20,2,177.66507112921005,27.928736266202147,-1.8502440224790524,603,1.0
1,3,0.1,19,20,2,228.4116414875119,134.5674906005919,-0.5290835841781565,603,1.0
1,3,0.1,25,20,2,113.19951299309484,75.61151297032359,-0.4035433040205921,603,1.0
1,3,0.1,1,50,2,56.209099902814025,40.39452647593229,-0.3303843712515033,603,1.0
1,3,0.1,10,50,2,465.5484197059391,97.4986994351765,-1.5633770690734472,603,1.0
1,3,0.1,19,50,2,287.4263483704557,296.28033458685456,0.0303394346004087,603,1.0
1,3,0.1,25,50,2,189.3189798099675,152.60893506648432,-0.2155546469751533,603,1.0
1,3,0.25,4,5,0,3.0217313181717,3.0217313181717,0.0,603,1.0
1,3,0.25,7,5,0,6.860759971378213,6.860759971378213,0.0,603,1.0
1,3,0.25,13,5,0,4.009085257360808,4.009085257360808,0.0,603,1.0
1,3,0.25,16,5,0,5.68516636007441,5.68516636007441,0.0,603,1.0
1,3,0.25,28,5,0,3.880960439331512,3.880960439331512,0.0,603,1.0
1,3,0.25,4,20,0,27.10076710338017,27.10076710338017,0.0,603,1.0
1,3,0.25,7,20,0,67.98678538942536,67.98678538942536,0.0,603,1.0
1,3,0.25,13,20,0,61.37308465794421,61.37308465794421,0.0,603,1.0
1,3,0.25,16,20,0,82.11875396730217,82.11875396730217,0.0,603,1.0
1,3,0.25,28,20,0,28.623970737196,28.623970737196,0.0,603,1.0
1,3,0.25,4,50,0,20.882808169382574,20.882808169382574,0.0,603,1.0
1,3,0.25,7,50,0,84.30345891837337,84.30345891837337,0.0,603,1.0
1,3,0.25,13,50,0,148.86952202096842,148.86952202096842,0.0,603,1.0
1,3,0.25,16,50,0,247.3361893092853,247.3361893092853,0.0,603,1.0
1,3,0.25,28,50,0,17.906876393697132,17.906876393697132,0.0,603,1.0
1,3,0.25,22,5,1,27.00688431166298,11.07045341484777,-0.8918121032439664,603,1.0
1,3,0.25,22,20,1,450.4031750199088,140.53105679712908,-1.1647146169679392,603,1.0
1,3,0.25,22,50,1,768.0324925312574,197.91899115208088,-1.3559742288559422,603,1.0
1,3,0.25,1,5,2,3.700016541401499,2.927504550219207,-0.234186919498677,603,1.0
1,3,0.25,10,5,2,11.516454092957488,7.181296321788287,-0.4722968904817695,603,1.0
1,3,0.25,19,5,2,20.37655231305322,11.496238437708168,-0.5723649538789265,603,1.0
1,3,0.25,25,5,2,9.277301818600844,7.255365832365758,-0.2458294422897683,603,1.0
1,3,0.25,1,20,2,32.57079405513286,23.625824204341903,-0.3210756392183682,603,1.0
1,3,0.25,10,20,2,177.66507112921005,27.928736266202147,-1.8502440224790524,603,1.0
1,3,0.25,19,20,2,228.4116414875119,134.5674906005919,-0.5290835841781565,603,1.0
1,3,0.25,25,20,2,113.19951299309484,75.61151297032359,-0.4035433040205921,603,1.0
1,3,0.25,1,50,2,56.209099902814025,40.39452647593229,-0.3303843712515033,603,1.0
1,3,0.25,10,50,2,465.5484197059391,97.4986994351765,-1.5633770690734472,603,1.0
1,3,0.25,19,50,2,287.4263483704557,296.28033458685456,0.0303394346004087,603,1.0
1,3,0.25,25,50,2,189.3189798099675,152.60893506648432,-0.2155546469751533,603,1.0
1,4,0.0,4,5,0,3.0217313181717,3.0217313181717,0.0,603,1.0
1,4,0.0,7,5,0,6.860759971378213,6.860759971378213,0.0,603,1.0
1,4,0.0,13,5,0,4.009085257360808,4.009085257360808,0.0,603,1.0
1,4,0.0,16,5,0,5.68516636007441,5.68516636007441,0.0,603,1.0
1,4,0.0,4,20,0,27.10076710338017,27.10076710338017,0.0,603,1.0
1,4,0.0,7,20,0,67.98678538942536,67.98678538942536,0.0,603,1.0
1,4,0.0,13,20,0,61.37308465794421,61.37308465794421,0.0,603,1.0
1,4,0.0,16,20,0,82.11875396730217,82.11875396730217,0.0,603,1.0
1,4,0.0,4,50,0,20.882808169382574,20.882808169382574,0.0,603,1.0
1,4,0.0,7,50,0,84.30345891837337,84.30345891837337,0.0,603,1.0
1,4,0.0,13,50,0,148.86952202096842,148.86952202096842,0.0,603,1.0
1,4,0.0,16,50,0,247.3361893092853,247.3361893092853,0.0,603,1.0
1,4,0.0,1,5,1,3.700016541401499,2.451506576719162,-0.411634525451008,603,1.0
1,4,0.0,22,5,1,27.00688431166298,9.821876731233246,-1.0114795907431011,603,1.0
1,4,0.0,25,5,1,9.277301818600844,2.657547126811516,-1.2501671876255196,603,1.0
1,4,0.0,28,5,1,3.880960439331512,1.9412055466579117,-0.6927734630339722,603,1.0
1,4,0.0,1,20,1,32.57079405513286,13.871909573930347,-0.853550097532607,603,1.0
1,4,0.0,22,20,1,450.4031750199088,79.71100578583179,-1.7317354597107557,603,1.0
1,4,0.0,25,20,1,113.19951299309484,7.403126218727207,-2.7272494905903417,603,1.0
1,4,0.0,28,20,1,28.623970737196,2.771608527530869,-2.334816656928595,603,1.0
1,4,0.0,1,50,1,56.209099902814025,20.57157141810521,-1.0051685693386692,603,1.0
1,4,0.0,22,50,1,768.0324925312574,119.74582177391594,-1.858460695794597,603,1.0
1,4,0.0,25,50,1,189.3189798099675,5.392460483484286,-3.5584315451132102,603,1.0
1,4,0.0,28,50,1,17.906876393697132,1.830802772603181,-2.2804302509322563,603,1.0
1,4,0.0,10,5,2,11.516454092957488,6.4762161051734735,-0.575640398034174,603,1.0
1,4,0.0,19,5,2,20.37655231305322,12.07798028503604,-0.5230008597878618,603,1.0
1,4,0.0,10,20,2,177.66507112921005,46.57494161650175,-1.3388374919967982,603,1.0
1,4,0.0,19,20,2,228.4116414875119,133.35804234842362,-0.5381118873342465,603,1.0
1,4,0.0,10,50,2,465.5484197059391,183.98116862634552,-0.9283826999124842,603,1.0
1,4,0.0,19,50,2,287.4263483704557,275.0693788708514,-0.043943295186084,603,1.0
1,4,0.1,4,5,0,3.0217313181717,3.0217313181717,0.0,603,1.0
1,4,0.1,7,5,0,6.860759971378213,6.860759971378213,0.0,603,1.0
1,4,0.1,13,5,0,4.009085257360808,4.009085257360808,0.0,603,1.0
1,4,0.1,16,5,0,5.68516636007441,5.68516636007441,0.0,603,1.0
1,4,0.1,4,20,0,27.10076710338017,27.10076710338017,0.0,603,1.0
1,4,0.1,7,20,0,67.98678538942536,67.98678538942536,0.0,603,1.0
1,4,0.1,13,20,0,61.37308465794421,61.37308465794421,0.0,603,1.0
1,4,0.1,16,20,0,82.11875396730217,82.11875396730217,0.0,603,1.0
1,4,0.1,4,50,0,20.882808169382574,20.882808169382574,0.0,603,1.0
1,4,0.1,7,50,0,84.30345891837337,84.30345891837337,0.0,603,1.0
1,4,0.1,13,50,0,148.86952202096842,148.86952202096842,0.0,603,1.0
1,4,0.1,16,50,0,247.3361893092853,247.3361893092853,0.0,603,1.0
1,4,0.1,1,5,1,3.700016541401499,2.451506576719162,-0.411634525451008,603,1.0
1,4,0.1,22,5,1,27.00688431166298,9.821876731233246,-1.0114795907431011,603,1.0
1,4,0.1,25,5,1,9.277301818600844,2.657547126811516,-1.2501671876255196,603,1.0
1,4,0.1,28,5,1,3.880960439331512,1.9412055466579117,-0.6927734630339722,603,1.0
1,4,0.1,1,20,1,32.57079405513286,13.871909573930347,-0.853550097532607,603,1.0
1,4,0.1,22,20,1,450.4031750199088,79.71100578583179,-1.7317354597107557,603,1.0
1,4,0.1,25,20,1,113.19951299309484,7.403126218727207,-2.7272494905903417,603,1.0
1,4,0.1,28,20,1,28.623970737196,2.771608527530869,-2.334816656928595,603,1.0
1,4,0.1,1,50,1,56.209099902814025,20.57157141810521,-1.0051685693386692,603,1.0
1,4,0.1,22,50,1,768.0324925312574,119.74582177391594,-1.858460695794597,603,1.0
1,4,0.1,25,50,1,189.3189798099675,5.392460483484286,-3.5584315451132102,603,1.0
1,4,0.1,28,50,1,17.906876393697132,1.830802772603181,-2.2804302509322563,603,1.0
1,4,0.1,10,5,2,11.516454092957488,6.4762161051734735,-0.575640398034174,603,1.0
1,4,0.1,19,5,2,20.37655231305322,12.07798028503604,-0.5230008597878618,603,1.0
1,4,0.1,10,20,2,177.66507112921005,46.57494161650175,-1.3388374919967982,603,1.0
1,4,0.1,19,20,2,228.4116414875119,133.35804234842362,-0.5381118873342465,603,1.0
1,4,0.1,10,50,2,465.5484197059391,183.98116862634552,-0.9283826999124842,603,1.0
1,4,0.1,19,50,2,287.4263483704557,275.0693788708514,-0.043943295186084,603,1.0
1,4,0.25,4,5,0,3.0217313181717,3.0217313181717,0.0,603,1.0
1,4,0.25,7,5,0,6.860759971378213,6.860759971378213,0.0,603,1.0
1,4,0.25,13,5,0,4.009085257360808,4.009085257360808,0.0,603,1.0
1,4,0.25,16,5,0,5.68516636007441,5.68516636007441,0.0,603,1.0
1,4,0.25,4,20,0,27.10076710338017,27.10076710338017,0.0,603,1.0
1,4,0.25,7,20,0,67.98678538942536,67.98678538942536,0.0,603,1.0
1,4,0.25,13,20,0,61.37308465794421,61.37308465794421,0.0,603,1.0
1,4,0.25,16,20,0,82.11875396730217,82.11875396730217,0.0,603,1.0
1,4,0.25,4,50,0,20.882808169382574,20.882808169382574,0.0,603,1.0
1,4,0.25,7,50,0,84.30345891837337,84.30345891837337,0.0,603,1.0
1,4,0.25,13,50,0,148.86952202096842,148.86952202096842,0.0,603,1.0
1,4,0.25,16,50,0,247.3361893092853,247.3361893092853,0.0,603,1.0
1,4,0.25,1,5,1,3.700016541401499,2.451506576719162,-0.411634525451008,603,1.0
1,4,0.25,22,5,1,27.00688431166298,9.821876731233246,-1.0114795907431011,603,1.0
1,4,0.25,25,5,1,9.277301818600844,2.657547126811516,-1.2501671876255196,603,1.0
1,4,0.25,28,5,1,3.880960439331512,1.9412055466579117,-0.6927734630339722,603,1.0
1,4,0.25,1,20,1,32.57079405513286,13.871909573930347,-0.853550097532607,603,1.0
1,4,0.25,22,20,1,450.4031750199088,79.71100578583179,-1.7317354597107557,603,1.0
1,4,0.25,25,20,1,113.19951299309484,7.403126218727207,-2.7272494905903417,603,1.0
1,4,0.25,28,20,1,28.623970737196,2.771608527530869,-2.334816656928595,603,1.0
1,4,0.25,1,50,1,56.209099902814025,20.57157141810521,-1.0051685693386692,603,1.0
1,4,0.25,22,50,1,768.0324925312574,119.74582177391594,-1.858460695794597,603,1.0
1,4,0.25,25,50,1,189.3189798099675,5.392460483484286,-3.5584315451132102,603,1.0
1,4,0.25,28,50,1,17.906876393697132,1.830802772603181,-2.2804302509322563,603,1.0
1,4,0.25,10,5,2,11.516454092957488,6.4762161051734735,-0.575640398034174,603,1.0
1,4,0.25,19,5,2,20.37655231305322,12.07798028503604,-0.5230008597878618,603,1.0
1,4,0.25,10,20,2,177.66507112921005,46.57494161650175,-1.3388374919967982,603,1.0
1,4,0.25,19,20,2,228.4116414875119,133.35804234842362,-0.5381118873342465,603,1.0
1,4,0.25,10,50,2,465.5484197059391,183.98116862634552,-0.9283826999124842,603,1.0
1,4,0.25,19,50,2,287.4263483704557,275.0693788708514,-0.043943295186084,603,1.0
1,5,0.0,4,5,0,3.0217313181717,3.0217313181717,0.0,603,1.0
1,5,0.0,7,5,0,6.860759971378213,6.860759971378213,0.0,603,1.0
1,5,0.0,13,5,0,4.009085257360808,4.009085257360808,0.0,603,1.0
1,5,0.0,16,5,0,5.68516636007441,5.68516636007441,0.0,603,1.0
1,5,0.0,28,5,0,3.880960439331512,3.880960439331512,0.0,603,1.0
1,5,0.0,4,20,0,27.10076710338017,27.10076710338017,0.0,603,1.0
1,5,0.0,7,20,0,67.98678538942536,67.98678538942536,0.0,603,1.0
1,5,0.0,13,20,0,61.37308465794421,61.37308465794421,0.0,603,1.0
1,5,0.0,16,20,0,82.11875396730217,82.11875396730217,0.0,603,1.0
1,5,0.0,28,20,0,28.623970737196,28.623970737196,0.0,603,1.0
1,5,0.0,4,50,0,20.882808169382574,20.882808169382574,0.0,603,1.0
1,5,0.0,7,50,0,84.30345891837337,84.30345891837337,0.0,603,1.0
1,5,0.0,13,50,0,148.86952202096842,148.86952202096842,0.0,603,1.0
1,5,0.0,16,50,0,247.3361893092853,247.3361893092853,0.0,603,1.0
1,5,0.0,28,50,0,17.906876393697132,17.906876393697132,0.0,603,1.0
1,5,0.0,1,5,1,3.700016541401499,1.884272958946787,-0.674795241961402,603,1.0
1,5,0.0,10,5,1,11.516454092957488,22.079860678886867,0.6508891081005004,603,1.0
1,5,0.0,19,5,1,20.37655231305322,16.40006889880592,-0.2170993074005194,603,1.0
1,5,0.0,25,5,1,9.277301818600844,3.046741469026072,-1.1134981035222289,603,1.0
1,5,0.0,1,20,1,32.57079405513286,6.428786594296678,-1.6226301885670913,603,1.0
1,5,0.0,10,20,1,177.66507112921005,101.17830105419053,-0.5630158375440956,603,1.0
1,5,0.0,19,20,1,228.4116414875119,190.26130759105055,-0.1827510158099366,603,1.0
1,5,0.0,25,20,1,113.19951299309484,23.606532388868768,-1.5676283937095992,603,1.0
1,5,0.0,1,50,1,56.209099902814025,14.348768883380238,-1.3654145173445782,603,1.0
1,5,0.0,10,50,1,465.5484197059391,291.0770480569923,-0.4696281057804733,603,1.0
1,5,0.0,19,50,1,287.4263483704557,491.4895042683094,0.5364739370327174,603,1.0
1,5,0.0,25,50,1,189.3189798099675,76.74777336156423,-0.902908941845653,603,1.0
1,5,0.0,22,5,2,27.00688431166298,17.42650777167923,-0.4380993258855503,603,1.0
1,5,0.0,22,20,2,450.4031750199088,338.0590757517041,-0.2869224655931552,603,1.0
1,5,0.0,22,50,2,768.0324925312574,575.869855867688,-0.2879503497437278,603,1.0
1,5,0.1,4,5,0,3.0217313181717,3.0217313181717,0.0,603,1.0
1,5,0.1,7,5,0,6.860759971378213,6.860759971378213,0.0,603,1.0
1,5,0.1,13,5,0,4.009085257360808,4.009085257360808,0.0,603,1.0
1,5,0.1,16,5,0,5.68516636007441,5.68516636007441,0.0,603,1.0
1,5,0.1,28,5,0,3.880960439331512,3.880960439331512,0.0,603,1.0
1,5,0.1,4,20,0,27.10076710338017,27.10076710338017,0.0,603,1.0
1,5,0.1,7,20,0,67.98678538942536,67.98678538942536,0.0,603,1.0
1,5,0.1,13,20,0,61.37308465794421,61.37308465794421,0.0,603,1.0
1,5,0.1,16,20,0,82.11875396730217,82.11875396730217,0.0,603,1.0
1,5,0.1,28,20,0,28.623970737196,28.623970737196,0.0,603,1.0
1,5,0.1,4,50,0,20.882808169382574,20.882808169382574,0.0,603,1.0
1,5,0.1,7,50,0,84.30345891837337,84.30345891837337,0.0,603,1.0
1,5,0.1,13,50,0,148.86952202096842,148.86952202096842,0.0,603,1.0
1,5,0.1,16,50,0,247.3361893092853,247.3361893092853,0.0,603,1.0
1,5,0.1,28,50,0,17.906876393697132,17.906876393697132,0.0,603,1.0
1,5,0.1,1,5,1,3.700016541401499,1.884272958946787,-0.674795241961402,603,1.0
1,5,0.1,10,5,1,11.516454092957488,22.079860678886867,0.6508891081005004,603,1.0
1,5,0.1,19,5,1,20.37655231305322,16.40006889880592,-0.2170993074005194,603,1.0
1,5,0.1,25,5,1,9.277301818600844,3.046741469026072,-1.1134981035222289,603,1.0
1,5,0.1,1,20,1,32.57079405513286,6.428786594296678,-1.6226301885670913,603,1.0
1,5,0.1,10,20,1,177.66507112921005,101.17830105419053,-0.5630158375440956,603,1.0
1,5,0.1,19,20,1,228.4116414875119,190.26130759105055,-0.1827510158099366,603,1.0
1,5,0.1,25,20,1,113.19951299309484,23.606532388868768,-1.5676283937095992,603,1.0
1,5,0.1,1,50,1,56.209099902814025,14.348768883380238,-1.3654145173445782,603,1.0
1,5,0.1,10,50,1,465.5484197059391,291.0770480569923,-0.4696281057804733,603,1.0
1,5,0.1,19,50,1,287.4263483704557,491.4895042683094,0.5364739370327174,603,1.0
1,5,0.1,25,50,1,189.3189798099675,76.74777336156423,-0.902908941845653,603,1.0
1,5,0.1,22,5,2,27.00688431166298,17.42650777167923,-0.4380993258855503,603,1.0
1,5,0.1,22,20,2,450.4031750199088,338.0590757517041,-0.2869224655931552,603,1.0
1,5,0.1,22,50,2,768.0324925312574,575.869855867688,-0.2879503497437278,603,1.0
1,5,0.25,4,5,0,3.0217313181717,3.0217313181717,0.0,603,1.0
1,5,0.25,7,5,0,6.860759971378213,6.860759971378213,0.0,603,1.0
1,5,0.25,13,5,0,4.009085257360808,4.009085257360808,0.0,603,1.0
1,5,0.25,16,5,0,5.68516636007441,5.68516636007441,0.0,603,1.0
1,5,0.25,19,5,0,20.37655231305322,20.37655231305322,0.0,603,1.0
1,5,0.25,28,5,0,3.880960439331512,3.880960439331512,0.0,603,1.0
1,5,0.25,4,20,0,27.10076710338017,27.10076710338017,0.0,603,1.0
1,5,0.25,7,20,0,67.98678538942536,67.98678538942536,0.0,603,1.0
1,5,0.25,13,20,0,61.37308465794421,61.37308465794421,0.0,603,1.0
1,5,0.25,16,20,0,82.11875396730217,82.11875396730217,0.0,603,1.0
1,5,0.25,19,20,0,228.4116414875119,228.4116414875119,0.0,603,1.0
1,5,0.25,28,20,0,28.623970737196,28.623970737196,0.0,603,1.0
1,5,0.25,4,50,0,20.882808169382574,20.882808169382574,0.0,603,1.0
1,5,0.25,7,50,0,84.30345891837337,84.30345891837337,0.0,603,1.0
1,5,0.25,13,50,0,148.86952202096842,148.86952202096842,0.0,603,1.0
1,5,0.25,16,50,0,247.3361893092853,247.3361893092853,0.0,603,1.0
1,5,0.25,19,50,0,287.4263483704557,287.4263483704557,0.0,603,1.0
1,5,0.25,28,50,0,17.906876393697132,17.906876393697132,0.0,603,1.0
1,5,0.25,1,5,1,3.700016541401499,1.884272958946787,-0.674795241961402,603,1.0
1,5,0.25,10,5,1,11.516454092957488,22.079860678886867,0.6508891081005004,603,1.0
1,5,0.25,25,5,1,9.277301818600844,3.046741469026072,-1.1134981035222289,603,1.0
1,5,0.25,1,20,1,32.57079405513286,6.428786594296678,-1.6226301885670913,603,1.0
1,5,0.25,10,20,1,177.66507112921005,101.17830105419053,-0.5630158375440956,603,1.0
1,5,0.25,25,20,1,113.19951299309484,23.606532388868768,-1.5676283937095992,603,1.0
1,5,0.25,1,50,1,56.209099902814025,14.348768883380238,-1.3654145173445782,603,1.0
1,5,0.25,10,50,1,465.5484197059391,291.0770480569923,-0.4696281057804733,603,1.0
1,5,0.25,25,50,1,189.3189798099675,76.74777336156423,-0.902908941845653,603,1.0
1,5,0.25,22,5,2,27.00688431166298,17.42650777167923,-0.4380993258855503,603,1.0
1,5,0.25,22,20,2,450.4031750199088,338.0590757517041,-0.2869224655931552,603,1.0
1,5,0.25,22,50,2,768.0324925312574,575.869855867688,-0.2879503497437278,603,1.0
0,0,0.0,9,5,0,5.183758868879275,5.183758868879275,0.0,604,0.01
0,0,0.0,9,20,0,38.38283083570178,38.38283083570178,0.0,604,0.01
0,0,0.0,9,50,0,40.15997932287989,40.15997932287989,0.0,604,0.01
0,0,0.0,12,5,1,1.573791626757089,1.410863185617548,-0.1092860512457983,604,0.01
0,0,0.0,15,5,1,25.881009800089107,2.209211410399488,-2.460873863444167,604,0.01
0,0,0.0,18,5,1,9.49986042484534,2.533708411721571,-1.3215931014537257,604,0.01
0,0,0.0,12,20,1,3.2602166896612057,1.9214494055665117,-0.5287138624113468,604,0.01
0,0,0.0,15,20,1,145.45737086396804,5.177124762544642,-3.3356332229107424,604,0.01
0,0,0.0,18,20,1,93.39807579859765,12.031125585010246,-2.0493736528460738,604,0.01
0,0,0.0,12,50,1,4.09200539738376,2.113054003488031,-0.6609008710577736,604,0.01
0,0,0.0,15,50,1,59.85504881160618,4.211655476324083,-2.654069991018801,604,0.01
0,0,0.0,18,50,1,242.8661051357734,21.504937624754497,-2.424227718076501,604,0.01
0,0,0.0,0,5,2,10.611678414307905,3.5943193138244696,-1.082600501073249,604,0.01
0,0,0.0,3,5,2,5.8392554024706085,3.1934619293132323,-0.6034977164907409,604,0.01
0,0,0.0,6,5,2,1.6633363682522408,2.6121805310135566,0.4513598793398377,604,0.01
0,0,0.0,21,5,2,11.609364819192743,5.153102466488595,-0.8122131304400969,604,0.01
0,0,0.0,24,5,2,4.312585551904085,1.7129590517367854,-0.9233153056423106,604,0.01
0,0,0.0,27,5,2,101.47969802699838,74.62374192603818,-0.3074000460787423,604,0.01
0,0,0.0,0,20,2,87.83128327252048,12.05473022002364,-1.9859606064012376,604,0.01
0,0,0.0,3,20,2,34.51587703359285,12.992424417894537,-0.9770529715289914,604,0.01
0,0,0.0,6,20,2,9.376020945216528,13.708311586144898,0.3798468672448204,604,0.01
0,0,0.0,21,20,2,116.084508160928,21.920582603544503,-1.666892404138708,604,0.01
0,0,0.0,24,20,2,27.274468866084067,4.249644374988296,-1.859115755280139,604,0.01
0,0,0.0,27,20,2,552.8399918731269,255.22825947259136,-0.7729103340851213,604,0.01
0,0,0.0,0,50,2,26.425535385364785,11.52189686705291,-0.8300814918022374,604,0.01
0,0,0.0,3,50,2,60.55551962148945,15.966141073628377,-1.333090326857667,604,0.01
0,0,0.0,6,50,2,34.08020779219975,50.0759027697178,0.3848231106097143,604,0.01
0,0,0.0,21,50,2,286.0845946623574,38.55127136723764,-2.0042984734562537,604,0.01
0,0,0.0,24,50,2,54.96249595617866,5.560771302281563,-2.290914238859516,604,0.01
0,0,0.0,27,50,2,334.7976387835154,161.4336489515453,-0.7294320701339603,604,0.01
0,0,0.1,9,5,0,5.183758868879275,5.183758868879275,0.0,604,0.01
0,0,0.1,9,20,0,38.38283083570178,38.38283083570178,0.0,604,0.01
0,0,0.1,9,50,0,40.15997932287989,40.15997932287989,0.0,604,0.01
0,0,0.1,12,5,1,1.573791626757089,1.410863185617548,-0.1092860512457983,604,0.01
0,0,0.1,15,5,1,25.881009800089107,2.209211410399488,-2.460873863444167,604,0.01
0,0,0.1,18,5,1,9.49986042484534,2.533708411721571,-1.3215931014537257,604,0.01
0,0,0.1,12,20,1,3.2602166896612057,1.9214494055665117,-0.5287138624113468,604,0.01
0,0,0.1,15,20,1,145.45737086396804,5.177124762544642,-3.3356332229107424,604,0.01
0,0,0.1,18,20,1,93.39807579859765,12.031125585010246,-2.0493736528460738,604,0.01
0,0,0.1,12,50,1,4.09200539738376,2.113054003488031,-0.6609008710577736,604,0.01
0,0,0.1,15,50,1,59.85504881160618,4.211655476324083,-2.654069991018801,604,0.01
0,0,0.1,18,50,1,242.8661051357734,21.504937624754497,-2.424227718076501,604,0.01
0,0,0.1,0,5,2,10.611678414307905,3.5943193138244696,-1.082600501073249,604,0.01
0,0,0.1,3,5,2,5.8392554024706085,3.1934619293132323,-0.6034977164907409,604,0.01
0,0,0.1,6,5,2,1.6633363682522408,2.6121805310135566,0.4513598793398377,604,0.01
0,0,0.1,21,5,2,11.609364819192743,5.153102466488595,-0.8122131304400969,604,0.01
0,0,0.1,24,5,2,4.312585551904085,1.7129590517367854,-0.9233153056423106,604,0.01
0,0,0.1,27,5,2,101.47969802699838,74.62374192603818,-0.3074000460787423,604,0.01
0,0,0.1,0,20,2,87.83128327252048,12.05473022002364,-1.9859606064012376,604,0.01
0,0,0.1,3,20,2,34.51587703359285,12.992424417894537,-0.9770529715289914,604,0.01
0,0,0.1,6,20,2,9.376020945216528,13.708311586144898,0.3798468672448204,604,0.01
0,0,0.1,21,20,2,116.084508160928,21.920582603544503,-1.666892404138708,604,0.01
0,0,0.1,24,20,2,27.274468866084067,4.249644374988296,-1.859115755280139,604,0.01
0,0,0.1,27,20,2,552.8399918731269,255.22825947259136,-0.7729103340851213,604,0.01
0,0,0.1,0,50,2,26.425535385364785,11.52189686705291,-0.8300814918022374,604,0.01
0,0,0.1,3,50,2,60.55551962148945,15.966141073628377,-1.333090326857667,604,0.01
0,0,0.1,6,50,2,34.08020779219975,50.0759027697178,0.3848231106097143,604,0.01
0,0,0.1,21,50,2,286.0845946623574,38.55127136723764,-2.0042984734562537,604,0.01
0,0,0.1,24,50,2,54.96249595617866,5.560771302281563,-2.290914238859516,604,0.01
0,0,0.1,27,50,2,334.7976387835154,161.4336489515453,-0.7294320701339603,604,0.01
0,0,0.25,9,5,0,5.183758868879275,5.183758868879275,0.0,604,0.01
0,0,0.25,9,20,0,38.38283083570178,38.38283083570178,0.0,604,0.01
0,0,0.25,9,50,0,40.15997932287989,40.15997932287989,0.0,604,0.01
0,0,0.25,12,5,1,1.573791626757089,1.410863185617548,-0.1092860512457983,604,0.01
0,0,0.25,15,5,1,25.881009800089107,2.209211410399488,-2.460873863444167,604,0.01
0,0,0.25,18,5,1,9.49986042484534,2.533708411721571,-1.3215931014537257,604,0.01
0,0,0.25,12,20,1,3.2602166896612057,1.9214494055665117,-0.5287138624113468,604,0.01
0,0,0.25,15,20,1,145.45737086396804,5.177124762544642,-3.3356332229107424,604,0.01
0,0,0.25,18,20,1,93.39807579859765,12.031125585010246,-2.0493736528460738,604,0.01
0,0,0.25,12,50,1,4.09200539738376,2.113054003488031,-0.6609008710577736,604,0.01
0,0,0.25,15,50,1,59.85504881160618,4.211655476324083,-2.654069991018801,604,0.01
0,0,0.25,18,50,1,242.8661051357734,21.504937624754497,-2.424227718076501,604,0.01
0,0,0.25,0,5,2,10.611678414307905,3.5943193138244696,-1.082600501073249,604,0.01
0,0,0.25,3,5,2,5.8392554024706085,3.1934619293132323,-0.6034977164907409,604,0.01
0,0,0.25,6,5,2,1.6633363682522408,2.6121805310135566,0.4513598793398377,604,0.01
0,0,0.25,21,5,2,11.609364819192743,5.153102466488595,-0.8122131304400969,604,0.01
0,0,0.25,24,5,2,4.312585551904085,1.7129590517367854,-0.9233153056423106,604,0.01
0,0,0.25,27,5,2,101.47969802699838,74.62374192603818,-0.3074000460787423,604,0.01
0,0,0.25,0,20,2,87.83128327252048,12.05473022002364,-1.9859606064012376,604,0.01
0,0,0.25,3,20,2,34.51587703359285,12.992424417894537,-0.9770529715289914,604,0.01
0,0,0.25,6,20,2,9.376020945216528,13.708311586144898,0.3798468672448204,604,0.01
0,0,0.25,21,20,2,116.084508160928,21.920582603544503,-1.666892404138708,604,0.01
0,0,0.25,24,20,2,27.274468866084067,4.249644374988296,-1.859115755280139,604,0.01
0,0,0.25,27,20,2,552.8399918731269,255.22825947259136,-0.7729103340851213,604,0.01
0,0,0.25,0,50,2,26.425535385364785,11.52189686705291,-0.8300814918022374,604,0.01
0,0,0.25,3,50,2,60.55551962148945,15.966141073628377,-1.333090326857667,604,0.01
0,0,0.25,6,50,2,34.08020779219975,50.0759027697178,0.3848231106097143,604,0.01
0,0,0.25,21,50,2,286.0845946623574,38.55127136723764,-2.0042984734562537,604,0.01
0,0,0.25,24,50,2,54.96249595617866,5.560771302281563,-2.290914238859516,604,0.01
0,0,0.25,27,50,2,334.7976387835154,161.4336489515453,-0.7294320701339603,604,0.01
0,1,0.0,9,5,0,5.183758868879275,5.183758868879275,0.0,604,0.01
0,1,0.0,9,20,0,38.38283083570178,38.38283083570178,0.0,604,0.01
0,1,0.0,9,50,0,40.15997932287989,40.15997932287989,0.0,604,0.01
0,1,0.0,12,5,1,1.573791626757089,1.4108628604628115,-0.1092862817109328,604,0.01
0,1,0.0,15,5,1,25.881009800089107,2.2092122849596114,-2.4608734675744257,604,0.01
0,1,0.0,18,5,1,9.49986042484534,2.5337081992759067,-1.321593185301445,604,0.01
0,1,0.0,12,20,1,3.2602166896612057,1.9214483768330688,-0.5287143978059896,604,0.01
0,1,0.0,15,20,1,145.45737086396804,5.177128241977901,-3.3356325508326585,604,0.01
0,1,0.0,18,20,1,93.39807579859765,12.031124171726594,-2.0493737703150274,604,0.01
0,1,0.0,12,50,1,4.09200539738376,2.1130534657511397,-0.6609011255410756,604,0.01
0,1,0.0,15,50,1,59.85504881160618,4.211657378165694,-2.6540695394526197,604,0.01
0,1,0.0,18,50,1,242.8661051357734,21.50493086023986,-2.424228032632899,604,0.01
0,1,0.0,0,5,2,10.611678414307905,3.594320335423583,-1.0826002168472582,604,0.01
0,1,0.0,3,5,2,5.8392554024706085,3.193461695177336,-0.603497789808009,604,0.01
0,1,0.0,6,5,2,1.6633363682522408,2.6121804938893263,0.4513598651278679,604,0.01
0,1,0.0,21,5,2,11.609364819192743,5.153102450864368,-0.8122131334721009,604,0.01
0,1,0.0,24,5,2,4.312585551904085,1.7129590683800706,-0.9233152959262084,604,0.01
0,1,0.0,27,5,2,101.47969802699838,74.62373723403252,-0.3074001089542519,604,0.01
0,1,0.0,0,20,2,87.83128327252048,12.054733972035123,-1.9859602951532187,604,0.01
0,1,0.0,3,20,2,34.51587703359285,12.99242234133625,-0.9770531313573948,604,0.01
0,1,0.0,6,20,2,9.376020945216528,13.708309336346508,0.3798467031255151,604,0.01
0,1,0.0,21,20,2,116.084508160928,21.92058354229393,-1.6668923613136872,604,0.01
0,1,0.0,24,20,2,27.274468866084067,4.249644907451303,-1.859115629984249,604,0.01
0,1,0.0,27,20,2,552.8399918731269,255.2282386298604,-0.772910415748225,604,0.01
0,1,0.0,0,50,2,26.425535385364785,11.521897588141163,-0.8300814292180778,604,0.01
0,1,0.0,3,50,2,60.55551962148945,15.966137228562216,-1.3330905676839635,604,0.01
0,1,0.0,6,50,2,34.08020779219975,50.07589897336644,0.3848230347977709,604,0.01
0,1,0.0,21,50,2,286.0845946623574,38.5512747022152,-2.004298386948668,604,0.01
0,1,0.0,24,50,2,54.96249595617866,5.560772262244429,-2.290914066228287,604,0.01
0,1,0.0,27,50,2,334.7976387835154,161.43363238129572,-0.7294321727783007,604,0.01
0,1,0.1,9,5,0,5.183758868879275,5.183758868879275,0.0,604,0.01
0,1,0.1,9,20,0,38.38283083570178,38.38283083570178,0.0,604,0.01
0,1,0.1,9,50,0,40.15997932287989,40.15997932287989,0.0,604,0.01
0,1,0.1,12,5,1,1.573791626757089,1.4108628604628115,-0.1092862817109328,604,0.01
0,1,0.1,15,5,1,25.881009800089107,2.2092122849596114,-2.4608734675744257,604,0.01
0,1,0.1,18,5,1,9.49986042484534,2.5337081992759067,-1.321593185301445,604,0.01
0,1,0.1,12,20,1,3.2602166896612057,1.9214483768330688,-0.5287143978059896,604,0.01
0,1,0.1,15,20,1,145.45737086396804,5.177128241977901,-3.3356325508326585,604,0.01
0,1,0.1,18,20,1,93.39807579859765,12.031124171726594,-2.0493737703150274,604,0.01
0,1,0.1,12,50,1,4.09200539738376,2.1130534657511397,-0.6609011255410756,604,0.01
0,1,0.1,15,50,1,59.85504881160618,4.211657378165694,-2.6540695394526197,604,0.01
0,1,0.1,18,50,1,242.8661051357734,21.50493086023986,-2.424228032632899,604,0.01
0,1,0.1,0,5,2,10.611678414307905,3.594320335423583,-1.0826002168472582,604,0.01
0,1,0.1,3,5,2,5.8392554024706085,3.193461695177336,-0.603497789808009,604,0.01
0,1,0.1,6,5,2,1.6633363682522408,2.6121804938893263,0.4513598651278679,604,0.01
0,1,0.1,21,5,2,11.609364819192743,5.153102450864368,-0.8122131334721009,604,0.01
0,1,0.1,24,5,2,4.312585551904085,1.7129590683800706,-0.9233152959262084,604,0.01
0,1,0.1,27,5,2,101.47969802699838,74.62373723403252,-0.3074001089542519,604,0.01
0,1,0.1,0,20,2,87.83128327252048,12.054733972035123,-1.9859602951532187,604,0.01
0,1,0.1,3,20,2,34.51587703359285,12.99242234133625,-0.9770531313573948,604,0.01
0,1,0.1,6,20,2,9.376020945216528,13.708309336346508,0.3798467031255151,604,0.01
0,1,0.1,21,20,2,116.084508160928,21.92058354229393,-1.6668923613136872,604,0.01
0,1,0.1,24,20,2,27.274468866084067,4.249644907451303,-1.859115629984249,604,0.01
0,1,0.1,27,20,2,552.8399918731269,255.2282386298604,-0.772910415748225,604,0.01
0,1,0.1,0,50,2,26.425535385364785,11.521897588141163,-0.8300814292180778,604,0.01
0,1,0.1,3,50,2,60.55551962148945,15.966137228562216,-1.3330905676839635,604,0.01
0,1,0.1,6,50,2,34.08020779219975,50.07589897336644,0.3848230347977709,604,0.01
0,1,0.1,21,50,2,286.0845946623574,38.5512747022152,-2.004298386948668,604,0.01
0,1,0.1,24,50,2,54.96249595617866,5.560772262244429,-2.290914066228287,604,0.01
0,1,0.1,27,50,2,334.7976387835154,161.43363238129572,-0.7294321727783007,604,0.01
0,1,0.25,9,5,0,5.183758868879275,5.183758868879275,0.0,604,0.01
0,1,0.25,9,20,0,38.38283083570178,38.38283083570178,0.0,604,0.01
0,1,0.25,9,50,0,40.15997932287989,40.15997932287989,0.0,604,0.01
0,1,0.25,12,5,1,1.573791626757089,1.4108628604628115,-0.1092862817109328,604,0.01
0,1,0.25,15,5,1,25.881009800089107,2.2092122849596114,-2.4608734675744257,604,0.01
0,1,0.25,18,5,1,9.49986042484534,2.5337081992759067,-1.321593185301445,604,0.01
0,1,0.25,12,20,1,3.2602166896612057,1.9214483768330688,-0.5287143978059896,604,0.01
0,1,0.25,15,20,1,145.45737086396804,5.177128241977901,-3.3356325508326585,604,0.01
0,1,0.25,18,20,1,93.39807579859765,12.031124171726594,-2.0493737703150274,604,0.01
0,1,0.25,12,50,1,4.09200539738376,2.1130534657511397,-0.6609011255410756,604,0.01
0,1,0.25,15,50,1,59.85504881160618,4.211657378165694,-2.6540695394526197,604,0.01
0,1,0.25,18,50,1,242.8661051357734,21.50493086023986,-2.424228032632899,604,0.01
0,1,0.25,0,5,2,10.611678414307905,3.594320335423583,-1.0826002168472582,604,0.01
0,1,0.25,3,5,2,5.8392554024706085,3.193461695177336,-0.603497789808009,604,0.01
0,1,0.25,6,5,2,1.6633363682522408,2.6121804938893263,0.4513598651278679,604,0.01
0,1,0.25,21,5,2,11.609364819192743,5.153102450864368,-0.8122131334721009,604,0.01
0,1,0.25,24,5,2,4.312585551904085,1.7129590683800706,-0.9233152959262084,604,0.01
0,1,0.25,27,5,2,101.47969802699838,74.62373723403252,-0.3074001089542519,604,0.01
0,1,0.25,0,20,2,87.83128327252048,12.054733972035123,-1.9859602951532187,604,0.01
0,1,0.25,3,20,2,34.51587703359285,12.99242234133625,-0.9770531313573948,604,0.01
0,1,0.25,6,20,2,9.376020945216528,13.708309336346508,0.3798467031255151,604,0.01
0,1,0.25,21,20,2,116.084508160928,21.92058354229393,-1.6668923613136872,604,0.01
0,1,0.25,24,20,2,27.274468866084067,4.249644907451303,-1.859115629984249,604,0.01
0,1,0.25,27,20,2,552.8399918731269,255.2282386298604,-0.772910415748225,604,0.01
0,1,0.25,0,50,2,26.425535385364785,11.521897588141163,-0.8300814292180778,604,0.01
0,1,0.25,3,50,2,60.55551962148945,15.966137228562216,-1.3330905676839635,604,0.01
0,1,0.25,6,50,2,34.08020779219975,50.07589897336644,0.3848230347977709,604,0.01
0,1,0.25,21,50,2,286.0845946623574,38.5512747022152,-2.004298386948668,604,0.01
0,1,0.25,24,50,2,54.96249595617866,5.560772262244429,-2.290914066228287,604,0.01
0,1,0.25,27,50,2,334.7976387835154,161.43363238129572,-0.7294321727783007,604,0.01
0,2,0.0,9,5,0,5.183758868879275,5.183758868879275,0.0,604,0.01
0,2,0.0,9,20,0,38.38283083570178,38.38283083570178,0.0,604,0.01
0,2,0.0,9,50,0,40.15997932287989,40.15997932287989,0.0,604,0.01
0,2,0.0,0,5,1,10.611678414307905,3.5943198434450934,-1.0826003537239073,604,0.01
0,2,0.0,3,5,1,5.8392554024706085,3.1934623370498203,-0.6034975888121993,604,0.01
0,2,0.0,6,5,1,1.6633363682522408,2.6121806935690546,0.4513599415696456,604,0.01
0,2,0.0,21,5,1,11.609364819192743,5.153101909302957,-0.8122132385663512,604,0.01
0,2,0.0,24,5,1,4.312585551904085,1.7129589691578355,-0.9233153538506736,604,0.01
0,2,0.0,27,5,1,101.47969802699838,74.62372932391689,-0.3074002149542506,604,0.01
0,2,0.0,0,20,1,87.83128327252048,12.054730712416836,-1.985960565554767,604,0.01
0,2,0.0,3,20,1,34.51587703359285,12.992425827020844,-0.9770528630714636,604,0.01
0,2,0.0,6,20,1,9.376020945216528,13.708313179720554,0.379846983493678,604,0.01
0,2,0.0,21,20,1,116.084508160928,21.92058027205386,-1.666892510499511,604,0.01
0,2,0.0,24,20,1,27.274468866084067,4.249643921379383,-1.859115862020585,604,0.01
0,2,0.0,27,20,1,552.8399918731269,255.228200143084,-0.7729105665418029,604,0.01
0,2,0.0,0,50,1,26.425535385364785,11.52189785821116,-0.830081405778363,604,0.01
0,2,0.0,3,50,1,60.55551962148945,15.96614167122791,-1.33309028942849,604,0.01
0,2,0.0,6,50,1,34.08020779219975,50.07590640486697,0.3848231832024953,604,0.01
0,2,0.0,21,50,1,286.0845946623574,38.55126458612831,-2.004298649354731,604,0.01
0,2,0.0,24,50,1,54.96249595617866,5.560771393654315,-2.290914222427847,604,0.01
0,2,0.0,27,50,1,334.7976387835154,161.43362076264856,-0.7294322447499675,604,0.01
0,2,0.0,12,5,2,1.573791626757089,1.410863299332135,-0.1092859706465002,604,0.01
0,2,0.0,15,5,2,25.881009800089107,2.209212751668003,-2.460873256318882,604,0.01
0,2,0.0,18,5,2,9.49986042484534,2.5337079600303163,-1.3215932797265262,604,0.01
0,2,0.0,12,20,2,3.2602166896612057,1.92144969859612,-0.5287137099068959,604,0.01
0,2,0.0,15,20,2,145.45737086396804,5.177129590322426,-3.335632290390134,604,0.01
0,2,0.0,18,20,2,93.39807579859765,12.031123697619162,-2.0493738097217724,604,0.01
0,2,0.0,12,50,2,4.09200539738376,2.1130541119509125,-0.6609008197278605,604,0.01
0,2,0.0,15,50,2,59.85504881160618,4.211658184122934,-2.654069348089199,604,0.01
0,2,0.0,18,50,2,242.8661051357734,21.504933664410316,-2.42422790223628,604,0.01
0,2,0.1,9,5,0,5.183758868879275,5.183758868879275,0.0,604,0.01
0,2,0.1,9,20,0,38.38283083570178,38.38283083570178,0.0,604,0.01
0,2,0.1,9,50,0,40.15997932287989,40.15997932287989,0.0,604,0.01
0,2,0.1,0,5,1,10.611678414307905,3.5943198434450934,-1.0826003537239073,604,0.01
0,2,0.1,3,5,1,5.8392554024706085,3.1934623370498203,-0.6034975888121993,604,0.01
0,2,0.1,6,5,1,1.6633363682522408,2.6121806935690546,0.4513599415696456,604,0.01
0,2,0.1,21,5,1,11.609364819192743,5.153101909302957,-0.8122132385663512,604,0.01
0,2,0.1,24,5,1,4.312585551904085,1.7129589691578355,-0.9233153538506736,604,0.01
0,2,0.1,27,5,1,101.47969802699838,74.62372932391689,-0.3074002149542506,604,0.01
0,2,0.1,0,20,1,87.83128327252048,12.054730712416836,-1.985960565554767,604,0.01
0,2,0.1,3,20,1,34.51587703359285,12.992425827020844,-0.9770528630714636,604,0.01
0,2,0.1,6,20,1,9.376020945216528,13.708313179720554,0.379846983493678,604,0.01
0,2,0.1,21,20,1,116.084508160928,21.92058027205386,-1.666892510499511,604,0.01
0,2,0.1,24,20,1,27.274468866084067,4.249643921379383,-1.859115862020585,604,0.01
0,2,0.1,27,20,1,552.8399918731269,255.228200143084,-0.7729105665418029,604,0.01
0,2,0.1,0,50,1,26.425535385364785,11.52189785821116,-0.830081405778363,604,0.01
0,2,0.1,3,50,1,60.55551962148945,15.96614167122791,-1.33309028942849,604,0.01
0,2,0.1,6,50,1,34.08020779219975,50.07590640486697,0.3848231832024953,604,0.01
0,2,0.1,21,50,1,286.0845946623574,38.55126458612831,-2.004298649354731,604,0.01
0,2,0.1,24,50,1,54.96249595617866,5.560771393654315,-2.290914222427847,604,0.01
0,2,0.1,27,50,1,334.7976387835154,161.43362076264856,-0.7294322447499675,604,0.01
0,2,0.1,12,5,2,1.573791626757089,1.410863299332135,-0.1092859706465002,604,0.01
0,2,0.1,15,5,2,25.881009800089107,2.209212751668003,-2.460873256318882,604,0.01
0,2,0.1,18,5,2,9.49986042484534,2.5337079600303163,-1.3215932797265262,604,0.01
0,2,0.1,12,20,2,3.2602166896612057,1.92144969859612,-0.5287137099068959,604,0.01
0,2,0.1,15,20,2,145.45737086396804,5.177129590322426,-3.335632290390134,604,0.01
0,2,0.1,18,20,2,93.39807579859765,12.031123697619162,-2.0493738097217724,604,0.01
0,2,0.1,12,50,2,4.09200539738376,2.1130541119509125,-0.6609008197278605,604,0.01
0,2,0.1,15,50,2,59.85504881160618,4.211658184122934,-2.654069348089199,604,0.01
0,2,0.1,18,50,2,242.8661051357734,21.504933664410316,-2.42422790223628,604,0.01
0,2,0.25,9,5,0,5.183758868879275,5.183758868879275,0.0,604,0.01
0,2,0.25,9,20,0,38.38283083570178,38.38283083570178,0.0,604,0.01
0,2,0.25,9,50,0,40.15997932287989,40.15997932287989,0.0,604,0.01
0,2,0.25,0,5,1,10.611678414307905,3.5943198434450934,-1.0826003537239073,604,0.01
0,2,0.25,3,5,1,5.8392554024706085,3.1934623370498203,-0.6034975888121993,604,0.01
0,2,0.25,6,5,1,1.6633363682522408,2.6121806935690546,0.4513599415696456,604,0.01
0,2,0.25,21,5,1,11.609364819192743,5.153101909302957,-0.8122132385663512,604,0.01
0,2,0.25,24,5,1,4.312585551904085,1.7129589691578355,-0.9233153538506736,604,0.01
0,2,0.25,27,5,1,101.47969802699838,74.62372932391689,-0.3074002149542506,604,0.01
0,2,0.25,0,20,1,87.83128327252048,12.054730712416836,-1.985960565554767,604,0.01
0,2,0.25,3,20,1,34.51587703359285,12.992425827020844,-0.9770528630714636,604,0.01
0,2,0.25,6,20,1,9.376020945216528,13.708313179720554,0.379846983493678,604,0.01
0,2,0.25,21,20,1,116.084508160928,21.92058027205386,-1.666892510499511,604,0.01
0,2,0.25,24,20,1,27.274468866084067,4.249643921379383,-1.859115862020585,604,0.01
0,2,0.25,27,20,1,552.8399918731269,255.228200143084,-0.7729105665418029,604,0.01
0,2,0.25,0,50,1,26.425535385364785,11.52189785821116,-0.830081405778363,604,0.01
0,2,0.25,3,50,1,60.55551962148945,15.96614167122791,-1.33309028942849,604,0.01
0,2,0.25,6,50,1,34.08020779219975,50.07590640486697,0.3848231832024953,604,0.01
0,2,0.25,21,50,1,286.0845946623574,38.55126458612831,-2.004298649354731,604,0.01
0,2,0.25,24,50,1,54.96249595617866,5.560771393654315,-2.290914222427847,604,0.01
0,2,0.25,27,50,1,334.7976387835154,161.43362076264856,-0.7294322447499675,604,0.01
0,2,0.25,12,5,2,1.573791626757089,1.410863299332135,-0.1092859706465002,604,0.01
0,2,0.25,15,5,2,25.881009800089107,2.209212751668003,-2.460873256318882,604,0.01
0,2,0.25,18,5,2,9.49986042484534,2.5337079600303163,-1.3215932797265262,604,0.01
0,2,0.25,12,20,2,3.2602166896612057,1.92144969859612,-0.5287137099068959,604,0.01
0,2,0.25,15,20,2,145.45737086396804,5.177129590322426,-3.335632290390134,604,0.01
0,2,0.25,18,20,2,93.39807579859765,12.031123697619162,-2.0493738097217724,604,0.01
0,2,0.25,12,50,2,4.09200539738376,2.1130541119509125,-0.6609008197278605,604,0.01
0,2,0.25,15,50,2,59.85504881160618,4.211658184122934,-2.654069348089199,604,0.01
0,2,0.25,18,50,2,242.8661051357734,21.504933664410316,-2.42422790223628,604,0.01
0,3,0.0,9,5,0,5.183758868879275,5.183758868879275,0.0,604,0.01
0,3,0.0,9,20,0,38.38283083570178,38.38283083570178,0.0,604,0.01
0,3,0.0,9,50,0,40.15997932287989,40.15997932287989,0.0,604,0.01
0,3,0.0,0,5,1,10.611678414307905,3.594320509399885,-1.0826001684441438,604,0.01
0,3,0.0,3,5,1,5.8392554024706085,3.1934618188492405,-0.6034977510814127,604,0.01
0,3,0.0,6,5,1,1.6633363682522408,2.6121804985065635,0.4513598668954476,604,0.01
0,3,0.0,21,5,1,11.609364819192743,5.15310240941893,-0.8122131415149134,604,0.01
0,3,0.0,24,5,1,4.312585551904085,1.712959016348922,-0.9233153263012186,604,0.01
0,3,0.0,27,5,1,101.47969802699838,74.62374522608914,-0.3074000018562092,604,0.01
0,3,0.0,0,20,1,87.83128327252048,12.054734586715275,-1.9859602441624515,604,0.01
0,3,0.0,3,20,1,34.51587703359285,12.992423614593465,-0.977053033357413,604,0.01
0,3,0.0,6,20,1,9.376020945216528,13.708311131249518,0.3798468340609096,604,0.01
0,3,0.0,21,20,1,116.084508160928,21.92058258214836,-1.6668924051147835,604,0.01
0,3,0.0,24,20,1,27.274468866084067,4.249644284373748,-1.859115776602993,604,0.01
0,3,0.0,27,20,1,552.8399918731269,255.2282732452312,-0.772910280123074,604,0.01
0,3,0.0,0,50,1,26.425535385364785,11.521898952722276,-0.8300813107843718,604,0.01
0,3,0.0,3,50,1,60.55551962148945,15.966139615584131,-1.333090418178689,604,0.01
0,3,0.0,6,50,1,34.08020779219975,50.07590108269908,0.3848230769204816,604,0.01
0,3,0.0,21,50,1,286.0845946623574,38.55127149968032,-2.004298470020759,604,0.01
0,3,0.0,24,50,1,54.96249595617866,5.560771259602324,-2.290914246534573,604,0.01
0,3,0.0,27,50,1,334.7976387835154,161.43365271861396,-0.7294320467988711,604,0.01
0,3,0.0,12,5,2,1.573791626757089,1.410863195187794,-0.1092860444625423,604,0.01
0,3,0.0,15,5,2,25.881009800089107,2.209211352182366,-2.46087388979616,604,0.01
0,3,0.0,18,5,2,9.49986042484534,2.533708351752695,-1.3215931251221462,604,0.01
0,3,0.0,12,20,2,3.2602166896612057,1.9214494263391897,-0.5287138516004046,604,0.01
0,3,0.0,15,20,2,145.45737086396804,5.1771242979124725,-3.335633312657892,604,0.01
0,3,0.0,18,20,2,93.39807579859765,12.031126304003124,-2.04937359308501,604,0.01
0,3,0.0,12,50,2,4.09200539738376,2.1130539156382704,-0.660900912632557,604,0.01
0,3,0.0,15,50,2,59.85504881160618,4.211654242244253,-2.654070284034224,604,0.01
0,3,0.0,18,50,2,242.8661051357734,21.50493976341765,-2.4242276186266416,604,0.01
0,3,0.1,9,5,0,5.183758868879275,5.183758868879275,0.0,604,0.01
0,3,0.1,9,20,0,38.38283083570178,38.38283083570178,0.0,604,0.01
0,3,0.1,9,50,0,40.15997932287989,40.15997932287989,0.0,604,0.01
0,3,0.1,0,5,1,10.611678414307905,3.594320509399885,-1.0826001684441438,604,0.01
0,3,0.1,3,5,1,5.8392554024706085,3.1934618188492405,-0.6034977510814127,604,0.01
0,3,0.1,6,5,1,1.6633363682522408,2.6121804985065635,0.4513598668954476,604,0.01
0,3,0.1,21,5,1,11.609364819192743,5.15310240941893,-0.8122131415149134,604,0.01
0,3,0.1,24,5,1,4.312585551904085,1.712959016348922,-0.9233153263012186,604,0.01
0,3,0.1,27,5,1,101.47969802699838,74.62374522608914,-0.3074000018562092,604,0.01
0,3,0.1,0,20,1,87.83128327252048,12.054734586715275,-1.9859602441624515,604,0.01
0,3,0.1,3,20,1,34.51587703359285,12.992423614593465,-0.977053033357413,604,0.01
0,3,0.1,6,20,1,9.376020945216528,13.708311131249518,0.3798468340609096,604,0.01
0,3,0.1,21,20,1,116.084508160928,21.92058258214836,-1.6668924051147835,604,0.01
0,3,0.1,24,20,1,27.274468866084067,4.249644284373748,-1.859115776602993,604,0.01
0,3,0.1,27,20,1,552.8399918731269,255.2282732452312,-0.772910280123074,604,0.01
0,3,0.1,0,50,1,26.425535385364785,11.521898952722276,-0.8300813107843718,604,0.01
0,3,0.1,3,50,1,60.55551962148945,15.966139615584131,-1.333090418178689,604,0.01
0,3,0.1,6,50,1,34.08020779219975,50.07590108269908,0.3848230769204816,604,0.01
0,3,0.1,21,50,1,286.0845946623574,38.55127149968032,-2.004298470020759,604,0.01
0,3,0.1,24,50,1,54.96249595617866,5.560771259602324,-2.290914246534573,604,0.01
0,3,0.1,27,50,1,334.7976387835154,161.43365271861396,-0.7294320467988711,604,0.01
0,3,0.1,12,5,2,1.573791626757089,1.410863195187794,-0.1092860444625423,604,0.01
0,3,0.1,15,5,2,25.881009800089107,2.209211352182366,-2.46087388979616,604,0.01
0,3,0.1,18,5,2,9.49986042484534,2.533708351752695,-1.3215931251221462,604,0.01
0,3,0.1,12,20,2,3.2602166896612057,1.9214494263391897,-0.5287138516004046,604,0.01
0,3,0.1,15,20,2,145.45737086396804,5.1771242979124725,-3.335633312657892,604,0.01
0,3,0.1,18,20,2,93.39807579859765,12.031126304003124,-2.04937359308501,604,0.01
0,3,0.1,12,50,2,4.09200539738376,2.1130539156382704,-0.660900912632557,604,0.01
0,3,0.1,15,50,2,59.85504881160618,4.211654242244253,-2.654070284034224,604,0.01
0,3,0.1,18,50,2,242.8661051357734,21.50493976341765,-2.4242276186266416,604,0.01
0,3,0.25,9,5,0,5.183758868879275,5.183758868879275,0.0,604,0.01
0,3,0.25,9,20,0,38.38283083570178,38.38283083570178,0.0,604,0.01
0,3,0.25,9,50,0,40.15997932287989,40.15997932287989,0.0,604,0.01
0,3,0.25,0,5,1,10.611678414307905,3.594320509399885,-1.0826001684441438,604,0.01
0,3,0.25,3,5,1,5.8392554024706085,3.1934618188492405,-0.6034977510814127,604,0.01
0,3,0.25,6,5,1,1.6633363682522408,2.6121804985065635,0.4513598668954476,604,0.01
0,3,0.25,21,5,1,11.609364819192743,5.15310240941893,-0.8122131415149134,604,0.01
0,3,0.25,24,5,1,4.312585551904085,1.712959016348922,-0.9233153263012186,604,0.01
0,3,0.25,27,5,1,101.47969802699838,74.62374522608914,-0.3074000018562092,604,0.01
0,3,0.25,0,20,1,87.83128327252048,12.054734586715275,-1.9859602441624515,604,0.01
0,3,0.25,3,20,1,34.51587703359285,12.992423614593465,-0.977053033357413,604,0.01
0,3,0.25,6,20,1,9.376020945216528,13.708311131249518,0.3798468340609096,604,0.01
0,3,0.25,21,20,1,116.084508160928,21.92058258214836,-1.6668924051147835,604,0.01
0,3,0.25,24,20,1,27.274468866084067,4.249644284373748,-1.859115776602993,604,0.01
0,3,0.25,27,20,1,552.8399918731269,255.2282732452312,-0.772910280123074,604,0.01
0,3,0.25,0,50,1,26.425535385364785,11.521898952722276,-0.8300813107843718,604,0.01
0,3,0.25,3,50,1,60.55551962148945,15.966139615584131,-1.333090418178689,604,0.01
0,3,0.25,6,50,1,34.08020779219975,50.07590108269908,0.3848230769204816,604,0.01
0,3,0.25,21,50,1,286.0845946623574,38.55127149968032,-2.004298470020759,604,0.01
0,3,0.25,24,50,1,54.96249595617866,5.560771259602324,-2.290914246534573,604,0.01
0,3,0.25,27,50,1,334.7976387835154,161.43365271861396,-0.7294320467988711,604,0.01
0,3,0.25,12,5,2,1.573791626757089,1.410863195187794,-0.1092860444625423,604,0.01
0,3,0.25,15,5,2,25.881009800089107,2.209211352182366,-2.46087388979616,604,0.01
0,3,0.25,18,5,2,9.49986042484534,2.533708351752695,-1.3215931251221462,604,0.01
0,3,0.25,12,20,2,3.2602166896612057,1.9214494263391897,-0.5287138516004046,604,0.01
0,3,0.25,15,20,2,145.45737086396804,5.1771242979124725,-3.335633312657892,604,0.01
0,3,0.25,18,20,2,93.39807579859765,12.031126304003124,-2.04937359308501,604,0.01
0,3,0.25,12,50,2,4.09200539738376,2.1130539156382704,-0.660900912632557,604,0.01
0,3,0.25,15,50,2,59.85504881160618,4.211654242244253,-2.654070284034224,604,0.01
0,3,0.25,18,50,2,242.8661051357734,21.50493976341765,-2.4242276186266416,604,0.01
0,4,0.0,9,5,0,5.183758868879275,5.183758868879275,0.0,604,0.01
0,4,0.0,9,20,0,38.38283083570178,38.38283083570178,0.0,604,0.01
0,4,0.0,9,50,0,40.15997932287989,40.15997932287989,0.0,604,0.01
0,4,0.0,12,5,1,1.573791626757089,1.4108635066226844,-0.1092858237218944,604,0.01
0,4,0.0,15,5,1,25.881009800089107,2.209213134809671,-2.4608730828898477,604,0.01
0,4,0.0,18,5,1,9.49986042484534,2.5337078328378064,-1.3215933299266736,604,0.01
0,4,0.0,12,20,1,3.2602166896612057,1.9214505479847657,-0.5287132678508492,604,0.01
0,4,0.0,15,20,1,145.45737086396804,5.177130983234357,-3.335632021339163,604,0.01
0,4,0.0,18,20,1,93.39807579859765,12.031124668597878,-2.049373729016204,604,0.01
0,4,0.0,12,50,1,4.09200539738376,2.1130547831529727,-0.6609005020824438,604,0.01
0,4,0.0,15,50,1,59.85504881160618,4.211660167589862,-2.6540688771425134,604,0.01
0,4,0.0,18,50,1,242.8661051357734,21.504940073566555,-2.4242276042044244,604,0.01
0,4,0.0,0,5,2,10.611678414307905,3.594319156620912,-1.08260054480992,604,0.01
0,4,0.0,3,5,2,5.8392554024706085,3.1934611680674685,-0.6034979548671083,604,0.01
0,4,0.0,6,5,2,1.6633363682522408,2.612180104225723,0.4513597159560809,604,0.01
0,4,0.0,21,5,2,11.609364819192743,5.1531034996306175,-0.8122129299507944,604,0.01
0,4,0.0,24,5,2,4.312585551904085,1.7129591819129806,-0.923315229647388,604,0.01
0,4,0.0,27,5,2,101.47969802699838,74.62374014970815,-0.3074000698825612,604,0.01
0,4,0.0,0,20,2,87.83128327252048,12.054728500848643,-1.9859607490153888,604,0.01
0,4,0.0,3,20,2,34.51587703359285,12.992421059900185,-0.9770532299868956,604,0.01
0,4,0.0,6,20,2,9.376020945216528,13.70831060865925,0.3798467959387608,604,0.01
0,4,0.0,21,20,2,116.084508160928,21.9205852040459,-1.6668922855058554,604,0.01
0,4,0.0,24,20,2,27.274468866084067,4.24964473973111,-1.859115669451122,604,0.01
0,4,0.0,27,20,2,552.8399918731269,255.2282385237033,-0.7729104161641551,604,0.01
0,4,0.0,0,50,2,26.425535385364785,11.52189573514431,-0.830081590042021,604,0.01
0,4,0.0,3,50,2,60.55551962148945,15.966136787324448,-1.3330905953198138,604,0.01
0,4,0.0,6,50,2,34.08020779219975,50.07589523323696,0.3848229601085553,604,0.01
0,4,0.0,21,50,2,286.0845946623574,38.551273033074494,-2.004298430245309,604,0.01
0,4,0.0,24,50,2,54.96249595617866,5.560772151147958,-2.290914086206892,604,0.01
0,4,0.0,27,50,2,334.7976387835154,161.4336413146965,-0.7294321174403864,604,0.01
0,4,0.1,9,5,0,5.183758868879275,5.183758868879275,0.0,604,0.01
0,4,0.1,9,20,0,38.38283083570178,38.38283083570178,0.0,604,0.01
0,4,0.1,9,50,0,40.15997932287989,40.15997932287989,0.0,604,0.01
0,4,0.1,12,5,1,1.573791626757089,1.4108635066226844,-0.1092858237218944,604,0.01
0,4,0.1,15,5,1,25.881009800089107,2.209213134809671,-2.4608730828898477,604,0.01
0,4,0.1,18,5,1,9.49986042484534,2.5337078328378064,-1.3215933299266736,604,0.01
0,4,0.1,12,20,1,3.2602166896612057,1.9214505479847657,-0.5287132678508492,604,0.01
0,4,0.1,15,20,1,145.45737086396804,5.177130983234357,-3.335632021339163,604,0.01
0,4,0.1,18,20,1,93.39807579859765,12.031124668597878,-2.049373729016204,604,0.01
0,4,0.1,12,50,1,4.09200539738376,2.1130547831529727,-0.6609005020824438,604,0.01
0,4,0.1,15,50,1,59.85504881160618,4.211660167589862,-2.6540688771425134,604,0.01
0,4,0.1,18,50,1,242.8661051357734,21.504940073566555,-2.4242276042044244,604,0.01
0,4,0.1,0,5,2,10.611678414307905,3.594319156620912,-1.08260054480992,604,0.01
0,4,0.1,3,5,2,5.8392554024706085,3.1934611680674685,-0.6034979548671083,604,0.01
0,4,0.1,6,5,2,1.6633363682522408,2.612180104225723,0.4513597159560809,604,0.01
0,4,0.1,21,5,2,11.609364819192743,5.1531034996306175,-0.8122129299507944,604,0.01
0,4,0.1,24,5,2,4.312585551904085,1.7129591819129806,-0.923315229647388,604,0.01
0,4,0.1,27,5,2,101.47969802699838,74.62374014970815,-0.3074000698825612,604,0.01
0,4,0.1,0,20,2,87.83128327252048,12.054728500848643,-1.9859607490153888,604,0.01
0,4,0.1,3,20,2,34.51587703359285,12.992421059900185,-0.9770532299868956,604,0.01
0,4,0.1,6,20,2,9.376020945216528,13.70831060865925,0.3798467959387608,604,0.01
0,4,0.1,21,20,2,116.084508160928,21.9205852040459,-1.6668922855058554,604,0.01
0,4,0.1,24,20,2,27.274468866084067,4.24964473973111,-1.859115669451122,604,0.01
0,4,0.1,27,20,2,552.8399918731269,255.2282385237033,-0.7729104161641551,604,0.01
0,4,0.1,0,50,2,26.425535385364785,11.52189573514431,-0.830081590042021,604,0.01
0,4,0.1,3,50,2,60.55551962148945,15.966136787324448,-1.3330905953198138,604,0.01
0,4,0.1,6,50,2,34.08020779219975,50.07589523323696,0.3848229601085553,604,0.01
0,4,0.1,21,50,2,286.0845946623574,38.551273033074494,-2.004298430245309,604,0.01
0,4,0.1,24,50,2,54.96249595617866,5.560772151147958,-2.290914086206892,604,0.01
0,4,0.1,27,50,2,334.7976387835154,161.4336413146965,-0.7294321174403864,604,0.01
0,4,0.25,9,5,0,5.183758868879275,5.183758868879275,0.0,604,0.01
0,4,0.25,9,20,0,38.38283083570178,38.38283083570178,0.0,604,0.01
0,4,0.25,9,50,0,40.15997932287989,40.15997932287989,0.0,604,0.01
0,4,0.25,12,5,1,1.573791626757089,1.4108635066226844,-0.1092858237218944,604,0.01
0,4,0.25,15,5,1,25.881009800089107,2.209213134809671,-2.4608730828898477,604,0.01
0,4,0.25,18,5,1,9.49986042484534,2.5337078328378064,-1.3215933299266736,604,0.01
0,4,0.25,12,20,1,3.2602166896612057,1.9214505479847657,-0.5287132678508492,604,0.01
0,4,0.25,15,20,1,145.45737086396804,5.177130983234357,-3.335632021339163,604,0.01
0,4,0.25,18,20,1,93.39807579859765,12.031124668597878,-2.049373729016204,604,0.01
0,4,0.25,12,50,1,4.09200539738376,2.1130547831529727,-0.6609005020824438,604,0.01
0,4,0.25,15,50,1,59.85504881160618,4.211660167589862,-2.6540688771425134,604,0.01
0,4,0.25,18,50,1,242.8661051357734,21.504940073566555,-2.4242276042044244,604,0.01
0,4,0.25,0,5,2,10.611678414307905,3.594319156620912,-1.08260054480992,604,0.01
0,4,0.25,3,5,2,5.8392554024706085,3.1934611680674685,-0.6034979548671083,604,0.01
0,4,0.25,6,5,2,1.6633363682522408,2.612180104225723,0.4513597159560809,604,0.01
0,4,0.25,21,5,2,11.609364819192743,5.1531034996306175,-0.8122129299507944,604,0.01
0,4,0.25,24,5,2,4.312585551904085,1.7129591819129806,-0.923315229647388,604,0.01
0,4,0.25,27,5,2,101.47969802699838,74.62374014970815,-0.3074000698825612,604,0.01
0,4,0.25,0,20,2,87.83128327252048,12.054728500848643,-1.9859607490153888,604,0.01
0,4,0.25,3,20,2,34.51587703359285,12.992421059900185,-0.9770532299868956,604,0.01
0,4,0.25,6,20,2,9.376020945216528,13.70831060865925,0.3798467959387608,604,0.01
0,4,0.25,21,20,2,116.084508160928,21.9205852040459,-1.6668922855058554,604,0.01
0,4,0.25,24,20,2,27.274468866084067,4.24964473973111,-1.859115669451122,604,0.01
0,4,0.25,27,20,2,552.8399918731269,255.2282385237033,-0.7729104161641551,604,0.01
0,4,0.25,0,50,2,26.425535385364785,11.52189573514431,-0.830081590042021,604,0.01
0,4,0.25,3,50,2,60.55551962148945,15.966136787324448,-1.3330905953198138,604,0.01
0,4,0.25,6,50,2,34.08020779219975,50.07589523323696,0.3848229601085553,604,0.01
0,4,0.25,21,50,2,286.0845946623574,38.551273033074494,-2.004298430245309,604,0.01
0,4,0.25,24,50,2,54.96249595617866,5.560772151147958,-2.290914086206892,604,0.01
0,4,0.25,27,50,2,334.7976387835154,161.4336413146965,-0.7294321174403864,604,0.01
0,5,0.0,9,5,0,5.183758868879275,5.183758868879275,0.0,604,0.01
0,5,0.0,9,20,0,38.38283083570178,38.38283083570178,0.0,604,0.01
0,5,0.0,9,50,0,40.15997932287989,40.15997932287989,0.0,604,0.01
0,5,0.0,12,5,1,1.573791626757089,1.4108632229735103,-0.1092860247684175,604,0.01
0,5,0.0,15,5,1,25.881009800089107,2.20921108422459,-2.4608740110873133,604,0.01
0,5,0.0,18,5,1,9.49986042484534,2.5337085105943227,-1.321593062430786,604,0.01
0,5,0.0,12,20,1,3.2602166896612057,1.92144953330316,-0.5287137959320299,604,0.01
0,5,0.0,15,20,1,145.45737086396804,5.177123382565133,-3.3356334894640427,604,0.01
0,5,0.0,18,20,1,93.39807579859765,12.031126753361262,-2.049373555735379,604,0.01
0,5,0.0,12,50,1,4.09200539738376,2.1130539591121678,-0.6609008920585924,604,0.01
0,5,0.0,15,50,1,59.85504881160618,4.211653718311583,-2.654070408434916,604,0.01
0,5,0.0,18,50,1,242.8661051357734,21.50494177416077,-2.4242275251251924,604,0.01
0,5,0.0,0,5,2,10.611678414307905,3.594319438148043,-1.0826004664843434,604,0.01
0,5,0.0,3,5,2,5.8392554024706085,3.193462327837969,-0.6034975916967961,604,0.01
0,5,0.0,6,5,2,1.6633363682522408,2.612180748751191,0.4513599626945763,604,0.01
0,5,0.0,21,5,2,11.609364819192743,5.153101917733473,-0.8122132369303433,604,0.01
0,5,0.0,24,5,2,4.312585551904085,1.712958962644425,-0.9233153576531058,604,0.01
0,5,0.0,27,5,2,101.47969802699838,74.6237387205792,-0.3074000890336915,604,0.01
0,5,0.0,0,20,2,87.83128327252048,12.054731099685158,-1.9859605334289296,604,0.01
0,5,0.0,3,20,2,34.51587703359285,12.992425988781452,-0.977052850621086,604,0.01
0,5,0.0,6,20,2,9.376020945216528,13.708312598787666,0.3798469411155319,604,0.01
0,5,0.0,21,20,2,116.084508160928,21.92058016862452,-1.6668925152178775,604,0.01
0,5,0.0,24,20,2,27.274468866084067,4.249644019817434,-1.85911583885675,604,0.01
0,5,0.0,27,20,2,552.8399918731269,255.22825029033973,-0.772910370061748,604,0.01
0,5,0.0,0,50,2,26.425535385364785,11.521897752694056,-0.8300814149363253,604,0.01
0,5,0.0,3,50,2,60.55551962148945,15.9661427573368,-1.3330902214027345,604,0.01
0,5,0.0,6,50,2,34.08020779219975,50.07590793182957,0.3848232136954546,604,0.01
0,5,0.0,21,50,2,286.0845946623574,38.55126728578955,-2.0042985793269072,604,0.01
0,5,0.0,24,50,2,54.96249595617866,5.560770751202485,-2.2909143379607158,604,0.01
0,5,0.0,27,50,2,334.7976387835154,161.43364290624592,-0.7294321075815403,604,0.01
0,5,0.1,9,5,0,5.183758868879275,5.183758868879275,0.0,604,0.01
0,5,0.1,9,20,0,38.38283083570178,38.38283083570178,0.0,604,0.01
0,5,0.1,9,50,0,40.15997932287989,40.15997932287989,0.0,604,0.01
0,5,0.1,12,5,1,1.573791626757089,1.4108632229735103,-0.1092860247684175,604,0.01
0,5,0.1,15,5,1,25.881009800089107,2.20921108422459,-2.4608740110873133,604,0.01
0,5,0.1,18,5,1,9.49986042484534,2.5337085105943227,-1.321593062430786,604,0.01
0,5,0.1,12,20,1,3.2602166896612057,1.92144953330316,-0.5287137959320299,604,0.01
0,5,0.1,15,20,1,145.45737086396804,5.177123382565133,-3.3356334894640427,604,0.01
0,5,0.1,18,20,1,93.39807579859765,12.031126753361262,-2.049373555735379,604,0.01
0,5,0.1,12,50,1,4.09200539738376,2.1130539591121678,-0.6609008920585924,604,0.01
0,5,0.1,15,50,1,59.85504881160618,4.211653718311583,-2.654070408434916,604,0.01
0,5,0.1,18,50,1,242.8661051357734,21.50494177416077,-2.4242275251251924,604,0.01
0,5,0.1,0,5,2,10.611678414307905,3.594319438148043,-1.0826004664843434,604,0.01
0,5,0.1,3,5,2,5.8392554024706085,3.193462327837969,-0.6034975916967961,604,0.01
0,5,0.1,6,5,2,1.6633363682522408,2.612180748751191,0.4513599626945763,604,0.01
0,5,0.1,21,5,2,11.609364819192743,5.153101917733473,-0.8122132369303433,604,0.01
0,5,0.1,24,5,2,4.312585551904085,1.712958962644425,-0.9233153576531058,604,0.01
0,5,0.1,27,5,2,101.47969802699838,74.6237387205792,-0.3074000890336915,604,0.01
0,5,0.1,0,20,2,87.83128327252048,12.054731099685158,-1.9859605334289296,604,0.01
0,5,0.1,3,20,2,34.51587703359285,12.992425988781452,-0.977052850621086,604,0.01
0,5,0.1,6,20,2,9.376020945216528,13.708312598787666,0.3798469411155319,604,0.01
0,5,0.1,21,20,2,116.084508160928,21.92058016862452,-1.6668925152178775,604,0.01
0,5,0.1,24,20,2,27.274468866084067,4.249644019817434,-1.85911583885675,604,0.01
0,5,0.1,27,20,2,552.8399918731269,255.22825029033973,-0.772910370061748,604,0.01
0,5,0.1,0,50,2,26.425535385364785,11.521897752694056,-0.8300814149363253,604,0.01
0,5,0.1,3,50,2,60.55551962148945,15.9661427573368,-1.3330902214027345,604,0.01
0,5,0.1,6,50,2,34.08020779219975,50.07590793182957,0.3848232136954546,604,0.01
0,5,0.1,21,50,2,286.0845946623574,38.55126728578955,-2.0042985793269072,604,0.01
0,5,0.1,24,50,2,54.96249595617866,5.560770751202485,-2.2909143379607158,604,0.01
0,5,0.1,27,50,2,334.7976387835154,161.43364290624592,-0.7294321075815403,604,0.01
0,5,0.25,9,5,0,5.183758868879275,5.183758868879275,0.0,604,0.01
0,5,0.25,9,20,0,38.38283083570178,38.38283083570178,0.0,604,0.01
0,5,0.25,9,50,0,40.15997932287989,40.15997932287989,0.0,604,0.01
0,5,0.25,12,5,1,1.573791626757089,1.4108632229735103,-0.1092860247684175,604,0.01
0,5,0.25,15,5,1,25.881009800089107,2.20921108422459,-2.4608740110873133,604,0.01
0,5,0.25,18,5,1,9.49986042484534,2.5337085105943227,-1.321593062430786,604,0.01
0,5,0.25,12,20,1,3.2602166896612057,1.92144953330316,-0.5287137959320299,604,0.01
0,5,0.25,15,20,1,145.45737086396804,5.177123382565133,-3.3356334894640427,604,0.01
0,5,0.25,18,20,1,93.39807579859765,12.031126753361262,-2.049373555735379,604,0.01
0,5,0.25,12,50,1,4.09200539738376,2.1130539591121678,-0.6609008920585924,604,0.01
0,5,0.25,15,50,1,59.85504881160618,4.211653718311583,-2.654070408434916,604,0.01
0,5,0.25,18,50,1,242.8661051357734,21.50494177416077,-2.4242275251251924,604,0.01
0,5,0.25,0,5,2,10.611678414307905,3.594319438148043,-1.0826004664843434,604,0.01
0,5,0.25,3,5,2,5.8392554024706085,3.193462327837969,-0.6034975916967961,604,0.01
0,5,0.25,6,5,2,1.6633363682522408,2.612180748751191,0.4513599626945763,604,0.01
0,5,0.25,21,5,2,11.609364819192743,5.153101917733473,-0.8122132369303433,604,0.01
0,5,0.25,24,5,2,4.312585551904085,1.712958962644425,-0.9233153576531058,604,0.01
0,5,0.25,27,5,2,101.47969802699838,74.6237387205792,-0.3074000890336915,604,0.01
0,5,0.25,0,20,2,87.83128327252048,12.054731099685158,-1.9859605334289296,604,0.01
0,5,0.25,3,20,2,34.51587703359285,12.992425988781452,-0.977052850621086,604,0.01
0,5,0.25,6,20,2,9.376020945216528,13.708312598787666,0.3798469411155319,604,0.01
0,5,0.25,21,20,2,116.084508160928,21.92058016862452,-1.6668925152178775,604,0.01
0,5,0.25,24,20,2,27.274468866084067,4.249644019817434,-1.85911583885675,604,0.01
0,5,0.25,27,20,2,552.8399918731269,255.22825029033973,-0.772910370061748,604,0.01
0,5,0.25,0,50,2,26.425535385364785,11.521897752694056,-0.8300814149363253,604,0.01
0,5,0.25,3,50,2,60.55551962148945,15.9661427573368,-1.3330902214027345,604,0.01
0,5,0.25,6,50,2,34.08020779219975,50.07590793182957,0.3848232136954546,604,0.01
0,5,0.25,21,50,2,286.0845946623574,38.55126728578955,-2.0042985793269072,604,0.01
0,5,0.25,24,50,2,54.96249595617866,5.560770751202485,-2.2909143379607158,604,0.01
0,5,0.25,27,50,2,334.7976387835154,161.43364290624592,-0.7294321075815403,604,0.01
1,0,0.0,1,5,0,2.158442415217585,2.158442415217585,0.0,604,0.01
1,0,0.0,7,5,0,5.430374022137156,5.430374022137156,0.0,604,0.01
1,0,0.0,16,5,0,5.98420388361635,5.98420388361635,0.0,604,0.01
1,0,0.0,1,20,0,8.007921900352748,8.007921900352748,0.0,604,0.01
1,0,0.0,7,20,0,34.131549743119066,34.131549743119066,0.0,604,0.01
1,0,0.0,16,20,0,21.4240510857126,21.4240510857126,0.0,604,0.01
1,0,0.0,1,50,0,6.436747924166531,6.436747924166531,0.0,604,0.01
1,0,0.0,7,50,0,64.23317459807734,64.23317459807734,0.0,604,0.01
1,0,0.0,16,50,0,47.018597956898105,47.018597956898105,0.0,604,0.01
1,0,0.0,10,5,1,9.718788835181265,5.592430699178434,-0.5526469827118423,604,0.01
1,0,0.0,13,5,1,5.472343634550919,4.881631354137895,-0.1142275191782613,604,0.01
1,0,0.0,19,5,1,18.902816014634883,7.940874863301424,-0.8672874529661088,604,0.01
1,0,0.0,10,20,1,50.6544573689717,21.452395504376923,-0.8591909124945167,604,0.01
1,0,0.0,13,20,1,37.22588965927095,32.36617297103955,-0.1398906444939068,604,0.01
1,0,0.0,19,20,1,158.45281095640811,52.46975279084079,-1.1052199600672563,604,0.01
1,0,0.0,10,50,1,75.84184720532267,27.861370252614662,-1.00140906360729,604,0.01
1,0,0.0,13,50,1,58.53035452731124,27.43884001318492,-0.7575859720822987,604,0.01
1,0,0.0,19,50,1,304.35604534250496,90.52358893780624,-1.2125877498802915,604,0.01
1,0,0.0,4,5,2,3.257080152324011,3.662806998132815,0.1173986576058031,604,0.01
1,0,0.0,22,5,2,10.40180897753123,2.9057727203107344,-1.2752803795710683,604,0.01
1,0,0.0,25,5,2,3.257236341151227,1.7019455941045083,-0.6491070239446268,604,0.01
1,0,0.0,28,5,2,5.389633940353386,1.574375169248971,-1.2306189923963415,604,0.01
1,0,0.0,4,20,2,19.15806151707182,9.697045908517438,-0.6809023003815796,604,0.01
1,0,0.0,22,20,2,118.52886100203932,6.53364648695212,-2.898191275584832,604,0.01
1,0,0.0,25,20,2,28.269599441552938,2.653473101782957,-2.3659176162240283,604,0.01
1,0,0.0,28,20,2,28.56900335669853,1.472912600371494,-2.965080530093216,604,0.01
1,0,0.0,4,50,2,26.1496916990505,8.16664603141662,-1.1637790986161032,604,0.01
1,0,0.0,22,50,2,194.23166530050872,5.217899910580065,-3.616956592702713,604,0.01
1,0,0.0,25,50,2,76.20245532634827,3.510896292384241,-3.077522325467907,604,0.01
1,0,0.0,28,50,2,55.58001522070483,1.5187732551554631,-3.5999207581405,604,0.01
1,0,0.1,1,5,0,2.158442415217585,2.158442415217585,0.0,604,0.01
1,0,0.1,7,5,0,5.430374022137156,5.430374022137156,0.0,604,0.01
1,0,0.1,16,5,0,5.98420388361635,5.98420388361635,0.0,604,0.01
1,0,0.1,1,20,0,8.007921900352748,8.007921900352748,0.0,604,0.01
1,0,0.1,7,20,0,34.131549743119066,34.131549743119066,0.0,604,0.01
1,0,0.1,16,20,0,21.4240510857126,21.4240510857126,0.0,604,0.01
1,0,0.1,1,50,0,6.436747924166531,6.436747924166531,0.0,604,0.01
1,0,0.1,7,50,0,64.23317459807734,64.23317459807734,0.0,604,0.01
1,0,0.1,16,50,0,47.018597956898105,47.018597956898105,0.0,604,0.01
1,0,0.1,10,5,1,9.718788835181265,5.592430699178434,-0.5526469827118423,604,0.01
1,0,0.1,13,5,1,5.472343634550919,4.881631354137895,-0.1142275191782613,604,0.01
1,0,0.1,19,5,1,18.902816014634883,7.940874863301424,-0.8672874529661088,604,0.01
1,0,0.1,10,20,1,50.6544573689717,21.452395504376923,-0.8591909124945167,604,0.01
1,0,0.1,13,20,1,37.22588965927095,32.36617297103955,-0.1398906444939068,604,0.01
1,0,0.1,19,20,1,158.45281095640811,52.46975279084079,-1.1052199600672563,604,0.01
1,0,0.1,10,50,1,75.84184720532267,27.861370252614662,-1.00140906360729,604,0.01
1,0,0.1,13,50,1,58.53035452731124,27.43884001318492,-0.7575859720822987,604,0.01
1,0,0.1,19,50,1,304.35604534250496,90.52358893780624,-1.2125877498802915,604,0.01
1,0,0.1,4,5,2,3.257080152324011,3.662806998132815,0.1173986576058031,604,0.01
1,0,0.1,22,5,2,10.40180897753123,2.9057727203107344,-1.2752803795710683,604,0.01
1,0,0.1,25,5,2,3.257236341151227,1.7019455941045083,-0.6491070239446268,604,0.01
1,0,0.1,28,5,2,5.389633940353386,1.574375169248971,-1.2306189923963415,604,0.01
1,0,0.1,4,20,2,19.15806151707182,9.697045908517438,-0.6809023003815796,604,0.01
1,0,0.1,22,20,2,118.52886100203932,6.53364648695212,-2.898191275584832,604,0.01
1,0,0.1,25,20,2,28.269599441552938,2.653473101782957,-2.3659176162240283,604,0.01
1,0,0.1,28,20,2,28.56900335669853,1.472912600371494,-2.965080530093216,604,0.01
1,0,0.1,4,50,2,26.1496916990505,8.16664603141662,-1.1637790986161032,604,0.01
1,0,0.1,22,50,2,194.23166530050872,5.217899910580065,-3.616956592702713,604,0.01
1,0,0.1,25,50,2,76.20245532634827,3.510896292384241,-3.077522325467907,604,0.01
1,0,0.1,28,50,2,55.58001522070483,1.5187732551554631,-3.5999207581405,604,0.01
1,0,0.25,1,5,0,2.158442415217585,2.158442415217585,0.0,604,0.01
1,0,0.25,7,5,0,5.430374022137156,5.430374022137156,0.0,604,0.01
1,0,0.25,16,5,0,5.98420388361635,5.98420388361635,0.0,604,0.01
1,0,0.25,1,20,0,8.007921900352748,8.007921900352748,0.0,604,0.01
1,0,0.25,7,20,0,34.131549743119066,34.131549743119066,0.0,604,0.01
1,0,0.25,16,20,0,21.4240510857126,21.4240510857126,0.0,604,0.01
1,0,0.25,1,50,0,6.436747924166531,6.436747924166531,0.0,604,0.01
1,0,0.25,7,50,0,64.23317459807734,64.23317459807734,0.0,604,0.01
1,0,0.25,16,50,0,47.018597956898105,47.018597956898105,0.0,604,0.01
1,0,0.25,10,5,1,9.718788835181265,5.592430699178434,-0.5526469827118423,604,0.01
1,0,0.25,13,5,1,5.472343634550919,4.881631354137895,-0.1142275191782613,604,0.01
1,0,0.25,19,5,1,18.902816014634883,7.940874863301424,-0.8672874529661088,604,0.01
1,0,0.25,10,20,1,50.6544573689717,21.452395504376923,-0.8591909124945167,604,0.01
1,0,0.25,13,20,1,37.22588965927095,32.36617297103955,-0.1398906444939068,604,0.01
1,0,0.25,19,20,1,158.45281095640811,52.46975279084079,-1.1052199600672563,604,0.01
1,0,0.25,10,50,1,75.84184720532267,27.861370252614662,-1.00140906360729,604,0.01
1,0,0.25,13,50,1,58.53035452731124,27.43884001318492,-0.7575859720822987,604,0.01
1,0,0.25,19,50,1,304.35604534250496,90.52358893780624,-1.2125877498802915,604,0.01
1,0,0.25,4,5,2,3.257080152324011,3.662806998132815,0.1173986576058031,604,0.01
1,0,0.25,22,5,2,10.40180897753123,2.9057727203107344,-1.2752803795710683,604,0.01
1,0,0.25,25,5,2,3.257236341151227,1.7019455941045083,-0.6491070239446268,604,0.01
1,0,0.25,28,5,2,5.389633940353386,1.574375169248971,-1.2306189923963415,604,0.01
1,0,0.25,4,20,2,19.15806151707182,9.697045908517438,-0.6809023003815796,604,0.01
1,0,0.25,22,20,2,118.52886100203932,6.53364648695212,-2.898191275584832,604,0.01
1,0,0.25,25,20,2,28.269599441552938,2.653473101782957,-2.3659176162240283,604,0.01
1,0,0.25,28,20,2,28.56900335669853,1.472912600371494,-2.965080530093216,604,0.01
1,0,0.25,4,50,2,26.1496916990505,8.16664603141662,-1.1637790986161032,604,0.01
1,0,0.25,22,50,2,194.23166530050872,5.217899910580065,-3.616956592702713,604,0.01
1,0,0.25,25,50,2,76.20245532634827,3.510896292384241,-3.077522325467907,604,0.01
1,0,0.25,28,50,2,55.58001522070483,1.5187732551554631,-3.5999207581405,604,0.01
1,1,0.0,1,5,0,2.158442415217585,2.158442415217585,0.0,604,0.01
1,1,0.0,7,5,0,5.430374022137156,5.430374022137156,0.0,604,0.01
1,1,0.0,16,5,0,5.98420388361635,5.98420388361635,0.0,604,0.01
1,1,0.0,1,20,0,8.007921900352748,8.007921900352748,0.0,604,0.01
1,1,0.0,7,20,0,34.131549743119066,34.131549743119066,0.0,604,0.01
1,1,0.0,16,20,0,21.4240510857126,21.4240510857126,0.0,604,0.01
1,1,0.0,1,50,0,6.436747924166531,6.436747924166531,0.0,604,0.01
1,1,0.0,7,50,0,64.23317459807734,64.23317459807734,0.0,604,0.01
1,1,0.0,16,50,0,47.018597956898105,47.018597956898105,0.0,604,0.01
1,1,0.0,10,5,1,9.718788835181265,5.592429790723593,-0.5526471451555027,604,0.01
1,1,0.0,13,5,1,5.472343634550919,4.881633260484144,-0.114227128664161,604,0.01
1,1,0.0,19,5,1,18.902816014634883,7.940874585689789,-0.8672874879259392,604,0.01
1,1,0.0,10,20,1,50.6544573689717,21.45239012667148,-0.859191163175431,604,0.01
1,1,0.0,13,20,1,37.22588965927095,32.366190121918066,-0.1398901145927047,604,0.01
1,1,0.0,19,20,1,158.45281095640811,52.469750111090015,-1.1052200111395545,604,0.01
1,1,0.0,10,50,1,75.84184720532267,27.861363571203523,-1.0014093034164555,604,0.01
1,1,0.0,13,50,1,58.53035452731124,27.438857870363112,-0.7575853212831988,604,0.01
1,1,0.0,19,50,1,304.35604534250496,90.5235899545734,-1.212587738648223,604,0.01
1,1,0.0,4,5,2,3.257080152324011,3.6628084641352543,0.1173990578458776,604,0.01
1,1,0.0,22,5,2,10.40180897753123,2.9057737803268653,-1.2752800147744932,604,0.01
1,1,0.0,25,5,2,3.257236341151227,1.701945342370394,-0.6491071718542508,604,0.01
1,1,0.0,28,5,2,5.389633940353386,1.5743760215276978,-1.2306184510523763,604,0.01
1,1,0.0,4,20,2,19.15806151707182,9.69704929292785,-0.6809019513670597,604,0.01
1,1,0.0,22,20,2,118.52886100203932,6.533667446606088,-2.898188067633439,604,0.01
1,1,0.0,25,20,2,28.269599441552938,2.653472545591251,-2.3659178258329985,604,0.01
1,1,0.0,28,20,2,28.56900335669853,1.4729136547995525,-2.965079814213889,604,0.01
1,1,0.0,4,50,2,26.1496916990505,8.16664910955757,-1.1637787217000035,604,0.01
1,1,0.0,22,50,2,194.23166530050872,5.217916799678491,-3.616953355946282,604,0.01
1,1,0.0,25,50,2,76.20245532634827,3.5108954270287613,-3.077522571945021,604,0.01
1,1,0.0,28,50,2,55.58001522070483,1.5187733897967983,-3.59992066948913,604,0.01
1,1,0.1,1,5,0,2.158442415217585,2.158442415217585,0.0,604,0.01
1,1,0.1,7,5,0,5.430374022137156,5.430374022137156,0.0,604,0.01
1,1,0.1,16,5,0,5.98420388361635,5.98420388361635,0.0,604,0.01
1,1,0.1,1,20,0,8.007921900352748,8.007921900352748,0.0,604,0.01
1,1,0.1,7,20,0,34.131549743119066,34.131549743119066,0.0,604,0.01
1,1,0.1,16,20,0,21.4240510857126,21.4240510857126,0.0,604,0.01
1,1,0.1,1,50,0,6.436747924166531,6.436747924166531,0.0,604,0.01
1,1,0.1,7,50,0,64.23317459807734,64.23317459807734,0.0,604,0.01
1,1,0.1,16,50,0,47.018597956898105,47.018597956898105,0.0,604,0.01
1,1,0.1,10,5,1,9.718788835181265,5.592429790723593,-0.5526471451555027,604,0.01
1,1,0.1,13,5,1,5.472343634550919,4.881633260484144,-0.114227128664161,604,0.01
1,1,0.1,19,5,1,18.902816014634883,7.940874585689789,-0.8672874879259392,604,0.01
1,1,0.1,10,20,1,50.6544573689717,21.45239012667148,-0.859191163175431,604,0.01
1,1,0.1,13,20,1,37.22588965927095,32.366190121918066,-0.1398901145927047,604,0.01
1,1,0.1,19,20,1,158.45281095640811,52.469750111090015,-1.1052200111395545,604,0.01
1,1,0.1,10,50,1,75.84184720532267,27.861363571203523,-1.0014093034164555,604,0.01
1,1,0.1,13,50,1,58.53035452731124,27.438857870363112,-0.7575853212831988,604,0.01
1,1,0.1,19,50,1,304.35604534250496,90.5235899545734,-1.212587738648223,604,0.01
1,1,0.1,4,5,2,3.257080152324011,3.6628084641352543,0.1173990578458776,604,0.01
1,1,0.1,22,5,2,10.40180897753123,2.9057737803268653,-1.2752800147744932,604,0.01
1,1,0.1,25,5,2,3.257236341151227,1.701945342370394,-0.6491071718542508,604,0.01
1,1,0.1,28,5,2,5.389633940353386,1.5743760215276978,-1.2306184510523763,604,0.01
1,1,0.1,4,20,2,19.15806151707182,9.69704929292785,-0.6809019513670597,604,0.01
1,1,0.1,22,20,2,118.52886100203932,6.533667446606088,-2.898188067633439,604,0.01
1,1,0.1,25,20,2,28.269599441552938,2.653472545591251,-2.3659178258329985,604,0.01
1,1,0.1,28,20,2,28.56900335669853,1.4729136547995525,-2.965079814213889,604,0.01
1,1,0.1,4,50,2,26.1496916990505,8.16664910955757,-1.1637787217000035,604,0.01
1,1,0.1,22,50,2,194.23166530050872,5.217916799678491,-3.616953355946282,604,0.01
1,1,0.1,25,50,2,76.20245532634827,3.5108954270287613,-3.077522571945021,604,0.01
1,1,0.1,28,50,2,55.58001522070483,1.5187733897967983,-3.59992066948913,604,0.01
1,1,0.25,1,5,0,2.158442415217585,2.158442415217585,0.0,604,0.01
1,1,0.25,7,5,0,5.430374022137156,5.430374022137156,0.0,604,0.01
1,1,0.25,16,5,0,5.98420388361635,5.98420388361635,0.0,604,0.01
1,1,0.25,1,20,0,8.007921900352748,8.007921900352748,0.0,604,0.01
1,1,0.25,7,20,0,34.131549743119066,34.131549743119066,0.0,604,0.01
1,1,0.25,16,20,0,21.4240510857126,21.4240510857126,0.0,604,0.01
1,1,0.25,1,50,0,6.436747924166531,6.436747924166531,0.0,604,0.01
1,1,0.25,7,50,0,64.23317459807734,64.23317459807734,0.0,604,0.01
1,1,0.25,16,50,0,47.018597956898105,47.018597956898105,0.0,604,0.01
1,1,0.25,10,5,1,9.718788835181265,5.592429790723593,-0.5526471451555027,604,0.01
1,1,0.25,13,5,1,5.472343634550919,4.881633260484144,-0.114227128664161,604,0.01
1,1,0.25,19,5,1,18.902816014634883,7.940874585689789,-0.8672874879259392,604,0.01
1,1,0.25,10,20,1,50.6544573689717,21.45239012667148,-0.859191163175431,604,0.01
1,1,0.25,13,20,1,37.22588965927095,32.366190121918066,-0.1398901145927047,604,0.01
1,1,0.25,19,20,1,158.45281095640811,52.469750111090015,-1.1052200111395545,604,0.01
1,1,0.25,10,50,1,75.84184720532267,27.861363571203523,-1.0014093034164555,604,0.01
1,1,0.25,13,50,1,58.53035452731124,27.438857870363112,-0.7575853212831988,604,0.01
1,1,0.25,19,50,1,304.35604534250496,90.5235899545734,-1.212587738648223,604,0.01
1,1,0.25,4,5,2,3.257080152324011,3.6628084641352543,0.1173990578458776,604,0.01
1,1,0.25,22,5,2,10.40180897753123,2.9057737803268653,-1.2752800147744932,604,0.01
1,1,0.25,25,5,2,3.257236341151227,1.701945342370394,-0.6491071718542508,604,0.01
1,1,0.25,28,5,2,5.389633940353386,1.5743760215276978,-1.2306184510523763,604,0.01
1,1,0.25,4,20,2,19.15806151707182,9.69704929292785,-0.6809019513670597,604,0.01
1,1,0.25,22,20,2,118.52886100203932,6.533667446606088,-2.898188067633439,604,0.01
1,1,0.25,25,20,2,28.269599441552938,2.653472545591251,-2.3659178258329985,604,0.01
1,1,0.25,28,20,2,28.56900335669853,1.4729136547995525,-2.965079814213889,604,0.01
1,1,0.25,4,50,2,26.1496916990505,8.16664910955757,-1.1637787217000035,604,0.01
1,1,0.25,22,50,2,194.23166530050872,5.217916799678491,-3.616953355946282,604,0.01
1,1,0.25,25,50,2,76.20245532634827,3.5108954270287613,-3.077522571945021,604,0.01
1,1,0.25,28,50,2,55.58001522070483,1.5187733897967983,-3.59992066948913,604,0.01
1,2,0.0,1,5,0,2.158442415217585,2.158442415217585,0.0,604,0.01
1,2,0.0,7,5,0,5.430374022137156,5.430374022137156,0.0,604,0.01
1,2,0.0,16,5,0,5.98420388361635,5.98420388361635,0.0,604,0.01
1,2,0.0,1,20,0,8.007921900352748,8.007921900352748,0.0,604,0.01
1,2,0.0,7,20,0,34.131549743119066,34.131549743119066,0.0,604,0.01
1,2,0.0,16,20,0,21.4240510857126,21.4240510857126,0.0,604,0.01
1,2,0.0,1,50,0,6.436747924166531,6.436747924166531,0.0,604,0.01
1,2,0.0,7,50,0,64.23317459807734,64.23317459807734,0.0,604,0.01
1,2,0.0,16,50,0,47.018597956898105,47.018597956898105,0.0,604,0.01
1,2,0.0,4,5,1,3.257080152324011,3.662808375642161,0.1173990336859752,604,0.01
1,2,0.0,22,5,1,10.40180897753123,2.905773690634276,-1.275280045641518,604,0.01
1,2,0.0,25,5,1,3.257236341151227,1.7019454893230077,-0.6491070855103455,604,0.01
1,2,0.0,28,5,1,5.389633940353386,1.5743758723736516,-1.230618545790896,604,0.01
1,2,0.0,4,20,1,19.15806151707182,9.697048878351003,-0.680901994119947,604,0.01
1,2,0.0,22,20,1,118.52886100203932,6.533671484769007,-2.8981874495790763,604,0.01
1,2,0.0,25,20,1,28.269599441552938,2.6534730841341108,-2.365917622875253,604,0.01
1,2,0.0,28,20,1,28.56900335669853,1.472913504410594,-2.965079916316932,604,0.01
1,2,0.0,4,50,1,26.1496916990505,8.166648706996646,-1.1637787709932852,604,0.01
1,2,0.0,22,50,1,194.23166530050872,5.217921548997633,-3.616952445752202,604,0.01
1,2,0.0,25,50,1,76.20245532634827,3.51089627628054,-3.077522330054685,604,0.01
1,2,0.0,28,50,1,55.58001522070483,1.5187735116902314,-3.599920589231319,604,0.01
1,2,0.0,10,5,2,9.718788835181265,5.592430042958931,-0.552647100052508,604,0.01
1,2,0.0,13,5,2,5.472343634550919,4.881633189095551,-0.1142271432880766,604,0.01
1,2,0.0,19,5,2,18.902816014634883,7.940875288782576,-0.8672873993849672,604,0.01
1,2,0.0,10,20,2,50.6544573689717,21.452389448608717,-0.8591911947832273,604,0.01
1,2,0.0,13,20,2,37.22588965927095,32.36618922037216,-0.1398901424472624,604,0.01
1,2,0.0,19,20,2,158.45281095640811,52.46975591507816,-1.1052199005236696,604,0.01
1,2,0.0,10,50,2,75.84184720532267,27.86136156293355,-1.0014093754972797,604,0.01
1,2,0.0,13,50,2,58.53035452731124,27.438856151166064,-0.7575853839387623,604,0.01
1,2,0.0,19,50,2,304.35604534250496,90.52359086013504,-1.2125877286446247,604,0.01
1,2,0.1,1,5,0,2.158442415217585,2.158442415217585,0.0,604,0.01
1,2,0.1,7,5,0,5.430374022137156,5.430374022137156,0.0,604,0.01
1,2,0.1,16,5,0,5.98420388361635,5.98420388361635,0.0,604,0.01
1,2,0.1,1,20,0,8.007921900352748,8.007921900352748,0.0,604,0.01
1,2,0.1,7,20,0,34.131549743119066,34.131549743119066,0.0,604,0.01
1,2,0.1,16,20,0,21.4240510857126,21.4240510857126,0.0,604,0.01
1,2,0.1,1,50,0,6.436747924166531,6.436747924166531,0.0,604,0.01
1,2,0.1,7,50,0,64.23317459807734,64.23317459807734,0.0,604,0.01
1,2,0.1,16,50,0,47.018597956898105,47.018597956898105,0.0,604,0.01
1,2,0.1,4,5,1,3.257080152324011,3.662808375642161,0.1173990336859752,604,0.01
1,2,0.1,22,5,1,10.40180897753123,2.905773690634276,-1.275280045641518,604,0.01
1,2,0.1,25,5,1,3.257236341151227,1.7019454893230077,-0.6491070855103455,604,0.01
1,2,0.1,28,5,1,5.389633940353386,1.5743758723736516,-1.230618545790896,604,0.01
1,2,0.1,4,20,1,19.15806151707182,9.697048878351003,-0.680901994119947,604,0.01
1,2,0.1,22,20,1,118.52886100203932,6.533671484769007,-2.8981874495790763,604,0.01
1,2,0.1,25,20,1,28.269599441552938,2.6534730841341108,-2.365917622875253,604,0.01
1,2,0.1,28,20,1,28.56900335669853,1.472913504410594,-2.965079916316932,604,0.01
1,2,0.1,4,50,1,26.1496916990505,8.166648706996646,-1.1637787709932852,604,0.01
1,2,0.1,22,50,1,194.23166530050872,5.217921548997633,-3.616952445752202,604,0.01
1,2,0.1,25,50,1,76.20245532634827,3.51089627628054,-3.077522330054685,604,0.01
1,2,0.1,28,50,1,55.58001522070483,1.5187735116902314,-3.599920589231319,604,0.01
1,2,0.1,10,5,2,9.718788835181265,5.592430042958931,-0.552647100052508,604,0.01
1,2,0.1,13,5,2,5.472343634550919,4.881633189095551,-0.1142271432880766,604,0.01
1,2,0.1,19,5,2,18.902816014634883,7.940875288782576,-0.8672873993849672,604,0.01
1,2,0.1,10,20,2,50.6544573689717,21.452389448608717,-0.8591911947832273,604,0.01
1,2,0.1,13,20,2,37.22588965927095,32.36618922037216,-0.1398901424472624,604,0.01
1,2,0.1,19,20,2,158.45281095640811,52.46975591507816,-1.1052199005236696,604,0.01
1,2,0.1,10,50,2,75.84184720532267,27.86136156293355,-1.0014093754972797,604,0.01
1,2,0.1,13,50,2,58.53035452731124,27.438856151166064,-0.7575853839387623,604,0.01
1,2,0.1,19,50,2,304.35604534250496,90.52359086013504,-1.2125877286446247,604,0.01
1,2,0.25,1,5,0,2.158442415217585,2.158442415217585,0.0,604,0.01
1,2,0.25,7,5,0,5.430374022137156,5.430374022137156,0.0,604,0.01
1,2,0.25,16,5,0,5.98420388361635,5.98420388361635,0.0,604,0.01
1,2,0.25,1,20,0,8.007921900352748,8.007921900352748,0.0,604,0.01
1,2,0.25,7,20,0,34.131549743119066,34.131549743119066,0.0,604,0.01
1,2,0.25,16,20,0,21.4240510857126,21.4240510857126,0.0,604,0.01
1,2,0.25,1,50,0,6.436747924166531,6.436747924166531,0.0,604,0.01
1,2,0.25,7,50,0,64.23317459807734,64.23317459807734,0.0,604,0.01
1,2,0.25,16,50,0,47.018597956898105,47.018597956898105,0.0,604,0.01
1,2,0.25,4,5,1,3.257080152324011,3.662808375642161,0.1173990336859752,604,0.01
1,2,0.25,22,5,1,10.40180897753123,2.905773690634276,-1.275280045641518,604,0.01
1,2,0.25,25,5,1,3.257236341151227,1.7019454893230077,-0.6491070855103455,604,0.01
1,2,0.25,28,5,1,5.389633940353386,1.5743758723736516,-1.230618545790896,604,0.01
1,2,0.25,4,20,1,19.15806151707182,9.697048878351003,-0.680901994119947,604,0.01
1,2,0.25,22,20,1,118.52886100203932,6.533671484769007,-2.8981874495790763,604,0.01
1,2,0.25,25,20,1,28.269599441552938,2.6534730841341108,-2.365917622875253,604,0.01
1,2,0.25,28,20,1,28.56900335669853,1.472913504410594,-2.965079916316932,604,0.01
1,2,0.25,4,50,1,26.1496916990505,8.166648706996646,-1.1637787709932852,604,0.01
1,2,0.25,22,50,1,194.23166530050872,5.217921548997633,-3.616952445752202,604,0.01
1,2,0.25,25,50,1,76.20245532634827,3.51089627628054,-3.077522330054685,604,0.01
1,2,0.25,28,50,1,55.58001522070483,1.5187735116902314,-3.599920589231319,604,0.01
1,2,0.25,10,5,2,9.718788835181265,5.592430042958931,-0.552647100052508,604,0.01
1,2,0.25,13,5,2,5.472343634550919,4.881633189095551,-0.1142271432880766,604,0.01
1,2,0.25,19,5,2,18.902816014634883,7.940875288782576,-0.8672873993849672,604,0.01
1,2,0.25,10,20,2,50.6544573689717,21.452389448608717,-0.8591911947832273,604,0.01
1,2,0.25,13,20,2,37.22588965927095,32.36618922037216,-0.1398901424472624,604,0.01
1,2,0.25,19,20,2,158.45281095640811,52.46975591507816,-1.1052199005236696,604,0.01
1,2,0.25,10,50,2,75.84184720532267,27.86136156293355,-1.0014093754972797,604,0.01
1,2,0.25,13,50,2,58.53035452731124,27.438856151166064,-0.7575853839387623,604,0.01
1,2,0.25,19,50,2,304.35604534250496,90.52359086013504,-1.2125877286446247,604,0.01
1,3,0.0,1,5,0,2.158442415217585,2.158442415217585,0.0,604,0.01
1,3,0.0,7,5,0,5.430374022137156,5.430374022137156,0.0,604,0.01
1,3,0.0,16,5,0,5.98420388361635,5.98420388361635,0.0,604,0.01
1,3,0.0,1,20,0,8.007921900352748,8.007921900352748,0.0,604,0.01
1,3,0.0,7,20,0,34.131549743119066,34.131549743119066,0.0,604,0.01
1,3,0.0,16,20,0,21.4240510857126,21.4240510857126,0.0,604,0.01
1,3,0.0,1,50,0,6.436747924166531,6.436747924166531,0.0,604,0.01
1,3,0.0,7,50,0,64.23317459807734,64.23317459807734,0.0,604,0.01
1,3,0.0,16,50,0,47.018597956898105,47.018597956898105,0.0,604,0.01
1,3,0.0,4,5,1,3.257080152324011,3.662810849763501,0.1173997091568846,604,0.01
1,3,0.0,22,5,1,10.40180897753123,2.905775647850553,-1.2752793720805915,604,0.01
1,3,0.0,25,5,1,3.257236341151227,1.7019450832857732,-0.6491073240827826,604,0.01
1,3,0.0,28,5,1,5.389633940353386,1.5743775125713244,-1.230617503983252,604,0.01
1,3,0.0,4,20,1,19.15806151707182,9.697052849325878,-0.6809015846165908,604,0.01
1,3,0.0,22,20,1,118.52886100203932,6.533705050974344,-2.898182312173684,604,0.01
1,3,0.0,25,20,1,28.269599441552938,2.6534720772907723,-2.3659180023189097,604,0.01
1,3,0.0,28,20,1,28.56900335669853,1.4729153095031295,-2.965078690792538,604,0.01
1,3,0.0,4,50,1,26.1496916990505,8.166652471856576,-1.1637783099891208,604,0.01
1,3,0.0,22,50,1,194.23166530050872,5.217948037682353,-3.616947369283107,604,0.01
1,3,0.0,25,50,1,76.20245532634827,3.510894734794161,-3.077522769112577,604,0.01
1,3,0.0,28,50,1,55.58001522070483,1.518774032313987,-3.599920246439149,604,0.01
1,3,0.0,10,5,2,9.718788835181265,5.592430181234253,-0.5526470753270631,604,0.01
1,3,0.0,13,5,2,5.472343634550919,4.881632894072102,-0.1142272037234773,604,0.01
1,3,0.0,19,5,2,18.902816014634883,7.940875043822923,-0.8672874302329087,604,0.01
1,3,0.0,10,20,2,50.6544573689717,21.45239148426411,-0.8591910998914529,604,0.01
1,3,0.0,13,20,2,37.22588965927095,32.366186672707464,-0.1398902211610332,604,0.01
1,3,0.0,19,20,2,158.45281095640811,52.46975406773161,-1.1052199357315062,604,0.01
1,3,0.0,10,50,2,75.84184720532267,27.861364611427195,-1.0014092660807503,604,0.01
1,3,0.0,13,50,2,58.53035452731124,27.438853495091767,-0.7575854807385127,604,0.01
1,3,0.0,19,50,2,304.35604534250496,90.5235900721196,-1.2125877373497087,604,0.01
1,3,0.1,1,5,0,2.158442415217585,2.158442415217585,0.0,604,0.01
1,3,0.1,7,5,0,5.430374022137156,5.430374022137156,0.0,604,0.01
1,3,0.1,16,5,0,5.98420388361635,5.98420388361635,0.0,604,0.01
1,3,0.1,1,20,0,8.007921900352748,8.007921900352748,0.0,604,0.01
1,3,0.1,7,20,0,34.131549743119066,34.131549743119066,0.0,604,0.01
1,3,0.1,16,20,0,21.4240510857126,21.4240510857126,0.0,604,0.01
1,3,0.1,1,50,0,6.436747924166531,6.436747924166531,0.0,604,0.01
1,3,0.1,7,50,0,64.23317459807734,64.23317459807734,0.0,604,0.01
1,3,0.1,16,50,0,47.018597956898105,47.018597956898105,0.0,604,0.01
1,3,0.1,4,5,1,3.257080152324011,3.662810849763501,0.1173997091568846,604,0.01
1,3,0.1,22,5,1,10.40180897753123,2.905775647850553,-1.2752793720805915,604,0.01
1,3,0.1,25,5,1,3.257236341151227,1.7019450832857732,-0.6491073240827826,604,0.01
1,3,0.1,28,5,1,5.389633940353386,1.5743775125713244,-1.230617503983252,604,0.01
1,3,0.1,4,20,1,19.15806151707182,9.697052849325878,-0.6809015846165908,604,0.01
1,3,0.1,22,20,1,118.52886100203932,6.533705050974344,-2.898182312173684,604,0.01
1,3,0.1,25,20,1,28.269599441552938,2.6534720772907723,-2.3659180023189097,604,0.01
1,3,0.1,28,20,1,28.56900335669853,1.4729153095031295,-2.965078690792538,604,0.01
1,3,0.1,4,50,1,26.1496916990505,8.166652471856576,-1.1637783099891208,604,0.01
1,3,0.1,22,50,1,194.23166530050872,5.217948037682353,-3.616947369283107,604,0.01
1,3,0.1,25,50,1,76.20245532634827,3.510894734794161,-3.077522769112577,604,0.01
1,3,0.1,28,50,1,55.58001522070483,1.518774032313987,-3.599920246439149,604,0.01
1,3,0.1,10,5,2,9.718788835181265,5.592430181234253,-0.5526470753270631,604,0.01
1,3,0.1,13,5,2,5.472343634550919,4.881632894072102,-0.1142272037234773,604,0.01
1,3,0.1,19,5,2,18.902816014634883,7.940875043822923,-0.8672874302329087,604,0.01
1,3,0.1,10,20,2,50.6544573689717,21.45239148426411,-0.8591910998914529,604,0.01
1,3,0.1,13,20,2,37.22588965927095,32.366186672707464,-0.1398902211610332,604,0.01
1,3,0.1,19,20,2,158.45281095640811,52.46975406773161,-1.1052199357315062,604,0.01
1,3,0.1,10,50,2,75.84184720532267,27.861364611427195,-1.0014092660807503,604,0.01
1,3,0.1,13,50,2,58.53035452731124,27.438853495091767,-0.7575854807385127,604,0.01
1,3,0.1,19,50,2,304.35604534250496,90.5235900721196,-1.2125877373497087,604,0.01
1,3,0.25,1,5,0,2.158442415217585,2.158442415217585,0.0,604,0.01
1,3,0.25,7,5,0,5.430374022137156,5.430374022137156,0.0,604,0.01
1,3,0.25,16,5,0,5.98420388361635,5.98420388361635,0.0,604,0.01
1,3,0.25,1,20,0,8.007921900352748,8.007921900352748,0.0,604,0.01
1,3,0.25,7,20,0,34.131549743119066,34.131549743119066,0.0,604,0.01
1,3,0.25,16,20,0,21.4240510857126,21.4240510857126,0.0,604,0.01
1,3,0.25,1,50,0,6.436747924166531,6.436747924166531,0.0,604,0.01
1,3,0.25,7,50,0,64.23317459807734,64.23317459807734,0.0,604,0.01
1,3,0.25,16,50,0,47.018597956898105,47.018597956898105,0.0,604,0.01
1,3,0.25,4,5,1,3.257080152324011,3.662810849763501,0.1173997091568846,604,0.01
1,3,0.25,22,5,1,10.40180897753123,2.905775647850553,-1.2752793720805915,604,0.01
1,3,0.25,25,5,1,3.257236341151227,1.7019450832857732,-0.6491073240827826,604,0.01
1,3,0.25,28,5,1,5.389633940353386,1.5743775125713244,-1.230617503983252,604,0.01
1,3,0.25,4,20,1,19.15806151707182,9.697052849325878,-0.6809015846165908,604,0.01
1,3,0.25,22,20,1,118.52886100203932,6.533705050974344,-2.898182312173684,604,0.01
1,3,0.25,25,20,1,28.269599441552938,2.6534720772907723,-2.3659180023189097,604,0.01
1,3,0.25,28,20,1,28.56900335669853,1.4729153095031295,-2.965078690792538,604,0.01
1,3,0.25,4,50,1,26.1496916990505,8.166652471856576,-1.1637783099891208,604,0.01
1,3,0.25,22,50,1,194.23166530050872,5.217948037682353,-3.616947369283107,604,0.01
1,3,0.25,25,50,1,76.20245532634827,3.510894734794161,-3.077522769112577,604,0.01
1,3,0.25,28,50,1,55.58001522070483,1.518774032313987,-3.599920246439149,604,0.01
1,3,0.25,10,5,2,9.718788835181265,5.592430181234253,-0.5526470753270631,604,0.01
1,3,0.25,13,5,2,5.472343634550919,4.881632894072102,-0.1142272037234773,604,0.01
1,3,0.25,19,5,2,18.902816014634883,7.940875043822923,-0.8672874302329087,604,0.01
1,3,0.25,10,20,2,50.6544573689717,21.45239148426411,-0.8591910998914529,604,0.01
1,3,0.25,13,20,2,37.22588965927095,32.366186672707464,-0.1398902211610332,604,0.01
1,3,0.25,19,20,2,158.45281095640811,52.46975406773161,-1.1052199357315062,604,0.01
1,3,0.25,10,50,2,75.84184720532267,27.861364611427195,-1.0014092660807503,604,0.01
1,3,0.25,13,50,2,58.53035452731124,27.438853495091767,-0.7575854807385127,604,0.01
1,3,0.25,19,50,2,304.35604534250496,90.5235900721196,-1.2125877373497087,604,0.01
1,4,0.0,1,5,0,2.158442415217585,2.158442415217585,0.0,604,0.01
1,4,0.0,7,5,0,5.430374022137156,5.430374022137156,0.0,604,0.01
1,4,0.0,16,5,0,5.98420388361635,5.98420388361635,0.0,604,0.01
1,4,0.0,1,20,0,8.007921900352748,8.007921900352748,0.0,604,0.01
1,4,0.0,7,20,0,34.131549743119066,34.131549743119066,0.0,604,0.01
1,4,0.0,16,20,0,21.4240510857126,21.4240510857126,0.0,604,0.01
1,4,0.0,1,50,0,6.436747924166531,6.436747924166531,0.0,604,0.01
1,4,0.0,7,50,0,64.23317459807734,64.23317459807734,0.0,604,0.01
1,4,0.0,16,50,0,47.018597956898105,47.018597956898105,0.0,604,0.01
1,4,0.0,4,5,1,3.257080152324011,7.656335359971759,0.8547023215000867,604,0.01
1,4,0.0,22,5,1,10.40180897753123,3.4101665648907447,-1.115218595057213,604,0.01
1,4,0.0,25,5,1,3.257236341151227,1.5266593092481051,-0.757797197547278,604,0.01
1,4,0.0,28,5,1,5.389633940353386,3.5011561279350136,-0.4313842318052712,604,0.01
1,4,0.0,4,20,1,19.15806151707182,21.99624604738233,0.1381482105949005,604,0.01
1,4,0.0,22,20,1,118.52886100203932,9.454280247373594,-2.5286889084898427,604,0.01
1,4,0.0,25,20,1,28.269599441552938,2.5665900685801675,-2.3992088062403347,604,0.01
1,4,0.0,28,20,1,28.56900335669853,8.073773319246024,-1.263701384734646,604,0.01
1,4,0.0,4,50,1,26.1496916990505,21.778273286821207,-0.1829245661284378,604,0.01
1,4,0.0,22,50,1,194.23166530050872,9.03604766422448,-3.0678297241485577,604,0.01
1,4,0.0,25,50,1,76.20245532634827,4.363049912713515,-2.860222350229484,604,0.01
1,4,0.0,28,50,1,55.58001522070483,6.8772916089517775,-2.0895987852158524,604,0.01
1,4,0.0,10,5,2,9.718788835181265,7.66487026847976,-0.2374134182759017,604,0.01
1,4,0.0,13,5,2,5.472343634550919,3.3254340250532586,-0.4981067776206637,604,0.01
1,4,0.0,19,5,2,18.902816014634883,10.570651157672604,-0.5812295041445558,604,0.01
1,4,0.0,10,20,2,50.6544573689717,30.33960015247797,-0.5125734352151284,604,0.01
1,4,0.0,13,20,2,37.22588965927095,19.500532850004703,-0.6465626869571551,604,0.01
1,4,0.0,19,20,2,158.45281095640811,75.3164100982458,-0.7437587856624163,604,0.01
1,4,0.0,10,50,2,75.84184720532267,43.63417428001176,-0.5528095571652749,604,0.01
1,4,0.0,13,50,2,58.53035452731124,25.19393619082717,-0.8429421622606084,604,0.01
1,4,0.0,19,50,2,304.35604534250496,110.70511138966872,-1.0113282058719728,604,0.01
1,4,0.1,1,5,0,2.158442415217585,2.158442415217585,0.0,604,0.01
1,4,0.1,7,5,0,5.430374022137156,5.430374022137156,0.0,604,0.01
1,4,0.1,16,5,0,5.98420388361635,5.98420388361635,0.0,604,0.01
1,4,0.1,1,20,0,8.007921900352748,8.007921900352748,0.0,604,0.01
1,4,0.1,7,20,0,34.131549743119066,34.131549743119066,0.0,604,0.01
1,4,0.1,16,20,0,21.4240510857126,21.4240510857126,0.0,604,0.01
1,4,0.1,1,50,0,6.436747924166531,6.436747924166531,0.0,604,0.01
1,4,0.1,7,50,0,64.23317459807734,64.23317459807734,0.0,604,0.01
1,4,0.1,16,50,0,47.018597956898105,47.018597956898105,0.0,604,0.01
1,4,0.1,4,5,1,3.257080152324011,7.656335359971759,0.8547023215000867,604,0.01
1,4,0.1,22,5,1,10.40180897753123,3.4101665648907447,-1.115218595057213,604,0.01
1,4,0.1,25,5,1,3.257236341151227,1.5266593092481051,-0.757797197547278,604,0.01
1,4,0.1,28,5,1,5.389633940353386,3.5011561279350136,-0.4313842318052712,604,0.01
1,4,0.1,4,20,1,19.15806151707182,21.99624604738233,0.1381482105949005,604,0.01
1,4,0.1,22,20,1,118.52886100203932,9.454280247373594,-2.5286889084898427,604,0.01
1,4,0.1,25,20,1,28.269599441552938,2.5665900685801675,-2.3992088062403347,604,0.01
1,4,0.1,28,20,1,28.56900335669853,8.073773319246024,-1.263701384734646,604,0.01
1,4,0.1,4,50,1,26.1496916990505,21.778273286821207,-0.1829245661284378,604,0.01
1,4,0.1,22,50,1,194.23166530050872,9.03604766422448,-3.0678297241485577,604,0.01
1,4,0.1,25,50,1,76.20245532634827,4.363049912713515,-2.860222350229484,604,0.01
1,4,0.1,28,50,1,55.58001522070483,6.8772916089517775,-2.0895987852158524,604,0.01
1,4,0.1,10,5,2,9.718788835181265,7.66487026847976,-0.2374134182759017,604,0.01
1,4,0.1,13,5,2,5.472343634550919,3.3254340250532586,-0.4981067776206637,604,0.01
1,4,0.1,19,5,2,18.902816014634883,10.570651157672604,-0.5812295041445558,604,0.01
1,4,0.1,10,20,2,50.6544573689717,30.33960015247797,-0.5125734352151284,604,0.01
1,4,0.1,13,20,2,37.22588965927095,19.500532850004703,-0.6465626869571551,604,0.01
1,4,0.1,19,20,2,158.45281095640811,75.3164100982458,-0.7437587856624163,604,0.01
1,4,0.1,10,50,2,75.84184720532267,43.63417428001176,-0.5528095571652749,604,0.01
1,4,0.1,13,50,2,58.53035452731124,25.19393619082717,-0.8429421622606084,604,0.01
1,4,0.1,19,50,2,304.35604534250496,110.70511138966872,-1.0113282058719728,604,0.01
1,4,0.25,1,5,0,2.158442415217585,2.158442415217585,0.0,604,0.01
1,4,0.25,7,5,0,5.430374022137156,5.430374022137156,0.0,604,0.01
1,4,0.25,16,5,0,5.98420388361635,5.98420388361635,0.0,604,0.01
1,4,0.25,1,20,0,8.007921900352748,8.007921900352748,0.0,604,0.01
1,4,0.25,7,20,0,34.131549743119066,34.131549743119066,0.0,604,0.01
1,4,0.25,16,20,0,21.4240510857126,21.4240510857126,0.0,604,0.01
1,4,0.25,1,50,0,6.436747924166531,6.436747924166531,0.0,604,0.01
1,4,0.25,7,50,0,64.23317459807734,64.23317459807734,0.0,604,0.01
1,4,0.25,16,50,0,47.018597956898105,47.018597956898105,0.0,604,0.01
1,4,0.25,4,5,1,3.257080152324011,7.656335359971759,0.8547023215000867,604,0.01
1,4,0.25,22,5,1,10.40180897753123,3.4101665648907447,-1.115218595057213,604,0.01
1,4,0.25,25,5,1,3.257236341151227,1.5266593092481051,-0.757797197547278,604,0.01
1,4,0.25,28,5,1,5.389633940353386,3.5011561279350136,-0.4313842318052712,604,0.01
1,4,0.25,4,20,1,19.15806151707182,21.99624604738233,0.1381482105949005,604,0.01
1,4,0.25,22,20,1,118.52886100203932,9.454280247373594,-2.5286889084898427,604,0.01
1,4,0.25,25,20,1,28.269599441552938,2.5665900685801675,-2.3992088062403347,604,0.01
1,4,0.25,28,20,1,28.56900335669853,8.073773319246024,-1.263701384734646,604,0.01
1,4,0.25,4,50,1,26.1496916990505,21.778273286821207,-0.1829245661284378,604,0.01
1,4,0.25,22,50,1,194.23166530050872,9.03604766422448,-3.0678297241485577,604,0.01
1,4,0.25,25,50,1,76.20245532634827,4.363049912713515,-2.860222350229484,604,0.01
1,4,0.25,28,50,1,55.58001522070483,6.8772916089517775,-2.0895987852158524,604,0.01
1,4,0.25,10,5,2,9.718788835181265,7.66487026847976,-0.2374134182759017,604,0.01
1,4,0.25,13,5,2,5.472343634550919,3.3254340250532586,-0.4981067776206637,604,0.01
1,4,0.25,19,5,2,18.902816014634883,10.570651157672604,-0.5812295041445558,604,0.01
1,4,0.25,10,20,2,50.6544573689717,30.33960015247797,-0.5125734352151284,604,0.01
1,4,0.25,13,20,2,37.22588965927095,19.500532850004703,-0.6465626869571551,604,0.01
1,4,0.25,19,20,2,158.45281095640811,75.3164100982458,-0.7437587856624163,604,0.01
1,4,0.25,10,50,2,75.84184720532267,43.63417428001176,-0.5528095571652749,604,0.01
1,4,0.25,13,50,2,58.53035452731124,25.19393619082717,-0.8429421622606084,604,0.01
1,4,0.25,19,50,2,304.35604534250496,110.70511138966872,-1.0113282058719728,604,0.01
1,5,0.0,7,5,0,5.430374022137156,5.430374022137156,0.0,604,0.01
1,5,0.0,7,20,0,34.131549743119066,34.131549743119066,0.0,604,0.01
1,5,0.0,7,50,0,64.23317459807734,64.23317459807734,0.0,604,0.01
1,5,0.0,10,5,1,9.718788835181265,5.048393643470771,-0.654990902990461,604,0.01
1,5,0.0,13,5,1,5.472343634550919,5.153945853974358,-0.0599443705169676,604,0.01
1,5,0.0,16,5,1,5.98420388361635,3.9307134827578714,-0.4203023543728023,604,0.01
1,5,0.0,19,5,1,18.902816014634883,4.973543433235978,-1.3351783559462655,604,0.01
1,5,0.0,10,20,1,50.6544573689717,15.61355144457664,-1.1768880106446884,604,0.01
1,5,0.0,13,20,1,37.22588965927095,31.444510723478867,-0.1687800496761724,604,0.01
1,5,0.0,16,20,1,21.4240510857126,24.05147429437024,0.1156821224395526,604,0.01
1,5,0.0,19,20,1,158.45281095640811,22.97793937375935,-1.930922228336184,604,0.01
1,5,0.0,10,50,1,75.84184720532267,15.223163471861898,-1.6058320337622136,604,0.01
1,5,0.0,13,50,1,58.53035452731124,18.40092731658615,-1.1571444394888792,604,0.01
1,5,0.0,16,50,1,47.018597956898105,15.788258507807925,-1.0912766932956466,604,0.01
1,5,0.0,19,50,1,304.35604534250496,28.49101650460793,-2.368609390648273,604,0.01
1,5,0.0,1,5,2,2.158442415217585,3.973188439166288,0.6101820481418426,604,0.01
1,5,0.0,4,5,2,3.257080152324011,2.8915504548434003,-0.1190382874098445,604,0.01
1,5,0.0,22,5,2,10.40180897753123,4.747785309274714,-0.7843014725298307,604,0.01
1,5,0.0,25,5,2,3.257236341151227,1.3927020429087242,-0.8496333117788234,604,0.01
1,5,0.0,28,5,2,5.389633940353386,3.456023946480665,-0.4443586881470672,604,0.01
1,5,0.0,1,20,2,8.007921900352748,22.554174066245977,1.0354888622731429,604,0.01
1,5,0.0,4,20,2,19.15806151707182,5.353691647836699,-1.2749372434125126,604,0.01
1,5,0.0,22,20,2,118.52886100203932,27.396032595396395,-1.464758276559203,604,0.01
1,5,0.0,25,20,2,28.269599441552938,4.850931142650105,-1.762616327878915,604,0.01
1,5,0.0,28,20,2,28.56900335669853,6.223337484831126,-1.5240159954032684,604,0.01
1,5,0.0,1,50,2,6.436747924166531,20.135829382770257,1.1404773527026093,604,0.01
1,5,0.0,4,50,2,26.1496916990505,3.8904013017214,-1.9053250860244435,604,0.01
1,5,0.0,22,50,2,194.23166530050872,22.35224673411289,-2.1621247566421298,604,0.01
1,5,0.0,25,50,2,76.20245532634827,10.012351033405334,-2.029574250082125,604,0.01
1,5,0.0,28,50,2,55.58001522070483,6.887073195723672,-2.088177493560578,604,0.01
1,5,0.1,7,5,0,5.430374022137156,5.430374022137156,0.0,604,0.01
1,5,0.1,7,20,0,34.131549743119066,34.131549743119066,0.0,604,0.01
1,5,0.1,7,50,0,64.23317459807734,64.23317459807734,0.0,604,0.01
1,5,0.1,10,5,1,9.718788835181265,5.048393643470771,-0.654990902990461,604,0.01
1,5,0.1,13,5,1,5.472343634550919,5.153945853974358,-0.0599443705169676,604,0.01
1,5,0.1,16,5,1,5.98420388361635,3.9307134827578714,-0.4203023543728023,604,0.01
1,5,0.1,19,5,1,18.902816014634883,4.973543433235978,-1.3351783559462655,604,0.01
1,5,0.1,10,20,1,50.6544573689717,15.61355144457664,-1.1768880106446884,604,0.01
1,5,0.1,13,20,1,37.22588965927095,31.444510723478867,-0.1687800496761724,604,0.01
1,5,0.1,16,20,1,21.4240510857126,24.05147429437024,0.1156821224395526,604,0.01
1,5,0.1,19,20,1,158.45281095640811,22.97793937375935,-1.930922228336184,604,0.01
1,5,0.1,10,50,1,75.84184720532267,15.223163471861898,-1.6058320337622136,604,0.01
1,5,0.1,13,50,1,58.53035452731124,18.40092731658615,-1.1571444394888792,604,0.01
1,5,0.1,16,50,1,47.018597956898105,15.788258507807925,-1.0912766932956466,604,0.01
1,5,0.1,19,50,1,304.35604534250496,28.49101650460793,-2.368609390648273,604,0.01
1,5,0.1,1,5,2,2.158442415217585,3.973188439166288,0.6101820481418426,604,0.01
1,5,0.1,4,5,2,3.257080152324011,2.8915504548434003,-0.1190382874098445,604,0.01
1,5,0.1,22,5,2,10.40180897753123,4.747785309274714,-0.7843014725298307,604,0.01
1,5,0.1,25,5,2,3.257236341151227,1.3927020429087242,-0.8496333117788234,604,0.01
1,5,0.1,28,5,2,5.389633940353386,3.456023946480665,-0.4443586881470672,604,0.01
1,5,0.1,1,20,2,8.007921900352748,22.554174066245977,1.0354888622731429,604,0.01
1,5,0.1,4,20,2,19.15806151707182,5.353691647836699,-1.2749372434125126,604,0.01
1,5,0.1,22,20,2,118.52886100203932,27.396032595396395,-1.464758276559203,604,0.01
1,5,0.1,25,20,2,28.269599441552938,4.850931142650105,-1.762616327878915,604,0.01
1,5,0.1,28,20,2,28.56900335669853,6.223337484831126,-1.5240159954032684,604,0.01
1,5,0.1,1,50,2,6.436747924166531,20.135829382770257,1.1404773527026093,604,0.01
1,5,0.1,4,50,2,26.1496916990505,3.8904013017214,-1.9053250860244435,604,0.01
1,5,0.1,22,50,2,194.23166530050872,22.35224673411289,-2.1621247566421298,604,0.01
1,5,0.1,25,50,2,76.20245532634827,10.012351033405334,-2.029574250082125,604,0.01
1,5,0.1,28,50,2,55.58001522070483,6.887073195723672,-2.088177493560578,604,0.01
1,5,0.25,7,5,0,5.430374022137156,5.430374022137156,0.0,604,0.01
1,5,0.25,7,20,0,34.131549743119066,34.131549743119066,0.0,604,0.01
1,5,0.25,7,50,0,64.23317459807734,64.23317459807734,0.0,604,0.01
1,5,0.25,10,5,1,9.718788835181265,5.048393643470771,-0.654990902990461,604,0.01
1,5,0.25,13,5,1,5.472343634550919,5.153945853974358,-0.0599443705169676,604,0.01
1,5,0.25,16,5,1,5.98420388361635,3.9307134827578714,-0.4203023543728023,604,0.01
1,5,0.25,19,5,1,18.902816014634883,4.973543433235978,-1.3351783559462655,604,0.01
1,5,0.25,10,20,1,50.6544573689717,15.61355144457664,-1.1768880106446884,604,0.01
1,5,0.25,13,20,1,37.22588965927095,31.444510723478867,-0.1687800496761724,604,0.01
1,5,0.25,16,20,1,21.4240510857126,24.05147429437024,0.1156821224395526,604,0.01
1,5,0.25,19,20,1,158.45281095640811,22.97793937375935,-1.930922228336184,604,0.01
1,5,0.25,10,50,1,75.84184720532267,15.223163471861898,-1.6058320337622136,604,0.01
1,5,0.25,13,50,1,58.53035452731124,18.40092731658615,-1.1571444394888792,604,0.01
1,5,0.25,16,50,1,47.018597956898105,15.788258507807925,-1.0912766932956466,604,0.01
1,5,0.25,19,50,1,304.35604534250496,28.49101650460793,-2.368609390648273,604,0.01
1,5,0.25,1,5,2,2.158442415217585,3.973188439166288,0.6101820481418426,604,0.01
1,5,0.25,4,5,2,3.257080152324011,2.8915504548434003,-0.1190382874098445,604,0.01
1,5,0.25,22,5,2,10.40180897753123,4.747785309274714,-0.7843014725298307,604,0.01
1,5,0.25,25,5,2,3.257236341151227,1.3927020429087242,-0.8496333117788234,604,0.01
1,5,0.25,28,5,2,5.389633940353386,3.456023946480665,-0.4443586881470672,604,0.01
1,5,0.25,1,20,2,8.007921900352748,22.554174066245977,1.0354888622731429,604,0.01
1,5,0.25,4,20,2,19.15806151707182,5.353691647836699,-1.2749372434125126,604,0.01
1,5,0.25,22,20,2,118.52886100203932,27.396032595396395,-1.464758276559203,604,0.01
1,5,0.25,25,20,2,28.269599441552938,4.850931142650105,-1.762616327878915,604,0.01
1,5,0.25,28,20,2,28.56900335669853,6.223337484831126,-1.5240159954032684,604,0.01
1,5,0.25,1,50,2,6.436747924166531,20.135829382770257,1.1404773527026093,604,0.01
1,5,0.25,4,50,2,26.1496916990505,3.8904013017214,-1.9053250860244435,604,0.01
1,5,0.25,22,50,2,194.23166530050872,22.35224673411289,-2.1621247566421298,604,0.01
1,5,0.25,25,50,2,76.20245532634827,10.012351033405334,-2.029574250082125,604,0.01
1,5,0.25,28,50,2,55.58001522070483,6.887073195723672,-2.088177493560578,604,0.01
0,0,0.0,9,5,0,5.961061756153261,5.961061756153261,0.0,604,1.0
0,0,0.0,9,20,0,47.5922612713572,47.5922612713572,0.0,604,1.0
0,0,0.0,9,50,0,115.23793390196866,115.23793390196866,0.0,604,1.0
0,0,0.0,0,5,1,6.675758828117635,3.8966455355155736,-0.5383668160176385,604,1.0
0,0,0.0,3,5,1,7.603252919324024,2.8891793024786088,-0.9676036880064828,604,1.0
0,0,0.0,6,5,1,1.990202879035313,2.6421907534491904,0.2833718210870257,604,1.0
0,0,0.0,21,5,1,9.980946096977128,4.541447679814908,-0.7874320516962621,604,1.0
0,0,0.0,24,5,1,3.241590892314463,1.9111664563695667,-0.5283504596495707,604,1.0
0,0,0.0,27,5,1,65.21060556773527,62.61712989864019,-0.0405832365597318,604,1.0
0,0,0.0,0,20,1,74.22396887319378,30.53227798366617,-0.8883027100853038,604,1.0
0,0,0.0,3,20,1,76.4942292887744,25.2074148539261,-1.1100771123811528,604,1.0
0,0,0.0,6,20,1,8.937946195984027,23.47644785238151,0.9656918687450504,604,1.0
0,0,0.0,21,20,1,117.98368566848676,15.08530446670328,-2.056825302045638,604,1.0
0,0,0.0,24,20,1,18.7335098979603,2.9981085157904617,-1.8323322982589367,604,1.0
0,0,0.0,27,20,1,612.3524655002765,433.6627543606127,-0.3450408724070957,604,1.0
0,0,0.0,0,50,1,57.16058996732937,27.431232560605768,-0.7341824356352247,604,1.0
0,0,0.0,3,50,1,144.81868597383146,45.60989348909816,-1.1553578629387924,604,1.0
0,0,0.0,6,50,1,19.87396442653059,116.30296454604544,1.7667879948500274,604,1.0
0,0,0.0,21,50,1,278.9319133908429,21.94723098624699,-2.542326733418357,604,1.0
0,0,0.0,24,50,1,29.388911370658317,1.943570564390864,-2.716090660392537,604,1.0
0,0,0.0,27,50,1,548.6171560753314,247.3833226170173,-0.7964618033974141,604,1.0
0,0,0.0,12,5,2,1.9698527677948203,1.8575843709334527,-0.0586818844510338,604,1.0
0,0,0.0,15,5,2,8.5781452152512,1.8518645137739227,-1.5330247379135975,604,1.0
0,0,0.0,18,5,2,6.226876678028208,2.3112129627561027,-0.9911023924752486,604,1.0
0,0,0.0,12,20,2,5.228007824248774,2.101284132297818,-0.911481642950463,604,1.0
0,0,0.0,15,20,2,58.184911318429386,6.018017100644304,-2.2688682456412823,604,1.0
0,0,0.0,18,20,2,81.31384274654377,16.367946655549005,-1.602991319410692,604,1.0
0,0,0.0,12,50,2,13.23641031852492,1.2308578527074523,-2.375260022258841,604,1.0
0,0,0.0,15,50,2,74.05859422336552,22.863681414553977,-1.1753069065568962,604,1.0
0,0,0.0,18,50,2,358.60572655267595,53.17702361219539,-1.9085971141679676,604,1.0
0,0,0.1,9,5,0,5.961061756153261,5.961061756153261,0.0,604,1.0
0,0,0.1,9,20,0,47.5922612713572,47.5922612713572,0.0,604,1.0
0,0,0.1,9,50,0,115.23793390196866,115.23793390196866,0.0,604,1.0
0,0,0.1,0,5,1,6.675758828117635,3.8966455355155736,-0.5383668160176385,604,1.0
0,0,0.1,3,5,1,7.603252919324024,2.8891793024786088,-0.9676036880064828,604,1.0
0,0,0.1,6,5,1,1.990202879035313,2.6421907534491904,0.2833718210870257,604,1.0
0,0,0.1,21,5,1,9.980946096977128,4.541447679814908,-0.7874320516962621,604,1.0
0,0,0.1,24,5,1,3.241590892314463,1.9111664563695667,-0.5283504596495707,604,1.0
0,0,0.1,27,5,1,65.21060556773527,62.61712989864019,-0.0405832365597318,604,1.0
0,0,0.1,0,20,1,74.22396887319378,30.53227798366617,-0.8883027100853038,604,1.0
0,0,0.1,3,20,1,76.4942292887744,25.2074148539261,-1.1100771123811528,604,1.0
0,0,0.1,6,20,1,8.937946195984027,23.47644785238151,0.9656918687450504,604,1.0
0,0,0.1,21,20,1,117.98368566848676,15.08530446670328,-2.056825302045638,604,1.0
0,0,0.1,24,20,1,18.7335098979603,2.9981085157904617,-1.8323322982589367,604,1.0
0,0,0.1,27,20,1,612.3524655002765,433.6627543606127,-0.3450408724070957,604,1.0
0,0,0.1,0,50,1,57.16058996732937,27.431232560605768,-0.7341824356352247,604,1.0
0,0,0.1,3,50,1,144.81868597383146,45.60989348909816,-1.1553578629387924,604,1.0
0,0,0.1,6,50,1,19.87396442653059,116.30296454604544,1.7667879948500274,604,1.0
0,0,0.1,21,50,1,278.9319133908429,21.94723098624699,-2.542326733418357,604,1.0
0,0,0.1,24,50,1,29.388911370658317,1.943570564390864,-2.716090660392537,604,1.0
0,0,0.1,27,50,1,548.6171560753314,247.3833226170173,-0.7964618033974141,604,1.0
0,0,0.1,12,5,2,1.9698527677948203,1.8575843709334527,-0.0586818844510338,604,1.0
0,0,0.1,15,5,2,8.5781452152512,1.8518645137739227,-1.5330247379135975,604,1.0
0,0,0.1,18,5,2,6.226876678028208,2.3112129627561027,-0.9911023924752486,604,1.0
0,0,0.1,12,20,2,5.228007824248774,2.101284132297818,-0.911481642950463,604,1.0
0,0,0.1,15,20,2,58.184911318429386,6.018017100644304,-2.2688682456412823,604,1.0
0,0,0.1,18,20,2,81.31384274654377,16.367946655549005,-1.602991319410692,604,1.0
0,0,0.1,12,50,2,13.23641031852492,1.2308578527074523,-2.375260022258841,604,1.0
0,0,0.1,15,50,2,74.05859422336552,22.863681414553977,-1.1753069065568962,604,1.0
0,0,0.1,18,50,2,358.60572655267595,53.17702361219539,-1.9085971141679676,604,1.0
0,0,0.25,9,5,0,5.961061756153261,5.961061756153261,0.0,604,1.0
0,0,0.25,9,20,0,47.5922612713572,47.5922612713572,0.0,604,1.0
0,0,0.25,9,50,0,115.23793390196866,115.23793390196866,0.0,604,1.0
0,0,0.25,0,5,1,6.675758828117635,3.8966455355155736,-0.5383668160176385,604,1.0
0,0,0.25,3,5,1,7.603252919324024,2.8891793024786088,-0.9676036880064828,604,1.0
0,0,0.25,6,5,1,1.990202879035313,2.6421907534491904,0.2833718210870257,604,1.0
0,0,0.25,21,5,1,9.980946096977128,4.541447679814908,-0.7874320516962621,604,1.0
0,0,0.25,24,5,1,3.241590892314463,1.9111664563695667,-0.5283504596495707,604,1.0
0,0,0.25,27,5,1,65.21060556773527,62.61712989864019,-0.0405832365597318,604,1.0
0,0,0.25,0,20,1,74.22396887319378,30.53227798366617,-0.8883027100853038,604,1.0
0,0,0.25,3,20,1,76.4942292887744,25.2074148539261,-1.1100771123811528,604,1.0
0,0,0.25,6,20,1,8.937946195984027,23.47644785238151,0.9656918687450504,604,1.0
0,0,0.25,21,20,1,117.98368566848676,15.08530446670328,-2.056825302045638,604,1.0
0,0,0.25,24,20,1,18.7335098979603,2.9981085157904617,-1.8323322982589367,604,1.0
0,0,0.25,27,20,1,612.3524655002765,433.6627543606127,-0.3450408724070957,604,1.0
0,0,0.25,0,50,1,57.16058996732937,27.431232560605768,-0.7341824356352247,604,1.0
0,0,0.25,3,50,1,144.81868597383146,45.60989348909816,-1.1553578629387924,604,1.0
0,0,0.25,6,50,1,19.87396442653059,116.30296454604544,1.7667879948500274,604,1.0
0,0,0.25,21,50,1,278.9319133908429,21.94723098624699,-2.542326733418357,604,1.0
0,0,0.25,24,50,1,29.388911370658317,1.943570564390864,-2.716090660392537,604,1.0
0,0,0.25,27,50,1,548.6171560753314,247.3833226170173,-0.7964618033974141,604,1.0
0,0,0.25,12,5,2,1.9698527677948203,1.8575843709334527,-0.0586818844510338,604,1.0
0,0,0.25,15,5,2,8.5781452152512,1.8518645137739227,-1.5330247379135975,604,1.0
0,0,0.25,18,5,2,6.226876678028208,2.3112129627561027,-0.9911023924752486,604,1.0
0,0,0.25,12,20,2,5.228007824248774,2.101284132297818,-0.911481642950463,604,1.0
0,0,0.25,15,20,2,58.184911318429386,6.018017100644304,-2.2688682456412823,604,1.0
0,0,0.25,18,20,2,81.31384274654377,16.367946655549005,-1.602991319410692,604,1.0
0,0,0.25,12,50,2,13.23641031852492,1.2308578527074523,-2.375260022258841,604,1.0
0,0,0.25,15,50,2,74.05859422336552,22.863681414553977,-1.1753069065568962,604,1.0
0,0,0.25,18,50,2,358.60572655267595,53.17702361219539,-1.9085971141679676,604,1.0
0,1,0.0,9,5,0,5.961061756153261,5.961061756153261,0.0,604,1.0
0,1,0.0,9,20,0,47.5922612713572,47.5922612713572,0.0,604,1.0
0,1,0.0,9,50,0,115.23793390196866,115.23793390196866,0.0,604,1.0
0,1,0.0,12,5,1,1.9698527677948203,1.85758465680506,-0.058681730556767,604,1.0
0,1,0.0,15,5,1,8.5781452152512,1.8518644426871504,-1.533024776300193,604,1.0
0,1,0.0,18,5,1,6.226876678028208,2.3112120831923555,-0.9911027730390168,604,1.0
0,1,0.0,12,20,1,5.228007824248774,2.10128621375069,-0.9114806523886396,604,1.0
0,1,0.0,15,20,1,58.184911318429386,6.018007319840318,-2.268869870896208,604,1.0
0,1,0.0,18,20,1,81.31384274654377,16.367931781084913,-1.6029922281667603,604,1.0
0,1,0.0,12,50,1,13.23641031852492,1.2308588588143057,-2.375259204856214,604,1.0
0,1,0.0,15,50,1,74.05859422336552,22.863630764432383,-1.1753091218684544,604,1.0
0,1,0.0,18,50,1,358.60572655267595,53.176971613901074,-1.9085980920023065,604,1.0
0,1,0.0,0,5,2,6.675758828117635,3.896645973402701,-0.5383667036422378,604,1.0
0,1,0.0,3,5,2,7.603252919324024,2.889179023199035,-0.9676037846704688,604,1.0
0,1,0.0,6,5,2,1.990202879035313,2.642190794719544,0.2833718367067735,604,1.0
0,1,0.0,21,5,2,9.980946096977128,4.541447652838549,-0.7874320576362972,604,1.0
0,1,0.0,24,5,2,3.241590892314463,1.911166508186884,-0.5283504325366438,604,1.0
0,1,0.0,27,5,2,65.21060556773527,62.617125893194526,-0.0405833005269847,604,1.0
0,1,0.0,0,20,2,74.22396887319378,30.53227948410207,-0.8883026609426927,604,1.0
0,1,0.0,3,20,2,76.4942292887744,25.207410493288,-1.1100772853714616,604,1.0
0,1,0.0,6,20,2,8.937946195984027,23.476446854028893,0.9656918262193392,604,1.0
0,1,0.0,21,20,2,117.98368566848676,15.085303577756807,-2.0568253609736167,604,1.0
0,1,0.0,24,20,2,18.7335098979603,2.9981087279140284,-1.8323322275064744,604,1.0
0,1,0.0,27,20,2,612.3524655002765,433.6626952439955,-0.3450410087264376,604,1.0
0,1,0.0,0,50,2,57.16058996732937,27.43123113922537,-0.7341824874513592,604,1.0
0,1,0.0,3,50,2,144.81868597383146,45.60988375415431,-1.1553580763781175,604,1.0
0,1,0.0,6,50,2,19.87396442653059,116.30295476178418,1.7667879107226647,604,1.0
0,1,0.0,21,50,2,278.9319133908429,21.94722643037986,-2.542326941001155,604,1.0
0,1,0.0,24,50,2,29.388911370658317,1.9435709329758308,-2.7160904707493416,604,1.0
0,1,0.0,27,50,2,548.6171560753314,247.3832748027845,-0.796461996677369,604,1.0
0,1,0.1,9,5,0,5.961061756153261,5.961061756153261,0.0,604,1.0
0,1,0.1,9,20,0,47.5922612713572,47.5922612713572,0.0,604,1.0
0,1,0.1,9,50,0,115.23793390196866,115.23793390196866,0.0,604,1.0
0,1,0.1,12,5,1,1.9698527677948203,1.85758465680506,-0.058681730556767,604,1.0
0,1,0.1,15,5,1,8.5781452152512,1.8518644426871504,-1.533024776300193,604,1.0
0,1,0.1,18,5,1,6.226876678028208,2.3112120831923555,-0.9911027730390168,604,1.0
0,1,0.1,12,20,1,5.228007824248774,2.10128621375069,-0.9114806523886396,604,1.0
0,1,0.1,15,20,1,58.184911318429386,6.018007319840318,-2.268869870896208,604,1.0
0,1,0.1,18,20,1,81.31384274654377,16.367931781084913,-1.6029922281667603,604,1.0
0,1,0.1,12,50,1,13.23641031852492,1.2308588588143057,-2.375259204856214,604,1.0
0,1,0.1,15,50,1,74.05859422336552,22.863630764432383,-1.1753091218684544,604,1.0
0,1,0.1,18,50,1,358.60572655267595,53.176971613901074,-1.9085980920023065,604,1.0
0,1,0.1,0,5,2,6.675758828117635,3.896645973402701,-0.5383667036422378,604,1.0
0,1,0.1,3,5,2,7.603252919324024,2.889179023199035,-0.9676037846704688,604,1.0
0,1,0.1,6,5,2,1.990202879035313,2.642190794719544,0.2833718367067735,604,1.0
0,1,0.1,21,5,2,9.980946096977128,4.541447652838549,-0.7874320576362972,604,1.0
0,1,0.1,24,5,2,3.241590892314463,1.911166508186884,-0.5283504325366438,604,1.0
0,1,0.1,27,5,2,65.21060556773527,62.617125893194526,-0.0405833005269847,604,1.0
0,1,0.1,0,20,2,74.22396887319378,30.53227948410207,-0.8883026609426927,604,1.0
0,1,0.1,3,20,2,76.4942292887744,25.207410493288,-1.1100772853714616,604,1.0
0,1,0.1,6,20,2,8.937946195984027,23.476446854028893,0.9656918262193392,604,1.0
0,1,0.1,21,20,2,117.98368566848676,15.085303577756807,-2.0568253609736167,604,1.0
0,1,0.1,24,20,2,18.7335098979603,2.9981087279140284,-1.8323322275064744,604,1.0
0,1,0.1,27,20,2,612.3524655002765,433.6626952439955,-0.3450410087264376,604,1.0
0,1,0.1,0,50,2,57.16058996732937,27.43123113922537,-0.7341824874513592,604,1.0
0,1,0.1,3,50,2,144.81868597383146,45.60988375415431,-1.1553580763781175,604,1.0
0,1,0.1,6,50,2,19.87396442653059,116.30295476178418,1.7667879107226647,604,1.0
0,1,0.1,21,50,2,278.9319133908429,21.94722643037986,-2.542326941001155,604,1.0
0,1,0.1,24,50,2,29.388911370658317,1.9435709329758308,-2.7160904707493416,604,1.0
0,1,0.1,27,50,2,548.6171560753314,247.3832748027845,-0.796461996677369,604,1.0
0,1,0.25,9,5,0,5.961061756153261,5.961061756153261,0.0,604,1.0
0,1,0.25,9,20,0,47.5922612713572,47.5922612713572,0.0,604,1.0
0,1,0.25,9,50,0,115.23793390196866,115.23793390196866,0.0,604,1.0
0,1,0.25,12,5,1,1.9698527677948203,1.85758465680506,-0.058681730556767,604,1.0
0,1,0.25,15,5,1,8.5781452152512,1.8518644426871504,-1.533024776300193,604,1.0
0,1,0.25,18,5,1,6.226876678028208,2.3112120831923555,-0.9911027730390168,604,1.0
0,1,0.25,12,20,1,5.228007824248774,2.10128621375069,-0.9114806523886396,604,1.0
0,1,0.25,15,20,1,58.184911318429386,6.018007319840318,-2.268869870896208,604,1.0
0,1,0.25,18,20,1,81.31384274654377,16.367931781084913,-1.6029922281667603,604,1.0
0,1,0.25,12,50,1,13.23641031852492,1.2308588588143057,-2.375259204856214,604,1.0
0,1,0.25,15,50,1,74.05859422336552,22.863630764432383,-1.1753091218684544,604,1.0
0,1,0.25,18,50,1,358.60572655267595,53.176971613901074,-1.9085980920023065,604,1.0
0,1,0.25,0,5,2,6.675758828117635,3.896645973402701,-0.5383667036422378,604,1.0
0,1,0.25,3,5,2,7.603252919324024,2.889179023199035,-0.9676037846704688,604,1.0
0,1,0.25,6,5,2,1.990202879035313,2.642190794719544,0.2833718367067735,604,1.0
0,1,0.25,21,5,2,9.980946096977128,4.541447652838549,-0.7874320576362972,604,1.0
0,1,0.25,24,5,2,3.241590892314463,1.911166508186884,-0.5283504325366438,604,1.0
0,1,0.25,27,5,2,65.21060556773527,62.617125893194526,-0.0405833005269847,604,1.0
0,1,0.25,0,20,2,74.22396887319378,30.53227948410207,-0.8883026609426927,604,1.0
0,1,0.25,3,20,2,76.4942292887744,25.207410493288,-1.1100772853714616,604,1.0
0,1,0.25,6,20,2,8.937946195984027,23.476446854028893,0.9656918262193392,604,1.0
0,1,0.25,21,20,2,117.98368566848676,15.085303577756807,-2.0568253609736167,604,1.0
0,1,0.25,24,20,2,18.7335098979603,2.9981087279140284,-1.8323322275064744,604,1.0
0,1,0.25,27,20,2,612.3524655002765,433.6626952439955,-0.3450410087264376,604,1.0
0,1,0.25,0,50,2,57.16058996732937,27.43123113922537,-0.7341824874513592,604,1.0
0,1,0.25,3,50,2,144.81868597383146,45.60988375415431,-1.1553580763781175,604,1.0
0,1,0.25,6,50,2,19.87396442653059,116.30295476178418,1.7667879107226647,604,1.0
0,1,0.25,21,50,2,278.9319133908429,21.94722643037986,-2.542326941001155,604,1.0
0,1,0.25,24,50,2,29.388911370658317,1.9435709329758308,-2.7160904707493416,604,1.0
0,1,0.25,27,50,2,548.6171560753314,247.3832748027845,-0.796461996677369,604,1.0
0,2,0.0,9,5,0,5.961061756153261,5.961061756153261,0.0,604,1.0
0,2,0.0,9,20,0,47.5922612713572,47.5922612713572,0.0,604,1.0
0,2,0.0,9,50,0,115.23793390196866,115.23793390196866,0.0,604,1.0
0,2,0.0,0,5,1,6.675758828117635,3.8966456417638256,-0.5383667887510446,604,1.0
0,2,0.0,3,5,1,7.603252919324024,2.889181108393606,-0.9676030629450924,604,1.0
0,2,0.0,6,5,1,1.990202879035313,2.642190998992379,0.2833719140186874,604,1.0
0,2,0.0,21,5,1,9.980946096977128,4.541445973919188,-0.7874324273245112,604,1.0
0,2,0.0,24,5,1,3.241590892314463,1.911166463314972,-0.5283504560154524,604,1.0
0,2,0.0,27,5,1,65.21060556773527,62.61716997488185,-0.0405825965395185,604,1.0
0,2,0.0,0,20,1,74.22396887319378,30.532281294881127,-0.8883026016356566,604,1.0
0,2,0.0,3,20,1,76.4942292887744,25.20744061540319,-1.110076090401546,604,1.0
0,2,0.0,6,20,1,8.937946195984027,23.47647448868674,0.9656930033413184,604,1.0
0,2,0.0,21,20,1,117.98368566848676,15.085290851979304,-2.056826204561736,604,1.0
0,2,0.0,24,20,1,18.7335098979603,2.998108019080897,-1.832332463933262,604,1.0
0,2,0.0,27,20,1,612.3524655002765,433.66301861312166,-0.3450402630570288,604,1.0
0,2,0.0,0,50,1,57.16058996732937,27.431236809608183,-0.7341822807387184,604,1.0
0,2,0.0,3,50,1,144.81868597383146,45.60992045620771,-1.155357271683266,604,1.0
0,2,0.0,6,50,1,19.87396442653059,116.30302402877956,1.7667885062963105,604,1.0
0,2,0.0,21,50,1,278.9319133908429,21.947206687216443,-2.542327840575976,604,1.0
0,2,0.0,24,50,1,29.388911370658317,1.9435693507746088,-2.7160912848188663,604,1.0
0,2,0.0,27,50,1,548.6171560753314,247.38340063850683,-0.7964614880104415,604,1.0
0,2,0.0,12,5,2,1.9698527677948203,1.8575848287652093,-0.0586816379848665,604,1.0
0,2,0.0,15,5,2,8.5781452152512,1.8518639403636223,-1.5330250475530904,604,1.0
0,2,0.0,18,5,2,6.226876678028208,2.311212308939661,-0.9911026753641664,604,1.0
0,2,0.0,12,20,2,5.228007824248774,2.101287791487425,-0.9114799015455928,604,1.0
0,2,0.0,15,20,2,58.184911318429386,6.018008620347445,-2.268869654793615,604,1.0
0,2,0.0,18,20,2,81.31384274654377,16.367928410277763,-1.602992434106493,604,1.0
0,2,0.0,12,50,2,13.23641031852492,1.2308595866157803,-2.3752586135607503,604,1.0
0,2,0.0,15,50,2,74.05859422336552,22.86364366052242,-1.1753085578247755,604,1.0
0,2,0.0,18,50,2,358.60572655267595,53.17700967366152,-1.9085973762837225,604,1.0
0,2,0.1,9,5,0,5.961061756153261,5.961061756153261,0.0,604,1.0
0,2,0.1,9,20,0,47.5922612713572,47.5922612713572,0.0,604,1.0
0,2,0.1,9,50,0,115.23793390196866,115.23793390196866,0.0,604,1.0
0,2,0.1,0,5,1,6.675758828117635,3.8966456417638256,-0.5383667887510446,604,1.0
0,2,0.1,3,5,1,7.603252919324024,2.889181108393606,-0.9676030629450924,604,1.0
0,2,0.1,6,5,1,1.990202879035313,2.642190998992379,0.2833719140186874,604,1.0
0,2,0.1,21,5,1,9.980946096977128,4.541445973919188,-0.7874324273245112,604,1.0
0,2,0.1,24,5,1,3.241590892314463,1.911166463314972,-0.5283504560154524,604,1.0
0,2,0.1,27,5,1,65.21060556773527,62.61716997488185,-0.0405825965395185,604,1.0
0,2,0.1,0,20,1,74.22396887319378,30.532281294881127,-0.8883026016356566,604,1.0
0,2,0.1,3,20,1,76.4942292887744,25.20744061540319,-1.110076090401546,604,1.0
0,2,0.1,6,20,1,8.937946195984027,23.47647448868674,0.9656930033413184,604,1.0
0,2,0.1,21,20,1,117.98368566848676,15.085290851979304,-2.056826204561736,604,1.0
0,2,0.1,24,20,1,18.7335098979603,2.998108019080897,-1.832332463933262,604,1.0
0,2,0.1,27,20,1,612.3524655002765,433.66301861312166,-0.3450402630570288,604,1.0
0,2,0.1,0,50,1,57.16058996732937,27.431236809608183,-0.7341822807387184,604,1.0
0,2,0.1,3,50,1,144.81868597383146,45.60992045620771,-1.155357271683266,604,1.0
0,2,0.1,6,50,1,19.87396442653059,116.30302402877956,1.7667885062963105,604,1.0
0,2,0.1,21,50,1,278.9319133908429,21.947206687216443,-2.542327840575976,604,1.0
0,2,0.1,24,50,1,29.388911370658317,1.9435693507746088,-2.7160912848188663,604,1.0
0,2,0.1,27,50,1,548.6171560753314,247.38340063850683,-0.7964614880104415,604,1.0
0,2,0.1,12,5,2,1.9698527677948203,1.8575848287652093,-0.0586816379848665,604,1.0
0,2,0.1,15,5,2,8.5781452152512,1.8518639403636223,-1.5330250475530904,604,1.0
0,2,0.1,18,5,2,6.226876678028208,2.311212308939661,-0.9911026753641664,604,1.0
0,2,0.1,12,20,2,5.228007824248774,2.101287791487425,-0.9114799015455928,604,1.0
0,2,0.1,15,20,2,58.184911318429386,6.018008620347445,-2.268869654793615,604,1.0
0,2,0.1,18,20,2,81.31384274654377,16.367928410277763,-1.602992434106493,604,1.0
0,2,0.1,12,50,2,13.23641031852492,1.2308595866157803,-2.3752586135607503,604,1.0
0,2,0.1,15,50,2,74.05859422336552,22.86364366052242,-1.1753085578247755,604,1.0
0,2,0.1,18,50,2,358.60572655267595,53.17700967366152,-1.9085973762837225,604,1.0
0,2,0.25,9,5,0,5.961061756153261,5.961061756153261,0.0,604,1.0
0,2,0.25,9,20,0,47.5922612713572,47.5922612713572,0.0,604,1.0
0,2,0.25,9,50,0,115.23793390196866,115.23793390196866,0.0,604,1.0
0,2,0.25,0,5,1,6.675758828117635,3.8966456417638256,-0.5383667887510446,604,1.0
0,2,0.25,3,5,1,7.603252919324024,2.889181108393606,-0.9676030629450924,604,1.0
0,2,0.25,6,5,1,1.990202879035313,2.642190998992379,0.2833719140186874,604,1.0
0,2,0.25,21,5,1,9.980946096977128,4.541445973919188,-0.7874324273245112,604,1.0
0,2,0.25,24,5,1,3.241590892314463,1.911166463314972,-0.5283504560154524,604,1.0
0,2,0.25,27,5,1,65.21060556773527,62.61716997488185,-0.0405825965395185,604,1.0
0,2,0.25,0,20,1,74.22396887319378,30.532281294881127,-0.8883026016356566,604,1.0
0,2,0.25,3,20,1,76.4942292887744,25.20744061540319,-1.110076090401546,604,1.0
0,2,0.25,6,20,1,8.937946195984027,23.47647448868674,0.9656930033413184,604,1.0
0,2,0.25,21,20,1,117.98368566848676,15.085290851979304,-2.056826204561736,604,1.0
0,2,0.25,24,20,1,18.7335098979603,2.998108019080897,-1.832332463933262,604,1.0
0,2,0.25,27,20,1,612.3524655002765,433.66301861312166,-0.3450402630570288,604,1.0
0,2,0.25,0,50,1,57.16058996732937,27.431236809608183,-0.7341822807387184,604,1.0
0,2,0.25,3,50,1,144.81868597383146,45.60992045620771,-1.155357271683266,604,1.0
0,2,0.25,6,50,1,19.87396442653059,116.30302402877956,1.7667885062963105,604,1.0
0,2,0.25,21,50,1,278.9319133908429,21.947206687216443,-2.542327840575976,604,1.0
0,2,0.25,24,50,1,29.388911370658317,1.9435693507746088,-2.7160912848188663,604,1.0
0,2,0.25,27,50,1,548.6171560753314,247.38340063850683,-0.7964614880104415,604,1.0
0,2,0.25,12,5,2,1.9698527677948203,1.8575848287652093,-0.0586816379848665,604,1.0
0,2,0.25,15,5,2,8.5781452152512,1.8518639403636223,-1.5330250475530904,604,1.0
0,2,0.25,18,5,2,6.226876678028208,2.311212308939661,-0.9911026753641664,604,1.0
0,2,0.25,12,20,2,5.228007824248774,2.101287791487425,-0.9114799015455928,604,1.0
0,2,0.25,15,20,2,58.184911318429386,6.018008620347445,-2.268869654793615,604,1.0
0,2,0.25,18,20,2,81.31384274654377,16.367928410277763,-1.602992434106493,604,1.0
0,2,0.25,12,50,2,13.23641031852492,1.2308595866157803,-2.3752586135607503,604,1.0
0,2,0.25,15,50,2,74.05859422336552,22.86364366052242,-1.1753085578247755,604,1.0
0,2,0.25,18,50,2,358.60572655267595,53.17700967366152,-1.9085973762837225,604,1.0
0,3,0.0,9,5,0,5.961061756153261,5.961061756153261,0.0,604,1.0
0,3,0.0,9,20,0,47.5922612713572,47.5922612713572,0.0,604,1.0
0,3,0.0,9,50,0,115.23793390196866,115.23793390196866,0.0,604,1.0
0,3,0.0,0,5,1,6.675758828117635,3.896645038730197,-0.5383669435081693,604,1.0
0,3,0.0,3,5,1,7.603252919324024,2.88917934886714,-0.9676036719505288,604,1.0
0,3,0.0,6,5,1,1.990202879035313,2.6421907465622056,0.2833718184804823,604,1.0
0,3,0.0,21,5,1,9.980946096977128,4.541447762481526,-0.7874320334935605,604,1.0
0,3,0.0,24,5,1,3.241590892314463,1.9111664063373948,-0.5283504858284378,604,1.0
0,3,0.0,27,5,1,65.21060556773527,62.617131782878296,-0.0405832064683162,604,1.0
0,3,0.0,0,20,1,74.22396887319378,30.532269912962896,-0.8883029744188182,604,1.0
0,3,0.0,3,20,1,76.4942292887744,25.20741572300629,-1.110077077903989,604,1.0
0,3,0.0,6,20,1,8.937946195984027,23.47645029976105,0.9656919729933348,604,1.0
0,3,0.0,21,20,1,117.98368566848676,15.08530294691288,-2.056825402792062,604,1.0
0,3,0.0,24,20,1,18.7335098979603,2.9981079652996048,-1.8323324818716729,604,1.0
0,3,0.0,27,20,1,612.3524655002765,433.66273670145705,-0.3450409131280381,604,1.0
0,3,0.0,0,50,1,57.16058996732937,27.431228918638624,-0.7341825684024046,604,1.0
0,3,0.0,3,50,1,144.81868597383146,45.609894656021694,-1.1553578373539153,604,1.0
0,3,0.0,6,50,1,19.87396442653059,116.3029658404219,1.766788005979378,604,1.0
0,3,0.0,21,50,1,278.9319133908429,21.94722524967503,-2.5423269947986067,604,1.0
0,3,0.0,24,50,1,29.388911370658317,1.943570381163922,-2.7160907546659088,604,1.0
0,3,0.0,27,50,1,548.6171560753314,247.38331213677824,-0.7964618457617871,604,1.0
0,3,0.0,12,5,2,1.9698527677948203,1.8575842125340076,-0.0586819697227741,604,1.0
0,3,0.0,15,5,2,8.5781452152512,1.8518648645977671,-1.5330245484700349,604,1.0
0,3,0.0,18,5,2,6.226876678028208,2.3112129286749505,-0.9911024072212512,604,1.0
0,3,0.0,12,20,2,5.228007824248774,2.101283184447511,-0.9114820940320212,604,1.0
0,3,0.0,15,20,2,58.184911318429386,6.018019850294093,-2.268867788738433,604,1.0
0,3,0.0,18,20,2,81.31384274654377,16.367943619006454,-1.602991504928332,604,1.0
0,3,0.0,12,50,2,13.23641031852492,1.2308574237038303,-2.375260370799248,604,1.0
0,3,0.0,15,50,2,74.05859422336552,22.86368897324281,-1.175306575958886,604,1.0
0,3,0.0,18,50,2,358.60572655267595,53.17703327781449,-1.9085969324049132,604,1.0
0,3,0.1,9,5,0,5.961061756153261,5.961061756153261,0.0,604,1.0
0,3,0.1,9,20,0,47.5922612713572,47.5922612713572,0.0,604,1.0
0,3,0.1,9,50,0,115.23793390196866,115.23793390196866,0.0,604,1.0
0,3,0.1,0,5,1,6.675758828117635,3.896645038730197,-0.5383669435081693,604,1.0
0,3,0.1,3,5,1,7.603252919324024,2.88917934886714,-0.9676036719505288,604,1.0
0,3,0.1,6,5,1,1.990202879035313,2.6421907465622056,0.2833718184804823,604,1.0
0,3,0.1,21,5,1,9.980946096977128,4.541447762481526,-0.7874320334935605,604,1.0
0,3,0.1,24,5,1,3.241590892314463,1.9111664063373948,-0.5283504858284378,604,1.0
0,3,0.1,27,5,1,65.21060556773527,62.617131782878296,-0.0405832064683162,604,1.0
0,3,0.1,0,20,1,74.22396887319378,30.532269912962896,-0.8883029744188182,604,1.0
0,3,0.1,3,20,1,76.4942292887744,25.20741572300629,-1.110077077903989,604,1.0
0,3,0.1,6,20,1,8.937946195984027,23.47645029976105,0.9656919729933348,604,1.0
0,3,0.1,21,20,1,117.98368566848676,15.08530294691288,-2.056825402792062,604,1.0
0,3,0.1,24,20,1,18.7335098979603,2.9981079652996048,-1.8323324818716729,604,1.0
0,3,0.1,27,20,1,612.3524655002765,433.66273670145705,-0.3450409131280381,604,1.0
0,3,0.1,0,50,1,57.16058996732937,27.431228918638624,-0.7341825684024046,604,1.0
0,3,0.1,3,50,1,144.81868597383146,45.609894656021694,-1.1553578373539153,604,1.0
0,3,0.1,6,50,1,19.87396442653059,116.3029658404219,1.766788005979378,604,1.0
0,3,0.1,21,50,1,278.9319133908429,21.94722524967503,-2.5423269947986067,604,1.0
0,3,0.1,24,50,1,29.388911370658317,1.943570381163922,-2.7160907546659088,604,1.0
0,3,0.1,27,50,1,548.6171560753314,247.38331213677824,-0.7964618457617871,604,1.0
0,3,0.1,12,5,2,1.9698527677948203,1.8575842125340076,-0.0586819697227741,604,1.0
0,3,0.1,15,5,2,8.5781452152512,1.8518648645977671,-1.5330245484700349,604,1.0
0,3,0.1,18,5,2,6.226876678028208,2.3112129286749505,-0.9911024072212512,604,1.0
0,3,0.1,12,20,2,5.228007824248774,2.101283184447511,-0.9114820940320212,604,1.0
0,3,0.1,15,20,2,58.184911318429386,6.018019850294093,-2.268867788738433,604,1.0
0,3,0.1,18,20,2,81.31384274654377,16.367943619006454,-1.602991504928332,604,1.0
0,3,0.1,12,50,2,13.23641031852492,1.2308574237038303,-2.375260370799248,604,1.0
0,3,0.1,15,50,2,74.05859422336552,22.86368897324281,-1.175306575958886,604,1.0
0,3,0.1,18,50,2,358.60572655267595,53.17703327781449,-1.9085969324049132,604,1.0
0,3,0.25,9,5,0,5.961061756153261,5.961061756153261,0.0,604,1.0
0,3,0.25,9,20,0,47.5922612713572,47.5922612713572,0.0,604,1.0
0,3,0.25,9,50,0,115.23793390196866,115.23793390196866,0.0,604,1.0
0,3,0.25,0,5,1,6.675758828117635,3.896645038730197,-0.5383669435081693,604,1.0
0,3,0.25,3,5,1,7.603252919324024,2.88917934886714,-0.9676036719505288,604,1.0
0,3,0.25,6,5,1,1.990202879035313,2.6421907465622056,0.2833718184804823,604,1.0
0,3,0.25,21,5,1,9.980946096977128,4.541447762481526,-0.7874320334935605,604,1.0
0,3,0.25,24,5,1,3.241590892314463,1.9111664063373948,-0.5283504858284378,604,1.0
0,3,0.25,27,5,1,65.21060556773527,62.617131782878296,-0.0405832064683162,604,1.0
0,3,0.25,0,20,1,74.22396887319378,30.532269912962896,-0.8883029744188182,604,1.0
0,3,0.25,3,20,1,76.4942292887744,25.20741572300629,-1.110077077903989,604,1.0
0,3,0.25,6,20,1,8.937946195984027,23.47645029976105,0.9656919729933348,604,1.0
0,3,0.25,21,20,1,117.98368566848676,15.08530294691288,-2.056825402792062,604,1.0
0,3,0.25,24,20,1,18.7335098979603,2.9981079652996048,-1.8323324818716729,604,1.0
0,3,0.25,27,20,1,612.3524655002765,433.66273670145705,-0.3450409131280381,604,1.0
0,3,0.25,0,50,1,57.16058996732937,27.431228918638624,-0.7341825684024046,604,1.0
0,3,0.25,3,50,1,144.81868597383146,45.609894656021694,-1.1553578373539153,604,1.0
0,3,0.25,6,50,1,19.87396442653059,116.3029658404219,1.766788005979378,604,1.0
0,3,0.25,21,50,1,278.9319133908429,21.94722524967503,-2.5423269947986067,604,1.0
0,3,0.25,24,50,1,29.388911370658317,1.943570381163922,-2.7160907546659088,604,1.0
0,3,0.25,27,50,1,548.6171560753314,247.38331213677824,-0.7964618457617871,604,1.0
0,3,0.25,12,5,2,1.9698527677948203,1.8575842125340076,-0.0586819697227741,604,1.0
0,3,0.25,15,5,2,8.5781452152512,1.8518648645977671,-1.5330245484700349,604,1.0
0,3,0.25,18,5,2,6.226876678028208,2.3112129286749505,-0.9911024072212512,604,1.0
0,3,0.25,12,20,2,5.228007824248774,2.101283184447511,-0.9114820940320212,604,1.0
0,3,0.25,15,20,2,58.184911318429386,6.018019850294093,-2.268867788738433,604,1.0
0,3,0.25,18,20,2,81.31384274654377,16.367943619006454,-1.602991504928332,604,1.0
0,3,0.25,12,50,2,13.23641031852492,1.2308574237038303,-2.375260370799248,604,1.0
0,3,0.25,15,50,2,74.05859422336552,22.86368897324281,-1.175306575958886,604,1.0
0,3,0.25,18,50,2,358.60572655267595,53.17703327781449,-1.9085969324049132,604,1.0
0,4,0.0,9,5,0,5.961061756153261,5.961061756153261,0.0,604,1.0
0,4,0.0,9,20,0,47.5922612713572,47.5922612713572,0.0,604,1.0
0,4,0.0,9,50,0,115.23793390196866,115.23793390196866,0.0,604,1.0
0,4,0.0,12,5,1,1.9698527677948203,1.857584452710553,-0.0586818404276776,604,1.0
0,4,0.0,15,5,1,8.5781452152512,1.8518646577029056,-1.5330246601924813,604,1.0
0,4,0.0,18,5,1,6.226876678028208,2.311212235334899,-0.9911027072109868,604,1.0
0,4,0.0,12,20,1,5.228007824248774,2.101284198361805,-0.9114816115106472,604,1.0
0,4,0.0,15,20,1,58.184911318429386,6.018010278645576,-2.2688693792376946,604,1.0
0,4,0.0,18,20,1,81.31384274654377,16.36793883038961,-1.6029917974890624,604,1.0
0,4,0.0,12,50,1,13.23641031852492,1.230857834126444,-2.375260037354823,604,1.0
0,4,0.0,15,50,1,74.05859422336552,22.863649377519696,-1.1753083077772923,604,1.0
0,4,0.0,18,50,1,358.60572655267595,53.17698335379099,-1.908597871232145,604,1.0
0,4,0.0,0,5,2,6.675758828117635,3.896644843393713,-0.5383669936375722,604,1.0
0,4,0.0,3,5,2,7.603252919324024,2.889179076244629,-0.9676037663103764,604,1.0
0,4,0.0,6,5,2,1.990202879035313,2.64219081997374,0.283371846264825,604,1.0
0,4,0.0,21,5,2,9.980946096977128,4.541447893220454,-0.7874320047056204,604,1.0
0,4,0.0,24,5,2,3.241590892314463,1.911166429553093,-0.5283504736810402,604,1.0
0,4,0.0,27,5,2,65.21060556773527,62.6171337506739,-0.0405831750424824,604,1.0
0,4,0.0,0,20,2,74.22396887319378,30.532261507280417,-0.8883032497237222,604,1.0
0,4,0.0,3,20,2,76.4942292887744,25.20741048457511,-1.1100772857171095,604,1.0
0,4,0.0,6,20,2,8.937946195984027,23.476451988460745,0.9656920449249774,604,1.0
0,4,0.0,21,20,2,117.98368566848676,15.085300103306924,-2.0568255912938262,604,1.0
0,4,0.0,24,20,2,18.7335098979603,2.9981077429172203,-1.8323325560459167,604,1.0
0,4,0.0,27,20,2,612.3524655002765,433.662670590693,-0.3450410655754667,604,1.0
0,4,0.0,0,50,2,57.16058996732937,27.43122119620299,-0.7341828499223008,604,1.0
0,4,0.0,3,50,2,144.81868597383146,45.609877522671255,-1.1553582130038436,604,1.0
0,4,0.0,6,50,2,19.87396442653059,116.3029493591137,1.7667878642692396,604,1.0
0,4,0.0,21,50,2,278.9319133908429,21.94721331270228,-2.542327538693148,604,1.0
0,4,0.0,24,50,2,29.388911370658317,1.9435706123682588,-2.716090635707354,604,1.0
0,4,0.0,27,50,2,548.6171560753314,247.38322814005136,-0.7964621853026412,604,1.0
0,4,0.1,9,5,0,5.961061756153261,5.961061756153261,0.0,604,1.0
0,4,0.1,9,20,0,47.5922612713572,47.5922612713572,0.0,604,1.0
0,4,0.1,9,50,0,115.23793390196866,115.23793390196866,0.0,604,1.0
0,4,0.1,12,5,1,1.9698527677948203,1.857584452710553,-0.0586818404276776,604,1.0
0,4,0.1,15,5,1,8.5781452152512,1.8518646577029056,-1.5330246601924813,604,1.0
0,4,0.1,18,5,1,6.226876678028208,2.311212235334899,-0.9911027072109868,604,1.0
0,4,0.1,12,20,1,5.228007824248774,2.101284198361805,-0.9114816115106472,604,1.0
0,4,0.1,15,20,1,58.184911318429386,6.018010278645576,-2.2688693792376946,604,1.0
0,4,0.1,18,20,1,81.31384274654377,16.36793883038961,-1.6029917974890624,604,1.0
0,4,0.1,12,50,1,13.23641031852492,1.230857834126444,-2.375260037354823,604,1.0
0,4,0.1,15,50,1,74.05859422336552,22.863649377519696,-1.1753083077772923,604,1.0
0,4,0.1,18,50,1,358.60572655267595,53.17698335379099,-1.908597871232145,604,1.0
0,4,0.1,0,5,2,6.675758828117635,3.896644843393713,-0.5383669936375722,604,1.0
0,4,0.1,3,5,2,7.603252919324024,2.889179076244629,-0.9676037663103764,604,1.0
0,4,0.1,6,5,2,1.990202879035313,2.64219081997374,0.283371846264825,604,1.0
0,4,0.1,21,5,2,9.980946096977128,4.541447893220454,-0.7874320047056204,604,1.0
0,4,0.1,24,5,2,3.241590892314463,1.911166429553093,-0.5283504736810402,604,1.0
0,4,0.1,27,5,2,65.21060556773527,62.6171337506739,-0.0405831750424824,604,1.0
0,4,0.1,0,20,2,74.22396887319378,30.532261507280417,-0.8883032497237222,604,1.0
0,4,0.1,3,20,2,76.4942292887744,25.20741048457511,-1.1100772857171095,604,1.0
0,4,0.1,6,20,2,8.937946195984027,23.476451988460745,0.9656920449249774,604,1.0
0,4,0.1,21,20,2,117.98368566848676,15.085300103306924,-2.0568255912938262,604,1.0
0,4,0.1,24,20,2,18.7335098979603,2.9981077429172203,-1.8323325560459167,604,1.0
0,4,0.1,27,20,2,612.3524655002765,433.662670590693,-0.3450410655754667,604,1.0
0,4,0.1,0,50,2,57.16058996732937,27.43122119620299,-0.7341828499223008,604,1.0
0,4,0.1,3,50,2,144.81868597383146,45.609877522671255,-1.1553582130038436,604,1.0
0,4,0.1,6,50,2,19.87396442653059,116.3029493591137,1.7667878642692396,604,1.0
0,4,0.1,21,50,2,278.9319133908429,21.94721331270228,-2.542327538693148,604,1.0
0,4,0.1,24,50,2,29.388911370658317,1.9435706123682588,-2.716090635707354,604,1.0
0,4,0.1,27,50,2,548.6171560753314,247.38322814005136,-0.7964621853026412,604,1.0
0,4,0.25,9,5,0,5.961061756153261,5.961061756153261,0.0,604,1.0
0,4,0.25,9,20,0,47.5922612713572,47.5922612713572,0.0,604,1.0
0,4,0.25,9,50,0,115.23793390196866,115.23793390196866,0.0,604,1.0
0,4,0.25,12,5,1,1.9698527677948203,1.857584452710553,-0.0586818404276776,604,1.0
0,4,0.25,15,5,1,8.5781452152512,1.8518646577029056,-1.5330246601924813,604,1.0
0,4,0.25,18,5,1,6.226876678028208,2.311212235334899,-0.9911027072109868,604,1.0
0,4,0.25,12,20,1,5.228007824248774,2.101284198361805,-0.9114816115106472,604,1.0
0,4,0.25,15,20,1,58.184911318429386,6.018010278645576,-2.2688693792376946,604,1.0
0,4,0.25,18,20,1,81.31384274654377,16.36793883038961,-1.6029917974890624,604,1.0
0,4,0.25,12,50,1,13.23641031852492,1.230857834126444,-2.375260037354823,604,1.0
0,4,0.25,15,50,1,74.05859422336552,22.863649377519696,-1.1753083077772923,604,1.0
0,4,0.25,18,50,1,358.60572655267595,53.17698335379099,-1.908597871232145,604,1.0
0,4,0.25,0,5,2,6.675758828117635,3.896644843393713,-0.5383669936375722,604,1.0
0,4,0.25,3,5,2,7.603252919324024,2.889179076244629,-0.9676037663103764,604,1.0
0,4,0.25,6,5,2,1.990202879035313,2.64219081997374,0.283371846264825,604,1.0
0,4,0.25,21,5,2,9.980946096977128,4.541447893220454,-0.7874320047056204,604,1.0
0,4,0.25,24,5,2,3.241590892314463,1.911166429553093,-0.5283504736810402,604,1.0
0,4,0.25,27,5,2,65.21060556773527,62.6171337506739,-0.0405831750424824,604,1.0
0,4,0.25,0,20,2,74.22396887319378,30.532261507280417,-0.8883032497237222,604,1.0
0,4,0.25,3,20,2,76.4942292887744,25.20741048457511,-1.1100772857171095,604,1.0
0,4,0.25,6,20,2,8.937946195984027,23.476451988460745,0.9656920449249774,604,1.0
0,4,0.25,21,20,2,117.98368566848676,15.085300103306924,-2.0568255912938262,604,1.0
0,4,0.25,24,20,2,18.7335098979603,2.9981077429172203,-1.8323325560459167,604,1.0
0,4,0.25,27,20,2,612.3524655002765,433.662670590693,-0.3450410655754667,604,1.0
0,4,0.25,0,50,2,57.16058996732937,27.43122119620299,-0.7341828499223008,604,1.0
0,4,0.25,3,50,2,144.81868597383146,45.609877522671255,-1.1553582130038436,604,1.0
0,4,0.25,6,50,2,19.87396442653059,116.3029493591137,1.7667878642692396,604,1.0
0,4,0.25,21,50,2,278.9319133908429,21.94721331270228,-2.542327538693148,604,1.0
0,4,0.25,24,50,2,29.388911370658317,1.9435706123682588,-2.716090635707354,604,1.0
0,4,0.25,27,50,2,548.6171560753314,247.38322814005136,-0.7964621853026412,604,1.0
0,5,0.0,9,5,0,5.961061756153261,5.961061756153261,0.0,604,1.0
0,5,0.0,9,20,0,47.5922612713572,47.5922612713572,0.0,604,1.0
0,5,0.0,9,50,0,115.23793390196866,115.23793390196866,0.0,604,1.0
0,5,0.0,12,5,1,1.9698527677948203,1.8575843118948945,-0.0586819162334713,604,1.0
0,5,0.0,15,5,1,8.5781452152512,1.8518646383770776,-1.533024670628356,604,1.0
0,5,0.0,18,5,1,6.226876678028208,2.311212949256356,-0.9911023983162276,604,1.0
0,5,0.0,12,20,1,5.228007824248774,2.1012834454196563,-0.911481969835468,604,1.0
0,5,0.0,15,20,1,58.184911318429386,6.0180172513729415,-2.268868220595053,604,1.0
0,5,0.0,18,20,1,81.31384274654377,16.36794886275654,-1.6029911845613165,604,1.0
0,5,0.0,12,50,1,13.23641031852492,1.2308574954447953,-2.375260312513892,604,1.0
0,5,0.0,15,50,1,74.05859422336552,22.863683093303354,-1.1753068331326175,604,1.0
0,5,0.0,18,50,1,358.60572655267595,53.177022748533936,-1.90859713040922,604,1.0
0,5,0.0,0,5,2,6.675758828117635,3.896646393723445,-0.5383665957749274,604,1.0
0,5,0.0,3,5,2,7.603252919324024,2.8891789494837905,-0.967603810184722,604,1.0
0,5,0.0,6,5,2,1.990202879035313,2.6421908151830173,0.2833718444516622,604,1.0
0,5,0.0,21,5,2,9.980946096977128,4.541447692358842,-0.7874320489341619,604,1.0
0,5,0.0,24,5,2,3.241590892314463,1.9111665733738252,-0.528350398428187,604,1.0
0,5,0.0,27,5,2,65.21060556773527,62.61712615365848,-0.0405832963673567,604,1.0
0,5,0.0,0,20,2,74.22396887319378,30.532287317523288,-0.8883024043807738,604,1.0
0,5,0.0,3,20,2,76.4942292887744,25.207409225036816,-1.1100773356840956,604,1.0
0,5,0.0,6,20,2,8.937946195984027,23.476444753200507,0.9656917367326936,604,1.0
0,5,0.0,21,20,2,117.98368566848676,15.085305219011683,-2.056825252175356,604,1.0
0,5,0.0,24,20,2,18.7335098979603,2.998109395492778,-1.8323320048398752,604,1.0
0,5,0.0,27,20,2,612.3524655002765,433.6627262324472,-0.3450409372689409,604,1.0
0,5,0.0,0,50,2,57.16058996732937,27.43123417805605,-0.7341823766714054,604,1.0
0,5,0.0,3,50,2,144.81868597383146,45.60988032437055,-1.1553581515763771,604,1.0
0,5,0.0,6,50,2,19.87396442653059,116.30295283321432,1.76678789414037,604,1.0
0,5,0.0,21,50,2,278.9319133908429,21.94723251548068,-2.542326663740609,604,1.0
0,5,0.0,24,50,2,29.388911370658317,1.9435711237276327,-2.716090372604329,604,1.0
0,5,0.0,27,50,2,548.6171560753314,247.38328000772304,-0.7964619756373919,604,1.0
0,5,0.1,9,5,0,5.961061756153261,5.961061756153261,0.0,604,1.0
0,5,0.1,9,20,0,47.5922612713572,47.5922612713572,0.0,604,1.0
0,5,0.1,9,50,0,115.23793390196866,115.23793390196866,0.0,604,1.0
0,5,0.1,12,5,1,1.9698527677948203,1.8575843118948945,-0.0586819162334713,604,1.0
0,5,0.1,15,5,1,8.5781452152512,1.8518646383770776,-1.533024670628356,604,1.0
0,5,0.1,18,5,1,6.226876678028208,2.311212949256356,-0.9911023983162276,604,1.0
0,5,0.1,12,20,1,5.228007824248774,2.1012834454196563,-0.911481969835468,604,1.0
0,5,0.1,15,20,1,58.184911318429386,6.0180172513729415,-2.268868220595053,604,1.0
0,5,0.1,18,20,1,81.31384274654377,16.36794886275654,-1.6029911845613165,604,1.0
0,5,0.1,12,50,1,13.23641031852492,1.2308574954447953,-2.375260312513892,604,1.0
0,5,0.1,15,50,1,74.05859422336552,22.863683093303354,-1.1753068331326175,604,1.0
0,5,0.1,18,50,1,358.60572655267595,53.177022748533936,-1.90859713040922,604,1.0
0,5,0.1,0,5,2,6.675758828117635,3.896646393723445,-0.5383665957749274,604,1.0
0,5,0.1,3,5,2,7.603252919324024,2.8891789494837905,-0.967603810184722,604,1.0
0,5,0.1,6,5,2,1.990202879035313,2.6421908151830173,0.2833718444516622,604,1.0
0,5,0.1,21,5,2,9.980946096977128,4.541447692358842,-0.7874320489341619,604,1.0
0,5,0.1,24,5,2,3.241590892314463,1.9111665733738252,-0.528350398428187,604,1.0
0,5,0.1,27,5,2,65.21060556773527,62.61712615365848,-0.0405832963673567,604,1.0
0,5,0.1,0,20,2,74.22396887319378,30.532287317523288,-0.8883024043807738,604,1.0
0,5,0.1,3,20,2,76.4942292887744,25.207409225036816,-1.1100773356840956,604,1.0
0,5,0.1,6,20,2,8.937946195984027,23.476444753200507,0.9656917367326936,604,1.0
0,5,0.1,21,20,2,117.98368566848676,15.085305219011683,-2.056825252175356,604,1.0
0,5,0.1,24,20,2,18.7335098979603,2.998109395492778,-1.8323320048398752,604,1.0
0,5,0.1,27,20,2,612.3524655002765,433.6627262324472,-0.3450409372689409,604,1.0
0,5,0.1,0,50,2,57.16058996732937,27.43123417805605,-0.7341823766714054,604,1.0
0,5,0.1,3,50,2,144.81868597383146,45.60988032437055,-1.1553581515763771,604,1.0
0,5,0.1,6,50,2,19.87396442653059,116.30295283321432,1.76678789414037,604,1.0
0,5,0.1,21,50,2,278.9319133908429,21.94723251548068,-2.542326663740609,604,1.0
0,5,0.1,24,50,2,29.388911370658317,1.9435711237276327,-2.716090372604329,604,1.0
0,5,0.1,27,50,2,548.6171560753314,247.38328000772304,-0.7964619756373919,604,1.0
0,5,0.25,9,5,0,5.961061756153261,5.961061756153261,0.0,604,1.0
0,5,0.25,9,20,0,47.5922612713572,47.5922612713572,0.0,604,1.0
0,5,0.25,9,50,0,115.23793390196866,115.23793390196866,0.0,604,1.0
0,5,0.25,12,5,1,1.9698527677948203,1.8575843118948945,-0.0586819162334713,604,1.0
0,5,0.25,15,5,1,8.5781452152512,1.8518646383770776,-1.533024670628356,604,1.0
0,5,0.25,18,5,1,6.226876678028208,2.311212949256356,-0.9911023983162276,604,1.0
0,5,0.25,12,20,1,5.228007824248774,2.1012834454196563,-0.911481969835468,604,1.0
0,5,0.25,15,20,1,58.184911318429386,6.0180172513729415,-2.268868220595053,604,1.0
0,5,0.25,18,20,1,81.31384274654377,16.36794886275654,-1.6029911845613165,604,1.0
0,5,0.25,12,50,1,13.23641031852492,1.2308574954447953,-2.375260312513892,604,1.0
0,5,0.25,15,50,1,74.05859422336552,22.863683093303354,-1.1753068331326175,604,1.0
0,5,0.25,18,50,1,358.60572655267595,53.177022748533936,-1.90859713040922,604,1.0
0,5,0.25,0,5,2,6.675758828117635,3.896646393723445,-0.5383665957749274,604,1.0
0,5,0.25,3,5,2,7.603252919324024,2.8891789494837905,-0.967603810184722,604,1.0
0,5,0.25,6,5,2,1.990202879035313,2.6421908151830173,0.2833718444516622,604,1.0
0,5,0.25,21,5,2,9.980946096977128,4.541447692358842,-0.7874320489341619,604,1.0
0,5,0.25,24,5,2,3.241590892314463,1.9111665733738252,-0.528350398428187,604,1.0
0,5,0.25,27,5,2,65.21060556773527,62.61712615365848,-0.0405832963673567,604,1.0
0,5,0.25,0,20,2,74.22396887319378,30.532287317523288,-0.8883024043807738,604,1.0
0,5,0.25,3,20,2,76.4942292887744,25.207409225036816,-1.1100773356840956,604,1.0
0,5,0.25,6,20,2,8.937946195984027,23.476444753200507,0.9656917367326936,604,1.0
0,5,0.25,21,20,2,117.98368566848676,15.085305219011683,-2.056825252175356,604,1.0
0,5,0.25,24,20,2,18.7335098979603,2.998109395492778,-1.8323320048398752,604,1.0
0,5,0.25,27,20,2,612.3524655002765,433.6627262324472,-0.3450409372689409,604,1.0
0,5,0.25,0,50,2,57.16058996732937,27.43123417805605,-0.7341823766714054,604,1.0
0,5,0.25,3,50,2,144.81868597383146,45.60988032437055,-1.1553581515763771,604,1.0
0,5,0.25,6,50,2,19.87396442653059,116.30295283321432,1.76678789414037,604,1.0
0,5,0.25,21,50,2,278.9319133908429,21.94723251548068,-2.542326663740609,604,1.0
0,5,0.25,24,50,2,29.388911370658317,1.9435711237276327,-2.716090372604329,604,1.0
0,5,0.25,27,50,2,548.6171560753314,247.38328000772304,-0.7964619756373919,604,1.0
1,0,0.0,4,5,0,2.188735721640956,2.188735721640956,0.0,604,1.0
1,0,0.0,7,5,0,5.82501425508229,5.82501425508229,0.0,604,1.0
1,0,0.0,16,5,0,3.720910352367801,3.720910352367801,0.0,604,1.0
1,0,0.0,28,5,0,2.535514064120885,2.535514064120885,0.0,604,1.0
1,0,0.0,4,20,0,14.102901327006451,14.102901327006451,0.0,604,1.0
1,0,0.0,7,20,0,70.74354158058134,70.74354158058134,0.0,604,1.0
1,0,0.0,16,20,0,29.835026775199704,29.835026775199704,0.0,604,1.0
1,0,0.0,28,20,0,15.653051760276847,15.653051760276847,0.0,604,1.0
1,0,0.0,4,50,0,18.158757332653806,18.158757332653806,0.0,604,1.0
1,0,0.0,7,50,0,337.88519676778145,337.88519676778145,0.0,604,1.0
1,0,0.0,16,50,0,193.40389672041468,193.40389672041468,0.0,604,1.0
1,0,0.0,28,50,0,53.17383704441645,53.17383704441645,0.0,604,1.0
1,0,0.0,10,5,1,9.473767002549344,3.287267655577129,-1.0584698909469086,604,1.0
1,0,0.0,13,5,1,3.3911182157739748,6.032723282116022,0.5760388068680161,604,1.0
1,0,0.0,19,5,1,9.9490898059608,4.082335165518565,-0.8908119010191093,604,1.0
1,0,0.0,22,5,1,23.18377322682748,14.12181932317396,-0.4957315330636646,604,1.0
1,0,0.0,10,20,1,58.23716305078554,10.696418959490233,-1.6946146825807589,604,1.0
1,0,0.0,13,20,1,39.95569288680911,73.08718173792136,0.6038818366016045,604,1.0
1,0,0.0,19,20,1,157.3682009102141,40.34501174560437,-1.36112052588946,604,1.0
1,0,0.0,22,20,1,381.66740110267386,165.49842861712338,-0.8355878515934024,604,1.0
1,0,0.0,10,50,1,69.87860048275998,29.544660595042632,-0.8608564206266115,604,1.0
1,0,0.0,13,50,1,142.92074989183618,105.48428990664016,-0.3037282490853785,604,1.0
1,0,0.0,19,50,1,558.9117970118231,71.8788915072464,-2.051009033245333,604,1.0
1,0,0.0,22,50,1,848.1773554783385,288.6202933140411,-1.0779777992641002,604,1.0
1,0,0.0,1,5,2,3.2853627764946576,3.508102268560908,0.0655981469543954,604,1.0
1,0,0.0,25,5,2,2.80585173711577,1.707843944078942,-0.4964754189212698,604,1.0
1,0,0.0,1,20,2,38.72594092827015,37.888958372504185,-0.0218499498795302,604,1.0
1,0,0.0,25,20,2,33.89235120497656,6.727570068069448,-1.6169753420200972,604,1.0
1,0,0.0,1,50,2,133.81350858769196,101.81883496458144,-0.2732519973410352,604,1.0
1,0,0.0,25,50,2,149.67235067325362,15.647298579999084,-2.258150288735316,604,1.0
1,0,0.1,4,5,0,2.188735721640956,2.188735721640956,0.0,604,1.0
1,0,0.1,7,5,0,5.82501425508229,5.82501425508229,0.0,604,1.0
1,0,0.1,16,5,0,3.720910352367801,3.720910352367801,0.0,604,1.0
1,0,0.1,28,5,0,2.535514064120885,2.535514064120885,0.0,604,1.0
1,0,0.1,4,20,0,14.102901327006451,14.102901327006451,0.0,604,1.0
1,0,0.1,7,20,0,70.74354158058134,70.74354158058134,0.0,604,1.0
1,0,0.1,16,20,0,29.835026775199704,29.835026775199704,0.0,604,1.0
1,0,0.1,28,20,0,15.653051760276847,15.653051760276847,0.0,604,1.0
1,0,0.1,4,50,0,18.158757332653806,18.158757332653806,0.0,604,1.0
1,0,0.1,7,50,0,337.88519676778145,337.88519676778145,0.0,604,1.0
1,0,0.1,16,50,0,193.40389672041468,193.40389672041468,0.0,604,1.0
1,0,0.1,28,50,0,53.17383704441645,53.17383704441645,0.0,604,1.0
1,0,0.1,10,5,1,9.473767002549344,3.287267655577129,-1.0584698909469086,604,1.0
1,0,0.1,13,5,1,3.3911182157739748,6.032723282116022,0.5760388068680161,604,1.0
1,0,0.1,19,5,1,9.9490898059608,4.082335165518565,-0.8908119010191093,604,1.0
1,0,0.1,22,5,1,23.18377322682748,14.12181932317396,-0.4957315330636646,604,1.0
1,0,0.1,10,20,1,58.23716305078554,10.696418959490233,-1.6946146825807589,604,1.0
1,0,0.1,13,20,1,39.95569288680911,73.08718173792136,0.6038818366016045,604,1.0
1,0,0.1,19,20,1,157.3682009102141,40.34501174560437,-1.36112052588946,604,1.0
1,0,0.1,22,20,1,381.66740110267386,165.49842861712338,-0.8355878515934024,604,1.0
1,0,0.1,10,50,1,69.87860048275998,29.544660595042632,-0.8608564206266115,604,1.0
1,0,0.1,13,50,1,142.92074989183618,105.48428990664016,-0.3037282490853785,604,1.0
1,0,0.1,19,50,1,558.9117970118231,71.8788915072464,-2.051009033245333,604,1.0
1,0,0.1,22,50,1,848.1773554783385,288.6202933140411,-1.0779777992641002,604,1.0
1,0,0.1,1,5,2,3.2853627764946576,3.508102268560908,0.0655981469543954,604,1.0
1,0,0.1,25,5,2,2.80585173711577,1.707843944078942,-0.4964754189212698,604,1.0
1,0,0.1,1,20,2,38.72594092827015,37.888958372504185,-0.0218499498795302,604,1.0
1,0,0.1,25,20,2,33.89235120497656,6.727570068069448,-1.6169753420200972,604,1.0
1,0,0.1,1,50,2,133.81350858769196,101.81883496458144,-0.2732519973410352,604,1.0
1,0,0.1,25,50,2,149.67235067325362,15.647298579999084,-2.258150288735316,604,1.0
1,0,0.25,4,5,0,2.188735721640956,2.188735721640956,0.0,604,1.0
1,0,0.25,7,5,0,5.82501425508229,5.82501425508229,0.0,604,1.0
1,0,0.25,16,5,0,3.720910352367801,3.720910352367801,0.0,604,1.0
1,0,0.25,28,5,0,2.535514064120885,2.535514064120885,0.0,604,1.0
1,0,0.25,4,20,0,14.102901327006451,14.102901327006451,0.0,604,1.0
1,0,0.25,7,20,0,70.74354158058134,70.74354158058134,0.0,604,1.0
1,0,0.25,16,20,0,29.835026775199704,29.835026775199704,0.0,604,1.0
1,0,0.25,28,20,0,15.653051760276847,15.653051760276847,0.0,604,1.0
1,0,0.25,4,50,0,18.158757332653806,18.158757332653806,0.0,604,1.0
1,0,0.25,7,50,0,337.88519676778145,337.88519676778145,0.0,604,1.0
1,0,0.25,16,50,0,193.40389672041468,193.40389672041468,0.0,604,1.0
1,0,0.25,28,50,0,53.17383704441645,53.17383704441645,0.0,604,1.0
1,0,0.25,10,5,1,9.473767002549344,3.287267655577129,-1.0584698909469086,604,1.0
1,0,0.25,13,5,1,3.3911182157739748,6.032723282116022,0.5760388068680161,604,1.0
1,0,0.25,19,5,1,9.9490898059608,4.082335165518565,-0.8908119010191093,604,1.0
1,0,0.25,22,5,1,23.18377322682748,14.12181932317396,-0.4957315330636646,604,1.0
1,0,0.25,10,20,1,58.23716305078554,10.696418959490233,-1.6946146825807589,604,1.0
1,0,0.25,13,20,1,39.95569288680911,73.08718173792136,0.6038818366016045,604,1.0
1,0,0.25,19,20,1,157.3682009102141,40.34501174560437,-1.36112052588946,604,1.0
1,0,0.25,22,20,1,381.66740110267386,165.49842861712338,-0.8355878515934024,604,1.0
1,0,0.25,10,50,1,69.87860048275998,29.544660595042632,-0.8608564206266115,604,1.0
1,0,0.25,13,50,1,142.92074989183618,105.48428990664016,-0.3037282490853785,604,1.0
1,0,0.25,19,50,1,558.9117970118231,71.8788915072464,-2.051009033245333,604,1.0
1,0,0.25,22,50,1,848.1773554783385,288.6202933140411,-1.0779777992641002,604,1.0
1,0,0.25,1,5,2,3.2853627764946576,3.508102268560908,0.0655981469543954,604,1.0
1,0,0.25,25,5,2,2.80585173711577,1.707843944078942,-0.4964754189212698,604,1.0
1,0,0.25,1,20,2,38.72594092827015,37.888958372504185,-0.0218499498795302,604,1.0
1,0,0.25,25,20,2,33.89235120497656,6.727570068069448,-1.6169753420200972,604,1.0
1,0,0.25,1,50,2,133.81350858769196,101.81883496458144,-0.2732519973410352,604,1.0
1,0,0.25,25,50,2,149.67235067325362,15.647298579999084,-2.258150288735316,604,1.0
1,1,0.0,1,5,0,3.2853627764946576,3.2853627764946576,0.0,604,1.0
1,1,0.0,7,5,0,5.82501425508229,5.82501425508229,0.0,604,1.0
1,1,0.0,16,5,0,3.720910352367801,3.720910352367801,0.0,604,1.0
1,1,0.0,28,5,0,2.535514064120885,2.535514064120885,0.0,604,1.0
1,1,0.0,1,20,0,38.72594092827015,38.72594092827015,0.0,604,1.0
1,1,0.0,7,20,0,70.74354158058134,70.74354158058134,0.0,604,1.0
1,1,0.0,16,20,0,29.835026775199704,29.835026775199704,0.0,604,1.0
1,1,0.0,28,20,0,15.653051760276847,15.653051760276847,0.0,604,1.0
1,1,0.0,1,50,0,133.81350858769196,133.81350858769196,0.0,604,1.0
1,1,0.0,7,50,0,337.88519676778145,337.88519676778145,0.0,604,1.0
1,1,0.0,16,50,0,193.40389672041468,193.40389672041468,0.0,604,1.0
1,1,0.0,28,50,0,53.17383704441645,53.17383704441645,0.0,604,1.0
1,1,0.0,10,5,1,9.473767002549344,4.969935721555139,-0.6451197041073727,604,1.0
1,1,0.0,13,5,1,3.3911182157739748,4.730852226627114,0.3329456368750111,604,1.0
1,1,0.0,19,5,1,9.9490898059608,5.024424977855063,-0.6831700550687668,604,1.0
1,1,0.0,10,20,1,58.23716305078554,21.75007044973814,-0.9849066947508562,604,1.0
1,1,0.0,13,20,1,39.95569288680911,60.73754554894125,0.4187908873071794,604,1.0
1,1,0.0,19,20,1,157.3682009102141,57.56997696542936,-1.0055870897455033,604,1.0
1,1,0.0,10,50,1,69.87860048275998,35.95666228359917,-0.6644450698085115,604,1.0
1,1,0.0,13,50,1,142.92074989183618,137.5966194933528,-0.0379639225137096,604,1.0
1,1,0.0,19,50,1,558.9117970118231,157.63397554220677,-1.2657159385655667,604,1.0
1,1,0.0,4,5,2,2.188735721640956,3.466863712485386,0.4599262749293684,604,1.0
1,1,0.0,22,5,2,23.18377322682748,11.629102695841468,-0.6899417947947831,604,1.0
1,1,0.0,25,5,2,2.80585173711577,1.6020611361483652,-0.5604161321703482,604,1.0
1,1,0.0,4,20,2,14.102901327006451,33.73434955841663,0.8721360488913886,604,1.0
1,1,0.0,22,20,2,381.66740110267386,66.19537456472597,-1.7519389617264385,604,1.0
1,1,0.0,25,20,2,33.89235120497656,2.818464028908508,-2.4869972947934693,604,1.0
1,1,0.0,4,50,2,18.158757332653806,39.51715666731452,0.7775819816009507,604,1.0
1,1,0.0,22,50,2,848.1773554783385,117.96581092484632,-1.9726949149767652,604,1.0
1,1,0.0,25,50,2,149.67235067325362,6.786787913348992,-3.0934708078459714,604,1.0
1,1,0.1,1,5,0,3.2853627764946576,3.2853627764946576,0.0,604,1.0
1,1,0.1,4,5,0,2.188735721640956,2.188735721640956,0.0,604,1.0
1,1,0.1,7,5,0,5.82501425508229,5.82501425508229,0.0,604,1.0
1,1,0.1,16,5,0,3.720910352367801,3.720910352367801,0.0,604,1.0
1,1,0.1,28,5,0,2.535514064120885,2.535514064120885,0.0,604,1.0
1,1,0.1,1,20,0,38.72594092827015,38.72594092827015,0.0,604,1.0
1,1,0.1,4,20,0,14.102901327006451,14.102901327006451,0.0,604,1.0
1,1,0.1,7,20,0,70.74354158058134,70.74354158058134,0.0,604,1.0
1,1,0.1,16,20,0,29.835026775199704,29.835026775199704,0.0,604,1.0
1,1,0.1,28,20,0,15.653051760276847,15.653051760276847,0.0,604,1.0
1,1,0.1,1,50,0,133.81350858769196,133.81350858769196,0.0,604,1.0
1,1,0.1,4,50,0,18.158757332653806,18.158757332653806,0.0,604,1.0
1,1,0.1,7,50,0,337.88519676778145,337.88519676778145,0.0,604,1.0
1,1,0.1,16,50,0,193.40389672041468,193.40389672041468,0.0,604,1.0
1,1,0.1,28,50,0,53.17383704441645,53.17383704441645,0.0,604,1.0
1,1,0.1,10,5,1,9.473767002549344,4.969935721555139,-0.6451197041073727,604,1.0
1,1,0.1,13,5,1,3.3911182157739748,4.730852226627114,0.3329456368750111,604,1.0
1,1,0.1,19,5,1,9.9490898059608,5.024424977855063,-0.6831700550687668,604,1.0
1,1,0.1,10,20,1,58.23716305078554,21.75007044973814,-0.9849066947508562,604,1.0
1,1,0.1,13,20,1,39.95569288680911,60.73754554894125,0.4187908873071794,604,1.0
1,1,0.1,19,20,1,157.3682009102141,57.56997696542936,-1.0055870897455033,604,1.0
1,1,0.1,10,50,1,69.87860048275998,35.95666228359917,-0.6644450698085115,604,1.0
1,1,0.1,13,50,1,142.92074989183618,137.5966194933528,-0.0379639225137096,604,1.0
1,1,0.1,19,50,1,558.9117970118231,157.63397554220677,-1.2657159385655667,604,1.0
1,1,0.1,22,5,2,23.18377322682748,11.629102695841468,-0.6899417947947831,604,1.0
1,1,0.1,25,5,2,2.80585173711577,1.6020611361483652,-0.5604161321703482,604,1.0
1,1,0.1,22,20,2,381.66740110267386,66.19537456472597,-1.7519389617264385,604,1.0
1,1,0.1,25,20,2,33.89235120497656,2.818464028908508,-2.4869972947934693,604,1.0
1,1,0.1,22,50,2,848.1773554783385,117.96581092484632,-1.9726949149767652,604,1.0
1,1,0.1,25,50,2,149.67235067325362,6.786787913348992,-3.0934708078459714,604,1.0
1,1,0.25,1,5,0,3.2853627764946576,3.2853627764946576,0.0,604,1.0
1,1,0.25,4,5,0,2.188735721640956,2.188735721640956,0.0,604,1.0
1,1,0.25,7,5,0,5.82501425508229,5.82501425508229,0.0,604,1.0
1,1,0.25,16,5,0,3.720910352367801,3.720910352367801,0.0,604,1.0
1,1,0.25,28,5,0,2.535514064120885,2.535514064120885,0.0,604,1.0
1,1,0.25,1,20,0,38.72594092827015,38.72594092827015,0.0,604,1.0
1,1,0.25,4,20,0,14.102901327006451,14.102901327006451,0.0,604,1.0
1,1,0.25,7,20,0,70.74354158058134,70.74354158058134,0.0,604,1.0
1,1,0.25,16,20,0,29.835026775199704,29.835026775199704,0.0,604,1.0
1,1,0.25,28,20,0,15.653051760276847,15.653051760276847,0.0,604,1.0
1,1,0.25,1,50,0,133.81350858769196,133.81350858769196,0.0,604,1.0
1,1,0.25,4,50,0,18.158757332653806,18.158757332653806,0.0,604,1.0
1,1,0.25,7,50,0,337.88519676778145,337.88519676778145,0.0,604,1.0
1,1,0.25,16,50,0,193.40389672041468,193.40389672041468,0.0,604,1.0
1,1,0.25,28,50,0,53.17383704441645,53.17383704441645,0.0,604,1.0
1,1,0.25,10,5,1,9.473767002549344,4.969935721555139,-0.6451197041073727,604,1.0
1,1,0.25,13,5,1,3.3911182157739748,4.730852226627114,0.3329456368750111,604,1.0
1,1,0.25,19,5,1,9.9490898059608,5.024424977855063,-0.6831700550687668,604,1.0
1,1,0.25,10,20,1,58.23716305078554,21.75007044973814,-0.9849066947508562,604,1.0
1,1,0.25,13,20,1,39.95569288680911,60.73754554894125,0.4187908873071794,604,1.0
1,1,0.25,19,20,1,157.3682009102141,57.56997696542936,-1.0055870897455033,604,1.0
1,1,0.25,10,50,1,69.87860048275998,35.95666228359917,-0.6644450698085115,604,1.0
1,1,0.25,13,50,1,142.92074989183618,137.5966194933528,-0.0379639225137096,604,1.0
1,1,0.25,19,50,1,558.9117970118231,157.63397554220677,-1.2657159385655667,604,1.0
1,1,0.25,22,5,2,23.18377322682748,11.629102695841468,-0.6899417947947831,604,1.0
1,1,0.25,25,5,2,2.80585173711577,1.6020611361483652,-0.5604161321703482,604,1.0
1,1,0.25,22,20,2,381.66740110267386,66.19537456472597,-1.7519389617264385,604,1.0
1,1,0.25,25,20,2,33.89235120497656,2.818464028908508,-2.4869972947934693,604,1.0
1,1,0.25,22,50,2,848.1773554783385,117.96581092484632,-1.9726949149767652,604,1.0
1,1,0.25,25,50,2,149.67235067325362,6.786787913348992,-3.0934708078459714,604,1.0
1,2,0.0,1,5,0,3.2853627764946576,3.2853627764946576,0.0,604,1.0
1,2,0.0,7,5,0,5.82501425508229,5.82501425508229,0.0,604,1.0
1,2,0.0,16,5,0,3.720910352367801,3.720910352367801,0.0,604,1.0
1,2,0.0,28,5,0,2.535514064120885,2.535514064120885,0.0,604,1.0
1,2,0.0,1,20,0,38.72594092827015,38.72594092827015,0.0,604,1.0
1,2,0.0,7,20,0,70.74354158058134,70.74354158058134,0.0,604,1.0
1,2,0.0,16,20,0,29.835026775199704,29.835026775199704,0.0,604,1.0
1,2,0.0,28,20,0,15.653051760276847,15.653051760276847,0.0,604,1.0
1,2,0.0,1,50,0,133.81350858769196,133.81350858769196,0.0,604,1.0
1,2,0.0,7,50,0,337.88519676778145,337.88519676778145,0.0,604,1.0
1,2,0.0,16,50,0,193.40389672041468,193.40389672041468,0.0,604,1.0
1,2,0.0,28,50,0,53.17383704441645,53.17383704441645,0.0,604,1.0
1,2,0.0,4,5,1,2.188735721640956,3.466864847723549,0.4599266023832493,604,1.0
1,2,0.0,22,5,1,23.18377322682748,11.629092514406846,-0.6899426703085132,604,1.0
1,2,0.0,25,5,1,2.80585173711577,1.6020610335847445,-0.5604161961901426,604,1.0
1,2,0.0,4,20,1,14.102901327006451,33.73436696544496,0.872136564894337,604,1.0
1,2,0.0,22,20,1,381.66740110267386,66.19525479355208,-1.7519407710867303,604,1.0
1,2,0.0,25,20,1,33.89235120497656,2.818462349911031,-2.4869978905072903,604,1.0
1,2,0.0,4,50,1,18.158757332653806,39.51713761773956,0.777581499542494,604,1.0
1,2,0.0,22,50,1,848.1773554783385,117.9655295028828,-1.9726973006027104,604,1.0
1,2,0.0,25,50,1,149.67235067325362,6.786776053300914,-3.093472555367567,604,1.0
1,2,0.0,10,5,2,9.473767002549344,4.9699337029744335,-0.6451201102657674,604,1.0
1,2,0.0,13,5,2,3.3911182157739748,4.730848702824709,0.3329448920190002,604,1.0
1,2,0.0,19,5,2,9.9490898059608,5.024426974604486,-0.6831696576602999,604,1.0
1,2,0.0,10,20,2,58.23716305078554,21.75003418056513,-0.9849083622950296,604,1.0
1,2,0.0,13,20,2,39.95569288680911,60.73745725504148,0.4187894336105713,604,1.0
1,2,0.0,19,20,2,157.3682009102141,57.57001807596679,-1.005586375648939,604,1.0
1,2,0.0,10,50,2,69.87860048275998,35.95663747289391,-0.6644457598256668,604,1.0
1,2,0.0,13,50,2,142.92074989183618,137.59627899731268,-0.0379663971127416,604,1.0
1,2,0.0,19,50,2,558.9117970118231,157.63401821448025,-1.2657156678608057,604,1.0
1,2,0.1,1,5,0,3.2853627764946576,3.2853627764946576,0.0,604,1.0
1,2,0.1,4,5,0,2.188735721640956,2.188735721640956,0.0,604,1.0
1,2,0.1,7,5,0,5.82501425508229,5.82501425508229,0.0,604,1.0
1,2,0.1,16,5,0,3.720910352367801,3.720910352367801,0.0,604,1.0
1,2,0.1,28,5,0,2.535514064120885,2.535514064120885,0.0,604,1.0
1,2,0.1,1,20,0,38.72594092827015,38.72594092827015,0.0,604,1.0
1,2,0.1,4,20,0,14.102901327006451,14.102901327006451,0.0,604,1.0
1,2,0.1,7,20,0,70.74354158058134,70.74354158058134,0.0,604,1.0
1,2,0.1,16,20,0,29.835026775199704,29.835026775199704,0.0,604,1.0
1,2,0.1,28,20,0,15.653051760276847,15.653051760276847,0.0,604,1.0
1,2,0.1,1,50,0,133.81350858769196,133.81350858769196,0.0,604,1.0
1,2,0.1,4,50,0,18.158757332653806,18.158757332653806,0.0,604,1.0
1,2,0.1,7,50,0,337.88519676778145,337.88519676778145,0.0,604,1.0
1,2,0.1,16,50,0,193.40389672041468,193.40389672041468,0.0,604,1.0
1,2,0.1,28,50,0,53.17383704441645,53.17383704441645,0.0,604,1.0
1,2,0.1,22,5,1,23.18377322682748,11.629092514406846,-0.6899426703085132,604,1.0
1,2,0.1,25,5,1,2.80585173711577,1.6020610335847445,-0.5604161961901426,604,1.0
1,2,0.1,22,20,1,381.66740110267386,66.19525479355208,-1.7519407710867303,604,1.0
1,2,0.1,25,20,1,33.89235120497656,2.818462349911031,-2.4869978905072903,604,1.0
1,2,0.1,22,50,1,848.1773554783385,117.9655295028828,-1.9726973006027104,604,1.0
1,2,0.1,25,50,1,149.67235067325362,6.786776053300914,-3.093472555367567,604,1.0
1,2,0.1,10,5,2,9.473767002549344,4.9699337029744335,-0.6451201102657674,604,1.0
1,2,0.1,13,5,2,3.3911182157739748,4.730848702824709,0.3329448920190002,604,1.0
1,2,0.1,19,5,2,9.9490898059608,5.024426974604486,-0.6831696576602999,604,1.0
1,2,0.1,10,20,2,58.23716305078554,21.75003418056513,-0.9849083622950296,604,1.0
1,2,0.1,13,20,2,39.95569288680911,60.73745725504148,0.4187894336105713,604,1.0
1,2,0.1,19,20,2,157.3682009102141,57.57001807596679,-1.005586375648939,604,1.0
1,2,0.1,10,50,2,69.87860048275998,35.95663747289391,-0.6644457598256668,604,1.0
1,2,0.1,13,50,2,142.92074989183618,137.59627899731268,-0.0379663971127416,604,1.0
1,2,0.1,19,50,2,558.9117970118231,157.63401821448025,-1.2657156678608057,604,1.0
1,2,0.25,1,5,0,3.2853627764946576,3.2853627764946576,0.0,604,1.0
1,2,0.25,4,5,0,2.188735721640956,2.188735721640956,0.0,604,1.0
1,2,0.25,7,5,0,5.82501425508229,5.82501425508229,0.0,604,1.0
1,2,0.25,16,5,0,3.720910352367801,3.720910352367801,0.0,604,1.0
1,2,0.25,28,5,0,2.535514064120885,2.535514064120885,0.0,604,1.0
1,2,0.25,1,20,0,38.72594092827015,38.72594092827015,0.0,604,1.0
1,2,0.25,4,20,0,14.102901327006451,14.102901327006451,0.0,604,1.0
1,2,0.25,7,20,0,70.74354158058134,70.74354158058134,0.0,604,1.0
1,2,0.25,16,20,0,29.835026775199704,29.835026775199704,0.0,604,1.0
1,2,0.25,28,20,0,15.653051760276847,15.653051760276847,0.0,604,1.0
1,2,0.25,1,50,0,133.81350858769196,133.81350858769196,0.0,604,1.0
1,2,0.25,4,50,0,18.158757332653806,18.158757332653806,0.0,604,1.0
1,2,0.25,7,50,0,337.88519676778145,337.88519676778145,0.0,604,1.0
1,2,0.25,16,50,0,193.40389672041468,193.40389672041468,0.0,604,1.0
1,2,0.25,28,50,0,53.17383704441645,53.17383704441645,0.0,604,1.0
1,2,0.25,22,5,1,23.18377322682748,11.629092514406846,-0.6899426703085132,604,1.0
1,2,0.25,25,5,1,2.80585173711577,1.6020610335847445,-0.5604161961901426,604,1.0
1,2,0.25,22,20,1,381.66740110267386,66.19525479355208,-1.7519407710867303,604,1.0
1,2,0.25,25,20,1,33.89235120497656,2.818462349911031,-2.4869978905072903,604,1.0
1,2,0.25,22,50,1,848.1773554783385,117.9655295028828,-1.9726973006027104,604,1.0
1,2,0.25,25,50,1,149.67235067325362,6.786776053300914,-3.093472555367567,604,1.0
1,2,0.25,10,5,2,9.473767002549344,4.9699337029744335,-0.6451201102657674,604,1.0
1,2,0.25,13,5,2,3.3911182157739748,4.730848702824709,0.3329448920190002,604,1.0
1,2,0.25,19,5,2,9.9490898059608,5.024426974604486,-0.6831696576602999,604,1.0
1,2,0.25,10,20,2,58.23716305078554,21.75003418056513,-0.9849083622950296,604,1.0
1,2,0.25,13,20,2,39.95569288680911,60.73745725504148,0.4187894336105713,604,1.0
1,2,0.25,19,20,2,157.3682009102141,57.57001807596679,-1.005586375648939,604,1.0
1,2,0.25,10,50,2,69.87860048275998,35.95663747289391,-0.6644457598256668,604,1.0
1,2,0.25,13,50,2,142.92074989183618,137.59627899731268,-0.0379663971127416,604,1.0
1,2,0.25,19,50,2,558.9117970118231,157.63401821448025,-1.2657156678608057,604,1.0
1,3,0.0,4,5,0,2.188735721640956,2.188735721640956,0.0,604,1.0
1,3,0.0,7,5,0,5.82501425508229,5.82501425508229,0.0,604,1.0
1,3,0.0,28,5,0,2.535514064120885,2.535514064120885,0.0,604,1.0
1,3,0.0,4,20,0,14.102901327006451,14.102901327006451,0.0,604,1.0
1,3,0.0,7,20,0,70.74354158058134,70.74354158058134,0.0,604,1.0
1,3,0.0,28,20,0,15.653051760276847,15.653051760276847,0.0,604,1.0
1,3,0.0,4,50,0,18.158757332653806,18.158757332653806,0.0,604,1.0
1,3,0.0,7,50,0,337.88519676778145,337.88519676778145,0.0,604,1.0
1,3,0.0,28,50,0,53.17383704441645,53.17383704441645,0.0,604,1.0
1,3,0.0,10,5,1,9.473767002549344,3.807885987059424,-0.9114524347357232,604,1.0
1,3,0.0,13,5,1,3.3911182157739748,4.683834188001445,0.3229573212888742,604,1.0
1,3,0.0,16,5,1,3.720910352367801,2.8245193888728566,-0.2756301344324324,604,1.0
1,3,0.0,19,5,1,9.9490898059608,5.087226050991699,-0.6707483683504183,604,1.0
1,3,0.0,22,5,1,23.18377322682748,16.35187841506926,-0.349109825562959,604,1.0
1,3,0.0,10,20,1,58.23716305078554,12.29869505959162,-1.5550305273147107,604,1.0
1,3,0.0,13,20,1,39.95569288680911,50.82836121698499,0.240683328114875,604,1.0
1,3,0.0,16,20,1,29.835026775199704,24.735146515855742,-0.1874579303315967,604,1.0
1,3,0.0,19,20,1,157.3682009102141,57.212948017278606,-1.0118080516112695,604,1.0
1,3,0.0,22,20,1,381.66740110267386,175.03114399155012,-0.7795856278493564,604,1.0
1,3,0.0,10,50,1,69.87860048275998,34.43682312917398,-0.7076330259603665,604,1.0
1,3,0.0,13,50,1,142.92074989183618,68.82612959304736,-0.730706816641923,604,1.0
1,3,0.0,16,50,1,193.40389672041468,110.24486216407357,-0.5620768197642215,604,1.0
1,3,0.0,19,50,1,558.9117970118231,94.97593360412492,-1.7723681445826405,604,1.0
1,3,0.0,22,50,1,848.1773554783385,307.53848658524174,-1.0144895204936946,604,1.0
1,3,0.0,1,5,2,3.2853627764946576,3.631077954683076,0.1000524813225512,604,1.0
1,3,0.0,25,5,2,2.80585173711577,1.684818936450382,-0.5100490405601209,604,1.0
1,3,0.0,1,20,2,38.72594092827015,41.12768700487958,0.0601718607522492,604,1.0
1,3,0.0,25,20,2,33.89235120497656,6.143940271940009,-1.707723086322569,604,1.0
1,3,0.0,1,50,2,133.81350858769196,107.58976915838112,-0.2181215426060316,604,1.0
1,3,0.0,25,50,2,149.67235067325362,14.591427806545951,-2.3280143563811158,604,1.0
1,3,0.1,4,5,0,2.188735721640956,2.188735721640956,0.0,604,1.0
1,3,0.1,7,5,0,5.82501425508229,5.82501425508229,0.0,604,1.0
1,3,0.1,28,5,0,2.535514064120885,2.535514064120885,0.0,604,1.0
1,3,0.1,4,20,0,14.102901327006451,14.102901327006451,0.0,604,1.0
1,3,0.1,7,20,0,70.74354158058134,70.74354158058134,0.0,604,1.0
1,3,0.1,28,20,0,15.653051760276847,15.653051760276847,0.0,604,1.0
1,3,0.1,4,50,0,18.158757332653806,18.158757332653806,0.0,604,1.0
1,3,0.1,7,50,0,337.88519676778145,337.88519676778145,0.0,604,1.0
1,3,0.1,28,50,0,53.17383704441645,53.17383704441645,0.0,604,1.0
1,3,0.1,10,5,1,9.473767002549344,3.807885987059424,-0.9114524347357232,604,1.0
1,3,0.1,13,5,1,3.3911182157739748,4.683834188001445,0.3229573212888742,604,1.0
1,3,0.1,16,5,1,3.720910352367801,2.8245193888728566,-0.2756301344324324,604,1.0
1,3,0.1,19,5,1,9.9490898059608,5.087226050991699,-0.6707483683504183,604,1.0
1,3,0.1,22,5,1,23.18377322682748,16.35187841506926,-0.349109825562959,604,1.0
1,3,0.1,10,20,1,58.23716305078554,12.29869505959162,-1.5550305273147107,604,1.0
1,3,0.1,13,20,1,39.95569288680911,50.82836121698499,0.240683328114875,604,1.0
1,3,0.1,16,20,1,29.835026775199704,24.735146515855742,-0.1874579303315967,604,1.0
1,3,0.1,19,20,1,157.3682009102141,57.212948017278606,-1.0118080516112695,604,1.0
1,3,0.1,22,20,1,381.66740110267386,175.03114399155012,-0.7795856278493564,604,1.0
1,3,0.1,10,50,1,69.87860048275998,34.43682312917398,-0.7076330259603665,604,1.0
1,3,0.1,13,50,1,142.92074989183618,68.82612959304736,-0.730706816641923,604,1.0
1,3,0.1,16,50,1,193.40389672041468,110.24486216407357,-0.5620768197642215,604,1.0
1,3,0.1,19,50,1,558.9117970118231,94.97593360412492,-1.7723681445826405,604,1.0
1,3,0.1,22,50,1,848.1773554783385,307.53848658524174,-1.0144895204936946,604,1.0
1,3,0.1,1,5,2,3.2853627764946576,3.631077954683076,0.1000524813225512,604,1.0
1,3,0.1,25,5,2,2.80585173711577,1.684818936450382,-0.5100490405601209,604,1.0
1,3,0.1,1,20,2,38.72594092827015,41.12768700487958,0.0601718607522492,604,1.0
1,3,0.1,25,20,2,33.89235120497656,6.143940271940009,-1.707723086322569,604,1.0
1,3,0.1,1,50,2,133.81350858769196,107.58976915838112,-0.2181215426060316,604,1.0
1,3,0.1,25,50,2,149.67235067325362,14.591427806545951,-2.3280143563811158,604,1.0
1,3,0.25,4,5,0,2.188735721640956,2.188735721640956,0.0,604,1.0
1,3,0.25,7,5,0,5.82501425508229,5.82501425508229,0.0,604,1.0
1,3,0.25,16,5,0,3.720910352367801,3.720910352367801,0.0,604,1.0
1,3,0.25,28,5,0,2.535514064120885,2.535514064120885,0.0,604,1.0
1,3,0.25,4,20,0,14.102901327006451,14.102901327006451,0.0,604,1.0
1,3,0.25,7,20,0,70.74354158058134,70.74354158058134,0.0,604,1.0
1,3,0.25,16,20,0,29.835026775199704,29.835026775199704,0.0,604,1.0
1,3,0.25,28,20,0,15.653051760276847,15.653051760276847,0.0,604,1.0
1,3,0.25,4,50,0,18.158757332653806,18.158757332653806,0.0,604,1.0
1,3,0.25,7,50,0,337.88519676778145,337.88519676778145,0.0,604,1.0
1,3,0.25,16,50,0,193.40389672041468,193.40389672041468,0.0,604,1.0
1,3,0.25,28,50,0,53.17383704441645,53.17383704441645,0.0,604,1.0
1,3,0.25,10,5,1,9.473767002549344,3.807885987059424,-0.9114524347357232,604,1.0
1,3,0.25,13,5,1,3.3911182157739748,4.683834188001445,0.3229573212888742,604,1.0
1,3,0.25,19,5,1,9.9490898059608,5.087226050991699,-0.6707483683504183,604,1.0
1,3,0.25,22,5,1,23.18377322682748,16.35187841506926,-0.349109825562959,604,1.0
1,3,0.25,10,20,1,58.23716305078554,12.29869505959162,-1.5550305273147107,604,1.0
1,3,0.25,13,20,1,39.95569288680911,50.82836121698499,0.240683328114875,604,1.0
1,3,0.25,19,20,1,157.3682009102141,57.212948017278606,-1.0118080516112695,604,1.0
1,3,0.25,22,20,1,381.66740110267386,175.03114399155012,-0.7795856278493564,604,1.0
1,3,0.25,10,50,1,69.87860048275998,34.43682312917398,-0.7076330259603665,604,1.0
1,3,0.25,13,50,1,142.92074989183618,68.82612959304736,-0.730706816641923,604,1.0
1,3,0.25,19,50,1,558.9117970118231,94.97593360412492,-1.7723681445826405,604,1.0
1,3,0.25,22,50,1,848.1773554783385,307.53848658524174,-1.0144895204936946,604,1.0
1,3,0.25,1,5,2,3.2853627764946576,3.631077954683076,0.1000524813225512,604,1.0
1,3,0.25,25,5,2,2.80585173711577,1.684818936450382,-0.5100490405601209,604,1.0
1,3,0.25,1,20,2,38.72594092827015,41.12768700487958,0.0601718607522492,604,1.0
1,3,0.25,25,20,2,33.89235120497656,6.143940271940009,-1.707723086322569,604,1.0
1,3,0.25,1,50,2,133.81350858769196,107.58976915838112,-0.2181215426060316,604,1.0
1,3,0.25,25,50,2,149.67235067325362,14.591427806545951,-2.3280143563811158,604,1.0
1,4,0.0,4,5,0,2.188735721640956,2.188735721640956,0.0,604,1.0
1,4,0.0,7,5,0,5.82501425508229,5.82501425508229,0.0,604,1.0
1,4,0.0,16,5,0,3.720910352367801,3.720910352367801,0.0,604,1.0
1,4,0.0,28,5,0,2.535514064120885,2.535514064120885,0.0,604,1.0
1,4,0.0,4,20,0,14.102901327006451,14.102901327006451,0.0,604,1.0
1,4,0.0,7,20,0,70.74354158058134,70.74354158058134,0.0,604,1.0
1,4,0.0,16,20,0,29.835026775199704,29.835026775199704,0.0,604,1.0
1,4,0.0,28,20,0,15.653051760276847,15.653051760276847,0.0,604,1.0
1,4,0.0,4,50,0,18.158757332653806,18.158757332653806,0.0,604,1.0
1,4,0.0,7,50,0,337.88519676778145,337.88519676778145,0.0,604,1.0
1,4,0.0,16,50,0,193.40389672041468,193.40389672041468,0.0,604,1.0
1,4,0.0,28,50,0,53.17383704441645,53.17383704441645,0.0,604,1.0
1,4,0.0,1,5,1,3.2853627764946576,4.048913375045469,0.2089714625768846,604,1.0
1,4,0.0,25,5,1,2.80585173711577,1.9121051092129957,-0.3835023559221068,604,1.0
1,4,0.0,1,20,1,38.72594092827015,40.32888725004855,0.0405583336790495,604,1.0
1,4,0.0,25,20,1,33.89235120497656,11.18878773908051,-1.1082771786106669,604,1.0
1,4,0.0,1,50,1,133.81350858769196,134.01271719468713,0.0014875962437933,604,1.0
1,4,0.0,25,50,1,149.67235067325362,22.09393567241234,-1.913145409220495,604,1.0
1,4,0.0,10,5,2,9.473767002549344,3.902085837687724,-0.8870153705023139,604,1.0
1,4,0.0,13,5,2,3.3911182157739748,6.789281319700019,0.6941853678745793,604,1.0
1,4,0.0,19,5,2,9.9490898059608,5.456980688291558,-0.6005854208879343,604,1.0
1,4,0.0,22,5,2,23.18377322682748,10.73594588609112,-0.7698550642785759,604,1.0
1,4,0.0,10,20,2,58.23716305078554,15.663556266187882,-1.3131869342184688,604,1.0
1,4,0.0,13,20,2,39.95569288680911,91.1724307896056,0.8249813950509514,604,1.0
1,4,0.0,19,20,2,157.3682009102141,61.07977041376449,-0.9464075667548733,604,1.0
1,4,0.0,22,20,2,381.66740110267386,125.90107506106403,-1.109053071583359,604,1.0
1,4,0.0,10,50,2,69.87860048275998,40.02747399126081,-0.5571933895070276,604,1.0
1,4,0.0,13,50,2,142.92074989183618,132.31939438622825,-0.0770716256983732,604,1.0
1,4,0.0,19,50,2,558.9117970118231,95.61499063371387,-1.7656620600501,604,1.0
1,4,0.0,22,50,2,848.1773554783385,219.66445095947637,-1.3509886004308973,604,1.0
1,4,0.1,4,5,0,2.188735721640956,2.188735721640956,0.0,604,1.0
1,4,0.1,7,5,0,5.82501425508229,5.82501425508229,0.0,604,1.0
1,4,0.1,16,5,0,3.720910352367801,3.720910352367801,0.0,604,1.0
1,4,0.1,25,5,0,2.80585173711577,2.80585173711577,0.0,604,1.0
1,4,0.1,28,5,0,2.535514064120885,2.535514064120885,0.0,604,1.0
1,4,0.1,4,20,0,14.102901327006451,14.102901327006451,0.0,604,1.0
1,4,0.1,7,20,0,70.74354158058134,70.74354158058134,0.0,604,1.0
1,4,0.1,16,20,0,29.835026775199704,29.835026775199704,0.0,604,1.0
1,4,0.1,25,20,0,33.89235120497656,33.89235120497656,0.0,604,1.0
1,4,0.1,28,20,0,15.653051760276847,15.653051760276847,0.0,604,1.0
1,4,0.1,4,50,0,18.158757332653806,18.158757332653806,0.0,604,1.0
1,4,0.1,7,50,0,337.88519676778145,337.88519676778145,0.0,604,1.0
1,4,0.1,16,50,0,193.40389672041468,193.40389672041468,0.0,604,1.0
1,4,0.1,25,50,0,149.67235067325362,149.67235067325362,0.0,604,1.0
1,4,0.1,28,50,0,53.17383704441645,53.17383704441645,0.0,604,1.0
1,4,0.1,1,5,1,3.2853627764946576,4.048913375045469,0.2089714625768846,604,1.0
1,4,0.1,1,20,1,38.72594092827015,40.32888725004855,0.0405583336790495,604,1.0
1,4,0.1,1,50,1,133.81350858769196,134.01271719468713,0.0014875962437933,604,1.0
1,4,0.1,10,5,2,9.473767002549344,3.902085837687724,-0.8870153705023139,604,1.0
1,4,0.1,13,5,2,3.3911182157739748,6.789281319700019,0.6941853678745793,604,1.0
1,4,0.1,19,5,2,9.9490898059608,5.456980688291558,-0.6005854208879343,604,1.0
1,4,0.1,22,5,2,23.18377322682748,10.73594588609112,-0.7698550642785759,604,1.0
1,4,0.1,10,20,2,58.23716305078554,15.663556266187882,-1.3131869342184688,604,1.0
1,4,0.1,13,20,2,39.95569288680911,91.1724307896056,0.8249813950509514,604,1.0
1,4,0.1,19,20,2,157.3682009102141,61.07977041376449,-0.9464075667548733,604,1.0
1,4,0.1,22,20,2,381.66740110267386,125.90107506106403,-1.109053071583359,604,1.0
1,4,0.1,10,50,2,69.87860048275998,40.02747399126081,-0.5571933895070276,604,1.0
1,4,0.1,13,50,2,142.92074989183618,132.31939438622825,-0.0770716256983732,604,1.0
1,4,0.1,19,50,2,558.9117970118231,95.61499063371387,-1.7656620600501,604,1.0
1,4,0.1,22,50,2,848.1773554783385,219.66445095947637,-1.3509886004308973,604,1.0
1,4,0.25,4,5,0,2.188735721640956,2.188735721640956,0.0,604,1.0
1,4,0.25,7,5,0,5.82501425508229,5.82501425508229,0.0,604,1.0
1,4,0.25,13,5,0,3.3911182157739748,3.3911182157739748,0.0,604,1.0
1,4,0.25,16,5,0,3.720910352367801,3.720910352367801,0.0,604,1.0
1,4,0.25,25,5,0,2.80585173711577,2.80585173711577,0.0,604,1.0
1,4,0.25,28,5,0,2.535514064120885,2.535514064120885,0.0,604,1.0
1,4,0.25,4,20,0,14.102901327006451,14.102901327006451,0.0,604,1.0
1,4,0.25,7,20,0,70.74354158058134,70.74354158058134,0.0,604,1.0
1,4,0.25,13,20,0,39.95569288680911,39.95569288680911,0.0,604,1.0
1,4,0.25,16,20,0,29.835026775199704,29.835026775199704,0.0,604,1.0
1,4,0.25,25,20,0,33.89235120497656,33.89235120497656,0.0,604,1.0
1,4,0.25,28,20,0,15.653051760276847,15.653051760276847,0.0,604,1.0
1,4,0.25,4,50,0,18.158757332653806,18.158757332653806,0.0,604,1.0
1,4,0.25,7,50,0,337.88519676778145,337.88519676778145,0.0,604,1.0
1,4,0.25,13,50,0,142.92074989183618,142.92074989183618,0.0,604,1.0
1,4,0.25,16,50,0,193.40389672041468,193.40389672041468,0.0,604,1.0
1,4,0.25,25,50,0,149.67235067325362,149.67235067325362,0.0,604,1.0
1,4,0.25,28,50,0,53.17383704441645,53.17383704441645,0.0,604,1.0
1,4,0.25,1,5,1,3.2853627764946576,4.048913375045469,0.2089714625768846,604,1.0
1,4,0.25,1,20,1,38.72594092827015,40.32888725004855,0.0405583336790495,604,1.0
1,4,0.25,1,50,1,133.81350858769196,134.01271719468713,0.0014875962437933,604,1.0
1,4,0.25,10,5,2,9.473767002549344,3.902085837687724,-0.8870153705023139,604,1.0
1,4,0.25,19,5,2,9.9490898059608,5.456980688291558,-0.6005854208879343,604,1.0
1,4,0.25,22,5,2,23.18377322682748,10.73594588609112,-0.7698550642785759,604,1.0
1,4,0.25,10,20,2,58.23716305078554,15.663556266187882,-1.3131869342184688,604,1.0
1,4,0.25,19,20,2,157.3682009102141,61.07977041376449,-0.9464075667548733,604,1.0
1,4,0.25,22,20,2,381.66740110267386,125.90107506106403,-1.109053071583359,604,1.0
1,4,0.25,10,50,2,69.87860048275998,40.02747399126081,-0.5571933895070276,604,1.0
1,4,0.25,19,50,2,558.9117970118231,95.61499063371387,-1.7656620600501,604,1.0
1,4,0.25,22,50,2,848.1773554783385,219.66445095947637,-1.3509886004308973,604,1.0
1,5,0.0,4,5,0,2.188735721640956,2.188735721640956,0.0,604,1.0
1,5,0.0,7,5,0,5.82501425508229,5.82501425508229,0.0,604,1.0
1,5,0.0,16,5,0,3.720910352367801,3.720910352367801,0.0,604,1.0
1,5,0.0,28,5,0,2.535514064120885,2.535514064120885,0.0,604,1.0
1,5,0.0,4,20,0,14.102901327006451,14.102901327006451,0.0,604,1.0
1,5,0.0,7,20,0,70.74354158058134,70.74354158058134,0.0,604,1.0
1,5,0.0,16,20,0,29.835026775199704,29.835026775199704,0.0,604,1.0
1,5,0.0,28,20,0,15.653051760276847,15.653051760276847,0.0,604,1.0
1,5,0.0,4,50,0,18.158757332653806,18.158757332653806,0.0,604,1.0
1,5,0.0,7,50,0,337.88519676778145,337.88519676778145,0.0,604,1.0
1,5,0.0,16,50,0,193.40389672041468,193.40389672041468,0.0,604,1.0
1,5,0.0,28,50,0,53.17383704441645,53.17383704441645,0.0,604,1.0
1,5,0.0,10,5,1,9.473767002549344,3.902099647120133,-0.8870118315212288,604,1.0
1,5,0.0,13,5,1,3.3911182157739748,6.789272452847087,0.6941840618661366,604,1.0
1,5,0.0,19,5,1,9.9490898059608,5.456986036260416,-0.600584440864998,604,1.0
1,5,0.0,22,5,1,23.18377322682748,10.735951661761565,-0.7698545263037248,604,1.0
1,5,0.0,10,20,1,58.23716305078554,15.663638458170558,-1.3131816868936828,604,1.0
1,5,0.0,13,20,1,39.95569288680911,91.17247169039788,0.8249818436600619,604,1.0
1,5,0.0,19,20,1,157.3682009102141,61.07994268508452,-0.9464047463271617,604,1.0
1,5,0.0,22,20,1,381.66740110267386,125.9012439889436,-1.1090517298333689,604,1.0
1,5,0.0,10,50,1,69.87860048275998,40.02765499193044,-0.5571888676063842,604,1.0
1,5,0.0,13,50,1,142.92074989183618,132.31985871215494,-0.0770681165747547,604,1.0
1,5,0.0,19,50,1,558.9117970118231,95.61530074431388,-1.765658816729204,604,1.0
1,5,0.0,22,50,1,848.1773554783385,219.66515771073088,-1.350985383023099,604,1.0
1,5,0.0,1,5,2,3.2853627764946576,4.048916501685216,0.2089722347935883,604,1.0
1,5,0.0,25,5,2,2.80585173711577,1.9121049026329944,-0.3835024639601071,604,1.0
1,5,0.0,1,20,2,38.72594092827015,40.32892529393498,0.040559277019446,604,1.0
1,5,0.0,25,20,2,33.89235120497656,11.188778532927966,-1.1082780014126137,604,1.0
1,5,0.0,1,50,2,133.81350858769196,134.0128201918348,0.0014883648059884,604,1.0
1,5,0.0,25,50,2,149.67235067325362,22.09388776494087,-1.9131475775767408,604,1.0
1,5,0.1,4,5,0,2.188735721640956,2.188735721640956,0.0,604,1.0
1,5,0.1,7,5,0,5.82501425508229,5.82501425508229,0.0,604,1.0
1,5,0.1,16,5,0,3.720910352367801,3.720910352367801,0.0,604,1.0
1,5,0.1,25,5,0,2.80585173711577,2.80585173711577,0.0,604,1.0
1,5,0.1,28,5,0,2.535514064120885,2.535514064120885,0.0,604,1.0
1,5,0.1,4,20,0,14.102901327006451,14.102901327006451,0.0,604,1.0
1,5,0.1,7,20,0,70.74354158058134,70.74354158058134,0.0,604,1.0
1,5,0.1,16,20,0,29.835026775199704,29.835026775199704,0.0,604,1.0
1,5,0.1,25,20,0,33.89235120497656,33.89235120497656,0.0,604,1.0
1,5,0.1,28,20,0,15.653051760276847,15.653051760276847,0.0,604,1.0
1,5,0.1,4,50,0,18.158757332653806,18.158757332653806,0.0,604,1.0
1,5,0.1,7,50,0,337.88519676778145,337.88519676778145,0.0,604,1.0
1,5,0.1,16,50,0,193.40389672041468,193.40389672041468,0.0,604,1.0
1,5,0.1,25,50,0,149.67235067325362,149.67235067325362,0.0,604,1.0
1,5,0.1,28,50,0,53.17383704441645,53.17383704441645,0.0,604,1.0
1,5,0.1,10,5,1,9.473767002549344,3.902099647120133,-0.8870118315212288,604,1.0
1,5,0.1,13,5,1,3.3911182157739748,6.789272452847087,0.6941840618661366,604,1.0
1,5,0.1,19,5,1,9.9490898059608,5.456986036260416,-0.600584440864998,604,1.0
1,5,0.1,22,5,1,23.18377322682748,10.735951661761565,-0.7698545263037248,604,1.0
1,5,0.1,10,20,1,58.23716305078554,15.663638458170558,-1.3131816868936828,604,1.0
1,5,0.1,13,20,1,39.95569288680911,91.17247169039788,0.8249818436600619,604,1.0
1,5,0.1,19,20,1,157.3682009102141,61.07994268508452,-0.9464047463271617,604,1.0
1,5,0.1,22,20,1,381.66740110267386,125.9012439889436,-1.1090517298333689,604,1.0
1,5,0.1,10,50,1,69.87860048275998,40.02765499193044,-0.5571888676063842,604,1.0
1,5,0.1,13,50,1,142.92074989183618,132.31985871215494,-0.0770681165747547,604,1.0
1,5,0.1,19,50,1,558.9117970118231,95.61530074431388,-1.765658816729204,604,1.0
1,5,0.1,22,50,1,848.1773554783385,219.66515771073088,-1.350985383023099,604,1.0
1,5,0.1,1,5,2,3.2853627764946576,4.048916501685216,0.2089722347935883,604,1.0
1,5,0.1,1,20,2,38.72594092827015,40.32892529393498,0.040559277019446,604,1.0
1,5,0.1,1,50,2,133.81350858769196,134.0128201918348,0.0014883648059884,604,1.0
1,5,0.25,4,5,0,2.188735721640956,2.188735721640956,0.0,604,1.0
1,5,0.25,7,5,0,5.82501425508229,5.82501425508229,0.0,604,1.0
1,5,0.25,13,5,0,3.3911182157739748,3.3911182157739748,0.0,604,1.0
1,5,0.25,16,5,0,3.720910352367801,3.720910352367801,0.0,604,1.0
1,5,0.25,25,5,0,2.80585173711577,2.80585173711577,0.0,604,1.0
1,5,0.25,28,5,0,2.535514064120885,2.535514064120885,0.0,604,1.0
1,5,0.25,4,20,0,14.102901327006451,14.102901327006451,0.0,604,1.0
1,5,0.25,7,20,0,70.74354158058134,70.74354158058134,0.0,604,1.0
1,5,0.25,13,20,0,39.95569288680911,39.95569288680911,0.0,604,1.0
1,5,0.25,16,20,0,29.835026775199704,29.835026775199704,0.0,604,1.0
1,5,0.25,25,20,0,33.89235120497656,33.89235120497656,0.0,604,1.0
1,5,0.25,28,20,0,15.653051760276847,15.653051760276847,0.0,604,1.0
1,5,0.25,4,50,0,18.158757332653806,18.158757332653806,0.0,604,1.0
1,5,0.25,7,50,0,337.88519676778145,337.88519676778145,0.0,604,1.0
1,5,0.25,13,50,0,142.92074989183618,142.92074989183618,0.0,604,1.0
1,5,0.25,16,50,0,193.40389672041468,193.40389672041468,0.0,604,1.0
1,5,0.25,25,50,0,149.67235067325362,149.67235067325362,0.0,604,1.0
1,5,0.25,28,50,0,53.17383704441645,53.17383704441645,0.0,604,1.0
1,5,0.25,10,5,1,9.473767002549344,3.902099647120133,-0.8870118315212288,604,1.0
1,5,0.25,19,5,1,9.9490898059608,5.456986036260416,-0.600584440864998,604,1.0
1,5,0.25,22,5,1,23.18377322682748,10.735951661761565,-0.7698545263037248,604,1.0
1,5,0.25,10,20,1,58.23716305078554,15.663638458170558,-1.3131816868936828,604,1.0
1,5,0.25,19,20,1,157.3682009102141,61.07994268508452,-0.9464047463271617,604,1.0
1,5,0.25,22,20,1,381.66740110267386,125.9012439889436,-1.1090517298333689,604,1.0
1,5,0.25,10,50,1,69.87860048275998,40.02765499193044,-0.5571888676063842,604,1.0
1,5,0.25,19,50,1,558.9117970118231,95.61530074431388,-1.765658816729204,604,1.0
1,5,0.25,22,50,1,848.1773554783385,219.66515771073088,-1.350985383023099,604,1.0
1,5,0.25,1,5,2,3.2853627764946576,4.048916501685216,0.2089722347935883,604,1.0
1,5,0.25,1,20,2,38.72594092827015,40.32892529393498,0.040559277019446,604,1.0
1,5,0.25,1,50,2,133.81350858769196,134.0128201918348,0.0014883648059884,604,1.0
0,0,0.0,3,5,0,3.8639617294932815,3.8639617294932815,0.0,605,0.01
0,0,0.0,6,5,0,1.5905137967431755,1.5905137967431755,0.0,605,0.01
0,0,0.0,3,20,0,25.39554179682508,25.39554179682508,0.0,605,0.01
0,0,0.0,6,20,0,4.435758808497541,4.435758808497541,0.0,605,0.01
0,0,0.0,3,50,0,36.44597663126495,36.44597663126495,0.0,605,0.01
0,0,0.0,6,50,0,9.589794156766166,9.589794156766166,0.0,605,0.01
0,0,0.0,0,5,1,1.6315340131417222,4.4040218897487255,0.9929975046654346,605,0.01
0,0,0.0,12,5,1,4.879641992494628,7.027632105058601,0.3647779669424306,605,0.01
0,0,0.0,15,5,1,42.33569705634256,6.21581800316122,-1.91853329834231,605,0.01
0,0,0.0,18,5,1,18.126280222128017,4.186960272014137,-1.4653878326125036,605,0.01
0,0,0.0,0,20,1,3.843599978828456,24.37860276608794,1.847296389837218,605,0.01
0,0,0.0,12,20,1,34.01965049662024,22.959541202106664,-0.3932047246819207,605,0.01
0,0,0.0,15,20,1,312.5849123217653,24.089800850324195,-2.563087602006733,605,0.01
0,0,0.0,18,20,1,151.2927317785235,12.545322980297628,-2.4898686559379253,605,0.01
0,0,0.0,0,50,1,8.99349298283899,43.33374822815178,1.572430422299933,605,0.01
0,0,0.0,12,50,1,40.4876007412083,17.513112628307855,-0.8380458793038127,605,0.01
0,0,0.0,15,50,1,271.0914349925949,29.17705313862489,-2.2290736135560985,605,0.01
0,0,0.0,18,50,1,213.5016413331112,14.206548009726504,-2.7099415346158824,605,0.01
0,0,0.0,9,5,2,5.812606563558721,7.388296822280103,0.2398681335386924,605,0.01
0,0,0.0,21,5,2,12.319454439085776,3.451934982478612,-1.272244736279012,605,0.01
0,0,0.0,24,5,2,4.590498054911058,3.0284193407002986,-0.4159477132126254,605,0.01
0,0,0.0,27,5,2,61.93801631699444,19.917872159643213,-1.1345167209963982,605,0.01
0,0,0.0,9,20,2,51.89257363053475,45.554952132651465,-0.1302563535572872,605,0.01
0,0,0.0,21,20,2,130.8276462764705,18.80648804299724,-1.939678860689381,605,0.01
0,0,0.0,24,20,2,25.69379948238136,11.40635954875933,-0.8120786425036004,605,0.01
0,0,0.0,27,20,2,455.0509316276604,120.73586590463655,-1.3268041171977056,605,0.01
0,0,0.0,9,50,2,84.99758421519712,88.94778534461952,0.0454266809573152,605,0.01
0,0,0.0,21,50,2,263.3033042646749,24.399097188636137,-2.378760484703703,605,0.01
0,0,0.0,24,50,2,46.79373912268485,3.3580072791497635,-2.6344016881876047,605,0.01
0,0,0.0,27,50,2,661.6396249357855,140.2219153276968,-1.5514947573705278,605,0.01
0,0,0.1,3,5,0,3.8639617294932815,3.8639617294932815,0.0,605,0.01
0,0,0.1,6,5,0,1.5905137967431755,1.5905137967431755,0.0,605,0.01
0,0,0.1,3,20,0,25.39554179682508,25.39554179682508,0.0,605,0.01
0,0,0.1,6,20,0,4.435758808497541,4.435758808497541,0.0,605,0.01
0,0,0.1,3,50,0,36.44597663126495,36.44597663126495,0.0,605,0.01
0,0,0.1,6,50,0,9.589794156766166,9.589794156766166,0.0,605,0.01
0,0,0.1,0,5,1,1.6315340131417222,4.4040218897487255,0.9929975046654346,605,0.01
0,0,0.1,12,5,1,4.879641992494628,7.027632105058601,0.3647779669424306,605,0.01
0,0,0.1,15,5,1,42.33569705634256,6.21581800316122,-1.91853329834231,605,0.01
0,0,0.1,18,5,1,18.126280222128017,4.186960272014137,-1.4653878326125036,605,0.01
0,0,0.1,0,20,1,3.843599978828456,24.37860276608794,1.847296389837218,605,0.01
0,0,0.1,12,20,1,34.01965049662024,22.959541202106664,-0.3932047246819207,605,0.01
0,0,0.1,15,20,1,312.5849123217653,24.089800850324195,-2.563087602006733,605,0.01
0,0,0.1,18,20,1,151.2927317785235,12.545322980297628,-2.4898686559379253,605,0.01
0,0,0.1,0,50,1,8.99349298283899,43.33374822815178,1.572430422299933,605,0.01
0,0,0.1,12,50,1,40.4876007412083,17.513112628307855,-0.8380458793038127,605,0.01
0,0,0.1,15,50,1,271.0914349925949,29.17705313862489,-2.2290736135560985,605,0.01
0,0,0.1,18,50,1,213.5016413331112,14.206548009726504,-2.7099415346158824,605,0.01
0,0,0.1,9,5,2,5.812606563558721,7.388296822280103,0.2398681335386924,605,0.01
0,0,0.1,21,5,2,12.319454439085776,3.451934982478612,-1.272244736279012,605,0.01
0,0,0.1,24,5,2,4.590498054911058,3.0284193407002986,-0.4159477132126254,605,0.01
0,0,0.1,27,5,2,61.93801631699444,19.917872159643213,-1.1345167209963982,605,0.01
0,0,0.1,9,20,2,51.89257363053475,45.554952132651465,-0.1302563535572872,605,0.01
0,0,0.1,21,20,2,130.8276462764705,18.80648804299724,-1.939678860689381,605,0.01
0,0,0.1,24,20,2,25.69379948238136,11.40635954875933,-0.8120786425036004,605,0.01
0,0,0.1,27,20,2,455.0509316276604,120.73586590463655,-1.3268041171977056,605,0.01
0,0,0.1,9,50,2,84.99758421519712,88.94778534461952,0.0454266809573152,605,0.01
0,0,0.1,21,50,2,263.3033042646749,24.399097188636137,-2.378760484703703,605,0.01
0,0,0.1,24,50,2,46.79373912268485,3.3580072791497635,-2.6344016881876047,605,0.01
0,0,0.1,27,50,2,661.6396249357855,140.2219153276968,-1.5514947573705278,605,0.01
0,0,0.25,0,5,0,1.6315340131417222,1.6315340131417222,0.0,605,0.01
0,0,0.25,3,5,0,3.8639617294932815,3.8639617294932815,0.0,605,0.01
0,0,0.25,6,5,0,1.5905137967431755,1.5905137967431755,0.0,605,0.01
0,0,0.25,9,5,0,5.812606563558721,5.812606563558721,0.0,605,0.01
0,0,0.25,0,20,0,3.843599978828456,3.843599978828456,0.0,605,0.01
0,0,0.25,3,20,0,25.39554179682508,25.39554179682508,0.0,605,0.01
0,0,0.25,6,20,0,4.435758808497541,4.435758808497541,0.0,605,0.01
0,0,0.25,9,20,0,51.89257363053475,51.89257363053475,0.0,605,0.01
0,0,0.25,0,50,0,8.99349298283899,8.99349298283899,0.0,605,0.01
0,0,0.25,3,50,0,36.44597663126495,36.44597663126495,0.0,605,0.01
0,0,0.25,6,50,0,9.589794156766166,9.589794156766166,0.0,605,0.01
0,0,0.25,9,50,0,84.99758421519712,84.99758421519712,0.0,605,0.01
0,0,0.25,12,5,1,4.879641992494628,7.027632105058601,0.3647779669424306,605,0.01
0,0,0.25,15,5,1,42.33569705634256,6.21581800316122,-1.91853329834231,605,0.01
0,0,0.25,18,5,1,18.126280222128017,4.186960272014137,-1.4653878326125036,605,0.01
0,0,0.25,12,20,1,34.01965049662024,22.959541202106664,-0.3932047246819207,605,0.01
0,0,0.25,15,20,1,312.5849123217653,24.089800850324195,-2.563087602006733,605,0.01
0,0,0.25,18,20,1,151.2927317785235,12.545322980297628,-2.4898686559379253,605,0.01
0,0,0.25,12,50,1,40.4876007412083,17.513112628307855,-0.8380458793038127,605,0.01
0,0,0.25,15,50,1,271.0914349925949,29.17705313862489,-2.2290736135560985,605,0.01
0,0,0.25,18,50,1,213.5016413331112,14.206548009726504,-2.7099415346158824,605,0.01
0,0,0.25,21,5,2,12.319454439085776,3.451934982478612,-1.272244736279012,605,0.01
0,0,0.25,24,5,2,4.590498054911058,3.0284193407002986,-0.4159477132126254,605,0.01
0,0,0.25,27,5,2,61.93801631699444,19.917872159643213,-1.1345167209963982,605,0.01
0,0,0.25,21,20,2,130.8276462764705,18.80648804299724,-1.939678860689381,605,0.01
0,0,0.25,24,20,2,25.69379948238136,11.40635954875933,-0.8120786425036004,605,0.01
0,0,0.25,27,20,2,455.0509316276604,120.73586590463655,-1.3268041171977056,605,0.01
0,0,0.25,21,50,2,263.3033042646749,24.399097188636137,-2.378760484703703,605,0.01
0,0,0.25,24,50,2,46.79373912268485,3.3580072791497635,-2.6344016881876047,605,0.01
0,0,0.25,27,50,2,661.6396249357855,140.2219153276968,-1.5514947573705278,605,0.01
0,1,0.0,3,5,0,3.8639617294932815,3.8639617294932815,0.0,605,0.01
0,1,0.0,6,5,0,1.5905137967431755,1.5905137967431755,0.0,605,0.01
0,1,0.0,3,20,0,25.39554179682508,25.39554179682508,0.0,605,0.01
0,1,0.0,6,20,0,4.435758808497541,4.435758808497541,0.0,605,0.01
0,1,0.0,3,50,0,36.44597663126495,36.44597663126495,0.0,605,0.01
0,1,0.0,6,50,0,9.589794156766166,9.589794156766166,0.0,605,0.01
0,1,0.0,0,5,1,1.6315340131417222,4.404024198974474,0.9929980290100452,605,0.01
0,1,0.0,12,5,1,4.879641992494628,7.027638567781944,0.3647788865580673,605,0.01
0,1,0.0,15,5,1,42.33569705634256,6.2158194702526846,-1.918533062316852,605,0.01
0,1,0.0,18,5,1,18.126280222128017,4.186960170491022,-1.465387856859955,605,0.01
0,1,0.0,0,20,1,3.843599978828456,24.378608956705232,1.847296643773695,605,0.01
0,1,0.0,12,20,1,34.01965049662024,22.959556873656634,-0.3932040421097175,605,0.01
0,1,0.0,15,20,1,312.5849123217653,24.089806791459228,-2.5630873553822653,605,0.01
0,1,0.0,18,20,1,151.2927317785235,12.54531881683224,-2.48986898781189,605,0.01
0,1,0.0,0,50,1,8.99349298283899,43.33375040505182,1.5724304725356055,605,0.01
0,1,0.0,12,50,1,40.4876007412083,17.51313207285382,-0.8380447690194455,605,0.01
0,1,0.0,15,50,1,271.0914349925949,29.177063629169357,-2.229073254008391,605,0.01
0,1,0.0,18,50,1,213.5016413331112,14.206542923566664,-2.709941892631126,605,0.01
0,1,0.0,9,5,2,5.812606563558721,7.388297966979149,0.2398682884727706,605,0.01
0,1,0.0,21,5,2,12.319454439085776,3.4519336003482173,-1.2722451366720318,605,0.01
0,1,0.0,24,5,2,4.590498054911058,3.028420457265438,-0.4159473445170097,605,0.01
0,1,0.0,27,5,2,61.93801631699444,19.917872397748557,-1.134516709042042,605,0.01
0,1,0.0,9,20,2,51.89257363053475,45.55496579932652,-0.1302560535531744,605,0.01
0,1,0.0,21,20,2,130.8276462764705,18.806478118081188,-1.9396793884284595,605,0.01
0,1,0.0,24,20,2,25.69379948238136,11.406367012713844,-0.812077988136005,605,0.01
0,1,0.0,27,20,2,455.0509316276604,120.73586353016948,-1.3268041368643315,605,0.01
0,1,0.0,9,50,2,84.99758421519712,88.94780436403913,0.0454268947840845,605,0.01
0,1,0.0,21,50,2,263.3033042646749,24.39908272791389,-2.37876107737836,605,0.01
0,1,0.0,24,50,2,46.79373912268485,3.3580074196462397,-2.634401646348364,605,0.01
0,1,0.0,27,50,2,661.6396249357855,140.2219009268157,-1.5514948600711778,605,0.01
0,1,0.1,3,5,0,3.8639617294932815,3.8639617294932815,0.0,605,0.01
0,1,0.1,6,5,0,1.5905137967431755,1.5905137967431755,0.0,605,0.01
0,1,0.1,3,20,0,25.39554179682508,25.39554179682508,0.0,605,0.01
0,1,0.1,6,20,0,4.435758808497541,4.435758808497541,0.0,605,0.01
0,1,0.1,3,50,0,36.44597663126495,36.44597663126495,0.0,605,0.01
0,1,0.1,6,50,0,9.589794156766166,9.589794156766166,0.0,605,0.01
0,1,0.1,0,5,1,1.6315340131417222,4.404024198974474,0.9929980290100452,605,0.01
0,1,0.1,12,5,1,4.879641992494628,7.027638567781944,0.3647788865580673,605,0.01
0,1,0.1,15,5,1,42.33569705634256,6.2158194702526846,-1.918533062316852,605,0.01
0,1,0.1,18,5,1,18.126280222128017,4.186960170491022,-1.465387856859955,605,0.01
0,1,0.1,0,20,1,3.843599978828456,24.378608956705232,1.847296643773695,605,0.01
0,1,0.1,12,20,1,34.01965049662024,22.959556873656634,-0.3932040421097175,605,0.01
0,1,0.1,15,20,1,312.5849123217653,24.089806791459228,-2.5630873553822653,605,0.01
0,1,0.1,18,20,1,151.2927317785235,12.54531881683224,-2.48986898781189,605,0.01
0,1,0.1,0,50,1,8.99349298283899,43.33375040505182,1.5724304725356055,605,0.01
0,1,0.1,12,50,1,40.4876007412083,17.51313207285382,-0.8380447690194455,605,0.01
0,1,0.1,15,50,1,271.0914349925949,29.177063629169357,-2.229073254008391,605,0.01
0,1,0.1,18,50,1,213.5016413331112,14.206542923566664,-2.709941892631126,605,0.01
0,1,0.1,9,5,2,5.812606563558721,7.388297966979149,0.2398682884727706,605,0.01
0,1,0.1,21,5,2,12.319454439085776,3.4519336003482173,-1.2722451366720318,605,0.01
0,1,0.1,24,5,2,4.590498054911058,3.028420457265438,-0.4159473445170097,605,0.01
0,1,0.1,27,5,2,61.93801631699444,19.917872397748557,-1.134516709042042,605,0.01
0,1,0.1,9,20,2,51.89257363053475,45.55496579932652,-0.1302560535531744,605,0.01
0,1,0.1,21,20,2,130.8276462764705,18.806478118081188,-1.9396793884284595,605,0.01
0,1,0.1,24,20,2,25.69379948238136,11.406367012713844,-0.812077988136005,605,0.01
0,1,0.1,27,20,2,455.0509316276604,120.73586353016948,-1.3268041368643315,605,0.01
0,1,0.1,9,50,2,84.99758421519712,88.94780436403913,0.0454268947840845,605,0.01
0,1,0.1,21,50,2,263.3033042646749,24.39908272791389,-2.37876107737836,605,0.01
0,1,0.1,24,50,2,46.79373912268485,3.3580074196462397,-2.634401646348364,605,0.01
0,1,0.1,27,50,2,661.6396249357855,140.2219009268157,-1.5514948600711778,605,0.01
0,1,0.25,0,5,0,1.6315340131417222,1.6315340131417222,0.0,605,0.01
0,1,0.25,3,5,0,3.8639617294932815,3.8639617294932815,0.0,605,0.01
0,1,0.25,6,5,0,1.5905137967431755,1.5905137967431755,0.0,605,0.01
0,1,0.25,9,5,0,5.812606563558721,5.812606563558721,0.0,605,0.01
0,1,0.25,0,20,0,3.843599978828456,3.843599978828456,0.0,605,0.01
0,1,0.25,3,20,0,25.39554179682508,25.39554179682508,0.0,605,0.01
0,1,0.25,6,20,0,4.435758808497541,4.435758808497541,0.0,605,0.01
0,1,0.25,9,20,0,51.89257363053475,51.89257363053475,0.0,605,0.01
0,1,0.25,0,50,0,8.99349298283899,8.99349298283899,0.0,605,0.01
0,1,0.25,3,50,0,36.44597663126495,36.44597663126495,0.0,605,0.01
0,1,0.25,6,50,0,9.589794156766166,9.589794156766166,0.0,605,0.01
0,1,0.25,9,50,0,84.99758421519712,84.99758421519712,0.0,605,0.01
0,1,0.25,12,5,1,4.879641992494628,7.027638567781944,0.3647788865580673,605,0.01
0,1,0.25,15,5,1,42.33569705634256,6.2158194702526846,-1.918533062316852,605,0.01
0,1,0.25,18,5,1,18.126280222128017,4.186960170491022,-1.465387856859955,605,0.01
0,1,0.25,12,20,1,34.01965049662024,22.959556873656634,-0.3932040421097175,605,0.01
0,1,0.25,15,20,1,312.5849123217653,24.089806791459228,-2.5630873553822653,605,0.01
0,1,0.25,18,20,1,151.2927317785235,12.54531881683224,-2.48986898781189,605,0.01
0,1,0.25,12,50,1,40.4876007412083,17.51313207285382,-0.8380447690194455,605,0.01
0,1,0.25,15,50,1,271.0914349925949,29.177063629169357,-2.229073254008391,605,0.01
0,1,0.25,18,50,1,213.5016413331112,14.206542923566664,-2.709941892631126,605,0.01
0,1,0.25,21,5,2,12.319454439085776,3.4519336003482173,-1.2722451366720318,605,0.01
0,1,0.25,24,5,2,4.590498054911058,3.028420457265438,-0.4159473445170097,605,0.01
0,1,0.25,27,5,2,61.93801631699444,19.917872397748557,-1.134516709042042,605,0.01
0,1,0.25,21,20,2,130.8276462764705,18.806478118081188,-1.9396793884284595,605,0.01
0,1,0.25,24,20,2,25.69379948238136,11.406367012713844,-0.812077988136005,605,0.01
0,1,0.25,27,20,2,455.0509316276604,120.73586353016948,-1.3268041368643315,605,0.01
0,1,0.25,21,50,2,263.3033042646749,24.39908272791389,-2.37876107737836,605,0.01
0,1,0.25,24,50,2,46.79373912268485,3.3580074196462397,-2.634401646348364,605,0.01
0,1,0.25,27,50,2,661.6396249357855,140.2219009268157,-1.5514948600711778,605,0.01
0,2,0.0,3,5,0,3.8639617294932815,3.8639617294932815,0.0,605,0.01
0,2,0.0,6,5,0,1.5905137967431755,1.5905137967431755,0.0,605,0.01
0,2,0.0,3,20,0,25.39554179682508,25.39554179682508,0.0,605,0.01
0,2,0.0,6,20,0,4.435758808497541,4.435758808497541,0.0,605,0.01
0,2,0.0,3,50,0,36.44597663126495,36.44597663126495,0.0,605,0.01
0,2,0.0,6,50,0,9.589794156766166,9.589794156766166,0.0,605,0.01
0,2,0.0,0,5,1,1.6315340131417222,4.404022262247688,0.9929975892469728,605,0.01
0,2,0.0,12,5,1,4.879641992494628,7.027635826466095,0.3647784964816059,605,0.01
0,2,0.0,15,5,1,42.33569705634256,6.215817774901601,-1.918533335064689,605,0.01
0,2,0.0,18,5,1,18.126280222128017,4.186961181969463,-1.4653876152817509,605,0.01
0,2,0.0,0,20,1,3.843599978828456,24.378601715859244,1.847296346757279,605,0.01
0,2,0.0,12,20,1,34.01965049662024,22.95955038814488,-0.3932043245852334,605,0.01
0,2,0.0,15,20,1,312.5849123217653,24.0897992143919,-2.563087669916482,605,0.01
0,2,0.0,18,20,1,151.2927317785235,12.545326345899383,-2.489868387662544,605,0.01
0,2,0.0,0,50,1,8.99349298283899,43.33374110953915,1.5724302580258165,605,0.01
0,2,0.0,12,50,1,40.4876007412083,17.513123394504902,-0.8380452645533701,605,0.01
0,2,0.0,15,50,1,271.0914349925949,29.177052373371367,-2.2290736397840227,605,0.01
0,2,0.0,18,50,1,213.5016413331112,14.206549520747371,-2.7099414282550134,605,0.01
0,2,0.0,9,5,2,5.812606563558721,7.388297087116268,0.2398681693840525,605,0.01
0,2,0.0,21,5,2,12.319454439085776,3.4519329724662464,-1.2722453185648783,605,0.01
0,2,0.0,24,5,2,4.590498054911058,3.0284192808723134,-0.4159477329681413,605,0.01
0,2,0.0,27,5,2,61.93801631699444,19.917871492078067,-1.1345167545122854,605,0.01
0,2,0.0,9,20,2,51.89257363053475,45.5549538715066,-0.1302563153867917,605,0.01
0,2,0.0,21,20,2,130.8276462764705,18.80646968621491,-1.9396798367775927,605,0.01
0,2,0.0,24,20,2,25.69379948238136,11.406354748669816,-0.8120790633294129,605,0.01
0,2,0.0,27,20,2,455.0509316276604,120.73583630816896,-1.326804362331751,605,0.01
0,2,0.0,9,50,2,84.99758421519712,88.94777232288483,0.0454265345597901,605,0.01
0,2,0.0,21,50,2,263.3033042646749,24.39907129710453,-2.3787615458718743,605,0.01
0,2,0.0,24,50,2,46.79373912268485,3.358006464596905,-2.6344019307579414,605,0.01
0,2,0.0,27,50,2,661.6396249357855,140.22187297462642,-1.5514950594137331,605,0.01
0,2,0.1,3,5,0,3.8639617294932815,3.8639617294932815,0.0,605,0.01
0,2,0.1,6,5,0,1.5905137967431755,1.5905137967431755,0.0,605,0.01
0,2,0.1,3,20,0,25.39554179682508,25.39554179682508,0.0,605,0.01
0,2,0.1,6,20,0,4.435758808497541,4.435758808497541,0.0,605,0.01
0,2,0.1,3,50,0,36.44597663126495,36.44597663126495,0.0,605,0.01
0,2,0.1,6,50,0,9.589794156766166,9.589794156766166,0.0,605,0.01
0,2,0.1,0,5,1,1.6315340131417222,4.404022262247688,0.9929975892469728,605,0.01
0,2,0.1,12,5,1,4.879641992494628,7.027635826466095,0.3647784964816059,605,0.01
0,2,0.1,15,5,1,42.33569705634256,6.215817774901601,-1.918533335064689,605,0.01
0,2,0.1,18,5,1,18.126280222128017,4.186961181969463,-1.4653876152817509,605,0.01
0,2,0.1,0,20,1,3.843599978828456,24.378601715859244,1.847296346757279,605,0.01
0,2,0.1,12,20,1,34.01965049662024,22.95955038814488,-0.3932043245852334,605,0.01
0,2,0.1,15,20,1,312.5849123217653,24.0897992143919,-2.563087669916482,605,0.01
0,2,0.1,18,20,1,151.2927317785235,12.545326345899383,-2.489868387662544,605,0.01
0,2,0.1,0,50,1,8.99349298283899,43.33374110953915,1.5724302580258165,605,0.01
0,2,0.1,12,50,1,40.4876007412083,17.513123394504902,-0.8380452645533701,605,0.01
0,2,0.1,15,50,1,271.0914349925949,29.177052373371367,-2.2290736397840227,605,0.01
0,2,0.1,18,50,1,213.5016413331112,14.206549520747371,-2.7099414282550134,605,0.01
0,2,0.1,9,5,2,5.812606563558721,7.388297087116268,0.2398681693840525,605,0.01
0,2,0.1,21,5,2,12.319454439085776,3.4519329724662464,-1.2722453185648783,605,0.01
0,2,0.1,24,5,2,4.590498054911058,3.0284192808723134,-0.4159477329681413,605,0.01
0,2,0.1,27,5,2,61.93801631699444,19.917871492078067,-1.1345167545122854,605,0.01
0,2,0.1,9,20,2,51.89257363053475,45.5549538715066,-0.1302563153867917,605,0.01
0,2,0.1,21,20,2,130.8276462764705,18.80646968621491,-1.9396798367775927,605,0.01
0,2,0.1,24,20,2,25.69379948238136,11.406354748669816,-0.8120790633294129,605,0.01
0,2,0.1,27,20,2,455.0509316276604,120.73583630816896,-1.326804362331751,605,0.01
0,2,0.1,9,50,2,84.99758421519712,88.94777232288483,0.0454265345597901,605,0.01
0,2,0.1,21,50,2,263.3033042646749,24.39907129710453,-2.3787615458718743,605,0.01
0,2,0.1,24,50,2,46.79373912268485,3.358006464596905,-2.6344019307579414,605,0.01
0,2,0.1,27,50,2,661.6396249357855,140.22187297462642,-1.5514950594137331,605,0.01
0,2,0.25,0,5,0,1.6315340131417222,1.6315340131417222,0.0,605,0.01
0,2,0.25,3,5,0,3.8639617294932815,3.8639617294932815,0.0,605,0.01
0,2,0.25,6,5,0,1.5905137967431755,1.5905137967431755,0.0,605,0.01
0,2,0.25,9,5,0,5.812606563558721,5.812606563558721,0.0,605,0.01
0,2,0.25,0,20,0,3.843599978828456,3.843599978828456,0.0,605,0.01
0,2,0.25,3,20,0,25.39554179682508,25.39554179682508,0.0,605,0.01
0,2,0.25,6,20,0,4.435758808497541,4.435758808497541,0.0,605,0.01
0,2,0.25,9,20,0,51.89257363053475,51.89257363053475,0.0,605,0.01
0,2,0.25,0,50,0,8.99349298283899,8.99349298283899,0.0,605,0.01
0,2,0.25,3,50,0,36.44597663126495,36.44597663126495,0.0,605,0.01
0,2,0.25,6,50,0,9.589794156766166,9.589794156766166,0.0,605,0.01
0,2,0.25,9,50,0,84.99758421519712,84.99758421519712,0.0,605,0.01
0,2,0.25,12,5,1,4.879641992494628,7.027635826466095,0.3647784964816059,605,0.01
0,2,0.25,15,5,1,42.33569705634256,6.215817774901601,-1.918533335064689,605,0.01
0,2,0.25,18,5,1,18.126280222128017,4.186961181969463,-1.4653876152817509,605,0.01
0,2,0.25,12,20,1,34.01965049662024,22.95955038814488,-0.3932043245852334,605,0.01
0,2,0.25,15,20,1,312.5849123217653,24.0897992143919,-2.563087669916482,605,0.01
0,2,0.25,18,20,1,151.2927317785235,12.545326345899383,-2.489868387662544,605,0.01
0,2,0.25,12,50,1,40.4876007412083,17.513123394504902,-0.8380452645533701,605,0.01
0,2,0.25,15,50,1,271.0914349925949,29.177052373371367,-2.2290736397840227,605,0.01
0,2,0.25,18,50,1,213.5016413331112,14.206549520747371,-2.7099414282550134,605,0.01
0,2,0.25,21,5,2,12.319454439085776,3.4519329724662464,-1.2722453185648783,605,0.01
0,2,0.25,24,5,2,4.590498054911058,3.0284192808723134,-0.4159477329681413,605,0.01
0,2,0.25,27,5,2,61.93801631699444,19.917871492078067,-1.1345167545122854,605,0.01
0,2,0.25,21,20,2,130.8276462764705,18.80646968621491,-1.9396798367775927,605,0.01
0,2,0.25,24,20,2,25.69379948238136,11.406354748669816,-0.8120790633294129,605,0.01
0,2,0.25,27,20,2,455.0509316276604,120.73583630816896,-1.326804362331751,605,0.01
0,2,0.25,21,50,2,263.3033042646749,24.39907129710453,-2.3787615458718743,605,0.01
0,2,0.25,24,50,2,46.79373912268485,3.358006464596905,-2.6344019307579414,605,0.01
0,2,0.25,27,50,2,661.6396249357855,140.22187297462642,-1.5514950594137331,605,0.01
0,3,0.0,3,5,0,3.8639617294932815,3.8639617294932815,0.0,605,0.01
0,3,0.0,6,5,0,1.5905137967431755,1.5905137967431755,0.0,605,0.01
0,3,0.0,3,20,0,25.39554179682508,25.39554179682508,0.0,605,0.01
0,3,0.0,6,20,0,4.435758808497541,4.435758808497541,0.0,605,0.01
0,3,0.0,3,50,0,36.44597663126495,36.44597663126495,0.0,605,0.01
0,3,0.0,6,50,0,9.589794156766166,9.589794156766166,0.0,605,0.01
0,3,0.0,9,5,1,5.812606563558721,7.3882976583113535,0.2398682466948396,605,0.01
0,3,0.0,21,5,1,12.319454439085776,3.4519338010206555,-1.272245078538691,605,0.01
0,3,0.0,24,5,1,4.590498054911058,3.0284186409872613,-0.4159479442615785,605,0.01
0,3,0.0,27,5,1,61.93801631699444,19.917879734012843,-1.13451634071641,605,0.01
0,3,0.0,9,20,1,51.89257363053475,45.55495614100845,-0.1302562655678017,605,0.01
0,3,0.0,21,20,1,130.8276462764705,18.80648106558366,-1.939679231700431,605,0.01
0,3,0.0,24,20,1,25.69379948238136,11.406352765777422,-0.8120792371704524,605,0.01
0,3,0.0,27,20,1,455.0509316276604,120.7359030637962,-1.3268038094254155,605,0.01
0,3,0.0,9,50,1,84.99758421519712,88.94777870759452,0.0454266063402213,605,0.01
0,3,0.0,21,50,1,263.3033042646749,24.399086726396384,-2.3787609134999785,605,0.01
0,3,0.0,24,50,1,46.79373912268485,3.3580064973299266,-2.634401921010187,605,0.01
0,3,0.0,27,50,1,661.6396249357855,140.2219413084428,-1.5514945720874818,605,0.01
0,3,0.0,0,5,2,1.6315340131417222,4.404022100164888,0.9929975524436162,605,0.01
0,3,0.0,12,5,2,4.879641992494628,7.027636915969283,0.364778651512847,605,0.01
0,3,0.0,15,5,2,42.33569705634256,6.215817239350326,-1.918533421224116,605,0.01
0,3,0.0,18,5,2,18.126280222128017,4.1869616097124185,-1.4653875131210392,605,0.01
0,3,0.0,0,20,2,3.843599978828456,24.378599593585232,1.847296259702487,605,0.01
0,3,0.0,12,20,2,34.01965049662024,22.959552544338543,-0.3932042306725246,605,0.01
0,3,0.0,15,20,2,312.5849123217653,24.089796613622205,-2.56308777787794,605,0.01
0,3,0.0,18,20,2,151.2927317785235,12.545328915050938,-2.4898681828730296,605,0.01
0,3,0.0,0,50,2,8.99349298283899,43.33373490876263,1.5724301149323097,605,0.01
0,3,0.0,12,50,2,40.4876007412083,17.513126383742517,-0.8380450938678052,605,0.01
0,3,0.0,15,50,2,271.0914349925949,29.177050040378607,-2.2290737197438766,605,0.01
0,3,0.0,18,50,2,213.5016413331112,14.206551073418332,-2.709941318962404,605,0.01
0,3,0.1,3,5,0,3.8639617294932815,3.8639617294932815,0.0,605,0.01
0,3,0.1,6,5,0,1.5905137967431755,1.5905137967431755,0.0,605,0.01
0,3,0.1,3,20,0,25.39554179682508,25.39554179682508,0.0,605,0.01
0,3,0.1,6,20,0,4.435758808497541,4.435758808497541,0.0,605,0.01
0,3,0.1,3,50,0,36.44597663126495,36.44597663126495,0.0,605,0.01
0,3,0.1,6,50,0,9.589794156766166,9.589794156766166,0.0,605,0.01
0,3,0.1,9,5,1,5.812606563558721,7.3882976583113535,0.2398682466948396,605,0.01
0,3,0.1,21,5,1,12.319454439085776,3.4519338010206555,-1.272245078538691,605,0.01
0,3,0.1,24,5,1,4.590498054911058,3.0284186409872613,-0.4159479442615785,605,0.01
0,3,0.1,27,5,1,61.93801631699444,19.917879734012843,-1.13451634071641,605,0.01
0,3,0.1,9,20,1,51.89257363053475,45.55495614100845,-0.1302562655678017,605,0.01
0,3,0.1,21,20,1,130.8276462764705,18.80648106558366,-1.939679231700431,605,0.01
0,3,0.1,24,20,1,25.69379948238136,11.406352765777422,-0.8120792371704524,605,0.01
0,3,0.1,27,20,1,455.0509316276604,120.7359030637962,-1.3268038094254155,605,0.01
0,3,0.1,9,50,1,84.99758421519712,88.94777870759452,0.0454266063402213,605,0.01
0,3,0.1,21,50,1,263.3033042646749,24.399086726396384,-2.3787609134999785,605,0.01
0,3,0.1,24,50,1,46.79373912268485,3.3580064973299266,-2.634401921010187,605,0.01
0,3,0.1,27,50,1,661.6396249357855,140.2219413084428,-1.5514945720874818,605,0.01
0,3,0.1,0,5,2,1.6315340131417222,4.404022100164888,0.9929975524436162,605,0.01
0,3,0.1,12,5,2,4.879641992494628,7.027636915969283,0.364778651512847,605,0.01
0,3,0.1,15,5,2,42.33569705634256,6.215817239350326,-1.918533421224116,605,0.01
0,3,0.1,18,5,2,18.126280222128017,4.1869616097124185,-1.4653875131210392,605,0.01
0,3,0.1,0,20,2,3.843599978828456,24.378599593585232,1.847296259702487,605,0.01
0,3,0.1,12,20,2,34.01965049662024,22.959552544338543,-0.3932042306725246,605,0.01
0,3,0.1,15,20,2,312.5849123217653,24.089796613622205,-2.56308777787794,605,0.01
0,3,0.1,18,20,2,151.2927317785235,12.545328915050938,-2.4898681828730296,605,0.01
0,3,0.1,0,50,2,8.99349298283899,43.33373490876263,1.5724301149323097,605,0.01
0,3,0.1,12,50,2,40.4876007412083,17.513126383742517,-0.8380450938678052,605,0.01
0,3,0.1,15,50,2,271.0914349925949,29.177050040378607,-2.2290737197438766,605,0.01
0,3,0.1,18,50,2,213.5016413331112,14.206551073418332,-2.709941318962404,605,0.01
0,3,0.25,0,5,0,1.6315340131417222,1.6315340131417222,0.0,605,0.01
0,3,0.25,3,5,0,3.8639617294932815,3.8639617294932815,0.0,605,0.01
0,3,0.25,6,5,0,1.5905137967431755,1.5905137967431755,0.0,605,0.01
0,3,0.25,9,5,0,5.812606563558721,5.812606563558721,0.0,605,0.01
0,3,0.25,0,20,0,3.843599978828456,3.843599978828456,0.0,605,0.01
0,3,0.25,3,20,0,25.39554179682508,25.39554179682508,0.0,605,0.01
0,3,0.25,6,20,0,4.435758808497541,4.435758808497541,0.0,605,0.01
0,3,0.25,9,20,0,51.89257363053475,51.89257363053475,0.0,605,0.01
0,3,0.25,0,50,0,8.99349298283899,8.99349298283899,0.0,605,0.01
0,3,0.25,3,50,0,36.44597663126495,36.44597663126495,0.0,605,0.01
0,3,0.25,6,50,0,9.589794156766166,9.589794156766166,0.0,605,0.01
0,3,0.25,9,50,0,84.99758421519712,84.99758421519712,0.0,605,0.01
0,3,0.25,21,5,1,12.319454439085776,3.4519338010206555,-1.272245078538691,605,0.01
0,3,0.25,24,5,1,4.590498054911058,3.0284186409872613,-0.4159479442615785,605,0.01
0,3,0.25,27,5,1,61.93801631699444,19.917879734012843,-1.13451634071641,605,0.01
0,3,0.25,21,20,1,130.8276462764705,18.80648106558366,-1.939679231700431,605,0.01
0,3,0.25,24,20,1,25.69379948238136,11.406352765777422,-0.8120792371704524,605,0.01
0,3,0.25,27,20,1,455.0509316276604,120.7359030637962,-1.3268038094254155,605,0.01
0,3,0.25,21,50,1,263.3033042646749,24.399086726396384,-2.3787609134999785,605,0.01
0,3,0.25,24,50,1,46.79373912268485,3.3580064973299266,-2.634401921010187,605,0.01
0,3,0.25,27,50,1,661.6396249357855,140.2219413084428,-1.5514945720874818,605,0.01
0,3,0.25,12,5,2,4.879641992494628,7.027636915969283,0.364778651512847,605,0.01
0,3,0.25,15,5,2,42.33569705634256,6.215817239350326,-1.918533421224116,605,0.01
0,3,0.25,18,5,2,18.126280222128017,4.1869616097124185,-1.4653875131210392,605,0.01
0,3,0.25,12,20,2,34.01965049662024,22.959552544338543,-0.3932042306725246,605,0.01
0,3,0.25,15,20,2,312.5849123217653,24.089796613622205,-2.56308777787794,605,0.01
0,3,0.25,18,20,2,151.2927317785235,12.545328915050938,-2.4898681828730296,605,0.01
0,3,0.25,12,50,2,40.4876007412083,17.513126383742517,-0.8380450938678052,605,0.01
0,3,0.25,15,50,2,271.0914349925949,29.177050040378607,-2.2290737197438766,605,0.01
0,3,0.25,18,50,2,213.5016413331112,14.206551073418332,-2.709941318962404,605,0.01
0,4,0.0,0,5,0,1.6315340131417222,1.6315340131417222,0.0,605,0.01
0,4,0.0,18,5,0,18.126280222128017,18.126280222128017,0.0,605,0.01
0,4,0.0,21,5,0,12.319454439085776,12.319454439085776,0.0,605,0.01
0,4,0.0,24,5,0,4.590498054911058,4.590498054911058,0.0,605,0.01
0,4,0.0,0,20,0,3.843599978828456,3.843599978828456,0.0,605,0.01
0,4,0.0,18,20,0,151.2927317785235,151.2927317785235,0.0,605,0.01
0,4,0.0,21,20,0,130.8276462764705,130.8276462764705,0.0,605,0.01
0,4,0.0,24,20,0,25.69379948238136,25.69379948238136,0.0,605,0.01
0,4,0.0,0,50,0,8.99349298283899,8.99349298283899,0.0,605,0.01
0,4,0.0,18,50,0,213.5016413331112,213.5016413331112,0.0,605,0.01
0,4,0.0,21,50,0,263.3033042646749,263.3033042646749,0.0,605,0.01
0,4,0.0,24,50,0,46.79373912268485,46.79373912268485,0.0,605,0.01
0,4,0.0,12,5,1,4.879641992494628,33.47619011750247,1.925762588392327,605,0.01
0,4,0.0,15,5,1,42.33569705634256,217.4848552286685,1.6364985847635127,605,0.01
0,4,0.0,12,20,1,34.01965049662024,101.2796613312378,1.0909473010574025,605,0.01
0,4,0.0,15,20,1,312.5849123217653,698.1636958172628,0.8035774447976717,605,0.01
0,4,0.0,12,50,1,40.4876007412083,50.69182784225261,0.2247689383622909,605,0.01
0,4,0.0,15,50,1,271.0914349925949,224.9738851720961,-0.1864718329038307,605,0.01
0,4,0.0,3,5,2,3.8639617294932815,3.8639520228580033,-2.5120972074230512e-06,605,0.01
0,4,0.0,6,5,2,1.5905137967431755,1.5905115464127897,-1.4148459337728363e-06,605,0.01
0,4,0.0,9,5,2,5.812606563558721,5.81260044127471,-1.0532774184237136e-06,605,0.01
0,4,0.0,27,5,2,61.93801631699444,61.93797264053882,-7.051641885351467e-07,605,0.01
0,4,0.0,3,20,2,25.39554179682508,25.39545011333296,-3.610226486167569e-06,605,0.01
0,4,0.0,6,20,2,4.435758808497541,4.435742752523453,-3.6196745224800982e-06,605,0.01
0,4,0.0,9,20,2,51.89257363053475,51.89249224150192,-1.5684151115098304e-06,605,0.01
0,4,0.0,27,20,2,455.0509316276604,455.0505848266865,-7.621149236998496e-07,605,0.01
0,4,0.0,3,50,2,36.44597663126495,36.44581868186541,-4.333804617047863e-06,605,0.01
0,4,0.0,6,50,2,9.589794156766166,9.589776595985157,-1.8311964576715403e-06,605,0.01
0,4,0.0,9,50,2,84.99758421519712,84.99743472496208,-1.7587601799034516e-06,605,0.01
0,4,0.0,27,50,2,661.6396249357855,661.6391394303296,-7.337916529918644e-07,605,0.01
0,4,0.1,0,5,0,1.6315340131417222,1.6315340131417222,0.0,605,0.01
0,4,0.1,3,5,0,3.8639617294932815,3.8639617294932815,0.0,605,0.01
0,4,0.1,6,5,0,1.5905137967431755,1.5905137967431755,0.0,605,0.01
0,4,0.1,9,5,0,5.812606563558721,5.812606563558721,0.0,605,0.01
0,4,0.1,18,5,0,18.126280222128017,18.126280222128017,0.0,605,0.01
0,4,0.1,21,5,0,12.319454439085776,12.319454439085776,0.0,605,0.01
0,4,0.1,24,5,0,4.590498054911058,4.590498054911058,0.0,605,0.01
0,4,0.1,27,5,0,61.93801631699444,61.93801631699444,0.0,605,0.01
0,4,0.1,0,20,0,3.843599978828456,3.843599978828456,0.0,605,0.01
0,4,0.1,3,20,0,25.39554179682508,25.39554179682508,0.0,605,0.01
0,4,0.1,6,20,0,4.435758808497541,4.435758808497541,0.0,605,0.01
0,4,0.1,9,20,0,51.89257363053475,51.89257363053475,0.0,605,0.01
0,4,0.1,18,20,0,151.2927317785235,151.2927317785235,0.0,605,0.01
0,4,0.1,21,20,0,130.8276462764705,130.8276462764705,0.0,605,0.01
0,4,0.1,24,20,0,25.69379948238136,25.69379948238136,0.0,605,0.01
0,4,0.1,27,20,0,455.0509316276604,455.0509316276604,0.0,605,0.01
0,4,0.1,0,50,0,8.99349298283899,8.99349298283899,0.0,605,0.01
0,4,0.1,3,50,0,36.44597663126495,36.44597663126495,0.0,605,0.01
0,4,0.1,6,50,0,9.589794156766166,9.589794156766166,0.0,605,0.01
0,4,0.1,9,50,0,84.99758421519712,84.99758421519712,0.0,605,0.01
0,4,0.1,18,50,0,213.5016413331112,213.5016413331112,0.0,605,0.01
0,4,0.1,21,50,0,263.3033042646749,263.3033042646749,0.0,605,0.01
0,4,0.1,24,50,0,46.79373912268485,46.79373912268485,0.0,605,0.01
0,4,0.1,27,50,0,661.6396249357855,661.6396249357855,0.0,605,0.01
0,4,0.1,12,5,1,4.879641992494628,33.47619011750247,1.925762588392327,605,0.01
0,4,0.1,15,5,1,42.33569705634256,217.4848552286685,1.6364985847635127,605,0.01
0,4,0.1,12,20,1,34.01965049662024,101.2796613312378,1.0909473010574025,605,0.01
0,4,0.1,15,20,1,312.5849123217653,698.1636958172628,0.8035774447976717,605,0.01
0,4,0.1,12,50,1,40.4876007412083,50.69182784225261,0.2247689383622909,605,0.01
0,4,0.1,15,50,1,271.0914349925949,224.9738851720961,-0.1864718329038307,605,0.01
0,4,0.25,0,5,0,1.6315340131417222,1.6315340131417222,0.0,605,0.01
0,4,0.25,3,5,0,3.8639617294932815,3.8639617294932815,0.0,605,0.01
0,4,0.25,6,5,0,1.5905137967431755,1.5905137967431755,0.0,605,0.01
0,4,0.25,9,5,0,5.812606563558721,5.812606563558721,0.0,605,0.01
0,4,0.25,18,5,0,18.126280222128017,18.126280222128017,0.0,605,0.01
0,4,0.25,21,5,0,12.319454439085776,12.319454439085776,0.0,605,0.01
0,4,0.25,24,5,0,4.590498054911058,4.590498054911058,0.0,605,0.01
0,4,0.25,27,5,0,61.93801631699444,61.93801631699444,0.0,605,0.01
0,4,0.25,0,20,0,3.843599978828456,3.843599978828456,0.0,605,0.01
0,4,0.25,3,20,0,25.39554179682508,25.39554179682508,0.0,605,0.01
0,4,0.25,6,20,0,4.435758808497541,4.435758808497541,0.0,605,0.01
0,4,0.25,9,20,0,51.89257363053475,51.89257363053475,0.0,605,0.01
0,4,0.25,18,20,0,151.2927317785235,151.2927317785235,0.0,605,0.01
0,4,0.25,21,20,0,130.8276462764705,130.8276462764705,0.0,605,0.01
0,4,0.25,24,20,0,25.69379948238136,25.69379948238136,0.0,605,0.01
0,4,0.25,27,20,0,455.0509316276604,455.0509316276604,0.0,605,0.01
0,4,0.25,0,50,0,8.99349298283899,8.99349298283899,0.0,605,0.01
0,4,0.25,3,50,0,36.44597663126495,36.44597663126495,0.0,605,0.01
0,4,0.25,6,50,0,9.589794156766166,9.589794156766166,0.0,605,0.01
0,4,0.25,9,50,0,84.99758421519712,84.99758421519712,0.0,605,0.01
0,4,0.25,18,50,0,213.5016413331112,213.5016413331112,0.0,605,0.01
0,4,0.25,21,50,0,263.3033042646749,263.3033042646749,0.0,605,0.01
0,4,0.25,24,50,0,46.79373912268485,46.79373912268485,0.0,605,0.01
0,4,0.25,27,50,0,661.6396249357855,661.6396249357855,0.0,605,0.01
0,4,0.25,12,5,1,4.879641992494628,33.47619011750247,1.925762588392327,605,0.01
0,4,0.25,15,5,1,42.33569705634256,217.4848552286685,1.6364985847635127,605,0.01
0,4,0.25,12,20,1,34.01965049662024,101.2796613312378,1.0909473010574025,605,0.01
0,4,0.25,15,20,1,312.5849123217653,698.1636958172628,0.8035774447976717,605,0.01
0,4,0.25,12,50,1,40.4876007412083,50.69182784225261,0.2247689383622909,605,0.01
0,4,0.25,15,50,1,271.0914349925949,224.9738851720961,-0.1864718329038307,605,0.01
0,5,0.0,3,5,0,3.8639617294932815,3.8639617294932815,0.0,605,0.01
0,5,0.0,6,5,0,1.5905137967431755,1.5905137967431755,0.0,605,0.01
0,5,0.0,3,20,0,25.39554179682508,25.39554179682508,0.0,605,0.01
0,5,0.0,6,20,0,4.435758808497541,4.435758808497541,0.0,605,0.01
0,5,0.0,3,50,0,36.44597663126495,36.44597663126495,0.0,605,0.01
0,5,0.0,6,50,0,9.589794156766166,9.589794156766166,0.0,605,0.01
0,5,0.0,0,5,1,1.6315340131417222,4.404022157708256,0.9929975655097104,605,0.01
0,5,0.0,12,5,1,4.879641992494628,7.0276372289524485,0.3647786960488927,605,0.01
0,5,0.0,15,5,1,42.33569705634256,6.215815943108401,-1.9185336297633973,605,0.01
0,5,0.0,18,5,1,18.126280222128017,4.186961465904676,-1.4653875474676032,605,0.01
0,5,0.0,0,20,1,3.843599978828456,24.37860007322829,1.8472962793772452,605,0.01
0,5,0.0,12,20,1,34.01965049662024,22.95955418582969,-0.3932041591776171,605,0.01
0,5,0.0,15,20,1,312.5849123217653,24.08979041024332,-2.5630880353886107,605,0.01
0,5,0.0,18,20,1,151.2927317785235,12.5453283000394,-2.4898682318961805,605,0.01
0,5,0.0,0,50,1,8.99349298283899,43.33373515161109,1.5724301205364528,605,0.01
0,5,0.0,12,50,1,40.4876007412083,17.51312762435164,-0.8380450230289926,605,0.01
0,5,0.0,15,50,1,271.0914349925949,29.17704209569008,-2.2290739920362985,605,0.01
0,5,0.0,18,50,1,213.5016413331112,14.206551973067937,-2.7099412556360147,605,0.01
0,5,0.0,9,5,2,5.812606563558721,7.388298288223131,0.239868331952876,605,0.01
0,5,0.0,21,5,2,12.319454439085776,3.45193411254527,-1.2722449882922906,605,0.01
0,5,0.0,24,5,2,4.590498054911058,3.0284180343524936,-0.4159481445756369,605,0.01
0,5,0.0,27,5,2,61.93801631699444,19.91788395948385,-1.1345161285718135,605,0.01
0,5,0.0,9,20,2,51.89257363053475,45.554958994557566,-0.1302562029280962,605,0.01
0,5,0.0,21,20,2,130.8276462764705,18.80648513574752,-1.9396790152769856,605,0.01
0,5,0.0,24,20,2,25.69379948238136,11.406349845367467,-0.8120794932041197,605,0.01
0,5,0.0,27,20,2,455.0509316276604,120.73593540048805,-1.3268035415954935,605,0.01
0,5,0.0,9,50,2,84.99758421519712,88.94778513243543,0.0454266785718247,605,0.01
0,5,0.0,21,50,2,263.3033042646749,24.39909237866981,-2.3787606818407845,605,0.01
0,5,0.0,24,50,2,46.79373912268485,3.358006016026781,-2.6344020643402195,605,0.01
0,5,0.0,27,50,2,661.6396249357855,140.22197339947405,-1.551494343228665,605,0.01
0,5,0.1,3,5,0,3.8639617294932815,3.8639617294932815,0.0,605,0.01
0,5,0.1,6,5,0,1.5905137967431755,1.5905137967431755,0.0,605,0.01
0,5,0.1,3,20,0,25.39554179682508,25.39554179682508,0.0,605,0.01
0,5,0.1,6,20,0,4.435758808497541,4.435758808497541,0.0,605,0.01
0,5,0.1,3,50,0,36.44597663126495,36.44597663126495,0.0,605,0.01
0,5,0.1,6,50,0,9.589794156766166,9.589794156766166,0.0,605,0.01
0,5,0.1,0,5,1,1.6315340131417222,4.404022157708256,0.9929975655097104,605,0.01
0,5,0.1,12,5,1,4.879641992494628,7.0276372289524485,0.3647786960488927,605,0.01
0,5,0.1,15,5,1,42.33569705634256,6.215815943108401,-1.9185336297633973,605,0.01
0,5,0.1,18,5,1,18.126280222128017,4.186961465904676,-1.4653875474676032,605,0.01
0,5,0.1,0,20,1,3.843599978828456,24.37860007322829,1.8472962793772452,605,0.01
0,5,0.1,12,20,1,34.01965049662024,22.95955418582969,-0.3932041591776171,605,0.01
0,5,0.1,15,20,1,312.5849123217653,24.08979041024332,-2.5630880353886107,605,0.01
0,5,0.1,18,20,1,151.2927317785235,12.5453283000394,-2.4898682318961805,605,0.01
0,5,0.1,0,50,1,8.99349298283899,43.33373515161109,1.5724301205364528,605,0.01
0,5,0.1,12,50,1,40.4876007412083,17.51312762435164,-0.8380450230289926,605,0.01
0,5,0.1,15,50,1,271.0914349925949,29.17704209569008,-2.2290739920362985,605,0.01
0,5,0.1,18,50,1,213.5016413331112,14.206551973067937,-2.7099412556360147,605,0.01
0,5,0.1,9,5,2,5.812606563558721,7.388298288223131,0.239868331952876,605,0.01
0,5,0.1,21,5,2,12.319454439085776,3.45193411254527,-1.2722449882922906,605,0.01
0,5,0.1,24,5,2,4.590498054911058,3.0284180343524936,-0.4159481445756369,605,0.01
0,5,0.1,27,5,2,61.93801631699444,19.91788395948385,-1.1345161285718135,605,0.01
0,5,0.1,9,20,2,51.89257363053475,45.554958994557566,-0.1302562029280962,605,0.01
0,5,0.1,21,20,2,130.8276462764705,18.80648513574752,-1.9396790152769856,605,0.01
0,5,0.1,24,20,2,25.69379948238136,11.406349845367467,-0.8120794932041197,605,0.01
0,5,0.1,27,20,2,455.0509316276604,120.73593540048805,-1.3268035415954935,605,0.01
0,5,0.1,9,50,2,84.99758421519712,88.94778513243543,0.0454266785718247,605,0.01
0,5,0.1,21,50,2,263.3033042646749,24.39909237866981,-2.3787606818407845,605,0.01
0,5,0.1,24,50,2,46.79373912268485,3.358006016026781,-2.6344020643402195,605,0.01
0,5,0.1,27,50,2,661.6396249357855,140.22197339947405,-1.551494343228665,605,0.01
0,5,0.25,0,5,0,1.6315340131417222,1.6315340131417222,0.0,605,0.01
0,5,0.25,3,5,0,3.8639617294932815,3.8639617294932815,0.0,605,0.01
0,5,0.25,6,5,0,1.5905137967431755,1.5905137967431755,0.0,605,0.01
0,5,0.25,9,5,0,5.812606563558721,5.812606563558721,0.0,605,0.01
0,5,0.25,0,20,0,3.843599978828456,3.843599978828456,0.0,605,0.01
0,5,0.25,3,20,0,25.39554179682508,25.39554179682508,0.0,605,0.01
0,5,0.25,6,20,0,4.435758808497541,4.435758808497541,0.0,605,0.01
0,5,0.25,9,20,0,51.89257363053475,51.89257363053475,0.0,605,0.01
0,5,0.25,0,50,0,8.99349298283899,8.99349298283899,0.0,605,0.01
0,5,0.25,3,50,0,36.44597663126495,36.44597663126495,0.0,605,0.01
0,5,0.25,6,50,0,9.589794156766166,9.589794156766166,0.0,605,0.01
0,5,0.25,9,50,0,84.99758421519712,84.99758421519712,0.0,605,0.01
0,5,0.25,12,5,1,4.879641992494628,7.0276372289524485,0.3647786960488927,605,0.01
0,5,0.25,15,5,1,42.33569705634256,6.215815943108401,-1.9185336297633973,605,0.01
0,5,0.25,18,5,1,18.126280222128017,4.186961465904676,-1.4653875474676032,605,0.01
0,5,0.25,12,20,1,34.01965049662024,22.95955418582969,-0.3932041591776171,605,0.01
0,5,0.25,15,20,1,312.5849123217653,24.08979041024332,-2.5630880353886107,605,0.01
0,5,0.25,18,20,1,151.2927317785235,12.5453283000394,-2.4898682318961805,605,0.01
0,5,0.25,12,50,1,40.4876007412083,17.51312762435164,-0.8380450230289926,605,0.01
0,5,0.25,15,50,1,271.0914349925949,29.17704209569008,-2.2290739920362985,605,0.01
0,5,0.25,18,50,1,213.5016413331112,14.206551973067937,-2.7099412556360147,605,0.01
0,5,0.25,21,5,2,12.319454439085776,3.45193411254527,-1.2722449882922906,605,0.01
0,5,0.25,24,5,2,4.590498054911058,3.0284180343524936,-0.4159481445756369,605,0.01
0,5,0.25,27,5,2,61.93801631699444,19.91788395948385,-1.1345161285718135,605,0.01
0,5,0.25,21,20,2,130.8276462764705,18.80648513574752,-1.9396790152769856,605,0.01
0,5,0.25,24,20,2,25.69379948238136,11.406349845367467,-0.8120794932041197,605,0.01
0,5,0.25,27,20,2,455.0509316276604,120.73593540048805,-1.3268035415954935,605,0.01
0,5,0.25,21,50,2,263.3033042646749,24.39909237866981,-2.3787606818407845,605,0.01
0,5,0.25,24,50,2,46.79373912268485,3.358006016026781,-2.6344020643402195,605,0.01
0,5,0.25,27,50,2,661.6396249357855,140.22197339947405,-1.551494343228665,605,0.01
1,0,0.0,7,5,0,2.462840042406945,2.462840042406945,0.0,605,0.01
1,0,0.0,7,20,0,7.639366010547151,7.639366010547151,0.0,605,0.01
1,0,0.0,7,50,0,13.2627992234251,13.2627992234251,0.0,605,0.01
1,0,0.0,10,5,1,16.932418732532497,3.387927375192832,-1.6090117119327576,605,0.01
1,0,0.0,13,5,1,2.1326567649775825,7.450927958348354,1.250970072821524,605,0.01
1,0,0.0,16,5,1,6.095844383629177,1.145590485386096,-1.6716870786031854,605,0.01
1,0,0.0,19,5,1,35.37327983370091,4.887519628018159,-1.9792717869057133,605,0.01
1,0,0.0,10,20,1,113.13264662290854,10.275798006115158,-2.3987695719970703,605,0.01
1,0,0.0,13,20,1,7.841124160136863,35.32731988388805,1.5052743871383971,605,0.01
1,0,0.0,16,20,1,43.10388740840455,1.419733531282042,-3.413143988155744,605,0.01
1,0,0.0,19,20,1,405.05382150152127,15.339685560045227,-3.273576653185807,605,0.01
1,0,0.0,10,50,1,168.6956667004653,15.58621985715244,-2.3817091214107937,605,0.01
1,0,0.0,13,50,1,29.109718098033888,39.63990742921431,0.3087643004861355,605,0.01
1,0,0.0,16,50,1,39.11974081690317,2.760230896851157,-2.651312885300578,605,0.01
1,0,0.0,19,50,1,642.0552298302306,36.83221469957924,-2.858301466081384,605,0.01
1,0,0.0,1,5,2,2.2068131800050583,1.628055808344444,-0.3041629275467432,605,0.01
1,0,0.0,4,5,2,2.938994920501491,3.710470051503684,0.2330909079854319,605,0.01
1,0,0.0,22,5,2,19.551182460036944,5.791179188461648,-1.2166998381500185,605,0.01
1,0,0.0,25,5,2,18.799198991836725,10.780985561683892,-0.5560302757921143,605,0.01
1,0,0.0,28,5,2,6.104214678136718,3.6289625261788,-0.5200326614723165,605,0.01
1,0,0.0,1,20,2,7.734130364057444,7.689553553502602,-0.0057803226401966,605,0.01
1,0,0.0,4,20,2,12.536127390679637,10.992598205245027,-0.1313925111162081,605,0.01
1,0,0.0,22,20,2,203.6299963802158,39.24606600787295,-1.6464533936797747,605,0.01
1,0,0.0,25,20,2,139.06920125290972,69.07879342059772,-0.6997238732656449,605,0.01
1,0,0.0,28,20,2,51.05755576332442,16.63650786334303,-1.121353991388986,605,0.01
1,0,0.0,1,50,2,8.155462945381865,10.916895989714632,0.2916236771350422,605,0.01
1,0,0.0,4,50,2,24.544551790532264,8.789162595481715,-1.0269704673238742,605,0.01
1,0,0.0,22,50,2,494.10858115111375,73.71750747515735,-1.9025149714069995,605,0.01
1,0,0.0,25,50,2,117.36317530255842,37.30786897971527,-1.146068920553826,605,0.01
1,0,0.0,28,50,2,143.57030011350085,29.731739425905683,-1.5746096687720996,605,0.01
1,0,0.1,7,5,0,2.462840042406945,2.462840042406945,0.0,605,0.01
1,0,0.1,7,20,0,7.639366010547151,7.639366010547151,0.0,605,0.01
1,0,0.1,7,50,0,13.2627992234251,13.2627992234251,0.0,605,0.01
1,0,0.1,10,5,1,16.932418732532497,3.387927375192832,-1.6090117119327576,605,0.01
1,0,0.1,13,5,1,2.1326567649775825,7.450927958348354,1.250970072821524,605,0.01
1,0,0.1,16,5,1,6.095844383629177,1.145590485386096,-1.6716870786031854,605,0.01
1,0,0.1,19,5,1,35.37327983370091,4.887519628018159,-1.9792717869057133,605,0.01
1,0,0.1,10,20,1,113.13264662290854,10.275798006115158,-2.3987695719970703,605,0.01
1,0,0.1,13,20,1,7.841124160136863,35.32731988388805,1.5052743871383971,605,0.01
1,0,0.1,16,20,1,43.10388740840455,1.419733531282042,-3.413143988155744,605,0.01
1,0,0.1,19,20,1,405.05382150152127,15.339685560045227,-3.273576653185807,605,0.01
1,0,0.1,10,50,1,168.6956667004653,15.58621985715244,-2.3817091214107937,605,0.01
1,0,0.1,13,50,1,29.109718098033888,39.63990742921431,0.3087643004861355,605,0.01
1,0,0.1,16,50,1,39.11974081690317,2.760230896851157,-2.651312885300578,605,0.01
1,0,0.1,19,50,1,642.0552298302306,36.83221469957924,-2.858301466081384,605,0.01
1,0,0.1,1,5,2,2.2068131800050583,1.628055808344444,-0.3041629275467432,605,0.01
1,0,0.1,4,5,2,2.938994920501491,3.710470051503684,0.2330909079854319,605,0.01
1,0,0.1,22,5,2,19.551182460036944,5.791179188461648,-1.2166998381500185,605,0.01
1,0,0.1,25,5,2,18.799198991836725,10.780985561683892,-0.5560302757921143,605,0.01
1,0,0.1,28,5,2,6.104214678136718,3.6289625261788,-0.5200326614723165,605,0.01
1,0,0.1,1,20,2,7.734130364057444,7.689553553502602,-0.0057803226401966,605,0.01
1,0,0.1,4,20,2,12.536127390679637,10.992598205245027,-0.1313925111162081,605,0.01
1,0,0.1,22,20,2,203.6299963802158,39.24606600787295,-1.6464533936797747,605,0.01
1,0,0.1,25,20,2,139.06920125290972,69.07879342059772,-0.6997238732656449,605,0.01
1,0,0.1,28,20,2,51.05755576332442,16.63650786334303,-1.121353991388986,605,0.01
1,0,0.1,1,50,2,8.155462945381865,10.916895989714632,0.2916236771350422,605,0.01
1,0,0.1,4,50,2,24.544551790532264,8.789162595481715,-1.0269704673238742,605,0.01
1,0,0.1,22,50,2,494.10858115111375,73.71750747515735,-1.9025149714069995,605,0.01
1,0,0.1,25,50,2,117.36317530255842,37.30786897971527,-1.146068920553826,605,0.01
1,0,0.1,28,50,2,143.57030011350085,29.731739425905683,-1.5746096687720996,605,0.01
1,0,0.25,7,5,0,2.462840042406945,2.462840042406945,0.0,605,0.01
1,0,0.25,7,20,0,7.639366010547151,7.639366010547151,0.0,605,0.01
1,0,0.25,7,50,0,13.2627992234251,13.2627992234251,0.0,605,0.01
1,0,0.25,10,5,1,16.932418732532497,3.387927375192832,-1.6090117119327576,605,0.01
1,0,0.25,13,5,1,2.1326567649775825,7.450927958348354,1.250970072821524,605,0.01
1,0,0.25,16,5,1,6.095844383629177,1.145590485386096,-1.6716870786031854,605,0.01
1,0,0.25,19,5,1,35.37327983370091,4.887519628018159,-1.9792717869057133,605,0.01
1,0,0.25,10,20,1,113.13264662290854,10.275798006115158,-2.3987695719970703,605,0.01
1,0,0.25,13,20,1,7.841124160136863,35.32731988388805,1.5052743871383971,605,0.01
1,0,0.25,16,20,1,43.10388740840455,1.419733531282042,-3.413143988155744,605,0.01
1,0,0.25,19,20,1,405.05382150152127,15.339685560045227,-3.273576653185807,605,0.01
1,0,0.25,10,50,1,168.6956667004653,15.58621985715244,-2.3817091214107937,605,0.01
1,0,0.25,13,50,1,29.109718098033888,39.63990742921431,0.3087643004861355,605,0.01
1,0,0.25,16,50,1,39.11974081690317,2.760230896851157,-2.651312885300578,605,0.01
1,0,0.25,19,50,1,642.0552298302306,36.83221469957924,-2.858301466081384,605,0.01
1,0,0.25,1,5,2,2.2068131800050583,1.628055808344444,-0.3041629275467432,605,0.01
1,0,0.25,4,5,2,2.938994920501491,3.710470051503684,0.2330909079854319,605,0.01
1,0,0.25,22,5,2,19.551182460036944,5.791179188461648,-1.2166998381500185,605,0.01
1,0,0.25,25,5,2,18.799198991836725,10.780985561683892,-0.5560302757921143,605,0.01
1,0,0.25,28,5,2,6.104214678136718,3.6289625261788,-0.5200326614723165,605,0.01
1,0,0.25,1,20,2,7.734130364057444,7.689553553502602,-0.0057803226401966,605,0.01
1,0,0.25,4,20,2,12.536127390679637,10.992598205245027,-0.1313925111162081,605,0.01
1,0,0.25,22,20,2,203.6299963802158,39.24606600787295,-1.6464533936797747,605,0.01
1,0,0.25,25,20,2,139.06920125290972,69.07879342059772,-0.6997238732656449,605,0.01
1,0,0.25,28,20,2,51.05755576332442,16.63650786334303,-1.121353991388986,605,0.01
1,0,0.25,1,50,2,8.155462945381865,10.916895989714632,0.2916236771350422,605,0.01
1,0,0.25,4,50,2,24.544551790532264,8.789162595481715,-1.0269704673238742,605,0.01
1,0,0.25,22,50,2,494.10858115111375,73.71750747515735,-1.9025149714069995,605,0.01
1,0,0.25,25,50,2,117.36317530255842,37.30786897971527,-1.146068920553826,605,0.01
1,0,0.25,28,50,2,143.57030011350085,29.731739425905683,-1.5746096687720996,605,0.01
1,1,0.0,1,5,0,2.2068131800050583,2.2068131800050583,0.0,605,0.01
1,1,0.0,7,5,0,2.462840042406945,2.462840042406945,0.0,605,0.01
1,1,0.0,16,5,0,6.095844383629177,6.095844383629177,0.0,605,0.01
1,1,0.0,28,5,0,6.104214678136718,6.104214678136718,0.0,605,0.01
1,1,0.0,1,20,0,7.734130364057444,7.734130364057444,0.0,605,0.01
1,1,0.0,7,20,0,7.639366010547151,7.639366010547151,0.0,605,0.01
1,1,0.0,16,20,0,43.10388740840455,43.10388740840455,0.0,605,0.01
1,1,0.0,28,20,0,51.05755576332442,51.05755576332442,0.0,605,0.01
1,1,0.0,1,50,0,8.155462945381865,8.155462945381865,0.0,605,0.01
1,1,0.0,7,50,0,13.2627992234251,13.2627992234251,0.0,605,0.01
1,1,0.0,16,50,0,39.11974081690317,39.11974081690317,0.0,605,0.01
1,1,0.0,28,50,0,143.57030011350085,143.57030011350085,0.0,605,0.01
1,1,0.0,10,5,1,16.932418732532497,10.305906922946866,-0.4965128340801888,605,0.01
1,1,0.0,13,5,1,2.1326567649775825,3.612087443532937,0.5269173344539345,605,0.01
1,1,0.0,10,20,1,113.13264662290854,76.11962994417104,-0.39625481325583,605,0.01
1,1,0.0,13,20,1,7.841124160136863,26.964869597473434,1.2351526809295803,605,0.01
1,1,0.0,10,50,1,168.6956667004653,109.0816388660886,-0.4359997204930598,605,0.01
1,1,0.0,13,50,1,29.109718098033888,39.580054510089866,0.3072532437007566,605,0.01
1,1,0.0,4,5,2,2.938994920501491,2.0819718548207096,-0.3447522073632375,605,0.01
1,1,0.0,19,5,2,35.37327983370091,83.75432571538504,0.8619310915323707,605,0.01
1,1,0.0,22,5,2,19.551182460036944,12.891756695966883,-0.4164476771981775,605,0.01
1,1,0.0,25,5,2,18.799198991836725,41.45900421421546,0.7908908266201355,605,0.01
1,1,0.0,4,20,2,12.536127390679637,4.8305608902031,-0.953652079731547,605,0.01
1,1,0.0,19,20,2,405.05382150152127,671.9729077189753,0.5061980729426109,605,0.01
1,1,0.0,22,20,2,203.6299963802158,41.426861906345,-1.5923750950419349,605,0.01
1,1,0.0,25,20,2,139.06920125290972,311.09725074171183,0.8051339066628016,605,0.01
1,1,0.0,4,50,2,24.544551790532264,6.4731913273637405,-1.3328206697354374,605,0.01
1,1,0.0,19,50,2,642.0552298302306,411.0121475200678,-0.4460515576933677,605,0.01
1,1,0.0,22,50,2,494.10858115111375,97.45013974849336,-1.623414432930669,605,0.01
1,1,0.0,25,50,2,117.36317530255842,127.06243698058024,0.0794054058592998,605,0.01
1,1,0.1,1,5,0,2.2068131800050583,2.2068131800050583,0.0,605,0.01
1,1,0.1,7,5,0,2.462840042406945,2.462840042406945,0.0,605,0.01
1,1,0.1,16,5,0,6.095844383629177,6.095844383629177,0.0,605,0.01
1,1,0.1,28,5,0,6.104214678136718,6.104214678136718,0.0,605,0.01
1,1,0.1,1,20,0,7.734130364057444,7.734130364057444,0.0,605,0.01
1,1,0.1,7,20,0,7.639366010547151,7.639366010547151,0.0,605,0.01
1,1,0.1,16,20,0,43.10388740840455,43.10388740840455,0.0,605,0.01
1,1,0.1,28,20,0,51.05755576332442,51.05755576332442,0.0,605,0.01
1,1,0.1,1,50,0,8.155462945381865,8.155462945381865,0.0,605,0.01
1,1,0.1,7,50,0,13.2627992234251,13.2627992234251,0.0,605,0.01
1,1,0.1,16,50,0,39.11974081690317,39.11974081690317,0.0,605,0.01
1,1,0.1,28,50,0,143.57030011350085,143.57030011350085,0.0,605,0.01
1,1,0.1,10,5,1,16.932418732532497,10.305906922946866,-0.4965128340801888,605,0.01
1,1,0.1,13,5,1,2.1326567649775825,3.612087443532937,0.5269173344539345,605,0.01
1,1,0.1,10,20,1,113.13264662290854,76.11962994417104,-0.39625481325583,605,0.01
1,1,0.1,13,20,1,7.841124160136863,26.964869597473434,1.2351526809295803,605,0.01
1,1,0.1,10,50,1,168.6956667004653,109.0816388660886,-0.4359997204930598,605,0.01
1,1,0.1,13,50,1,29.109718098033888,39.580054510089866,0.3072532437007566,605,0.01
1,1,0.1,4,5,2,2.938994920501491,2.0819718548207096,-0.3447522073632375,605,0.01
1,1,0.1,19,5,2,35.37327983370091,83.75432571538504,0.8619310915323707,605,0.01
1,1,0.1,22,5,2,19.551182460036944,12.891756695966883,-0.4164476771981775,605,0.01
1,1,0.1,25,5,2,18.799198991836725,41.45900421421546,0.7908908266201355,605,0.01
1,1,0.1,4,20,2,12.536127390679637,4.8305608902031,-0.953652079731547,605,0.01
1,1,0.1,19,20,2,405.05382150152127,671.9729077189753,0.5061980729426109,605,0.01
1,1,0.1,22,20,2,203.6299963802158,41.426861906345,-1.5923750950419349,605,0.01
1,1,0.1,25,20,2,139.06920125290972,311.09725074171183,0.8051339066628016,605,0.01
1,1,0.1,4,50,2,24.544551790532264,6.4731913273637405,-1.3328206697354374,605,0.01
1,1,0.1,19,50,2,642.0552298302306,411.0121475200678,-0.4460515576933677,605,0.01
1,1,0.1,22,50,2,494.10858115111375,97.45013974849336,-1.623414432930669,605,0.01
1,1,0.1,25,50,2,117.36317530255842,127.06243698058024,0.0794054058592998,605,0.01
1,1,0.25,1,5,0,2.2068131800050583,2.2068131800050583,0.0,605,0.01
1,1,0.25,7,5,0,2.462840042406945,2.462840042406945,0.0,605,0.01
1,1,0.25,16,5,0,6.095844383629177,6.095844383629177,0.0,605,0.01
1,1,0.25,25,5,0,18.799198991836725,18.799198991836725,0.0,605,0.01
1,1,0.25,28,5,0,6.104214678136718,6.104214678136718,0.0,605,0.01
1,1,0.25,1,20,0,7.734130364057444,7.734130364057444,0.0,605,0.01
1,1,0.25,7,20,0,7.639366010547151,7.639366010547151,0.0,605,0.01
1,1,0.25,16,20,0,43.10388740840455,43.10388740840455,0.0,605,0.01
1,1,0.25,25,20,0,139.06920125290972,139.06920125290972,0.0,605,0.01
1,1,0.25,28,20,0,51.05755576332442,51.05755576332442,0.0,605,0.01
1,1,0.25,1,50,0,8.155462945381865,8.155462945381865,0.0,605,0.01
1,1,0.25,7,50,0,13.2627992234251,13.2627992234251,0.0,605,0.01
1,1,0.25,16,50,0,39.11974081690317,39.11974081690317,0.0,605,0.01
1,1,0.25,25,50,0,117.36317530255842,117.36317530255842,0.0,605,0.01
1,1,0.25,28,50,0,143.57030011350085,143.57030011350085,0.0,605,0.01
1,1,0.25,10,5,1,16.932418732532497,10.305906922946866,-0.4965128340801888,605,0.01
1,1,0.25,13,5,1,2.1326567649775825,3.612087443532937,0.5269173344539345,605,0.01
1,1,0.25,10,20,1,113.13264662290854,76.11962994417104,-0.39625481325583,605,0.01
1,1,0.25,13,20,1,7.841124160136863,26.964869597473434,1.2351526809295803,605,0.01
1,1,0.25,10,50,1,168.6956667004653,109.0816388660886,-0.4359997204930598,605,0.01
1,1,0.25,13,50,1,29.109718098033888,39.580054510089866,0.3072532437007566,605,0.01
1,1,0.25,4,5,2,2.938994920501491,2.0819718548207096,-0.3447522073632375,605,0.01
1,1,0.25,19,5,2,35.37327983370091,83.75432571538504,0.8619310915323707,605,0.01
1,1,0.25,22,5,2,19.551182460036944,12.891756695966883,-0.4164476771981775,605,0.01
1,1,0.25,4,20,2,12.536127390679637,4.8305608902031,-0.953652079731547,605,0.01
1,1,0.25,19,20,2,405.05382150152127,671.9729077189753,0.5061980729426109,605,0.01
1,1,0.25,22,20,2,203.6299963802158,41.426861906345,-1.5923750950419349,605,0.01
1,1,0.25,4,50,2,24.544551790532264,6.4731913273637405,-1.3328206697354374,605,0.01
1,1,0.25,19,50,2,642.0552298302306,411.0121475200678,-0.4460515576933677,605,0.01
1,1,0.25,22,50,2,494.10858115111375,97.45013974849336,-1.623414432930669,605,0.01
1,2,0.0,1,5,0,2.2068131800050583,2.2068131800050583,0.0,605,0.01
1,2,0.0,7,5,0,2.462840042406945,2.462840042406945,0.0,605,0.01
1,2,0.0,16,5,0,6.095844383629177,6.095844383629177,0.0,605,0.01
1,2,0.0,28,5,0,6.104214678136718,6.104214678136718,0.0,605,0.01
1,2,0.0,1,20,0,7.734130364057444,7.734130364057444,0.0,605,0.01
1,2,0.0,7,20,0,7.639366010547151,7.639366010547151,0.0,605,0.01
1,2,0.0,16,20,0,43.10388740840455,43.10388740840455,0.0,605,0.01
1,2,0.0,28,20,0,51.05755576332442,51.05755576332442,0.0,605,0.01
1,2,0.0,1,50,0,8.155462945381865,8.155462945381865,0.0,605,0.01
1,2,0.0,7,50,0,13.2627992234251,13.2627992234251,0.0,605,0.01
1,2,0.0,16,50,0,39.11974081690317,39.11974081690317,0.0,605,0.01
1,2,0.0,28,50,0,143.57030011350085,143.57030011350085,0.0,605,0.01
1,2,0.0,10,5,1,16.932418732532497,10.305914594118873,-0.4965120897333584,605,0.01
1,2,0.0,13,5,1,2.1326567649775825,3.612082460586516,0.5269159549331073,605,0.01
1,2,0.0,10,20,1,113.13264662290854,76.11968633432538,-0.3962540724464817,605,0.01
1,2,0.0,13,20,1,7.841124160136863,26.964813531830195,1.2351506017167988,605,0.01
1,2,0.0,10,50,1,168.6956667004653,109.08169006868071,-0.4359992510961873,605,0.01
1,2,0.0,13,50,1,29.109718098033888,39.57996147736214,0.3072508932028046,605,0.01
1,2,0.0,4,5,2,2.938994920501491,2.081972526602673,-0.3447518846970817,605,0.01
1,2,0.0,19,5,2,35.37327983370091,83.75438206488744,0.8619317643272736,605,0.01
1,2,0.0,22,5,2,19.551182460036944,12.891762004436895,-0.4164472654258299,605,0.01
1,2,0.0,25,5,2,18.799198991836725,41.45903093795653,0.7908914712022465,605,0.01
1,2,0.0,4,20,2,12.536127390679637,4.830567000865708,-0.9536508147317092,605,0.01
1,2,0.0,19,20,2,405.05382150152127,671.9731471655117,0.506198429276164,605,0.01
1,2,0.0,22,20,2,203.6299963802158,41.42683375487661,-1.5923757745884095,605,0.01
1,2,0.0,25,20,2,139.06920125290972,311.09726138027963,0.805133940859721,605,0.01
1,2,0.0,4,50,2,24.544551790532264,6.473206103456195,-1.332818387078423,605,0.01
1,2,0.0,19,50,2,642.0552298302306,411.01245006789816,-0.446050821589287,605,0.01
1,2,0.0,22,50,2,494.10858115111375,97.44994269790148,-1.6234164549984835,605,0.01
1,2,0.0,25,50,2,117.36317530255842,127.06237429945487,0.0794049125495356,605,0.01
1,2,0.1,1,5,0,2.2068131800050583,2.2068131800050583,0.0,605,0.01
1,2,0.1,7,5,0,2.462840042406945,2.462840042406945,0.0,605,0.01
1,2,0.1,16,5,0,6.095844383629177,6.095844383629177,0.0,605,0.01
1,2,0.1,28,5,0,6.104214678136718,6.104214678136718,0.0,605,0.01
1,2,0.1,1,20,0,7.734130364057444,7.734130364057444,0.0,605,0.01
1,2,0.1,7,20,0,7.639366010547151,7.639366010547151,0.0,605,0.01
1,2,0.1,16,20,0,43.10388740840455,43.10388740840455,0.0,605,0.01
1,2,0.1,28,20,0,51.05755576332442,51.05755576332442,0.0,605,0.01
1,2,0.1,1,50,0,8.155462945381865,8.155462945381865,0.0,605,0.01
1,2,0.1,7,50,0,13.2627992234251,13.2627992234251,0.0,605,0.01
1,2,0.1,16,50,0,39.11974081690317,39.11974081690317,0.0,605,0.01
1,2,0.1,28,50,0,143.57030011350085,143.57030011350085,0.0,605,0.01
1,2,0.1,10,5,1,16.932418732532497,10.305914594118873,-0.4965120897333584,605,0.01
1,2,0.1,13,5,1,2.1326567649775825,3.612082460586516,0.5269159549331073,605,0.01
1,2,0.1,10,20,1,113.13264662290854,76.11968633432538,-0.3962540724464817,605,0.01
1,2,0.1,13,20,1,7.841124160136863,26.964813531830195,1.2351506017167988,605,0.01
1,2,0.1,10,50,1,168.6956667004653,109.08169006868071,-0.4359992510961873,605,0.01
1,2,0.1,13,50,1,29.109718098033888,39.57996147736214,0.3072508932028046,605,0.01
1,2,0.1,4,5,2,2.938994920501491,2.081972526602673,-0.3447518846970817,605,0.01
1,2,0.1,19,5,2,35.37327983370091,83.75438206488744,0.8619317643272736,605,0.01
1,2,0.1,22,5,2,19.551182460036944,12.891762004436895,-0.4164472654258299,605,0.01
1,2,0.1,25,5,2,18.799198991836725,41.45903093795653,0.7908914712022465,605,0.01
1,2,0.1,4,20,2,12.536127390679637,4.830567000865708,-0.9536508147317092,605,0.01
1,2,0.1,19,20,2,405.05382150152127,671.9731471655117,0.506198429276164,605,0.01
1,2,0.1,22,20,2,203.6299963802158,41.42683375487661,-1.5923757745884095,605,0.01
1,2,0.1,25,20,2,139.06920125290972,311.09726138027963,0.805133940859721,605,0.01
1,2,0.1,4,50,2,24.544551790532264,6.473206103456195,-1.332818387078423,605,0.01
1,2,0.1,19,50,2,642.0552298302306,411.01245006789816,-0.446050821589287,605,0.01
1,2,0.1,22,50,2,494.10858115111375,97.44994269790148,-1.6234164549984835,605,0.01
1,2,0.1,25,50,2,117.36317530255842,127.06237429945487,0.0794049125495356,605,0.01
1,2,0.25,1,5,0,2.2068131800050583,2.2068131800050583,0.0,605,0.01
1,2,0.25,7,5,0,2.462840042406945,2.462840042406945,0.0,605,0.01
1,2,0.25,16,5,0,6.095844383629177,6.095844383629177,0.0,605,0.01
1,2,0.25,25,5,0,18.799198991836725,18.799198991836725,0.0,605,0.01
1,2,0.25,28,5,0,6.104214678136718,6.104214678136718,0.0,605,0.01
1,2,0.25,1,20,0,7.734130364057444,7.734130364057444,0.0,605,0.01
1,2,0.25,7,20,0,7.639366010547151,7.639366010547151,0.0,605,0.01
1,2,0.25,16,20,0,43.10388740840455,43.10388740840455,0.0,605,0.01
1,2,0.25,25,20,0,139.06920125290972,139.06920125290972,0.0,605,0.01
1,2,0.25,28,20,0,51.05755576332442,51.05755576332442,0.0,605,0.01
1,2,0.25,1,50,0,8.155462945381865,8.155462945381865,0.0,605,0.01
1,2,0.25,7,50,0,13.2627992234251,13.2627992234251,0.0,605,0.01
1,2,0.25,16,50,0,39.11974081690317,39.11974081690317,0.0,605,0.01
1,2,0.25,25,50,0,117.36317530255842,117.36317530255842,0.0,605,0.01
1,2,0.25,28,50,0,143.57030011350085,143.57030011350085,0.0,605,0.01
1,2,0.25,10,5,1,16.932418732532497,10.305914594118873,-0.4965120897333584,605,0.01
1,2,0.25,13,5,1,2.1326567649775825,3.612082460586516,0.5269159549331073,605,0.01
1,2,0.25,10,20,1,113.13264662290854,76.11968633432538,-0.3962540724464817,605,0.01
1,2,0.25,13,20,1,7.841124160136863,26.964813531830195,1.2351506017167988,605,0.01
1,2,0.25,10,50,1,168.6956667004653,109.08169006868071,-0.4359992510961873,605,0.01
1,2,0.25,13,50,1,29.109718098033888,39.57996147736214,0.3072508932028046,605,0.01
1,2,0.25,4,5,2,2.938994920501491,2.081972526602673,-0.3447518846970817,605,0.01
1,2,0.25,19,5,2,35.37327983370091,83.75438206488744,0.8619317643272736,605,0.01
1,2,0.25,22,5,2,19.551182460036944,12.891762004436895,-0.4164472654258299,605,0.01
1,2,0.25,4,20,2,12.536127390679637,4.830567000865708,-0.9536508147317092,605,0.01
1,2,0.25,19,20,2,405.05382150152127,671.9731471655117,0.506198429276164,605,0.01
1,2,0.25,22,20,2,203.6299963802158,41.42683375487661,-1.5923757745884095,605,0.01
1,2,0.25,4,50,2,24.544551790532264,6.473206103456195,-1.332818387078423,605,0.01
1,2,0.25,19,50,2,642.0552298302306,411.01245006789816,-0.446050821589287,605,0.01
1,2,0.25,22,50,2,494.10858115111375,97.44994269790148,-1.6234164549984835,605,0.01
1,3,0.0,1,5,0,2.2068131800050583,2.2068131800050583,0.0,605,0.01
1,3,0.0,7,5,0,2.462840042406945,2.462840042406945,0.0,605,0.01
1,3,0.0,16,5,0,6.095844383629177,6.095844383629177,0.0,605,0.01
1,3,0.0,28,5,0,6.104214678136718,6.104214678136718,0.0,605,0.01
1,3,0.0,1,20,0,7.734130364057444,7.734130364057444,0.0,605,0.01
1,3,0.0,7,20,0,7.639366010547151,7.639366010547151,0.0,605,0.01
1,3,0.0,16,20,0,43.10388740840455,43.10388740840455,0.0,605,0.01
1,3,0.0,28,20,0,51.05755576332442,51.05755576332442,0.0,605,0.01
1,3,0.0,1,50,0,8.155462945381865,8.155462945381865,0.0,605,0.01
1,3,0.0,7,50,0,13.2627992234251,13.2627992234251,0.0,605,0.01
1,3,0.0,16,50,0,39.11974081690317,39.11974081690317,0.0,605,0.01
1,3,0.0,28,50,0,143.57030011350085,143.57030011350085,0.0,605,0.01
1,3,0.0,10,5,1,16.932418732532497,10.305917077127086,-0.496511848802979,605,0.01
1,3,0.0,13,5,1,2.1326567649775825,3.6120826283031726,0.5269160013652291,605,0.01
1,3,0.0,10,20,1,113.13264662290854,76.1197301359768,-0.3962534970153294,605,0.01
1,3,0.0,13,20,1,7.841124160136863,26.96482019261824,1.2351508487345362,605,0.01
1,3,0.0,10,50,1,168.6956667004653,109.08179585454268,-0.4359982813109685,605,0.01
1,3,0.0,13,50,1,29.109718098033888,39.57998948499915,0.3072516008241884,605,0.01
1,3,0.0,4,5,2,2.938994920501491,2.081972366611176,-0.344751961543198,605,0.01
1,3,0.0,19,5,2,35.37327983370091,83.7543970665576,0.8619319434423055,605,0.01
1,3,0.0,22,5,2,19.551182460036944,12.891767706197816,-0.4164468231465157,605,0.01
1,3,0.0,25,5,2,18.799198991836725,41.45903227147616,0.7908915033670023,605,0.01
1,3,0.0,4,20,2,12.536127390679637,4.830570494639198,-0.953650091468327,605,0.01
1,3,0.0,19,20,2,405.05382150152127,671.9732194944934,0.5061985369128725,605,0.01
1,3,0.0,22,20,2,203.6299963802158,41.426844614766,-1.5923755124421872,605,0.01
1,3,0.0,25,20,2,139.06920125290972,311.0971612537965,0.8051336190102172,605,0.01
1,3,0.0,4,50,2,24.544551790532264,6.473211205033632,-1.3328175989719817,605,0.01
1,3,0.0,19,50,2,642.0552298302306,411.0124237572476,-0.4460508856035312,605,0.01
1,3,0.0,22,50,2,494.10858115111375,97.44996866895056,-1.6234161884919585,605,0.01
1,3,0.0,25,50,2,117.36317530255842,127.0623345439102,0.0794045996673694,605,0.01
1,3,0.1,1,5,0,2.2068131800050583,2.2068131800050583,0.0,605,0.01
1,3,0.1,7,5,0,2.462840042406945,2.462840042406945,0.0,605,0.01
1,3,0.1,16,5,0,6.095844383629177,6.095844383629177,0.0,605,0.01
1,3,0.1,28,5,0,6.104214678136718,6.104214678136718,0.0,605,0.01
1,3,0.1,1,20,0,7.734130364057444,7.734130364057444,0.0,605,0.01
1,3,0.1,7,20,0,7.639366010547151,7.639366010547151,0.0,605,0.01
1,3,0.1,16,20,0,43.10388740840455,43.10388740840455,0.0,605,0.01
1,3,0.1,28,20,0,51.05755576332442,51.05755576332442,0.0,605,0.01
1,3,0.1,1,50,0,8.155462945381865,8.155462945381865,0.0,605,0.01
1,3,0.1,7,50,0,13.2627992234251,13.2627992234251,0.0,605,0.01
1,3,0.1,16,50,0,39.11974081690317,39.11974081690317,0.0,605,0.01
1,3,0.1,28,50,0,143.57030011350085,143.57030011350085,0.0,605,0.01
1,3,0.1,10,5,1,16.932418732532497,10.305917077127086,-0.496511848802979,605,0.01
1,3,0.1,13,5,1,2.1326567649775825,3.6120826283031726,0.5269160013652291,605,0.01
1,3,0.1,10,20,1,113.13264662290854,76.1197301359768,-0.3962534970153294,605,0.01
1,3,0.1,13,20,1,7.841124160136863,26.96482019261824,1.2351508487345362,605,0.01
1,3,0.1,10,50,1,168.6956667004653,109.08179585454268,-0.4359982813109685,605,0.01
1,3,0.1,13,50,1,29.109718098033888,39.57998948499915,0.3072516008241884,605,0.01
1,3,0.1,4,5,2,2.938994920501491,2.081972366611176,-0.344751961543198,605,0.01
1,3,0.1,19,5,2,35.37327983370091,83.7543970665576,0.8619319434423055,605,0.01
1,3,0.1,22,5,2,19.551182460036944,12.891767706197816,-0.4164468231465157,605,0.01
1,3,0.1,25,5,2,18.799198991836725,41.45903227147616,0.7908915033670023,605,0.01
1,3,0.1,4,20,2,12.536127390679637,4.830570494639198,-0.953650091468327,605,0.01
1,3,0.1,19,20,2,405.05382150152127,671.9732194944934,0.5061985369128725,605,0.01
1,3,0.1,22,20,2,203.6299963802158,41.426844614766,-1.5923755124421872,605,0.01
1,3,0.1,25,20,2,139.06920125290972,311.0971612537965,0.8051336190102172,605,0.01
1,3,0.1,4,50,2,24.544551790532264,6.473211205033632,-1.3328175989719817,605,0.01
1,3,0.1,19,50,2,642.0552298302306,411.0124237572476,-0.4460508856035312,605,0.01
1,3,0.1,22,50,2,494.10858115111375,97.44996866895056,-1.6234161884919585,605,0.01
1,3,0.1,25,50,2,117.36317530255842,127.0623345439102,0.0794045996673694,605,0.01
1,3,0.25,1,5,0,2.2068131800050583,2.2068131800050583,0.0,605,0.01
1,3,0.25,7,5,0,2.462840042406945,2.462840042406945,0.0,605,0.01
1,3,0.25,16,5,0,6.095844383629177,6.095844383629177,0.0,605,0.01
1,3,0.25,25,5,0,18.799198991836725,18.799198991836725,0.0,605,0.01
1,3,0.25,28,5,0,6.104214678136718,6.104214678136718,0.0,605,0.01
1,3,0.25,1,20,0,7.734130364057444,7.734130364057444,0.0,605,0.01
1,3,0.25,7,20,0,7.639366010547151,7.639366010547151,0.0,605,0.01
1,3,0.25,16,20,0,43.10388740840455,43.10388740840455,0.0,605,0.01
1,3,0.25,25,20,0,139.06920125290972,139.06920125290972,0.0,605,0.01
1,3,0.25,28,20,0,51.05755576332442,51.05755576332442,0.0,605,0.01
1,3,0.25,1,50,0,8.155462945381865,8.155462945381865,0.0,605,0.01
1,3,0.25,7,50,0,13.2627992234251,13.2627992234251,0.0,605,0.01
1,3,0.25,16,50,0,39.11974081690317,39.11974081690317,0.0,605,0.01
1,3,0.25,25,50,0,117.36317530255842,117.36317530255842,0.0,605,0.01
1,3,0.25,28,50,0,143.57030011350085,143.57030011350085,0.0,605,0.01
1,3,0.25,10,5,1,16.932418732532497,10.305917077127086,-0.496511848802979,605,0.01
1,3,0.25,13,5,1,2.1326567649775825,3.6120826283031726,0.5269160013652291,605,0.01
1,3,0.25,10,20,1,113.13264662290854,76.1197301359768,-0.3962534970153294,605,0.01
1,3,0.25,13,20,1,7.841124160136863,26.96482019261824,1.2351508487345362,605,0.01
1,3,0.25,10,50,1,168.6956667004653,109.08179585454268,-0.4359982813109685,605,0.01
1,3,0.25,13,50,1,29.109718098033888,39.57998948499915,0.3072516008241884,605,0.01
1,3,0.25,4,5,2,2.938994920501491,2.081972366611176,-0.344751961543198,605,0.01
1,3,0.25,19,5,2,35.37327983370091,83.7543970665576,0.8619319434423055,605,0.01
1,3,0.25,22,5,2,19.551182460036944,12.891767706197816,-0.4164468231465157,605,0.01
1,3,0.25,4,20,2,12.536127390679637,4.830570494639198,-0.953650091468327,605,0.01
1,3,0.25,19,20,2,405.05382150152127,671.9732194944934,0.5061985369128725,605,0.01
1,3,0.25,22,20,2,203.6299963802158,41.426844614766,-1.5923755124421872,605,0.01
1,3,0.25,4,50,2,24.544551790532264,6.473211205033632,-1.3328175989719817,605,0.01
1,3,0.25,19,50,2,642.0552298302306,411.0124237572476,-0.4460508856035312,605,0.01
1,3,0.25,22,50,2,494.10858115111375,97.44996866895056,-1.6234161884919585,605,0.01
1,4,0.0,7,5,0,2.462840042406945,2.462840042406945,0.0,605,0.01
1,4,0.0,7,20,0,7.639366010547151,7.639366010547151,0.0,605,0.01
1,4,0.0,7,50,0,13.2627992234251,13.2627992234251,0.0,605,0.01
1,4,0.0,1,5,1,2.2068131800050583,1.628055734332572,-0.3041629730070238,605,0.01
1,4,0.0,4,5,1,2.938994920501491,3.710469879313669,0.2330908615789075,605,0.01
1,4,0.0,22,5,1,19.551182460036944,5.791180107550041,-1.216699679445152,605,0.01
1,4,0.0,25,5,1,18.799198991836725,10.780984537223604,-0.5560303708168531,605,0.01
1,4,0.0,28,5,1,6.104214678136718,3.628962518859168,-0.5200326634893205,605,0.01
1,4,0.0,1,20,1,7.734130364057444,7.689553372050106,-0.00578034623747,605,0.01
1,4,0.0,4,20,1,12.536127390679637,10.992598529580675,-0.131392481611296,605,0.01
1,4,0.0,22,20,1,203.6299963802158,39.24607726819989,-1.6464531067637478,605,0.01
1,4,0.0,25,20,1,139.06920125290972,69.07879331877812,-0.699723874739608,605,0.01
1,4,0.0,28,20,1,51.05755576332442,16.63650759431086,-1.121354007560179,605,0.01
1,4,0.0,1,50,1,8.155462945381865,10.91689668417959,0.2916237407488147,605,0.01
1,4,0.0,4,50,1,24.544551790532264,8.78916365607302,-1.0269703466535338,605,0.01
1,4,0.0,22,50,1,494.10858115111375,73.71753432857655,-1.9025146071324168,605,0.01
1,4,0.0,25,50,1,117.36317530255842,37.3078699171529,-1.1460688954267513,605,0.01
1,4,0.0,28,50,1,143.57030011350085,29.73173639998956,-1.5746097705460402,605,0.01
1,4,0.0,10,5,2,16.932418732532497,3.387930894411722,-1.6090106731805434,605,0.01
1,4,0.0,13,5,2,2.1326567649775825,7.450927142083246,1.2509699632693771,605,0.01
1,4,0.0,16,5,2,6.095844383629177,1.1455906867058894,-1.6716869028686814,605,0.01
1,4,0.0,19,5,2,35.37327983370091,4.887521722791036,-1.9792713583094956,605,0.01
1,4,0.0,10,20,2,113.13264662290854,10.275818708256129,-2.3987675573486604,605,0.01
1,4,0.0,13,20,2,7.841124160136863,35.327318557881135,1.505274349603511,605,0.01
1,4,0.0,16,20,2,43.10388740840455,1.4197341648288115,-3.4131435419124068,605,0.01
1,4,0.0,19,20,2,405.05382150152127,15.339699694935922,-3.273575731727272,605,0.01
1,4,0.0,10,50,2,168.6956667004653,15.586255542190775,-2.3817068318885224,605,0.01
1,4,0.0,13,50,2,29.109718098033888,39.63991122692425,0.3087643962913481,605,0.01
1,4,0.0,16,50,2,39.11974081690317,2.7602339156770266,-2.651311791615184,605,0.01
1,4,0.0,19,50,2,642.0552298302306,36.83224495147903,-2.85830064473823,605,0.01
1,4,0.1,7,5,0,2.462840042406945,2.462840042406945,0.0,605,0.01
1,4,0.1,7,20,0,7.639366010547151,7.639366010547151,0.0,605,0.01
1,4,0.1,7,50,0,13.2627992234251,13.2627992234251,0.0,605,0.01
1,4,0.1,1,5,1,2.2068131800050583,1.628055734332572,-0.3041629730070238,605,0.01
1,4,0.1,4,5,1,2.938994920501491,3.710469879313669,0.2330908615789075,605,0.01
1,4,0.1,22,5,1,19.551182460036944,5.791180107550041,-1.216699679445152,605,0.01
1,4,0.1,25,5,1,18.799198991836725,10.780984537223604,-0.5560303708168531,605,0.01
1,4,0.1,28,5,1,6.104214678136718,3.628962518859168,-0.5200326634893205,605,0.01
1,4,0.1,1,20,1,7.734130364057444,7.689553372050106,-0.00578034623747,605,0.01
1,4,0.1,4,20,1,12.536127390679637,10.992598529580675,-0.131392481611296,605,0.01
1,4,0.1,22,20,1,203.6299963802158,39.24607726819989,-1.6464531067637478,605,0.01
1,4,0.1,25,20,1,139.06920125290972,69.07879331877812,-0.699723874739608,605,0.01
1,4,0.1,28,20,1,51.05755576332442,16.63650759431086,-1.121354007560179,605,0.01
1,4,0.1,1,50,1,8.155462945381865,10.91689668417959,0.2916237407488147,605,0.01
1,4,0.1,4,50,1,24.544551790532264,8.78916365607302,-1.0269703466535338,605,0.01
1,4,0.1,22,50,1,494.10858115111375,73.71753432857655,-1.9025146071324168,605,0.01
1,4,0.1,25,50,1,117.36317530255842,37.3078699171529,-1.1460688954267513,605,0.01
1,4,0.1,28,50,1,143.57030011350085,29.73173639998956,-1.5746097705460402,605,0.01
1,4,0.1,10,5,2,16.932418732532497,3.387930894411722,-1.6090106731805434,605,0.01
1,4,0.1,13,5,2,2.1326567649775825,7.450927142083246,1.2509699632693771,605,0.01
1,4,0.1,16,5,2,6.095844383629177,1.1455906867058894,-1.6716869028686814,605,0.01
1,4,0.1,19,5,2,35.37327983370091,4.887521722791036,-1.9792713583094956,605,0.01
1,4,0.1,10,20,2,113.13264662290854,10.275818708256129,-2.3987675573486604,605,0.01
1,4,0.1,13,20,2,7.841124160136863,35.327318557881135,1.505274349603511,605,0.01
1,4,0.1,16,20,2,43.10388740840455,1.4197341648288115,-3.4131435419124068,605,0.01
1,4,0.1,19,20,2,405.05382150152127,15.339699694935922,-3.273575731727272,605,0.01
1,4,0.1,10,50,2,168.6956667004653,15.586255542190775,-2.3817068318885224,605,0.01
1,4,0.1,13,50,2,29.109718098033888,39.63991122692425,0.3087643962913481,605,0.01
1,4,0.1,16,50,2,39.11974081690317,2.7602339156770266,-2.651311791615184,605,0.01
1,4,0.1,19,50,2,642.0552298302306,36.83224495147903,-2.85830064473823,605,0.01
1,4,0.25,7,5,0,2.462840042406945,2.462840042406945,0.0,605,0.01
1,4,0.25,7,20,0,7.639366010547151,7.639366010547151,0.0,605,0.01
1,4,0.25,7,50,0,13.2627992234251,13.2627992234251,0.0,605,0.01
1,4,0.25,1,5,1,2.2068131800050583,1.628055734332572,-0.3041629730070238,605,0.01
1,4,0.25,4,5,1,2.938994920501491,3.710469879313669,0.2330908615789075,605,0.01
1,4,0.25,22,5,1,19.551182460036944,5.791180107550041,-1.216699679445152,605,0.01
1,4,0.25,25,5,1,18.799198991836725,10.780984537223604,-0.5560303708168531,605,0.01
1,4,0.25,28,5,1,6.104214678136718,3.628962518859168,-0.5200326634893205,605,0.01
1,4,0.25,1,20,1,7.734130364057444,7.689553372050106,-0.00578034623747,605,0.01
1,4,0.25,4,20,1,12.536127390679637,10.992598529580675,-0.131392481611296,605,0.01
1,4,0.25,22,20,1,203.6299963802158,39.24607726819989,-1.6464531067637478,605,0.01
1,4,0.25,25,20,1,139.06920125290972,69.07879331877812,-0.699723874739608,605,0.01
1,4,0.25,28,20,1,51.05755576332442,16.63650759431086,-1.121354007560179,605,0.01
1,4,0.25,1,50,1,8.155462945381865,10.91689668417959,0.2916237407488147,605,0.01
1,4,0.25,4,50,1,24.544551790532264,8.78916365607302,-1.0269703466535338,605,0.01
1,4,0.25,22,50,1,494.10858115111375,73.71753432857655,-1.9025146071324168,605,0.01
1,4,0.25,25,50,1,117.36317530255842,37.3078699171529,-1.1460688954267513,605,0.01
1,4,0.25,28,50,1,143.57030011350085,29.73173639998956,-1.5746097705460402,605,0.01
1,4,0.25,10,5,2,16.932418732532497,3.387930894411722,-1.6090106731805434,605,0.01
1,4,0.25,13,5,2,2.1326567649775825,7.450927142083246,1.2509699632693771,605,0.01
1,4,0.25,16,5,2,6.095844383629177,1.1455906867058894,-1.6716869028686814,605,0.01
1,4,0.25,19,5,2,35.37327983370091,4.887521722791036,-1.9792713583094956,605,0.01
1,4,0.25,10,20,2,113.13264662290854,10.275818708256129,-2.3987675573486604,605,0.01
1,4,0.25,13,20,2,7.841124160136863,35.327318557881135,1.505274349603511,605,0.01
1,4,0.25,16,20,2,43.10388740840455,1.4197341648288115,-3.4131435419124068,605,0.01
1,4,0.25,19,20,2,405.05382150152127,15.339699694935922,-3.273575731727272,605,0.01
1,4,0.25,10,50,2,168.6956667004653,15.586255542190775,-2.3817068318885224,605,0.01
1,4,0.25,13,50,2,29.109718098033888,39.63991122692425,0.3087643962913481,605,0.01
1,4,0.25,16,50,2,39.11974081690317,2.7602339156770266,-2.651311791615184,605,0.01
1,4,0.25,19,50,2,642.0552298302306,36.83224495147903,-2.85830064473823,605,0.01
1,5,0.0,1,5,0,2.2068131800050583,2.2068131800050583,0.0,605,0.01
1,5,0.0,4,5,0,2.938994920501491,2.938994920501491,0.0,605,0.01
1,5,0.0,7,5,0,2.462840042406945,2.462840042406945,0.0,605,0.01
1,5,0.0,25,5,0,18.799198991836725,18.799198991836725,0.0,605,0.01
1,5,0.0,28,5,0,6.104214678136718,6.104214678136718,0.0,605,0.01
1,5,0.0,1,20,0,7.734130364057444,7.734130364057444,0.0,605,0.01
1,5,0.0,4,20,0,12.536127390679637,12.536127390679637,0.0,605,0.01
1,5,0.0,7,20,0,7.639366010547151,7.639366010547151,0.0,605,0.01
1,5,0.0,25,20,0,139.06920125290972,139.06920125290972,0.0,605,0.01
1,5,0.0,28,20,0,51.05755576332442,51.05755576332442,0.0,605,0.01
1,5,0.0,1,50,0,8.155462945381865,8.155462945381865,0.0,605,0.01
1,5,0.0,4,50,0,24.544551790532264,24.544551790532264,0.0,605,0.01
1,5,0.0,7,50,0,13.2627992234251,13.2627992234251,0.0,605,0.01
1,5,0.0,25,50,0,117.36317530255842,117.36317530255842,0.0,605,0.01
1,5,0.0,28,50,0,143.57030011350085,143.57030011350085,0.0,605,0.01
1,5,0.0,10,5,1,16.932418732532497,8.07603755727603,-0.7403287016795946,605,0.01
1,5,0.0,13,5,1,2.1326567649775825,2.9210505977722514,0.3145748353467737,605,0.01
1,5,0.0,16,5,1,6.095844383629177,2.279316675277239,-0.9837315962182142,605,0.01
1,5,0.0,19,5,1,35.37327983370091,12.21758164704253,-1.0630806952375258,605,0.01
1,5,0.0,10,20,1,113.13264662290854,22.83072271717854,-1.6004538776830717,605,0.01
1,5,0.0,13,20,1,7.841124160136863,18.928447707801816,0.8812837483021689,605,0.01
1,5,0.0,16,20,1,43.10388740840455,8.594205613154783,-1.6125249778679929,605,0.01
1,5,0.0,19,20,1,405.05382150152127,109.76685274433989,-1.3056613549495637,605,0.01
1,5,0.0,10,50,1,168.6956667004653,28.069168619589757,-1.7934245309762331,605,0.01
1,5,0.0,13,50,1,29.109718098033888,34.72933659832735,0.1765126911984514,605,0.01
1,5,0.0,16,50,1,39.11974081690317,13.929415503303016,-1.0326243924603753,605,0.01
1,5,0.0,19,50,1,642.0552298302306,146.15678228093878,-1.4799944309808877,605,0.01
1,5,0.0,22,5,2,19.551182460036944,3.543314707771692,-1.707973121328184,605,0.01
1,5,0.0,22,20,2,203.6299963802158,17.089621274851034,-2.477833267533155,605,0.01
1,5,0.0,22,50,2,494.10858115111375,36.37454729391544,-2.608886013050391,605,0.01
1,5,0.1,1,5,0,2.2068131800050583,2.2068131800050583,0.0,605,0.01
1,5,0.1,4,5,0,2.938994920501491,2.938994920501491,0.0,605,0.01
1,5,0.1,7,5,0,2.462840042406945,2.462840042406945,0.0,605,0.01
1,5,0.1,25,5,0,18.799198991836725,18.799198991836725,0.0,605,0.01
1,5,0.1,28,5,0,6.104214678136718,6.104214678136718,0.0,605,0.01
1,5,0.1,1,20,0,7.734130364057444,7.734130364057444,0.0,605,0.01
1,5,0.1,4,20,0,12.536127390679637,12.536127390679637,0.0,605,0.01
1,5,0.1,7,20,0,7.639366010547151,7.639366010547151,0.0,605,0.01
1,5,0.1,25,20,0,139.06920125290972,139.06920125290972,0.0,605,0.01
1,5,0.1,28,20,0,51.05755576332442,51.05755576332442,0.0,605,0.01
1,5,0.1,1,50,0,8.155462945381865,8.155462945381865,0.0,605,0.01
1,5,0.1,4,50,0,24.544551790532264,24.544551790532264,0.0,605,0.01
1,5,0.1,7,50,0,13.2627992234251,13.2627992234251,0.0,605,0.01
1,5,0.1,25,50,0,117.36317530255842,117.36317530255842,0.0,605,0.01
1,5,0.1,28,50,0,143.57030011350085,143.57030011350085,0.0,605,0.01
1,5,0.1,10,5,1,16.932418732532497,8.07603755727603,-0.7403287016795946,605,0.01
1,5,0.1,13,5,1,2.1326567649775825,2.9210505977722514,0.3145748353467737,605,0.01
1,5,0.1,16,5,1,6.095844383629177,2.279316675277239,-0.9837315962182142,605,0.01
1,5,0.1,19,5,1,35.37327983370091,12.21758164704253,-1.0630806952375258,605,0.01
1,5,0.1,10,20,1,113.13264662290854,22.83072271717854,-1.6004538776830717,605,0.01
1,5,0.1,13,20,1,7.841124160136863,18.928447707801816,0.8812837483021689,605,0.01
1,5,0.1,16,20,1,43.10388740840455,8.594205613154783,-1.6125249778679929,605,0.01
1,5,0.1,19,20,1,405.05382150152127,109.76685274433989,-1.3056613549495637,605,0.01
1,5,0.1,10,50,1,168.6956667004653,28.069168619589757,-1.7934245309762331,605,0.01
1,5,0.1,13,50,1,29.109718098033888,34.72933659832735,0.1765126911984514,605,0.01
1,5,0.1,16,50,1,39.11974081690317,13.929415503303016,-1.0326243924603753,605,0.01
1,5,0.1,19,50,1,642.0552298302306,146.15678228093878,-1.4799944309808877,605,0.01
1,5,0.1,22,5,2,19.551182460036944,3.543314707771692,-1.707973121328184,605,0.01
1,5,0.1,22,20,2,203.6299963802158,17.089621274851034,-2.477833267533155,605,0.01
1,5,0.1,22,50,2,494.10858115111375,36.37454729391544,-2.608886013050391,605,0.01
1,5,0.25,1,5,0,2.2068131800050583,2.2068131800050583,0.0,605,0.01
1,5,0.25,4,5,0,2.938994920501491,2.938994920501491,0.0,605,0.01
1,5,0.25,7,5,0,2.462840042406945,2.462840042406945,0.0,605,0.01
1,5,0.25,25,5,0,18.799198991836725,18.799198991836725,0.0,605,0.01
1,5,0.25,28,5,0,6.104214678136718,6.104214678136718,0.0,605,0.01
1,5,0.25,1,20,0,7.734130364057444,7.734130364057444,0.0,605,0.01
1,5,0.25,4,20,0,12.536127390679637,12.536127390679637,0.0,605,0.01
1,5,0.25,7,20,0,7.639366010547151,7.639366010547151,0.0,605,0.01
1,5,0.25,25,20,0,139.06920125290972,139.06920125290972,0.0,605,0.01
1,5,0.25,28,20,0,51.05755576332442,51.05755576332442,0.0,605,0.01
1,5,0.25,1,50,0,8.155462945381865,8.155462945381865,0.0,605,0.01
1,5,0.25,4,50,0,24.544551790532264,24.544551790532264,0.0,605,0.01
1,5,0.25,7,50,0,13.2627992234251,13.2627992234251,0.0,605,0.01
1,5,0.25,25,50,0,117.36317530255842,117.36317530255842,0.0,605,0.01
1,5,0.25,28,50,0,143.57030011350085,143.57030011350085,0.0,605,0.01
1,5,0.25,10,5,1,16.932418732532497,8.07603755727603,-0.7403287016795946,605,0.01
1,5,0.25,13,5,1,2.1326567649775825,2.9210505977722514,0.3145748353467737,605,0.01
1,5,0.25,16,5,1,6.095844383629177,2.279316675277239,-0.9837315962182142,605,0.01
1,5,0.25,19,5,1,35.37327983370091,12.21758164704253,-1.0630806952375258,605,0.01
1,5,0.25,10,20,1,113.13264662290854,22.83072271717854,-1.6004538776830717,605,0.01
1,5,0.25,13,20,1,7.841124160136863,18.928447707801816,0.8812837483021689,605,0.01
1,5,0.25,16,20,1,43.10388740840455,8.594205613154783,-1.6125249778679929,605,0.01
1,5,0.25,19,20,1,405.05382150152127,109.76685274433989,-1.3056613549495637,605,0.01
1,5,0.25,10,50,1,168.6956667004653,28.069168619589757,-1.7934245309762331,605,0.01
1,5,0.25,13,50,1,29.109718098033888,34.72933659832735,0.1765126911984514,605,0.01
1,5,0.25,16,50,1,39.11974081690317,13.929415503303016,-1.0326243924603753,605,0.01
1,5,0.25,19,50,1,642.0552298302306,146.15678228093878,-1.4799944309808877,605,0.01
1,5,0.25,22,5,2,19.551182460036944,3.543314707771692,-1.707973121328184,605,0.01
1,5,0.25,22,20,2,203.6299963802158,17.089621274851034,-2.477833267533155,605,0.01
1,5,0.25,22,50,2,494.10858115111375,36.37454729391544,-2.608886013050391,605,0.01
0,0,0.0,3,5,0,5.869982283144327,5.869982283144327,0.0,605,1.0
0,0,0.0,6,5,0,2.6006464424612474,2.6006464424612474,0.0,605,1.0
0,0,0.0,3,20,0,77.29588904294587,77.29588904294587,0.0,605,1.0
0,0,0.0,6,20,0,17.22794320301661,17.22794320301661,0.0,605,1.0
0,0,0.0,3,50,0,200.66201508423995,200.66201508423995,0.0,605,1.0
0,0,0.0,6,50,0,32.111568504100234,32.111568504100234,0.0,605,1.0
0,0,0.0,0,5,1,1.6857358410349217,2.8888695419714314,0.5386630942637818,605,1.0
0,0,0.0,12,5,1,3.095103578525199,4.096781263053513,0.280380235617063,605,1.0
0,0,0.0,15,5,1,13.45456527257972,4.002753098158089,-1.2123360750195464,605,1.0
0,0,0.0,18,5,1,10.255014408532231,3.04960256672203,-1.2127555204124607,605,1.0
0,0,0.0,0,20,1,7.027337170867331,19.748246432140974,1.0332568459076523,605,1.0
0,0,0.0,12,20,1,30.620390476344557,25.412317216619847,-0.1864321562060041,605,1.0
0,0,0.0,15,20,1,169.36171633630985,27.38408985632933,-1.822074578456972,605,1.0
0,0,0.0,18,20,1,160.99076090814134,23.577862430842384,-1.921038738461876,605,1.0
0,0,0.0,0,50,1,8.750957483278215,27.163571762375703,1.1327136811884393,605,1.0
0,0,0.0,12,50,1,88.68663371135203,21.23504213910937,-1.4294564388139752,605,1.0
0,0,0.0,15,50,1,318.80779244087506,59.91007090308042,-1.671743770068085,605,1.0
0,0,0.0,18,50,1,475.2551051347895,40.43483358933344,-2.46416009228052,605,1.0
0,0,0.0,9,5,2,6.720115721788721,7.10868559341047,0.0562119845218504,605,1.0
0,0,0.0,21,5,2,12.182750566453048,5.369091157767833,-0.8193624134269708,605,1.0
0,0,0.0,24,5,2,3.841116328287859,2.402294903136036,-0.4693385447264573,605,1.0
0,0,0.0,27,5,2,38.487409389632106,19.28685117486493,-0.6909075815139658,605,1.0
0,0,0.0,9,20,2,74.87534134910513,51.0417501940845,-0.3831806862597468,605,1.0
0,0,0.0,21,20,2,165.293216467726,21.37162857293262,-2.045656691481681,605,1.0
0,0,0.0,24,20,2,33.235298835742505,11.446496258613823,-1.0659288494935326,605,1.0
0,0,0.0,27,20,2,531.9549812079247,174.06677701500502,-1.1171198624317231,605,1.0
0,0,0.0,9,50,2,204.20679728395405,159.4106860636648,-0.2476493891569004,605,1.0
0,0,0.0,21,50,2,329.4528925749725,48.10666657224607,-1.9240126116498733,605,1.0
0,0,0.0,24,50,2,31.170497893229207,5.737267239461408,-1.6924890608489478,605,1.0
0,0,0.0,27,50,2,1106.3163421903753,221.79962587649095,-1.607016776711364,605,1.0
0,0,0.1,3,5,0,5.869982283144327,5.869982283144327,0.0,605,1.0
0,0,0.1,6,5,0,2.6006464424612474,2.6006464424612474,0.0,605,1.0
0,0,0.1,3,20,0,77.29588904294587,77.29588904294587,0.0,605,1.0
0,0,0.1,6,20,0,17.22794320301661,17.22794320301661,0.0,605,1.0
0,0,0.1,3,50,0,200.66201508423995,200.66201508423995,0.0,605,1.0
0,0,0.1,6,50,0,32.111568504100234,32.111568504100234,0.0,605,1.0
0,0,0.1,0,5,1,1.6857358410349217,2.8888695419714314,0.5386630942637818,605,1.0
0,0,0.1,12,5,1,3.095103578525199,4.096781263053513,0.280380235617063,605,1.0
0,0,0.1,15,5,1,13.45456527257972,4.002753098158089,-1.2123360750195464,605,1.0
0,0,0.1,18,5,1,10.255014408532231,3.04960256672203,-1.2127555204124607,605,1.0
0,0,0.1,0,20,1,7.027337170867331,19.748246432140974,1.0332568459076523,605,1.0
0,0,0.1,12,20,1,30.620390476344557,25.412317216619847,-0.1864321562060041,605,1.0
0,0,0.1,15,20,1,169.36171633630985,27.38408985632933,-1.822074578456972,605,1.0
0,0,0.1,18,20,1,160.99076090814134,23.577862430842384,-1.921038738461876,605,1.0
0,0,0.1,0,50,1,8.750957483278215,27.163571762375703,1.1327136811884393,605,1.0
0,0,0.1,12,50,1,88.68663371135203,21.23504213910937,-1.4294564388139752,605,1.0
0,0,0.1,15,50,1,318.80779244087506,59.91007090308042,-1.671743770068085,605,1.0
0,0,0.1,18,50,1,475.2551051347895,40.43483358933344,-2.46416009228052,605,1.0
0,0,0.1,9,5,2,6.720115721788721,7.10868559341047,0.0562119845218504,605,1.0
0,0,0.1,21,5,2,12.182750566453048,5.369091157767833,-0.8193624134269708,605,1.0
0,0,0.1,24,5,2,3.841116328287859,2.402294903136036,-0.4693385447264573,605,1.0
0,0,0.1,27,5,2,38.487409389632106,19.28685117486493,-0.6909075815139658,605,1.0
0,0,0.1,9,20,2,74.87534134910513,51.0417501940845,-0.3831806862597468,605,1.0
0,0,0.1,21,20,2,165.293216467726,21.37162857293262,-2.045656691481681,605,1.0
0,0,0.1,24,20,2,33.235298835742505,11.446496258613823,-1.0659288494935326,605,1.0
0,0,0.1,27,20,2,531.9549812079247,174.06677701500502,-1.1171198624317231,605,1.0
0,0,0.1,9,50,2,204.20679728395405,159.4106860636648,-0.2476493891569004,605,1.0
0,0,0.1,21,50,2,329.4528925749725,48.10666657224607,-1.9240126116498733,605,1.0
0,0,0.1,24,50,2,31.170497893229207,5.737267239461408,-1.6924890608489478,605,1.0
0,0,0.1,27,50,2,1106.3163421903753,221.79962587649095,-1.607016776711364,605,1.0
0,0,0.25,3,5,0,5.869982283144327,5.869982283144327,0.0,605,1.0
0,0,0.25,6,5,0,2.6006464424612474,2.6006464424612474,0.0,605,1.0
0,0,0.25,3,20,0,77.29588904294587,77.29588904294587,0.0,605,1.0
0,0,0.25,6,20,0,17.22794320301661,17.22794320301661,0.0,605,1.0
0,0,0.25,3,50,0,200.66201508423995,200.66201508423995,0.0,605,1.0
0,0,0.25,6,50,0,32.111568504100234,32.111568504100234,0.0,605,1.0
0,0,0.25,0,5,1,1.6857358410349217,2.8888695419714314,0.5386630942637818,605,1.0
0,0,0.25,12,5,1,3.095103578525199,4.096781263053513,0.280380235617063,605,1.0
0,0,0.25,15,5,1,13.45456527257972,4.002753098158089,-1.2123360750195464,605,1.0
0,0,0.25,18,5,1,10.255014408532231,3.04960256672203,-1.2127555204124607,605,1.0
0,0,0.25,0,20,1,7.027337170867331,19.748246432140974,1.0332568459076523,605,1.0
0,0,0.25,12,20,1,30.620390476344557,25.412317216619847,-0.1864321562060041,605,1.0
0,0,0.25,15,20,1,169.36171633630985,27.38408985632933,-1.822074578456972,605,1.0
0,0,0.25,18,20,1,160.99076090814134,23.577862430842384,-1.921038738461876,605,1.0
0,0,0.25,0,50,1,8.750957483278215,27.163571762375703,1.1327136811884393,605,1.0
0,0,0.25,12,50,1,88.68663371135203,21.23504213910937,-1.4294564388139752,605,1.0
0,0,0.25,15,50,1,318.80779244087506,59.91007090308042,-1.671743770068085,605,1.0
0,0,0.25,18,50,1,475.2551051347895,40.43483358933344,-2.46416009228052,605,1.0
0,0,0.25,9,5,2,6.720115721788721,7.10868559341047,0.0562119845218504,605,1.0
0,0,0.25,21,5,2,12.182750566453048,5.369091157767833,-0.8193624134269708,605,1.0
0,0,0.25,24,5,2,3.841116328287859,2.402294903136036,-0.4693385447264573,605,1.0
0,0,0.25,27,5,2,38.487409389632106,19.28685117486493,-0.6909075815139658,605,1.0
0,0,0.25,9,20,2,74.87534134910513,51.0417501940845,-0.3831806862597468,605,1.0
0,0,0.25,21,20,2,165.293216467726,21.37162857293262,-2.045656691481681,605,1.0
0,0,0.25,24,20,2,33.235298835742505,11.446496258613823,-1.0659288494935326,605,1.0
0,0,0.25,27,20,2,531.9549812079247,174.06677701500502,-1.1171198624317231,605,1.0
0,0,0.25,9,50,2,204.20679728395405,159.4106860636648,-0.2476493891569004,605,1.0
0,0,0.25,21,50,2,329.4528925749725,48.10666657224607,-1.9240126116498733,605,1.0
0,0,0.25,24,50,2,31.170497893229207,5.737267239461408,-1.6924890608489478,605,1.0
0,0,0.25,27,50,2,1106.3163421903753,221.79962587649095,-1.607016776711364,605,1.0
0,1,0.0,3,5,0,5.869982283144327,5.869982283144327,0.0,605,1.0
0,1,0.0,6,5,0,2.6006464424612474,2.6006464424612474,0.0,605,1.0
0,1,0.0,3,20,0,77.29588904294587,77.29588904294587,0.0,605,1.0
0,1,0.0,6,20,0,17.22794320301661,17.22794320301661,0.0,605,1.0
0,1,0.0,3,50,0,200.66201508423995,200.66201508423995,0.0,605,1.0
0,1,0.0,6,50,0,32.111568504100234,32.111568504100234,0.0,605,1.0
0,1,0.0,0,5,1,1.6857358410349217,2.8888789151338505,0.5386663388364691,605,1.0
0,1,0.0,12,5,1,3.095103578525199,4.096798690977966,0.280384489660973,605,1.0
0,1,0.0,15,5,1,13.45456527257972,4.002771808276692,-1.2123314007180306,605,1.0
0,1,0.0,18,5,1,10.255014408532231,3.0495994606146963,-1.212756538941547,605,1.0
0,1,0.0,0,20,1,7.027337170867331,19.748309460873443,1.033260037514163,605,1.0
0,1,0.0,12,20,1,30.620390476344557,25.4124044748321,-0.1864287225143143,605,1.0
0,1,0.0,15,20,1,169.36171633630985,27.384200721240536,-1.8220705299497049,605,1.0
0,1,0.0,18,20,1,160.99076090814134,23.57774656127509,-1.9210436528111876,605,1.0
0,1,0.0,0,50,1,8.750957483278215,27.163660769694832,1.1327169578993992,605,1.0
0,1,0.0,12,50,1,88.68663371135203,21.23504293445317,-1.429456401359669,605,1.0
0,1,0.0,15,50,1,318.80779244087506,59.91000910236804,-1.671744801626608,605,1.0
0,1,0.0,18,50,1,475.2551051347895,40.43437832917999,-2.4641713514517827,605,1.0
0,1,0.0,9,5,2,6.720115721788721,7.108686769655469,0.0562121499877282,605,1.0
0,1,0.0,21,5,2,12.182750566453048,5.369092873221279,-0.8193620939216538,605,1.0
0,1,0.0,24,5,2,3.841116328287859,2.402295703501523,-0.4693382115594708,605,1.0
0,1,0.0,27,5,2,38.487409389632106,19.28685188776392,-0.6909075445510126,605,1.0
0,1,0.0,9,20,2,74.87534134910513,51.041753174992365,-0.3831806278583839,605,1.0
0,1,0.0,21,20,2,165.293216467726,21.37164901662196,-2.0456557349013487,605,1.0
0,1,0.0,24,20,2,33.235298835742505,11.446508487028506,-1.0659277811833814,605,1.0
0,1,0.0,27,20,2,531.9549812079247,174.06681432456594,-1.1171196480912409,605,1.0
0,1,0.0,9,50,2,204.20679728395405,159.41072962387565,-0.2476491158991535,605,1.0
0,1,0.0,21,50,2,329.4528925749725,48.10671073502611,-1.924011693632415,605,1.0
0,1,0.0,24,50,2,31.170497893229207,5.737272550264318,-1.6924881351816867,605,1.0
0,1,0.0,27,50,2,1106.3163421903753,221.7996800445758,-1.6070165324905816,605,1.0
0,1,0.1,3,5,0,5.869982283144327,5.869982283144327,0.0,605,1.0
0,1,0.1,6,5,0,2.6006464424612474,2.6006464424612474,0.0,605,1.0
0,1,0.1,3,20,0,77.29588904294587,77.29588904294587,0.0,605,1.0
0,1,0.1,6,20,0,17.22794320301661,17.22794320301661,0.0,605,1.0
0,1,0.1,3,50,0,200.66201508423995,200.66201508423995,0.0,605,1.0
0,1,0.1,6,50,0,32.111568504100234,32.111568504100234,0.0,605,1.0
0,1,0.1,0,5,1,1.6857358410349217,2.8888789151338505,0.5386663388364691,605,1.0
0,1,0.1,12,5,1,3.095103578525199,4.096798690977966,0.280384489660973,605,1.0
0,1,0.1,15,5,1,13.45456527257972,4.002771808276692,-1.2123314007180306,605,1.0
0,1,0.1,18,5,1,10.255014408532231,3.0495994606146963,-1.212756538941547,605,1.0
0,1,0.1,0,20,1,7.027337170867331,19.748309460873443,1.033260037514163,605,1.0
0,1,0.1,12,20,1,30.620390476344557,25.4124044748321,-0.1864287225143143,605,1.0
0,1,0.1,15,20,1,169.36171633630985,27.384200721240536,-1.8220705299497049,605,1.0
0,1,0.1,18,20,1,160.99076090814134,23.57774656127509,-1.9210436528111876,605,1.0
0,1,0.1,0,50,1,8.750957483278215,27.163660769694832,1.1327169578993992,605,1.0
0,1,0.1,12,50,1,88.68663371135203,21.23504293445317,-1.429456401359669,605,1.0
0,1,0.1,15,50,1,318.80779244087506,59.91000910236804,-1.671744801626608,605,1.0
0,1,0.1,18,50,1,475.2551051347895,40.43437832917999,-2.4641713514517827,605,1.0
0,1,0.1,9,5,2,6.720115721788721,7.108686769655469,0.0562121499877282,605,1.0
0,1,0.1,21,5,2,12.182750566453048,5.369092873221279,-0.8193620939216538,605,1.0
0,1,0.1,24,5,2,3.841116328287859,2.402295703501523,-0.4693382115594708,605,1.0
0,1,0.1,27,5,2,38.487409389632106,19.28685188776392,-0.6909075445510126,605,1.0
0,1,0.1,9,20,2,74.87534134910513,51.041753174992365,-0.3831806278583839,605,1.0
0,1,0.1,21,20,2,165.293216467726,21.37164901662196,-2.0456557349013487,605,1.0
0,1,0.1,24,20,2,33.235298835742505,11.446508487028506,-1.0659277811833814,605,1.0
0,1,0.1,27,20,2,531.9549812079247,174.06681432456594,-1.1171196480912409,605,1.0
0,1,0.1,9,50,2,204.20679728395405,159.41072962387565,-0.2476491158991535,605,1.0
0,1,0.1,21,50,2,329.4528925749725,48.10671073502611,-1.924011693632415,605,1.0
0,1,0.1,24,50,2,31.170497893229207,5.737272550264318,-1.6924881351816867,605,1.0
0,1,0.1,27,50,2,1106.3163421903753,221.7996800445758,-1.6070165324905816,605,1.0
0,1,0.25,3,5,0,5.869982283144327,5.869982283144327,0.0,605,1.0
0,1,0.25,6,5,0,2.6006464424612474,2.6006464424612474,0.0,605,1.0
0,1,0.25,3,20,0,77.29588904294587,77.29588904294587,0.0,605,1.0
0,1,0.25,6,20,0,17.22794320301661,17.22794320301661,0.0,605,1.0
0,1,0.25,3,50,0,200.66201508423995,200.66201508423995,0.0,605,1.0
0,1,0.25,6,50,0,32.111568504100234,32.111568504100234,0.0,605,1.0
0,1,0.25,0,5,1,1.6857358410349217,2.8888789151338505,0.5386663388364691,605,1.0
0,1,0.25,12,5,1,3.095103578525199,4.096798690977966,0.280384489660973,605,1.0
0,1,0.25,15,5,1,13.45456527257972,4.002771808276692,-1.2123314007180306,605,1.0
0,1,0.25,18,5,1,10.255014408532231,3.0495994606146963,-1.212756538941547,605,1.0
0,1,0.25,0,20,1,7.027337170867331,19.748309460873443,1.033260037514163,605,1.0
0,1,0.25,12,20,1,30.620390476344557,25.4124044748321,-0.1864287225143143,605,1.0
0,1,0.25,15,20,1,169.36171633630985,27.384200721240536,-1.8220705299497049,605,1.0
0,1,0.25,18,20,1,160.99076090814134,23.57774656127509,-1.9210436528111876,605,1.0
0,1,0.25,0,50,1,8.750957483278215,27.163660769694832,1.1327169578993992,605,1.0
0,1,0.25,12,50,1,88.68663371135203,21.23504293445317,-1.429456401359669,605,1.0
0,1,0.25,15,50,1,318.80779244087506,59.91000910236804,-1.671744801626608,605,1.0
0,1,0.25,18,50,1,475.2551051347895,40.43437832917999,-2.4641713514517827,605,1.0
0,1,0.25,9,5,2,6.720115721788721,7.108686769655469,0.0562121499877282,605,1.0
0,1,0.25,21,5,2,12.182750566453048,5.369092873221279,-0.8193620939216538,605,1.0
0,1,0.25,24,5,2,3.841116328287859,2.402295703501523,-0.4693382115594708,605,1.0
0,1,0.25,27,5,2,38.487409389632106,19.28685188776392,-0.6909075445510126,605,1.0
0,1,0.25,9,20,2,74.87534134910513,51.041753174992365,-0.3831806278583839,605,1.0
0,1,0.25,21,20,2,165.293216467726,21.37164901662196,-2.0456557349013487,605,1.0
0,1,0.25,24,20,2,33.235298835742505,11.446508487028506,-1.0659277811833814,605,1.0
0,1,0.25,27,20,2,531.9549812079247,174.06681432456594,-1.1171196480912409,605,1.0
0,1,0.25,9,50,2,204.20679728395405,159.41072962387565,-0.2476491158991535,605,1.0
0,1,0.25,21,50,2,329.4528925749725,48.10671073502611,-1.924011693632415,605,1.0
0,1,0.25,24,50,2,31.170497893229207,5.737272550264318,-1.6924881351816867,605,1.0
0,1,0.25,27,50,2,1106.3163421903753,221.7996800445758,-1.6070165324905816,605,1.0
0,2,0.0,3,5,0,5.869982283144327,5.869982283144327,0.0,605,1.0
0,2,0.0,6,5,0,2.6006464424612474,2.6006464424612474,0.0,605,1.0
0,2,0.0,12,5,0,3.095103578525199,3.095103578525199,0.0,605,1.0
0,2,0.0,3,20,0,77.29588904294587,77.29588904294587,0.0,605,1.0
0,2,0.0,6,20,0,17.22794320301661,17.22794320301661,0.0,605,1.0
0,2,0.0,12,20,0,30.620390476344557,30.620390476344557,0.0,605,1.0
0,2,0.0,3,50,0,200.66201508423995,200.66201508423995,0.0,605,1.0
0,2,0.0,6,50,0,32.111568504100234,32.111568504100234,0.0,605,1.0
0,2,0.0,12,50,0,88.68663371135203,88.68663371135203,0.0,605,1.0
0,2,0.0,15,5,1,13.45456527257972,8.280759071561585,-0.4853838344220518,605,1.0
0,2,0.0,18,5,1,10.255014408532231,6.421081816991925,-0.4681801857227198,605,1.0
0,2,0.0,15,20,1,169.36171633630985,94.50518081449204,-0.5833821045929378,605,1.0
0,2,0.0,18,20,1,160.99076090814134,69.68222927913041,-0.8374016525427589,605,1.0
0,2,0.0,15,50,1,318.80779244087506,245.37329920115567,-0.2618076685106349,605,1.0
0,2,0.0,18,50,1,475.2551051347895,297.38506646978595,-0.4688239041627826,605,1.0
0,2,0.0,0,5,2,1.6857358410349217,4.436421128922024,0.9676458299757532,605,1.0
0,2,0.0,9,5,2,6.720115721788721,7.754815318604144,0.143208606960531,605,1.0
0,2,0.0,21,5,2,12.182750566453048,2.2007842606971377,-1.7112072842860957,605,1.0
0,2,0.0,24,5,2,3.841116328287859,6.928276731694736,0.5898480795705561,605,1.0
0,2,0.0,27,5,2,38.487409389632106,12.70558207543992,-1.1082897285702231,605,1.0
0,2,0.0,0,20,2,7.027337170867331,27.36409548561986,1.359423917102452,605,1.0
0,2,0.0,9,20,2,74.87534134910513,83.79694586789206,0.1125719459885136,605,1.0
0,2,0.0,21,20,2,165.293216467726,3.70336399328134,-3.798479372319081,605,1.0
0,2,0.0,24,20,2,33.235298835742505,29.36092619600147,-0.1239477796165281,605,1.0
0,2,0.0,27,20,2,531.9549812079247,77.90859243018087,-1.921022616404844,605,1.0
0,2,0.0,0,50,2,8.750957483278215,17.34125391678316,0.6839251612346422,605,1.0
0,2,0.0,9,50,2,204.20679728395405,169.12491405090208,-0.1884956142690785,605,1.0
0,2,0.0,21,50,2,329.4528925749725,6.177104134580765,-3.9765838023221862,605,1.0
0,2,0.0,24,50,2,31.170497893229207,10.471066733225337,-1.0908561626947904,605,1.0
0,2,0.0,27,50,2,1106.3163421903753,94.10832807421215,-2.464344619807642,605,1.0
0,2,0.1,3,5,0,5.869982283144327,5.869982283144327,0.0,605,1.0
0,2,0.1,6,5,0,2.6006464424612474,2.6006464424612474,0.0,605,1.0
0,2,0.1,12,5,0,3.095103578525199,3.095103578525199,0.0,605,1.0
0,2,0.1,3,20,0,77.29588904294587,77.29588904294587,0.0,605,1.0
0,2,0.1,6,20,0,17.22794320301661,17.22794320301661,0.0,605,1.0
0,2,0.1,12,20,0,30.620390476344557,30.620390476344557,0.0,605,1.0
0,2,0.1,3,50,0,200.66201508423995,200.66201508423995,0.0,605,1.0
0,2,0.1,6,50,0,32.111568504100234,32.111568504100234,0.0,605,1.0
0,2,0.1,12,50,0,88.68663371135203,88.68663371135203,0.0,605,1.0
0,2,0.1,15,5,1,13.45456527257972,8.280759071561585,-0.4853838344220518,605,1.0
0,2,0.1,18,5,1,10.255014408532231,6.421081816991925,-0.4681801857227198,605,1.0
0,2,0.1,15,20,1,169.36171633630985,94.50518081449204,-0.5833821045929378,605,1.0
0,2,0.1,18,20,1,160.99076090814134,69.68222927913041,-0.8374016525427589,605,1.0
0,2,0.1,15,50,1,318.80779244087506,245.37329920115567,-0.2618076685106349,605,1.0
0,2,0.1,18,50,1,475.2551051347895,297.38506646978595,-0.4688239041627826,605,1.0
0,2,0.1,0,5,2,1.6857358410349217,4.436421128922024,0.9676458299757532,605,1.0
0,2,0.1,9,5,2,6.720115721788721,7.754815318604144,0.143208606960531,605,1.0
0,2,0.1,21,5,2,12.182750566453048,2.2007842606971377,-1.7112072842860957,605,1.0
0,2,0.1,24,5,2,3.841116328287859,6.928276731694736,0.5898480795705561,605,1.0
0,2,0.1,27,5,2,38.487409389632106,12.70558207543992,-1.1082897285702231,605,1.0
0,2,0.1,0,20,2,7.027337170867331,27.36409548561986,1.359423917102452,605,1.0
0,2,0.1,9,20,2,74.87534134910513,83.79694586789206,0.1125719459885136,605,1.0
0,2,0.1,21,20,2,165.293216467726,3.70336399328134,-3.798479372319081,605,1.0
0,2,0.1,24,20,2,33.235298835742505,29.36092619600147,-0.1239477796165281,605,1.0
0,2,0.1,27,20,2,531.9549812079247,77.90859243018087,-1.921022616404844,605,1.0
0,2,0.1,0,50,2,8.750957483278215,17.34125391678316,0.6839251612346422,605,1.0
0,2,0.1,9,50,2,204.20679728395405,169.12491405090208,-0.1884956142690785,605,1.0
0,2,0.1,21,50,2,329.4528925749725,6.177104134580765,-3.9765838023221862,605,1.0
0,2,0.1,24,50,2,31.170497893229207,10.471066733225337,-1.0908561626947904,605,1.0
0,2,0.1,27,50,2,1106.3163421903753,94.10832807421215,-2.464344619807642,605,1.0
0,2,0.25,3,5,0,5.869982283144327,5.869982283144327,0.0,605,1.0
0,2,0.25,6,5,0,2.6006464424612474,2.6006464424612474,0.0,605,1.0
0,2,0.25,12,5,0,3.095103578525199,3.095103578525199,0.0,605,1.0
0,2,0.25,3,20,0,77.29588904294587,77.29588904294587,0.0,605,1.0
0,2,0.25,6,20,0,17.22794320301661,17.22794320301661,0.0,605,1.0
0,2,0.25,12,20,0,30.620390476344557,30.620390476344557,0.0,605,1.0
0,2,0.25,3,50,0,200.66201508423995,200.66201508423995,0.0,605,1.0
0,2,0.25,6,50,0,32.111568504100234,32.111568504100234,0.0,605,1.0
0,2,0.25,12,50,0,88.68663371135203,88.68663371135203,0.0,605,1.0
0,2,0.25,15,5,1,13.45456527257972,8.280759071561585,-0.4853838344220518,605,1.0
0,2,0.25,18,5,1,10.255014408532231,6.421081816991925,-0.4681801857227198,605,1.0
0,2,0.25,15,20,1,169.36171633630985,94.50518081449204,-0.5833821045929378,605,1.0
0,2,0.25,18,20,1,160.99076090814134,69.68222927913041,-0.8374016525427589,605,1.0
0,2,0.25,15,50,1,318.80779244087506,245.37329920115567,-0.2618076685106349,605,1.0
0,2,0.25,18,50,1,475.2551051347895,297.38506646978595,-0.4688239041627826,605,1.0
0,2,0.25,0,5,2,1.6857358410349217,4.436421128922024,0.9676458299757532,605,1.0
0,2,0.25,9,5,2,6.720115721788721,7.754815318604144,0.143208606960531,605,1.0
0,2,0.25,21,5,2,12.182750566453048,2.2007842606971377,-1.7112072842860957,605,1.0
0,2,0.25,24,5,2,3.841116328287859,6.928276731694736,0.5898480795705561,605,1.0
0,2,0.25,27,5,2,38.487409389632106,12.70558207543992,-1.1082897285702231,605,1.0
0,2,0.25,0,20,2,7.027337170867331,27.36409548561986,1.359423917102452,605,1.0
0,2,0.25,9,20,2,74.87534134910513,83.79694586789206,0.1125719459885136,605,1.0
0,2,0.25,21,20,2,165.293216467726,3.70336399328134,-3.798479372319081,605,1.0
0,2,0.25,24,20,2,33.235298835742505,29.36092619600147,-0.1239477796165281,605,1.0
0,2,0.25,27,20,2,531.9549812079247,77.90859243018087,-1.921022616404844,605,1.0
0,2,0.25,0,50,2,8.750957483278215,17.34125391678316,0.6839251612346422,605,1.0
0,2,0.25,9,50,2,204.20679728395405,169.12491405090208,-0.1884956142690785,605,1.0
0,2,0.25,21,50,2,329.4528925749725,6.177104134580765,-3.9765838023221862,605,1.0
0,2,0.25,24,50,2,31.170497893229207,10.471066733225337,-1.0908561626947904,605,1.0
0,2,0.25,27,50,2,1106.3163421903753,94.10832807421215,-2.464344619807642,605,1.0
0,3,0.0,3,5,0,5.869982283144327,5.869982283144327,0.0,605,1.0
0,3,0.0,6,5,0,2.6006464424612474,2.6006464424612474,0.0,605,1.0
0,3,0.0,3,20,0,77.29588904294587,77.29588904294587,0.0,605,1.0
0,3,0.0,6,20,0,17.22794320301661,17.22794320301661,0.0,605,1.0
0,3,0.0,3,50,0,200.66201508423995,200.66201508423995,0.0,605,1.0
0,3,0.0,6,50,0,32.111568504100234,32.111568504100234,0.0,605,1.0
0,3,0.0,9,5,1,6.720115721788721,7.108683278001664,0.0562116588063363,605,1.0
0,3,0.0,21,5,1,12.182750566453048,5.369087899579852,-0.8193630202687757,605,1.0
0,3,0.0,24,5,1,3.841116328287859,2.402293506040553,-0.4693391262936446,605,1.0
0,3,0.0,27,5,1,38.487409389632106,19.286849646578503,-0.690907660753779,605,1.0
0,3,0.0,9,20,1,74.87534134910513,51.041744700924525,-0.3831807938806698,605,1.0
0,3,0.0,21,20,1,165.293216467726,21.371590140842837,-2.04565848975944,605,1.0
0,3,0.0,24,20,1,33.235298835742505,11.446474515952326,-1.065930748998993,605,1.0
0,3,0.0,27,20,1,531.9549812079247,174.06670637727726,-1.1171202682400183,605,1.0
0,3,0.0,9,50,1,204.20679728395405,159.4106085487927,-0.2476498754159641,605,1.0
0,3,0.0,21,50,1,329.4528925749725,48.10658698691243,-1.9240142660026924,605,1.0
0,3,0.0,24,50,1,31.170497893229207,5.737258390620846,-1.692490603194287,605,1.0
0,3,0.0,27,50,1,1106.3163421903753,221.7995293078367,-1.6070172120983712,605,1.0
0,3,0.0,0,5,2,1.6857358410349217,2.888865160240584,0.5386615774994881,605,1.0
0,3,0.0,12,5,2,3.095103578525199,4.096772363761039,0.2803780633502103,605,1.0
0,3,0.0,15,5,2,13.45456527257972,4.002744192949465,-1.212338299792924,605,1.0
0,3,0.0,18,5,2,10.255014408532231,3.0496036002396223,-1.21275518151013,605,1.0
0,3,0.0,0,20,2,7.027337170867331,19.748219282197454,1.0332554711039563,605,1.0
0,3,0.0,12,20,2,30.620390476344557,25.41227387836847,-0.1864338616108266,605,1.0
0,3,0.0,15,20,2,169.36171633630985,27.384033145988408,-1.8220766493820943,605,1.0
0,3,0.0,18,20,2,160.99076090814134,23.57791057715553,-1.921036696450471,605,1.0
0,3,0.0,0,50,2,8.750957483278215,27.163535711534088,1.1327123540115185,605,1.0
0,3,0.0,12,50,2,88.68663371135203,21.23503587362588,-1.429456733867989,605,1.0
0,3,0.0,15,50,2,318.80779244087506,59.91007451413383,-1.6717437097935226,605,1.0
0,3,0.0,18,50,2,475.2551051347895,40.43502868533802,-2.464155267343291,605,1.0
0,3,0.1,3,5,0,5.869982283144327,5.869982283144327,0.0,605,1.0
0,3,0.1,6,5,0,2.6006464424612474,2.6006464424612474,0.0,605,1.0
0,3,0.1,3,20,0,77.29588904294587,77.29588904294587,0.0,605,1.0
0,3,0.1,6,20,0,17.22794320301661,17.22794320301661,0.0,605,1.0
0,3,0.1,3,50,0,200.66201508423995,200.66201508423995,0.0,605,1.0
0,3,0.1,6,50,0,32.111568504100234,32.111568504100234,0.0,605,1.0
0,3,0.1,9,5,1,6.720115721788721,7.108683278001664,0.0562116588063363,605,1.0
0,3,0.1,21,5,1,12.182750566453048,5.369087899579852,-0.8193630202687757,605,1.0
0,3,0.1,24,5,1,3.841116328287859,2.402293506040553,-0.4693391262936446,605,1.0
0,3,0.1,27,5,1,38.487409389632106,19.286849646578503,-0.690907660753779,605,1.0
0,3,0.1,9,20,1,74.87534134910513,51.041744700924525,-0.3831807938806698,605,1.0
0,3,0.1,21,20,1,165.293216467726,21.371590140842837,-2.04565848975944,605,1.0
0,3,0.1,24,20,1,33.235298835742505,11.446474515952326,-1.065930748998993,605,1.0
0,3,0.1,27,20,1,531.9549812079247,174.06670637727726,-1.1171202682400183,605,1.0
0,3,0.1,9,50,1,204.20679728395405,159.4106085487927,-0.2476498754159641,605,1.0
0,3,0.1,21,50,1,329.4528925749725,48.10658698691243,-1.9240142660026924,605,1.0
0,3,0.1,24,50,1,31.170497893229207,5.737258390620846,-1.692490603194287,605,1.0
0,3,0.1,27,50,1,1106.3163421903753,221.7995293078367,-1.6070172120983712,605,1.0
0,3,0.1,0,5,2,1.6857358410349217,2.888865160240584,0.5386615774994881,605,1.0
0,3,0.1,12,5,2,3.095103578525199,4.096772363761039,0.2803780633502103,605,1.0
0,3,0.1,15,5,2,13.45456527257972,4.002744192949465,-1.212338299792924,605,1.0
0,3,0.1,18,5,2,10.255014408532231,3.0496036002396223,-1.21275518151013,605,1.0
0,3,0.1,0,20,2,7.027337170867331,19.748219282197454,1.0332554711039563,605,1.0
0,3,0.1,12,20,2,30.620390476344557,25.41227387836847,-0.1864338616108266,605,1.0
0,3,0.1,15,20,2,169.36171633630985,27.384033145988408,-1.8220766493820943,605,1.0
0,3,0.1,18,20,2,160.99076090814134,23.57791057715553,-1.921036696450471,605,1.0
0,3,0.1,0,50,2,8.750957483278215,27.163535711534088,1.1327123540115185,605,1.0
0,3,0.1,12,50,2,88.68663371135203,21.23503587362588,-1.429456733867989,605,1.0
0,3,0.1,15,50,2,318.80779244087506,59.91007451413383,-1.6717437097935226,605,1.0
0,3,0.1,18,50,2,475.2551051347895,40.43502868533802,-2.464155267343291,605,1.0
0,3,0.25,3,5,0,5.869982283144327,5.869982283144327,0.0,605,1.0
0,3,0.25,6,5,0,2.6006464424612474,2.6006464424612474,0.0,605,1.0
0,3,0.25,3,20,0,77.29588904294587,77.29588904294587,0.0,605,1.0
0,3,0.25,6,20,0,17.22794320301661,17.22794320301661,0.0,605,1.0
0,3,0.25,3,50,0,200.66201508423995,200.66201508423995,0.0,605,1.0
0,3,0.25,6,50,0,32.111568504100234,32.111568504100234,0.0,605,1.0
0,3,0.25,9,5,1,6.720115721788721,7.108683278001664,0.0562116588063363,605,1.0
0,3,0.25,21,5,1,12.182750566453048,5.369087899579852,-0.8193630202687757,605,1.0
0,3,0.25,24,5,1,3.841116328287859,2.402293506040553,-0.4693391262936446,605,1.0
0,3,0.25,27,5,1,38.487409389632106,19.286849646578503,-0.690907660753779,605,1.0
0,3,0.25,9,20,1,74.87534134910513,51.041744700924525,-0.3831807938806698,605,1.0
0,3,0.25,21,20,1,165.293216467726,21.371590140842837,-2.04565848975944,605,1.0
0,3,0.25,24,20,1,33.235298835742505,11.446474515952326,-1.065930748998993,605,1.0
0,3,0.25,27,20,1,531.9549812079247,174.06670637727726,-1.1171202682400183,605,1.0
0,3,0.25,9,50,1,204.20679728395405,159.4106085487927,-0.2476498754159641,605,1.0
0,3,0.25,21,50,1,329.4528925749725,48.10658698691243,-1.9240142660026924,605,1.0
0,3,0.25,24,50,1,31.170497893229207,5.737258390620846,-1.692490603194287,605,1.0
0,3,0.25,27,50,1,1106.3163421903753,221.7995293078367,-1.6070172120983712,605,1.0
0,3,0.25,0,5,2,1.6857358410349217,2.888865160240584,0.5386615774994881,605,1.0
0,3,0.25,12,5,2,3.095103578525199,4.096772363761039,0.2803780633502103,605,1.0
0,3,0.25,15,5,2,13.45456527257972,4.002744192949465,-1.212338299792924,605,1.0
0,3,0.25,18,5,2,10.255014408532231,3.0496036002396223,-1.21275518151013,605,1.0
0,3,0.25,0,20,2,7.027337170867331,19.748219282197454,1.0332554711039563,605,1.0
0,3,0.25,12,20,2,30.620390476344557,25.41227387836847,-0.1864338616108266,605,1.0
0,3,0.25,15,20,2,169.36171633630985,27.384033145988408,-1.8220766493820943,605,1.0
0,3,0.25,18,20,2,160.99076090814134,23.57791057715553,-1.921036696450471,605,1.0
0,3,0.25,0,50,2,8.750957483278215,27.163535711534088,1.1327123540115185,605,1.0
0,3,0.25,12,50,2,88.68663371135203,21.23503587362588,-1.429456733867989,605,1.0
0,3,0.25,15,50,2,318.80779244087506,59.91007451413383,-1.6717437097935226,605,1.0
0,3,0.25,18,50,2,475.2551051347895,40.43502868533802,-2.464155267343291,605,1.0
0,4,0.0,0,5,0,1.6857358410349217,1.6857358410349217,0.0,605,1.0
0,4,0.0,9,5,0,6.720115721788721,6.720115721788721,0.0,605,1.0
0,4,0.0,18,5,0,10.255014408532231,10.255014408532231,0.0,605,1.0
0,4,0.0,24,5,0,3.841116328287859,3.841116328287859,0.0,605,1.0
0,4,0.0,0,20,0,7.027337170867331,7.027337170867331,0.0,605,1.0
0,4,0.0,9,20,0,74.87534134910513,74.87534134910513,0.0,605,1.0
0,4,0.0,18,20,0,160.99076090814134,160.99076090814134,0.0,605,1.0
0,4,0.0,24,20,0,33.235298835742505,33.235298835742505,0.0,605,1.0
0,4,0.0,0,50,0,8.750957483278215,8.750957483278215,0.0,605,1.0
0,4,0.0,9,50,0,204.20679728395405,204.20679728395405,0.0,605,1.0
0,4,0.0,18,50,0,475.2551051347895,475.2551051347895,0.0,605,1.0
0,4,0.0,24,50,0,31.170497893229207,31.170497893229207,0.0,605,1.0
0,4,0.0,12,5,1,3.095103578525199,18.7993455351464,1.8040006852875263,605,1.0
0,4,0.0,15,5,1,13.45456527257972,176.71473186647097,2.575218274116535,605,1.0
0,4,0.0,12,20,1,30.620390476344557,248.53343023542612,2.0939112221207297,605,1.0
0,4,0.0,15,20,1,169.36171633630985,1828.495692482344,2.3792121207972574,605,1.0
0,4,0.0,12,50,1,88.68663371135203,64.24644638780259,-0.3223827738884549,605,1.0
0,4,0.0,15,50,1,318.80779244087506,458.2981531464605,0.3629315720587861,605,1.0
0,4,0.0,3,5,2,5.869982283144327,5.870005845992953,4.014117964552304e-06,605,1.0
0,4,0.0,6,5,2,2.6006464424612474,2.600650205208049,1.446849528661151e-06,605,1.0
0,4,0.0,21,5,2,12.182750566453048,12.182741229612406,-7.66398701864123e-07,605,1.0
0,4,0.0,27,5,2,38.487409389632106,38.4874840060276,1.938720333449215e-06,605,1.0
0,4,0.0,3,20,2,77.29588904294587,77.29640117636264,6.625601005604911e-06,605,1.0
0,4,0.0,6,20,2,17.22794320301661,17.22801133061502,3.954474593915153e-06,605,1.0
0,4,0.0,21,20,2,165.293216467726,165.29330001936685,5.054751882956716e-07,605,1.0
0,4,0.0,27,20,2,531.9549812079247,531.9566479783782,3.1332874044120665e-06,605,1.0
0,4,0.0,3,50,2,200.66201508423995,200.66346587841,7.230012739655183e-06,605,1.0
0,4,0.0,6,50,2,32.111568504100234,32.1116291771291,1.889442788912231e-06,605,1.0
0,4,0.0,21,50,2,329.4528925749725,329.45303941223955,4.457002430863917e-07,605,1.0
0,4,0.0,27,50,2,1106.3163421903753,1106.3192350513548,2.614855341892847e-06,605,1.0
0,4,0.1,0,5,0,1.6857358410349217,1.6857358410349217,0.0,605,1.0
0,4,0.1,3,5,0,5.869982283144327,5.869982283144327,0.0,605,1.0
0,4,0.1,6,5,0,2.6006464424612474,2.6006464424612474,0.0,605,1.0
0,4,0.1,9,5,0,6.720115721788721,6.720115721788721,0.0,605,1.0
0,4,0.1,15,5,0,13.45456527257972,13.45456527257972,0.0,605,1.0
0,4,0.1,18,5,0,10.255014408532231,10.255014408532231,0.0,605,1.0
0,4,0.1,21,5,0,12.182750566453048,12.182750566453048,0.0,605,1.0
0,4,0.1,24,5,0,3.841116328287859,3.841116328287859,0.0,605,1.0
0,4,0.1,27,5,0,38.487409389632106,38.487409389632106,0.0,605,1.0
0,4,0.1,0,20,0,7.027337170867331,7.027337170867331,0.0,605,1.0
0,4,0.1,3,20,0,77.29588904294587,77.29588904294587,0.0,605,1.0
0,4,0.1,6,20,0,17.22794320301661,17.22794320301661,0.0,605,1.0
0,4,0.1,9,20,0,74.87534134910513,74.87534134910513,0.0,605,1.0
0,4,0.1,15,20,0,169.36171633630985,169.36171633630985,0.0,605,1.0
0,4,0.1,18,20,0,160.99076090814134,160.99076090814134,0.0,605,1.0
0,4,0.1,21,20,0,165.293216467726,165.293216467726,0.0,605,1.0
0,4,0.1,24,20,0,33.235298835742505,33.235298835742505,0.0,605,1.0
0,4,0.1,27,20,0,531.9549812079247,531.9549812079247,0.0,605,1.0
0,4,0.1,0,50,0,8.750957483278215,8.750957483278215,0.0,605,1.0
0,4,0.1,3,50,0,200.66201508423995,200.66201508423995,0.0,605,1.0
0,4,0.1,6,50,0,32.111568504100234,32.111568504100234,0.0,605,1.0
0,4,0.1,9,50,0,204.20679728395405,204.20679728395405,0.0,605,1.0
0,4,0.1,15,50,0,318.80779244087506,318.80779244087506,0.0,605,1.0
0,4,0.1,18,50,0,475.2551051347895,475.2551051347895,0.0,605,1.0
0,4,0.1,21,50,0,329.4528925749725,329.4528925749725,0.0,605,1.0
0,4,0.1,24,50,0,31.170497893229207,31.170497893229207,0.0,605,1.0
0,4,0.1,27,50,0,1106.3163421903753,1106.3163421903753,0.0,605,1.0
0,4,0.1,12,5,1,3.095103578525199,18.7993455351464,1.8040006852875263,605,1.0
0,4,0.1,12,20,1,30.620390476344557,248.53343023542612,2.0939112221207297,605,1.0
0,4,0.1,12,50,1,88.68663371135203,64.24644638780259,-0.3223827738884549,605,1.0
0,4,0.25,0,5,0,1.6857358410349217,1.6857358410349217,0.0,605,1.0
0,4,0.25,3,5,0,5.869982283144327,5.869982283144327,0.0,605,1.0
0,4,0.25,6,5,0,2.6006464424612474,2.6006464424612474,0.0,605,1.0
0,4,0.25,9,5,0,6.720115721788721,6.720115721788721,0.0,605,1.0
0,4,0.25,15,5,0,13.45456527257972,13.45456527257972,0.0,605,1.0
0,4,0.25,18,5,0,10.255014408532231,10.255014408532231,0.0,605,1.0
0,4,0.25,21,5,0,12.182750566453048,12.182750566453048,0.0,605,1.0
0,4,0.25,24,5,0,3.841116328287859,3.841116328287859,0.0,605,1.0
0,4,0.25,27,5,0,38.487409389632106,38.487409389632106,0.0,605,1.0
0,4,0.25,0,20,0,7.027337170867331,7.027337170867331,0.0,605,1.0
0,4,0.25,3,20,0,77.29588904294587,77.29588904294587,0.0,605,1.0
0,4,0.25,6,20,0,17.22794320301661,17.22794320301661,0.0,605,1.0
0,4,0.25,9,20,0,74.87534134910513,74.87534134910513,0.0,605,1.0
0,4,0.25,15,20,0,169.36171633630985,169.36171633630985,0.0,605,1.0
0,4,0.25,18,20,0,160.99076090814134,160.99076090814134,0.0,605,1.0
0,4,0.25,21,20,0,165.293216467726,165.293216467726,0.0,605,1.0
0,4,0.25,24,20,0,33.235298835742505,33.235298835742505,0.0,605,1.0
0,4,0.25,27,20,0,531.9549812079247,531.9549812079247,0.0,605,1.0
0,4,0.25,0,50,0,8.750957483278215,8.750957483278215,0.0,605,1.0
0,4,0.25,3,50,0,200.66201508423995,200.66201508423995,0.0,605,1.0
0,4,0.25,6,50,0,32.111568504100234,32.111568504100234,0.0,605,1.0
0,4,0.25,9,50,0,204.20679728395405,204.20679728395405,0.0,605,1.0
0,4,0.25,15,50,0,318.80779244087506,318.80779244087506,0.0,605,1.0
0,4,0.25,18,50,0,475.2551051347895,475.2551051347895,0.0,605,1.0
0,4,0.25,21,50,0,329.4528925749725,329.4528925749725,0.0,605,1.0
0,4,0.25,24,50,0,31.170497893229207,31.170497893229207,0.0,605,1.0
0,4,0.25,27,50,0,1106.3163421903753,1106.3163421903753,0.0,605,1.0
0,4,0.25,12,5,1,3.095103578525199,18.7993455351464,1.8040006852875263,605,1.0
0,4,0.25,12,20,1,30.620390476344557,248.53343023542612,2.0939112221207297,605,1.0
0,4,0.25,12,50,1,88.68663371135203,64.24644638780259,-0.3223827738884549,605,1.0
0,5,0.0,3,5,0,5.869982283144327,5.869982283144327,0.0,605,1.0
0,5,0.0,6,5,0,2.6006464424612474,2.6006464424612474,0.0,605,1.0
0,5,0.0,3,20,0,77.29588904294587,77.29588904294587,0.0,605,1.0
0,5,0.0,6,20,0,17.22794320301661,17.22794320301661,0.0,605,1.0
0,5,0.0,3,50,0,200.66201508423995,200.66201508423995,0.0,605,1.0
0,5,0.0,6,50,0,32.111568504100234,32.111568504100234,0.0,605,1.0
0,5,0.0,0,5,1,1.6857358410349217,2.888865950825459,0.5386618511656937,605,1.0
0,5,0.0,12,5,1,3.095103578525199,4.0967735313195845,0.2803783483449026,605,1.0
0,5,0.0,15,5,1,13.45456527257972,4.002747154404181,-1.2123375599370956,605,1.0
0,5,0.0,18,5,1,10.255014408532231,3.049602991823109,-1.2127553810169032,605,1.0
0,5,0.0,0,20,1,7.027337170867331,19.748221668044945,1.0332555919172466,605,1.0
0,5,0.0,12,20,1,30.620390476344557,25.412272314340782,-0.1864339231569811,605,1.0
0,5,0.0,15,20,1,169.36171633630985,27.3840547385013,-1.8220758608750007,605,1.0
0,5,0.0,18,20,1,160.99076090814134,23.577898009402865,-1.9210372294814184,605,1.0
0,5,0.0,0,50,1,8.750957483278215,27.163539199957107,1.13271248243452,605,1.0
0,5,0.0,12,50,1,88.68663371135203,21.23503194311288,-1.4294569189636674,605,1.0
0,5,0.0,15,50,1,318.80779244087506,59.910093439847934,-1.6717433938915436,605,1.0
0,5,0.0,18,50,1,475.2551051347895,40.43499307527016,-2.464156148017417,605,1.0
0,5,0.0,9,5,2,6.720115721788721,7.108685328433825,0.0562119472467951,605,1.0
0,5,0.0,21,5,2,12.182750566453048,5.369090792525388,-0.8193624814538389,605,1.0
0,5,0.0,24,5,2,3.841116328287859,2.402294532465295,-0.4693386990250697,605,1.0
0,5,0.0,27,5,2,38.487409389632106,19.286850922632627,-0.690907594591907,605,1.0
0,5,0.0,9,20,2,74.87534134910513,51.04174876510194,-0.3831807142560944,605,1.0
0,5,0.0,21,20,2,165.293216467726,21.3716221366468,-2.0456569926420145,605,1.0
0,5,0.0,24,20,2,33.235298835742505,11.446490663062288,-1.0659293383376975,605,1.0
0,5,0.0,27,20,2,531.9549812079247,174.066760612006,-1.117119956665672,605,1.0
0,5,0.0,9,50,2,204.20679728395405,159.41067224203258,-0.2476494758614568,605,1.0
0,5,0.0,21,50,2,329.4528925749725,48.10664981599661,-1.9240129599644324,605,1.0
0,5,0.0,24,50,2,31.170497893229207,5.73726427373175,-1.6924895777728248,605,1.0
0,5,0.0,27,50,2,1106.3163421903753,221.7995972970488,-1.607016905563899,605,1.0
0,5,0.1,3,5,0,5.869982283144327,5.869982283144327,0.0,605,1.0
0,5,0.1,6,5,0,2.6006464424612474,2.6006464424612474,0.0,605,1.0
0,5,0.1,3,20,0,77.29588904294587,77.29588904294587,0.0,605,1.0
0,5,0.1,6,20,0,17.22794320301661,17.22794320301661,0.0,605,1.0
0,5,0.1,3,50,0,200.66201508423995,200.66201508423995,0.0,605,1.0
0,5,0.1,6,50,0,32.111568504100234,32.111568504100234,0.0,605,1.0
0,5,0.1,0,5,1,1.6857358410349217,2.888865950825459,0.5386618511656937,605,1.0
0,5,0.1,12,5,1,3.095103578525199,4.0967735313195845,0.2803783483449026,605,1.0
0,5,0.1,15,5,1,13.45456527257972,4.002747154404181,-1.2123375599370956,605,1.0
0,5,0.1,18,5,1,10.255014408532231,3.049602991823109,-1.2127553810169032,605,1.0
0,5,0.1,0,20,1,7.027337170867331,19.748221668044945,1.0332555919172466,605,1.0
0,5,0.1,12,20,1,30.620390476344557,25.412272314340782,-0.1864339231569811,605,1.0
0,5,0.1,15,20,1,169.36171633630985,27.3840547385013,-1.8220758608750007,605,1.0
0,5,0.1,18,20,1,160.99076090814134,23.577898009402865,-1.9210372294814184,605,1.0
0,5,0.1,0,50,1,8.750957483278215,27.163539199957107,1.13271248243452,605,1.0
0,5,0.1,12,50,1,88.68663371135203,21.23503194311288,-1.4294569189636674,605,1.0
0,5,0.1,15,50,1,318.80779244087506,59.910093439847934,-1.6717433938915436,605,1.0
0,5,0.1,18,50,1,475.2551051347895,40.43499307527016,-2.464156148017417,605,1.0
0,5,0.1,9,5,2,6.720115721788721,7.108685328433825,0.0562119472467951,605,1.0
0,5,0.1,21,5,2,12.182750566453048,5.369090792525388,-0.8193624814538389,605,1.0
0,5,0.1,24,5,2,3.841116328287859,2.402294532465295,-0.4693386990250697,605,1.0
0,5,0.1,27,5,2,38.487409389632106,19.286850922632627,-0.690907594591907,605,1.0
0,5,0.1,9,20,2,74.87534134910513,51.04174876510194,-0.3831807142560944,605,1.0
0,5,0.1,21,20,2,165.293216467726,21.3716221366468,-2.0456569926420145,605,1.0
0,5,0.1,24,20,2,33.235298835742505,11.446490663062288,-1.0659293383376975,605,1.0
0,5,0.1,27,20,2,531.9549812079247,174.066760612006,-1.117119956665672,605,1.0
0,5,0.1,9,50,2,204.20679728395405,159.41067224203258,-0.2476494758614568,605,1.0
0,5,0.1,21,50,2,329.4528925749725,48.10664981599661,-1.9240129599644324,605,1.0
0,5,0.1,24,50,2,31.170497893229207,5.73726427373175,-1.6924895777728248,605,1.0
0,5,0.1,27,50,2,1106.3163421903753,221.7995972970488,-1.607016905563899,605,1.0
0,5,0.25,3,5,0,5.869982283144327,5.869982283144327,0.0,605,1.0
0,5,0.25,6,5,0,2.6006464424612474,2.6006464424612474,0.0,605,1.0
0,5,0.25,3,20,0,77.29588904294587,77.29588904294587,0.0,605,1.0
0,5,0.25,6,20,0,17.22794320301661,17.22794320301661,0.0,605,1.0
0,5,0.25,3,50,0,200.66201508423995,200.66201508423995,0.0,605,1.0
0,5,0.25,6,50,0,32.111568504100234,32.111568504100234,0.0,605,1.0
0,5,0.25,0,5,1,1.6857358410349217,2.888865950825459,0.5386618511656937,605,1.0
0,5,0.25,12,5,1,3.095103578525199,4.0967735313195845,0.2803783483449026,605,1.0
0,5,0.25,15,5,1,13.45456527257972,4.002747154404181,-1.2123375599370956,605,1.0
0,5,0.25,18,5,1,10.255014408532231,3.049602991823109,-1.2127553810169032,605,1.0
0,5,0.25,0,20,1,7.027337170867331,19.748221668044945,1.0332555919172466,605,1.0
0,5,0.25,12,20,1,30.620390476344557,25.412272314340782,-0.1864339231569811,605,1.0
0,5,0.25,15,20,1,169.36171633630985,27.3840547385013,-1.8220758608750007,605,1.0
0,5,0.25,18,20,1,160.99076090814134,23.577898009402865,-1.9210372294814184,605,1.0
0,5,0.25,0,50,1,8.750957483278215,27.163539199957107,1.13271248243452,605,1.0
0,5,0.25,12,50,1,88.68663371135203,21.23503194311288,-1.4294569189636674,605,1.0
0,5,0.25,15,50,1,318.80779244087506,59.910093439847934,-1.6717433938915436,605,1.0
0,5,0.25,18,50,1,475.2551051347895,40.43499307527016,-2.464156148017417,605,1.0
0,5,0.25,9,5,2,6.720115721788721,7.108685328433825,0.0562119472467951,605,1.0
0,5,0.25,21,5,2,12.182750566453048,5.369090792525388,-0.8193624814538389,605,1.0
0,5,0.25,24,5,2,3.841116328287859,2.402294532465295,-0.4693386990250697,605,1.0
0,5,0.25,27,5,2,38.487409389632106,19.286850922632627,-0.690907594591907,605,1.0
0,5,0.25,9,20,2,74.87534134910513,51.04174876510194,-0.3831807142560944,605,1.0
0,5,0.25,21,20,2,165.293216467726,21.3716221366468,-2.0456569926420145,605,1.0
0,5,0.25,24,20,2,33.235298835742505,11.446490663062288,-1.0659293383376975,605,1.0
0,5,0.25,27,20,2,531.9549812079247,174.066760612006,-1.117119956665672,605,1.0
0,5,0.25,9,50,2,204.20679728395405,159.41067224203258,-0.2476494758614568,605,1.0
0,5,0.25,21,50,2,329.4528925749725,48.10664981599661,-1.9240129599644324,605,1.0
0,5,0.25,24,50,2,31.170497893229207,5.73726427373175,-1.6924895777728248,605,1.0
0,5,0.25,27,50,2,1106.3163421903753,221.7995972970488,-1.607016905563899,605,1.0
1,0,0.0,1,5,0,2.5089226000465072,2.5089226000465072,0.0,605,1.0
1,0,0.0,4,5,0,1.9749203986745565,1.9749203986745565,0.0,605,1.0
1,0,0.0,25,5,0,8.104163763643678,8.104163763643678,0.0,605,1.0
1,0,0.0,28,5,0,3.435559233648099,3.435559233648099,0.0,605,1.0
1,0,0.0,1,20,0,21.229103643726884,21.229103643726884,0.0,605,1.0
1,0,0.0,4,20,0,5.785590702451808,5.785590702451808,0.0,605,1.0
1,0,0.0,25,20,0,139.8336073956951,139.8336073956951,0.0,605,1.0
1,0,0.0,28,20,0,33.142980992853644,33.142980992853644,0.0,605,1.0
1,0,0.0,1,50,0,61.20455070086516,61.20455070086516,0.0,605,1.0
1,0,0.0,4,50,0,24.377097609720277,24.377097609720277,0.0,605,1.0
1,0,0.0,25,50,0,476.1122403969876,476.1122403969876,0.0,605,1.0
1,0,0.0,28,50,0,48.47981735619426,48.47981735619426,0.0,605,1.0
1,0,0.0,10,5,1,7.712668680083919,7.300535199948229,-0.0549165994635462,605,1.0
1,0,0.0,13,5,1,2.6333413036972853,2.358614800336663,-0.1101789998151464,605,1.0
1,0,0.0,16,5,1,4.133568984230337,2.339448852827145,-0.5692258259840236,605,1.0
1,0,0.0,19,5,1,11.969747615225511,5.001437849818665,-0.8726569935135963,605,1.0
1,0,0.0,10,20,1,28.25303165851562,31.60812843924962,0.1122135494250582,605,1.0
1,0,0.0,13,20,1,21.315466367696235,14.60353290920839,-0.3781694502419199,605,1.0
1,0,0.0,16,20,1,54.91329024549276,9.3577225259917,-1.769553459183245,605,1.0
1,0,0.0,19,20,1,212.2816535006349,38.180981144627566,-1.715576431336842,605,1.0
1,0,0.0,10,50,1,54.58619220550647,59.50669503655151,0.0863078670844657,605,1.0
1,0,0.0,13,50,1,133.77238193839688,76.92994879536137,-0.5532444615013401,605,1.0
1,0,0.0,16,50,1,140.95318889610525,66.6518317477212,-0.7489453122777798,605,1.0
1,0,0.0,19,50,1,1244.5217111877016,317.45818463891703,-1.3661604596321475,605,1.0
1,0,0.0,7,5,2,3.4673009279368183,5.9191246968956674,0.534812121984283,605,1.0
1,0,0.0,22,5,2,25.025839201249635,8.680223977217393,-1.0588615269882506,605,1.0
1,0,0.0,7,20,2,25.56719377399164,36.41352528108195,0.3536302428149225,605,1.0
1,0,0.0,22,20,2,402.2908570940244,89.10181781610092,-1.5073956158653388,605,1.0
1,0,0.0,7,50,2,62.30270162585367,24.147460667276835,-0.9478255634169602,605,1.0
1,0,0.0,22,50,2,1431.5821215125302,223.299398420142,-1.858022025548976,605,1.0
1,0,0.1,1,5,0,2.5089226000465072,2.5089226000465072,0.0,605,1.0
1,0,0.1,4,5,0,1.9749203986745565,1.9749203986745565,0.0,605,1.0
1,0,0.1,13,5,0,2.6333413036972853,2.6333413036972853,0.0,605,1.0
1,0,0.1,25,5,0,8.104163763643678,8.104163763643678,0.0,605,1.0
1,0,0.1,28,5,0,3.435559233648099,3.435559233648099,0.0,605,1.0
1,0,0.1,1,20,0,21.229103643726884,21.229103643726884,0.0,605,1.0
1,0,0.1,4,20,0,5.785590702451808,5.785590702451808,0.0,605,1.0
1,0,0.1,13,20,0,21.315466367696235,21.315466367696235,0.0,605,1.0
1,0,0.1,25,20,0,139.8336073956951,139.8336073956951,0.0,605,1.0
1,0,0.1,28,20,0,33.142980992853644,33.142980992853644,0.0,605,1.0
1,0,0.1,1,50,0,61.20455070086516,61.20455070086516,0.0,605,1.0
1,0,0.1,4,50,0,24.377097609720277,24.377097609720277,0.0,605,1.0
1,0,0.1,13,50,0,133.77238193839688,133.77238193839688,0.0,605,1.0
1,0,0.1,25,50,0,476.1122403969876,476.1122403969876,0.0,605,1.0
1,0,0.1,28,50,0,48.47981735619426,48.47981735619426,0.0,605,1.0
1,0,0.1,10,5,1,7.712668680083919,7.300535199948229,-0.0549165994635462,605,1.0
1,0,0.1,16,5,1,4.133568984230337,2.339448852827145,-0.5692258259840236,605,1.0
1,0,0.1,19,5,1,11.969747615225511,5.001437849818665,-0.8726569935135963,605,1.0
1,0,0.1,10,20,1,28.25303165851562,31.60812843924962,0.1122135494250582,605,1.0
1,0,0.1,16,20,1,54.91329024549276,9.3577225259917,-1.769553459183245,605,1.0
1,0,0.1,19,20,1,212.2816535006349,38.180981144627566,-1.715576431336842,605,1.0
1,0,0.1,10,50,1,54.58619220550647,59.50669503655151,0.0863078670844657,605,1.0
1,0,0.1,16,50,1,140.95318889610525,66.6518317477212,-0.7489453122777798,605,1.0
1,0,0.1,19,50,1,1244.5217111877016,317.45818463891703,-1.3661604596321475,605,1.0
1,0,0.1,7,5,2,3.4673009279368183,5.9191246968956674,0.534812121984283,605,1.0
1,0,0.1,22,5,2,25.025839201249635,8.680223977217393,-1.0588615269882506,605,1.0
1,0,0.1,7,20,2,25.56719377399164,36.41352528108195,0.3536302428149225,605,1.0
1,0,0.1,22,20,2,402.2908570940244,89.10181781610092,-1.5073956158653388,605,1.0
1,0,0.1,7,50,2,62.30270162585367,24.147460667276835,-0.9478255634169602,605,1.0
1,0,0.1,22,50,2,1431.5821215125302,223.299398420142,-1.858022025548976,605,1.0
1,0,0.25,1,5,0,2.5089226000465072,2.5089226000465072,0.0,605,1.0
1,0,0.25,4,5,0,1.9749203986745565,1.9749203986745565,0.0,605,1.0
1,0,0.25,13,5,0,2.6333413036972853,2.6333413036972853,0.0,605,1.0
1,0,0.25,25,5,0,8.104163763643678,8.104163763643678,0.0,605,1.0
1,0,0.25,28,5,0,3.435559233648099,3.435559233648099,0.0,605,1.0
1,0,0.25,1,20,0,21.229103643726884,21.229103643726884,0.0,605,1.0
1,0,0.25,4,20,0,5.785590702451808,5.785590702451808,0.0,605,1.0
1,0,0.25,13,20,0,21.315466367696235,21.315466367696235,0.0,605,1.0
1,0,0.25,25,20,0,139.8336073956951,139.8336073956951,0.0,605,1.0
1,0,0.25,28,20,0,33.142980992853644,33.142980992853644,0.0,605,1.0
1,0,0.25,1,50,0,61.20455070086516,61.20455070086516,0.0,605,1.0
1,0,0.25,4,50,0,24.377097609720277,24.377097609720277,0.0,605,1.0
1,0,0.25,13,50,0,133.77238193839688,133.77238193839688,0.0,605,1.0
1,0,0.25,25,50,0,476.1122403969876,476.1122403969876,0.0,605,1.0
1,0,0.25,28,50,0,48.47981735619426,48.47981735619426,0.0,605,1.0
1,0,0.25,10,5,1,7.712668680083919,7.300535199948229,-0.0549165994635462,605,1.0
1,0,0.25,16,5,1,4.133568984230337,2.339448852827145,-0.5692258259840236,605,1.0
1,0,0.25,19,5,1,11.969747615225511,5.001437849818665,-0.8726569935135963,605,1.0
1,0,0.25,10,20,1,28.25303165851562,31.60812843924962,0.1122135494250582,605,1.0
1,0,0.25,16,20,1,54.91329024549276,9.3577225259917,-1.769553459183245,605,1.0
1,0,0.25,19,20,1,212.2816535006349,38.180981144627566,-1.715576431336842,605,1.0
1,0,0.25,10,50,1,54.58619220550647,59.50669503655151,0.0863078670844657,605,1.0
1,0,0.25,16,50,1,140.95318889610525,66.6518317477212,-0.7489453122777798,605,1.0
1,0,0.25,19,50,1,1244.5217111877016,317.45818463891703,-1.3661604596321475,605,1.0
1,0,0.25,7,5,2,3.4673009279368183,5.9191246968956674,0.534812121984283,605,1.0
1,0,0.25,22,5,2,25.025839201249635,8.680223977217393,-1.0588615269882506,605,1.0
1,0,0.25,7,20,2,25.56719377399164,36.41352528108195,0.3536302428149225,605,1.0
1,0,0.25,22,20,2,402.2908570940244,89.10181781610092,-1.5073956158653388,605,1.0
1,0,0.25,7,50,2,62.30270162585367,24.147460667276835,-0.9478255634169602,605,1.0
1,0,0.25,22,50,2,1431.5821215125302,223.299398420142,-1.858022025548976,605,1.0
1,1,0.0,4,5,0,1.9749203986745565,1.9749203986745565,0.0,605,1.0
1,1,0.0,7,5,0,3.4673009279368183,3.4673009279368183,0.0,605,1.0
1,1,0.0,4,20,0,5.785590702451808,5.785590702451808,0.0,605,1.0
1,1,0.0,7,20,0,25.56719377399164,25.56719377399164,0.0,605,1.0
1,1,0.0,4,50,0,24.377097609720277,24.377097609720277,0.0,605,1.0
1,1,0.0,7,50,0,62.30270162585367,62.30270162585367,0.0,605,1.0
1,1,0.0,10,5,1,7.712668680083919,3.3727774081681683,-0.8271276983318169,605,1.0
1,1,0.0,13,5,1,2.6333413036972853,5.741377937738605,0.779445742840667,605,1.0
1,1,0.0,16,5,1,4.133568984230337,2.497062295891865,-0.5040262353504001,605,1.0
1,1,0.0,19,5,1,11.969747615225511,3.5640868584782432,-1.2114745541937948,605,1.0
1,1,0.0,10,20,1,28.25303165851562,8.68309641579697,-1.1798225721904645,605,1.0
1,1,0.0,13,20,1,21.315466367696235,67.36202725924663,1.1506485356061087,605,1.0
1,1,0.0,16,20,1,54.91329024549276,17.9566743258276,-1.1177935256329532,605,1.0
1,1,0.0,19,20,1,212.2816535006349,24.31986387706807,-2.1666204872507024,605,1.0
1,1,0.0,10,50,1,54.58619220550647,26.667433304885165,-0.716337866234027,605,1.0
1,1,0.0,13,50,1,133.77238193839688,143.14938094098352,0.0677489936154172,605,1.0
1,1,0.0,16,50,1,140.95318889610525,25.624523878145816,-1.7048779846905202,605,1.0
1,1,0.0,19,50,1,1244.5217111877016,139.26692902601727,-2.1901141230509653,605,1.0
1,1,0.0,1,5,2,2.5089226000465072,2.0135355417644822,-0.2199612650965562,605,1.0
1,1,0.0,22,5,2,25.025839201249635,13.445869856213797,-0.6212368741509271,605,1.0
1,1,0.0,25,5,2,8.104163763643678,4.679349555561934,-0.5492188580807407,605,1.0
1,1,0.0,28,5,2,3.435559233648099,2.7765735374369958,-0.2129620899690684,605,1.0
1,1,0.0,1,20,2,21.229103643726884,14.762916513898675,-0.3632546581690972,605,1.0
1,1,0.0,22,20,2,402.2908570940244,109.01972026535628,-1.3056465663796537,605,1.0
1,1,0.0,25,20,2,139.8336073956951,47.19986909156408,-1.0860620780549173,605,1.0
1,1,0.0,28,20,2,33.142980992853644,15.626735731618815,-0.7518476831809722,605,1.0
1,1,0.0,1,50,2,61.20455070086516,67.99246062288508,0.1051752812252077,605,1.0
1,1,0.0,22,50,2,1431.5821215125302,423.9984023575177,-1.216805803148071,605,1.0
1,1,0.0,25,50,2,476.1122403969876,73.88043929046468,-1.86320552427535,605,1.0
1,1,0.0,28,50,2,48.47981735619426,17.329193853227366,-1.0287549891164904,605,1.0
1,1,0.1,4,5,0,1.9749203986745565,1.9749203986745565,0.0,605,1.0
1,1,0.1,7,5,0,3.4673009279368183,3.4673009279368183,0.0,605,1.0
1,1,0.1,4,20,0,5.785590702451808,5.785590702451808,0.0,605,1.0
1,1,0.1,7,20,0,25.56719377399164,25.56719377399164,0.0,605,1.0
1,1,0.1,4,50,0,24.377097609720277,24.377097609720277,0.0,605,1.0
1,1,0.1,7,50,0,62.30270162585367,62.30270162585367,0.0,605,1.0
1,1,0.1,10,5,1,7.712668680083919,3.3727774081681683,-0.8271276983318169,605,1.0
1,1,0.1,13,5,1,2.6333413036972853,5.741377937738605,0.779445742840667,605,1.0
1,1,0.1,16,5,1,4.133568984230337,2.497062295891865,-0.5040262353504001,605,1.0
1,1,0.1,19,5,1,11.969747615225511,3.5640868584782432,-1.2114745541937948,605,1.0
1,1,0.1,10,20,1,28.25303165851562,8.68309641579697,-1.1798225721904645,605,1.0
1,1,0.1,13,20,1,21.315466367696235,67.36202725924663,1.1506485356061087,605,1.0
1,1,0.1,16,20,1,54.91329024549276,17.9566743258276,-1.1177935256329532,605,1.0
1,1,0.1,19,20,1,212.2816535006349,24.31986387706807,-2.1666204872507024,605,1.0
1,1,0.1,10,50,1,54.58619220550647,26.667433304885165,-0.716337866234027,605,1.0
1,1,0.1,13,50,1,133.77238193839688,143.14938094098352,0.0677489936154172,605,1.0
1,1,0.1,16,50,1,140.95318889610525,25.624523878145816,-1.7048779846905202,605,1.0
1,1,0.1,19,50,1,1244.5217111877016,139.26692902601727,-2.1901141230509653,605,1.0
1,1,0.1,1,5,2,2.5089226000465072,2.0135355417644822,-0.2199612650965562,605,1.0
1,1,0.1,22,5,2,25.025839201249635,13.445869856213797,-0.6212368741509271,605,1.0
1,1,0.1,25,5,2,8.104163763643678,4.679349555561934,-0.5492188580807407,605,1.0
1,1,0.1,28,5,2,3.435559233648099,2.7765735374369958,-0.2129620899690684,605,1.0
1,1,0.1,1,20,2,21.229103643726884,14.762916513898675,-0.3632546581690972,605,1.0
1,1,0.1,22,20,2,402.2908570940244,109.01972026535628,-1.3056465663796537,605,1.0
1,1,0.1,25,20,2,139.8336073956951,47.19986909156408,-1.0860620780549173,605,1.0
1,1,0.1,28,20,2,33.142980992853644,15.626735731618815,-0.7518476831809722,605,1.0
1,1,0.1,1,50,2,61.20455070086516,67.99246062288508,0.1051752812252077,605,1.0
1,1,0.1,22,50,2,1431.5821215125302,423.9984023575177,-1.216805803148071,605,1.0
1,1,0.1,25,50,2,476.1122403969876,73.88043929046468,-1.86320552427535,605,1.0
1,1,0.1,28,50,2,48.47981735619426,17.329193853227366,-1.0287549891164904,605,1.0
1,1,0.25,4,5,0,1.9749203986745565,1.9749203986745565,0.0,605,1.0
1,1,0.25,7,5,0,3.4673009279368183,3.4673009279368183,0.0,605,1.0
1,1,0.25,13,5,0,2.6333413036972853,2.6333413036972853,0.0,605,1.0
1,1,0.25,4,20,0,5.785590702451808,5.785590702451808,0.0,605,1.0
1,1,0.25,7,20,0,25.56719377399164,25.56719377399164,0.0,605,1.0
1,1,0.25,13,20,0,21.315466367696235,21.315466367696235,0.0,605,1.0
1,1,0.25,4,50,0,24.377097609720277,24.377097609720277,0.0,605,1.0
1,1,0.25,7,50,0,62.30270162585367,62.30270162585367,0.0,605,1.0
1,1,0.25,13,50,0,133.77238193839688,133.77238193839688,0.0,605,1.0
1,1,0.25,10,5,1,7.712668680083919,3.3727774081681683,-0.8271276983318169,605,1.0
1,1,0.25,16,5,1,4.133568984230337,2.497062295891865,-0.5040262353504001,605,1.0
1,1,0.25,19,5,1,11.969747615225511,3.5640868584782432,-1.2114745541937948,605,1.0
1,1,0.25,10,20,1,28.25303165851562,8.68309641579697,-1.1798225721904645,605,1.0
1,1,0.25,16,20,1,54.91329024549276,17.9566743258276,-1.1177935256329532,605,1.0
1,1,0.25,19,20,1,212.2816535006349,24.31986387706807,-2.1666204872507024,605,1.0
1,1,0.25,10,50,1,54.58619220550647,26.667433304885165,-0.716337866234027,605,1.0
1,1,0.25,16,50,1,140.95318889610525,25.624523878145816,-1.7048779846905202,605,1.0
1,1,0.25,19,50,1,1244.5217111877016,139.26692902601727,-2.1901141230509653,605,1.0
1,1,0.25,1,5,2,2.5089226000465072,2.0135355417644822,-0.2199612650965562,605,1.0
1,1,0.25,22,5,2,25.025839201249635,13.445869856213797,-0.6212368741509271,605,1.0
1,1,0.25,25,5,2,8.104163763643678,4.679349555561934,-0.5492188580807407,605,1.0
1,1,0.25,28,5,2,3.435559233648099,2.7765735374369958,-0.2129620899690684,605,1.0
1,1,0.25,1,20,2,21.229103643726884,14.762916513898675,-0.3632546581690972,605,1.0
1,1,0.25,22,20,2,402.2908570940244,109.01972026535628,-1.3056465663796537,605,1.0
1,1,0.25,25,20,2,139.8336073956951,47.19986909156408,-1.0860620780549173,605,1.0
1,1,0.25,28,20,2,33.142980992853644,15.626735731618815,-0.7518476831809722,605,1.0
1,1,0.25,1,50,2,61.20455070086516,67.99246062288508,0.1051752812252077,605,1.0
1,1,0.25,22,50,2,1431.5821215125302,423.9984023575177,-1.216805803148071,605,1.0
1,1,0.25,25,50,2,476.1122403969876,73.88043929046468,-1.86320552427535,605,1.0
1,1,0.25,28,50,2,48.47981735619426,17.329193853227366,-1.0287549891164904,605,1.0
1,2,0.0,4,5,0,1.9749203986745565,1.9749203986745565,0.0,605,1.0
1,2,0.0,7,5,0,3.4673009279368183,3.4673009279368183,0.0,605,1.0
1,2,0.0,10,5,0,7.712668680083919,7.712668680083919,0.0,605,1.0
1,2,0.0,4,20,0,5.785590702451808,5.785590702451808,0.0,605,1.0
1,2,0.0,7,20,0,25.56719377399164,25.56719377399164,0.0,605,1.0
1,2,0.0,10,20,0,28.25303165851562,28.25303165851562,0.0,605,1.0
1,2,0.0,4,50,0,24.377097609720277,24.377097609720277,0.0,605,1.0
1,2,0.0,7,50,0,62.30270162585367,62.30270162585367,0.0,605,1.0
1,2,0.0,10,50,0,54.58619220550647,54.58619220550647,0.0,605,1.0
1,2,0.0,1,5,1,2.5089226000465072,1.8429605416051535,-0.3084801493970966,605,1.0
1,2,0.0,25,5,1,8.104163763643678,2.537885836718238,-1.1610465878088627,605,1.0
1,2,0.0,1,20,1,21.229103643726884,5.569842393137244,-1.3380062957422398,605,1.0
1,2,0.0,25,20,1,139.8336073956951,14.864721286375952,-2.241462490539651,605,1.0
1,2,0.0,1,50,1,61.20455070086516,31.525822764701267,-0.6634145642997386,605,1.0
1,2,0.0,25,50,1,476.1122403969876,65.5348402952555,-1.983071711458158,605,1.0
1,2,0.0,13,5,2,2.6333413036972853,9.756538477913631,1.30968417584783,605,1.0
1,2,0.0,16,5,2,4.133568984230337,5.302839013021251,0.249101145344619,605,1.0
1,2,0.0,19,5,2,11.969747615225511,5.356640542177586,-0.8040454205065006,605,1.0
1,2,0.0,22,5,2,25.025839201249635,18.37621631451754,-0.3088516222589608,605,1.0
1,2,0.0,28,5,2,3.435559233648099,11.943178179491468,1.245980534753375,605,1.0
1,2,0.0,13,20,2,21.315466367696235,159.96640048084473,2.0155308664201312,605,1.0
1,2,0.0,16,20,2,54.91329024549276,68.84864574787831,0.226155155185885,605,1.0
1,2,0.0,19,20,2,212.2816535006349,50.88838897004663,-1.4282791641759705,605,1.0
1,2,0.0,22,20,2,402.2908570940244,234.3990424407444,-0.5401503795663207,605,1.0
1,2,0.0,28,20,2,33.142980992853644,189.98721358451803,1.746125813515,605,1.0
1,2,0.0,13,50,2,133.77238193839688,335.1282580797592,0.9183736051209171,605,1.0
1,2,0.0,16,50,2,140.95318889610525,65.9376090618468,-0.7597188639238867,605,1.0
1,2,0.0,19,50,2,1244.5217111877016,139.29738812963672,-2.1898954367235,605,1.0
1,2,0.0,22,50,2,1431.5821215125302,486.9686872592593,-1.078335666541685,605,1.0
1,2,0.0,28,50,2,48.47981735619426,188.01113271135705,1.3553536032777616,605,1.0
1,2,0.1,4,5,0,1.9749203986745565,1.9749203986745565,0.0,605,1.0
1,2,0.1,7,5,0,3.4673009279368183,3.4673009279368183,0.0,605,1.0
1,2,0.1,10,5,0,7.712668680083919,7.712668680083919,0.0,605,1.0
1,2,0.1,4,20,0,5.785590702451808,5.785590702451808,0.0,605,1.0
1,2,0.1,7,20,0,25.56719377399164,25.56719377399164,0.0,605,1.0
1,2,0.1,10,20,0,28.25303165851562,28.25303165851562,0.0,605,1.0
1,2,0.1,4,50,0,24.377097609720277,24.377097609720277,0.0,605,1.0
1,2,0.1,7,50,0,62.30270162585367,62.30270162585367,0.0,605,1.0
1,2,0.1,10,50,0,54.58619220550647,54.58619220550647,0.0,605,1.0
1,2,0.1,1,5,1,2.5089226000465072,1.8429605416051535,-0.3084801493970966,605,1.0
1,2,0.1,25,5,1,8.104163763643678,2.537885836718238,-1.1610465878088627,605,1.0
1,2,0.1,1,20,1,21.229103643726884,5.569842393137244,-1.3380062957422398,605,1.0
1,2,0.1,25,20,1,139.8336073956951,14.864721286375952,-2.241462490539651,605,1.0
1,2,0.1,1,50,1,61.20455070086516,31.525822764701267,-0.6634145642997386,605,1.0
1,2,0.1,25,50,1,476.1122403969876,65.5348402952555,-1.983071711458158,605,1.0
1,2,0.1,13,5,2,2.6333413036972853,9.756538477913631,1.30968417584783,605,1.0
1,2,0.1,16,5,2,4.133568984230337,5.302839013021251,0.249101145344619,605,1.0
1,2,0.1,19,5,2,11.969747615225511,5.356640542177586,-0.8040454205065006,605,1.0
1,2,0.1,22,5,2,25.025839201249635,18.37621631451754,-0.3088516222589608,605,1.0
1,2,0.1,28,5,2,3.435559233648099,11.943178179491468,1.245980534753375,605,1.0
1,2,0.1,13,20,2,21.315466367696235,159.96640048084473,2.0155308664201312,605,1.0
1,2,0.1,16,20,2,54.91329024549276,68.84864574787831,0.226155155185885,605,1.0
1,2,0.1,19,20,2,212.2816535006349,50.88838897004663,-1.4282791641759705,605,1.0
1,2,0.1,22,20,2,402.2908570940244,234.3990424407444,-0.5401503795663207,605,1.0
1,2,0.1,28,20,2,33.142980992853644,189.98721358451803,1.746125813515,605,1.0
1,2,0.1,13,50,2,133.77238193839688,335.1282580797592,0.9183736051209171,605,1.0
1,2,0.1,16,50,2,140.95318889610525,65.9376090618468,-0.7597188639238867,605,1.0
1,2,0.1,19,50,2,1244.5217111877016,139.29738812963672,-2.1898954367235,605,1.0
1,2,0.1,22,50,2,1431.5821215125302,486.9686872592593,-1.078335666541685,605,1.0
1,2,0.1,28,50,2,48.47981735619426,188.01113271135705,1.3553536032777616,605,1.0
1,2,0.25,4,5,0,1.9749203986745565,1.9749203986745565,0.0,605,1.0
1,2,0.25,7,5,0,3.4673009279368183,3.4673009279368183,0.0,605,1.0
1,2,0.25,10,5,0,7.712668680083919,7.712668680083919,0.0,605,1.0
1,2,0.25,13,5,0,2.6333413036972853,2.6333413036972853,0.0,605,1.0
1,2,0.25,16,5,0,4.133568984230337,4.133568984230337,0.0,605,1.0
1,2,0.25,4,20,0,5.785590702451808,5.785590702451808,0.0,605,1.0
1,2,0.25,7,20,0,25.56719377399164,25.56719377399164,0.0,605,1.0
1,2,0.25,10,20,0,28.25303165851562,28.25303165851562,0.0,605,1.0
1,2,0.25,13,20,0,21.315466367696235,21.315466367696235,0.0,605,1.0
1,2,0.25,16,20,0,54.91329024549276,54.91329024549276,0.0,605,1.0
1,2,0.25,4,50,0,24.377097609720277,24.377097609720277,0.0,605,1.0
1,2,0.25,7,50,0,62.30270162585367,62.30270162585367,0.0,605,1.0
1,2,0.25,10,50,0,54.58619220550647,54.58619220550647,0.0,605,1.0
1,2,0.25,13,50,0,133.77238193839688,133.77238193839688,0.0,605,1.0
1,2,0.25,16,50,0,140.95318889610525,140.95318889610525,0.0,605,1.0
1,2,0.25,1,5,1,2.5089226000465072,1.8429605416051535,-0.3084801493970966,605,1.0
1,2,0.25,25,5,1,8.104163763643678,2.537885836718238,-1.1610465878088627,605,1.0
1,2,0.25,1,20,1,21.229103643726884,5.569842393137244,-1.3380062957422398,605,1.0
1,2,0.25,25,20,1,139.8336073956951,14.864721286375952,-2.241462490539651,605,1.0
1,2,0.25,1,50,1,61.20455070086516,31.525822764701267,-0.6634145642997386,605,1.0
1,2,0.25,25,50,1,476.1122403969876,65.5348402952555,-1.983071711458158,605,1.0
1,2,0.25,19,5,2,11.969747615225511,5.356640542177586,-0.8040454205065006,605,1.0
1,2,0.25,22,5,2,25.025839201249635,18.37621631451754,-0.3088516222589608,605,1.0
1,2,0.25,28,5,2,3.435559233648099,11.943178179491468,1.245980534753375,605,1.0
1,2,0.25,19,20,2,212.2816535006349,50.88838897004663,-1.4282791641759705,605,1.0
1,2,0.25,22,20,2,402.2908570940244,234.3990424407444,-0.5401503795663207,605,1.0
1,2,0.25,28,20,2,33.142980992853644,189.98721358451803,1.746125813515,605,1.0
1,2,0.25,19,50,2,1244.5217111877016,139.29738812963672,-2.1898954367235,605,1.0
1,2,0.25,22,50,2,1431.5821215125302,486.9686872592593,-1.078335666541685,605,1.0
1,2,0.25,28,50,2,48.47981735619426,188.01113271135705,1.3553536032777616,605,1.0
1,3,0.0,4,5,0,1.9749203986745565,1.9749203986745565,0.0,605,1.0
1,3,0.0,7,5,0,3.4673009279368183,3.4673009279368183,0.0,605,1.0
1,3,0.0,4,20,0,5.785590702451808,5.785590702451808,0.0,605,1.0
1,3,0.0,7,20,0,25.56719377399164,25.56719377399164,0.0,605,1.0
1,3,0.0,4,50,0,24.377097609720277,24.377097609720277,0.0,605,1.0
1,3,0.0,7,50,0,62.30270162585367,62.30270162585367,0.0,605,1.0
1,3,0.0,1,5,1,2.5089226000465072,2.293851712165667,-0.089621042967075,605,1.0
1,3,0.0,22,5,1,25.025839201249635,11.119103564498918,-0.8112441882849232,605,1.0
1,3,0.0,25,5,1,8.104163763643678,5.196252377249099,-0.4444403054190408,605,1.0
1,3,0.0,28,5,1,3.435559233648099,2.460570108136347,-0.3337866426095457,605,1.0
1,3,0.0,1,20,1,21.229103643726884,21.898497553036403,0.0310449759703102,605,1.0
1,3,0.0,22,20,1,402.2908570940244,83.9989132917801,-1.5663714903534145,605,1.0
1,3,0.0,25,20,1,139.8336073956951,60.37016535012433,-0.8399581654089419,605,1.0
1,3,0.0,28,20,1,33.142980992853644,10.341254948241913,-1.164689729439685,605,1.0
1,3,0.0,1,50,1,61.20455070086516,83.46454321174187,0.3102003648691752,605,1.0
1,3,0.0,22,50,1,1431.5821215125302,361.1975566305534,-1.37711043341698,605,1.0
1,3,0.0,25,50,1,476.1122403969876,95.7717347144193,-1.6036860288806134,605,1.0
1,3,0.0,28,50,1,48.47981735619426,20.058535222255877,-0.8824928143087396,605,1.0
1,3,0.0,10,5,2,7.712668680083919,4.025998990300471,-0.6500911835690233,605,1.0
1,3,0.0,13,5,2,2.6333413036972853,3.732487064332548,0.3488212872199143,605,1.0
1,3,0.0,16,5,2,4.133568984230337,2.313556755885936,-0.5803551330903601,605,1.0
1,3,0.0,19,5,2,11.969747615225511,4.20825293162922,-1.0453348536157416,605,1.0
1,3,0.0,10,20,2,28.25303165851562,10.675804604189125,-0.9732208381481878,605,1.0
1,3,0.0,13,20,2,21.315466367696235,37.6356733713778,0.5685194307182182,605,1.0
1,3,0.0,16,20,2,54.91329024549276,15.2846843104974,-1.278904098612872,605,1.0
1,3,0.0,19,20,2,212.2816535006349,45.479600137947,-1.5406500703709125,605,1.0
1,3,0.0,10,50,2,54.58619220550647,35.29400055603424,-0.4360679671843526,605,1.0
1,3,0.0,13,50,2,133.77238193839688,105.70902551468512,-0.2354494361115344,605,1.0
1,3,0.0,16,50,2,140.95318889610525,41.62186087223181,-1.2198023106355589,605,1.0
1,3,0.0,19,50,2,1244.5217111877016,221.3286072483071,-1.726858059580206,605,1.0
1,3,0.1,4,5,0,1.9749203986745565,1.9749203986745565,0.0,605,1.0
1,3,0.1,7,5,0,3.4673009279368183,3.4673009279368183,0.0,605,1.0
1,3,0.1,4,20,0,5.785590702451808,5.785590702451808,0.0,605,1.0
1,3,0.1,7,20,0,25.56719377399164,25.56719377399164,0.0,605,1.0
1,3,0.1,4,50,0,24.377097609720277,24.377097609720277,0.0,605,1.0
1,3,0.1,7,50,0,62.30270162585367,62.30270162585367,0.0,605,1.0
1,3,0.1,1,5,1,2.5089226000465072,2.293851712165667,-0.089621042967075,605,1.0
1,3,0.1,22,5,1,25.025839201249635,11.119103564498918,-0.8112441882849232,605,1.0
1,3,0.1,25,5,1,8.104163763643678,5.196252377249099,-0.4444403054190408,605,1.0
1,3,0.1,28,5,1,3.435559233648099,2.460570108136347,-0.3337866426095457,605,1.0
1,3,0.1,1,20,1,21.229103643726884,21.898497553036403,0.0310449759703102,605,1.0
1,3,0.1,22,20,1,402.2908570940244,83.9989132917801,-1.5663714903534145,605,1.0
1,3,0.1,25,20,1,139.8336073956951,60.37016535012433,-0.8399581654089419,605,1.0
1,3,0.1,28,20,1,33.142980992853644,10.341254948241913,-1.164689729439685,605,1.0
1,3,0.1,1,50,1,61.20455070086516,83.46454321174187,0.3102003648691752,605,1.0
1,3,0.1,22,50,1,1431.5821215125302,361.1975566305534,-1.37711043341698,605,1.0
1,3,0.1,25,50,1,476.1122403969876,95.7717347144193,-1.6036860288806134,605,1.0
1,3,0.1,28,50,1,48.47981735619426,20.058535222255877,-0.8824928143087396,605,1.0
1,3,0.1,10,5,2,7.712668680083919,4.025998990300471,-0.6500911835690233,605,1.0
1,3,0.1,13,5,2,2.6333413036972853,3.732487064332548,0.3488212872199143,605,1.0
1,3,0.1,16,5,2,4.133568984230337,2.313556755885936,-0.5803551330903601,605,1.0
1,3,0.1,19,5,2,11.969747615225511,4.20825293162922,-1.0453348536157416,605,1.0
1,3,0.1,10,20,2,28.25303165851562,10.675804604189125,-0.9732208381481878,605,1.0
1,3,0.1,13,20,2,21.315466367696235,37.6356733713778,0.5685194307182182,605,1.0
1,3,0.1,16,20,2,54.91329024549276,15.2846843104974,-1.278904098612872,605,1.0
1,3,0.1,19,20,2,212.2816535006349,45.479600137947,-1.5406500703709125,605,1.0
1,3,0.1,10,50,2,54.58619220550647,35.29400055603424,-0.4360679671843526,605,1.0
1,3,0.1,13,50,2,133.77238193839688,105.70902551468512,-0.2354494361115344,605,1.0
1,3,0.1,16,50,2,140.95318889610525,41.62186087223181,-1.2198023106355589,605,1.0
1,3,0.1,19,50,2,1244.5217111877016,221.3286072483071,-1.726858059580206,605,1.0
1,3,0.25,4,5,0,1.9749203986745565,1.9749203986745565,0.0,605,1.0
1,3,0.25,7,5,0,3.4673009279368183,3.4673009279368183,0.0,605,1.0
1,3,0.25,10,5,0,7.712668680083919,7.712668680083919,0.0,605,1.0
1,3,0.25,13,5,0,2.6333413036972853,2.6333413036972853,0.0,605,1.0
1,3,0.25,4,20,0,5.785590702451808,5.785590702451808,0.0,605,1.0
1,3,0.25,7,20,0,25.56719377399164,25.56719377399164,0.0,605,1.0
1,3,0.25,10,20,0,28.25303165851562,28.25303165851562,0.0,605,1.0
1,3,0.25,13,20,0,21.315466367696235,21.315466367696235,0.0,605,1.0
1,3,0.25,4,50,0,24.377097609720277,24.377097609720277,0.0,605,1.0
1,3,0.25,7,50,0,62.30270162585367,62.30270162585367,0.0,605,1.0
1,3,0.25,10,50,0,54.58619220550647,54.58619220550647,0.0,605,1.0
1,3,0.25,13,50,0,133.77238193839688,133.77238193839688,0.0,605,1.0
1,3,0.25,1,5,1,2.5089226000465072,2.293851712165667,-0.089621042967075,605,1.0
1,3,0.25,22,5,1,25.025839201249635,11.119103564498918,-0.8112441882849232,605,1.0
1,3,0.25,25,5,1,8.104163763643678,5.196252377249099,-0.4444403054190408,605,1.0
1,3,0.25,28,5,1,3.435559233648099,2.460570108136347,-0.3337866426095457,605,1.0
1,3,0.25,1,20,1,21.229103643726884,21.898497553036403,0.0310449759703102,605,1.0
1,3,0.25,22,20,1,402.2908570940244,83.9989132917801,-1.5663714903534145,605,1.0
1,3,0.25,25,20,1,139.8336073956951,60.37016535012433,-0.8399581654089419,605,1.0
1,3,0.25,28,20,1,33.142980992853644,10.341254948241913,-1.164689729439685,605,1.0
1,3,0.25,1,50,1,61.20455070086516,83.46454321174187,0.3102003648691752,605,1.0
1,3,0.25,22,50,1,1431.5821215125302,361.1975566305534,-1.37711043341698,605,1.0
1,3,0.25,25,50,1,476.1122403969876,95.7717347144193,-1.6036860288806134,605,1.0
1,3,0.25,28,50,1,48.47981735619426,20.058535222255877,-0.8824928143087396,605,1.0
1,3,0.25,16,5,2,4.133568984230337,2.313556755885936,-0.5803551330903601,605,1.0
1,3,0.25,19,5,2,11.969747615225511,4.20825293162922,-1.0453348536157416,605,1.0
1,3,0.25,16,20,2,54.91329024549276,15.2846843104974,-1.278904098612872,605,1.0
1,3,0.25,19,20,2,212.2816535006349,45.479600137947,-1.5406500703709125,605,1.0
1,3,0.25,16,50,2,140.95318889610525,41.62186087223181,-1.2198023106355589,605,1.0
1,3,0.25,19,50,2,1244.5217111877016,221.3286072483071,-1.726858059580206,605,1.0
1,4,0.0,4,5,0,1.9749203986745565,1.9749203986745565,0.0,605,1.0
1,4,0.0,7,5,0,3.4673009279368183,3.4673009279368183,0.0,605,1.0
1,4,0.0,4,20,0,5.785590702451808,5.785590702451808,0.0,605,1.0
1,4,0.0,7,20,0,25.56719377399164,25.56719377399164,0.0,605,1.0
1,4,0.0,4,50,0,24.377097609720277,24.377097609720277,0.0,605,1.0
1,4,0.0,7,50,0,62.30270162585367,62.30270162585367,0.0,605,1.0
1,4,0.0,1,5,1,2.5089226000465072,6.780423790809738,0.9941861880348386,605,1.0
1,4,0.0,22,5,1,25.025839201249635,5.551175781967248,-1.5058991012270249,605,1.0
1,4,0.0,25,5,1,8.104163763643678,33.81964387500254,1.4286638389063833,605,1.0
1,4,0.0,28,5,1,3.435559233648099,13.584592744651816,1.3747565471398728,605,1.0
1,4,0.0,1,20,1,21.229103643726884,58.69332683686912,1.0169529842506766,605,1.0
1,4,0.0,22,20,1,402.2908570940244,37.04364567204488,-2.3850785219047066,605,1.0
1,4,0.0,25,20,1,139.8336073956951,283.2187481072077,0.7057663634131403,605,1.0
1,4,0.0,28,20,1,33.142980992853644,122.67017003824014,1.308668249729981,605,1.0
1,4,0.0,1,50,1,61.20455070086516,34.119954185491444,-0.5843391647350097,605,1.0
1,4,0.0,22,50,1,1431.5821215125302,83.72481858918306,-2.839000038416384,605,1.0
1,4,0.0,25,50,1,476.1122403969876,177.08739186851676,-0.9890102754937008,605,1.0
1,4,0.0,28,50,1,48.47981735619426,55.54582707165125,0.1360608186929457,605,1.0
1,4,0.0,10,5,2,7.712668680083919,8.204490539878032,0.0618173711998837,605,1.0
1,4,0.0,13,5,2,2.6333413036972853,2.034128721410868,-0.258185917034041,605,1.0
1,4,0.0,16,5,2,4.133568984230337,2.678730715105883,-0.4337981260656534,605,1.0
1,4,0.0,19,5,2,11.969747615225511,7.69230903035396,-0.4421614320985586,605,1.0
1,4,0.0,10,20,2,28.25303165851562,32.57586177155409,0.1423708104785488,605,1.0
1,4,0.0,13,20,2,21.315466367696235,7.069103681216394,-1.1036992356579038,605,1.0
1,4,0.0,16,20,2,54.91329024549276,17.007843444060892,-1.1720807834769529,605,1.0
1,4,0.0,19,20,2,212.2816535006349,92.00094579547492,-0.8361150897911802,605,1.0
1,4,0.0,10,50,2,54.58619220550647,61.91160103115247,0.1259266170597286,605,1.0
1,4,0.0,13,50,2,133.77238193839688,58.16602958589441,-0.8328382131352056,605,1.0
1,4,0.0,16,50,2,140.95318889610525,102.48168563527511,-0.3187437357265829,605,1.0
1,4,0.0,19,50,2,1244.5217111877016,684.4631570202168,-0.5978717487468778,605,1.0
1,4,0.1,4,5,0,1.9749203986745565,1.9749203986745565,0.0,605,1.0
1,4,0.1,7,5,0,3.4673009279368183,3.4673009279368183,0.0,605,1.0
1,4,0.1,13,5,0,2.6333413036972853,2.6333413036972853,0.0,605,1.0
1,4,0.1,4,20,0,5.785590702451808,5.785590702451808,0.0,605,1.0
1,4,0.1,7,20,0,25.56719377399164,25.56719377399164,0.0,605,1.0
1,4,0.1,13,20,0,21.315466367696235,21.315466367696235,0.0,605,1.0
1,4,0.1,4,50,0,24.377097609720277,24.377097609720277,0.0,605,1.0
1,4,0.1,7,50,0,62.30270162585367,62.30270162585367,0.0,605,1.0
1,4,0.1,13,50,0,133.77238193839688,133.77238193839688,0.0,605,1.0
1,4,0.1,1,5,1,2.5089226000465072,6.780423790809738,0.9941861880348386,605,1.0
1,4,0.1,22,5,1,25.025839201249635,5.551175781967248,-1.5058991012270249,605,1.0
1,4,0.1,25,5,1,8.104163763643678,33.81964387500254,1.4286638389063833,605,1.0
1,4,0.1,28,5,1,3.435559233648099,13.584592744651816,1.3747565471398728,605,1.0
1,4,0.1,1,20,1,21.229103643726884,58.69332683686912,1.0169529842506766,605,1.0
1,4,0.1,22,20,1,402.2908570940244,37.04364567204488,-2.3850785219047066,605,1.0
1,4,0.1,25,20,1,139.8336073956951,283.2187481072077,0.7057663634131403,605,1.0
1,4,0.1,28,20,1,33.142980992853644,122.67017003824014,1.308668249729981,605,1.0
1,4,0.1,1,50,1,61.20455070086516,34.119954185491444,-0.5843391647350097,605,1.0
1,4,0.1,22,50,1,1431.5821215125302,83.72481858918306,-2.839000038416384,605,1.0
1,4,0.1,25,50,1,476.1122403969876,177.08739186851676,-0.9890102754937008,605,1.0
1,4,0.1,28,50,1,48.47981735619426,55.54582707165125,0.1360608186929457,605,1.0
1,4,0.1,10,5,2,7.712668680083919,8.204490539878032,0.0618173711998837,605,1.0
1,4,0.1,16,5,2,4.133568984230337,2.678730715105883,-0.4337981260656534,605,1.0
1,4,0.1,19,5,2,11.969747615225511,7.69230903035396,-0.4421614320985586,605,1.0
1,4,0.1,10,20,2,28.25303165851562,32.57586177155409,0.1423708104785488,605,1.0
1,4,0.1,16,20,2,54.91329024549276,17.007843444060892,-1.1720807834769529,605,1.0
1,4,0.1,19,20,2,212.2816535006349,92.00094579547492,-0.8361150897911802,605,1.0
1,4,0.1,10,50,2,54.58619220550647,61.91160103115247,0.1259266170597286,605,1.0
1,4,0.1,16,50,2,140.95318889610525,102.48168563527511,-0.3187437357265829,605,1.0
1,4,0.1,19,50,2,1244.5217111877016,684.4631570202168,-0.5978717487468778,605,1.0
1,4,0.25,4,5,0,1.9749203986745565,1.9749203986745565,0.0,605,1.0
1,4,0.25,7,5,0,3.4673009279368183,3.4673009279368183,0.0,605,1.0
1,4,0.25,13,5,0,2.6333413036972853,2.6333413036972853,0.0,605,1.0
1,4,0.25,4,20,0,5.785590702451808,5.785590702451808,0.0,605,1.0
1,4,0.25,7,20,0,25.56719377399164,25.56719377399164,0.0,605,1.0
1,4,0.25,13,20,0,21.315466367696235,21.315466367696235,0.0,605,1.0
1,4,0.25,4,50,0,24.377097609720277,24.377097609720277,0.0,605,1.0
1,4,0.25,7,50,0,62.30270162585367,62.30270162585367,0.0,605,1.0
1,4,0.25,13,50,0,133.77238193839688,133.77238193839688,0.0,605,1.0
1,4,0.25,1,5,1,2.5089226000465072,6.780423790809738,0.9941861880348386,605,1.0
1,4,0.25,22,5,1,25.025839201249635,5.551175781967248,-1.5058991012270249,605,1.0
1,4,0.25,25,5,1,8.104163763643678,33.81964387500254,1.4286638389063833,605,1.0
1,4,0.25,28,5,1,3.435559233648099,13.584592744651816,1.3747565471398728,605,1.0
1,4,0.25,1,20,1,21.229103643726884,58.69332683686912,1.0169529842506766,605,1.0
1,4,0.25,22,20,1,402.2908570940244,37.04364567204488,-2.3850785219047066,605,1.0
1,4,0.25,25,20,1,139.8336073956951,283.2187481072077,0.7057663634131403,605,1.0
1,4,0.25,28,20,1,33.142980992853644,122.67017003824014,1.308668249729981,605,1.0
1,4,0.25,1,50,1,61.20455070086516,34.119954185491444,-0.5843391647350097,605,1.0
1,4,0.25,22,50,1,1431.5821215125302,83.72481858918306,-2.839000038416384,605,1.0
1,4,0.25,25,50,1,476.1122403969876,177.08739186851676,-0.9890102754937008,605,1.0
1,4,0.25,28,50,1,48.47981735619426,55.54582707165125,0.1360608186929457,605,1.0
1,4,0.25,10,5,2,7.712668680083919,8.204490539878032,0.0618173711998837,605,1.0
1,4,0.25,16,5,2,4.133568984230337,2.678730715105883,-0.4337981260656534,605,1.0
1,4,0.25,19,5,2,11.969747615225511,7.69230903035396,-0.4421614320985586,605,1.0
1,4,0.25,10,20,2,28.25303165851562,32.57586177155409,0.1423708104785488,605,1.0
1,4,0.25,16,20,2,54.91329024549276,17.007843444060892,-1.1720807834769529,605,1.0
1,4,0.25,19,20,2,212.2816535006349,92.00094579547492,-0.8361150897911802,605,1.0
1,4,0.25,10,50,2,54.58619220550647,61.91160103115247,0.1259266170597286,605,1.0
1,4,0.25,16,50,2,140.95318889610525,102.48168563527511,-0.3187437357265829,605,1.0
1,4,0.25,19,50,2,1244.5217111877016,684.4631570202168,-0.5978717487468778,605,1.0
1,5,0.0,1,5,0,2.5089226000465072,2.5089226000465072,0.0,605,1.0
1,5,0.0,4,5,0,1.9749203986745565,1.9749203986745565,0.0,605,1.0
1,5,0.0,25,5,0,8.104163763643678,8.104163763643678,0.0,605,1.0
1,5,0.0,28,5,0,3.435559233648099,3.435559233648099,0.0,605,1.0
1,5,0.0,1,20,0,21.229103643726884,21.229103643726884,0.0,605,1.0
1,5,0.0,4,20,0,5.785590702451808,5.785590702451808,0.0,605,1.0
1,5,0.0,25,20,0,139.8336073956951,139.8336073956951,0.0,605,1.0
1,5,0.0,28,20,0,33.142980992853644,33.142980992853644,0.0,605,1.0
1,5,0.0,1,50,0,61.20455070086516,61.20455070086516,0.0,605,1.0
1,5,0.0,4,50,0,24.377097609720277,24.377097609720277,0.0,605,1.0
1,5,0.0,25,50,0,476.1122403969876,476.1122403969876,0.0,605,1.0
1,5,0.0,28,50,0,48.47981735619426,48.47981735619426,0.0,605,1.0
1,5,0.0,10,5,1,7.712668680083919,7.300519996183437,-0.0549186820205377,605,1.0
1,5,0.0,13,5,1,2.6333413036972853,2.358614086176656,-0.1101793026030857,605,1.0
1,5,0.0,16,5,1,4.133568984230337,2.339448373268896,-0.5692260309717486,605,1.0
1,5,0.0,19,5,1,11.969747615225511,5.001433721146256,-0.8726578190110307,605,1.0
1,5,0.0,10,20,1,28.25303165851562,31.60798579571806,0.112209036539909,605,1.0
1,5,0.0,13,20,1,21.315466367696235,14.603514689261102,-0.3781706978823893,605,1.0
1,5,0.0,16,20,1,54.91329024549276,9.35771004615337,-1.7695547928246964,605,1.0
1,5,0.0,19,20,1,212.2816535006349,38.18094530389605,-1.7155773700436867,605,1.0
1,5,0.0,10,50,1,54.58619220550647,59.50645564775482,0.0863038441879148,605,1.0
1,5,0.0,13,50,1,133.77238193839688,76.92978128164948,-0.5532466389874412,605,1.0
1,5,0.0,16,50,1,140.95318889610525,66.65173411040251,-0.748946777164605,605,1.0
1,5,0.0,19,50,1,1244.5217111877016,317.45780896169526,-1.3661616430240466,605,1.0
1,5,0.0,7,5,2,3.4673009279368183,5.919121163969555,0.5348115251177954,605,1.0
1,5,0.0,22,5,2,25.025839201249635,8.680221739074419,-1.0588617848322035,605,1.0
1,5,0.0,7,20,2,25.56719377399164,36.41345050771317,0.3536281893623941,605,1.0
1,5,0.0,22,20,2,402.2908570940244,89.10170595398336,-1.5073968713076018,605,1.0
1,5,0.0,7,50,2,62.30270162585367,24.14739262543253,-0.9478283811848864,605,1.0
1,5,0.0,22,50,2,1431.5821215125302,223.29904643668652,-1.858023601835053,605,1.0
1,5,0.1,1,5,0,2.5089226000465072,2.5089226000465072,0.0,605,1.0
1,5,0.1,4,5,0,1.9749203986745565,1.9749203986745565,0.0,605,1.0
1,5,0.1,13,5,0,2.6333413036972853,2.6333413036972853,0.0,605,1.0
1,5,0.1,25,5,0,8.104163763643678,8.104163763643678,0.0,605,1.0
1,5,0.1,28,5,0,3.435559233648099,3.435559233648099,0.0,605,1.0
1,5,0.1,1,20,0,21.229103643726884,21.229103643726884,0.0,605,1.0
1,5,0.1,4,20,0,5.785590702451808,5.785590702451808,0.0,605,1.0
1,5,0.1,13,20,0,21.315466367696235,21.315466367696235,0.0,605,1.0
1,5,0.1,25,20,0,139.8336073956951,139.8336073956951,0.0,605,1.0
1,5,0.1,28,20,0,33.142980992853644,33.142980992853644,0.0,605,1.0
1,5,0.1,1,50,0,61.20455070086516,61.20455070086516,0.0,605,1.0
1,5,0.1,4,50,0,24.377097609720277,24.377097609720277,0.0,605,1.0
1,5,0.1,13,50,0,133.77238193839688,133.77238193839688,0.0,605,1.0
1,5,0.1,25,50,0,476.1122403969876,476.1122403969876,0.0,605,1.0
1,5,0.1,28,50,0,48.47981735619426,48.47981735619426,0.0,605,1.0
1,5,0.1,10,5,1,7.712668680083919,7.300519996183437,-0.0549186820205377,605,1.0
1,5,0.1,16,5,1,4.133568984230337,2.339448373268896,-0.5692260309717486,605,1.0
1,5,0.1,19,5,1,11.969747615225511,5.001433721146256,-0.8726578190110307,605,1.0
1,5,0.1,10,20,1,28.25303165851562,31.60798579571806,0.112209036539909,605,1.0
1,5,0.1,16,20,1,54.91329024549276,9.35771004615337,-1.7695547928246964,605,1.0
1,5,0.1,19,20,1,212.2816535006349,38.18094530389605,-1.7155773700436867,605,1.0
1,5,0.1,10,50,1,54.58619220550647,59.50645564775482,0.0863038441879148,605,1.0
1,5,0.1,16,50,1,140.95318889610525,66.65173411040251,-0.748946777164605,605,1.0
1,5,0.1,19,50,1,1244.5217111877016,317.45780896169526,-1.3661616430240466,605,1.0
1,5,0.1,7,5,2,3.4673009279368183,5.919121163969555,0.5348115251177954,605,1.0
1,5,0.1,22,5,2,25.025839201249635,8.680221739074419,-1.0588617848322035,605,1.0
1,5,0.1,7,20,2,25.56719377399164,36.41345050771317,0.3536281893623941,605,1.0
1,5,0.1,22,20,2,402.2908570940244,89.10170595398336,-1.5073968713076018,605,1.0
1,5,0.1,7,50,2,62.30270162585367,24.14739262543253,-0.9478283811848864,605,1.0
1,5,0.1,22,50,2,1431.5821215125302,223.29904643668652,-1.858023601835053,605,1.0
1,5,0.25,1,5,0,2.5089226000465072,2.5089226000465072,0.0,605,1.0
1,5,0.25,4,5,0,1.9749203986745565,1.9749203986745565,0.0,605,1.0
1,5,0.25,13,5,0,2.6333413036972853,2.6333413036972853,0.0,605,1.0
1,5,0.25,25,5,0,8.104163763643678,8.104163763643678,0.0,605,1.0
1,5,0.25,28,5,0,3.435559233648099,3.435559233648099,0.0,605,1.0
1,5,0.25,1,20,0,21.229103643726884,21.229103643726884,0.0,605,1.0
1,5,0.25,4,20,0,5.785590702451808,5.785590702451808,0.0,605,1.0
1,5,0.25,13,20,0,21.315466367696235,21.315466367696235,0.0,605,1.0
1,5,0.25,25,20,0,139.8336073956951,139.8336073956951,0.0,605,1.0
1,5,0.25,28,20,0,33.142980992853644,33.142980992853644,0.0,605,1.0
1,5,0.25,1,50,0,61.20455070086516,61.20455070086516,0.0,605,1.0
1,5,0.25,4,50,0,24.377097609720277,24.377097609720277,0.0,605,1.0
1,5,0.25,13,50,0,133.77238193839688,133.77238193839688,0.0,605,1.0
1,5,0.25,25,50,0,476.1122403969876,476.1122403969876,0.0,605,1.0
1,5,0.25,28,50,0,48.47981735619426,48.47981735619426,0.0,605,1.0
1,5,0.25,10,5,1,7.712668680083919,7.300519996183437,-0.0549186820205377,605,1.0
1,5,0.25,16,5,1,4.133568984230337,2.339448373268896,-0.5692260309717486,605,1.0
1,5,0.25,19,5,1,11.969747615225511,5.001433721146256,-0.8726578190110307,605,1.0
1,5,0.25,10,20,1,28.25303165851562,31.60798579571806,0.112209036539909,605,1.0
1,5,0.25,16,20,1,54.91329024549276,9.35771004615337,-1.7695547928246964,605,1.0
1,5,0.25,19,20,1,212.2816535006349,38.18094530389605,-1.7155773700436867,605,1.0
1,5,0.25,10,50,1,54.58619220550647,59.50645564775482,0.0863038441879148,605,1.0
1,5,0.25,16,50,1,140.95318889610525,66.65173411040251,-0.748946777164605,605,1.0
1,5,0.25,19,50,1,1244.5217111877016,317.45780896169526,-1.3661616430240466,605,1.0
1,5,0.25,7,5,2,3.4673009279368183,5.919121163969555,0.5348115251177954,605,1.0
1,5,0.25,22,5,2,25.025839201249635,8.680221739074419,-1.0588617848322035,605,1.0
1,5,0.25,7,20,2,25.56719377399164,36.41345050771317,0.3536281893623941,605,1.0
1,5,0.25,22,20,2,402.2908570940244,89.10170595398336,-1.5073968713076018,605,1.0
1,5,0.25,7,50,2,62.30270162585367,24.14739262543253,-0.9478283811848864,605,1.0
1,5,0.25,22,50,2,1431.5821215125302,223.29904643668652,-1.858023601835053,605,1.0
